ticker,name,daily_pct,one_month_pct,rs_sts_spy,rs_sts_qqq,ibd_rs,sector,industry
NVDA,NVIDIA Corporation,-0.03,-3.0,49,43,64,Technology,Semiconductors
AAPL,Apple Inc,1.75,8.85,100,100,77,Technology,Computer Manufacturing
AVGO,Broadcom Inc,0.32,-13.36,25,22,28,Technology,Semiconductors
META,Meta Platforms Inc,0.57,8.92,94,96,42,Technology,Computer Software: Programming Data Processing
AMD,Advanced Micro Devices,2.49,6.86,91,94,97,Technology,Semiconductors
ASMLF,ASML Holding N.V.,0.27,-8.26,26,24,85,Technology,Semiconductor Equipment & Materials
XOM,ExxonMobil Holdings Corporation,0.46,5.33,94,91,79,Energy,Integrated oil Companies
TCTZF,Tencent Holdings Limited,2.4,-0.83,22,21,9,Communication Services,Internet Content & Information
MA,Mastercard Incorporated,0.68,0.38,29,33,57,Consumer Discretionary,Business Services
LRCX,Lam Research Corporation,0.07,-11.51,20,16,92,Technology,Industrial Machinery/Components
PLTR,Palantir Technologies Inc.,0.83,-6.58,0,0,58,Technology,Computer Software: Prepackaged Software
CVX,Chevron Corporation,0.61,9.22,97,97,79,Energy,Integrated oil Companies
AMAT,"Applied Materials, Inc.",0.55,-14.51,26,25,92,Technology,Semiconductors
KO,The Coca-Cola Company,0.52,1.0,37,39,69,Consumer Staples,Beverages (Production/Distribution)
RHHBY,Roche Holding AG,-0.83,-4.94,0,0,56,Healthcare,Drug Manufacturers - General
RHHBF,Roche Holding AG,0.0,-5.02,0,0,51,Healthcare,Drug Manufacturers - General
ACGBY,Agricultural Bank of China Limited,0.49,9.07,74,71,64,Financial Services,Banks - Diversified
BABAF,Alibaba Group Holding Limited,-0.64,-4.08,13,9,10,Consumer Cyclical,Internet Retail
CYATY,"Contemporary Amperex Technology Co., Limited",-1.53,-16.3,0,0,13,Industrials,Electrical Equipment & Parts
CICHY,China Construction Bank Corporation,0.0,10.54,93,93,74,Financial Services,Banks - Diversified
CICHF,China Construction Bank Corporation,-4.84,-0.84,49,47,66,Financial Services,Banks - Diversified
SFTBF,SoftBank Group Corp.,0.65,20.19,98,99,20,Communication Services,Telecom Services
NVS,Novartis AG,-0.23,-9.6,0,0,29,Health Care,Biotechnology: Pharmaceutical Preparations
SFTBY,SoftBank Group Corp.,2.07,20.61,98,100,87,Communication Services,Telecom Services
NVSEF,Novartis AG,-0.13,-12.75,0,0,35,Healthcare,Drug Manufacturers - General
BACHY,Bank of China Limited,1.7,14.39,100,95,81,Financial Services,Banks - Diversified
KLAC,KLA Corporation,1.95,-13.62,30,29,77,Technology,Electronic Components
TOYOF,Toyota Motor Corporation,3.18,4.98,93,85,38,Consumer Cyclical,Auto Manufacturers
LRLCF,L'Oréal S.A.,4.07,1.58,59,57,37,Consumer Defensive,Household & Personal Products
SMAWF,Siemens Aktiengesellschaft,1.11,-6.0,2,2,53,Industrials,Specialty Industrial Machinery
PANW,"Palo Alto Networks, Inc.",-2.32,-16.5,5,0,92,Technology,Computer peripheral equipment
BHP,BHP Group Limited,-0.23,2.09,28,29,82,Energy,Coal Mining
AXP,American Express Company,1.24,-5.52,14,17,36,Finance,Finance: Consumer Services
SAP,SAP SE,0.2,-1.4,11,17,48,Technology,Computer Software: Prepackaged Software
APP,AppLovin Corporation,3.01,3.61,100,100,3,Technology,Computer Software: Programming Data Processing
ADI,"Analog Devices, Inc.",4.85,-0.32,81,91,72,Technology,Semiconductors
HESAF,Hermès International Société en commandite par actions,-1.21,-8.78,0,0,7,Consumer Cyclical,Luxury Goods
CMWAY,Commonwealth Bank of Australia,1.48,-5.34,13,11,38,Financial Services,Banks - Diversified
PEP,"PepsiCo, Inc.",-0.24,-2.02,13,22,26,Consumer Staples,Beverages (Production/Distribution)
IDEXF,"Industria de Diseño Textil, S.A.",1.2,-2.88,28,27,51,Consumer Cyclical,Apparel Retail
ABLZF,ABB Ltd,-2.13,-5.67,24,18,61,Industrials,Electrical Equipment & Parts
RIO,Rio Tinto Group,0.57,4.03,47,46,76,Basic Materials,Metal Mining
TMO,Thermo Fisher Scientific Inc.,1.1,2.34,58,57,77,Industrials,Industrial Machinery/Components
AMGN,Amgen Inc.,-1.34,-9.16,0,0,66,Health Care,Biotechnology: Biological Products (No Diagnostic Substances)
RTPPF,Rio Tinto Group,-0.36,1.86,29,31,75,Basic Materials,Other Industrial Metals & Mining
DIS,The Walt Disney Company,0.69,1.67,48,49,42,Consumer Discretionary,Services-Misc. Amusement & Recreation
TJX,"The TJX Companies, Inc.",-0.32,-18.07,0,1,10,Consumer Discretionary,Clothing/Shoe/Accessory Stores
ALIZY,Allianz SE,0.61,1.33,48,50,75,Financial Services,Insurance - Diversified
EADSY,Airbus SE,1.8,-6.02,22,20,56,Industrials,Aerospace & Defense
SMEGF,Siemens Energy AG,-1.17,-11.42,16,13,58,Industrials,Specialty Industrial Machinery
DTEGY,Deutsche Telekom AG,2.03,0.82,45,42,35,Communication Services,Telecom Services
FRCOF,"Fast Retailing Co., Ltd.",1.38,-6.57,17,17,53,Consumer Cyclical,Apparel Retail
GLW,Corning Incorporated,2.01,5.16,83,88,90,Industrials,Telecommunications Equipment
SHOP,Shopify Inc.,1.73,-18.76,6,8,37,Technology,Computer Software: Prepackaged Software
IBDSF,"Iberdrola, S.A.",0.86,0.34,65,53,52,Utilities,Utilities - Diversified
RYCEY,Rolls-Royce Holdings plc,1.97,-4.61,14,13,73,Industrials,Aerospace & Defense
TOELY,Tokyo Electron Limited,2.11,-10.35,16,12,88,Technology,Semiconductor Equipment & Materials
SAFRY,Safran SA,2.49,-7.29,18,23,59,Industrials,Aerospace & Defense
HTHIY,"Hitachi, Ltd.",3.01,-5.08,51,53,63,Industrials,Conglomerates
WELL,Welltower Inc.,-0.04,0.5,40,42,72,Real Estate,Real Estate Investment Trusts
UBER,"Uber Technologies, Inc.",-1.23,-5.55,5,7,21,Consumer Discretionary,Business Services
CIHHF,"China Merchants Bank Co., Ltd.",0.0,17.79,87,88,56,Financial Services,Banks - Regional
DBSDY,DBS Group Holdings Ltd,0.37,3.1,71,71,88,Financial Services,Banks - Regional
COP,ConocoPhillips,0.23,11.04,94,94,83,Energy,Integrated oil Companies
PLDGP,"Prologis, Inc.",-0.1,-0.8,53,33,31,Real Estate,REIT - Industrial
BBVXF,"Banco Bilbao Vizcaya Argentaria, S.A.",1.24,-0.41,81,74,89,Financial Services,Banks - Diversified
BTAFF,British American Tobacco p.l.c.,4.34,-0.42,51,43,31,Consumer Defensive,Tobacco
BKNG,Booking Holdings Inc.,0.01,-18.28,1,3,27,Consumer Discretionary,Transportation Services
NOW,"ServiceNow, Inc.",1.04,4.15,52,53,46,Technology,Computer Software: Prepackaged Software
CFRUY,Compagnie Financière Richemont SA,1.14,-10.93,2,2,48,Consumer Cyclical,Luxury Goods
IFNNF,Infineon Technologies AG,6.61,-6.06,64,65,80,Technology,Semiconductors
IFNNY,Infineon Technologies AG,5.1,-5.69,56,60,79,Technology,Semiconductors
KYCCF,Keyence Corporation,1.96,-8.38,16,19,77,Technology,Scientific & Technical Instruments
VRT,Vertiv Holdings Co,3.6,-10.45,17,17,72,Technology,Industrial Machinery/Components
PDD,PDD Holdings Inc.,-0.04,-7.56,0,0,9,Technology,EDP Services
ENNPF,Enbridge Inc.,0.0,1.07,99,83,52,Energy,Oil & Gas Midstream
ZIJMF,Zijin Mining Group Company Limited,-5.26,1.35,20,23,58,Basic Materials,Gold
ENB,Enbridge Inc.,-0.95,-5.6,0,0,24,Energy,Natural Gas Distribution
ADTTF,Advantest Corporation,-1.45,-6.85,25,23,95,Technology,Semiconductor Equipment & Materials
NEM,Newmont Corporation,0.53,11.28,60,57,85,Basic Materials,Precious Metals
BMY,Bristol-Myers Squibb Company,-0.17,-1.56,16,21,73,Health Care,Biotechnology: Pharmaceutical Preparations
CVS,CVS Health Corporation,-0.66,-0.35,44,40,63,Consumer Staples,Retail-Drug Stores and Proprietary Stores
ACN,Accenture plc,3.37,3.03,69,67,22,Consumer Discretionary,Business Services
ENLAY,Enel SpA,0.29,-7.61,4,6,38,Utilities,Utilities - Diversified
PGR,The Progressive Corporation,0.66,4.19,71,67,43,Finance,Property-Casualty Insurers
AAGIY,AIA Group Limited,0.71,4.46,73,73,32,Financial Services,Insurance - Life
BP,BP p.l.c.,0.04,8.96,92,92,72,Energy,Integrated oil Companies
PH,Parker-Hannifin Corporation,1.7,-10.08,8,8,57,Industrials,Metal Fabrications
BPAQF,BP p.l.c.,-3.52,4.38,68,68,63,Energy,Oil & Gas Integrated
ZFSVF,Zurich Insurance Group AG,0.0,-2.74,8,19,36,Financial Services,Insurance - Diversified
CEG,Constellation Energy Corporation,-0.43,2.35,58,60,32,Utilities,Electric Utilities: Central
HWM,Howmet Aerospace Inc.,0.75,-18.81,0,0,41,Industrials,Metal Fabrications
BAMGF,Brookfield Corporation,0.0,0.0,100,90,56,Financial Services,Asset Management
FTNT,"Fortinet, Inc.",-1.75,-5.66,25,23,93,Technology,Computer peripheral equipment
CME,CME Group Inc.,0.54,3.6,53,54,42,Finance,Investment Bankers/Brokers/Service
FDX,FedEx Corporation,0.06,-8.06,8,12,74,Consumer Discretionary,Air Freight/Delivery Services
SHECY,"Shin-Etsu Chemical Co., Ltd.",2.01,-6.42,32,32,42,Basic Materials,Chemicals
AXAHY,AXA SA,0.3,-2.87,22,16,61,Financial Services,Insurance - Diversified
MDT,Medtronic plc,-0.72,0.42,41,42,48,Health Care,Biotechnology: Electromedical & Electrotherapeutic Apparatus
CHDRF,Christian Dior SE,0.0,-12.32,12,9,11,Consumer Cyclical,Luxury Goods
ESLOY,EssilorLuxottica Société anonyme,0.6,-10.0,0,0,4,Healthcare,Medical Instruments & Supplies
ITOCF,ITOCHU Corporation,-3.11,14.08,70,71,8,Industrials,Conglomerates
MITSY,"Mitsui & Co., Ltd.",1.81,7.88,99,98,60,Industrials,Conglomerates
SBKFF,State Bank of India,0.0,-8.11,26,17,31,Financial Services,Banks - Regional
INGVF,ING Groep N.V.,0.0,4.64,91,90,88,Financial Services,Banks - Diversified
AEM,Agnico Eagle Mines Limited,1.87,11.34,43,43,71,Basic Materials,Precious Metals
UPS,"United Parcel Service, Inc.",0.31,-3.47,14,18,48,Industrials,Trucking Freight/Courier Services
PROSF,Prosus N.V.,0.0,-4.13,2,5,10,Consumer Cyclical,Internet Retail
ATLPF,Atlas Copco AB (publ),0.0,-1.84,0,7,78,Industrials,Specialty Industrial Machinery
ATLCY,Atlas Copco AB (publ),1.01,-5.69,20,5,59,Industrials,Specialty Industrial Machinery
CMI,Cummins Inc.,1.22,-11.52,19,16,47,Industrials,Industrial Machinery/Components
MGCLY,"Midea Group Co., Ltd.",0.4,2.75,87,81,65,Consumer Cyclical,"Furnishings, Fixtures & Appliances"
ADP,"Automatic Data Processing, Inc.",0.99,-2.26,30,36,64,Industrials,Diversified Commercial Services
ING,ING Groep N.V.,1.64,4.69,100,100,89,Finance,Commercial Banks
BCMXY,"Bank of Communications Co., Ltd.",0.0,-2.41,54,48,60,Financial Services,Banks - Diversified
AMT,American Tower Corporation,2.82,2.1,91,77,30,Real Estate,Real Estate Investment Trusts
SNPMF,China Petroleum & Chemical Corporation,0.0,10.71,88,90,60,Energy,Oil & Gas Integrated
MNST,Monster Beverage Corporation,0.72,-7.03,8,10,59,Consumer Staples,Beverages (Production/Distribution)
NET,"Cloudflare, Inc.",-1.49,-7.35,80,81,88,Technology,Computer Software: Prepackaged Software
USB,U.S. Bancorp,0.69,-3.58,47,45,72,Finance,Major Banks
WM,"Waste Management, Inc.",-0.17,-4.37,0,0,30,Utilities,Environmental Services
BCLYF,Barclays PLC,7.87,0.0,72,77,77,Financial Services,Banks - Diversified
AMXOF,"América Móvil, S.A.B. de C.V.",-7.3,-8.47,0,0,72,Communication Services,Telecom Services
OVCHY,Oversea-Chinese Banking Corporation Limited,0.99,3.41,72,71,94,Financial Services,Banks - Regional
NABZY,National Australia Bank Limited,1.39,-4.69,38,43,38,Financial Services,Banks - Diversified
CHGCY,"Chugai Pharmaceutical Co., Ltd.",1.17,-7.45,4,4,12,Healthcare,Drug Manufacturers - General
NXPI,NXP Semiconductors N.V.,4.48,2.03,100,100,33,Technology,Semiconductors
LLDTF,Lloyds Banking Group plc,0.67,3.45,10,13,80,Financial Services,Banks - Regional
RACE,Ferrari N.V.,1.26,0.36,32,34,56,Industrials,Auto Manufacturing
BAESF,BAE Systems plc,-1.57,-15.93,0,0,34,Industrials,Aerospace & Defense
NTTYY,"NTT, Inc.",0.53,13.37,97,97,66,Communication Services,Telecom Services
MMM,3M Company,1.3,-9.28,5,5,49,Health Care,Medical/Dental Instruments
EPD,Enterprise Products Partners L.P.,-1.09,2.31,57,58,65,Utilities,Natural Gas Distribution
MCO,Moody's Corporation,1.62,-2.55,9,15,44,Finance,Finance: Consumer Services
AMX,"América Móvil, S.A.B. de C.V.",0.04,-1.85,1,0,32,Telecommunications,Telecommunications Equipment
MRSH,"Marsh & McLennan Companies, Inc.",-0.21,-6.24,0,2,37,Finance,Specialty Insurers
ENGQF,Engie SA,-3.24,-11.59,12,6,36,Utilities,Utilities - Diversified
ANZGY,ANZ Group Holdings Limited,3.18,0.71,74,64,62,Financial Services,Banks - Diversified
SHW,The Sherwin-Williams Company,1.85,-10.37,10,10,34,Consumer Discretionary,RETAIL: Building Materials
APO,"Apollo Global Management, Inc.",0.84,-9.79,0,0,40,Finance,Investment Managers
VLO,Valero Energy Corporation,1.29,13.85,100,100,97,Energy,Integrated oil Companies
CL,Colgate-Palmolive Company,-1.25,-6.6,0,0,42,Consumer Discretionary,Package Goods/Cosmetics
ORLY,"O'Reilly Automotive, Inc.",0.36,-7.3,2,5,20,Consumer Discretionary,Auto & Home Supply Stores
B,Barrick Mining Corporation,0.51,7.18,37,37,66,Basic Materials,Precious Metals
EOG,"EOG Resources, Inc.",-0.07,4.21,56,57,70,Energy,Oil & Gas Production
PSX,Phillips 66,0.37,12.14,94,96,95,Energy,Integrated oil Companies
F,Ford Motor Company,0.65,0.58,47,49,55,Industrials,Auto Manufacturing
TRP,TC Energy Corporation,-1.66,-3.58,0,0,39,Utilities,Natural Gas Distribution
KMI,"Kinder Morgan, Inc.",-0.29,-3.8,0,0,47,Utilities,Natural Gas Distribution
AEP,"American Electric Power Company, Inc.",-0.11,-1.64,50,41,41,Utilities,Electric Utilities: Central
CTAS,Cintas Corporation,1.54,0.66,49,48,52,Industrials,Garments and Clothing
VALE,Vale S.A.,-0.33,10.36,79,75,70,Basic Materials,Metal Mining
WBD,"Warner Bros. Discovery, Inc.",-0.57,1.05,38,40,79,Consumer Discretionary,Services-Misc. Amusement & Recreation
MSI,"Motorola Solutions, Inc.",0.49,0.24,34,38,57,Technology,Radio And Television Broadcasting And Communications Equipment
DHLGY,DHL AG,0.38,-0.62,36,40,74,Industrials,Integrated Freight & Logistics
SPG,"Simon Property Group, Inc.",0.08,-6.52,0,4,53,Real Estate,Real Estate Investment Trusts
DPSTF,DHL AG,0.8,1.11,38,39,71,Industrials,Integrated Freight & Logistics
WFAFY,Wesfarmers Limited,-0.04,-14.68,0,0,22,Consumer Cyclical,Home Improvement Retail
HKXCY,Hong Kong Exchanges and Clearing Limited,-0.38,-1.55,6,18,36,Financial Services,Financial Data & Stock Exchanges
FIX,"Comfort Systems USA, Inc.",6.29,-2.13,52,54,88,Industrials,Engineering & Construction
MFC,Manulife Financial Corporation,0.02,-0.15,69,56,77,Finance,Life Insurance
MQBKY,Macquarie Group Limited,0.33,-3.49,15,0,71,Financial Services,Capital Markets
TEL,TE Connectivity plc,3.58,-0.91,84,99,37,Technology,Electronic Components
APD,"Air Products and Chemicals, Inc.",-0.76,-4.61,0,0,54,Basic Materials,Major Chemicals
RSG,"Republic Services, Inc.",0.75,3.49,90,81,44,Utilities,Environmental Services
STMEF,STMicroelectronics N.V.,0.0,-6.31,41,37,87,Technology,Semiconductors
WPM,Wheaton Precious Metals Corp.,2.08,17.04,71,69,84,Basic Materials,Precious Metals
TFC,Truist Financial Corporation,0.14,-3.95,35,34,53,Finance,Major Banks
CRWV,"CoreWeave, Inc.",-0.15,-16.28,34,33,24,Technology,Computer Software: Prepackaged Software
D,"Dominion Energy, Inc.",-1.06,-5.15,0,0,47,Utilities,Electric Utilities: Central
LHX,"L3Harris Technologies, Inc.",-1.14,-14.47,0,0,10,Industrials,Industrial Machinery/Components
TER,"Teradyne, Inc.",2.57,-7.47,44,44,95,Industrials,Electrical Products
CRARY,Crédit Agricole S.A.,0.84,-7.01,28,31,67,Financial Services,Banks - Regional
GWW,"W.W. Grainger, Inc.",0.67,-3.13,0,6,65,Industrials,Office Equipment/Supplies/Services
RELX,RELX PLC,-0.06,-2.51,19,23,24,Consumer Discretionary,Business Services
MPNGY,Meituan,1.06,-15.89,1,1,16,Consumer Cyclical,Internet Retail
TGT,Target Corporation,0.06,0.21,31,33,90,Consumer Discretionary,Department/Specialty Retail Stores
THLLY,Thales S.A.,0.81,-15.19,0,3,25,Industrials,Aerospace & Defense
O,Realty Income Corporation,-0.12,-5.07,0,0,36,Real Estate,Real Estate Investment Trusts
RLXXF,RELX PLC,0.0,4.51,18,22,23,Industrials,Specialty Business Services
THLEF,Thales S.A.,1.81,-16.39,16,17,29,Industrials,Aerospace & Defense
SSUMF,Sumitomo Corporation,0.0,2.45,88,90,1,Industrials,Conglomerates
STRF,Strategy Inc,0.07,7.94,92,92,51,Technology,Computer Software: Prepackaged Software
STRK,Strategy Inc,-0.01,13.57,84,86,41,Technology,Computer Software: Prepackaged Software
ANFGF,Antofagasta plc,-3.88,-3.6,32,32,69,Basic Materials,Copper
MPLX,MPLX LP,0.35,1.73,75,86,62,Energy,Natural Gas Distribution
CMPGF,Compass Group PLC,0.82,-7.14,35,38,26,Consumer Cyclical,Restaurants
FNCTF,Orange S.A.,-1.97,-3.22,15,14,30,Communication Services,Telecom Services
CMPGY,Compass Group PLC,0.13,-5.54,52,43,28,Consumer Cyclical,Restaurants
FKURF,Fujikura Ltd.,-3.39,0.28,79,81,99,Industrials,Conglomerates
VWAGY,Volkswagen AG,-0.21,10.14,82,85,19,Consumer Cyclical,Auto Manufacturers
DAL,"Delta Air Lines, Inc.",2.13,-12.48,29,27,67,Consumer Discretionary,Air Freight/Delivery Services
SCGLY,Société Générale Société anonyme,1.64,-9.55,40,44,65,Financial Services,Banks - Regional
MET,"MetLife, Inc.",0.37,-0.34,79,65,76,Finance,Life Insurance
ALL,The Allstate Corporation,0.76,-2.19,18,19,75,Finance,Property-Casualty Insurers
OKE,"ONEOK, Inc.",0.94,4.3,88,91,74,Utilities,Oil & Gas Production
GWLIF,Great-West Lifeco Inc.,1.47,3.32,100,100,88,Financial Services,Insurance - Life
CTVA,"Corteva, Inc.",-0.7,10.94,60,59,65,Consumer Staples,Farming/Seeds/Milling
BAMXF,Bayerische Motoren Werke Aktiengesellschaft,-0.93,17.39,90,90,10,Consumer Cyclical,Auto Manufacturers
CBRS,Cerebras Systems Inc.,0.31,-16.92,25,24,5,Technology,Semiconductors
CVE,Cenovus Energy Inc.,-0.69,8.2,83,84,92,Energy,Oil & Gas Production
SDVKF,Sandvik AB (publ),0.0,2.9,53,59,65,Industrials,Specialty Industrial Machinery
ARGNF,argenx SE,0.0,16.39,100,97,76,Healthcare,Biotechnology
ARGX,argenx SE,0.04,14.87,68,66,71,Health Care,Biotechnology: Biological Products (No Diagnostic Substances)
BFFAF,BASF SE,-6.92,-1.7,11,17,58,Basic Materials,Chemicals
MCHP,Microchip Technology Incorporated,3.66,-3.92,35,34,39,Technology,Semiconductors
NTDOF,"Nintendo Co., Ltd.",2.17,0.57,16,18,18,Communication Services,Electronic Gaming & Multimedia
SDVKY,Sandvik AB (publ),0.66,6.98,61,60,67,Industrials,Specialty Industrial Machinery
EA,Electronic Arts Inc,0.0,0.38,1,11,35,Consumer Discretionary,Services-Misc. Amusement & Recreation
TTDKF,TDK Corporation,0.0,2.89,45,41,98,Technology,Electronic Components
CTPCF,CITIC Limited,0.0,0.0,65,65,12,Industrials,Conglomerates
ETR,Entergy Corporation,-0.38,-1.48,23,15,49,Utilities,Electric Utilities: Central
EW,Edwards Lifesciences Corporation,-2.77,-8.85,0,0,37,Health Care,Industrial Specialties
DRPRY,Dr. Ing. h.c. F. Porsche AG,-0.19,2.39,68,64,39,Consumer Cyclical,Auto Manufacturers
CCJ,Cameco Corporation,-0.76,-1.09,9,9,37,Basic Materials,Other Metals and Minerals
TTDKY,TDK Corporation,2.6,-9.56,26,30,57,Technology,Electronic Components
FER,Ferrovial N.V.,1.17,-12.96,2,2,16,Industrials,Military/Government/Technical
CRZBY,Commerzbank AG,2.98,8.55,100,100,82,Financial Services,Banks - Regional
AMSYF,ArcelorMittal S.A.,0.0,0.0,65,65,87,Basic Materials,Steel
UOVEF,United Overseas Bank Limited,0.0,-9.35,10,7,67,Financial Services,Banks - Regional
MDLN,Medline Inc.,0.43,-8.57,0,0,11,Health Care,Medical/Dental Instruments
RWNFF,RWE Aktiengesellschaft,-1.41,-0.9,65,62,76,Utilities,Utilities - Diversified
LNG,"Cheniere Energy, Inc.",0.18,4.45,45,46,72,Utilities,Oil/Gas Transmission
LGRVF,Legrand SA,0.0,8.28,91,92,45,Industrials,Electrical Equipment & Parts
FANUF,Fanuc Corporation,0.41,-8.07,52,52,36,Industrials,Specialty Industrial Machinery
CAH,"Cardinal Health, Inc.",-0.61,1.44,33,27,71,Health Care,Other Pharmaceuticals
DGEAF,Diageo plc,-0.05,-8.67,4,6,42,Consumer Defensive,Beverages - Wineries & Distilleries
BIDU,"Baidu, Inc.",0.89,-12.69,7,8,8,Technology,Computer Software: Programming Data Processing
GPDNF,Danone S.A.,-1.19,-7.86,0,0,15,Consumer Defensive,Packaged Foods
ERIXF,Telefonaktiebolaget LM Ericsson (publ),0.0,1.63,49,56,26,Technology,Communication Equipment
LGRDY,Legrand SA,1.55,0.37,65,66,46,Industrials,Electrical Equipment & Parts
CODYY,Compagnie de Saint-Gobain S.A.,0.24,-15.93,0,0,1,Industrials,Building Products & Equipment
GFS,GLOBALFOUNDRIES Inc.,2.15,-10.89,31,29,32,Technology,Semiconductors
LZAGF,Lonza Group AG,1.07,-6.7,2,1,38,Healthcare,Diagnostics & Research
CLS,Celestica Inc.,6.56,-0.31,100,100,55,Technology,Electrical Products
CODGF,Compagnie de Saint-Gobain S.A.,-5.32,-17.07,0,0,16,Industrials,Building Products & Equipment
ASTS,"AST SpaceMobile, Inc.",-0.08,-16.3,27,26,14,Consumer Discretionary,Telecommunications Equipment
ANYYY,"Aena S.M.E., S.A.",0.14,-8.08,0,0,40,Industrials,Airports & Air Services
CNSWY,Constellation Software Inc.,-1.14,-9.95,0,0,10,Technology,Software - Application
STT,State Street Corporation,1.1,1.87,100,89,90,Finance,Major Banks
HEINY,Heineken N.V.,-1.07,-4.63,0,0,43,Consumer Defensive,Beverages - Brewers
VTR,"Ventas, Inc.",-0.5,-0.33,10,15,63,Real Estate,Real Estate Investment Trusts
WOPEF,Woodside Energy Group Ltd,8.58,8.82,100,100,85,Energy,Oil & Gas E&P
WDS,Woodside Energy Group Ltd,-0.84,6.46,72,78,79,Energy,Oil & Gas Production
TTWO,"Take-Two Interactive Software, Inc.",-0.69,-10.93,12,15,27,Consumer Discretionary,Services-Misc. Amusement & Recreation
PPCCY,PICC Property and Casualty Company Limited,-0.02,9.62,83,82,53,Financial Services,Insurance - Property & Casualty
SWDBY,Swedbank AB (publ),0.68,0.18,89,83,78,Financial Services,Banks - Regional
HOCFF,HOCHTIEF Aktiengesellschaft,2.79,-7.76,27,27,70,Industrials,Engineering & Construction
BAYZF,Bayer Aktiengesellschaft,0.0,3.46,79,72,89,Healthcare,Drug Manufacturers - General
SWDBF,Swedbank AB (publ),-0.66,-3.7,27,28,68,Financial Services,Banks - Regional
YUM,"Yum! Brands, Inc.",-2.1,-6.15,0,0,25,Consumer Discretionary,Restaurants
TEVA,Teva Pharmaceutical Industries Limited,2.04,1.56,56,53,84,Health Care,Biotechnology: Pharmaceutical Preparations
RBGPF,Reckitt Benckiser Group plc,0.41,-4.65,3,14,31,Consumer Defensive,Household & Personal Products
CCEP,Coca-Cola Europacific Partners PLC,-0.11,-4.38,0,0,54,Consumer Staples,Beverages (Production/Distribution)
CCI,Crown Castle Inc.,2.37,-0.15,70,61,13,Real Estate,Real Estate Investment Trusts
SSEZF,SSE plc,0.0,-0.87,74,74,66,Utilities,Utilities - Diversified
MSADY,"MS&AD Insurance Group Holdings, Inc.",4.61,9.92,100,100,82,Financial Services,Insurance - Property & Casualty
HSY,The Hershey Company,-0.59,-6.15,8,7,24,Consumer Staples,Specialty Foods
RBGLY,Reckitt Benckiser Group plc,-0.8,-2.64,11,20,36,Consumer Defensive,Household & Personal Products
PEG,Public Service Enterprise Group Incorporated,-0.12,-3.79,20,13,21,Utilities,Power Generation
CCL,Carnival Corporation Ltd.,1.25,-19.95,2,2,12,Consumer Discretionary,Marine Transportation
JBL,Jabil Inc.,5.05,-14.1,28,28,66,Technology,Electrical Products
TRI,Thomson Reuters Corporation,1.71,-7.62,6,6,28,Consumer Discretionary,Publishing
LNVGF,Lenovo Group Limited,-0.73,-7.29,68,70,98,Technology,Computer Hardware
IRM,Iron Mountain Incorporated,2.02,-9.03,21,17,58,Real Estate,Real Estate Investment Trusts
EQBBF,EQT AB (publ),0.0,-1.0,77,62,66,Financial Services,Asset Management
SSEZY,SSE plc,0.25,-1.87,18,13,56,Utilities,Utilities - Diversified
MSADF,"MS&AD Insurance Group Holdings, Inc.",0.0,-3.12,33,30,70,Financial Services,Insurance - Property & Casualty
STLD,"Steel Dynamics, Inc.",1.14,-7.96,57,60,80,Industrials,Steel/Iron Ore
KMTUY,Komatsu Ltd.,-0.93,1.17,77,74,74,Industrials,Farm & Heavy Construction Machinery
PBCRF,PT Bank Central Asia Tbk,0.0,5.86,93,93,57,Financial Services,Banks - Regional
EME,"EMCOR Group, Inc.",4.32,-6.08,40,43,56,Industrials,Engineering & Construction
FJTSY,Fujitsu Limited,0.2,2.9,93,92,49,Technology,Information Technology Services
WEGZY,WEG S.A.,-1.58,9.59,81,82,78,Industrials,Electrical Equipment & Parts
JPPHY,"Japan Post Holdings Co., Ltd.",14.22,16.9,100,100,89,Financial Services,Banks - Regional
PPRUF,Kering SA,0.0,-13.62,0,0,20,Consumer Cyclical,Luxury Goods
WEC,"WEC Energy Group, Inc.",-0.02,-3.66,4,0,28,Utilities,Power Generation
FINMF,Leonardo S.p.a.,-3.82,-15.17,7,8,21,Industrials,Aerospace & Defense
KMTUF,Komatsu Ltd.,-5.13,3.41,62,61,77,Industrials,Farm & Heavy Construction Machinery
PCG,PG&E Corporation,-1.64,-20.96,11,11,13,Utilities,Power Generation
VODPF,Vodafone Group Public Limited Company,-3.53,-0.61,67,69,73,Communication Services,Telecom Services
HMC,"Honda Motor Co., Ltd.",2.85,4.23,66,64,63,Industrials,Auto Manufacturing
ADDDF,adidas AG,0.0,-10.83,9,7,17,Consumer Cyclical,Footwear & Accessories
BKHPF,Bank Hapoalim B.M.,0.0,20.1,100,100,76,Financial Services,Banks - Regional
TEVJF,Teva Pharmaceutical Industries Limited,0.0,0.0,65,65,92,Healthcare,Drug Manufacturers - Specialty & Generic
AMKAF,A.P. Møller - Mærsk A/S,-1.76,18.89,81,82,87,Industrials,Marine Shipping
DLMAF,Dollarama Inc.,-1.09,-12.4,0,0,14,Consumer Defensive,Discount Stores
CBOE,"Cboe Global Markets, Inc.",-2.24,-3.84,9,5,44,Finance,Investment Bankers/Brokers/Service
HIG,"The Hartford Insurance Group, Inc.",-0.32,-0.62,40,45,48,Finance,Property-Casualty Insurers
PAYX,"Paychex, Inc.",0.54,-7.66,6,10,60,Industrials,Diversified Commercial Services
BBD,Banco Bradesco S.A.,0.56,14.42,98,98,56,Finance,Major Banks
SMPNY,"Sompo Holdings, Inc.",3.94,0.41,87,97,77,Financial Services,Insurance - Property & Casualty
NTAP,"NetApp, Inc.",8.54,-2.79,80,78,93,Technology,Electronic Components
DNZOF,DENSO Corporation,-6.88,-9.65,0,0,18,Consumer Cyclical,Auto Parts
GVDNY,Givaudan SA,-0.22,-3.42,2,8,33,Basic Materials,Specialty Chemicals
TRAUF,Transurban Group,0.0,-7.5,64,62,41,Industrials,Infrastructure Operations
CHT,"Chunghwa Telecom Co., Ltd.",0.72,6.08,98,98,48,Telecommunications,Telecommunications Equipment
BKHYY,Bank Hapoalim B.M.,1.79,2.15,84,92,67,Financial Services,Banks - Regional
RVMD,"Revolution Medicines, Inc.",0.21,0.88,17,23,98,Health Care,Biotechnology: Biological Products (No Diagnostic Substances)
KVUE,Kenvue Inc.,-0.06,-7.4,0,3,40,Consumer Discretionary,Specialty Chemicals
HBANZ,Huntington Bancshares Incorporated,0.0,-1.75,59,32,25,Finance,Major Banks
CSLLY,CSL Limited,-0.83,25.18,85,84,78,Healthcare,Biotechnology
NTR,Nutrien Ltd.,-0.37,16.27,82,83,74,Industrials,Agricultural Chemicals
ROP,"Roper Technologies, Inc.",-0.02,-2.26,8,16,40,Technology,Computer Software: Programming Data Processing
HVRRF,Hannover Rück SE,0.0,0.0,100,90,50,Financial Services,Insurance - Reinsurance
BMPSY,Banca Monte dei Paschi di Siena S.p.A.,1.64,-0.79,89,88,77,Financial Services,Banks - Regional
HVRRY,Hannover Rück SE,0.68,1.23,27,28,49,Financial Services,Insurance - Reinsurance
HAL,Halliburton Company,-0.64,9.64,56,53,64,Energy,Oilfield Services/Equipment
TCKRF,Teck Resources Limited,0.0,3.18,66,63,86,Basic Materials,Other Industrial Metals & Mining
EL,The Estée Lauder Companies Inc.,0.67,11.6,64,65,54,Consumer Discretionary,Package Goods/Cosmetics
RPRX,Royalty Pharma plc,-0.24,0.49,16,21,84,Health Care,Biotechnology: Pharmaceutical Preparations
GASNY,"Naturgy Energy Group, S.A.",0.0,0.59,63,59,60,Utilities,Utilities - Regulated Gas
PUTRY,PTT Public Company Limited,0.0,4.23,100,100,62,Energy,Oil & Gas Integrated
CKHGY,Capitec Limited,0.0,-5.34,0,0,71,Financial Services,Banks - Regional
KBGGY,Kongsberg Gruppen ASA,0.5,-6.24,3,8,32,Industrials,Aerospace & Defense
ACGLN,Arch Capital Group Ltd.,-0.32,-4.09,12,0,26,Finance,Property-Casualty Insurers
SVNDF,"Seven & i Holdings Co., Ltd.",0.0,0.55,92,86,50,Consumer Defensive,Grocery Stores
TCOM,Trip.com Group Limited,0.83,-13.33,0,0,4,Consumer Discretionary,Business Services
EXPGY,Experian plc,0.56,-3.41,10,13,32,Industrials,Consulting Services
SZLMY,Swiss Life Holding AG,0.3,-2.52,0,0,49,Financial Services,Insurance - Diversified
NTRSO,Northern Trust Corporation,-0.27,-0.54,27,36,30,Finance,Major Banks
HENOF,Henkel AG & Co. KGaA,-10.62,-10.62,0,0,33,Consumer Defensive,Household & Personal Products
EXR,Extra Space Storage Inc.,0.87,-7.87,14,18,33,Real Estate,Real Estate Investment Trusts
WOLWF,Woolworths Group Limited,0.0,-0.66,82,68,85,Consumer Defensive,Grocery Stores
VICI,VICI Properties Inc.,0.4,-5.73,0,0,16,Real Estate,Real Estate Investment Trusts
EXPGF,Experian plc,-0.77,-4.89,0,0,24,Industrials,Consulting Services
EC,Ecopetrol S.A.,-1.77,3.14,74,74,91,Energy,Oil & Gas Production
AEE,Ameren Corporation,-0.05,-3.19,11,0,39,Utilities,Power Generation
ZM,"Zoom Communications, Inc.",0.12,-12.99,14,10,59,Technology,Computer Software: Programming Data Processing
VEOEY,Veolia Environnement SA,0.11,-7.88,0,0,35,Industrials,Waste Management
CNC,Centene Corporation,1.56,0.58,76,70,93,Health Care,Medical Specialities
SWSDF,Swiss Life Holding AG,0.0,-5.98,37,26,45,Financial Services,Insurance - Diversified
MITEF,"Mitsubishi Estate Co., Ltd.",0.0,0.47,70,72,27,Real Estate,Real Estate - Diversified
DASTF,Dassault Systèmes SE,0.0,-3.75,5,3,32,Technology,Software - Application
RSNHF,"Resona Holdings, Inc.",1.67,6.43,79,79,89,Financial Services,Banks - Regional
DUAVF,Dassault Aviation société anonyme,4.76,-10.57,35,32,30,Industrials,Aerospace & Defense
GBOOF,"Grupo Financiero Banorte, S.A.B. de C.V.",-3.51,3.22,61,59,64,Financial Services,Banks - Regional
ARES,Ares Management Corporation,0.77,-11.92,0,0,32,Finance,Investment Managers
DOV,Dover Corporation,0.9,-8.28,2,0,26,Industrials,Industrial Machinery/Components
GEHC,GE HealthCare Technologies Inc.,-0.48,-13.36,0,0,18,Health Care,Medical Electronics
ATO,Atmos Energy Corporation,-0.98,-3.4,0,0,29,Utilities,Oil/Gas Transmission
BRDCF,Bridgestone Corporation,0.0,-1.66,14,15,16,Consumer Cyclical,Auto Parts
SKFOF,Sika AG,-2.26,-2.66,29,19,69,Basic Materials,Specialty Chemicals
FTS,Fortis Inc.,-0.2,-2.69,3,0,41,Utilities,Electric Utilities: Central
IR,Ingersoll Rand Inc.,-0.22,-13.47,0,0,25,Industrials,Industrial Machinery/Components
IMBBY,Imperial Brands PLC,0.81,-3.93,45,42,14,Consumer Defensive,Tobacco
MTSI,"MACOM Technology Solutions Holdings, Inc.",0.91,-10.47,27,26,78,Technology,Semiconductors
IPXHF,Inpex Corporation,0.0,17.79,95,95,71,Energy,Oil & Gas E&P
CNP,"CenterPoint Energy, Inc.",-0.03,-2.81,26,17,29,Utilities,Electric Utilities: Central
ALPMF,Astellas Pharma Inc.,2.59,17.84,75,72,69,Healthcare,Drug Manufacturers - General
BPERF,BPER Banca SpA,0.0,5.11,65,61,72,Financial Services,Banks - Regional
ICTEF,"International Container Terminal Services, Inc.",-1.0,-1.06,94,92,1,Industrials,Marine Shipping
TTNDF,Techtronic Industries Company Limited,-3.57,-14.69,23,21,76,Industrials,Tools & Accessories
BAP,Credicorp Ltd.,-0.41,0.74,73,62,76,Finance,Commercial Banks
SMCAY,SMC Corporation,4.33,-7.9,49,50,72,Industrials,Specialty Industrial Machinery
TPL,Texas Pacific Land Corporation,0.82,6.53,56,56,42,Energy,Oil & Gas Production
PBA,Pembina Pipeline Corporation,-1.1,-2.25,7,8,59,Energy,Oil & Gas Production
HRSHF,"Haier Smart Home Co., Ltd.",0.0,-10.53,0,0,20,Consumer Cyclical,"Furnishings, Fixtures & Appliances"
NVZMY,Novozymes A/S,0.53,3.72,35,37,60,Basic Materials,Specialty Chemicals
IONQ,"IonQ, Inc.",-0.24,-18.3,0,0,8,Technology,EDP Services
FE,FirstEnergy Corp.,-0.26,-1.52,32,23,39,Utilities,Electric Utilities: Central
BESIY,BE Semiconductor Industries N.V.,3.1,-19.43,8,9,48,Technology,Semiconductor Equipment & Materials
PPL,PPL Corporation,-0.38,-3.69,25,22,29,Utilities,Electric Utilities: Central
STRL,"Sterling Infrastructure, Inc.",5.4,-7.61,39,40,64,Industrials,Military/Government/Technical
CAJFF,Canon Inc.,0.0,0.24,64,67,55,Technology,Computer Hardware
NWWCF,New China Life Insurance Company Ltd.,-5.49,-4.9,35,34,94,Financial Services,Insurance - Life
CEBCF,China Everbright Bank Company Limited,0.0,-14.63,3,6,56,Financial Services,Banks - Regional
JBHT,"J.B. Hunt Transport Services, Inc.",0.98,-4.2,57,62,84,Industrials,Trucking Freight/Courier Services
VRSN,"VeriSign, Inc.",1.34,2.24,98,91,60,Technology,EDP Services
YZCHF,Yankuang Energy Group Company Limited,0.0,2.01,80,83,30,Energy,Thermal Coal
HLVTY,Helvetia Baloise Holding AG,0.0,0.0,100,90,61,Financial Services,Insurance - Diversified
ES,Eversource Energy,-0.68,-5.12,0,0,40,Utilities,Electric Utilities: Central
LUNMF,Lundin Mining Corporation,-3.21,-3.71,0,0,75,Basic Materials,Copper
FOX,Fox Corporation,0.67,1.1,24,25,40,Industrials,Broadcasting
AVB,AvalonBay Communities Inc,2.02,1.47,57,55,32,Real Estate,Real Estate Investment Trusts
CLPHF,CLP Holdings Limited,0.0,0.4,35,31,56,Utilities,Utilities - Regulated Electric
AIVAF,Aviva plc,0.0,9.82,63,61,62,Financial Services,Insurance - Diversified
XPO,"XPO, Inc.",-0.09,-13.69,0,0,47,Consumer Discretionary,Transportation Services
HUBB,Hubbell Incorporated,1.77,-8.93,27,25,38,Technology,Electrical Products
HPQ,HP Inc.,8.4,14.46,100,100,92,Technology,Computer Manufacturing
HXGBY,Hexagon AB (publ),0.53,-3.12,0,0,54,Technology,Scientific & Technical Instruments
ILMN,"Illumina, Inc.",2.57,7.17,50,50,94,Health Care,Medical Specialities
EQR,Equity Residential,0.0,-7.74,7,17,21,Real Estate,Real Estate Investment Trusts
OMVJF,OMV Aktiengesellschaft,1.03,10.87,100,100,90,Energy,Oil & Gas Integrated
DG,Dollar General Corporation,1.29,2.05,43,47,49,Consumer Discretionary,Department/Specialty Retail Stores
DOW,Dow Inc.,-2.06,-3.27,0,0,39,Industrials,Major Chemicals
BNTX,BioNTech SE,0.34,5.0,24,26,44,Health Care,Biotechnology: Biological Products (No Diagnostic Substances)
QBIEY,QBE Insurance Group Limited,3.0,-1.49,92,80,59,Financial Services,Insurance - Property & Casualty
AIPUY,Airports of Thailand Public Company Limited,0.0,16.15,95,93,90,Industrials,Airports & Air Services
BNCZF,Banco BPM S.p.A.,0.0,19.53,100,94,91,Financial Services,Banks - Regional
FMXUF,"Fomento Económico Mexicano, S.A.B. de C.V.",0.0,-6.83,13,9,65,Consumer Defensive,Beverages - Brewers
PAAS,Pan American Silver Corp.,-0.61,6.8,50,50,54,Basic Materials,Precious Metals
NHYDY,Norsk Hydro ASA,-3.55,1.49,14,20,51,Basic Materials,Aluminum
STZ,"Constellation Brands, Inc.",-1.1,-10.19,10,11,14,Consumer Staples,Beverages (Production/Distribution)
RF,Regions Financial Corporation,0.6,-3.87,40,36,61,Finance,Major Banks
HALMY,Halma plc,1.23,-2.92,58,58,30,Industrials,Conglomerates
WRB,W. R. Berkley Corporation,-0.21,-0.81,78,77,43,Finance,Property-Casualty Insurers
OLCLY,"Oriental Land Co., Ltd.",-2.14,7.26,63,67,67,Consumer Cyclical,Leisure
BCEFF,BCE Inc.,0.0,0.0,100,90,53,Communication Services,Telecom Services
CCOZF,China Coal Energy Company Limited,0.0,-5.32,36,32,24,Energy,Thermal Coal
BCE,BCE Inc.,0.6,0.3,38,41,32,Telecommunications,Telecommunications Equipment
DRI,"Darden Restaurants, Inc.",1.14,-6.09,4,5,49,Consumer Discretionary,Restaurants
OEZVY,VERBUND AG,0.0,12.38,88,85,36,Utilities,Utilities - Renewable
MTNOY,MTN Group Limited,1.12,6.3,81,85,72,Communication Services,Telecom Services
SQM,Sociedad Química y Minera de Chile S.A.,-3.6,-1.31,0,0,59,Industrials,Mining & Quarrying of Nonmetallic Minerals (No Fuels)
TELNF,Telenor ASA,3.24,5.73,80,74,24,Communication Services,Telecom Services
UNPRF,Uniper SE,3.84,13.28,100,100,78,Utilities,Utilities - Regulated Gas
VRSK,"Verisk Analytics, Inc.",0.19,-5.24,12,17,15,Industrials,Diversified Commercial Services
JXAMY,JX Advanced Metals Corporation,9.86,2.62,100,100,35,,
AKRBF,Aker BP ASA,0.0,12.03,92,92,85,Energy,Oil & Gas E&P
LSRCY,Lasertec Corporation,0.35,-11.12,66,69,69,Technology,Semiconductor Equipment & Materials
FCNCA,"First Citizens BancShares, Inc.",0.35,-4.1,32,42,55,Finance,Major Banks
FCNCB,"First Citizens BancShares, Inc.",-0.56,-4.84,15,7,38,Financial Services,Banks - Regional
STMZF,Scottish Mortgage Investment Trust PLC,0.0,3.51,81,77,73,,
ICHGF,InterContinental Hotels Group PLC,0.0,-2.94,16,10,61,Consumer Cyclical,Lodging
FWONA,Formula One Group,0.05,-8.1,0,2,44,Industrials,Broadcasting
CHWRF,China Tower Corporation Limited,0.0,11.9,100,100,88,Communication Services,Telecom Services
PFG,"Principal Financial Group, Inc.",1.05,1.85,88,79,79,Finance,Accident &Health Insurance
WIT,Wipro Limited,1.2,-13.78,2,5,4,Technology,EDP Services
CLNXF,"Cellnex Telecom, S.A.",-0.96,-8.95,9,14,21,Real Estate,Real Estate Services
SNHIY,"Sany Heavy Industry Co.,Ltd",0.0,4.4,100,98,17,Industrials,Farm & Heavy Construction Machinery
BDRPF,Bombardier Inc.,0.0,0.0,100,90,52,Industrials,Aerospace & Defense
BDRBF,Bombardier Inc.,-1.72,-11.32,4,3,81,Industrials,Aerospace & Defense
ULTA,"Ulta Beauty, Inc.",2.08,6.05,82,82,41,Consumer Discretionary,Other Specialty Stores
JXHLY,"ENEOS Holdings, Inc.",0.0,9.44,94,94,71,Energy,Oil & Gas Refining & Marketing
LEN,Lennar Corporation,2.18,-9.07,11,10,7,Consumer Discretionary,Homebuilding
MKSI,MKS Inc.,2.09,-12.65,29,29,87,Industrials,Industrial Machinery/Components
YPF,YPF Sociedad Anónima,-0.91,12.34,86,87,87,Energy,Integrated oil Companies
AKAM,"Akamai Technologies, Inc.",-0.32,-14.77,13,12,47,Consumer Discretionary,Business Services
ANGPY,Valterra Platinum Limited,0.75,6.43,59,59,84,Basic Materials,Other Precious Metals & Mining
IHICF,IHI Corporation,0.0,0.0,65,65,4,Industrials,Specialty Industrial Machinery
SBAC,SBA Communications Corporation,2.23,0.3,61,61,28,Real Estate,Real Estate Investment Trusts
JXHGF,"ENEOS Holdings, Inc.",0.0,-1.65,43,17,69,Energy,Oil & Gas Refining & Marketing
SURDF,"Sumitomo Realty & Development Co., Ltd.",0.0,-6.74,41,38,5,Real Estate,Real Estate Services
L,Loews Corporation,-0.27,-3.43,22,21,45,Finance,Property-Casualty Insurers
ASCCY,ASICS Corporation,1.43,-13.0,2,2,28,Consumer Cyclical,Footwear & Accessories
CNGKY,CK Asset Holdings Limited,2.74,2.01,73,78,61,Real Estate,Real Estate - Development
CHRW,"C.H. Robinson Worldwide, Inc.",0.24,2.74,93,92,25,Industrials,Integrated Freight & Logistics
EDPFY,"EDP, S.A.",0.04,5.32,89,90,68,Utilities,Utilities - Diversified
LUV,Southwest Airlines Co.,1.42,-12.14,28,26,41,Consumer Discretionary,Air Freight/Delivery Services
TNABY,Tenaga Nasional Berhad,-0.86,-16.24,0,0,18,Utilities,Utilities - Regulated Electric
CJPRY,Central Japan Railway Company,0.49,3.17,79,81,35,Industrials,Railroads
PKX,POSCO Holdings Inc.,2.18,11.24,100,100,57,Industrials,Steel/Iron Ore
OMC,Omnicom Group Inc.,-0.55,-10.58,5,7,48,Consumer Discretionary,Advertising
ARLUF,Aristocrat Leisure Limited,0.0,-12.32,0,0,53,Consumer Cyclical,Gambling
RIVN,"Rivian Automotive, Inc.",-0.12,1.33,59,60,42,Industrials,Auto Manufacturing
KUBTF,Kubota Corporation,1.14,-4.84,80,83,65,Industrials,Farm & Heavy Construction Machinery
IOT,Samsara Inc.,-0.16,-6.71,34,29,54,Technology,EDP Services
MZTFF,Mizrahi Tefahot Bank Ltd.,0.0,3.69,100,95,87,Financial Services,Banks - Regional
NXGPY,NEXT plc,0.0,-4.53,0,0,66,Consumer Cyclical,Apparel Retail
SRTOY,Sartorius Stedim Biotech S.A.,0.33,2.74,48,50,48,Healthcare,Medical Instruments & Supplies
CCHBF,Coca-Cola HBC AG,0.0,0.42,60,62,67,Consumer Defensive,Beverages - Non-Alcoholic
DSFIY,DSM-Firmenich AG,-1.11,-1.63,30,33,82,Basic Materials,Specialty Chemicals
DSMFF,DSM-Firmenich AG,0.0,-0.93,75,73,86,Basic Materials,Specialty Chemicals
MTUAF,MTU Aero Engines AG,-0.63,-10.13,7,6,39,Industrials,Aerospace & Defense
HKHHY,Heineken Holding N.V.,-1.69,-5.26,0,0,53,Consumer Defensive,Beverages - Brewers
CHTR,"Charter Communications, Inc.",3.71,-6.87,47,46,10,Telecommunications,Cable & Other Pay Television Services
GNENF,"Ganfeng Lithium Group Co., Ltd.",-3.76,-4.04,0,0,5,Basic Materials,Chemicals
KKPNY,Koninklijke KPN N.V.,-0.42,2.58,76,79,34,Communication Services,Telecom Services
KKPNF,Koninklijke KPN N.V.,-1.87,-2.68,33,39,29,Communication Services,Telecom Services
MDIBF,Mediobanca Banca di Credito Finanziario S.p.A.,0.0,0.0,100,90,67,Financial Services,Banks - Regional
TU,TELUS Corporation,0.11,-4.62,0,0,5,Telecommunications,Telecommunications Equipment
PKG,Packaging Corporation of America,0.86,-8.81,27,29,59,Consumer Discretionary,Containers/Packaging
RS,"Reliance, Inc.",0.46,-7.0,31,31,72,Industrials,Metal Fabrications
INCY,Incyte Corporation,-1.47,0.79,28,31,78,Health Care,Biotechnology: Commercial Physical & Biological Resarch
DWAHF,"Daiwa House Industry Co., Ltd.",0.0,0.0,100,90,2,Real Estate,Real Estate - Development
ROKU,"Roku, Inc.",0.53,0.55,27,29,90,Telecommunications,Cable & Other Pay Television Services
BRO,"Brown & Brown, Inc.",-0.21,-7.57,0,0,26,Finance,Specialty Insurers
BKRIF,Bank of Ireland Group plc,0.0,5.23,86,78,80,Financial Services,Banks - Regional
VTRS,Viatris Inc.,0.79,3.7,54,51,81,Health Care,Biotechnology: Pharmaceutical Preparations
RAIFY,Raiffeisen Bank International AG,0.31,3.54,90,94,95,Financial Services,Banks - Regional
IHICY,IHI Corporation,3.26,-6.86,47,46,19,Industrials,Specialty Industrial Machinery
SPXCF,Singapore Exchange Limited,-2.93,-1.03,20,18,77,Financial Services,Financial Data & Stock Exchanges
PRNDY,Pernod Ricard SA,0.15,-12.42,0,0,15,Consumer Defensive,Beverages - Wineries & Distilleries
SHWDF,Resonac Holdings Corporation,0.0,2.04,35,38,97,Basic Materials,Chemicals
IVBIY,"Innovent Biologics, Inc.",0.0,22.88,100,98,79,Healthcare,Biotechnology
SPXCY,Singapore Exchange Limited,-1.63,-1.76,0,0,83,Financial Services,Financial Data & Stock Exchanges
HLDVF,Henderson Land Development Company Limited,0.0,-12.13,16,17,20,Real Estate,Real Estate - Diversified
PDRDF,Pernod Ricard SA,3.07,-8.57,14,13,18,Consumer Defensive,Beverages - Wineries & Distilleries
RBC,RBC Bearings Incorporated,3.51,-10.72,18,19,33,Industrials,Metal Fabrications
NURAF,"Nomura Research Institute, Ltd.",0.0,9.59,100,99,1,Technology,Information Technology Services
BIP,Brookfield Infrastructure Partners L.P.,1.26,-6.71,26,14,48,Consumer Discretionary,Marine Transportation
BDRFF,Beiersdorf Aktiengesellschaft,0.0,-7.23,0,0,22,Consumer Defensive,Household & Personal Products
ASUUY,ASUSTeK Computer Inc.,0.0,0.0,100,90,88,Technology,Computer Hardware
BWXT,"BWX Technologies, Inc.",-1.55,-11.74,3,0,10,Industrials,Industrial Machinery/Components
NRILY,"Nomura Research Institute, Ltd.",1.43,1.91,64,63,37,Technology,Information Technology Services
FTV,Fortive Corporation,0.33,-11.41,0,0,35,Industrials,Industrial Machinery/Components
TRMLF,Tourmaline Oil Corp.,-1.71,3.79,51,50,33,Energy,Oil & Gas E&P
SARTF,Sartorius Aktiengesellschaft,0.0,0.0,100,90,35,Healthcare,Medical Instruments & Supplies
SSSGY,Sartorius Aktiengesellschaft,0.0,0.0,100,90,46,Healthcare,Medical Instruments & Supplies
YAHOY,LY Corporation,4.59,13.32,100,100,84,Consumer Cyclical,Internet Retail
DWAHY,"Daiwa House Industry Co., Ltd.",1.42,3.31,85,79,29,Real Estate,Real Estate - Development
WXXWY,WuXi Biologics (Cayman) Inc.,0.42,3.89,29,33,90,Healthcare,Biotechnology
BNDSF,"Banco de Sabadell, S.A.",0.0,12.79,100,100,83,Financial Services,Banks - Diversified
DQJCF,Pan Pacific International Holdings Corporation,0.0,-19.05,30,29,1,Consumer Defensive,Discount Stores
BDRFY,Beiersdorf Aktiengesellschaft,-0.06,-6.44,0,0,22,Consumer Defensive,Household & Personal Products
CAHPF,Evolution Mining Limited,-4.54,8.03,61,60,87,Basic Materials,Gold
INVH,Invitation Homes Inc.,-0.07,-9.11,0,0,37,Finance,Real Estate
DFKCY,Daifuku Co Ltd,-1.19,-4.68,3,11,26,Industrials,Specialty Industrial Machinery
KSPI,Joint Stock Company Kaspi.kz,2.82,2.66,44,43,85,Technology,Software - Infrastructure
CF,"CF Industries Holdings, Inc.",-1.51,14.27,73,71,86,Industrials,Agricultural Chemicals
AMKR,"Amkor Technology, Inc.",4.44,-10.26,40,41,68,Technology,Semiconductors
LOGI,Logitech International S.A.,2.94,-1.75,100,100,27,Technology,Computer peripheral equipment
AGI,Alamos Gold Inc.,0.7,9.46,52,50,31,Basic Materials,Precious Metals
BOIVF,Bolloré SE,0.71,-1.85,23,24,7,Communication Services,Entertainment
BNCDY,Banca Mediolanum S.p.A.,0.0,0.38,28,31,77,Financial Services,Banks - Regional
BNDSY,"Banco de Sabadell, S.A.",3.1,-1.03,54,52,85,Financial Services,Banks - Diversified
ERBKY,Eurobank S.A.,-1.71,11.42,70,70,7,,
CTTAF,Continental Aktiengesellschaft,3.1,2.11,89,83,45,Consumer Cyclical,Auto Parts
NPXYY,Nippon Sanso Holdings Corporation,0.33,-9.5,11,13,42,Basic Materials,Chemicals
JBAXY,Julius Bär Gruppe AG,-0.6,-1.19,0,7,74,Financial Services,Asset Management
UNBLF,Unibail-Rodamco-Westfield SE,0.55,-11.05,3,6,41,Real Estate,REIT - Retail
CTTAY,Continental Aktiengesellschaft,-0.37,0.25,78,76,46,Consumer Cyclical,Auto Parts
WPC,W. P. Carey Inc.,-0.62,-3.32,0,0,36,Real Estate,Real Estate Investment Trusts
KWHIY,"Kawasaki Heavy Industries, Ltd.",1.85,-14.43,6,6,24,Industrials,Specialty Industrial Machinery
WMG,Warner Music Group Corp.,1.76,12.63,79,76,33,Consumer Discretionary,Services-Misc. Amusement & Recreation
SWOBY,Swedish Orphan Biovitrum AB (publ),0.0,-0.09,28,30,79,Healthcare,Drug Manufacturers - Specialty & Generic
ERNXY,Euronext N.V.,-1.56,-1.16,44,45,35,Financial Services,Financial Data & Stock Exchanges
HNGKY,Hongkong Land Holdings Limited,-1.39,2.63,71,69,74,Real Estate,Real Estate - Development
VNOM,"Viper Energy, Inc.",-0.29,8.34,79,75,55,Energy,Oil & Gas Production
EBCOY,Ebara Corporation,2.49,-25.4,7,7,33,Industrials,Specialty Industrial Machinery
SSNC,"SS&C Technologies Holdings, Inc.",1.71,-1.8,32,37,51,Technology,Computer Software: Prepackaged Software
STMNF,"Sumitomo Metal Mining Co., Ltd.",0.0,18.35,95,94,97,Basic Materials,Other Industrial Metals & Mining
BEN,Franklin Templeton Inc.,-0.03,-0.62,34,25,83,Finance,Investment Managers
PR,Permian Resources Corporation,0.34,12.7,95,92,89,Energy,Oil & Gas Production
OWL,Blue Owl Capital Inc.,1.25,-16.59,2,2,26,Finance,Investment Managers
NLY,"Annaly Capital Management, Inc.",-0.45,-6.37,0,0,50,Real Estate,Real Estate Investment Trusts
DIDIY,DiDi Global Inc.,2.31,-9.46,10,11,8,Technology,Software - Application
BXBLY,Brambles Limited,2.58,-1.78,36,31,22,Industrials,Specialty Business Services
ASRRF,ASR Nederland N.V.,0.0,1.86,100,97,62,Financial Services,Insurance - Diversified
SCHYY,Sands China Ltd.,-1.33,-6.05,0,0,8,Consumer Cyclical,Resorts & Casinos
GMAB,Genmab A/S,0.74,3.61,36,37,72,Health Care,Biotechnology: Pharmaceutical Preparations
EMA,Emera Incorporated,-0.59,-4.19,0,0,34,Utilities,Electric Utilities: Central
NBGRY,National Bank of Greece S.A.,4.58,10.79,100,100,64,Financial Services,Banks - Regional
HST,"Host Hotels & Resorts, Inc.",0.45,-2.24,35,24,68,Real Estate,Real Estate Investment Trusts
SMMYY,"Sumitomo Metal Mining Co., Ltd.",-0.89,0.97,21,22,91,Basic Materials,Other Industrial Metals & Mining
NBGIF,National Bank of Greece S.A.,-0.38,4.03,70,72,81,Financial Services,Banks - Regional
XPEV,XPeng Inc.,1.93,-10.53,6,6,2,Industrials,Auto Manufacturing
ARNNY,ASR Nederland N.V.,0.29,6.88,89,88,79,Financial Services,Insurance - Diversified
UPMKF,UPM-Kymmene Oyj,0.0,0.0,65,65,19,Basic Materials,Paper & Paper Products
MMLTF,MMG Limited,0.0,4.35,100,100,80,Basic Materials,Copper
UPMMY,UPM-Kymmene Oyj,0.84,12.59,100,100,49,Basic Materials,Paper & Paper Products
DY,"Dycom Industries, Inc.",3.9,-24.9,14,13,13,Industrials,Water Sewer Pipeline Comm & Power Line Construction
AHKSY,Asahi Kasei Corporation,1.91,-6.14,33,27,43,Industrials,Conglomerates
RTO,Rentokil Initial plc,-0.22,-6.31,0,0,8,Consumer Discretionary,Other Consumer Services
CSDXF,"COSCO SHIPPING Energy Transportation Co., Ltd.",0.0,18.0,95,93,93,Energy,Oil & Gas Midstream
BPCGF,"Banco Comercial Português, S.A.",7.03,7.03,100,100,89,Financial Services,Banks - Regional
LI,Li Auto Inc.,1.37,-3.75,5,4,5,Industrials,Auto Manufacturing
GNMSF,Genmab A/S,0.0,5.99,70,68,73,Healthcare,Biotechnology
SHTLF,South32 Limited,0.0,11.35,93,93,92,Basic Materials,Other Industrial Metals & Mining
NWS,News Corporation,-0.21,-0.37,17,23,58,Consumer Discretionary,Newspapers/Magazines
FNBKY,FinecoBank Banca Fineco S.p.A.,0.0,8.2,100,100,81,Financial Services,Banks - Regional
OUKPF,Metso Oyj,0.0,24.26,100,100,93,Industrials,Farm & Heavy Construction Machinery
JAZZ,Jazz Pharmaceuticals plc,2.21,-0.02,31,30,87,Health Care,Biotechnology: Pharmaceutical Preparations
YUMC,"Yum China Holdings, Inc.",0.07,-9.86,0,0,23,Consumer Discretionary,Restaurants
PNFP,"Pinnacle Financial Partners, Inc.",0.13,-7.35,21,16,52,Finance,Major Banks
MOD,Modine Manufacturing Company,5.6,-6.98,34,34,29,Consumer Discretionary,Auto Parts:O.E.M.
GIB,CGI Inc.,1.67,-5.93,20,21,21,Consumer Discretionary,Professional Services
BALL,Ball Corporation,0.27,-2.97,0,3,60,Industrials,Containers/Packaging
GRAB,Grab Holdings Limited,1.33,-17.57,2,3,7,Consumer Discretionary,Business Services
CMSQF,Computershare Limited,1.09,-1.71,17,20,61,Financial Services,Capital Markets
CJEWF,Chow Tai Fook Jewellery Group Limited,0.0,0.0,65,65,29,Consumer Cyclical,Luxury Goods
APTV,Aptiv PLC,-0.33,-7.38,19,24,3,Consumer Discretionary,Auto Parts:O.E.M.
CMSQY,Computershare Limited,1.86,1.82,53,51,75,Financial Services,Capital Markets
ASBRF,"Asahi Group Holdings, Ltd.",0.0,6.8,92,92,42,Consumer Defensive,Beverages - Brewers
GRBMF,"Grupo Bimbo, S.A.B. de C.V.",0.0,-5.63,17,8,37,Consumer Defensive,Packaged Foods
SMTC,Semtech Corporation,5.1,25.2,100,100,96,Technology,Semiconductors
REGCO,Regency Centers Corporation,1.37,0.73,75,77,39,Real Estate,Real Estate Investment Trusts
LECO,"Lincoln Electric Holdings, Inc.",0.8,-11.09,0,0,38,Industrials,Industrial Machinery/Components
EFGSY,Eiffage SA,2.76,-11.08,21,19,20,Industrials,Engineering & Construction
HUT,Hut 8 Corp.,8.83,18.87,97,98,96,Finance,Finance: Consumer Services
RPGRY,REA Group Limited,0.71,-10.58,0,0,23,Communication Services,Internet Content & Information
WCRIY,Whitecap Resources Inc.,0.0,7.51,91,84,55,Energy,Oil & Gas E&P
SANM,Sanmina Corporation,6.24,4.57,100,100,83,Technology,Electrical Products
YARIY,Yara International ASA,-2.88,10.24,63,67,57,Basic Materials,Agricultural Inputs
LYSCF,Lynas Rare Earths Limited,-2.56,-12.88,0,0,25,Basic Materials,Other Industrial Metals & Mining
SNMYF,Suncorp Group Limited,0.0,-0.97,47,36,41,Financial Services,Insurance - Property & Casualty
GJNSY,Gjensidige Forsikring ASA,1.32,1.02,45,35,61,Financial Services,Insurance - Property & Casualty
IFJPY,Informa plc,3.4,-2.37,59,49,54,Communication Services,Publishing
ROHCY,"ROHM Co., Ltd.",-5.52,-5.46,33,25,92,Technology,Semiconductors
ARCC,Ares Capital Corporation,0.3,-2.23,49,48,47,Finance,Finance: Consumer Services
CLPBF,Coloplast A/S,0.0,5.09,88,85,28,Healthcare,Medical Instruments & Supplies
CRRFY,Carrefour SA,-1.8,4.1,68,71,69,Consumer Defensive,Grocery Stores
BBSEY,BB Seguridade Participações S.A.,-4.2,4.27,55,57,77,Financial Services,Insurance - Diversified
HTHT,H World Group Limited,-0.81,7.35,27,29,32,Consumer Discretionary,Hotels/Resorts
ONON,On Holding AG,2.09,-13.23,10,13,3,Consumer Discretionary,Shoe Manufacturing
JHIUF,James Hardie Industries plc,0.0,-8.52,0,0,86,Basic Materials,Building Materials
MTRAF,Metro Inc.,0.0,-1.73,47,58,22,Consumer Defensive,Grocery Stores
TMTNY,Toromont Industries Ltd.,2.14,-5.26,57,58,37,Industrials,Industrial Distribution
SWGAF,The Swatch Group AG,0.0,1.78,30,31,26,Consumer Cyclical,Luxury Goods
UUGRY,United Utilities Group PLC,0.36,-7.27,0,0,57,Utilities,Utilities - Regulated Water
OGFGY,Origin Energy Limited,-1.78,1.99,62,61,44,Utilities,Utilities - Diversified
TKGSY,"Tokyo Gas Co.,Ltd.",-5.92,2.55,24,24,21,Utilities,Utilities - Regulated Gas
JRONY,"Jerónimo Martins, SGPS, S.A.",0.85,4.44,74,73,22,Consumer Defensive,Food Distribution
U,Unity Software Inc.,4.49,-4.0,53,48,91,Technology,Computer Software: Prepackaged Software
RYKKY,"Ryohin Keikaku Co., Ltd.",2.36,-2.83,22,19,69,Consumer Cyclical,Department Stores
TYL,"Tyler Technologies, Inc.",0.35,2.35,32,34,21,Technology,Computer Software: Prepackaged Software
CHUEF,"Chubu Electric Power Company, Incorporated",0.0,0.0,100,90,1,Utilities,Utilities - Diversified
AKZOF,Akzo Nobel N.V.,0.0,-0.13,32,41,48,Basic Materials,Specialty Chemicals
CSGP,"CoStar Group, Inc.",3.29,-7.84,21,23,4,Finance,Real Estate
JLL,Jones Lang LaSalle Incorporated,1.41,-6.1,4,4,63,Finance,Real Estate
PAYP,PayPay Corporation,1.15,25.94,100,100,60,Consumer Discretionary,Business Services
SOLV,Solventum Corporation,-0.23,1.15,27,32,67,Health Care,Medical/Dental Instruments
TLTZY,Tele2 AB (publ),-1.2,4.26,66,64,28,Communication Services,Telecom Services
CHKIF,China Southern Airlines Company Limited,0.0,2.44,85,82,11,Industrials,Airlines
SYIEY,Symrise AG,-0.94,-1.83,21,23,63,Basic Materials,Specialty Chemicals
DLVHF,Delivery Hero SE,0.0,4.94,66,64,87,Consumer Cyclical,Internet Retail
IAUGY,Insurance Australia Group Limited,0.0,-1.45,13,14,41,Financial Services,Insurance - Property & Casualty
HRL,Hormel Foods Corporation,-1.3,-15.83,0,0,16,Consumer Staples,Meat/Poultry/Fish
MEDP,"Medpace Holdings, Inc.",0.75,0.96,35,35,74,Health Care,Biotechnology: Commercial Physical & Biological Resarch
FNF,"Fidelity National Financial, Inc.",0.41,-9.88,0,0,18,Finance,Specialty Insurers
AEG,Aegon Ltd.,0.11,-0.77,83,74,74,Finance,Life Insurance
AAOI,"Applied Optoelectronics, Inc.",2.0,-19.0,11,10,97,Technology,Semiconductors
EXEL,"Exelixis, Inc.",-2.28,10.89,70,68,78,Health Care,Biotechnology: Biological Products (No Diagnostic Substances)
WULF,TeraWulf Inc.,3.72,2.64,65,65,40,Technology,EDP Services
IVPAF,Ivanhoe Mines Ltd.,0.02,10.96,69,71,45,Basic Materials,Other Industrial Metals & Mining
IVZ,Invesco Ltd.,1.1,0.42,54,46,82,Finance,Investment Managers
DINRF,"SCREEN Holdings Co., Ltd.",0.0,5.18,100,99,23,Technology,Semiconductor Equipment & Materials
DINO,HF Sinclair Corporation,0.11,17.38,95,95,96,Energy,Natural Gas Distribution
RXLSF,Rexel S.A.,0.0,0.12,74,64,48,Technology,Electronics & Computer Distribution
GGG,Graco Inc.,0.96,-6.76,2,7,28,Industrials,Fluid Controls
DVA,DaVita Inc.,0.12,1.33,81,86,68,Health Care,Misc Health and Biotechnology Services
RICFY,Recordati Industria Chimica e Farmaceutica S.p.A.,0.0,13.45,97,93,50,Healthcare,Drug Manufacturers - General
JDLGF,"JD Logistics, Inc.",0.0,0.0,100,90,27,Industrials,Integrated Freight & Logistics
AIZ,"Assurant, Inc.",0.53,0.86,59,50,76,Finance,Property-Casualty Insurers
IMPUF,Impala Platinum Holdings Limited,0.0,43.97,91,93,79,Basic Materials,Other Precious Metals & Mining
GPAEF,"Grupo Aeroportuario del Pacífico, S.A.B. de C.V.",-0.22,-2.8,94,93,16,Industrials,Airports & Air Services
HAS,"Hasbro, Inc.",1.53,-4.63,32,32,58,Consumer Discretionary,Recreational Games/Products/Toys
DKNG,DraftKings Inc.,4.34,-2.68,47,42,8,Consumer Discretionary,Services-Misc. Amusement & Recreation
NRDXF,Nordex SE,-1.07,-1.07,20,33,79,Industrials,Specialty Industrial Machinery
NDEKY,Nitto Denko Corporation,2.4,-6.39,28,29,34,Basic Materials,Specialty Chemicals
AXSM,"Axsome Therapeutics, Inc.",4.56,3.31,100,100,81,Health Care,Biotechnology: Pharmaceutical Preparations
STRNY,Severn Trent PLC,0.83,-5.29,1,3,49,Utilities,Utilities - Regulated Water
AGRPY,Absa Group Limited,0.0,2.92,91,87,60,Financial Services,Banks - Regional
UDR,"UDR, Inc.",-0.06,-7.08,0,0,27,Real Estate,Real Estate Investment Trusts
PRDSY,Prada S.p.A.,0.31,-7.4,0,0,24,Consumer Cyclical,Luxury Goods
RNR,RenaissanceRe Holdings Ltd.,-0.47,1.6,52,53,69,Finance,Property-Casualty Insurers
AGNCM,AGNC Investment Corp.,0.3,1.09,81,85,51,Real Estate,Real Estate Investment Trusts
AGNCP,AGNC Investment Corp.,-0.08,0.39,68,67,49,Real Estate,Real Estate Investment Trusts
COO,"The Cooper Companies, Inc.",-0.48,-29.62,0,0,7,Health Care,Ophthalmic Goods
ELAN,Elanco Animal Health Incorporated,1.36,2.93,6,5,50,Health Care,Biotechnology: Pharmaceutical Preparations
HAGHY,Hensoldt AG,-1.54,-15.46,0,0,34,Industrials,Aerospace & Defense
PSKY,Paramount Skydance Corporation,2.12,6.32,63,60,20,Industrials,Broadcasting
RGC,Regencell Bioscience Holdings Limited,0.09,7.63,23,25,1,Health Care,Medicinal Chemicals and Botanical Products
WBS,Webster Financial Corp,0.0,2.05,34,37,39,Finance,Major Banks
SWKS,"Skyworks Solutions, Inc.",5.14,26.65,100,100,83,Technology,Semiconductors
ITGGF,Italgas S.p.A.,-7.27,-4.53,0,0,17,Utilities,Utilities - Regulated Gas
TYOYY,"Taiyo Yuden Co., Ltd.",2.34,-14.04,39,41,96,Technology,Electronic Components
POAHF,Porsche Automobil Holding SE,0.0,2.2,69,73,14,Consumer Cyclical,Auto Manufacturers
EQH,"Equitable Holdings, Inc.",1.41,1.02,100,100,75,Finance,Specialty Insurers
SFFLY,Schaeffler AG,0.61,-4.06,0,0,27,Consumer Cyclical,Auto Parts
KEYUF,Keyera Corp.,-1.36,-6.12,0,0,51,Energy,Oil & Gas Midstream
IKTSF,Intertek Group plc,0.0,0.04,65,66,75,Industrials,Specialty Business Services
MNHVF,Mowi ASA,0.0,5.87,89,88,52,Consumer Defensive,Farm Products
MP,MP Materials Corp.,-1.58,-9.25,0,0,13,Basic Materials,Metal Mining
AEIS,"Advanced Energy Industries, Inc.",4.94,-12.8,25,24,64,Technology,Industrial Machinery/Components
PNR,Pentair plc,-0.26,-15.39,0,0,3,Industrials,Industrial Machinery/Components
HMY,Harmony Gold Mining Company Limited,2.23,7.17,34,36,81,Basic Materials,Precious Metals
CNA,CNA Financial Corporation,0.4,-5.92,6,13,53,Finance,Property-Casualty Insurers
BEP,Brookfield Renewable Partners L.P.,-0.39,-12.66,0,0,40,Utilities,Electric Utilities: Central
RDY,Dr. Reddy's Laboratories Limited,1.62,-4.19,18,15,14,Health Care,Biotechnology: Pharmaceutical Preparations
LUMN,"Lumen Technologies, Inc.",1.91,8.44,100,100,22,Telecommunications,Telecommunications Equipment
HUBS,"HubSpot, Inc.",0.8,-6.31,26,29,15,Technology,Computer Software: Prepackaged Software
GAILF,GAIL (India) Limited,0.0,2.79,83,83,2,Utilities,Utilities - Regulated Gas
ASMVF,ASMPT Limited,0.0,-9.05,18,12,92,Technology,Semiconductor Equipment & Materials
QBTS,D-Wave Quantum Inc.,0.84,-19.62,8,7,9,Technology,EDP Services
GMED,"Globus Medical, Inc.",0.86,-13.67,0,0,28,Health Care,Medical/Dental Instruments
FUJHF,Subaru Corporation,1.49,6.25,100,100,29,Consumer Cyclical,Auto Manufacturers
CCDBF,CCL Industries Inc.,1.92,-2.64,29,21,61,Consumer Cyclical,Packaging & Containers
MRPRF,"MERLIN Properties SOCIMI, S.A.",0.0,-14.01,6,3,22,Real Estate,REIT - Office
CSPCY,CSPC Pharmaceutical Group Limited,0.69,-0.23,12,12,58,Healthcare,Drug Manufacturers - General
AIAGY,Aurubis AG,0.0,-1.66,65,65,73,Industrials,Metal Fabrication
ARW,"Arrow Electronics, Inc.",6.92,9.09,100,100,91,Technology,Electronic Components
IAFNF,iA Financial Corporation Inc.,0.0,-3.56,23,18,74,Financial Services,Insurance - Diversified
VSAT,"Viasat, Inc.",0.18,-10.36,52,52,94,Technology,Radio And Television Broadcasting And Communications Equipment
XE,"X-Energy, Inc.",-5.74,-34.32,0,0,3,Industrials,Metal Fabrications
UNICY,Unicharm Corporation,2.33,0.33,68,62,47,Consumer Defensive,Household & Personal Products
EGP,"EastGroup Properties, Inc.",0.72,-3.38,30,9,53,Real Estate,Real Estate Investment Trusts
AFG,"American Financial Group, Inc.",0.22,-2.55,31,29,54,Finance,Property-Casualty Insurers
SF,Stifel Financial Corp.,0.09,-6.52,14,3,52,Finance,Investment Bankers/Brokers/Service
SAIL,"SailPoint, Inc.",-2.27,-13.76,0,0,46,Technology,Computer Software: Prepackaged Software
WMS,"Advanced Drainage Systems, Inc.",0.57,-14.18,0,0,21,Consumer Discretionary,Containers/Packaging
ORKLF,Orkla ASA,0.0,-5.92,15,10,21,Consumer Defensive,Packaged Foods
SEIC,SEI Investments Company,0.15,0.51,40,41,79,Finance,Investment Bankers/Brokers/Service
ABVX,ABIVAX Société Anonyme,2.32,-2.31,87,81,62,Health Care,Biotechnology: Pharmaceutical Preparations
SIETY,D'Ieteren Group SA,0.0,-9.35,0,0,53,Consumer Cyclical,Auto & Truck Dealerships
GEAGF,GEA Group Aktiengesellschaft,0.0,0.0,65,65,39,Industrials,Specialty Industrial Machinery
WTRG,"Essential Utilities, Inc.",-1.75,1.51,61,66,56,Utilities,Water Supply
TSGTY,Tsingtao Brewery Company Limited,5.0,-5.86,36,37,19,Consumer Defensive,Beverages - Brewers
ICLR,ICON Public Limited Company,2.18,1.09,68,65,70,Health Care,Biotechnology: Commercial Physical & Biological Resarch
SCI,Service Corporation International,3.11,-1.09,44,43,54,Consumer Discretionary,Other Consumer Services
POWL,"Powell Industries, Inc.",3.17,-10.52,27,25,68,Energy,Electrical Products
TIMB,TIM S.A.,-1.51,9.13,80,81,14,Telecommunications,Telecommunications Equipment
MALRY,Mineral Resources Limited,-0.33,-5.68,0,0,71,Basic Materials,Other Industrial Metals & Mining
MALRF,Mineral Resources Limited,0.0,2.6,83,75,82,Basic Materials,Other Industrial Metals & Mining
RIOT,"Riot Platforms, Inc.",2.48,11.76,83,84,66,Finance,Finance: Consumer Services
SSAAY,SSAB AB (publ),0.0,-5.23,54,45,87,Basic Materials,Steel
AHR,"American Healthcare REIT, Inc.",-0.89,-0.04,3,11,63,Real Estate,Real Estate Investment Trusts
NXSNF,"NextVision Stabilized Systems, Ltd.",0.0,6.51,76,71,43,Industrials,Security & Protection Services
TTD,"The Trade Desk, Inc.",2.65,-1.51,70,64,2,Technology,Computer Software: Programming Data Processing
OC,Owens Corning,3.46,-15.37,14,15,58,Industrials,Industrial Machinery/Components
LINE,"Lineage, Inc.",0.96,-12.27,2,6,29,Real Estate,Real Estate Investment Trusts
ALEUY,Allegro.eu S.A.,-4.37,30.41,73,75,82,Unknown,Unknown
VLPNY,Voestalpine AG,0.0,-3.05,74,72,76,Basic Materials,Steel
PODD,Insulet Corporation,-2.02,-9.89,0,0,3,Health Care,Medical/Dental Instruments
CRHKY,China Resources Beer (Holdings) Company Limited,-0.84,-14.99,2,0,7,Consumer Defensive,Beverages - Brewers
RNLSY,Renault SA,2.26,5.26,97,96,37,Consumer Cyclical,Auto Manufacturers
PMCUF,Pro Medicus Limited,0.0,-8.38,16,16,24,Healthcare,Health Information Services
BLSFY,BlueScope Steel Limited,0.0,2.37,82,84,70,Basic Materials,Steel
CDUAF,Canadian Utilities Limited,0.0,-4.23,16,7,60,Utilities,Utilities - Diversified
BSY,"Bentley Systems, Incorporated",-0.1,-15.29,0,0,12,Technology,Computer Software: Prepackaged Software
PMDIY,Pro Medicus Limited,-1.84,-18.5,27,23,17,Healthcare,Health Information Services
MDBKY,Medibank Private Limited,0.0,-1.67,11,15,84,Financial Services,Insurance - Specialty
BMXMF,bioMérieux S.A.,0.0,9.01,68,64,11,Healthcare,Diagnostics & Research
APHBF,Alpha Bank S.A.,0.0,0.0,65,65,51,,
PRAX,"Praxis Precision Medicines, Inc.",-1.18,-9.2,0,0,98,Health Care,Biotechnology: Pharmaceutical Preparations
SUBCY,Subsea 7 S.A.,-0.4,-3.49,0,0,88,Energy,Oil & Gas Equipment & Services
BAX,Baxter International Inc.,-1.57,-11.98,0,0,70,Health Care,Medical/Dental Instruments
MAKSY,Marks and Spencer Group plc,0.88,-2.92,9,22,55,Consumer Cyclical,Department Stores
CIFR,Cipher Digital Inc.,5.71,1.38,58,57,45,Finance,Finance: Consumer Services
MGPUF,M&G plc,0.0,-5.51,3,7,67,Financial Services,Asset Management
CNM,"Core & Main, Inc.",-0.56,-11.96,0,0,10,Consumer Discretionary,Durable Goods
BPOP,"Popular, Inc.",-0.15,-7.02,0,1,74,Finance,Major Banks
ADDHY,Addtech AB (publ.),0.48,-6.47,0,0,28,Industrials,Industrial Distribution
CYTK,"Cytokinetics, Incorporated",0.2,0.44,37,34,71,Health Care,Biotechnology: Pharmaceutical Preparations
SARO,"StandardAero, Inc.",1.65,-11.36,5,5,19,Industrials,Aerospace
BNTGY,Brenntag SE,-0.99,-0.07,16,28,70,Basic Materials,Specialty Chemicals
BNTGF,Brenntag SE,0.0,-0.92,57,63,69,Basic Materials,Specialty Chemicals
TX,Ternium S.A.,0.5,6.67,93,96,90,Industrials,Steel/Iron Ore
SAPMY,Saipem SpA,0.0,-9.01,60,51,92,Energy,Oil & Gas Equipment & Services
ALSN,"Allison Transmission Holdings, Inc.",-0.47,3.5,39,39,75,Consumer Discretionary,Auto Parts:O.E.M.
UZAPF,Flughafen Zürich AG,0.0,-14.25,0,1,12,Industrials,Airports & Air Services
BRX,Brixmor Property Group Inc.,-0.21,-4.3,0,0,37,Real Estate,Real Estate Investment Trusts
BZZUF,Buzzi S.p.A.,0.0,0.0,100,90,20,Basic Materials,Building Materials
IFUUF,Infratil Limited,0.0,-12.95,12,9,71,Industrials,Conglomerates
ACLLY,Accelleron Industries AG,-2.49,-2.65,22,16,39,Industrials,Specialty Industrial Machinery
ONBPO,Old National Bancorp,0.0,-1.03,58,62,43,Finance,Major Banks
SEOAY,Stora Enso Oyj,0.68,5.9,81,86,44,Consumer Cyclical,Packaging & Containers
AYI,Acuity Inc.,0.86,-11.34,0,0,48,Consumer Discretionary,Building Products
ALSMY,Alstom SA,1.71,-0.56,15,10,9,Industrials,Railroads
LKNCY,Luckin Coffee Inc.,3.9,-1.2,35,34,39,Consumer Cyclical,Restaurants
MDDNF,Meridian Energy Limited,0.0,-3.96,41,37,23,Utilities,Utilities - Renewable
ZIONP,"Zions Bancorporation, National Association",0.13,-1.42,100,93,22,Finance,Major Banks
AOMFF,Alstom SA,-0.38,0.11,12,0,11,Industrials,Railroads
YMM,Full Truck Alliance Co. Ltd.,0.37,-7.89,0,0,12,Technology,Computer Software: Prepackaged Software
QRVO,"Qorvo, Inc.",3.82,18.5,100,100,82,Technology,Semiconductors
ORI,Old Republic International Corporation,0.29,-3.5,21,22,50,Finance,Property-Casualty Insurers
ACDSF,CapitaLand Ascendas REIT,0.0,-6.19,54,59,19,Real Estate,REIT - Industrial
CAVA,"CAVA Group, Inc.",3.48,-22.58,7,7,8,Consumer Discretionary,Restaurants
LLYVA,"Liberty Live Holdings, Inc.",0.64,-9.79,1,5,37,Consumer Discretionary,Services-Misc. Amusement & Recreation
ENPH,"Enphase Energy, Inc.",-1.38,-10.86,20,14,14,Technology,Semiconductors
PSO,Pearson plc,0.58,-2.79,5,8,61,Consumer Discretionary,Books
BRKRP,Bruker Corporation,1.12,-6.92,2,2,76,Industrials,Biotechnology: Laboratory Analytical Instruments
FDS,FactSet Research Systems Inc.,-1.22,-9.22,0,0,41,Technology,Computer Software: Programming Data Processing
LZRFY,Localiza Rent a Car S.A.,-2.86,5.58,77,76,19,Industrials,Rental & Leasing Services
IMIUY,IMI plc,1.44,-2.07,31,24,64,Industrials,Specialty Industrial Machinery
ADC,Agree Realty Corporation,-0.36,-4.82,0,0,31,Real Estate,Real Estate Investment Trusts
ASR,"Grupo Aeroportuario del Sureste, S. A. B. de C. V.",0.24,-5.73,7,0,11,Consumer Discretionary,Aerospace
MANH,"Manhattan Associates, Inc.",-1.56,0.45,27,31,81,Technology,Computer Software: Prepackaged Software
UHS,"Universal Health Services, Inc.",1.22,2.23,70,66,36,Health Care,Hospital/Nursing Management
JSAIY,J Sainsbury plc,-0.39,-3.38,32,36,54,Consumer Defensive,Grocery Stores
SUOPY,Sumco Corporation,2.45,-20.72,5,5,94,Technology,Semiconductor Equipment & Materials
CRPAY,"Corporación Acciona Energías Renovables, S.A.",0.0,0.0,100,90,27,Utilities,Utilities - Renewable
HSIC,"Henry Schein, Inc.",1.21,-1.95,14,20,68,Health Care,Medical Specialities
TTC,The Toro Company,0.0,-4.09,16,8,58,Consumer Discretionary,Tools/Hardware
CRL,"Charles River Laboratories International, Inc.",1.93,-1.07,12,16,94,Health Care,Biotechnology: Commercial Physical & Biological Resarch
WAL,Western Alliance Bancorporation,0.01,-3.0,50,49,34,Finance,Major Banks
ARE,"Alexandria Real Estate Equities, Inc.",3.19,5.62,65,61,28,Real Estate,Real Estate Investment Trusts
WARFY,The Wharf (Holdings) Limited,-5.63,-2.18,38,34,16,Real Estate,Real Estate - Development
NWOEF,New Oriental Education & Technology Group Inc.,0.0,0.0,100,90,20,Consumer Defensive,Education & Training Services
WARFF,The Wharf (Holdings) Limited,0.0,-17.99,12,12,11,Real Estate,Real Estate - Development
CRUS,"Cirrus Logic, Inc.",1.98,-2.0,96,100,15,Technology,Semiconductors
BYDIF,BYD Electronic (International) Company Limited,2.27,4.3,38,36,11,Technology,Electronic Components
DUFRY,Avolta AG,2.32,-12.13,10,10,19,Consumer Cyclical,Specialty Retail
CORZ,"Core Scientific, Inc.",3.28,-9.3,48,49,20,Finance,Finance: Consumer Services
CELH,"Celsius Holdings, Inc.",2.22,-5.42,4,4,6,Consumer Staples,Beverages (Production/Distribution)
RGTI,"Rigetti Computing, Inc.",0.73,-17.99,11,8,8,Technology,EDP Services
WEGRY,Weir PLC,-2.51,-1.53,50,47,52,Industrials,Specialty Industrial Machinery
KIKOY,Kikkoman Corporation,0.0,3.39,85,82,70,Consumer Defensive,Packaged Foods
SBSW,Sibanye Stillwater Limited,-0.24,19.66,77,78,72,Basic Materials,Precious Metals
MTCH,"Match Group, Inc.",1.36,13.71,100,94,78,Technology,Computer Software: Programming Data Processing
PRI,"Primerica, Inc.",1.18,-6.09,28,29,58,Finance,Life Insurance
BIO,"Bio-Rad Laboratories, Inc.",0.15,2.25,48,48,81,Industrials,Biotechnology: Laboratory Analytical Instruments
KUNUF,Kunlun Energy Company Limited,9.2,9.2,100,100,28,Energy,Oil & Gas Refining & Marketing
BYDIY,BYD Electronic (International) Company Limited,-7.18,-4.76,45,44,9,Technology,Electronic Components
NXDCF,NEXTDC Limited,0.0,-14.39,11,8,13,Technology,Information Technology Services
MXL,"MaxLinear, Inc.",7.54,-2.71,64,66,98,Technology,Semiconductors
DNOPY,Dino Polska S.A.,1.34,8.05,69,72,25,Consumer Defensive,Grocery Stores
GGB,Gerdau S.A.,0.98,8.42,100,100,88,Industrials,Steel/Iron Ore
GNZUF,"Guangzhou Automobile Group Co., Ltd.",0.0,0.0,5,9,6,Consumer Cyclical,Auto Manufacturers
CMHHY,China Merchants Port Holdings Company Limited,0.0,15.24,94,94,58,Industrials,Marine Shipping
KYKOY,"Kyowa Kirin Co., Ltd.",2.21,-7.99,12,14,33,Healthcare,Drug Manufacturers - Specialty & Generic
FNMAO,Federal National Mortgage Association,-2.04,-4.0,0,0,6,Financial Services,Mortgage Finance
FNMAH,Federal National Mortgage Association,-8.09,-4.34,0,2,4,Financial Services,Mortgage Finance
FNMAM,Federal National Mortgage Association,0.0,-3.01,60,55,6,Financial Services,Mortgage Finance
FNMA,Federal National Mortgage Association,0.88,-7.57,0,0,6,Financial Services,Mortgage Finance
FNMAG,Federal National Mortgage Association,0.0,-7.22,41,38,6,Financial Services,Mortgage Finance
FNMFN,Federal National Mortgage Association,-0.7,-2.75,23,9,5,Financial Services,Mortgage Finance
PPRQF,Choice Properties Real Estate Investment Trust,0.0,-0.65,46,46,36,Real Estate,REIT - Retail
ASGLF,AGC Inc.,0.0,0.0,100,90,1,Industrials,Conglomerates
OSK,Oshkosh Corporation,-1.3,-4.27,0,0,53,Industrials,Auto Manufacturing
SHBBF,Syensqo SA/NV,0.0,0.48,100,100,84,Basic Materials,Chemicals
BPHLY,Bank of the Philippine Islands,6.19,-4.47,40,39,28,Financial Services,Banks - Regional
ZG,"Zillow Group, Inc.",4.23,-8.28,18,17,6,Consumer Discretionary,Business Services
TONPF,TOPPAN Holdings Inc.,0.0,-7.32,13,10,56,Industrials,Conglomerates
SSDOF,"Shiseido Company, Limited",0.0,0.0,65,65,79,Consumer Defensive,Household & Personal Products
EDU,New Oriental Education & Technology Group Inc.,2.27,6.67,54,54,60,Real Estate,Other Consumer Services
EMLAF,Empire Company Limited,-2.45,-7.84,0,0,20,Consumer Defensive,Grocery Stores
CCOEY,"Capcom Co., Ltd.",1.25,10.18,77,81,83,Communication Services,Electronic Gaming & Multimedia
XNGSY,ENN Energy Holdings Limited,-4.28,2.8,41,46,11,Utilities,Utilities - Regulated Gas
ESALF,"Eisai Co., Ltd.",-1.26,6.62,64,62,59,Healthcare,Drug Manufacturers - Specialty & Generic
HCXLF,Hiscox Ltd,0.0,2.04,81,83,77,Financial Services,Insurance - Property & Casualty
KNCRY,Konecranes Plc,0.0,8.75,92,91,61,Industrials,Farm & Heavy Construction Machinery
YMHAY,"Yamaha Motor Co., Ltd.",-1.26,-5.94,0,2,92,Consumer Cyclical,Auto Manufacturers
AOS,A. O. Smith Corporation,1.2,-8.18,3,3,19,Consumer Discretionary,Consumer Electronics/Appliances
SSD,"Simpson Manufacturing Co., Inc.",0.61,-11.15,0,0,25,Consumer Discretionary,Industrial Machinery/Components
DVDCF,Davide Campari-Milano N.V.,-0.15,-2.14,80,68,48,Consumer Defensive,Beverages - Wineries & Distilleries
IDA,"IDACORP, Inc.",0.07,-3.95,14,9,40,Utilities,Electric Utilities: Central
ELMUF,Elisa Oyj,0.0,0.0,100,90,48,Communication Services,Telecom Services
FPRUY,Fraport AG,0.0,-7.05,13,9,18,Industrials,Airports & Air Services
HESM,Hess Midstream LP,-0.57,0.48,52,58,56,Energy,Oil & Gas Production
ACI,"Albertsons Companies, Inc.",3.25,-2.58,34,29,7,Consumer Staples,Food Chains
KNTK,Kinetik Holdings Inc.,1.01,5.98,84,77,83,Utilities,Natural Gas Distribution
TOTDY,TOTO LTD.,2.59,-9.8,17,19,56,Industrials,Building Products & Equipment
VLYPN,Valley National Bancorp,0.0,1.66,79,81,46,Finance,Major Banks
KRMN,Karman Holdings Inc.,2.59,-41.69,2,2,2,Industrials,Military/Government/Technical
OCLDY,Orica Limited,0.0,-2.59,85,85,52,Basic Materials,Specialty Chemicals
IDTRY,Indutrade AB (publ),0.0,7.08,100,98,68,Industrials,Industrial Distribution
QGEN,Qiagen N.V.,0.88,-1.69,21,23,44,Health Care,Biotechnology: Biological Products (No Diagnostic Substances)
JPNRF,"Japan Airlines Co., Ltd.",0.0,-3.78,58,80,1,Industrials,Airlines
DNPLY,"Dai Nippon Printing Co., Ltd.",-0.7,-4.72,50,47,66,Industrials,Conglomerates
UMICF,Umicore SA,0.0,-1.38,2,9,79,Industrials,Waste Management
PCOR,"Procore Technologies, Inc.",0.09,-14.33,0,0,31,Technology,Computer Software: Prepackaged Software
KNCRF,Konecranes Plc,0.0,0.0,65,65,2,Industrials,Farm & Heavy Construction Machinery
WFRD,Weatherford International plc,-1.19,-3.53,11,4,50,Consumer Discretionary,Oil and Gas Field Machinery
BCKIF,Babcock International Group PLC,-6.39,-19.42,0,0,11,Industrials,Engineering & Construction
ICGUF,ICG plc,0.0,0.0,65,65,19,Financial Services,Asset Management
YOU,"Clear Secure, Inc.",-1.19,-7.21,0,0,35,Technology,Computer Software: Prepackaged Software
DPMLF,DPM Metals Inc.,0.25,-1.75,9,5,91,Basic Materials,Gold
LTH,"Life Time Group Holdings, Inc.",0.05,-6.34,0,0,89,Consumer Discretionary,Hotels/Resorts
BCHMY,Bachem Holding AG,0.0,2.39,56,63,70,Healthcare,Biotechnology
IVTJY,Investec Group,0.0,3.45,100,95,65,Financial Services,Capital Markets
WILLF,Demant A/S,0.0,1.5,84,83,84,Healthcare,Medical Devices
YORUF,"The Yokohama Rubber Company, Limited",0.0,0.0,65,65,83,Consumer Cyclical,Auto Parts
BILI,Bilibili Inc.,0.45,-8.96,20,19,5,Technology,EDP Services
THNPF,Technip Energies N.V.,0.0,-0.88,16,24,11,Energy,Oil & Gas Equipment & Services
NDBKY,Nedbank Group Limited,1.32,4.51,73,70,83,Financial Services,Banks - Regional
SLAB,Silicon Laboratories Inc.,0.54,0.93,89,80,79,Technology,Semiconductors
TSUKY,"Toyo Suisan Kaisha, Ltd.",-1.71,-0.93,19,23,31,Consumer Defensive,Packaged Foods
TTEK,"Tetra Tech, Inc.",2.18,0.16,74,63,67,Consumer Discretionary,Military/Government/Technical
AKBTY,Akbank T.A.S.,5.74,20.38,99,100,44,Financial Services,Banks - Regional
OMRNY,OMRON Corporation,2.55,-11.04,15,19,83,Technology,Electronic Components
VSH,"Vishay Intertechnology, Inc.",6.14,-0.01,66,69,91,Technology,Electrical Products
SSDOY,"Shiseido Company, Limited",3.73,-2.28,37,34,87,Consumer Defensive,Household & Personal Products
ALKS,Alkermes plc,-0.3,-7.04,13,15,88,Health Care,Biotechnology: Pharmaceutical Preparations
LSTR,"Landstar System, Inc.",-0.53,-8.2,2,0,50,Industrials,Trucking Freight/Courier Services
IFSUF,Infrastrutture Wireless Italiane S.p.A.,8.94,3.02,100,100,18,Real Estate,Real Estate Services
RGEN,Repligen Corporation,0.3,-1.38,5,10,79,Health Care,Biotechnology: Biological Products (No Diagnostic Substances)
GGDVY,Guangdong Investment Limited,1.11,10.77,100,100,73,Utilities,Utilities - Regulated Water
HTCMY,"Hitachi Construction Machinery Co., Ltd.",0.0,11.14,93,93,58,Industrials,Farm & Heavy Construction Machinery
RAL,Ralliant Corporation,3.97,-5.79,61,63,83,Industrials,Industrial Machinery/Components
SKHHY,Sonic Healthcare Limited,-0.07,-11.19,7,6,25,Healthcare,Diagnostics & Research
KLAR,KLAR,0.22,-33.12,0,0,4,Finance,Finance: Consumer Services
SEOJF,Stora Enso Oyj,0.0,37.46,100,100,85,Consumer Cyclical,Packaging & Containers
STHRF,Strathcona Resources Ltd.,-0.73,5.87,69,71,49,Energy,Oil & Gas E&P
IMVT,"Immunovant, Inc.",-1.94,-10.66,0,0,92,Health Care,Biotechnology: Biological Products (No Diagnostic Substances)
CDNAF,"Canadian Tire Corporation, Limited",-1.43,-5.52,9,8,48,Consumer Cyclical,Specialty Retail
CBC,"Central Bancompany, Inc.",0.9,-1.92,89,74,81,Financial Services,Banks - Regional
OGC,OceanaGold Corporation,0.6,6.5,73,68,67,Basic Materials,Gold
THNOF,Technology One Limited,0.0,-7.99,12,14,57,Technology,Software - Application
CEVMF,CTS Eventim AG & Co. KGaA,0.0,1.58,100,93,11,Communication Services,Entertainment
AXTI,"AXT, Inc.",0.11,-16.37,23,23,99,Technology,Semiconductors
VBREY,Vibra Energia S.A.,-2.7,11.26,77,78,90,Consumer Cyclical,Specialty Retail
CSXXY,CAR Group Limited,0.0,-1.73,37,16,32,Communication Services,Internet Content & Information
UOLGY,UOL Group Limited,-0.37,-8.7,0,0,29,Real Estate,Real Estate - Development
KGFHF,Kingfisher plc,2.59,-11.61,11,11,33,Consumer Cyclical,Home Improvement Retail
KYMR,"Kymera Therapeutics, Inc.",-1.74,0.47,0,1,94,Health Care,Biotechnology: Biological Products (No Diagnostic Substances)
ESTC,Elastic N.V.,-0.11,-3.07,21,19,81,Technology,Computer Software: Prepackaged Software
GIFLF,"Grifols, S.A.",0.0,-3.66,42,35,29,Healthcare,Drug Manufacturers - General
PMOIF,Harbour Energy plc,0.0,18.35,87,91,68,Energy,Oil & Gas E&P
GIKLY,"Grifols, S.A.",0.0,12.75,94,92,28,Healthcare,Drug Manufacturers - General
GDS,GDS Holdings Limited,-0.77,-11.36,1,0,14,Technology,Computer Software: Programming Data Processing
TEO,Telecom Argentina S.A.,-2.14,-0.82,51,42,61,Telecommunications,Telecommunications Equipment
GPTGF,The GPT Group,0.0,-0.29,60,56,33,Real Estate,REIT - Diversified
GTES,Gates Industrial Corporation Ltd.,1.6,-5.89,39,39,49,Industrials,Industrial Machinery/Components
TXNM,"TXNM Energy, Inc.",-0.33,0.49,63,64,38,Utilities,Electric Utilities: Central
MHK,"Mohawk Industries, Inc.",2.05,-8.86,12,13,62,Consumer Discretionary,Home Furnishings
VLOWY,Vallourec S.A.,0.0,4.02,63,63,53,Basic Materials,Steel
IDCC,"InterDigital, Inc.",1.07,1.76,100,100,62,Miscellaneous,Multi-Sector Companies
RNKGF,RENK Group AG,0.0,-13.18,4,6,9,Industrials,Aerospace & Defense
CELC,Celcuity Inc.,-2.39,-3.64,0,0,31,Health Care,Medical Specialities
AUGO,Aura Minerals Inc.,1.24,17.42,80,77,96,Basic Materials,Gold
SBFFF,SBM Offshore N.V.,0.0,6.83,90,91,80,Energy,Oil & Gas Equipment & Services
RADLY,Raia Drogasil S.A.,-2.1,5.07,65,64,32,Healthcare,Pharmaceutical Retailers
EDNMY,Edenred SE,-0.61,0.06,0,0,90,Financial Services,Credit Services
VAL,Valaris Limited,-2.31,-1.64,4,0,65,Energy,Oil & Gas Production
MNESP,MSA Safety Incorporated,0.0,1.52,100,93,29,Industrials,Security & Protection Services
OTGLY,CD Projekt Red S.A.,2.8,-9.46,17,15,29,Communication Services,Electronic Gaming & Multimedia
OMF,"OneMain Holdings, Inc.",1.11,-3.89,43,37,60,Finance,Finance: Consumer Services
GGPSF,Greatland Resources Limited,-0.58,0.77,21,20,99,Basic Materials,Gold
CAG,"Conagra Brands, Inc.",-0.68,-5.13,0,0,29,Consumer Staples,Packaged Foods
DSGX,The Descartes Systems Group Inc.,6.62,-1.55,44,42,23,Technology,Computer Software: Prepackaged Software
STWD,"Starwood Property Trust, Inc.",0.0,-4.46,4,0,21,Real Estate,Real Estate Investment Trusts
SGHC,Super Group (SGHC) Limited,1.47,5.73,87,77,60,Consumer Discretionary,Services-Misc. Amusement & Recreation
RYN,Rayonier Inc.,-0.3,-7.08,11,0,28,Real Estate,Real Estate Investment Trusts
CPB,The Campbell's Company,0.29,-9.79,0,0,14,Consumer Staples,Packaged Foods
LDSCY,Land Securities Group Plc,0.59,-11.82,0,0,56,Real Estate,REIT - Diversified
BSDGF,Bosideng International Holdings Limited,-3.47,-5.31,60,55,43,Consumer Cyclical,Apparel Manufacturing
SWX,"Southwest Gas Holdings, Inc.",-0.91,-5.84,0,0,44,Utilities,Oil & Gas Production
ACA,"Arcosa, Inc.",-0.17,0.03,56,59,82,Industrials,Metal Fabrications
URBN,"Urban Outfitters, Inc.",3.94,3.12,58,54,52,Consumer Discretionary,Clothing/Shoe/Accessory Stores
MDA,MDA Space Ltd.,0.31,-16.78,14,12,13,Consumer Discretionary,Electronic Components
SNDR,"Schneider National, Inc.",0.68,-5.7,29,26,73,Industrials,Trucking Freight/Courier Services
FSV,FirstService Corporation,1.3,-2.14,7,8,19,Finance,Real Estate
PTCT,"PTC Therapeutics, Inc.",-1.94,-8.21,0,0,28,Health Care,Biotechnology: Pharmaceutical Preparations
SATLF,"ZOZO, Inc.",0.0,-6.39,29,32,1,Consumer Cyclical,Internet Retail
PATH,"UiPath, Inc.",-0.87,-17.57,3,4,63,Technology,Computer Software: Prepackaged Software
ONEXF,Onex Corporation,2.45,-6.35,21,19,38,Financial Services,Asset Management
CHDN,Churchill Downs Incorporated,1.34,-5.76,4,4,19,Consumer Discretionary,Services-Misc. Amusement & Recreation
GKOS,Glaukos Corporation,-1.84,-11.72,0,0,93,Health Care,Medical/Dental Instruments
TOITF,Topicus.com Inc.,0.72,-9.21,0,0,9,Technology,Software - Infrastructure
DBX,"Dropbox, Inc.",1.46,-1.03,100,98,80,Technology,Computer Software: Prepackaged Software
TOKUY,Tokyu Corporation,0.0,-3.79,11,8,20,Consumer Cyclical,Department Stores
BRTHY,"Brother Industries, Ltd.",0.0,3.53,89,87,92,Industrials,Business Equipment & Supplies
WH,"Wyndham Hotels & Resorts, Inc.",1.01,-6.73,1,1,20,Consumer Discretionary,Hotels/Resorts
LNNGY,Li Ning Company Limited,-0.39,-7.07,8,0,7,Consumer Cyclical,Leisure
VCX,"Fundrise Growth Tech Fund, LLC",0.0,-12.99,0,0,1,,
COGT,"Cogent Biosciences, Inc.",-1.97,-10.45,0,0,82,Health Care,Biotechnology: Pharmaceutical Preparations
EDNMF,Edenred SE,0.0,0.0,65,65,40,Financial Services,Credit Services
SKHCF,Sonic Healthcare Limited,0.0,-0.06,85,80,42,Healthcare,Diagnostics & Research
OSCR,"Oscar Health, Inc.",0.58,6.47,95,97,95,Health Care,Medical Specialities
CROX,"Crocs, Inc.",3.35,-15.15,14,14,69,Consumer Discretionary,Shoe Manufacturing
STEP,StepStone Group Inc.,-0.85,-5.23,32,38,40,Finance,Investment Managers
CPA,"Copa Holdings, S.A.",0.46,-4.03,53,48,51,Consumer Discretionary,Air Freight/Delivery Services
MNTHF,Minth Group Limited,0.0,-5.74,69,75,46,Consumer Cyclical,Auto Parts
GLAPY,Glanbia plc,0.0,-6.37,26,11,76,Consumer Defensive,Packaged Foods
SQNXF,"Square Enix Holdings Co., Ltd.",0.0,18.12,77,75,34,Communication Services,Electronic Gaming & Multimedia
CE,Celanese Corporation,0.81,4.04,65,64,25,Industrials,Major Chemicals
TGTX,"TG Therapeutics, Inc.",-2.71,12.41,67,64,92,Health Care,Biotechnology: Pharmaceutical Preparations
HLBBF,H. Lundbeck A/S,0.0,15.04,88,87,40,Healthcare,Drug Manufacturers - Specialty & Generic
MRUWY,"Maruwa Co.,Ltd.",-3.61,-8.66,57,58,12,,
M,"Macy's, Inc.",7.71,-7.38,54,50,53,Consumer Discretionary,Department/Specialty Retail Stores
ENREF,Energix - Renewable Energies Ltd.,0.0,1.38,100,97,93,Utilities,Utilities - Renewable
WKCMF,Wacker Chemie AG,0.0,-1.34,14,13,64,Basic Materials,Specialty Chemicals
ZETA,Zeta Global Holdings Corp.,-1.24,1.89,53,48,93,Technology,Computer Software: Prepackaged Software
ATOGF,AUTO1 Group SE,-1.79,-5.4,6,31,22,Consumer Cyclical,Auto & Truck Dealerships
KOF,"Coca-Cola FEMSA, S.A.B. de C.V.",0.08,1.72,37,38,66,Consumer Staples,Beverages (Production/Distribution)
OUT,OUTFRONT Media Inc.,0.7,-2.77,0,2,67,Real Estate,Real Estate Investment Trusts
NOVTU,Novanta Inc.,0.92,-11.73,21,18,57,Miscellaneous,Industrial Machinery/Components
CHE,Chemed Corporation,0.31,-3.82,1,5,75,Health Care,Medical/Nursing Services
RMSYF,Ramsay Health Care Limited,0.0,23.8,96,95,93,Healthcare,Medical Care Facilities
EMLZF,Emmi AG,0.0,0.0,100,90,50,Consumer Defensive,Packaged Foods
SMBMY,Seatrium Limited,0.0,0.0,100,90,31,Energy,Oil & Gas Equipment & Services
BAFBF,Balfour Beatty plc,0.0,0.0,65,65,82,Industrials,Engineering & Construction
TKECF,"Tokyo Electric Power Company Holdings, Incorporated",0.0,6.11,28,29,17,Utilities,Utilities - Renewable
BYCRF,"Baycurrent, Inc.",0.0,-337.77,92,92,98,Industrials,Consulting Services
OBDC,Blue Owl Capital Corporation,0.18,-6.8,0,0,31,Finance,Diversified Financial Services
EUTLF,Eutelsat Communications S.A.,-3.18,-15.48,26,25,6,Communication Services,Telecom Services
NJR,New Jersey Resources Corporation,-0.34,-4.29,7,3,50,Utilities,Oil/Gas Transmission
PIPR,Piper Sandler Companies,0.42,-2.28,83,77,30,Finance,Investment Bankers/Brokers/Service
BBRYF,Burberry Group plc,0.0,-5.42,40,32,30,Consumer Cyclical,Luxury Goods
DLKGF,Delek Group Ltd.,-7.07,4.26,37,40,1,Energy,Oil & Gas E&P
PREKF,PrairieSky Royalty Ltd.,-1.42,3.44,44,44,73,Energy,Oil & Gas E&P
HWC,Hancock Whitney Corporation,1.14,-4.56,45,44,65,Finance,Major Banks
BXSL,Blackstone Secured Lending Fund,0.62,-2.4,43,44,39,Finance,Trusts Except Educational Religious and Charitable
PLUG,Plug Power Inc.,-0.47,-8.7,7,0,28,Energy,Industrial Machinery/Components
OZKAP,Bank OZK,0.78,-3.94,4,0,29,Finance,Major Banks
MARA,"MARA Holdings, Inc.",4.81,30.08,100,100,29,Technology,EDP Services
FUPBY,Fuchs SE,-1.07,6.35,75,79,60,Basic Materials,Specialty Chemicals
SSMXY,Sysmex Corporation,1.4,-1.94,19,26,73,Healthcare,Medical Devices
ETCMY,Eutelsat Communications S.A.,0.93,-19.62,37,36,4,Communication Services,Telecom Services
BC,Brunswick Corporation,1.2,-12.86,2,2,31,Industrials,Industrial Machinery/Components
MCY,Mercury General Corporation,-0.3,-2.15,27,27,64,Finance,Property-Casualty Insurers
LB,LandBridge Company LLC,0.54,15.53,79,77,88,Energy,Oil & Gas Production
HOMB,"Home BancShares, Inc.",0.67,-4.4,45,40,54,Finance,Major Banks
FINN,"First National of Nebraska, Inc.",0.0,2.81,83,83,78,Financial Services,Banks - Regional
THKLY,"THK Co., Ltd.",0.94,-20.49,0,0,68,Industrials,Specialty Industrial Machinery
AVAL,Grupo Aval Acciones y Valores S.A.,-0.74,-0.66,46,44,78,Finance,Commercial Banks
EPAM,"EPAM Systems, Inc.",2.96,16.11,97,93,25,Technology,EDP Services
HRSEF,"Hirose Electric Co.,Ltd.",0.0,0.0,100,90,1,Technology,Electronic Components
TKMTY,"Tokyo Metro Co., Ltd.",0.0,0.0,100,90,13,Industrials,Railroads
CBUMF,China National Building Material Company Limited,0.0,-0.7,19,17,12,Basic Materials,Building Materials
RUSHB,"Rush Enterprises, Inc.",1.36,-6.48,22,10,74,Consumer Discretionary,Retail-Auto Dealers and Gas Stations
LNNGF,Li Ning Company Limited,-2.7,12.62,77,78,9,Consumer Cyclical,Leisure
VCTR,"Victory Capital Holdings, Inc.",-0.68,-6.24,0,0,92,Finance,Investment Managers
NBCLF,"Nitto Boseki Co., Ltd.",-0.97,-0.9,32,31,98,Consumer Cyclical,Textile Manufacturing
EQPT,EquipmentShare.com Inc.,2.27,-15.83,26,25,6,Consumer Discretionary,Diversified Commercial Services
IPGDF,IGO Limited,0.0,-1.7,50,48,60,Basic Materials,Other Industrial Metals & Mining
PSMT,"PriceSmart, Inc.",0.77,-4.64,26,20,71,Consumer Discretionary,Department/Specialty Retail Stores
HASI,"HA Sustainable Infrastructure Capital, Inc.",-0.64,-11.76,0,0,62,Finance,Finance/Investors Services
RICOY,"Ricoh Company, Ltd.",0.0,12.04,93,94,70,Industrials,Business Equipment & Supplies
RITM,Rithm Capital Corp.,0.83,-5.98,0,0,37,Real Estate,Real Estate Investment Trusts
VSECU,VSE Corporation,0.5,-14.72,0,0,36,Industrials,Aerospace & Defense
GLBE,Global-E Online Ltd.,1.86,-11.87,18,21,47,Technology,Computer Software: Prepackaged Software
HLPPY,Hang Lung Properties Limited,0.0,-3.08,10,6,13,Real Estate,Real Estate Services
ENGGY,"Enagás, S.A.",-1.25,-1.55,10,15,60,Utilities,Utilities - Regulated Gas
ACHR,Archer Aviation Inc.,2.39,-19.94,8,9,15,Industrials,Aerospace
BOOT,"Boot Barn Holdings, Inc.",2.64,-11.13,10,9,9,Consumer Discretionary,Clothing/Shoe/Accessory Stores
OTF,Blue Owl Technology Finance Corp.,0.19,-6.87,0,0,23,Financial Services,Asset Management
RNSHF,Renishaw plc,0.0,-6.24,57,63,44,Technology,Scientific & Technical Instruments
SEI,"Solaris Energy Infrastructure, Inc.",5.1,12.55,98,99,84,Consumer Discretionary,Oil and Gas Field Machinery
CNVVF,Convatec Group PLC,-2.75,-11.13,12,10,30,Healthcare,Medical Instruments & Supplies
TOSCF,Tosoh Corporation,0.0,0.0,100,90,1,Basic Materials,Chemicals
GLNG,Golar LNG Limited,0.38,3.78,92,80,71,Consumer Discretionary,Marine Transportation
DSVSF,Discovery Mining Ltd.,-0.03,12.53,67,64,95,Basic Materials,Silver
SBRA,"Sabra Health Care REIT, Inc.",-1.49,3.38,51,51,57,Real Estate,Real Estate Investment Trusts
JAN,"Janus Living, Inc.",0.51,3.64,65,58,80,Real Estate,Real Estate Investment Trusts
VLMTY,Valmet Oyj,0.0,0.0,100,90,12,Industrials,Specialty Industrial Machinery
BIPC,Brookfield Infrastructure Corporation,1.01,-8.01,16,4,17,Utilities,Oil & Gas Production
MAPGF,Mapletree Logistics Trust,0.0,5.85,94,88,46,Real Estate,REIT - Industrial
TMICY,Trend Micro Incorporated,2.2,-1.49,86,85,21,Technology,Software - Infrastructure
BTDPY,Barratt Redrow plc,-0.29,-13.13,0,0,35,Consumer Cyclical,Residential Construction
YKLTY,"Yakult Honsha Co.,Ltd.",0.0,5.09,76,79,60,Consumer Defensive,Beverages - Non-Alcoholic
HSYDF,Harmonic Drive Systems Inc.,5.12,-4.2,64,65,98,Industrials,Specialty Industrial Machinery
WHITF,Whitehaven Coal Limited,-0.47,19.85,99,99,68,Energy,Thermal Coal
CVLT,"Commvault Systems, Inc.",-1.13,-13.92,3,0,54,Technology,Computer Software: Prepackaged Software
HRB,"H&R Block, Inc.",0.53,-14.64,0,1,74,Consumer Discretionary,Other Consumer Services
COLZF,Coca-Cola Içecek Anonim Sirketi,0.0,0.0,100,90,99,Consumer Defensive,Beverages - Non-Alcoholic
SR,Spire Inc.,-0.55,-2.3,9,12,39,Utilities,Oil/Gas Transmission
OMAB,"Grupo Aeroportuario del Centro Norte, S.A.B. de C.V.",0.61,-8.15,13,2,31,Consumer Discretionary,Aerospace
LBRDA,Liberty Broadband Corporation,16.62,21.83,100,100,3,Telecommunications,Cable & Other Pay Television Services
SXT,Sensient Technologies Corporation,-1.88,-1.07,0,0,75,Industrials,Major Chemicals
HLNE,Hamilton Lane Incorporated,0.2,-10.46,0,0,31,Finance,Investment Managers
PMNXF,Perseus Mining Limited,0.87,20.01,84,84,90,Basic Materials,Gold
PAGP,"Plains GP Holdings, L.P.",0.36,9.81,82,78,86,Energy,Natural Gas Distribution
PBF,PBF Energy Inc.,1.58,5.69,100,100,97,Energy,Integrated oil Companies
ATDRY,Autotrader Group plc,0.63,-5.61,0,0,23,Communication Services,Internet Content & Information
GMVHF,Entain Plc,-0.8,-8.82,35,35,7,Consumer Cyclical,Gambling
HSHZY,Hoshizaki Corporation,0.0,-3.39,91,98,37,Industrials,Specialty Industrial Machinery
LBRT,Liberty Energy Inc.,0.96,-0.32,70,71,45,Energy,Oilfield Services/Equipment
LEGIF,LEG Immobilien SE,0.0,0.0,100,90,17,Real Estate,Real Estate Services
MOHCY,Motor Oil (Hellas) Corinth Refineries S.A.,0.0,62.57,91,90,97,Energy,Oil & Gas Refining & Marketing
FNCNF,Fincantieri S.p.A.,0.0,2.12,100,100,25,Industrials,Aerospace & Defense
HISEF,"Hisense Home Appliances Group Co., Ltd.",0.0,2.98,100,99,95,Consumer Cyclical,"Furnishings, Fixtures & Appliances"
CAI,"Caris Life Sciences, Inc.",1.25,9.74,49,47,63,Health Care,Medical Specialities
TKC,Turkcell Iletisim Hizmetleri A.S.,1.9,-0.92,82,75,21,Telecommunications,Telecommunications Equipment
CHEOF,Cochlear Limited,0.0,6.81,72,76,17,Healthcare,Medical Devices
FFIN,"First Financial Bankshares, Inc.",0.3,-5.61,22,28,42,Finance,Major Banks
DEXSF,DEXUS,0.0,-5.81,26,20,49,Real Estate,REIT - Office
LAZ,"Lazard, Inc.",-1.84,-9.65,0,0,20,Finance,Investment Managers
WHD,"Cactus, Inc.",1.67,-3.26,49,43,89,Consumer Discretionary,Oil and Gas Field Machinery
FBIN,"Fortune Brands Innovations, Inc.",2.49,-15.41,10,10,16,Basic Materials,Forest Products
ORLA,Orla Mining Ltd,0.0,9.64,92,94,55,Basic Materials,Precious Metals
ACLS,"Axcelis Technologies, Inc.",0.11,-20.69,13,11,47,Technology,Industrial Machinery/Components
OCTV,Octave Intelligence plc,2.78,-6.24,13,13,15,Technology,Computer Software: Prepackaged Software
CMZOF,"Corporación Moctezuma, S.A.B. de C.V.",0.0,0.0,100,90,99,Basic Materials,Building Materials
PI,"Impinj, Inc.",2.93,-1.11,100,100,85,Technology,Industrial Machinery/Components
SKBNF,Shikun & Binui Ltd.,0.0,0.0,100,90,88,Industrials,Engineering & Construction
MIR,"Mirion Technologies, Inc.",0.88,2.44,65,65,11,Industrials,Industrial Machinery/Components
BKEAF,"The Bank of East Asia, Limited",10.23,20.04,100,100,93,Financial Services,Banks - Regional
REYN,Reynolds Consumer Products Inc.,0.83,-16.6,4,5,28,Consumer Discretionary,Containers/Packaging
DNPUF,"Sumitomo Pharma Co., Ltd.",7.98,19.02,100,100,14,Healthcare,Drug Manufacturers - Specialty & Generic
TTCIF,Titan S.A.,0.0,3.11,100,100,65,Basic Materials,Building Materials
RDN,Radian Group Inc.,-1.66,-2.71,0,0,49,Finance,Property-Casualty Insurers
CSW,"CSW Industrials, Inc.",3.09,-12.31,14,15,58,Industrials,Home Furnishings
NGXXF,NGEx Minerals Ltd.,0.11,-5.6,9,8,49,Basic Materials,Other Industrial Metals & Mining
SAIC,Science Applications International Corporation,0.89,2.56,100,100,79,Technology,EDP Services
AIR,AAR Corp.,0.81,-12.49,6,4,81,Industrials,Aerospace
MONDY,Mondi plc,1.5,-4.25,12,11,45,Basic Materials,Paper & Paper Products
SHC,Sotera Health Company,0.6,-3.42,0,6,68,Health Care,Misc Health and Biotechnology Services
KNF,Knife River Corporation,0.79,-12.58,0,0,7,Industrials,Mining & Quarrying of Nonmetallic Minerals (No Fuels)
FLIDY,FLSmidth & Co. A/S,-2.28,11.26,72,71,72,Industrials,Specialty Industrial Machinery
ACIW,"ACI Worldwide, Inc.",0.23,-2.93,29,38,66,Technology,Computer Software: Prepackaged Software
NPIFF,Northland Power Inc.,0.0,2.98,61,54,39,Utilities,Utilities - Renewable
KBR,"KBR, Inc.",0.38,-4.11,16,20,23,Industrials,Military/Government/Technical
MAUTF,Montage Gold Corp.,-1.29,2.0,42,36,97,Basic Materials,Gold
MDU,"MDU Resources Group, Inc.",-0.21,-4.67,0,0,35,Industrials,Mining & Quarrying of Nonmetallic Minerals (No Fuels)
PONY,Pony AI Inc.,0.08,-20.35,0,0,2,Technology,EDP Services
MCARY,"Mercari, Inc.",0.0,-1.5,11,5,86,Consumer Cyclical,Internet Retail
LIMAF,Linamar Corporation,0.0,-4.13,19,13,61,Consumer Cyclical,Auto Parts
MRVGF,Mirvac Group,0.0,0.0,100,90,27,Real Estate,REIT - Diversified
EPR,EPR Properties,-0.25,-3.58,27,23,55,Real Estate,Real Estate Investment Trusts
PFSI,"PennyMac Financial Services, Inc.",0.79,-11.13,0,0,7,Finance,Finance: Consumer Services
HNGE,"Hinge Health, Inc.",0.37,1.34,42,39,94,Technology,EDP Services
TCBI,"Texas Capital Bancshares, Inc.",0.19,-1.52,82,78,47,Finance,Major Banks
MAT,"Mattel, Inc.",1.45,-5.85,15,17,13,Consumer Discretionary,Recreational Games/Products/Toys
NRSDY,Nordic Semiconductor ASA,8.27,9.41,100,100,70,Technology,Semiconductors
VVV,Valvoline Inc.,1.13,-9.54,4,8,14,Industrials,Major Chemicals
PVH,PVH Corp.,1.86,-13.45,16,19,23,Industrials,Garments and Clothing
JTKWY,Just Eat Takeaway.com N.V.,1.04,-1.42,72,74,44,,
BCO,The Brink's Company,2.46,-2.24,83,76,46,Industrials,Integrated Freight & Logistics
WING,Wingstop Inc.,5.95,3.11,55,58,2,Consumer Discretionary,Restaurants
AXXTF,Axiata Group Berhad,0.0,0.0,100,90,22,Communication Services,Telecom Services
FHI,"Federated Hermes, Inc.",-2.33,-6.26,0,0,55,Finance,Investment Managers
PLNT,"Planet Fitness, Inc.",1.54,3.36,26,29,5,Consumer Discretionary,Hotels/Resorts
TNL,Travel + Leisure Co.,2.11,-10.76,21,23,31,Consumer Discretionary,Hotels/Resorts
APEMY,Aperam S.A.,-7.25,-0.34,24,21,81,Basic Materials,Steel
HKMPY,Hikma Pharmaceuticals PLC,0.0,-9.08,0,2,53,Healthcare,Drug Manufacturers - Specialty & Generic
RXO,"RXO, Inc.",-0.1,-16.42,0,0,55,Consumer Discretionary,Transportation Services
RELY,"Remitly Global, Inc.",0.27,-14.17,0,0,82,Consumer Discretionary,Business Services
LBTYA,Liberty Global Ltd.,-1.41,-0.19,42,45,17,Telecommunications,Cable & Other Pay Television Services
KKKUF,"Kakaku.com, Inc.",0.0,6.65,81,75,91,Communication Services,Internet Content & Information
SOOBF,Sapporo Breweries Limited,0.0,-2.9,20,24,1,Consumer Defensive,Beverages - Brewers
SLMBP,SLM Corporation,-0.8,0.93,63,67,42,Finance,Finance: Consumer Services
TWST,Twist Bioscience Corporation,0.29,1.54,32,32,98,Health Care,Biotechnology: Biological Products (No Diagnostic Substances)
TDS,"Telephone and Data Systems, Inc.",0.05,6.91,90,93,24,Telecommunications,Telecommunications Equipment
FULT,Fulton Financial Corporation,0.0,-3.75,32,28,67,Finance,Major Banks
GNNSF,Genscript Biotech Corporation,2.5,32.26,65,64,97,Healthcare,Biotechnology
FMCCK,Federal Home Loan Mortgage Corporation,0.0,-1.66,0,16,4,Financial Services,Mortgage Finance
FMCCI,Federal Home Loan Mortgage Corporation,2.13,-2.04,64,60,9,Financial Services,Mortgage Finance
FMCC,Federal Home Loan Mortgage Corporation,-0.2,-6.92,0,0,6,Financial Services,Mortgage Finance
FMCKK,Federal Home Loan Mortgage Corporation PFD,0.0,-1.69,20,13,6,Unknown,Unknown
FMCKM,Federal Home Loan Mortgage Corporation,0.0,-2.0,22,14,5,Financial Services,Mortgage Finance
FMCCO,Federal Home Loan Mortgage Corporation,0.0,-3.43,0,0,4,Financial Services,Mortgage Finance
FMCCL,Federal Home Loan Mortgage Corporation,0.0,-9.99,0,0,5,Financial Services,Mortgage Finance
ITVPY,ITV plc,2.54,-2.91,49,47,18,Communication Services,Broadcasting
SRAD,Sportradar Group AG,1.65,-4.93,45,46,3,Technology,Computer Software: Programming Data Processing
NCTKF,Nabtesco Corporation,0.0,-1.51,26,14,64,Industrials,Specialty Industrial Machinery
WPP,WPP plc,0.81,-7.48,31,23,82,Consumer Discretionary,Advertising
JGCCY,JGC Holdings Corporation,0.0,-5.14,22,17,51,Industrials,Engineering & Construction
NCTKY,Nabtesco Corporation,6.35,-9.27,56,61,61,Industrials,Specialty Industrial Machinery
NINOF,Nikon Corporation,0.0,-9.77,38,41,1,Consumer Cyclical,Leisure
ESYJY,easyJet plc,0.11,-0.99,21,29,91,Industrials,Airlines
OPLN,"OPENLANE, Inc.",1.47,-0.06,91,89,60,Consumer Discretionary,Retail-Auto Dealers and Gas Stations
BBWI,"Bath & Body Works, Inc.",6.42,0.7,46,45,24,Consumer Discretionary,Clothing/Shoe/Accessory Stores
LMGIF,Lumine Group Inc.,0.63,-11.88,0,3,10,Technology,Software - Application
PII,Polaris Inc.,0.98,-13.85,1,1,27,Consumer Discretionary,Industrial Specialties
RUM,RUM Group Inc.,-2.65,-4.91,0,0,44,Technology,Computer Software: Programming Data Processing
GCWOF,"GCC, S.A.B. de C.V.",-1.83,-7.73,0,0,45,Basic Materials,Building Materials
USAC,"USA Compression Partners, LP",-0.47,6.06,80,81,58,Utilities,Natural Gas Distribution
NDGPY,Nine Dragons Paper (Holdings) Limited,0.0,0.0,65,65,55,Basic Materials,Paper & Paper Products
SEZL,Sezzle Inc.,0.39,-8.47,33,31,85,Finance,Finance: Consumer Services
KTB,"Kontoor Brands, Inc.",0.7,-20.15,0,0,20,Industrials,Garments and Clothing
GCPEF,GCL Technology Holdings Limited,0.0,10.0,92,92,14,Technology,Solar
MWA,"Mueller Water Products, Inc.",1.06,-6.15,20,16,25,Industrials,Metal Fabrications
BBAR,Banco BBVA Argentina S.A.,-2.93,-7.05,60,58,35,Finance,Commercial Banks
LRN,"Stride, Inc.",0.68,-2.0,2,7,18,Real Estate,Other Consumer Services
CRK,"Comstock Resources, Inc.",-2.7,8.84,52,52,18,Energy,Oil & Gas Production
HLPMF,HELLENiQ ENERGY Holdings S.A.,0.0,0.0,100,90,90,Energy,Oil & Gas Refining & Marketing
VEON,VEON Ltd.,-1.87,18.99,86,86,87,Telecommunications,Telecommunications Equipment
SNPHY,"Santen Pharmaceutical Co., Ltd.",3.21,-7.47,18,18,35,Healthcare,Drug Manufacturers - General
TTVSY,TOTVS S.A.,-0.88,12.5,67,66,26,Technology,Software - Application
QLYS,"Qualys, Inc.",-6.99,-23.28,0,0,80,Technology,Computer Software: Prepackaged Software
BELFB,Bel Fuse Inc.,3.03,-12.46,23,22,76,Technology,Electronic Components
NPSKY,NSK Ltd.,0.0,-5.49,31,30,53,Consumer Cyclical,Auto Parts
WYNMF,"Wynn Macau, Limited",0.0,0.99,55,43,26,Consumer Cyclical,Resorts & Casinos
ATMU,Atmus Filtration Technologies Inc.,0.0,-8.69,0,0,20,Consumer Discretionary,Auto Parts:O.E.M.
INDB,Independent Bank Corp.,-0.07,-3.23,52,46,57,Finance,Major Banks
MRX,Marex Group Limited,-1.47,1.11,42,43,95,Finance,Investment Bankers/Brokers/Service
WYNMY,"Wynn Macau, Limited",-1.24,-3.38,11,6,32,Consumer Cyclical,Resorts & Casinos
HAFN,Hafnia Limited,0.21,30.33,97,97,94,Consumer Discretionary,Transportation Services
GPI,"Group 1 Automotive, Inc.",-1.27,6.02,60,59,8,Consumer Discretionary,Retail-Auto Dealers and Gas Stations
NG,NovaGold Resources Inc.,-1.45,-3.35,5,5,24,Basic Materials,Precious Metals
EE,"Excelerate Energy, Inc.",-0.52,8.15,61,60,81,Utilities,Oil/Gas Transmission
ARIS,Aris Mining Corporation,0.67,12.3,56,54,88,Basic Materials,Gold
BOX,"Box, Inc.",-1.08,0.33,49,51,75,Technology,Computer Software: Prepackaged Software
KNSA,"Kiniksa Pharmaceuticals International, plc",-0.27,-2.0,15,22,95,Health Care,Biotechnology: Pharmaceutical Preparations
ASMOF,Asmodee Group AB (publ),-4.29,27.45,67,64,78,,
EDVGF,Endeavour Group Limited,0.0,6.34,100,100,48,Consumer Defensive,Beverages - Wineries & Distilleries
STUB,"StubHub Holdings, Inc.",1.34,-21.48,1,2,2,Consumer Discretionary,Services-Misc. Amusement & Recreation
PEYUF,Peyto Exploration & Development Corp.,-1.85,0.48,27,30,49,Energy,Oil & Gas E&P
PALAF,Paladin Energy Ltd,-9.09,-2.8,6,8,63,Energy,Uranium
FG,"F&G Annuities & Life, Inc.",-2.21,-16.03,12,10,11,Finance,Life Insurance
SA,Seabridge Gold Inc.,0.19,-3.61,20,16,73,Basic Materials,Precious Metals
ITRI,"Itron, Inc.",0.0,-8.93,0,0,39,Industrials,Electrical Products
SEYMF,"Solaria Energía y Medio Ambiente, S.A.",0.0,-9.89,50,48,92,Utilities,Utilities - Renewable
PIFMF,PT Indofood Sukses Makmur Tbk,-2.44,-2.44,0,0,14,Consumer Defensive,Packaged Foods
BBAJF,"Banco del Bajío, S.A., Institución de Banca Múltiple",0.0,135.02,100,100,99,Financial Services,Banks - Regional
AAP,"Advance Auto Parts, Inc.",3.16,-22.11,18,18,10,Consumer Discretionary,Auto & Home Supply Stores
ADOOY,PT Alamtri Resources Indonesia Tbk,0.0,7.24,91,91,82,Energy,Thermal Coal
NINOY,Nikon Corporation,1.44,-12.26,4,4,24,Consumer Cyclical,Leisure
FSRPF,Frasers Property Limited,0.0,0.0,100,90,23,Real Estate,Real Estate - Diversified
HEGIY,Hengan International Group Company Limited,-2.23,-10.77,8,2,13,Consumer Defensive,Household & Personal Products
ZLDPY,Zealand Pharma A/S,0.0,-4.94,30,24,16,Healthcare,Biotechnology
BHFAN,"Brighthouse Financial, Inc.",-0.09,3.9,80,78,24,Finance,Life Insurance
BHFAP,"Brighthouse Financial, Inc.",-0.07,3.29,80,78,24,Finance,Life Insurance
AFLYY,Air France-KLM SA,1.54,-3.65,50,43,46,Industrials,Airlines
HIMX,"Himax Technologies, Inc.",6.89,0.48,72,77,83,Technology,Semiconductors
DRXGY,Drax Group plc,0.0,0.0,65,65,20,Utilities,Utilities - Renewable
AFRAF,Air France-KLM SA,-5.43,-11.08,12,10,40,Industrials,Airlines
RGRNF,Regis Resources Limited,-12.69,3.67,36,37,82,Basic Materials,Gold
WGXRF,Westgold Resources Limited,-0.98,-0.74,7,10,73,Basic Materials,Gold
JPSWY,"The Japan Steel Works, Ltd.",0.26,-1.85,33,34,11,Industrials,Specialty Industrial Machinery
INFQ,"Infleqtion, Inc.",1.23,7.72,39,37,26,Technology,EDP Services
ORKA,"Oruka Therapeutics, Inc.",0.8,-14.56,11,8,98,Health Care,Biotechnology: In Vitro & In Vivo Diagnostic Substances
IIJIY,Internet Initiative Japan Inc.,2.53,-1.28,77,75,75,Communication Services,Telecom Services
OGN,Organon & Co.,0.07,-0.44,45,45,91,Health Care,Biotechnology: Pharmaceutical Preparations
DLO,DLocal Limited,-0.4,0.68,63,60,69,Consumer Discretionary,Business Services
PBMRY,PT Bumi Resources Tbk,0.0,0.0,65,65,50,Energy,Thermal Coal
ARX,Accelerant Holdings,0.0,1.69,77,80,89,Finance,Specialty Insurers
ANF,Abercrombie & Fitch Co.,1.61,33.46,85,87,93,Consumer Discretionary,Clothing/Shoe/Accessory Stores
APLE,"Apple Hospitality REIT, Inc.",-0.06,-1.54,23,23,73,Real Estate,Real Estate Investment Trusts
FIZZ,National Beverage Corp.,1.49,0.13,28,31,26,Consumer Staples,Beverages (Production/Distribution)
ARCVF,Arcadis NV,0.0,4.97,49,48,79,Industrials,Engineering & Construction
BRCTF,BioArctic AB (publ),0.0,16.19,100,100,65,Healthcare,Biotechnology
SMG,The Scotts Miracle-Gro Company,0.55,-7.51,0,0,30,Industrials,Agricultural Chemicals
GBDC,"Golub Capital BDC, Inc.",0.71,-4.55,8,11,35,Finance,Finance: Consumer Services
ASO,"Academy Sports and Outdoors, Inc.",2.11,13.14,100,100,50,Consumer Discretionary,Other Specialty Stores
MMTOY,Mitsubishi Motors Corporation,0.0,0.0,100,90,14,Consumer Cyclical,Auto Manufacturers
SKYW,"SkyWest, Inc.",0.38,-11.28,20,17,36,Consumer Discretionary,Air Freight/Delivery Services
BEAM,Beam Therapeutics Inc.,-1.56,-9.51,0,0,23,Health Care,Biotechnology: Biological Products (No Diagnostic Substances)
ICUI,"ICU Medical, Inc.",-0.5,-14.54,0,0,62,Health Care,Medical/Dental Instruments
CLZNY,Clariant AG,0.0,3.68,0,0,85,Basic Materials,Specialty Chemicals
HTWSF,Helios Towers plc,2.44,-2.68,32,27,64,Communication Services,Telecom Services
SXI,Standex International Corporation,0.86,-17.88,0,0,50,Industrials,Industrial Machinery/Components
CVI,"CVR Energy, Inc.",2.18,39.49,100,100,94,Energy,Integrated oil Companies
WSBCO,"WesBanco, Inc.",0.67,0.59,83,71,44,Finance,Major Banks
GPK,Graphic Packaging Holding Company,1.17,-19.76,1,1,8,Consumer Discretionary,Containers/Packaging
CSQ,Calamos Strategic Total Return Fund,1.12,-0.31,68,62,61,Finance,Finance Companies
BTU,Peabody Energy Corporation,-2.82,17.1,70,69,55,Energy,Coal Mining
SNYYF,Sany Heavy Equipment International Holdings Company Limited,-3.85,42.19,86,86,71,Industrials,Farm & Heavy Construction Machinery
CAKE,The Cheesecake Factory Incorporated,1.52,-8.21,5,5,95,Consumer Discretionary,Restaurants
PEGRY,Pennon Group Plc,0.58,-4.05,0,11,25,Utilities,Utilities - Regulated Water
AAUC,Allied Gold Corporation,1.6,-0.22,65,64,37,Basic Materials,Gold
MMS,"Maximus, Inc.",0.69,2.14,56,57,9,Consumer Discretionary,Business Services
UPST,"Upstart Holdings, Inc.",1.95,-17.37,5,5,5,Finance,Finance: Consumer Services
FFBC,First Financial Bancorp.,-0.09,-4.6,26,28,67,Finance,Major Banks
CLCMF,Sinch AB (publ),0.0,0.0,100,90,54,Communication Services,Telecom Services
THYCY,Taiheiyo Cement Corporation,0.0,4.17,47,44,32,Basic Materials,Building Materials
TDC,Teradata Corporation,1.75,0.76,44,44,32,Technology,Computer Software: Prepackaged Software
CNALF,Canal+ SA,0.0,0.0,100,100,34,,
PRMRY,Paramount Resources Ltd.,0.0,1.86,100,94,32,Energy,Oil & Gas E&P
TNGX,"Tango Therapeutics, Inc.",1.75,-7.29,48,43,96,Health Care,Biotechnology: Pharmaceutical Preparations
BATRK,"Atlanta Braves Holdings, Inc.",-1.25,-8.13,0,0,54,Consumer Discretionary,Services-Misc. Amusement & Recreation
ERO,Ero Copper Corp.,1.4,3.2,35,34,91,Basic Materials,Metal Mining
TLX,Telix Pharmaceuticals Limited,-5.13,-8.43,26,22,75,Health Care,Biotechnology: Pharmaceutical Preparations
HSAI,Hesai Group,-0.52,-10.26,42,40,11,Industrials,Industrial Machinery/Components
VC,Visteon Corporation,0.37,-5.54,19,24,22,Consumer Discretionary,Auto Parts:O.E.M.
CZGZF,Colt CZ Group SE,0.0,-6.3,18,12,98,Industrials,Aerospace & Defense
CRVL,CorVel Corporation,2.33,7.53,69,64,54,Finance,Specialty Insurers
CGNMF,CGN Mining Company Limited,0.0,3.33,15,15,10,Energy,Uranium
UNFI,"United Natural Foods, Inc.",0.77,-8.5,24,18,64,Consumer Discretionary,Food Distributors
TENB,"Tenable Holdings, Inc.",-5.99,-24.78,0,0,68,Technology,Computer Software: Prepackaged Software
PRK,Park National Corporation,-0.17,-9.22,1,5,62,Finance,Major Banks
VTMX,"Corporación Inmobiliaria Vesta, S.A.B. de C.V.",0.06,-0.8,6,16,50,Finance,Real Estate
KURRY,"Kuraray Co., Ltd.",0.0,-10.79,9,5,50,Basic Materials,Chemicals
YAMCF,Yamaha Corporation,0.0,0.0,65,65,79,Consumer Cyclical,Leisure
EQGPF,EQB Inc.,0.0,-6.97,42,42,75,Financial Services,Banks - Regional
BXMT,"Blackstone Mortgage Trust, Inc.",-0.96,-7.93,0,0,6,Real Estate,Real Estate Investment Trusts
GRAL,"GRAIL, Inc.",-1.71,11.71,61,59,90,Health Care,Medical Specialities
BKD,Brookdale Senior Living Inc.,-0.49,-3.27,62,67,55,Health Care,Hospital/Nursing Management
BGSI,Boyd Group Services Inc.,10.85,-1.72,71,68,5,Consumer Cyclical,Auto & Truck Dealerships
WLHSF,Wilh. Wilhelmsen Holding ASA,0.0,0.0,100,90,99,Industrials,Marine Shipping
ULVAF,"ULVAC, Inc.",0.0,-21.34,8,7,1,Industrials,Specialty Industrial Machinery
JSGRY,LIXIL Corporation,0.0,0.97,73,67,42,Industrials,Building Products & Equipment
HYPMY,Hypera S.A.,-1.12,4.24,84,84,52,Healthcare,Drug Manufacturers - Specialty & Generic
EFXT,Enerflex Ltd.,2.64,6.86,100,100,85,Industrials,Industrial Machinery/Components
APAM,Artisan Partners Asset Management Inc.,-4.51,-9.46,0,0,43,Finance,Investment Managers
VGPBF,VGP NV,-5.38,-10.37,0,0,10,Real Estate,Real Estate Services
AWR,American States Water Company,-1.13,-1.93,0,7,68,Utilities,Water Supply
MITFY,Mitie Group plc,3.5,8.07,100,100,87,Industrials,Specialty Business Services
WRBY,Warby Parker Inc.,1.69,-4.52,32,29,32,Health Care,Ophthalmic Goods
BCCLF,"Becle, S.A.B. de C.V.",0.0,-2.6,62,50,22,Consumer Defensive,Beverages - Wineries & Distilleries
TTAM,Titan America SA,-0.54,-7.07,0,0,20,Industrials,Mining & Quarrying of Nonmetallic Minerals (No Fuels)
LFST,"LifeStance Health Group, Inc.",-0.23,6.14,86,85,97,Health Care,Medical/Nursing Services
JNPKF,Jenoptik AG,0.0,-0.74,62,68,95,Technology,Electronic Components
KALU,Kaiser Aluminum Corporation,-0.77,-13.98,18,18,84,Industrials,Metal Fabrications
CSAN,Cosan S.A.,-3.39,9.2,75,73,8,Consumer Discretionary,Retail-Auto Dealers and Gas Stations
BANC,"Banc of California, Inc.",0.82,-5.5,26,21,40,Finance,Major Banks
BKFKF,P/F Bakkafrost,0.0,-1.1,24,33,66,Consumer Defensive,Farm Products
TE,T1 Energy Inc.,0.66,-3.76,44,42,28,Miscellaneous,Industrial Machinery/Components
ADEA,Adeia Inc.,1.54,-6.72,46,47,85,Technology,Computer Software: Prepackaged Software
TNIPF,Theon International Plc,0.0,0.0,100,92,34,Industrials,Aerospace & Defense
SGAMY,Sega Sammy Holdings Inc.,3.6,19.35,100,100,79,Communication Services,Electronic Gaming & Multimedia
LYSFF,Lerøy Seafood Group ASA,7.61,7.13,100,100,42,Consumer Defensive,Packaged Foods
EXG,Eaton Vance Tax-Managed Global Diversified Equity Income Fund,0.31,-3.33,0,0,54,Finance,Finance Companies
SMIZF,"Meliá Hotels International, S.A.",0.0,-0.09,33,35,55,Consumer Cyclical,Lodging
WT,"WisdomTree, Inc.",-1.36,5.42,62,63,94,Finance,Investment Bankers/Brokers/Service
BKV,BKV Corporation,-2.92,-6.52,9,7,26,Energy,Oil & Gas Production
RMTHF,Matrix IT Ltd.,-0.01,29.16,73,73,66,Technology,Information Technology Services
HTGC,"Hercules Capital, Inc.",0.12,2.84,77,73,61,Finance,Investment Managers
QNTQF,QinetiQ Group plc,0.0,-21.25,2,3,41,Industrials,Aerospace & Defense
NHC,National HealthCare Corporation,-0.2,2.11,41,38,91,Health Care,Hospital/Nursing Management
TROLB,"Tootsie Roll Industries, Inc.",0.0,0.0,65,65,38,Consumer Defensive,Confectioners
BOSSY,Hugo Boss AG,0.0,3.83,87,88,45,Consumer Cyclical,Apparel Manufacturing
WOLF,"Wolfspeed, Inc.",2.98,-17.74,12,9,33,Technology,Semiconductors
EOSE,"Eos Energy Enterprises, Inc.",-1.0,-5.05,73,73,2,Miscellaneous,Industrial Machinery/Components
TCAPF,TP ICAP Group PLC,0.0,-0.22,100,84,74,Financial Services,Capital Markets
JPC,Nuveen Preferred & Income Opportunities Fund,-0.14,-6.38,0,0,24,Finance,Investment Managers
PENG,"Penguin Solutions, Inc.",5.22,-15.99,24,22,96,Technology,Semiconductors
UE,Urban Edge Properties,-0.63,-6.46,0,0,30,Finance,Real Estate
VBVBF,Verbio SE,0.0,-16.04,11,10,94,Basic Materials,Specialty Chemicals
PARR,"Par Pacific Holdings, Inc.",1.27,3.06,100,100,96,Energy,Oil & Gas Production
NN,NextNav Inc.,2.36,-22.19,5,5,10,Industrials,Industrial Machinery/Components
RH,RH,0.04,-25.33,0,0,11,Consumer Discretionary,Other Specialty Stores
AZLGY,Azelis Group NV,0.0,0.0,100,90,15,Basic Materials,Specialty Chemicals
GPCR,Structure Therapeutics Inc.,-2.25,-29.32,0,0,31,Health Care,Biotechnology: Pharmaceutical Preparations
FRSH,Freshworks Inc.,0.17,-6.23,0,0,69,Technology,Computer Software: Prepackaged Software
STNE,StoneCo Ltd.,-1.94,-1.27,78,74,12,Technology,EDP Services
AMBBY,Ambu A/S,0.0,1.29,46,42,26,Healthcare,Medical Devices
NYAX,Nayax Ltd.,-0.43,-11.76,13,11,12,Technology,Computer Software: Prepackaged Software
BWIN,"The Baldwin Insurance Group, Inc.",0.88,-3.89,38,39,88,Finance,Specialty Insurers
CCC,CCC Intelligent Solutions Holdings Inc.,0.58,-3.23,30,32,67,Technology,Computer Software: Prepackaged Software
SHAK,Shake Shack Inc.,3.16,-13.57,11,10,15,Consumer Discretionary,Restaurants
ELALF,El Al Israel Airlines Ltd.,0.0,-4.55,0,0,74,Industrials,Airlines
PASTF,OPmobility SE,0.0,0.0,100,90,62,Consumer Cyclical,Auto Parts
FPLSF,5N Plus Inc.,0.36,-12.14,48,48,52,Basic Materials,Specialty Chemicals
DK,"Delek US Holdings, Inc.",1.62,11.42,100,100,97,Energy,Integrated oil Companies
CURLF,"Curaleaf Holdings, Inc.",-2.64,-1.03,39,41,56,Healthcare,Drug Manufacturers - Specialty & Generic
FBK,FB Financial Corporation,-0.33,-11.79,0,3,40,Finance,Major Banks
EOGSF,Emerald Resources NL,0.0,13.97,83,81,86,Basic Materials,Gold
QUBT,Quantum Computing Inc.,2.17,-10.43,14,10,7,Technology,Computer Software: Prepackaged Software
RLAY,"Relay Therapeutics, Inc.",-0.11,-5.32,24,23,97,Health Care,Biotechnology: Biological Products (No Diagnostic Substances)
WLWHY,Woolworths Holdings Limited,-3.2,-17.97,0,0,7,Consumer Cyclical,Department Stores
CECO,CECO Environmental Corp.,3.91,1.98,65,68,73,Industrials,Pollution Control Equipment
MGRC,McGrath RentCorp,0.49,-8.37,15,9,35,Consumer Discretionary,Diversified Commercial Services
APELY,"Alps Alpine Co., Ltd.",0.0,0.29,41,41,47,Technology,Electronic Components
SMGBF,San Miguel Corporation,0.0,-12.28,8,4,19,Industrials,Conglomerates
SMTGY,SMA Solar Technology AG,0.0,8.69,86,86,96,Technology,Solar
LCII,LCI Industries,-2.55,-14.11,0,0,19,Consumer Discretionary,Auto Parts:O.E.M.
WRD,WeRide Inc.,0.97,-3.36,9,4,8,Technology,EDP Services
PLBL,Polibeli Group Ltd,0.18,-17.95,21,19,4,Consumer Discretionary,Consumer Electronics/Appliances
WAFD,"WaFd, Inc.",-0.65,-10.06,0,3,43,Finance,Major Banks
CESDF,CES Energy Solutions Corp.,3.87,5.77,100,100,91,Energy,Oil & Gas Equipment & Services
SAH,"Sonic Automotive, Inc.",-0.81,-4.22,10,5,44,Consumer Discretionary,Retail-Auto Dealers and Gas Stations
UTF,"Cohen & Steers Infrastructure Fund, Inc",0.04,-3.26,0,0,45,Finance,Finance Companies
PAGS,PagSeguro Digital Ltd.,-0.1,14.74,95,95,57,Technology,EDP Services
AEMFF,AEM Holdings Ltd.,0.0,6.49,100,100,98,Technology,Semiconductor Equipment & Materials
TRN,"Trinity Industries, Inc.",0.49,-2.76,35,29,26,Industrials,Railroads
AAMI,Acadian Asset Management Inc.,-1.01,-2.19,19,11,94,Finance,Investment Managers
IFMNF,Dentsu Soken Inc.,0.0,38.06,100,100,98,Technology,Information Technology Services
GDV,The Gabelli Dividend & Income Trust,0.51,-3.87,0,0,55,Finance,Investment Managers
TARS,"Tarsus Pharmaceuticals, Inc.",-2.23,15.14,51,52,75,Health Care,Biotechnology: Biological Products (No Diagnostic Substances)
VERA,"Vera Therapeutics, Inc.",4.32,21.32,70,68,42,Health Care,Biotechnology: Pharmaceutical Preparations
PPAAF,PT Perusahaan Gas Negara (Persero) Tbk,0.0,-7.4,100,95,1,Utilities,Utilities - Regulated Gas
HUBG,"Hub Group, Inc.",1.04,-13.47,12,14,18,Industrials,Integrated Freight & Logistics
FRMEP,First Merchants Corporation,0.0,-0.2,67,48,41,Finance,Major Banks
FRPT,"Freshpet, Inc.",-2.19,-12.36,0,0,53,Consumer Staples,Packaged Foods
THUPY,Thule Group AB (publ),0.0,-4.87,22,10,18,Consumer Cyclical,Leisure
CEPU,Central Puerto S.A.,-2.42,6.4,75,75,39,Utilities,Electric Utilities: Central
SMSOF,Samsonite Group S.A.,0.0,-7.56,12,6,9,Consumer Cyclical,Footwear & Accessories
PENN,"PENN Entertainment, Inc.",4.15,-5.46,63,59,39,Consumer Discretionary,Hotels/Resorts
CSPKY,COSCO SHIPPING Ports Limited,0.0,0.0,100,90,18,Industrials,Marine Shipping
SPNT,SiriusPoint Ltd.,-0.66,4.18,73,69,62,Finance,Property-Casualty Insurers
KMT,Kennametal Inc.,1.06,-3.09,15,9,34,Industrials,Industrial Machinery/Components
WFRSF,West African Resources Limited,0.0,27.5,84,82,85,Basic Materials,Gold
WERN,"Werner Enterprises, Inc.",-3.39,-3.14,0,0,63,Industrials,Trucking Freight/Courier Services
ICHR,"Ichor Holdings, Ltd.",2.83,-19.44,28,28,96,Technology,Semiconductors
NMRK,"Newmark Group, Inc.",1.76,-5.38,6,6,22,Finance,Real Estate
AERO,AERO,-1.25,-5.3,69,71,16,Consumer Discretionary,Air Freight/Delivery Services
VVVNF,Vivendi SE,4.14,-10.2,14,13,3,Communication Services,Electronic Gaming & Multimedia
NIQ,NIQ Global Intelligence plc,1.08,5.81,36,38,94,Technology,Computer Software: Programming Data Processing
NESR,National Energy Services Reunited Corp.,-0.83,-6.57,25,25,97,Energy,Oilfield Services/Equipment
TSRYY,Treasury Wine Estates Limited,-0.81,-7.98,0,0,43,Consumer Defensive,Beverages - Wineries & Distilleries
BBT,Beacon Financial Corporation,0.0,-2.18,45,38,64,Finance,Banks
NZF,Nuveen Municipal Credit Income Fund,0.17,-6.87,0,0,26,Finance,Finance Companies
TNK,Teekay Tankers Ltd.,2.63,20.7,100,100,95,Consumer Discretionary,Marine Transportation
REMYY,Rémy Cointreau SA,-0.98,-8.2,0,0,47,Consumer Defensive,Beverages - Wineries & Distilleries
AMSC,American Superconductor Corporation,3.04,-6.28,35,36,9,Consumer Discretionary,Metal Fabrications
HMSNF,Hammerson Plc,0.0,0.0,65,65,81,Real Estate,REIT - Retail
OXINF,Oxford Instruments plc,0.0,-10.81,16,12,59,Technology,Scientific & Technical Instruments
ANGGF,Angang Steel Company Limited,0.0,0.0,65,65,6,Basic Materials,Steel
AMBP,Ardagh Metal Packaging S.A.,0.62,-6.42,7,10,82,Industrials,Containers/Packaging
BOWFF,Boardwalk Real Estate Investment Trust,0.61,-1.98,9,0,28,Real Estate,REIT - Residential
MTX,Minerals Technologies Inc.,-0.88,-5.27,0,0,38,Basic Materials,Major Chemicals
ENDTF,Canoe EIT Income Fund,0.0,1.43,78,75,61,Financial Services,Asset Management
ETY,Eaton Vance Tax-Managed Diversified Equity Income Fund,0.28,-3.61,0,0,33,Finance,Finance Companies
CLBEY,"Calbee, Inc.",0.0,2.99,89,88,39,Consumer Defensive,Packaged Foods
BIRDF,Bird Construction Inc.,-0.75,1.18,82,85,97,Industrials,Engineering & Construction
ASAIY,Sendas Distribuidora S.A.,0.32,23.22,98,98,68,Consumer Defensive,Grocery Stores
SOTDF,Ströer SE & Co. KGaA,0.0,6.17,100,100,35,Communication Services,Advertising Agencies
LCLN,"Lincoln International, Inc.",1.45,3.8,88,86,63,Finance,Investment Managers
TMDX,"TransMedics Group, Inc.",-3.36,-8.32,0,0,13,Health Care,Biotechnology: Electromedical & Electrotherapeutic Apparatus
AOZOY,"Aozora Bank, Ltd.",0.0,12.53,94,94,88,Financial Services,Banks - Regional
KYN,"Kayne Anderson Energy Infrastructure Fund, Inc.",-0.13,1.57,54,51,68,Finance,Finance/Investors Services
BMRRY,B&M European Value Retail plc,-1.35,-4.41,0,0,73,Consumer Defensive,Discount Stores
NOG,"Northern Oil and Gas, Inc.",1.03,8.71,78,76,70,Energy,Oil & Gas Production
AVVSY,Avio S.p.A.,0.0,-18.6,0,0,10,Industrials,Aerospace & Defense
DCO,Ducommun Incorporated,3.34,-13.21,21,18,90,Industrials,Military/Government/Technical
ABM,ABM Industries Incorporated,0.73,2.72,74,76,62,Consumer Discretionary,Diversified Commercial Services
BYLOF,Big Yellow Group Plc,2.18,-7.18,10,10,21,Real Estate,REIT - Industrial
GNCGF,Greencore Group plc,0.0,0.28,68,73,58,Consumer Defensive,Packaged Foods
TCHBF,Tecan Group AG,0.0,-5.22,46,59,82,Healthcare,Medical Instruments & Supplies
SOC,Sable Offshore Corp.,5.08,28.29,100,100,1,Energy,Oil & Gas Production
NTB,The Bank of N.T. Butterfield & Son Limited,0.32,-5.61,43,42,69,Finance,Commercial Banks
GGGSF,Greggs plc,-5.82,-8.4,0,0,45,Consumer Cyclical,Restaurants
CPWHF,Ceres Power Holdings plc,6.36,-9.11,82,83,94,Industrials,Electrical Equipment & Parts
DROSY,DroneShield Limited,-5.38,-31.67,0,0,1,,
CXT,"Crane NXT, Co.",3.22,1.45,100,100,58,Industrials,Metal Fabrications
IMYSF,Imerys S.A.,0.0,1.26,67,67,48,Basic Materials,Specialty Chemicals
GNNDY,GN Store Nord A/S,0.0,-2.98,64,67,34,Healthcare,Medical Devices
AEGXF,Aecon Group Inc.,-3.7,-3.93,51,50,85,Industrials,Engineering & Construction
EFSC,Enterprise Financial Services Corp,0.33,-3.49,48,52,55,Finance,Major Banks
EXETF,Extendicare Inc.,0.0,-5.4,74,77,85,Healthcare,Medical Care Facilities
HTH,Hilltop Holdings Inc.,-0.57,-2.79,59,57,54,Finance,Major Banks
BVNKF,Bavarian Nordic A/S,0.0,17.62,95,93,54,Healthcare,Biotechnology
NKTR,Nektar Therapeutics,-1.26,-8.11,0,0,71,Health Care,Biotechnology: Pharmaceutical Preparations
CENTA,Central Garden & Pet Company,1.22,-9.96,8,10,43,Consumer Discretionary,Consumer Specialties
CTOS,"Custom Truck One Source, Inc.",0.77,-11.21,18,15,79,Consumer Discretionary,Diversified Commercial Services
ATEN,"A10 Networks, Inc.",1.44,-8.17,13,14,56,Telecommunications,Computer Communications Equipment
SIVEF,Sivers Semiconductors AB (publ),4.1,-26.68,38,38,91,Technology,Semiconductors
MBINM,Merchants Bancorp,0.02,0.3,70,76,49,Finance,Major Banks
VERX,"Vertex, Inc.",-0.08,-7.47,0,2,10,Technology,Computer Software: Prepackaged Software
PSNYW,Polestar Automotive Holding UK PLC,-2.42,45.32,38,39,52,Industrials,Auto Manufacturing
WLY,"John Wiley & Sons, Inc.",-0.44,-9.24,0,0,76,Consumer Discretionary,Books
FUN,Six Flags Entertainment Corporation,-4.02,-21.34,0,0,4,Consumer Discretionary,Services-Misc. Amusement & Recreation
BLBD,Blue Bird Corporation,-0.34,-4.38,66,68,43,Consumer Discretionary,Construction/Ag Equipment/Trucks
BMRPF,B&M European Value Retail plc,0.0,-1.67,27,16,71,Consumer Defensive,Discount Stores
ACPIF,Acen Corporation,0.0,0.0,100,90,1,Utilities,Utilities - Renewable
NGL,NGL Energy Partners LP,-0.51,2.81,48,44,95,Utilities,Natural Gas Distribution
IE,Ivanhoe Electric Inc.,0.48,-0.1,31,28,20,Basic Materials,Metal Mining
CYD,China Yuchai International Limited,-0.22,-21.38,0,0,16,Industrials,Industrial Machinery/Components
RCAT,"Red Cat Holdings, Inc.",-1.49,-22.19,0,0,6,Technology,Computer Software: Prepackaged Software
FLOC,FLOC,2.07,-8.08,9,9,44,Consumer Discretionary,Oil and Gas Field Machinery
BDGIF,Badger Infrastructure Solutions Ltd.,-0.21,-3.44,47,41,63,Industrials,Engineering & Construction
TNET,"TriNet Group, Inc.",-0.3,-5.85,5,8,86,Consumer Discretionary,Business Services
NEXT,NextDecade Corporation,-0.39,12.68,91,91,49,Utilities,Oil & Gas Production
SHLS,"Shoals Technologies Group, Inc.",2.67,-10.32,37,36,22,Technology,Semiconductors
SAMHF,Alleima AB (publ),0.0,0.0,100,90,96,Basic Materials,Steel
BAND,Bandwidth Inc.,10.17,5.2,100,100,98,Technology,Computer Software: Prepackaged Software
DTNOF,DNO ASA,0.0,19.65,95,95,72,Energy,Oil & Gas E&P
CGGGF,Coats Group plc,0.0,-8.37,7,12,24,Consumer Cyclical,Textile Manufacturing
UTI,"Universal Technical Institute, Inc.",-1.41,-21.4,0,0,3,Real Estate,Other Consumer Services
HCM,HUTCHMED (China) Limited,-2.29,5.43,43,42,37,Health Care,Biotechnology: Pharmaceutical Preparations
PCFBY,Pacific Basin Shipping Limited,0.0,14.06,80,76,92,Industrials,Marine Shipping
EERGF,Energean plc,-3.57,13.05,82,85,39,Energy,Oil & Gas E&P
EVT,Eaton Vance Tax-Advantaged Dividend Income Fund,0.17,-2.76,1,0,69,Finance,Finance Companies
KSRYY,KOSE Holdings Corporation,0.0,-4.72,13,6,37,Consumer Defensive,Household & Personal Products
USAS,Americas Gold and Silver Corporation,-0.79,0.0,16,16,56,Basic Materials,Metal Mining
CGEAF,Cogeco Communications Inc.,-0.27,-5.42,0,0,17,Communication Services,Telecom Services
PGNY,"Progyny, Inc.",1.0,5.64,100,100,72,Health Care,Misc Health and Biotechnology Services
ATEAY,Atea ASA,0.0,-0.31,94,94,76,Technology,Information Technology Services
EVCM,EverCommerce Inc.,-3.37,-37.59,0,0,2,Technology,Computer Software: Prepackaged Software
TYRA,"Tyra Biosciences, Inc.",-6.41,-11.95,0,1,43,Health Care,Biotechnology: Pharmaceutical Preparations
NFYEF,NFI Group Inc.,0.65,-3.29,79,80,83,Consumer Cyclical,Auto Manufacturers
NTST,NETSTREIT Corp.,-0.46,-3.64,0,0,46,Real Estate,Real Estate Investment Trusts
NVCR,NovoCure Limited,1.04,-10.76,1,1,57,Health Care,Medical/Dental Instruments
CKNHF,Clarkson PLC,0.0,-1.36,5,14,71,Industrials,Marine Shipping
HCI,"HCI Group, Inc.",-0.46,-0.11,67,64,58,Finance,Property-Casualty Insurers
FIGS,"FIGS, Inc.",3.09,-10.04,13,12,80,Consumer Discretionary,Apparel
PBATF,PT Bukit Asam (Persero) Tbk,0.0,0.0,100,90,1,Energy,Thermal Coal
DEI,"Douglas Emmett, Inc.",0.56,-9.76,0,0,20,Real Estate,Real Estate Investment Trusts
TAVHY,TAV Havalimanlari Holding A.S.,0.53,-1.17,45,38,23,Industrials,Airports & Air Services
SHWGY,Shandong Weigao Group Medical Polymer Company Limited,0.0,-8.54,4,2,4,Healthcare,Medical Instruments & Supplies
OFG,OFG Bancorp,0.19,-1.64,75,71,75,Finance,Major Banks
CYRBY,Cyrela Brazil Realty S.A. Empreendimentos e Participações,7.58,31.46,100,100,50,Consumer Cyclical,Residential Construction
ADDLF,AddLife AB (publ),0.0,0.0,100,90,3,Healthcare,Medical Instruments & Supplies
RBTEF,Robertet SA,0.0,0.0,100,90,24,Basic Materials,Chemicals
RBSTF,"Robosense Technology Co., Ltd",-1.83,-32.49,0,0,2,,
AMRC,"Ameresco, Inc.",4.34,-14.43,39,38,12,Consumer Discretionary,Engineering & Construction
NUV,"Nuveen Municipal Value Fund, Inc.",0.46,-3.29,0,10,31,Finance,Trusts Except Educational Religious and Charitable
PRKS,United Parks & Resorts Inc.,-3.72,-18.98,0,0,18,Health Care,Biotechnology: Electromedical & Electrotherapeutic Apparatus
WTSHF,Westshore Terminals Investment Corporation,0.98,-0.63,78,72,84,Industrials,Marine Shipping
HMDCF,HUTCHMED (China) Limited,0.0,0.0,100,90,9,Healthcare,Drug Manufacturers - Specialty & Generic
NAC,Nuveen California Quality Municipal Income Fund,1.84,-7.05,14,12,28,Finance,Investment Managers
SONO,"Sonos, Inc.",3.35,-8.86,38,38,30,Consumer Staples,Consumer Electronics/Appliances
LKFT,Lakefront Biotherapeutics NV,0.0,-4.39,0,0,15,Health Care,Biotechnology: Pharmaceutical Preparations
ZSHGY,Zhongsheng Group Holdings Limited,10.0,-27.39,20,20,1,Consumer Cyclical,Auto & Truck Dealerships
OXFYY,Oxford Nanopore Technologies plc,0.0,45.95,74,73,80,Healthcare,Biotechnology
ASTH,"Astrana Health, Inc.",-0.13,0.5,21,13,84,Consumer Discretionary,Professional Services
BVENY,Brava Energia S.A.,0.0,-5.69,54,60,9,Energy,Oil & Gas E&P
SMA,"SmartStop Self Storage REIT, Inc.",0.22,-5.78,5,10,33,Real Estate,Real Estate Investment Trusts
SURRY,Sun Art Retail Group Limited,0.0,13.22,94,93,8,Consumer Cyclical,Department Stores
SGHIF,Shanghai Industrial Holdings Limited,0.0,0.0,75,68,34,Industrials,Conglomerates
SAM,"The Boston Beer Company, Inc.",1.79,-6.65,37,37,15,Consumer Staples,Beverages (Production/Distribution)
ITMPF,ITM Power Plc,0.0,-0.89,87,87,85,Industrials,Specialty Industrial Machinery
KNEVF,Kinnevik AB,-4.29,6.84,59,60,16,Financial Services,Asset Management
NRIX,"Nurix Therapeutics, Inc.",-2.75,-7.69,3,0,95,Health Care,Biotechnology: Pharmaceutical Preparations
ARCO,Arcos Dorados Holdings Inc.,-0.62,-1.6,64,56,44,Consumer Discretionary,Restaurants
LAC,Lithium Americas Corp.,-3.64,-15.16,0,0,5,Basic Materials,Metal Mining
TRVG,trivago N.V.,-0.53,8.49,55,53,95,Technology,EDP Services
TINLF,Teijin Limited,0.0,5.05,100,98,1,Industrials,Conglomerates
SPB,"Spectrum Brands Holdings, Inc.",0.7,-4.42,11,16,80,Miscellaneous,Industrial Machinery/Components
ONTTF,Oxford Nanopore Technologies plc,0.0,19.19,47,47,63,Healthcare,Biotechnology
PLPC,Preformed Line Products Company,4.83,-5.33,43,44,94,Industrials,Water Sewer Pipeline Comm & Power Line Construction
NVAX,"Novavax, Inc.",1.29,15.72,63,61,59,Health Care,Biotechnology: Biological Products (No Diagnostic Substances)
NMRSF,"Namura Shipbuilding Co., Ltd.",0.0,7.66,100,99,99,Industrials,Aerospace & Defense
RQI,"Cohen & Steers Quality Income Realty Fund, Inc.",0.68,-4.81,0,0,36,Finance,Trusts Except Educational Religious and Charitable
SKWD,"Skyward Specialty Insurance Group, Inc.",0.78,-3.8,26,23,68,Finance,Property-Casualty Insurers
HUPHY,Hutchison Port Holdings Trust,12.86,-3.66,92,97,23,Industrials,Marine Shipping
NKRKY,Nokian Renkaat Oyj,-0.96,5.82,70,64,95,Consumer Cyclical,Auto Parts
MBC,"MasterBrand, Inc.",0.0,-20.02,0,0,7,Consumer Discretionary,Home Furnishings
BOBS,"Bob's Discount Furniture, Inc.",4.28,-18.43,16,16,43,Consumer Discretionary,Other Specialty Stores
NPPNY,"Nippon Shinyaku Co., Ltd.",0.0,-5.89,72,76,14,Healthcare,Drug Manufacturers - Specialty & Generic
ASCLF,Ascletis Pharma Inc.,0.0,7.88,90,97,9,Healthcare,Biotechnology
GTBIF,Green Thumb Industries Inc.,-3.2,-0.82,13,22,31,Healthcare,Drug Manufacturers - Specialty & Generic
ELVR,Elevra Lithium Limited,-4.9,-19.92,0,0,76,Industrials,Mining & Quarrying of Nonmetallic Minerals (No Fuels)
LOB,"Live Oak Bancshares, Inc.",0.23,-9.37,12,12,56,Finance,Major Banks
KRP,"Kimbell Royalty Partners, LP",-1.32,1.78,46,44,60,Energy,Oil & Gas Production
AGRO,Adecoagro S.A.,-4.54,30.06,81,82,72,Consumer Staples,Farming/Seeds/Milling
SGRY,"Surgery Partners, Inc.",1.84,-5.33,67,68,19,Health Care,Hospital/Nursing Management
GLOB,Globant S.A.,2.86,-7.9,40,44,11,Technology,EDP Services
PAYO,Payoneer Global Inc.,0.0,-0.28,62,66,73,Consumer Discretionary,Business Services
STGW,Stagwell Inc.,0.35,-7.63,16,20,89,Consumer Discretionary,Advertising
STRA,"Strategic Education, Inc.",0.78,0.23,41,43,44,Real Estate,Other Consumer Services
VLXGF,Volex plc,0.0,18.4,100,96,88,Industrials,Electrical Equipment & Parts
PEB,Pebblebrook Hotel Trust,-1.33,-2.03,29,26,84,Real Estate,Real Estate Investment Trusts
CNXC,Concentrix Corporation,4.59,13.55,55,55,17,Technology,Computer Software: Prepackaged Software
MTASF,Montana Aerospace AG,0.0,-6.02,18,13,30,Industrials,Aerospace & Defense
MQ,"Marqeta, Inc.",1.08,-0.85,68,64,24,Technology,Computer Software: Prepackaged Software
LPG,Dorian LPG Ltd.,1.42,20.93,100,100,96,Consumer Discretionary,Marine Transportation
TILE,"Interface, Inc.",0.83,-11.8,0,0,70,Consumer Discretionary,Home Furnishings
NVRI,Enviri Corporation,0.45,11.16,74,75,81,Miscellaneous,Diversified Commercial Services
ADUS,Addus HomeCare Corporation,-1.21,-0.43,47,47,65,Health Care,Medical/Nursing Services
HTZ,"Hertz Global Holdings, Inc.",-0.49,-13.01,6,6,1,Consumer Discretionary,Rental/Leasing Companies
UFPT,"UFP Technologies, Inc.",0.18,-13.12,0,0,80,Health Care,Medical/Dental Instruments
VCEL,Vericel Corporation,1.24,-13.92,3,2,52,Health Care,Biotechnology: Biological Products (No Diagnostic Substances)
TFIN,"Triumph Financial, Inc.",-1.31,-15.8,0,0,43,Finance,Major Banks
TSHA,"Taysha Gene Therapies, Inc.",-2.71,-16.19,0,0,51,Health Care,Biotechnology: Biological Products (No Diagnostic Substances)
OPRA,Opera Limited,1.5,-9.09,25,29,64,Technology,Computer Software: Prepackaged Software
STEW,"SRH Total Return Fund, Inc.",1.16,-1.82,34,41,48,Finance,Investment Managers
PAEXY,Parex Resources Inc.,0.0,4.94,100,100,50,Energy,Oil & Gas E&P
NUVB,Nuvation Bio Inc.,-3.34,-0.49,0,0,83,Health Care,Biotechnology: Pharmaceutical Preparations
VPG,"Vishay Precision Group, Inc.",5.91,-4.05,32,32,81,Technology,Electrical Products
PMREF,Primaris Real Estate Investment Trust,0.0,-4.47,0,0,77,Real Estate,REIT - Retail
KOS,Kosmos Energy Ltd.,2.72,19.37,99,97,94,Energy,Oil & Gas Production
LNXSY,LANXESS Aktiengesellschaft,0.0,-12.63,84,79,23,Basic Materials,Specialty Chemicals
VTKLY,Vtech Holdings Limited,6.93,-1.59,87,90,24,Technology,Communication Equipment
MWTCY,"Manila Water Company, Inc.",0.0,-5.25,5,4,13,Utilities,Utilities - Regulated Water
HGRAF,HydroGraph Clean Power Inc.,1.41,-16.28,2,2,84,Basic Materials,Specialty Chemicals
GHRS,GH Research PLC,-0.29,-3.51,11,10,95,Health Care,Biotechnology: Pharmaceutical Preparations
LILAK,Liberty Latin America Ltd.,0.58,3.62,96,95,94,Telecommunications,Cable & Other Pay Television Services
BDJ,BlackRock Enhanced Equity Dividend Trust,0.52,-1.6,0,15,58,Finance,Finance Companies
GPEAF,Great Portland Estates Plc,0.0,0.0,100,90,29,Real Estate,REIT - Office
TCBK,TriCo Bancshares,0.41,-7.16,26,20,58,Finance,Major Banks
ANAB,"AnaptysBio, Inc.",-2.34,-3.84,0,0,95,Health Care,Biotechnology: Pharmaceutical Preparations
CLVT,Clarivate Plc,-4.1,-4.59,0,6,4,Technology,EDP Services
SESPF,SeSa S.p.A.,0.0,0.0,100,90,23,Technology,Information Technology Services
HOPE,"Hope Bancorp, Inc.",-0.07,-3.86,48,43,75,Finance,Major Banks
BELGF,Bellevue Gold Limited,-2.79,0.3,48,44,83,Basic Materials,Gold
OERLY,OC Oerlikon Corporation AG,0.0,0.0,100,90,95,Industrials,Specialty Industrial Machinery
FLNG,FLEX LNG Ltd.,0.28,7.11,92,92,73,Consumer Discretionary,Marine Transportation
CET,Central Securities Corporation,0.9,1.78,100,100,58,Finance,Finance/Investors Services
GENI,Genius Sports Limited,1.49,-13.78,3,3,17,Consumer Discretionary,Services-Misc. Amusement & Recreation
SLVM,Sylvamo Corporation,0.74,-9.3,21,16,12,Basic Materials,Paper
PTTMF,PT TIMAH Tbk,0.0,-9.91,17,15,1,Basic Materials,Other Industrial Metals & Mining
WGS,GeneDx Holdings Corp.,1.55,7.73,66,63,40,Technology,Retail: Computer Software & Peripheral Equipment
AGLFF,Angelalign Technology Inc.,59.27,95.2,100,100,98,Healthcare,Medical Instruments & Supplies
FISK,"Empire State Realty OP, L.P.",0.0,-8.32,15,9,6,Real Estate,REIT - Office
AGL,"agilon health, inc.",-3.06,0.98,39,34,98,Health Care,Misc Health and Biotechnology Services
ABXXF,Abaxx Technologies Inc.,5.67,-35.21,8,8,1,Technology,Software - Application
FRVWY,Friedrich Vorwerk Group SE,0.0,-4.79,42,29,37,Industrials,Engineering & Construction
PRGO,Perrigo Company plc,0.52,8.66,52,54,67,Health Care,Biotechnology: Pharmaceutical Preparations
AI,"C3.ai, Inc.",0.67,3.54,80,77,16,Technology,Computer Software: Prepackaged Software
CBLUF,China BlueChemical Ltd.,0.0,0.0,65,65,5,Basic Materials,Agricultural Inputs
TPRKY,Travis Perkins plc,-2.15,-10.92,0,0,38,Industrials,Industrial Distribution
SLCJY,SLC Agrícola S.A.,-3.53,38.67,86,86,78,Consumer Defensive,Farm Products
MTRBF,Metro Bank Holdings PLC,0.0,0.0,100,90,80,Financial Services,Banks - Regional
CNOBP,"ConnectOne Bancorp, Inc.",0.18,1.37,80,73,50,Finance,Major Banks
AMTD,AMTD IDEA Group,1.45,1.18,36,33,6,Finance,Finance: Consumer Services
LIND,"Lindblad Expeditions Holdings, Inc.",1.5,-25.55,4,5,93,Consumer Discretionary,Transportation Services
XIORF,Xior Student Housing NV,-2.39,-7.77,0,0,20,Real Estate,REIT - Residential
AUSDF,Perenti Limited,0.0,0.0,65,65,66,Basic Materials,Other Industrial Metals & Mining
ARDX,"Ardelyx, Inc.",-1.1,-8.44,0,0,2,Health Care,Biotechnology: Pharmaceutical Preparations
STAA,STAAR Surgical Company,-3.25,-10.54,18,17,18,Health Care,Ophthalmic Goods
RLJ,RLJ Lodging Trust,-0.55,-0.64,24,23,83,Real Estate,Real Estate Investment Trusts
WKC,World Kinect Corporation,-0.4,-5.15,33,20,85,Energy,Oil Refining/Marketing
SISXF,Savaria Corporation,0.0,-3.14,68,61,64,Industrials,Specialty Industrial Machinery
OBK,"Origin Bancorp, Inc.",0.31,-0.04,88,87,82,Finance,Major Banks
IMCR,Immunocore Holdings plc,-2.92,-4.68,0,0,40,Health Care,Biotechnology: Biological Products (No Diagnostic Substances)
TNC,Tennant Company,-0.38,2.08,40,41,18,Industrials,Industrial Machinery/Components
NKOKF,"Noritsu Koki Co., Ltd.",0.0,0.0,100,90,1,Technology,Consumer Electronics
HLMN,Hillman Solutions Corp.,0.0,-20.68,0,0,12,Consumer Discretionary,Industrial Machinery/Components
ARI,"Apollo Commercial Real Estate Finance, Inc.",-0.75,-4.05,0,0,35,Real Estate,Real Estate Investment Trusts
KMPR,Kemper Corporation,0.85,2.47,59,59,16,Finance,Property-Casualty Insurers
AFXXF,Afry AB,0.0,-22.09,7,6,35,Industrials,Engineering & Construction
XTEPY,Xtep International Holdings Limited,-5.32,-3.64,45,46,4,Consumer Cyclical,Apparel Retail
ECVT,Ecovyst Inc.,-1.49,-1.59,0,0,21,Industrials,Major Chemicals
NOMD,Nomad Foods Limited,-0.99,-8.8,0,0,39,Consumer Staples,Packaged Foods
IDRSF,Idorsia Ltd,-1.91,-22.15,2,0,83,Healthcare,Biotechnology
AAT,"American Assets Trust, Inc.",0.56,-4.92,0,0,47,Real Estate,Real Estate Investment Trusts
DAO,"Youdao, Inc.",-2.77,-17.47,0,0,89,Real Estate,Other Consumer Services
IPX,IperionX Limited,-3.86,-22.27,0,0,2,Basic Materials,Other Metals and Minerals
RBCAA,"Republic Bancorp, Inc.",-1.0,-1.75,66,63,79,Finance,Major Banks
NFJ,"Virtus Dividend, Interest & Premium Strategy Fund",1.36,0.26,100,92,72,Finance,Finance: Consumer Services
BLKB,"Blackbaud, Inc.",2.85,-1.58,48,48,64,Technology,Computer Software: Prepackaged Software
HYT,"BlackRock Corporate High Yield Fund, Inc.",-0.37,-2.42,0,0,28,Finance,Finance Companies
CNL,Collective Mining Ltd.,-3.92,-3.06,0,0,44,Basic Materials,Gold
ATRC,"AtriCure, Inc.",2.98,25.41,100,100,95,Health Care,Medical/Dental Instruments
ITAYY,PT Indo Tambangraya Megah Tbk,0.0,7.04,100,98,52,Energy,Thermal Coal
NCKAF,Nickel Asia Corporation,0.0,-1.13,100,86,93,Basic Materials,Other Industrial Metals & Mining
TTI,"TETRA Technologies, Inc.",-0.15,-19.41,14,12,14,Energy,Oil & Gas Production
AHCO,AdaptHealth Corp.,3.59,6.32,63,62,3,Health Care,Medical/Nursing Services
HLX,"Helix Energy Solutions Group, Inc.",2.91,21.7,100,100,86,Energy,Oilfield Services/Equipment
PYTCY,Playtech plc,0.0,3.34,100,95,76,Consumer Cyclical,Gambling
RYGYF,Reysas Gayrimenkul Yatirim Ortakligi A.S.,0.0,7.81,100,100,94,Real Estate,REIT - Industrial
PICS,PicS N.V.,-2.85,-10.52,14,12,6,Finance,Finance: Consumer Services
GRPFF,"Grupo Televisa, S.A.B.",0.0,-9.09,2,4,20,Communication Services,Telecom Services
NEO,"NeoGenomics, Inc.",-1.65,5.67,58,60,96,Health Care,Precision Instruments
GIII,"G-III Apparel Group, Ltd.",0.8,-17.49,14,11,21,Consumer Discretionary,Apparel
ORC,"Orchid Island Capital, Inc.",-0.31,-3.08,0,0,37,Real Estate,Real Estate Investment Trusts
WINA,Winmark Corporation,-0.51,-11.76,0,0,6,Consumer Discretionary,Other Specialty Stores
BRDNF,Breedon Group plc,0.0,0.0,100,90,16,Basic Materials,Building Materials
ARSTY,Ariston Holding N.V.,0.0,12.18,100,100,51,Industrials,Building Products & Equipment
ALNT,Allient Inc.,4.76,-10.01,48,49,92,Industrials,Electrical Products
PURR,Hyperliquid Strategies Inc.,5.45,70.23,82,82,97,Finance,Finance: Consumer Services
OI,"O-I Glass, Inc.",-1.51,-4.53,17,16,2,Consumer Discretionary,Containers/Packaging
GRWXF,Molten Ventures Plc,1.48,19.0,100,100,70,,
FDMDF,4DMedical Limited,0.0,-18.75,43,43,91,Healthcare,Medical Devices
TBLA,Taboola.com Ltd.,1.88,-3.55,44,40,29,Technology,Computer Software: Programming Data Processing
DOLE,Dole plc,-1.77,-0.22,43,44,26,Consumer Staples,Farming/Seeds/Milling
UAMY,United States Antimony Corporation,-1.22,-8.8,17,14,5,Industrials,Metal Fabrications
BRELY,Brazilian Rare Earths Limited,0.0,-13.46,7,5,24,Basic Materials,Other Precious Metals & Mining
ARDT,"Ardent Health, Inc.",0.73,-0.36,62,52,59,Health Care,Hospital/Nursing Management
NSP,"Insperity, Inc.",-0.26,-6.5,11,21,93,Consumer Discretionary,Professional Services
TSIOF,361 Degrees International Limited,0.0,0.0,65,65,18,Consumer Cyclical,Footwear & Accessories
MUX,McEwen Inc.,-0.1,5.11,39,38,50,Basic Materials,Precious Metals
CXM,"Sprinklr, Inc.",0.74,-22.05,5,6,15,Technology,Computer Software: Prepackaged Software
LADR,Ladder Capital Corp,-0.62,-4.28,0,0,26,Real Estate,Real Estate Investment Trusts
ITRN,Ituran Location and Control Ltd.,1.78,-1.9,100,100,62,Technology,Electronic Components
ATLCZ,Atlanticus Holdings Corporation 9.25% Senior Notes due 2029,0.31,-0.27,75,74,47,Finance,Finance: Consumer Services
FKRAF,Fiskars Oyj Abp,0.0,1.23,86,85,50,Consumer Cyclical,"Furnishings, Fixtures & Appliances"
EWIIF,Edinburgh Worldwide Investment Trust Plc,3.67,-5.11,53,71,95,Unknown,Unknown
CRSR,"Corsair Gaming, Inc.",7.72,0.67,100,100,96,Technology,Computer peripheral equipment
KDK,"Kodiak AI, Inc.",-1.58,-8.67,38,38,2,Technology,EDP Services
ASST,"Strive, Inc.",2.68,119.55,100,100,95,Technology,Computer Software: Prepackaged Software
CSIQ,Canadian Solar Inc.,-2.07,-16.66,14,13,10,Technology,Semiconductors
SPH,"Suburban Propane Partners, L.P.",-1.84,-2.79,0,0,21,Consumer Discretionary,Other Specialty Stores
PFBC,Preferred Bank,-0.89,-4.51,22,28,54,Finance,Major Banks
AUTLF,Austal Limited,2.26,7.46,51,54,16,Industrials,Aerospace & Defense
AGZNF,Aegean Airlines S.A.,0.0,0.0,100,90,21,Industrials,Airlines
NBITF,Norbit ASA,0.0,0.0,100,92,34,Technology,Scientific & Technical Instruments
GUZOF,"Grupo Herdez, S.A.B. de C.V.",0.0,-3.33,20,11,8,Consumer Defensive,Packaged Foods
TROX,Tronox Holdings plc,-3.7,-26.33,0,0,7,Industrials,Major Chemicals
WVE,"Wave Life Sciences, Inc.",-1.71,-11.73,0,0,2,Health Care,Biotechnology: Pharmaceutical Preparations
PBTDF,Plover Bay Technologies Limited,0.0,0.0,100,90,89,Technology,Communication Equipment
SHAZ,SharonAI Holdings Inc.,5.02,-17.51,31,31,95,Technology,EDP Services
AIIR,AIR Global PLC,-5.6,2.55,41,38,12,Consumer Discretionary,Tobacco
VLTAF,Voltalia SA,0.0,-31.85,1,2,4,Utilities,Utilities - Renewable
PGY,Pagaya Technologies Ltd.,-1.63,-6.94,0,0,63,Finance,Finance: Consumer Services
OILRF,Oil Refineries Ltd.,0.0,33.39,98,98,97,Energy,Oil & Gas Refining & Marketing
MPLT,"MapLight Therapeutics, Inc.",-5.69,12.26,67,69,2,Health Care,Biotechnology: Pharmaceutical Preparations
ENR,"Energizer Holdings, Inc.",2.69,-7.98,19,20,49,Miscellaneous,Industrial Machinery/Components
HYLN,Hyliion Holdings Corp.,2.09,-5.11,84,87,90,Consumer Discretionary,Construction/Ag Equipment/Trucks
WBTNF,Weebit Nano Limited,-5.24,-27.16,0,0,10,Technology,Semiconductors
HLF,Herbalife Ltd.,-2.12,-1.23,55,52,35,Health Care,Other Pharmaceuticals
AMAL,Amalgamated Financial Corp.,-1.34,-6.28,13,6,85,Finance,Major Banks
ZMPLF,Zimplats Holdings Limited,0.0,0.0,65,65,6,Basic Materials,Other Precious Metals & Mining
VTOL,Bristow Group Inc.,-0.12,-7.88,0,0,49,Consumer Discretionary,Transportation Services
ASM,Avino Silver & Gold Mines Ltd.,-8.85,-6.08,0,0,64,Basic Materials,Metal Mining
NPKI,NPK International Inc.,0.53,-4.26,24,20,38,Consumer Discretionary,Oil and Gas Field Machinery
CHYCY,Chiyoda Corporation,0.0,0.0,65,65,68,Industrials,Engineering & Construction
DMZPY,Domino's Pizza Enterprises Limited,0.0,-6.34,0,0,46,Consumer Cyclical,Restaurants
EOS,Eaton Vance Enhanced Equity Income Fund II,0.95,-3.44,4,4,32,Finance,Trusts Except Educational Religious and Charitable
CTBI,"Community Trust Bancorp, Inc.",0.39,-1.82,85,84,79,Finance,Major Banks
SILXF,Silex Systems Limited,-3.63,-9.21,0,0,19,Technology,Semiconductors
PSEC,Prospect Capital Corporation,1.83,-4.08,43,45,30,Finance,Finance: Consumer Services
GOLD,"Gold.com, Inc.",5.1,10.07,85,87,86,Industrials,Other Specialty Stores
EVEX,"Eve Holding, Inc.",0.48,-24.64,0,0,3,Industrials,Aerospace
SCL,Stepan Company,-0.15,-5.08,2,0,80,Consumer Discretionary,Package Goods/Cosmetics
PAHGF,Pets at Home Group Plc,0.0,4.12,100,95,30,Consumer Cyclical,Specialty Retail
ELKEF,Elkem ASA,0.0,0.0,100,90,67,Basic Materials,Specialty Chemicals
ATEC,"Alphatec Holdings, Inc.",19.68,8.51,100,100,22,Health Care,Medical/Dental Instruments
RPGSF,Rockpoint Gas Storage Inc.,-10.24,-19.05,16,20,10,,
RZLV,Rezolve AI PLC,-0.43,-13.58,15,13,8,Technology,Computer Software: Programming Data Processing
DPZUF,Domino's Pizza Enterprises Limited,0.0,6.79,90,89,70,Consumer Cyclical,Restaurants
AAVVF,Advantage Energy Ltd.,-2.19,-4.04,0,0,29,Energy,Oil & Gas E&P
ATUUF,Tenaz Energy Corp.,10.47,30.87,97,98,97,Energy,Oil & Gas E&P
TBN,Tamboran Resources Corporation,-0.51,9.12,75,74,88,Energy,Oil & Gas Production
BYITY,Bytes Technology Group plc,0.0,0.0,100,90,43,Technology,Software - Infrastructure
INGEF,Ingenia Communities Group,0.0,-18.76,9,6,10,Real Estate,REIT - Residential
HTLD,"Heartland Express, Inc.",1.23,-2.53,45,37,62,Industrials,Trucking Freight/Courier Services
EVLV,"Evolv Technologies Holdings, Inc.",-0.4,-14.06,5,4,9,Technology,Computer peripheral equipment
DBVT,DBV Technologies S.A.,-8.64,-15.54,0,0,9,Health Care,Biotechnology: Biological Products (No Diagnostic Substances)
ASTE,"Astec Industries, Inc.",-0.72,-2.17,7,6,13,Industrials,Construction/Ag Equipment/Trucks
CVHSY,Cablevisión Holding S.A.,-1.72,14.0,86,87,80,Communication Services,Telecom Services
BV,"BrightView Holdings, Inc.",1.73,-3.45,39,41,17,Consumer Discretionary,Business Services
WYFI,"WhiteFiber, Inc.",3.29,-32.18,15,14,18,Finance,Finance: Consumer Services
FCEL,"FuelCell Energy, Inc.",1.92,-21.88,19,19,95,Energy,Industrial Machinery/Components
AKTS,"Aktis Oncology, Inc.",-2.67,-2.06,0,0,64,Health Care,Biotechnology: Pharmaceutical Preparations
FLTCF,Filtronic plc,-6.01,-5.74,74,75,81,Technology,Communication Equipment
HQH,Abrdn Healthcare Investors,0.05,-5.19,0,0,79,Finance,Finance Companies
PRCH,"Porch Group, Inc.",0.98,-2.89,2,6,94,Technology,Computer Software: Prepackaged Software
CIMN,CIMN,0.04,0.16,63,58,45,Real Estate,Real Estate Investment Trusts
SHPPF,Redcare Pharmacy NV,0.0,0.0,100,90,55,Healthcare,Pharmaceutical Retailers
NWPX,"NWPX Infrastructure, Inc.",0.97,-9.3,1,1,86,Industrials,Steel/Iron Ore
CSR,Centerspace,1.04,4.22,100,100,37,Real Estate,Real Estate Investment Trusts
SVAUF,StorageVault Canada Inc.,-4.66,-6.4,0,0,18,Real Estate,Real Estate Services
LNRCF,LunR Royalties Corp.,-6.87,10.11,55,56,63,,
KSKGF,Kingsgate Consolidated Limited,-1.55,11.76,82,78,74,Basic Materials,Gold
AMN,"AMN Healthcare Services, Inc.",0.88,-3.33,15,3,92,Consumer Discretionary,Professional Services
UPBD,"Upbound Group, Inc.",0.6,-6.96,13,16,32,Consumer Discretionary,Diversified Commercial Services
MRCHF,"H.U. Group Holdings, Inc.",0.0,-3.27,20,13,36,Healthcare,Diagnostics & Research
GRRMF,Gerresheimer AG,0.0,3.4,100,95,25,Healthcare,Medical Instruments & Supplies
MCB,Metropolitan Bank Holding Corp.,0.15,-3.82,36,29,52,Finance,Major Banks
MLKN,"MillerKnoll, Inc.",1.88,-9.98,9,9,80,Consumer Discretionary,Office Equipment/Supplies/Services
ACDC,ProFrac Holding Corp.,0.39,-0.95,73,74,25,Energy,Oilfield Services/Equipment
OPK,"OPKO Health, Inc.",5.37,12.14,66,64,65,Health Care,Biotechnology: Pharmaceutical Preparations
ORRAF,Orora Limited,0.0,2.99,84,83,23,Consumer Cyclical,Packaging & Containers
GPRE,Green Plains Inc.,-2.87,-4.12,43,42,70,Industrials,Major Chemicals
GRRMY,Gerresheimer AG,0.0,9.07,100,100,64,Healthcare,Medical Instruments & Supplies
EVO,Evotec SE,-2.26,-14.36,0,0,3,Health Care,Biotechnology: Pharmaceutical Preparations
SBR,Sabine Royalty Trust,0.08,3.77,77,72,45,Energy,Oil & Gas Production
TSHTY,Toshiba Tec Corporation,0.0,-15.21,7,9,25,Technology,Computer Hardware
PXED,"Phoenix Education Partners, Inc.",0.19,-2.04,7,13,13,Real Estate,Other Consumer Services
TMVWY,TeamViewer SE,-5.19,-1.35,2,8,61,Technology,Software - Application
TMVWF,TeamViewer SE,0.0,0.39,69,68,54,Technology,Software - Application
CNMD,CONMED Corporation,0.17,-7.07,0,0,72,Health Care,Biotechnology: Electromedical & Electrotherapeutic Apparatus
LSDAF,Lassonde Industries Inc.,0.0,6.41,90,90,50,Consumer Defensive,Beverages - Non-Alcoholic
CII,"BlackRock Enhanced Large Cap Core Fund, Inc.",0.67,-1.86,6,21,57,Finance,Investment Bankers/Brokers/Service
SVRA,Savara Inc.,-0.38,0.57,20,13,44,Health Care,Biotechnology: Pharmaceutical Preparations
TNLIY,Trainline plc,-4.09,-4.09,0,0,19,Consumer Cyclical,Travel Services
CRON,Cronos Group Inc.,-0.63,-0.63,11,14,70,Health Care,Medicinal Chemicals and Botanical Products
AMC,"AMC Entertainment Holdings, Inc.",4.24,-6.46,29,27,80,Consumer Discretionary,Movies/Entertainment
OCSL,Oaktree Specialty Lending Corporation,0.72,-2.99,0,11,53,Finance,Finance: Consumer Services
ALVO,Alvotech,0.95,29.34,97,94,60,Health Care,Biotechnology: Biological Products (No Diagnostic Substances)
IGIC,International General Insurance Holdings Ltd.,-0.12,-3.14,9,22,54,Finance,Property-Casualty Insurers
CRVS,"Corvus Pharmaceuticals, Inc.",-0.23,-14.73,0,0,85,Health Care,Biotechnology: Pharmaceutical Preparations
HBT,"HBT Financial, Inc.",0.61,-1.91,93,92,86,Finance,Major Banks
BJCHF,Beijing Capital International Airport Company Limited,0.0,0.0,65,65,6,Industrials,Airports & Air Services
AMPL,"Amplitude, Inc.",1.04,-5.34,9,12,92,Technology,Computer Software: Prepackaged Software
JWLLF,Jamieson Wellness Inc.,0.0,1.07,75,78,82,Consumer Defensive,Packaged Foods
SAFT,"Safety Insurance Group, Inc.",0.1,0.74,77,80,90,Finance,Property-Casualty Insurers
ODC,Oil-Dri Corporation of America,0.39,-1.48,11,13,80,Consumer Discretionary,Miscellaneous manufacturing industries
ETW,Eaton Vance Tax-Managed Global Buy-Write Opportunities Fund,0.1,-1.67,6,23,56,Finance,Investment Managers
PLRRF,Polar Capital Holdings Plc,0.0,-2.17,35,34,89,Financial Services,Asset Management
RERE,ATRenew Inc.,-0.25,-13.7,6,5,16,Consumer Discretionary,Other Specialty Stores
COGNY,Cogna Educação S.A.,0.0,7.14,76,78,15,Consumer Defensive,Education & Training Services
BUR,Burford Capital Limited,-0.68,-1.36,62,61,4,Finance,Finance: Consumer Services
OXBDF,Oxford Biomedica plc,1.08,-19.71,1,1,7,Healthcare,Biotechnology
KRNGF,Karoon Energy Ltd,0.0,4.39,38,39,29,Energy,Oil & Gas E&P
GSBD,"Goldman Sachs BDC, Inc.",0.42,-2.83,0,10,52,Finance,Investment Managers
VIRDY,Viridien Société anonyme,0.0,-5.77,17,13,17,Energy,Oil & Gas Equipment & Services
NBN,Northeast Bank,1.08,-2.58,81,78,69,Finance,Major Banks
GOOGL,Alphabet Inc,1.77,-2.21,42,39,55,Technology,Computer Software: Programming Data Processing
MSFT,Microsoft Corporation,0.65,-0.06,60,61,65,Technology,Computer Software: Prepackaged Software
TSM,Taiwan Semiconductor Manufacturing Company Limited,1.22,0.64,83,86,81,Technology,Semiconductors
MU,"Micron Technology, Inc.",-0.22,2.68,54,52,98,Technology,Semiconductors
JPM,JPMorgan Chase & Co.,0.76,-1.89,49,47,70,Finance,Major Banks
ASML,ASML Holding N.V.,0.64,-8.1,30,29,85,Technology,Industrial Machinery/Components
INTC,Intel Corporation,2.61,-1.55,81,83,97,Technology,Semiconductors
TCEHY,Tencent Holdings Limited,1.21,-1.5,5,5,9,Communication Services,Internet Content & Information
COST,Costco Wholesale Corporation,0.26,-5.93,0,5,25,Consumer Discretionary,Department/Specialty Retail Stores
ABBV,AbbVie Inc.,0.83,2.51,59,55,68,Health Care,Biotechnology: Pharmaceutical Preparations
BACRP,Bank of America Corporation PFD SER B 7%,0.0,22.45,99,95,87,Unknown,Unknown
NFLX,Netflix Inc,1.83,-1.07,30,33,11,Consumer Discretionary,Consumer Electronics/Video Chains
IDCBF,Industrial and Commercial Bank of China Limited,3.13,12.5,98,96,73,Financial Services,Banks - Diversified
GE,GE Aerospace,-0.15,-10.25,0,0,48,Technology,Consumer Electronics/Appliances
PG,The Procter & Gamble Company,1.61,0.7,63,59,33,Consumer Discretionary,Package Goods/Cosmetics
ACGBF,Agricultural Bank of China Limited,0.0,3.9,86,85,62,Financial Services,Banks - Diversified
HD,"The Home Depot, Inc.",1.0,-8.98,1,1,19,Consumer Discretionary,RETAIL: Building Materials
GS,"The Goldman Sachs Group, Inc.",0.92,-0.81,57,46,68,Finance,Investment Bankers/Brokers/Service
BABA,Alibaba Group,0.68,-10.53,0,1,12,Consumer Discretionary,Business Services
AZN,AstraZeneca PLC,0.33,1.86,40,41,18,Health Care,Biotechnology: Pharmaceutical Preparations
IBM,International Business Machines Corporation,3.96,2.59,100,100,19,Technology,Computer Manufacturing
PM,Philip Morris International Inc.,0.68,1.14,79,72,65,Health Care,Medicinal Chemicals and Botanical Products
LVMHF,"LVMH Moët Hennessy - Louis Vuitton, Société Européenne",2.61,-9.44,13,12,10,Consumer Cyclical,Luxury Goods
RY,Royal Bank of Canada,-0.04,-4.23,28,33,73,Finance,Commercial Banks
NSRGY,Nestlé S.A.,-0.45,-4.77,0,2,32,Consumer Defensive,Packaged Foods
NSRGF,Nestlé S.A.,-1.88,-4.92,0,10,30,Consumer Defensive,Packaged Foods
SNDK,Sandisk Corporation,-3.5,6.89,54,56,99,Technology,Electronic Components
RTX,RTX Corporation,-0.22,-10.04,0,2,59,Industrials,Aerospace
LRLCY,L'Oréal S.A.,1.44,-0.33,50,49,39,Consumer Defensive,Household & Personal Products
SHEL,Shell plc,0.84,8.56,100,100,75,Energy,Oil & Gas Production
KXHCF,Kioxia Holdings Corporation,0.0,16.13,100,100,66,,
KXIAY,Kioxia Holdings Corporation,-0.39,0.0,67,69,98,Technology,Semiconductors
C,Citigroup Inc.,0.23,0.06,91,90,74,Finance,Major Banks
MUFG,"Mitsubishi UFJ Financial Group, Inc.",2.58,3.42,99,94,87,Finance,Commercial Banks
TMUS,"T-Mobile US, Inc.",2.92,0.0,60,52,19,Telecommunications,Telecommunications Equipment
ANET,"Arista Networks, Inc.",5.61,-1.98,88,80,87,Telecommunications,Computer Communications Equipment
MCD,McDonald's Corporation,-0.21,-6.58,0,0,13,Consumer Discretionary,Restaurants
HESAY,Hermès International Société en commandite par actions,-0.71,-11.23,0,0,7,Consumer Cyclical,Luxury Goods
TTE,TotalEnergies SE,0.72,5.56,98,98,77,Energy,Oil & Gas Production
ABBNY,ABB Ltd,0.84,-5.89,24,15,63,Industrials,Electrical Equipment & Parts
BCDRF,"Banco Santander, S.A.",-2.16,-6.52,45,40,81,Financial Services,Banks - Diversified
SAN,"Banco Santander, S.A.",2.26,1.22,100,96,84,Finance,Commercial Banks
APH,Amphenol Corporation,4.57,1.26,92,100,75,Technology,Electrical Products
NEE,"NextEra Energy, Inc.",-0.16,-3.58,26,18,40,Technology,EDP Services
RTNTF,Rio Tinto Group,0.0,-3.79,38,39,77,Basic Materials,Other Industrial Metals & Mining
SBGSF,Schneider Electric S.E.,1.22,-8.76,28,21,65,Industrials,Specialty Industrial Machinery
BLK,"BlackRock, Inc.",1.62,-8.26,8,9,50,Finance,Investment Bankers/Brokers/Service
GILD,"Gilead Sciences, Inc.",-0.75,4.04,53,52,66,Health Care,Biotechnology: Biological Products (No Diagnostic Substances)
FRCOY,"Fast Retailing Co., Ltd.",1.0,-11.36,1,4,50,Consumer Cyclical,Apparel Retail
BUDFF,Anheuser-Busch InBev SA/NV,-0.33,-2.61,35,29,57,Consumer Defensive,Beverages - Brewers
SCCO,Southern Copper Corporation,-0.33,3.15,31,32,85,Basic Materials,Metal Mining
CRM,"Salesforce, Inc.",1.94,23.02,81,79,77,Technology,Computer Software: Prepackaged Software
ETN,Eaton Corporation plc,3.96,-6.17,58,60,67,Technology,Industrial Machinery/Components
SCHW,The Charles Schwab Corporation,-0.07,-2.27,9,11,70,Finance,Investment Bankers/Brokers/Service
HON,Honeywell International Inc.,0.09,-13.26,0,0,21,Industrials,Aerospace
RLLCF,Rolls-Royce Holdings plc,0.0,0.0,61,61,3,Industrials,Aerospace & Defense
PFE,Pfizer Inc.,0.25,3.43,52,50,59,Health Care,Biotechnology: Pharmaceutical Preparations
IBKR,"Interactive Brokers Group, Inc.",2.18,0.04,26,17,78,Finance,Investment Bankers/Brokers/Service
DE,Deere & Company,-0.32,10.35,82,77,81,Industrials,Industrial Machinery/Components
CSUAY,China Shenhua Energy Company Limited,-0.64,5.3,78,74,56,Energy,Thermal Coal
BX,Blackstone Inc.,2.47,-13.94,11,11,36,Finance,Investment Managers
PNGAY,"Ping An Insurance (Group) Company of China, Ltd.",-0.36,0.23,33,37,27,Financial Services,Insurance - Life
SMFNF,"Sumitomo Mitsui Financial Group, Inc.",7.56,5.16,100,100,89,Financial Services,Banks - Diversified
DBSDF,DBS Group Holdings Ltd,-2.56,0.31,54,55,86,Financial Services,Banks - Regional
CILJF,China Life Insurance Company Limited,-1.56,5.88,80,81,56,Financial Services,Insurance - Life
BBVA,"Banco Bilbao Vizcaya Argentaria, S.A.",2.46,3.14,100,99,89,Finance,Commercial Banks
UNCFF,UniCredit S.p.A.,-1.3,1.11,47,42,78,Financial Services,Banks - Regional
DHR,Danaher Corporation,-0.19,-1.84,7,10,46,Industrials,Industrial Machinery/Components
SONY,Sony Group Corporation,1.62,1.23,36,37,38,Consumer Staples,Consumer Electronics/Appliances
IVSBF,Investor AB (publ),-1.67,-6.48,0,0,62,Financial Services,Asset Management
BNPQF,BNP Paribas SA,-2.83,-12.16,0,0,74,Financial Services,Banks - Regional
UL,Unilever PLC,0.63,-1.05,30,33,36,Consumer Discretionary,Package Goods/Cosmetics
AIQUF,L'Air Liquide S.A.,-0.91,-2.91,29,35,40,Basic Materials,Specialty Chemicals
CB,Chubb Limited,0.18,-1.52,36,33,55,Finance,Property-Casualty Insurers
AIQUY,L'Air Liquide S.A.,-0.31,-0.92,20,29,37,Basic Materials,Specialty Chemicals
EBBGF,Enbridge Inc.,-0.16,-0.28,17,28,47,Energy,Oil & Gas Midstream
BNPQY,BNP Paribas SA,1.21,-7.21,36,38,76,Financial Services,Banks - Regional
ESOCF,Enel SpA,1.84,-7.58,22,23,37,Utilities,Utilities - Diversified
ISNPY,Intesa Sanpaolo S.p.A.,2.63,-0.4,73,58,78,Financial Services,Banks - Regional
SYK,Stryker Corporation,2.06,-19.21,5,5,11,Health Care,Medical/Dental Instruments
MRAAF,"Murata Manufacturing Co., Ltd.",1.05,-8.83,72,74,96,Technology,Electronic Components
BYDDF,BYD Company Limited,1.4,-9.28,3,3,12,Consumer Cyclical,Auto Manufacturers
ATEYY,Advantest Corporation,-1.65,-9.68,23,21,93,Technology,Semiconductor Equipment & Materials
VRTX,Vertex Pharmaceuticals Incorporated,0.17,-0.19,30,31,69,Health Care,Biotechnology: Pharmaceutical Preparations
PBR,Petróleo Brasileiro S.A. - Petrobras,-0.84,21.98,92,92,89,Energy,Oil & Gas Production
MTSUY,Mitsubishi Corporation,3.48,8.72,100,100,73,Industrials,Conglomerates
AAIGF,AIA Group Limited,3.89,1.44,81,77,31,Financial Services,Insurance - Life
MZHOF,"Mizuho Financial Group, Inc.",0.0,0.51,65,64,87,Financial Services,Banks - Regional
ZURVY,Zurich Insurance Group AG,0.22,-0.39,24,31,46,Financial Services,Insurance - Diversified
EQIX,"Equinix, Inc.",1.36,-2.9,29,17,67,Real Estate,Real Estate Investment Trusts
SNYNF,Sanofi,-3.78,-3.54,0,0,21,Healthcare,Drug Manufacturers - General
SO,The Southern Company,-0.66,-5.28,0,0,28,Utilities,Electric Utilities: Central
SPOT,Spotify Technology S.A.,0.77,5.52,54,53,28,Consumer Discretionary,Broadcasting
CM,Canadian Imperial Bank of Commerce,0.15,-6.34,20,18,72,Finance,Commercial Banks
MAR,"Marriott International, Inc.",1.71,-4.87,20,20,45,Consumer Discretionary,Hotels/Resorts
GPMXY,"Grupo México, S.A.B. de C.V.",-8.75,-3.12,19,20,51,Basic Materials,Other Industrial Metals & Mining
BNY,The Bank of New York Mellon Corporation,0.04,0.25,79,70,85,Finance,Major Banks
AXAHF,AXA SA,0.0,-2.32,33,34,59,Financial Services,Insurance - Diversified
BRCFF,Brookfield Corporation,0.0,11.0,100,99,73,Financial Services,Asset Management
ITOCY,ITOCHU Corporation,2.94,15.59,100,100,78,Industrials,Conglomerates
CAIXY,"CaixaBank, S.A.",0.79,3.85,89,79,84,Financial Services,Banks - Regional
IBN,ICICI Bank Limited,1.87,-0.31,21,29,43,Finance,Commercial Banks
ESLOF,EssilorLuxottica Société anonyme,2.95,-5.87,26,28,5,Healthcare,Medical Instruments & Supplies
XIACF,Xiaomi Corporation,-2.04,2.6,29,31,8,Technology,Consumer Electronics
XIACY,Xiaomi Corporation,1.64,1.21,25,25,8,Technology,Consumer Electronics
SNPS,"Synopsys, Inc.",0.05,-3.49,9,10,20,Technology,Computer Software: Prepackaged Software
INTU,Intuit Inc.,2.81,-10.25,12,14,10,Technology,Computer Software: Prepackaged Software
GLCNF,Glencore plc,0.62,9.8,74,77,88,Basic Materials,Other Industrial Metals & Mining
MITSF,"Mitsui & Co., Ltd.",-0.31,10.17,90,90,56,Industrials,Conglomerates
GLNCY,Glencore plc,1.05,10.89,73,76,89,Basic Materials,Other Industrial Metals & Mining
MIELF,Mitsubishi Electric Corporation,-0.08,-18.36,1,3,35,Industrials,Electrical Equipment & Parts
CMCSA,Comcast Corporation,0.12,-3.74,22,23,29,Telecommunications,Cable & Other Pay Television Services
SNOW,Snowflake Inc.,-0.22,-2.49,50,44,92,Technology,Computer Software: Prepackaged Software
WBKCY,Westpac Banking Corporation,-3.51,-4.88,28,26,20,Financial Services,Banks - Diversified
WMB,"The Williams Companies, Inc.",0.77,0.46,57,51,59,Utilities,Natural Gas Distribution
ITUB,Itaú Unibanco Holding S.A.,0.36,13.53,97,96,63,Finance,Major Banks
ATLFF,Atlas Copco AB (publ),0.0,0.0,100,90,68,Industrials,Specialty Industrial Machinery
KKR,KKR & Co. Inc.,0.21,-12.33,0,0,27,Finance,Investment Managers
ELV,"Elevance Health, Inc.",0.52,5.61,96,96,78,Health Care,Medical Specialities
HOOD,"Robinhood Markets, Inc.",-0.67,13.28,67,65,63,Finance,Investment Bankers/Brokers/Service
CSX,CSX Corporation,-0.18,-2.11,17,19,77,Industrials,Railroads
ICE,"Intercontinental Exchange, Inc.",1.02,1.39,47,45,44,Finance,Investment Bankers/Brokers/Service
RKLB,Rocket Lab Corporation,1.6,-21.41,2,3,20,Industrials,Military/Government/Technical
NGGTF,National Grid plc,0.0,-3.2,25,28,31,Utilities,Utilities - Regulated Electric
JCI,Johnson Controls International plc,2.24,-3.59,57,63,65,Industrials,Industrial Machinery/Components
VCISY,Vinci SA,0.72,-8.31,0,0,20,Industrials,Engineering & Construction
BE,Bloom Energy Corporation,6.68,16.73,99,100,97,Energy,Industrial Machinery/Components
EMR,Emerson Electric Co.,2.57,-7.01,33,29,60,Technology,Consumer Electronics/Appliances
ABNB,"Airbnb, Inc.",1.52,-8.07,5,5,84,Consumer Discretionary,Diversified Commercial Services
CVNA,Carvana Co.,-1.59,-6.16,41,38,31,Consumer Discretionary,Retail-Auto Dealers and Gas Stations
NGG,National Grid plc,0.63,-5.34,0,0,32,Utilities,Natural Gas Distribution
LYG,Lloyds Banking Group plc,2.04,-3.06,61,60,74,Finance,Commercial Banks
CHGCF,"Chugai Pharmaceutical Co., Ltd.",7.28,-1.9,54,49,12,Healthcare,Drug Manufacturers - General
MDLZ,"Mondelez International, Inc.",-0.05,-1.72,42,34,51,Consumer Staples,Packaged Foods
BAM,Brookfield Asset Management Ltd.,0.04,-14.57,0,0,32,Consumer Discretionary,Other Consumer Services
MPWR,"Monolithic Power Systems, Inc.",4.08,-9.4,19,20,55,Technology,Semiconductors
RCL,Royal Caribbean Cruises Ltd.,0.44,-16.05,0,2,22,Consumer Discretionary,Marine Transportation
ANZGF,ANZ Group Holdings Limited,0.0,0.0,100,90,57,Financial Services,Banks - Diversified
ROST,"Ross Stores, Inc.",2.33,-5.62,32,31,69,Consumer Discretionary,Clothing/Shoe/Accessory Stores
SU,Suncor Energy Inc.,-0.15,5.87,87,87,84,Energy,Integrated oil Companies
CRH,CRH plc,1.02,-9.0,2,1,11,Industrials,Building Materials
VOLVF,AB Volvo (publ),3.33,-0.08,62,46,59,Industrials,Farm & Heavy Construction Machinery
CNI,Canadian National Railway Company,0.9,-3.75,24,15,68,Industrials,Railroads
VLVLY,AB Volvo (publ),0.52,-1.52,0,7,58,Industrials,Farm & Heavy Construction Machinery
OVCHF,Oversea-Chinese Banking Corporation Limited,11.32,11.32,100,100,94,Financial Services,Banks - Regional
TDG,TransDigm Group Incorporated,1.19,-8.5,11,16,18,Industrials,Military/Government/Technical
DASH,"DoorDash, Inc.",0.46,-6.62,11,12,57,Technology,EDP Services
JPPTY,"JAPAN POST BANK Co., Ltd.",1.94,6.52,92,85,88,Financial Services,Banks - Regional
NSC,Norfolk Southern Corporation,-0.94,-5.2,0,0,55,Industrials,Railroads
JAPAF,Japan Tobacco Inc.,0.0,-6.01,77,74,77,Consumer Defensive,Tobacco
AON,Aon plc,-1.65,-15.23,0,0,18,Finance,Specialty Insurers
MURGY,Münchener Rückversicherungs-Gesellschaft Aktiengesellschaft in München,0.61,-1.19,19,22,41,Financial Services,Insurance - Reinsurance
SFBQF,SoftBank Corp.,0.0,5.8,54,56,46,Communication Services,Telecom Services
MKKGY,Merck KGaA,-0.1,-5.64,0,0,56,Healthcare,Drug Manufacturers - Specialty & Generic
NBNKF,Nordea Bank Abp,0.0,-2.9,31,23,60,Financial Services,Banks - Regional
BHKLY,BOC Hong Kong (Holdings) Limited,0.0,0.46,78,72,79,Financial Services,Banks - Regional
REGN,"Regeneron Pharmaceuticals, Inc.",-1.48,-2.92,0,0,75,Health Care,Biotechnology: Pharmaceutical Preparations
NWG,NatWest Group plc,2.55,-0.57,100,89,78,Finance,Commercial Banks
NU,Nu Holdings Ltd.,-2.66,4.95,32,26,48,Finance,Finance: Consumer Services
URI,"United Rentals, Inc.",0.0,-11.73,6,1,57,Consumer Discretionary,Diversified Commercial Services
PSTVY,"Postal Savings Bank of China Co., Ltd.",2.28,14.07,69,66,48,Financial Services,Banks - Regional
NNFSF,"Nongfu Spring Co., Ltd.",0.0,-4.23,8,13,34,Consumer Defensive,Beverages - Non-Alcoholic
SMTOY,"Sumitomo Electric Industries, Ltd.",3.45,-4.7,28,28,59,Consumer Cyclical,Auto Parts
STM,STMicroelectronics N.V.,1.52,-4.47,40,42,87,Technology,Semiconductors
SMTOF,"Sumitomo Electric Industries, Ltd.",0.0,7.04,39,41,1,Consumer Cyclical,Auto Parts
WFAFF,Wesfarmers Limited,0.0,-4.82,18,13,49,Consumer Cyclical,Home Improvement Retail
MCQEF,Macquarie Group Limited,0.0,0.0,65,65,78,Financial Services,Capital Markets
DSDVY,DSV A/S,-2.44,-8.57,0,0,13,Industrials,Integrated Freight & Logistics
LDNXF,London Stock Exchange Group plc,-3.01,-5.51,0,0,25,Financial Services,Financial Data & Stock Exchanges
MBGYY,Mercedes-Benz Group AG,-0.3,2.82,66,72,21,Consumer Cyclical,Auto Manufacturers
SCBFF,Standard Chartered PLC,2.13,2.8,100,100,88,Financial Services,Banks - Diversified
SRE,Sempra,-0.79,-3.63,31,29,25,Utilities,Natural Gas Distribution
PCAR,PACCAR Inc,0.13,-6.11,8,11,59,Consumer Discretionary,Motor Vehicles
NGLOY,Anglo American plc,1.0,3.58,44,46,79,Basic Materials,Other Industrial Metals & Mining
CRARF,Crédit Agricole S.A.,0.0,-7.14,33,37,65,Financial Services,Banks - Regional
DSDVF,DSV A/S,-0.31,-3.86,26,22,17,Industrials,Integrated Freight & Logistics
HPE,Hewlett Packard Enterprise Company,12.44,3.79,100,100,97,Technology,Retail: Computer Software & Peripheral Equipment
NUE,Nucor Corporation,1.55,-4.72,64,70,89,Industrials,Steel/Iron Ore
NTIOF,National Bank of Canada,0.33,-8.03,13,7,69,Financial Services,Banks - Diversified
SGAPY,Singapore Telecommunications Limited,0.42,7.58,87,91,46,Communication Services,Telecom Services
MSTR,Strategy Inc,1.87,34.88,76,75,12,Technology,Computer Software: Prepackaged Software
UCBJY,UCB SA,1.95,-5.4,10,9,11,Healthcare,Biotechnology
ORANY,Orange S.A.,0.22,-4.2,45,43,35,Communication Services,Telecom Services
KBCSY,KBC Group NV,1.91,1.62,63,59,77,Financial Services,Banks - Regional
EONGY,E.ON SE,0.54,-3.09,69,63,43,Utilities,Utilities - Diversified
TRGP,Targa Resources Corp.,-0.57,8.76,60,60,86,Utilities,Natural Gas Distribution
MARUY,Marubeni Corporation,4.43,5.96,100,99,1,Industrials,Conglomerates
PCRFF,Panasonic Holdings Corporation,0.0,-3.29,47,50,96,Technology,Consumer Electronics
VWAPY,Volkswagen AG,0.0,11.44,85,87,21,Consumer Cyclical,Auto Manufacturers
VST,Vistra Corp.,0.9,1.35,80,82,20,Utilities,Electric Utilities: Central
PSA,Public Storage,0.64,-9.8,4,7,38,Real Estate,Real Estate Investment Trusts
SSUMY,Sumitomo Corporation,3.18,7.24,100,100,87,Industrials,Conglomerates
CARR,Carrier Global Corporation,1.45,-9.3,7,8,24,Industrials,Industrial Machinery/Components
BASFY,BASF SE,-3.03,4.3,49,54,63,Basic Materials,Chemicals
FJIKY,Fujikura Ltd.,1.9,-7.58,32,30,91,Industrials,Conglomerates
MARUF,Marubeni Corporation,4.29,5.86,72,68,64,Industrials,Conglomerates
VLKAF,Volkswagen AG,-0.67,7.8,82,85,14,Consumer Cyclical,Auto Manufacturers
LOBLY,Loblaw Companies Limited,0.0,3.9,68,73,25,Consumer Defensive,Grocery Stores
DBOEY,Deutsche Börse AG,-1.21,1.49,35,37,66,Financial Services,Financial Data & Stock Exchanges
NTDOY,"Nintendo Co., Ltd.",2.4,0.15,19,17,17,Communication Services,Electronic Gaming & Multimedia
AJG,Arthur J. Gallagher & Co.,-1.23,-4.94,0,0,44,Finance,Specialty Insurers
ASMXF,ASM International NV,6.21,-7.92,42,43,82,Technology,Semiconductor Equipment & Materials
MT,ArcelorMittal S.A.,-0.73,1.78,47,44,91,Industrials,Steel/Iron Ore
DVN,Devon Energy Corporation,0.42,13.16,96,96,76,Energy,Oil & Gas Production
TAK,Takeda Pharmaceutical Company Limited,0.83,5.0,82,77,66,Health Care,Biotechnology: Pharmaceutical Preparations
ABEV,Ambev S.A.,-0.66,6.34,85,86,56,Consumer Staples,Beverages (Production/Distribution)
GDERF,Galderma Group AG,-1.67,-12.73,0,0,23,Healthcare,Drug Manufacturers - Specialty & Generic
RNECY,Renesas Electronics Corporation,1.73,-10.74,30,29,76,Technology,Semiconductors
SCGLF,Société Générale Société anonyme,-5.1,-10.83,0,0,63,Financial Services,Banks - Regional
GALDY,Galderma Group AG,0.27,-14.05,0,0,24,Healthcare,Drug Manufacturers - Specialty & Generic
RNECF,Renesas Electronics Corporation,-5.45,-17.67,1,0,68,Technology,Semiconductors
DRPRF,Dr. Ing. h.c. F. Porsche AG,0.0,7.94,100,99,42,Consumer Cyclical,Auto Manufacturers
INFY,Infosys Limited,1.47,-10.8,10,13,10,Technology,EDP Services
AU,AngloGold Ashanti plc,0.52,10.53,35,36,83,Basic Materials,Precious Metals
ADSK,"Autodesk, Inc.",0.37,-17.66,9,10,13,Technology,Computer Software: Prepackaged Software
WUXIF,"WuXi AppTec Co., Ltd.",3.02,31.32,83,80,97,Healthcare,Diagnostics & Research
EBAY,eBay Inc.,2.59,3.34,100,97,62,Consumer Discretionary,Business Services
AZO,"AutoZone, Inc.",-0.16,-5.38,0,0,11,Consumer Discretionary,Auto & Home Supply Stores
EBKOF,Erste Group Bank AG,1.14,2.06,60,53,80,Financial Services,Banks - Regional
RWEOY,RWE Aktiengesellschaft,-0.66,1.45,74,71,78,Utilities,Utilities - Diversified
WEICF,"Weichai Power Co., Ltd.",1.24,-13.53,31,29,85,Consumer Cyclical,Auto Manufacturers
EXC,Exelon Corporation,-0.53,-4.45,1,0,29,Utilities,Power Generation
TYHOF,Toyota Tsusho Corporation,0.0,12.11,93,93,89,Industrials,Conglomerates
MSCI,MSCI Inc.,1.28,-3.24,36,39,33,Consumer Discretionary,Business Services
DEO,Diageo plc,0.37,-8.82,3,6,42,Consumer Staples,Beverages (Production/Distribution)
DNBBF,DNB Bank ASA,0.45,7.51,71,63,70,Financial Services,Banks - Regional
HINKF,Heineken N.V.,0.67,-2.41,18,11,47,Consumer Defensive,Beverages - Brewers
ORLNY,Orlen S.A.,0.0,-4.82,39,36,48,Energy,Oil & Gas Integrated
GRMN,Garmin Ltd.,4.25,-9.03,34,38,77,Industrials,Industrial Machinery/Components
SEMHF,Siemens Healthineers AG,3.05,-0.04,28,25,34,Healthcare,Medical Devices
WUXAY,"WuXi AppTec Co., Ltd.",-4.06,-7.74,0,0,94,Healthcare,Diagnostics & Research
FNV,Franco-Nevada Corporation,2.05,15.06,88,84,77,Basic Materials,Precious Metals
DSCSY,Disco Corporation,1.6,-17.89,4,4,22,Technology,Semiconductor Equipment & Materials
DKILF,"Daikin Industries,Ltd.",0.65,2.22,51,50,31,Industrials,Building Products & Equipment
ANNSF,"Aena S.M.E., S.A.",-1.68,-6.67,0,0,30,Industrials,Airports & Air Services
FERG,Ferguson Enterprises Inc.,0.71,-9.97,13,6,34,Miscellaneous,Miscellaneous
LZAGY,Lonza Group AG,-0.84,-7.6,0,0,38,Healthcare,Diagnostics & Research
DISPF,Disco Corporation,-1.25,-16.28,2,0,99,Technology,Semiconductor Equipment & Materials
ERIC,Telefonaktiebolaget LM Ericsson (publ),3.0,0.39,90,74,36,Technology,Radio And Television Broadcasting And Communications Equipment
DKILY,"Daikin Industries,Ltd.",1.65,1.19,100,100,43,Industrials,Building Products & Equipment
BAYRY,Bayer Aktiengesellschaft,-0.85,0.79,45,47,88,Healthcare,Drug Manufacturers - General
UNVGY,Universal Music Group N.V.,4.09,-0.36,48,46,7,Communication Services,Entertainment
DNKEY,Danske Bank A/S,1.13,2.61,100,100,83,Financial Services,Banks - Regional
TLGPY,Telstra Group Limited,1.34,4.55,100,99,40,Communication Services,Telecom Services
ASAZF,ASSA ABLOY AB (publ),0.0,0.94,100,100,60,Industrials,Security & Protection Services
VIK,Viking Holdings Ltd,1.19,-19.89,3,2,62,Consumer Discretionary,Marine Transportation
CMG,"Chipotle Mexican Grill, Inc.",0.19,11.01,59,57,53,Consumer Discretionary,Restaurants
IX,ORIX Corporation,2.61,-0.79,82,74,79,Finance,Diversified Financial Services
UMGNF,Universal Music Group N.V.,3.59,0.33,44,40,6,Communication Services,Entertainment
BDX,"Becton, Dickinson and Company",0.81,-1.69,1,4,71,Health Care,Medical/Dental Instruments
HLNCF,Haleon plc,-0.33,-8.93,0,0,30,Healthcare,Drug Manufacturers - Specialty & Generic
HLN,Haleon plc,-0.33,-5.61,0,0,32,Consumer Discretionary,Package Goods/Cosmetics
TYIDY,Toyota Industries Corporation,-2.13,-3.15,41,84,45,Industrials,Farm & Heavy Construction Machinery
SLF,Sun Life Financial Inc.,0.14,-0.65,74,67,76,Finance,Life Insurance
ORXCF,ORIX Corporation,2.41,-0.62,74,69,84,Financial Services,Financial Conglomerates
PYPL,"PayPal Holdings, Inc.",0.77,-11.12,14,16,58,Industrials,Diversified Commercial Services
AIG,"American International Group, Inc.",0.4,-0.92,28,26,35,Finance,Life Insurance
TKO,"TKO Group Holdings, Inc.",0.35,-4.69,45,43,24,Consumer Discretionary,Services-Misc. Amusement & Recreation
LYV,"Live Nation Entertainment, Inc.",0.04,-8.55,0,3,46,Consumer Discretionary,Services-Misc. Amusement & Recreation
OTSKY,"Otsuka Holdings Co., Ltd.",0.54,-5.26,0,7,69,Healthcare,Drug Manufacturers - General
ADM,Archer-Daniels-Midland Company,-0.22,8.88,90,90,80,Consumer Staples,Packaged Foods
KR,The Kroger Co.,2.7,2.9,82,73,17,Consumer Staples,Food Chains
DCNSF,"Daiichi Life Group, Inc.",0.0,0.0,65,65,69,Financial Services,Insurance - Life
HLBZF,Heidelberg Materials AG,-1.62,-4.53,0,0,11,Basic Materials,Building Materials
PWCDF,Power Corporation of Canada,1.28,-0.13,86,79,84,Financial Services,Insurance - Life
DLICY,"Daiichi Life Group, Inc.",5.63,4.43,100,100,85,Financial Services,Insurance - Life
DTRUY,Daimler Truck Holding AG,1.31,-1.38,7,9,63,Industrials,Farm & Heavy Construction Machinery
UAL,"United Airlines Holdings, Inc.",3.13,-13.08,26,24,48,Consumer Discretionary,Air Freight/Delivery Services
ADRNY,Koninklijke Ahold Delhaize N.V.,-0.94,-4.19,40,33,15,Consumer Defensive,Grocery Stores
VMC,Vulcan Materials Company,0.85,-8.93,8,11,18,Industrials,Mining & Quarrying of Nonmetallic Minerals (No Fuels)
HUM,Humana Inc.,2.26,6.45,100,100,93,Health Care,Medical Specialities
PPRUY,Kering SA,1.88,-11.71,15,19,21,Consumer Cyclical,Luxury Goods
TSCDY,Tesco PLC,0.11,0.8,76,74,44,Consumer Defensive,Grocery Stores
AHODF,Koninklijke Ahold Delhaize N.V.,0.0,-2.54,36,22,14,Consumer Defensive,Grocery Stores
AXON,"Axon Enterprise, Inc.",0.1,-22.13,0,0,22,Industrials,Ordnance And Accessories
NIPNF,NEC Corporation,0.0,6.48,94,94,68,Technology,Information Technology Services
PUK,Prudential plc,0.33,-3.21,0,0,31,Finance,Life Insurance
FRFHF,Fairfax Financial Holdings Limited,1.44,-1.92,33,32,28,Financial Services,Insurance - Property & Casualty
NHOLF,"Sompo Holdings, Inc.",0.0,-4.84,52,53,73,Financial Services,Insurance - Property & Casualty
PSZKY,Powszechna Kasa Oszczednosci Bank Polski Spólka Akcyjna,-0.09,9.86,93,93,89,Financial Services,Banks - Regional
DTGHF,Daimler Truck Holding AG,0.0,-5.42,0,2,61,Industrials,Farm & Heavy Construction Machinery
SHNDY,Schindler Holding AG,-0.21,-2.04,6,11,19,Industrials,Specialty Industrial Machinery
JD,"JD.com, Inc.",0.15,-7.65,0,4,24,Consumer Discretionary,Other Specialty Stores
GFI,Gold Fields Limited,0.97,16.68,71,69,68,Basic Materials,Precious Metals
MLM,"Martin Marietta Materials, Inc.",1.49,-6.24,19,22,15,Industrials,Mining & Quarrying of Nonmetallic Minerals (No Fuels)
GFIOF,Gold Fields Limited,0.0,119.42,100,100,98,Basic Materials,Gold
HNDAF,"Honda Motor Co., Ltd.",0.0,-0.4,6,10,48,Consumer Cyclical,Auto Manufacturers
ADYYF,Adyen N.V.,-0.84,-14.14,0,0,15,Technology,Software - Infrastructure
BBDO,Banco Bradesco S.A.,0.31,4.34,94,88,60,Finance,Major Banks
VOD,Vodafone Group Public Limited Company,0.4,7.27,96,95,82,Telecommunications,Telecommunications Equipment
SAABF,Saab AB (publ),0.0,-16.62,2,3,44,Industrials,Aerospace & Defense
SHLRF,Schindler Holding AG,0.0,-2.98,19,14,17,Industrials,Specialty Industrial Machinery
QSR,Restaurant Brands International Inc.,0.61,0.48,13,20,59,Consumer Discretionary,Restaurants
RDDT,"Reddit, Inc.",1.56,-0.22,42,42,14,Technology,EDP Services
RBLX,Roblox Corporation,1.38,19.89,100,100,6,Technology,Computer Software: Prepackaged Software
LVS,Las Vegas Sands Corp.,0.54,-6.42,0,0,9,Consumer Discretionary,Hotels/Resorts
GVDBF,Givaudan SA,-5.15,-5.91,47,42,25,Basic Materials,Specialty Chemicals
HBANP,Huntington Bancshares Incorporated,0.0,1.48,60,62,33,Finance,Major Banks
HBANL,Huntington Bancshares Incorporated,0.16,-0.69,33,37,40,Finance,Major Banks
ALC,Alcon Inc.,-0.78,-10.19,0,0,19,Health Care,Ophthalmic Goods
DNZOY,DENSO Corporation,3.9,5.29,100,100,34,Consumer Cyclical,Auto Parts
FNLPF,Fresnillo plc,2.4,4.59,47,47,54,Basic Materials,Other Precious Metals & Mining
KYOCF,Kyocera Corporation,0.0,-8.71,0,2,86,Industrials,Conglomerates
CMXHF,CSL Limited,0.0,30.39,97,97,87,Healthcare,Biotechnology
TS,Tenaris S.A.,0.83,9.06,93,98,72,Industrials,Steel/Iron Ore
KMB,Kimberly-Clark Corporation,-0.34,-10.27,0,0,26,Consumer Discretionary,Containers/Packaging
MLYBY,Malayan Banking Berhad,-0.19,2.34,0,0,33,Financial Services,Banks - Regional
AVIFY,Advanced Info Service Public Company Limited,-1.11,-12.99,19,15,56,Communication Services,Telecom Services
SBGOF,Standard Bank Group Limited,-2.63,-0.5,70,69,75,Financial Services,Banks - Regional
FANDF,FirstRand Limited,0.0,3.97,100,95,98,Financial Services,Banks - Diversified
FANDY,FirstRand Limited,0.0,-4.0,39,35,72,Financial Services,Banks - Diversified
DSNKY,"Daiichi Sankyo Company, Limited",3.43,3.37,86,80,28,Healthcare,Drug Manufacturers - General
SXYAY,Sika AG,-0.44,-3.83,0,0,70,Basic Materials,Specialty Chemicals
ACGLO,Arch Capital Group Ltd.,-0.11,-3.71,0,0,25,Finance,Property-Casualty Insurers
SGBLY,Standard Bank Group Limited,2.68,-1.56,63,66,70,Financial Services,Banks - Regional
TLLXY,Talanx AG,0.0,11.12,82,78,75,Financial Services,Insurance - Diversified
TGOPF,3i Group plc,0.0,-2.82,0,0,32,Financial Services,Asset Management
AJINF,"Ajinomoto Co., Inc.",0.0,-11.95,9,5,66,Consumer Defensive,Packaged Foods
NTRS,Northern Trust Corporation,1.07,-0.21,100,100,83,Finance,Major Banks
HENOY,Henkel AG & Co. KGaA,-1.54,-6.36,0,0,47,Consumer Defensive,Household & Personal Products
MITEY,"Mitsubishi Estate Co., Ltd.",1.9,1.5,86,76,21,Real Estate,Real Estate - Diversified
SVNDY,"Seven & i Holdings Co., Ltd.",0.93,2.19,77,80,42,Consumer Defensive,Grocery Stores
QIHCF,"Haier Smart Home Co., Ltd.",0.0,0.0,65,65,43,Consumer Cyclical,"Furnishings, Fixtures & Appliances"
AMRZ,AMRZ,0.2,-13.12,0,0,7,Industrials,Building Materials
VG,"Venture Global, Inc.",1.94,16.69,100,100,90,Utilities,Oil/Gas Transmission
NSKFF,Kongsberg Gruppen ASA,1.39,-4.26,50,54,67,Industrials,Aerospace & Defense
SVNLF,Svenska Handelsbanken AB (publ),0.64,0.06,68,64,56,Financial Services,Banks - Diversified
VEOEF,Veolia Environnement SA,-0.22,-6.62,4,0,36,Industrials,Waste Management
SVNLY,Svenska Handelsbanken AB (publ),0.65,0.65,73,67,73,Financial Services,Banks - Diversified
GBOOY,"Grupo Financiero Banorte, S.A.B. de C.V.",0.39,4.38,95,95,71,Financial Services,Banks - Regional
DASTY,Dassault Systèmes SE,-0.55,-4.49,0,3,31,Technology,Software - Application
POPMF,Pop Mart International Group Limited,2.7,0.91,31,38,4,,
BIIB,Biogen Inc.,0.8,3.09,67,63,74,Health Care,Biotechnology: Biological Products (No Diagnostic Substances)
SHG,"Shinhan Financial Group Co., Ltd.",3.48,12.35,100,99,90,Finance,Major Banks
CQP,"Cheniere Energy Partners, L.P.",-1.54,0.65,20,27,66,Utilities,Oil/Gas Transmission
TSEM,Tower Semiconductor Ltd.,1.66,-16.38,19,18,94,Technology,Semiconductors
DXCM,"DexCom, Inc.",-1.75,-9.24,0,0,66,Health Care,Medical/Dental Instruments
CASY,"Casey's General Stores, Inc.",-1.94,-27.91,0,0,18,Consumer Discretionary,Retail-Auto Dealers and Gas Stations
KHNGF,Kuehne + Nagel International AG,0.0,1.77,21,21,66,Industrials,Integrated Freight & Logistics
HNNMY,H & M Hennes & Mauritz AB (publ),0.0,-7.97,0,0,28,Consumer Cyclical,Apparel Manufacturing
REPYY,"Repsol, S.A.",0.0,10.35,92,92,92,Energy,Oil & Gas Integrated
SAXPY,Sampo Oyj,0.14,-1.62,0,2,39,Financial Services,Insurance - Diversified
SYM,Symbotic Inc.,2.51,0.79,78,79,15,Industrials,Industrial Machinery/Components
VWDRY,Vestas Wind Systems A/S,2.02,4.13,84,88,88,Industrials,Specialty Industrial Machinery
LDSVF,Chocoladefabriken Lindt & Sprüngli AG,0.16,-9.78,23,17,10,Consumer Defensive,Confectioners
AMADY,"Amadeus IT Group, S.A.",-1.52,-4.9,0,0,32,Technology,Information Technology Services
RMD,ResMed Inc.,-0.6,-3.46,4,12,31,Health Care,Medical/Dental Instruments
IMBBF,Imperial Brands PLC,1.03,-9.44,25,24,12,Consumer Defensive,Tobacco
PGPHF,Partners Group Holding AG,-0.25,-12.28,0,0,8,Financial Services,Asset Management
KHNGY,Kuehne + Nagel International AG,-1.16,0.68,22,26,70,Industrials,Integrated Freight & Logistics
BRDCY,Bridgestone Corporation,1.07,-5.34,11,14,59,Consumer Cyclical,Auto Parts
SAXPF,Sampo Oyj,0.0,1.11,51,50,43,Financial Services,Insurance - Diversified
SGGKF,Singapore Technologies Engineering Ltd,-3.85,-1.94,0,2,37,Industrials,Aerospace & Defense
EXPE,"Expedia Group, Inc.",1.43,-14.34,11,12,75,Consumer Discretionary,Transportation Services
REPYF,"Repsol, S.A.",0.0,11.28,93,93,93,Energy,Oil & Gas Integrated
MDB,"MongoDB, Inc.",-3.12,-23.31,7,8,52,Technology,Computer Software: Prepackaged Software
BESVF,BE Semiconductor Industries N.V.,-6.31,-15.97,0,0,50,Technology,Semiconductor Equipment & Materials
ANPDY,ANTA Sports Products Limited,1.1,2.95,42,43,21,Consumer Cyclical,Leisure
YZCAY,Yankuang Energy Group Company Limited,-2.24,6.79,65,64,66,Energy,Thermal Coal
FTAIM,FTAI Aviation Ltd.,0.26,1.46,83,80,51,Industrials,Misc Corporate Leasing Services
VWSYF,Vestas Wind Systems A/S,0.09,5.67,79,84,87,Industrials,Specialty Industrial Machinery
ANPDF,ANTA Sports Products Limited,0.0,-3.91,25,33,18,Consumer Cyclical,Leisure
P,"Everpure, Inc.",4.34,-16.34,24,23,89,Technology,Electronic Components
WNGRF,George Weston Limited,0.0,0.0,68,75,41,Consumer Defensive,Grocery Stores
ZTCOF,ZTE Corporation,0.0,-7.67,0,1,6,Technology,Communication Equipment
MTSFF,"Mitsui Fudosan Co., Ltd.",0.0,3.04,71,70,18,Real Estate,Real Estate - Diversified
GELHY,Geely Automobile Holdings Limited,0.51,-9.6,0,0,17,Consumer Cyclical,Auto Manufacturers
NVZMF,Novozymes A/S,0.6,2.59,26,28,54,Basic Materials,Specialty Chemicals
ALPMY,Astellas Pharma Inc.,2.39,0.14,34,38,59,Healthcare,Drug Manufacturers - General
FQVLF,First Quantum Minerals Ltd.,2.22,2.25,20,23,82,Basic Materials,Copper
CAJPY,Canon Inc.,2.25,-0.83,43,37,38,Technology,Computer Hardware
LNDMY,Lundin Mining Corporation,-0.08,1.37,43,43,20,Basic Materials,Copper
FOXA,Fox Corporation,1.17,1.19,33,33,44,Industrials,Broadcasting
PHG,Koninklijke Philips N.V.,-0.04,-10.19,0,0,22,Health Care,Medical Electronics
NTOIF,Neste Oyj,0.0,10.39,93,93,93,Energy,Oil & Gas Refining & Marketing
NTOIY,Neste Oyj,-0.84,10.27,78,82,90,Energy,Oil & Gas Refining & Marketing
EXXRF,Exor N.V.,-2.12,-0.14,20,25,27,Industrials,Farm & Heavy Construction Machinery
BKRKY,PT Bank Rakyat Indonesia (Persero) Tbk,-1.28,7.92,54,52,35,Financial Services,Banks - Regional
AVVIY,Aviva plc,0.68,1.25,27,35,66,Financial Services,Insurance - Diversified
AFRM,"Affirm Holdings, Inc.",5.07,-8.78,33,33,59,Finance,Finance: Consumer Services
SFHOY,"S.F. Holding Co., Ltd.",0.4,-7.15,0,0,16,Industrials,Integrated Freight & Logistics
PUBGY,Publicis Groupe S.A.,-0.78,-3.34,5,8,72,Communication Services,Advertising Agencies
THNBY,Technoprobe S.p.A.,3.57,10.6,100,100,98,Unknown,Unknown
NHYKF,Norsk Hydro ASA,-3.48,-1.36,2,8,45,Basic Materials,Aluminum
SZKMY,Suzuki Motor Corporation,4.52,4.84,62,57,47,Consumer Cyclical,Auto Manufacturers
AIBRF,AIB Group plc,-1.75,9.61,77,80,82,Financial Services,Banks - Regional
AONNY,"Aeon Co., Ltd.",-0.92,-0.8,37,41,9,Consumer Cyclical,Department Stores
HXGBF,Hexagon AB (publ),0.0,0.48,48,49,48,Technology,Scientific & Technical Instruments
FUJIF,FUJIFILM Holdings Corporation,0.0,-6.15,49,46,30,Industrials,Conglomerates
FMX,"Fomento Económico Mexicano, S.A.B. de C.V.",-0.53,0.38,13,22,57,Consumer Staples,Beverages (Production/Distribution)
WRTBY,Wärtsilä Oyj Abp,0.45,-2.2,45,41,24,Industrials,Specialty Industrial Machinery
BG,Bunge Global SA,-1.75,9.27,79,79,67,Consumer Staples,Packaged Foods
ATI,ATI Inc.,-0.12,-12.52,0,0,94,Industrials,Steel/Iron Ore
MTD,Mettler-Toledo International Inc.,1.01,-9.59,2,4,50,Industrials,Biotechnology: Laboratory Analytical Instruments
BNNCY,Banco BPM S.p.A.,0.0,12.11,70,70,81,Financial Services,Banks - Regional
CPAY,"Corpay, Inc.",-0.06,-4.0,50,44,78,Consumer Discretionary,Business Services
WTW,Willis Towers Watson Public Limited Company,0.06,-5.5,3,6,55,Finance,Specialty Insurers
NXT,Nextpower Inc.,1.89,-20.72,6,6,13,Industrials,Industrial Machinery/Components
LSRCF,Lasertec Corporation,0.0,-7.94,45,44,99,Technology,Semiconductor Equipment & Materials
SOFI,"SoFi Technologies, Inc.",0.64,-6.02,11,5,16,Finance,Finance: Consumer Services
NRSCF,"Nomura Holdings, Inc.",0.0,0.0,65,65,63,Financial Services,Capital Markets
AER,AerCap Holdings N.V.,0.76,-5.15,2,8,49,Consumer Discretionary,Diversified Commercial Services
INSM,Insmed Incorporated,1.67,2.44,96,92,42,Health Care,Biotechnology: Pharmaceutical Preparations
ALFVY,Alfa Laval AB (publ),0.59,-4.06,0,0,53,Industrials,Specialty Industrial Machinery
SZKMF,Suzuki Motor Corporation,-3.48,2.94,56,55,34,Consumer Cyclical,Auto Manufacturers
CJPRF,Central Japan Railway Company,0.0,10.07,100,100,98,Industrials,Railroads
IHG,InterContinental Hotels Group PLC,0.69,-3.16,0,0,57,Consumer Discretionary,Hotels/Resorts
WRTBF,Wärtsilä Oyj Abp,0.0,-5.1,30,23,31,Industrials,Specialty Industrial Machinery
HPGLY,Hapag-Lloyd Aktiengesellschaft,-4.28,6.94,40,42,60,Industrials,Marine Shipping
AKRBY,Aker BP ASA,0.0,12.66,100,100,86,Energy,Oil & Gas E&P
FCNCN,"First Citizens BancShares, Inc. Depositary Shares, each representing a 1/40th interest in a share of 6.625% Non-Cumulative Perpetual Preferred Stock, Series E",-0.98,-1.98,0,14,35,Finance,Major Banks
IREN,IREN Limited,0.44,-2.08,74,75,28,Technology,EDP Services
CLLNY,"Cellnex Telecom, S.A.",1.65,-6.33,25,26,21,Real Estate,Real Estate Services
ZS,"Zscaler, Inc.",0.65,-12.56,11,13,33,Technology,EDP Services
SGSOY,SGS SA,-0.88,-2.93,27,18,45,Industrials,Consulting Services
CMS,CMS Energy Corporation,-0.78,-4.77,0,0,23,Utilities,Power Generation
CAOVF,China Overseas Land & Investment Limited,0.0,4.19,87,84,24,Real Estate,Real Estate - Development
TRUMF,Terumo Corporation,0.0,8.69,25,23,32,Healthcare,Medical Instruments & Supplies
NNGPF,NN Group N.V.,0.0,-0.83,22,22,68,Financial Services,Insurance - Diversified
EMBVF,"Arca Continental, S.A.B. de C.V.",-1.65,0.35,50,58,43,Consumer Defensive,Beverages - Non-Alcoholic
BDRXF,Bombardier Inc.,-24.26,-19.38,0,0,12,Industrials,Aerospace & Defense
FUWAF,"Furukawa Electric Co., Ltd.",0.0,19.07,49,50,1,Industrials,Electrical Equipment & Parts
NI,NiSource Inc.,-0.02,-1.59,67,63,25,Utilities,Power Generation
IPOAF,"Industrias Peñoles, S.A.B. de C.V.",0.0,5.97,92,88,68,Basic Materials,Other Industrial Metals & Mining
BDRAF,Bombardier Inc.,-0.18,-11.13,10,9,79,Industrials,Aerospace & Defense
LPLA,LPL Financial Holdings Inc.,1.88,-5.57,22,25,62,Finance,Investment Bankers/Brokers/Service
CAOVY,China Overseas Land & Investment Limited,-7.72,-11.25,0,0,13,Real Estate,Real Estate - Development
PPERF,PT Bank Mandiri (Persero) Tbk,8.25,11.69,100,100,34,Financial Services,Banks - Regional
FFIV,"F5, Inc.",3.32,-1.03,100,100,80,Telecommunications,Computer Communications Equipment
DGX,Quest Diagnostics Incorporated,1.68,-0.43,31,33,75,Health Care,Medical Specialities
SW,Smurfit Westrock Plc,2.39,-12.81,13,14,52,Consumer Discretionary,Containers/Packaging
VIV,Telefônica Brasil S.A.,-0.59,4.88,79,81,23,Telecommunications,Telecommunications Equipment
LH,Labcorp Holdings Inc.,1.49,-3.22,7,6,69,Health Care,Medical Specialities
SHWDY,Resonac Holdings Corporation,0.0,0.34,37,36,97,Basic Materials,Chemicals
VONOY,Vonovia SE,0.39,-14.33,0,0,10,Real Estate,Real Estate Services
FOJCF,Fortum Oyj,0.0,25.62,96,96,85,Utilities,Utilities - Renewable
NXGPF,NEXT plc,0.0,0.01,56,45,65,Consumer Cyclical,Apparel Retail
SNX,TD SYNNEX Corporation,5.35,5.75,100,100,90,Technology,Retail: Computer Software & Peripheral Equipment
FOJCY,Fortum Oyj,1.25,24.89,94,96,84,Utilities,Utilities - Renewable
CCHGY,Coca-Cola HBC AG,0.5,-3.43,38,26,58,Consumer Defensive,Beverages - Non-Alcoholic
WWD,"Woodward, Inc.",1.35,-5.85,12,6,47,Energy,Industrial Machinery/Components
ALB,Albemarle Corporation,-3.43,-9.63,0,0,26,Industrials,Major Chemicals
EXPD,"Expeditors International of Washington, Inc.",1.73,2.97,100,100,83,Industrials,Integrated Freight & Logistics
AS,"Amer Sports, Inc.",2.41,-15.25,7,7,8,Consumer Discretionary,Apparel
TLSNF,Telia Company AB (publ),0.0,-2.8,53,50,35,Communication Services,Telecom Services
TLSNY,Telia Company AB (publ),-0.11,3.55,80,83,42,Communication Services,Telecom Services
BURL,"Burlington Stores, Inc.",0.42,-32.73,0,0,9,Consumer Discretionary,Department/Specialty Retail Stores
KUBTY,Kubota Corporation,2.63,5.59,73,69,70,Industrials,Farm & Heavy Construction Machinery
ELCPF,"EDP, S.A.",0.0,1.75,64,64,55,Utilities,Utilities - Diversified
VLTO,Veralto Corporation,0.7,-3.53,0,0,43,Industrials,Electrical Products
LSCC,Lattice Semiconductor Corporation,4.92,-6.75,40,41,80,Technology,Semiconductors
BSBR,Banco Santander (Brasil) S.A.,2.38,4.33,100,100,59,Finance,Commercial Banks
ULS,UL Solutions Inc.,0.21,-7.06,0,0,14,Health Care,Precision Instruments
LGGNY,Legal & General Group Plc,0.46,-2.04,0,0,72,Financial Services,Asset Management
CDE,"Coeur Mining, Inc.",1.18,11.54,60,60,74,Basic Materials,Precious Metals
LGGNF,Legal & General Group Plc,0.0,2.12,91,90,69,Financial Services,Asset Management
FYGGY,"Fuyao Glass Industry Group Co., Ltd.",-1.17,2.31,51,51,36,Consumer Cyclical,Auto Parts
DD,"DuPont de Nemours, Inc.",-0.26,-11.49,0,0,42,Industrials,Major Chemicals
RBA,"RB Global, Inc.",3.8,-2.87,43,47,9,Consumer Discretionary,Business Services
CXMSF,"CEMEX, S.A.B. de C.V.",0.0,-8.47,34,32,37,Basic Materials,Building Materials
JMHLY,Jardine Matheson Holdings Limited,0.34,-4.85,8,13,21,Industrials,Conglomerates
KNRRY,Knorr-Bremse AG,0.37,1.59,44,46,52,Consumer Cyclical,Auto Parts
IFF,International Flavors & Fragrances Inc.,-0.52,-0.54,44,45,72,Industrials,Major Chemicals
SAUHY,Straumann Holding AG,0.09,-8.9,18,19,36,Healthcare,Medical Instruments & Supplies
SNA,Snap-on Incorporated,0.16,-6.64,0,0,49,Consumer Discretionary,Industrial Machinery/Components
HLDCY,Henderson Land Development Company Limited,-0.3,-1.94,5,4,31,Real Estate,Real Estate - Diversified
WSPOF,WSP Global Inc.,-1.03,-8.33,1,6,11,Industrials,Engineering & Construction
NPSCY,Nippon Steel Corporation,1.12,5.59,98,89,59,Basic Materials,Steel
BCH,Banco de Chile,-0.33,2.89,55,51,69,Finance,Commercial Banks
NATKY,National Atomic Company Kazatomprom JSC,0.0,-2.57,29,18,66,Energy,Uranium
IVBXF,"Innovent Biologics, Inc.",-2.0,-4.96,0,0,58,Healthcare,Biotechnology
KGHPF,KGHM Polska Miedz S.A.,-2.59,21.9,91,93,90,Basic Materials,Copper
CABGY,Carlsberg A/S,-1.94,-6.95,0,0,43,Consumer Defensive,Beverages - Brewers
GXYEF,Galaxy Entertainment Group Limited,1.37,-3.18,54,52,28,Consumer Cyclical,Resorts & Casinos
ARXS,"Arxis, Inc.",0.9,-9.08,23,18,83,Industrials,Military/Government/Technical
WLMIF,Wilmar International Limited,0.0,-2.97,93,92,60,Consumer Defensive,Packaged Foods
HALFF,HAL Trust,0.0,-0.04,100,100,52,Financial Services,Asset Management
CIB,Grupo Cibest S.A.,-1.05,7.9,82,82,93,Finance,Commercial Banks
TIIAY,Telecom Italia S.p.A.,2.71,1.25,60,56,83,Communication Services,Telecom Services
GIS,"General Mills, Inc.",-0.31,-7.86,0,0,23,Consumer Staples,Packaged Foods
KAJMY,Kajima Corporation,3.95,7.27,96,99,27,Industrials,Engineering & Construction
VDMCY,Vodacom Group Limited,2.45,3.22,99,100,63,Communication Services,Telecom Services
AMCR,Amcor plc,-1.58,-7.44,0,0,52,Consumer Discretionary,Miscellaneous manufacturing industries
APG,APi Group Corporation,1.28,-12.93,2,3,26,Consumer Discretionary,Engineering & Construction
DNGFF,Dongfang Electric Corporation Limited,0.0,-21.72,6,5,14,Industrials,Specialty Industrial Machinery
BR,"Broadridge Financial Solutions, Inc.",-0.3,-2.01,14,19,26,Consumer Discretionary,Business Services
UFGSY,Unipol Assicurazioni S.p.A.,0.0,13.08,87,84,93,Financial Services,Insurance - Property & Casualty
PL,Planet Labs PBC,-1.44,-33.54,0,0,25,Technology,Radio And Television Broadcasting And Communications Equipment
SOAGY,Sartorius Aktiengesellschaft,0.6,-1.99,18,17,42,Healthcare,Medical Instruments & Supplies
WY,Weyerhaeuser Company,0.32,-10.3,0,0,25,Real Estate,Real Estate Investment Trusts
SIELF,"Shanghai Electric Group Co., Ltd.",0.0,-34.81,12,12,10,Industrials,Specialty Industrial Machinery
BDNNY,Boliden AB (publ),0.75,2.29,36,36,62,Basic Materials,Other Industrial Metals & Mining
WLMIY,Wilmar International Limited,0.38,3.35,57,55,66,Consumer Defensive,Packaged Foods
ESS,"Essex Property Trust, Inc.",0.57,-5.04,0,0,47,Real Estate,Real Estate Investment Trusts
GXYYY,Galaxy Entertainment Group Limited,3.46,-3.04,26,23,27,Consumer Cyclical,Resorts & Casinos
ITT,ITT Inc.,4.03,-5.62,43,40,63,Industrials,Fluid Controls
KAOOY,Kao Corporation,-0.68,-1.21,40,43,58,Consumer Defensive,Household & Personal Products
WXIBF,WuXi Biologics (Cayman) Inc.,0.0,6.41,77,74,88,Healthcare,Biotechnology
AARTY,Airtel Africa Plc,0.0,7.35,67,68,97,Communication Services,Telecom Services
BKZHY,Erste Bank Polska S.A.,0.0,9.71,100,100,94,Unknown,Unknown
AAFRF,Airtel Africa Plc,0.0,8.04,100,100,66,Communication Services,Telecom Services
GH,"Guardant Health, Inc.",-1.04,-1.35,17,20,95,Health Care,Medical Specialities
YAHOF,LY Corporation,0.0,8.2,91,89,72,Consumer Cyclical,Internet Retail
H,Hyatt Hotels Corporation,1.04,-9.25,19,21,35,Consumer Discretionary,Hotels/Resorts
JBARF,Julius Bär Gruppe AG,-1.17,-2.46,45,30,77,Financial Services,Asset Management
KGSPF,Kingspan Group plc,6.84,11.86,100,100,85,Industrials,Building Products & Equipment
WES,"Western Midstream Partners, LP",1.74,1.53,74,74,78,Utilities,Natural Gas Distribution
CLPXY,China Longyuan Power Group Corporation Limited,-0.59,-3.98,45,38,8,Utilities,Utilities - Renewable
EWBC,"East West Bancorp, Inc.",-0.15,-4.99,34,33,62,Finance,Major Banks
SINGY,Singapore Airlines Limited,0.38,-4.92,0,0,46,Industrials,Airlines
ZTO,ZTO Express (Cayman) Inc.,-1.15,-10.08,0,0,27,Industrials,Trucking Freight/Courier Services
SGIOF,"Shionogi & Co., Ltd.",0.0,-1.4,13,9,38,Healthcare,Drug Manufacturers - Specialty & Generic
SGIOY,"Shionogi & Co., Ltd.",1.11,3.75,60,59,35,Healthcare,Drug Manufacturers - Specialty & Generic
KGSPY,Kingspan Group plc,0.45,1.08,66,70,86,Industrials,Building Products & Equipment
BBY,"Best Buy Co., Inc.",3.08,6.39,100,100,81,Consumer Discretionary,Consumer Electronics/Video Chains
SINGF,Singapore Airlines Limited,0.0,-7.34,35,32,54,Industrials,Airlines
GNRC,Generac Holdings Inc.,2.93,-13.69,17,14,19,Consumer Discretionary,Metal Fabrications
CG,The Carlyle Group Inc.,-1.69,-17.05,0,0,13,Finance,Investment Managers
EUXTF,Euronext N.V.,2.6,2.6,100,100,64,Financial Services,Financial Data & Stock Exchanges
AGESY,ageas SA/NV,1.69,4.29,80,79,77,Financial Services,Insurance - Diversified
XPNGF,XPeng Inc.,0.0,-11.23,29,27,3,Consumer Cyclical,Auto Manufacturers
RBRK,RBRK,-2.54,-17.55,0,0,73,Technology,Computer Software: Prepackaged Software
KONMY,Konami Group Corporation,0.0,1.91,33,34,36,Communication Services,Electronic Gaming & Multimedia
LDOS,"Leidos Holdings, Inc.",-0.53,-9.64,2,5,14,Technology,EDP Services
CDW,CDW Corporation,7.85,8.78,100,100,64,Technology,Retail: Computer Software & Peripheral Equipment
NDSN,Nordson Corporation,2.28,1.75,38,37,76,Industrials,Industrial Machinery/Components
NVMI,Nova Ltd.,1.58,-9.65,43,43,22,Technology,Electronic Components
ZBH,"Zimmer Biomet Holdings, Inc.",1.14,-6.11,3,3,39,Health Care,Industrial Specialties
SONVF,Sonova Holding AG,-2.04,-7.35,0,0,49,Healthcare,Medical Devices
BOLSY,"B3 S.A. - Brasil, Bolsa, Balcão",-3.26,19.63,81,82,73,Financial Services,Financial Data & Stock Exchanges
WOLTF,Wolters Kluwer N.V.,0.0,-3.6,6,9,15,Industrials,Specialty Business Services
AGESF,ageas SA/NV,0.0,0.0,65,65,57,Financial Services,Insurance - Diversified
CVCCF,CVC Capital Partners plc,1.42,1.38,27,28,50,Financial Services,Asset Management
JDHIY,JD Health International Inc.,0.0,2.02,100,94,7,Healthcare,Pharmaceutical Retailers
LULU,lululemon athletica inc.,2.16,-17.22,5,5,4,Consumer Discretionary,Apparel
GLPEF,"Galp Energia, SGPS, S.A.",0.0,12.53,88,83,78,Energy,Oil & Gas Integrated
KAEPF,"The Kansai Electric Power Company, Incorporated",14.71,26.07,100,100,81,Utilities,Utilities - Renewable
LTM,LATAM Airlines Group S.A.,1.2,-2.16,36,31,43,Consumer Discretionary,Air Freight/Delivery Services
NPPHY,"Nippon Paint Holdings Co., Ltd.",-1.02,-8.88,57,59,79,Basic Materials,Specialty Chemicals
SOUHY,South32 Limited,-0.88,5.07,63,67,90,Basic Materials,Other Industrial Metals & Mining
WSE,Wise Group plc,0.75,-7.04,0,0,22,Industrials,Diversified Commercial Services
PZAKY,Powszechny Zaklad Ubezpieczen SA,0.0,-4.76,34,32,50,Financial Services,Insurance - Property & Casualty
SUI,"Sun Communities, Inc.",-0.39,-4.75,0,0,20,Real Estate,Real Estate Investment Trusts
BKNIY,"Bankinter, S.A.",1.66,1.97,60,50,79,Financial Services,Banks - Regional
EDVMF,Endeavour Mining plc,0.93,15.68,82,79,86,Basic Materials,Gold
TOST,"Toast, Inc.",0.56,-8.8,0,0,56,Technology,EDP Services
MAA,"Mid-America Apartment Communities, Inc.",0.25,-7.01,0,0,25,Real Estate,Real Estate Investment Trusts
BKIMF,"Bankinter, S.A.",0.0,16.47,95,94,73,Financial Services,Banks - Regional
WSO,"Watsco, Inc.",1.07,0.84,79,68,14,Consumer Discretionary,Industrial Machinery/Components
ENLT,Enlight Renewable Energy Ltd,0.34,-13.7,0,0,88,Utilities,Electric Utilities: Central
EVVTY,Evolution AB (publ),1.33,16.78,100,100,75,Consumer Cyclical,Gambling
SGI,Somnigroup International Inc.,0.98,0.89,65,64,13,Consumer Discretionary,Home Furnishings
BMBOY,"Grupo Bimbo, S.A.B. de C.V.",0.0,-6.28,11,21,44,Consumer Defensive,Packaged Foods
MPFRF,"Mapfre, S.A.",0.0,0.0,65,65,79,Financial Services,Insurance - Diversified
BSAC,Banco Santander-Chile,-0.23,2.65,55,51,72,Finance,Commercial Banks
NCBDY,BANDAI NAMCO Holdings Inc.,5.59,8.93,97,91,87,Consumer Cyclical,Leisure
KPCPY,Kasikornbank Public Company Limited,0.3,0.28,40,39,85,Financial Services,Banks - Regional
LFCBY,Lifco AB (publ),-3.88,-1.65,2,0,29,Industrials,Conglomerates
COVTY,Covestro AG,0.49,0.69,40,40,38,Basic Materials,Specialty Chemicals
SNLAY,Sino Land Company Limited,-4.51,0.3,51,49,26,Real Estate,Real Estate - Development
AUR,"Aurora Innovation, Inc.",1.58,-5.99,67,69,77,Technology,EDP Services
KPELF,Keppel Ltd.,0.0,1.59,78,79,67,Industrials,Conglomerates
CRERF,Carrefour SA,0.0,10.66,93,93,72,Consumer Defensive,Grocery Stores
MPFRY,"Mapfre, S.A.",0.0,2.31,80,70,61,Financial Services,Insurance - Diversified
OBYCF,Obayashi Corporation,-3.54,5.96,73,76,1,Industrials,Engineering & Construction
SWGAY,The Swatch Group AG,1.01,-8.14,2,4,38,Consumer Cyclical,Luxury Goods
REG,Regency Centers Corporation,0.09,-1.93,39,26,40,Real Estate,Real Estate Investment Trusts
J,Jacobs Solutions Inc.,0.94,-1.19,1,12,51,Industrials,Military/Government/Technical
CHKP,Check Point Software Technologies Ltd.,0.87,-1.93,47,51,15,Technology,Computer Software: Prepackaged Software
ARMK,Aramark,3.15,-4.0,47,51,86,Consumer Discretionary,Restaurants
ASND,Ascendis Pharma A/S,0.87,7.02,76,76,78,Health Care,Biotechnology: Pharmaceutical Preparations
WCPRF,Whitecap Resources Inc.,-1.4,10.35,81,81,88,Energy,Oil & Gas E&P
CLPBY,Coloplast A/S,-2.67,-2.09,7,12,22,Healthcare,Medical Instruments & Supplies
CJEWY,Chow Tai Fook Jewellery Group Limited,0.0,-1.36,26,30,29,Consumer Cyclical,Luxury Goods
KNBWY,"Kirin Holdings Company, Limited",0.89,-4.72,0,0,61,Consumer Defensive,Beverages - Brewers
NTNX,"Nutanix, Inc.",0.76,-2.99,23,33,84,Technology,Computer Software: Prepackaged Software
AKESF,"Akeso, Inc.",-5.14,-11.61,35,31,16,Healthcare,Biotechnology
PTAIF,PT Astra International Tbk,3.15,20.77,71,70,23,Industrials,Conglomerates
XJNGF,"Goldwind Science&Technology Co., Ltd.",0.0,6.9,89,86,10,Industrials,Specialty Industrial Machinery
KRYAY,Kerry Group plc,0.52,0.15,53,51,60,Consumer Defensive,Packaged Foods
OGFGF,Origin Energy Limited,0.0,20.31,96,96,58,Utilities,Utilities - Diversified
AMIGY,Admiral Group plc,1.21,0.84,15,17,69,Financial Services,Insurance - Property & Casualty
SEGXF,SEGRO Plc,-1.5,-1.74,0,12,81,Real Estate,REIT - Industrial
RPM,RPM International Inc.,0.91,-11.58,2,6,24,Consumer Discretionary,Paints/Coatings
APLD,Applied Digital Corporation,2.48,-13.72,32,31,21,Finance,Finance: Consumer Services
SKHSY,"Sekisui House, Ltd.",1.94,2.47,100,87,38,Consumer Cyclical,Residential Construction
FIG,"Figma, Inc.",4.79,-11.95,14,15,15,Technology,Computer Software: Prepackaged Software
UUGWF,United Utilities Group PLC,0.0,3.62,85,85,57,Utilities,Utilities - Regulated Water
RRX,Regal Rexnord Corporation,3.69,-4.86,36,36,22,Consumer Discretionary,Metal Fabrications
OSCUF,"Japan Exchange Group, Inc.",0.0,6.26,48,46,67,Financial Services,Financial Data & Stock Exchanges
RYKKF,"Ryohin Keikaku Co., Ltd.",0.0,146.5,100,100,99,Consumer Cyclical,Department Stores
AEOXF,Aeroports de Paris SA,0.0,1.71,100,97,40,Industrials,Airports & Air Services
NPNYY,Nippon Yusen Kabushiki Kaisha,1.93,21.17,100,100,86,Industrials,Marine Shipping
SUN,Sunoco LP,1.74,4.38,94,98,87,Energy,Integrated oil Companies
DSECF,Daiwa Securities Group Inc.,0.0,0.0,65,65,91,Financial Services,Capital Markets
IGIFF,IGM Financial Inc.,3.91,1.53,100,100,89,Financial Services,Asset Management
EVR,Evercore Inc.,-0.85,-9.72,0,0,15,Finance,Investment Managers
RGA,"Reinsurance Group of America, Incorporated",0.51,-0.27,69,58,78,Finance,Life Insurance
ALLY,Ally Financial Inc.,-0.24,-5.67,7,15,43,Finance,Major Banks
DELHY,Delivery Hero SE,0.48,-0.24,59,49,91,Consumer Cyclical,Internet Retail
SCRNY,"SCREEN Holdings Co., Ltd.",0.0,1.27,96,93,80,Technology,Semiconductor Equipment & Materials
BBIO,"BridgeBio Pharma, Inc.",-0.08,-10.8,0,0,59,Health Care,Biotechnology: Pharmaceutical Preparations
ACCYY,Accor SA,0.47,-0.74,32,35,51,Consumer Cyclical,Lodging
GWRE,"Guidewire Software, Inc.",0.59,-22.83,0,0,19,Technology,Computer Software: Prepackaged Software
ATZAF,Aritzia Inc.,-1.07,-10.96,0,0,39,Consumer Cyclical,Apparel Retail
SWRAY,Swire Pacific Limited,-1.91,2.28,64,66,89,Industrials,Conglomerates
EG,"Everest Group, Ltd.",0.18,2.1,61,59,64,Finance,Property-Casualty Insurers
ERFSF,Eurofins Scientific SE,0.63,1.24,56,56,64,Healthcare,Diagnostics & Research
IMPUY,Impala Platinum Holdings Limited,2.56,19.57,84,81,73,Basic Materials,Other Precious Metals & Mining
MKC,"McCormick & Company, Incorporated",0.43,-5.75,0,0,21,Consumer Staples,Packaged Foods
AETUF,ARC Resources Ltd.,1.45,7.36,100,100,80,Energy,Oil & Gas E&P
ROHCF,"ROHM Co., Ltd.",0.0,-0.18,66,55,94,Technology,Semiconductors
SNNUF,Smith & Nephew plc,0.0,0.0,65,65,32,Healthcare,Medical Devices
CNH,CNH Industrial N.V.,0.59,30.7,83,83,83,Industrials,Construction/Ag Equipment/Trucks
IONS,"Ionis Pharmaceuticals, Inc.",-2.59,-2.97,0,0,7,Health Care,Biotechnology: Pharmaceutical Preparations
RXEEY,Rexel S.A.,1.68,0.89,69,71,61,Technology,Electronics & Computer Distribution
DPMAY,Diploma PLC,2.36,0.62,49,38,76,Industrials,Industrial Distribution
SAIA,"Saia, Inc.",1.46,-7.67,39,38,26,Industrials,Trucking Freight/Courier Services
JPXGY,"Japan Exchange Group, Inc.",1.83,0.77,100,100,76,Financial Services,Financial Data & Stock Exchanges
PEN,"Penumbra, Inc.",-0.02,-2.76,4,0,45,Health Care,Medical/Dental Instruments
MSLOY,"Mitsui O.S.K. Lines, Ltd.",2.04,16.36,99,96,86,Industrials,Marine Shipping
RCDTF,Recordati Industria Chimica e Farmaceutica S.p.A.,0.0,0.0,100,90,26,Healthcare,Drug Manufacturers - General
OLYMY,Olympus Corporation,4.15,-1.16,31,29,68,Healthcare,Medical Devices
SAPIF,Saputo Inc.,-0.97,-6.16,0,0,36,Consumer Defensive,Packaged Foods
KNX,Knight-Swift Transportation Holdings Inc.,-1.54,-7.0,26,23,71,Industrials,Trucking Freight/Courier Services
CCRDF,"Yokohama Financial Group, Inc.",0.0,8.81,100,100,1,Financial Services,Banks - Regional
NYT,The New York Times Company,0.47,4.29,66,62,30,Consumer Discretionary,Newspapers/Magazines
HII,"Huntington Ingalls Industries, Inc.",-0.7,-13.74,0,0,18,Industrials,Marine Transportation
YASKF,YASKAWA Electric Corporation,0.0,-4.58,27,25,39,Industrials,Electrical Equipment & Parts
ATGAF,AltaGas Ltd.,0.0,0.0,100,90,52,Energy,Oil & Gas Midstream
GFL,GFL Environmental Inc.,2.93,2.88,82,80,47,Utilities,Environmental Services
DLAKF,Deutsche Lufthansa AG,0.11,-1.55,14,8,39,Industrials,Airlines
CPYYF,Centrica plc,0.0,-3.76,0,0,14,Utilities,Utilities - Independent Power Producers
ELS,"Equity LifeStyle Properties, Inc.",-0.36,-7.58,0,0,28,Real Estate,Real Estate Investment Trusts
BTSG,"BrightSpring Health Services, Inc.",1.47,-2.49,31,25,89,Health Care,Medical/Nursing Services
AGNC,AGNC Investment Corp.,-0.39,-6.36,0,0,48,Real Estate,Real Estate Investment Trusts
AGNCN,AGNC Investment Corp.,0.08,-0.39,63,60,47,Real Estate,Real Estate Investment Trusts
AGNCL,AGNC Investment Corp.,-0.16,-0.02,65,64,45,Real Estate,Real Estate Investment Trusts
SVTRF,Severn Trent PLC,0.0,-0.1,18,22,46,Utilities,Utilities - Regulated Water
PAC,"Grupo Aeroportuario del Pacífico, S.A.B. de C.V.",-0.54,-2.71,3,14,14,Consumer Discretionary,Aerospace
GL,Globe Life Inc.,0.22,-5.26,12,21,67,Finance,Life Insurance
TXRH,"Texas Roadhouse, Inc.",0.09,-12.12,6,8,54,Consumer Discretionary,Restaurants
LFUS,"Littelfuse, Inc.",4.57,-3.75,47,49,83,Energy,Electrical Products
WSOUF,WHSP Holdings Limited,0.0,0.0,100,90,69,Financial Services,Capital Markets
SCAFF,Schaeffler AG,0.0,81.25,100,100,96,,
HKTTY,HKT Trust and HKT Limited,1.57,1.87,83,75,60,Communication Services,Telecom Services
GRPTF,Getlink SE,0.0,1.39,77,71,55,Industrials,Railroads
ISMAY,"Indra Sistemas, S.A.",3.02,-8.76,40,47,76,Technology,Information Technology Services
RVTY,"Revvity, Inc.",2.79,5.8,63,59,85,Industrials,Biotechnology: Laboratory Analytical Instruments
OKLO,Oklo Inc.,-9.18,-22.02,0,0,2,Utilities,Electric Utilities: Central
MHGVY,Mowi ASA,1.98,4.59,69,75,47,Consumer Defensive,Farm Products
MINBY,MINEBEA MITSUMI Inc.,-3.04,-9.31,35,35,33,Technology,Electronic Components
AMH,American Homes 4 Rent,-0.25,-8.09,0,0,38,Real Estate,Real Estate Investment Trusts
GLXY,Galaxy Digital,1.12,16.47,61,62,16,Finance,Investment Bankers/Brokers/Service
FMS,Fresenius Medical Care AG,0.54,-5.42,9,4,33,Health Care,Misc Health and Biotechnology Services
AAON,"AAON, Inc.",4.29,-8.86,43,42,10,Industrials,Industrial Machinery/Components
NRXXY,Nordex SE,0.0,-3.23,19,16,66,Industrials,Specialty Industrial Machinery
LPGCY,"Laopu Gold Co., Ltd.",0.0,6.02,100,99,4,Consumer Cyclical,Luxury Goods
GOFPY,Allwyn AG,-0.13,-2.33,6,9,13,Consumer Cyclical,Gambling
PTAIY,PT Astra International Tbk,1.28,4.32,76,71,19,Industrials,Conglomerates
SBMFF,Sino Biopharmaceutical Limited,-0.14,16.17,72,69,18,Healthcare,Biotechnology
GIL,Gildan Activewear Inc.,-0.98,-14.67,0,0,12,Consumer Discretionary,Apparel
PINS,"Pinterest, Inc.",1.44,-18.31,14,15,10,Technology,Computer Software: Programming Data Processing
ALLE,Allegion plc,1.38,-7.86,12,15,46,Consumer Discretionary,Diversified Commercial Services
WLK,Westlake Corporation,-1.13,-11.08,0,0,11,Industrials,Major Chemicals
YSHLF,Yangzijiang Shipbuilding (Holdings) Ltd.,0.49,10.54,97,97,92,Industrials,Aerospace & Defense
AR,Antero Resources Corporation,-1.89,4.37,62,61,52,Energy,Oil & Gas Production
NGKIF,NGK Corporation,0.0,-6.0,41,38,86,Industrials,Specialty Industrial Machinery
TKGBY,Turkiye Garanti Bankasi A.S.,0.0,5.43,87,82,16,Financial Services,Banks - Regional
SJM,The J. M. Smucker Company,0.06,1.36,30,33,62,Consumer Staples,Packaged Foods
IKTSY,Intertek Group plc,0.1,0.45,68,57,78,Industrials,Specialty Business Services
ARWR,"Arrowhead Pharmaceuticals, Inc.",0.11,-3.2,11,9,93,Health Care,Biotechnology: Pharmaceutical Preparations
FUJHY,Subaru Corporation,3.92,5.86,100,100,26,Consumer Cyclical,Auto Manufacturers
ASEKY,Aisin Corporation,3.32,5.74,100,100,29,Consumer Cyclical,Auto Parts
BJ,"BJ's Wholesale Club Holdings, Inc.",2.05,-2.18,28,28,30,Consumer Discretionary,Department/Specialty Retail Stores
NEXOY,"NEXON Co., Ltd.",0.67,3.82,46,48,64,Communication Services,Electronic Gaming & Multimedia
SPXC,"SPX Technologies, Inc.",2.6,-9.59,12,13,19,Industrials,Industrial Machinery/Components
FRVO,Fervo Energy Company,-0.89,-23.28,18,16,1,Utilities,Electric Utilities: Central
IDKOY,"Idemitsu Kosan Co.,Ltd.",0.14,21.79,97,97,87,Energy,Oil & Gas Refining & Marketing
EQX,Equinox Gold Corp.,1.64,10.74,40,39,46,Basic Materials,Precious Metals
PLCQF,Polar Capital Technology Trust plc,4.34,145.74,75,79,98,Unknown,Unknown
PUGBY,"Puig Brands, S.A.",0.0,10.38,73,71,64,Consumer Defensive,Household & Personal Products
CR,Crane Company,2.17,-7.75,17,17,49,Industrials,Metal Fabrications
IAG,IAMGOLD Corporation,0.85,14.14,55,54,84,Basic Materials,Precious Metals
WYNN,"Wynn Resorts, Limited",-0.81,-14.12,0,0,8,Consumer Discretionary,Hotels/Resorts
TSGTF,Tsingtao Brewery Company Limited,0.0,-9.42,29,27,9,Consumer Defensive,Beverages - Brewers
AES,The AES Corporation,-0.07,0.41,68,73,53,Utilities,Electric Utilities: Central
RKUNF,"Rakuten Group, Inc.",4.71,-2.81,41,40,23,Consumer Cyclical,Internet Retail
AG,First Majestic Silver Corp.,-2.93,4.24,37,37,81,Basic Materials,Precious Metals
ASMVY,ASMPT Limited,1.28,-8.86,22,22,92,Technology,Semiconductor Equipment & Materials
AVAV,"AeroVironment, Inc.",-0.24,-22.55,11,13,4,Industrials,Aerospace
ESI,Element Solutions Inc,0.5,-11.77,0,0,52,Industrials,Major Chemicals
CPCAY,Cathay Pacific Airways Limited,0.0,-3.5,65,56,82,Industrials,Airlines
UHAL,U-Haul Holding Company,1.12,-13.45,3,6,67,Consumer Discretionary,Rental/Leasing Companies
CPCAF,Cathay Pacific Airways Limited,0.0,8.1,91,92,78,Industrials,Airlines
PTRRY,Prio S.A.,-0.05,10.28,92,92,85,Energy,Oil & Gas E&P
DOCU,"DocuSign, Inc.",-0.23,2.43,74,75,75,Technology,Computer Software: Prepackaged Software
BZLFY,Bunzl plc,0.0,-6.56,0,0,55,Consumer Defensive,Food Distribution
QABSY,Qantas Airways Limited,1.74,-7.47,12,13,34,Industrials,Airlines
WTFC,Wintrust Financial Corporation,0.94,-6.33,27,25,51,Finance,Major Banks
BKKLY,Bangkok Bank Public Company Limited,-2.42,-1.52,52,55,63,Financial Services,Banks - Regional
SMGKF,Smiths Group plc,0.0,0.39,69,68,55,Industrials,Specialty Industrial Machinery
VMI,"Valmont Industries, Inc.",1.34,-1.78,53,55,53,Industrials,Metal Fabrications
UNCHF,Unicharm Corporation,0.0,0.0,65,65,46,Consumer Defensive,Household & Personal Products
BZZUY,Buzzi S.p.A.,-0.22,-6.46,0,0,13,Basic Materials,Building Materials
BZLYF,Beazley plc,0.0,0.49,95,79,81,Financial Services,Insurance - Specialty
UMBF,UMB Financial Corporation,0.09,-7.22,13,6,65,Finance,Major Banks
AM,Antero Midstream Corporation,-0.94,-0.09,19,33,58,Utilities,Natural Gas Distribution
GTLS,Chart Industries Inc,0.0,0.0,100,100,34,Industrials,Metal Fabrications
ERIE,Erie Indemnity Company,1.93,-4.22,10,10,29,Finance,Specialty Insurers
JPNPY,"Japan Post Insurance Co., Ltd.",0.0,0.0,100,90,28,Financial Services,Insurance - Life
APAJF,APA Group,0.0,5.07,32,35,61,Utilities,Utilities - Regulated Gas
HRZRF,Horizon Robotics,4.09,7.79,14,27,2,,
MNBEF,MINEBEA MITSUMI Inc.,0.0,0.0,100,90,1,Technology,Electronic Components
ENSG,"The Ensign Group, Inc.",0.69,-4.34,37,34,46,Health Care,Hospital/Nursing Management
SCTBF,Securitas AB (publ),0.0,-13.63,9,15,25,Industrials,Security & Protection Services
FORM,"FormFactor, Inc.",2.52,-12.7,47,48,96,Technology,Semiconductors
ASRMF,"Grupo Aeroportuario del Sureste, S. A. B. de C. V.",0.0,-1.34,13,7,10,Industrials,Airports & Air Services
JKHY,"Jack Henry & Associates, Inc.",-0.19,3.75,54,54,55,Technology,EDP Services
FLS,Flowserve Corporation,2.24,-8.24,11,10,48,Industrials,Fluid Controls
CTRE,"CareTrust REIT, Inc.",-0.52,-0.54,24,29,51,Real Estate,Real Estate Investment Trusts
FROG,JFrog Ltd.,-1.66,-8.38,4,5,90,Technology,Computer Software: Prepackaged Software
BPOPO,"Popular, Inc.",-0.08,-0.07,52,56,40,Financial Services,Banks - Regional
SRGHY,Shoprite Holdings Ltd,0.88,1.04,73,69,67,Consumer Cyclical,Department Stores
W,Wayfair Inc.,1.15,-2.53,34,29,73,Consumer Discretionary,Catalog/Specialty Distribution
ALV,"Autoliv, Inc.",-0.03,0.48,45,51,40,Consumer Discretionary,Auto Parts:O.E.M.
SCTBY,Securitas AB (publ),0.0,0.09,100,100,25,Industrials,Security & Protection Services
DCI,"Donaldson Company, Inc.",1.21,-6.44,5,4,47,Industrials,Pollution Control Equipment
SAPMF,Saipem SpA,0.0,-0.2,10,0,88,Energy,Oil & Gas Equipment & Services
SNAP,Snap Inc.,2.9,7.17,72,69,30,Technology,Computer Software: Programming Data Processing
HPIFF,Huadian Power International Corporation Limited,0.0,0.0,65,65,48,Utilities,Utilities - Regulated Electric
DAR,Darling Ingredients Inc.,-1.9,-0.96,59,56,91,Consumer Staples,Packaged Foods
EQUEY,Equatorial S.A.,0.0,3.6,94,94,50,Utilities,Utilities - Regulated Electric
MUSA,Murphy USA Inc.,-0.42,-6.92,30,30,59,Consumer Discretionary,Retail-Auto Dealers and Gas Stations
AGX,"Argan, Inc.",4.39,-25.97,8,8,49,Consumer Discretionary,Engineering & Construction
FLGZY,Flughafen Zürich AG,-2.46,-14.93,0,0,12,Industrials,Airports & Air Services
ONB,Old National Bancorp,0.23,-4.68,36,32,61,Finance,Major Banks
RDEIY,"Redeia Corporación, S.A.",-0.7,-2.18,8,13,36,Utilities,Utilities - Regulated Electric
SCRPF,Sembcorp Industries Ltd,0.0,12.06,100,98,41,Utilities,Utilities - Diversified
CEF,Sprott Physical Gold and Silver Trust,0.66,-0.09,14,14,45,Financial Services,Asset Management
CHWY,"Chewy, Inc.",-3.04,-8.99,0,0,11,Consumer Discretionary,Catalog/Specialty Distribution
XROLF,Xero Limited,0.0,-4.81,1,2,11,Technology,Software - Application
ZION,"Zions Bancorporation, National Association",0.67,-3.99,50,54,67,Finance,Major Banks
JCYGY,Jardine Cycle & Carriage Limited,1.91,-0.2,95,85,26,Industrials,Conglomerates
EVKIY,Evonik Industries AG,-2.37,1.84,10,16,78,Basic Materials,Specialty Chemicals
KRYS,"Krystal Biotech, Inc.",0.42,5.68,48,47,92,Health Care,Biotechnology: Biological Products (No Diagnostic Substances)
TEM,"Tempus AI, Inc.",0.46,8.69,42,42,39,Technology,Computer Software: Programming Data Processing
ADRZY,Andritz AG,0.0,12.58,92,91,85,Industrials,Specialty Industrial Machinery
MOH,"Molina Healthcare, Inc.",1.97,-0.72,66,75,69,Health Care,Medical Specialities
LLYVK,"Liberty Live Holdings, Inc.",0.53,-9.74,2,5,38,Consumer Discretionary,Services-Misc. Amusement & Recreation
PRMB,Primo Brands Corporation,0.92,-15.79,0,0,34,Consumer Staples,Beverages (Production/Distribution)
ALTB,Alpine Auto Brokers Inc.,0.0,2.04,100,94,91,Consumer Cyclical,Auto & Truck Dealerships
CMHHF,China Merchants Port Holdings Company Limited,0.0,11.22,72,71,68,Industrials,Marine Shipping
KIKOF,Kikkoman Corporation,0.0,0.0,65,65,66,Consumer Defensive,Packaged Foods
SMNNY,Shimano Inc.,-0.15,-7.17,0,0,56,Consumer Cyclical,Leisure
ACM,AECOM,1.02,-0.13,28,32,6,Consumer Discretionary,Military/Government/Technical
JEXYY,Jiangsu Expressway Company Limited,0.0,4.58,88,86,35,Industrials,Infrastructure Operations
TKR,The Timken Company,1.05,-8.82,2,5,71,Industrials,Metal Fabrications
BVN,Compañía de Minas Buenaventura S.A.A.,0.56,1.1,32,31,74,Basic Materials,Metal Mining
EGO,Eldorado Gold Corporation,2.24,14.0,56,53,89,Basic Materials,Gold
GWKSY,Games Workshop Group PLC,0.0,-0.97,72,63,51,Consumer Cyclical,Leisure
GZPZF,Gaztransport & Technigaz SA,0.0,5.31,88,86,73,Energy,Oil & Gas Equipment & Services
FRHC,Freedom Holdings Corp.,1.7,12.91,71,71,67,Finance,Investment Bankers/Brokers/Service
SHMDF,Shimano Inc.,0.0,-8.78,0,0,64,Consumer Cyclical,Leisure
MBLY,Mobileye Global Inc.,0.49,-7.3,13,17,11,Technology,Computer Software: Prepackaged Software
TBVPF,Thai Beverage Public Company Limited,0.0,-0.27,53,48,40,Consumer Defensive,Beverages - Wineries & Distilleries
HDALF,Haidilao International Holding Ltd.,0.8,-22.7,0,0,5,Consumer Cyclical,Restaurants
AKBLF,ALK-Abelló A/S,0.0,-14.36,6,7,28,Healthcare,Biotechnology
PTCAY,PT Chandra Asri Pacific Tbk,0.0,0.0,65,65,2,Basic Materials,Specialty Chemicals
SBYSF,Sibanye Stillwater Limited,0.0,43.03,86,85,59,Basic Materials,Other Precious Metals & Mining
STN,Stantec Inc.,-0.54,-5.88,0,0,10,Consumer Discretionary,Military/Government/Technical
TYCMY,Tingyi (Cayman Islands) Holding Corp.,2.18,-10.1,7,6,61,Consumer Defensive,Packaged Foods
COLB,"Columbia Banking System, Inc.",0.23,-6.05,29,26,54,Finance,Major Banks
ELPC,ELPC,-1.81,17.74,87,87,76,Utilities,Electric Utilities: Central
TKAMY,thyssenkrupp AG,3.6,14.74,97,99,93,Industrials,Conglomerates
GZPZY,Gaztransport & Technigaz SA,-0.42,9.63,82,86,74,Energy,Oil & Gas Equipment & Services
SFOSF,"Shanghai Fosun Pharmaceutical (Group) Co., Ltd.",-12.18,-0.92,4,8,8,Healthcare,Drug Manufacturers - Specialty & Generic
NNN,"NNN REIT, Inc.",0.05,-5.13,0,0,43,Real Estate,Real Estate Investment Trusts
CWEN,"Clearway Energy, Inc.",-1.42,-7.62,3,0,22,Utilities,Electric Utilities: Central
ORA,"Ormat Technologies, Inc.",-1.82,-16.32,0,0,11,Utilities,Electric Utilities: Central
CIBEY,Commercial International Bank Egypt (CIB) S.A.E.,-2.41,-8.65,0,0,53,Financial Services,Banks - Regional
WEIGF,Weir PLC,0.0,6.66,67,63,60,Industrials,Specialty Industrial Machinery
SALRY,SalMar ASA,3.47,14.3,100,100,61,Consumer Defensive,Farm Products
STBFY,Suntory Beverage & Food Limited,0.7,1.05,95,89,35,Consumer Defensive,Beverages - Non-Alcoholic
CIADY,China Mengniu Dairy Company Limited,1.96,2.32,62,47,71,Consumer Defensive,Packaged Foods
CNRAF,Vicinity Centres,0.0,0.0,65,65,64,Real Estate,REIT - Retail
CSCCF,Capstone Copper Corp.,-2.18,-6.97,0,0,66,Basic Materials,Copper
CAE,CAE Inc.,1.27,-8.93,11,6,19,Miscellaneous,Industrial Machinery/Components
BIRK,Birkenstock Holding plc,1.43,-24.07,2,2,5,Consumer Discretionary,Shoe Manufacturing
DFRYF,Avolta AG,0.0,-10.08,6,4,36,Consumer Cyclical,Specialty Retail
FBBPF,FIBRA Prologis,-3.28,0.34,50,51,37,Real Estate,REIT - Industrial
AEMMY,A2A S.p.A.,0.0,8.13,100,97,57,Utilities,Utilities - Diversified
FNMFO,Federal National Mortgage Association,0.0,1.59,78,76,6,Financial Services,Mortgage Finance
FNMAI,Federal National Mortgage Association,-1.32,-5.06,0,0,5,Financial Services,Mortgage Finance
FNMAJ,Federal National Mortgage Association,-1.89,-3.7,11,8,5,Financial Services,Mortgage Finance
FNMAP,Federal National Mortgage Association,-4.17,-4.96,0,0,4,Financial Services,Mortgage Finance
FNMAL,Federal National Mortgage Association,0.0,-7.86,23,27,4,Financial Services,Mortgage Finance
VFS,VinFast Auto Ltd.,6.64,1.9,100,100,38,Industrials,Auto Manufacturing
TYEKF,thyssenkrupp AG,-1.01,14.59,80,76,91,Industrials,Conglomerates
CDNTF,"Canadian Tire Corporation, Limited",0.0,0.0,65,65,16,Consumer Cyclical,Specialty Retail
TECH,Bio-Techne Corporation,0.06,0.04,62,55,85,Health Care,Biotechnology: Biological Products (No Diagnostic Substances)
MYTKY,Magyar Telekom Távközlési Nyilvánosan Müködö Részvénytársaság,1.12,-2.64,59,47,8,Communication Services,Telecom Services
SDXAY,Sodexo S.A.,0.38,-0.69,31,33,69,Industrials,Specialty Business Services
Z,"Zillow Group, Inc.",4.0,-9.52,18,16,5,Consumer Discretionary,Business Services
REXR,"Rexford Industrial Realty, Inc.",2.81,4.45,100,97,47,Real Estate,Real Estate Investment Trusts
IGGHY,IG Group Holdings plc,0.0,-5.42,8,6,47,Financial Services,Capital Markets
NXPRF,Nexans S.A.,0.0,10.17,93,88,50,Industrials,Electrical Equipment & Parts
CPXWF,Capital Power Corporation,-1.73,-7.49,0,0,24,Utilities,Utilities - Independent Power Producers
FKKFY,"Fukuoka Financial Group, Inc.",0.0,14.33,90,90,91,Financial Services,Banks - Regional
ELEEF,Element Fleet Management Corp.,-0.8,-12.64,0,0,10,Industrials,Rental & Leasing Services
NIABY,NIBE Industrier AB (publ),0.0,9.35,99,98,69,Industrials,Building Products & Equipment
ZWS,Zurn Elkay Water Solutions Corporation,1.45,-8.77,7,7,33,Industrials,Industrial Machinery/Components
DVCMY,Davide Campari-Milano N.V.,-0.15,-3.64,17,6,37,Consumer Defensive,Beverages - Wineries & Distilleries
WJRYF,West Japan Railway Company,0.0,1.19,57,56,27,Industrials,Railroads
FIGR,"Figure Technology Solutions, Inc.",-4.65,9.38,39,39,53,Finance,Finance: Consumer Services
BOKF,BOK Financial Corporation,0.36,-6.43,17,15,59,Finance,Major Banks
SFM,"Sprouts Farmers Market, Inc.",0.78,-12.0,0,0,9,Consumer Staples,Food Chains
JINFF,China Gold International Resources Corp. Ltd.,0.62,37.92,89,91,96,Basic Materials,Other Precious Metals & Mining
GAP,"The Gap, Inc.",2.87,5.49,50,48,23,Consumer Discretionary,Clothing/Shoe/Accessory Stores
FRO,Frontline plc,1.67,21.45,100,100,96,Consumer Discretionary,Marine Transportation
ELMUY,Elisa Oyj,-1.41,6.32,67,64,32,Communication Services,Telecom Services
NXE,NexGen Energy Ltd.,-3.53,-5.2,0,0,38,Basic Materials,Other Metals and Minerals
VLYPO,Valley National Bancorp,0.32,1.33,85,82,44,Finance,Major Banks
CBSH,"Commerce Bancshares, Inc.",-0.07,-2.46,60,54,57,Finance,Major Banks
MOS,The Mosaic Company,-0.83,16.64,80,82,39,Industrials,Agricultural Chemicals
ESE,ESCO Technologies Inc.,1.14,-10.14,10,4,52,Telecommunications,Telecommunications Equipment
HCXLY,Hiscox Ltd,5.48,2.91,48,49,67,Financial Services,Insurance - Property & Casualty
JAPSY,"Japan Airlines Co., Ltd.",1.26,1.83,94,99,56,Industrials,Airlines
SOBO,South Bow Corporation,-1.1,-1.69,0,2,64,Energy,Natural Gas Distribution
ALBBY,Alibaba Health Information Technology Limited,0.0,-10.4,14,15,6,Healthcare,Pharmaceutical Retailers
EGIEY,Engie Brasil Energia S.A.,-0.65,12.82,73,74,42,Utilities,Utilities - Renewable
TAP,Molson Coors Beverage Company,1.27,-6.5,9,11,20,Consumer Staples,Beverages (Production/Distribution)
LOTMY,Lottomatica Group S.p.A.,-0.57,12.96,92,92,62,Consumer Cyclical,Gambling
GMINF,G Mining Ventures Corp.,2.16,7.21,60,58,92,Basic Materials,Gold
PCVX,"Vaxcyte, Inc.",0.97,1.04,40,42,86,Health Care,Biotechnology: Pharmaceutical Preparations
SLOIY,Soitec SA,3.35,4.87,91,92,98,Technology,Semiconductor Equipment & Materials
SLOIF,Soitec SA,2.44,6.14,86,87,98,Technology,Semiconductor Equipment & Materials
SM,SM Energy Company,-0.21,18.21,93,93,91,Energy,Oil & Gas Production
NFG,National Fuel Gas Company,-1.62,-0.63,10,20,33,Utilities,Oil/Gas Transmission
ZJLMF,"Zhejiang Leapmotor Technology Co., Ltd.",-2.22,-5.38,0,0,7,Consumer Cyclical,Auto Manufacturers
RHP,"Ryman Hospitality Properties, Inc.",-0.29,-2.17,13,14,72,Real Estate,Real Estate Investment Trusts
STKAF,Stockland,0.0,-3.94,0,0,19,Real Estate,REIT - Diversified
MYRG,MYR Group Inc.,2.39,-11.01,19,16,53,Industrials,Water Sewer Pipeline Comm & Power Line Construction
BCKIY,Babcock International Group PLC,0.04,-17.55,1,3,14,Industrials,Engineering & Construction
ST,Sensata Technologies Holding plc,3.44,-3.92,61,63,63,Industrials,Industrial Machinery/Components
LEA,Lear Corporation,2.33,7.33,76,75,54,Consumer Discretionary,Auto Parts:O.E.M.
VSOGF,"Vista Energy, S.A.B. de C.V.",0.0,-3.67,73,86,86,Energy,Oil & Gas E&P
AVT,"Avnet, Inc.",7.16,4.21,100,100,93,Technology,Electronic Components
UBTRF,Ubtech Robotics Corp Ltd,-1.0,-5.06,0,0,25,,
CHYM,"Chime Financial, Inc.",1.01,2.55,54,60,94,Finance,Finance: Consumer Services
VIST,"Vista Energy, S.A.B. de C.V.",-3.39,15.23,73,74,86,Energy,Oil & Gas Production
OPHLY,"Ono Pharmaceutical Co., Ltd.",0.81,-0.2,25,30,58,Healthcare,Drug Manufacturers - General
ZLNDY,Zalando SE,0.31,-6.87,0,1,20,Consumer Cyclical,Internet Retail
KNSL,"Kinsale Capital Group, Inc.",-0.74,-4.44,0,3,41,Finance,Property-Casualty Insurers
DITTF,"Daito Trust Construction Co.,Ltd.",0.0,0.0,65,65,11,Real Estate,Real Estate - Diversified
AXS,AXIS Capital Holdings Limited,-0.66,-1.77,12,13,34,Finance,Property-Casualty Insurers
TRNO,Terreno Realty Corporation,0.38,-5.19,6,4,49,Finance,Real Estate
PB,"Prosperity Bancshares, Inc.",-0.2,-4.4,13,4,47,Finance,Major Banks
OR,OR Royalties Inc.,0.53,9.81,58,55,40,Basic Materials,Precious Metals
MORN,"Morningstar, Inc.",-1.1,-7.67,0,0,30,Finance,Investment Managers
LKQ,LKQ Corporation,2.03,-3.2,13,12,16,Consumer Discretionary,Motor Vehicles
HR,Healthcare Realty Trust Incorporated,0.11,-1.61,6,18,42,Real Estate,Real Estate Investment Trusts
DCCPY,DCC Energy plc,0.0,7.78,91,90,53,Energy,Oil & Gas Refining & Marketing
DIFTY,"Daito Trust Construction Co.,Ltd.",1.69,7.75,100,100,49,Real Estate,Real Estate - Diversified
VIPS,Vipshop Holdings Limited,-0.87,-11.94,0,0,9,Consumer Discretionary,Catalog/Specialty Distribution
PRIM,Primoris Services Corporation,3.17,-6.91,33,35,4,Industrials,Water Sewer Pipeline Comm & Power Line Construction
SZCRF,SCOR SE,0.0,0.0,65,65,58,Financial Services,Insurance - Reinsurance
BBUC,Brookfield Business Corporation,0.11,-9.47,0,0,10,Consumer Discretionary,Engineering & Construction
DOX,Amdocs Limited,1.92,4.71,77,75,25,Technology,EDP Services
ZLDSF,Zalando SE,0.0,1.54,100,94,23,Consumer Cyclical,Internet Retail
FAF,First American Financial Corporation,0.84,-3.08,13,14,61,Finance,Specialty Insurers
LNC,Lincoln National Corporation,0.64,-3.18,58,50,70,Finance,Life Insurance
AWI,"Armstrong World Industries, Inc.",0.7,-9.8,0,0,29,Industrials,Plastic Products
PPC,Pilgrim's Pride Corporation,1.04,9.57,57,55,15,Consumer Staples,Meat/Poultry/Fish
MRCY,"Mercury Systems, Inc.",0.22,-26.58,0,0,20,Technology,Electrical Products
VLOUF,Vallourec S.A.,2.05,0.14,100,100,33,Basic Materials,Steel
KCDMF,"Kimberly-Clark de México, S. A. B. de C. V.",0.0,0.43,79,77,59,Consumer Defensive,Household & Personal Products
MTDR,Matador Resources Company,-0.93,18.31,88,89,73,Energy,Oil & Gas Production
TEX,Terex Corporation,1.98,-8.13,18,14,51,Industrials,Construction/Ag Equipment/Trucks
GRFS,"Grifols, S.A.",-1.31,-4.79,0,0,22,Health Care,Biotechnology: Pharmaceutical Preparations
EPRT,"Essential Properties Realty Trust, Inc.",-1.07,-7.25,0,0,26,Real Estate,Real Estate Investment Trusts
HRIBF,"HORIBA, Ltd.",0.0,-15.68,3,5,99,Technology,Scientific & Technical Instruments
AXTA,Axalta Coating Systems Ltd.,0.41,-7.8,0,0,60,Consumer Discretionary,Paints/Coatings
LNWO,LNWO,2.01,-2.71,12,14,33,Consumer Cyclical,Gambling
ONDS,Ondas Inc.,-0.28,-18.86,8,6,13,Technology,Radio And Television Broadcasting And Communications Equipment
TFPM,Triple Flag Precious Metals Corp.,2.49,8.11,64,61,57,Industrials,Precious Metals
BCUCY,Brunello Cucinelli S.p.A.,-0.45,-14.3,0,0,18,Consumer Cyclical,Luxury Goods
THG,"The Hanover Insurance Group, Inc.",1.25,1.62,81,70,77,Finance,Property-Casualty Insurers
NPO,Enpro Inc.,2.25,-10.51,22,21,65,Industrials,Metal Fabrications
BZ,Kanzhun Limited,0.18,6.61,33,34,35,Technology,Computer Software: Programming Data Processing
TRSBF,3SBio Inc.,0.0,0.0,100,90,15,Healthcare,Biotechnology
LNTH,"Lantheus Holdings, Inc.",-0.14,-0.68,47,46,85,Health Care,Biotechnology: In Vitro & In Vivo Diagnostic Substances
ASAAF,AT & S Austria Technologie & Systemtechnik Aktiengesellschaft,0.0,-11.94,9,7,99,Technology,Electronic Components
SCRYY,SCOR SE,2.84,0.25,48,47,73,Financial Services,Insurance - Reinsurance
YACAF,Yancoal Australia Ltd,-1.65,10.64,72,76,41,Energy,Thermal Coal
MSA,MSA Safety Incorporated,0.5,-3.73,0,0,58,Health Care,Industrial Specialties
BTG,B2Gold Corp.,0.37,6.5,49,46,75,Basic Materials,Precious Metals
FMOCF,"Fomento de Construcciones y Contratas, S.A.",0.0,0.0,100,90,76,Industrials,Waste Management
SBFFY,SBM Offshore N.V.,0.0,7.1,90,89,81,Energy,Oil & Gas Equipment & Services
SULZF,Sulzer AG,0.0,11.08,73,72,33,Industrials,Specialty Industrial Machinery
EFGIF,EFG International AG,0.0,-7.14,22,15,22,Financial Services,Banks - Diversified
KMX,"CarMax, Inc.",1.32,2.11,60,56,82,Consumer Discretionary,Retail-Auto Dealers and Gas Stations
PSN,Parsons Corporation,-0.28,-3.87,13,20,6,Technology,EDP Services
FOVSY,Ford Otomotiv Sanayi A.S.,0.0,-5.88,11,5,8,Consumer Cyclical,Auto Manufacturers
BSDGY,Bosideng International Holdings Limited,0.0,-8.42,28,25,29,Consumer Cyclical,Apparel Manufacturing
SOMMY,"Sumitomo Chemical Company, Limited",0.0,7.87,46,46,61,Basic Materials,Chemicals
WDPSF,Warehouses De Pauw SA,1.51,-1.69,35,27,25,Real Estate,REIT - Industrial
COMP,"Compass, Inc.",3.75,-21.27,11,11,69,Technology,EDP Services
ZGN,Ermenegildo Zegna N.V.,-0.17,-16.53,0,0,44,Consumer Discretionary,Apparel
NVTS,Navitas Semiconductor Corporation,4.3,-14.86,19,18,57,Technology,Semiconductors
APGE,Apogee Therapeutics Inc,-0.09,51.49,97,100,97,Health Care,Biotechnology: Biological Products (No Diagnostic Substances)
GBCI,"Glacier Bancorp, Inc.",-0.22,-7.92,9,5,35,Finance,Major Banks
TKCOF,"Toho Co., Ltd.",0.0,-558.91,100,100,77,Communication Services,Entertainment
BYD,Boyd Gaming Corporation,0.72,-7.52,19,24,21,Consumer Discretionary,Hotels/Resorts
KTWIF,Kurita Water Industries Ltd.,0.0,-8.51,7,5,50,Industrials,Pollution & Treatment Controls
MSM,"MSC Industrial Direct Co., Inc.",0.69,-0.64,60,55,79,Industrials,Industrial Machinery/Components
CDEVY,City Developments Limited,0.45,14.04,97,97,64,Real Estate,Real Estate - Development
VSNT,"Versant Media Group, Inc.",-0.46,-4.42,0,1,19,Industrials,Broadcasting
IMCDY,IMCD N.V.,-1.12,0.91,47,55,69,Basic Materials,Specialty Chemicals
AZIHF,Azimut Holding S.p.A.,-0.17,3.23,85,87,69,Financial Services,Asset Management
RYTM,"Rhythm Pharmaceuticals, Inc.",2.46,-9.75,25,26,60,Health Care,Biotechnology: Pharmaceutical Preparations
GRGDF,Groupe Dynamite Inc.,-5.5,-15.59,0,0,15,Consumer Cyclical,Apparel Retail
REECF,Reece Limited,0.0,0.0,100,90,72,Industrials,Industrial Distribution
GIGNF,Genting Singapore Limited,0.0,3.17,84,84,53,Consumer Cyclical,Resorts & Casinos
GATX,GATX Corporation,0.94,-0.4,93,65,49,Consumer Discretionary,Transportation Services
GVA,Granite Construction Incorporated,3.18,-3.82,26,28,30,Industrials,Military/Government/Technical
ENIC,Enel Chile S.A.,-1.79,-0.68,24,19,58,Utilities,Electric Utilities: Central
PEGA,Pegasystems Inc.,1.46,8.49,82,78,14,Technology,EDP Services
SFGYY,Sony Financial Group Inc.,2.35,7.92,96,96,54,Financial Services,Insurance - Life
CZR,"Caesars Entertainment, Inc.",0.07,0.03,62,64,55,Consumer Discretionary,Hotels/Resorts
SRRK,Scholar Rock Holding Corporation,-0.47,4.43,47,47,86,Health Care,Biotechnology: Biological Products (No Diagnostic Substances)
MONOY,"MonotaRO Co., Ltd.",-0.16,6.36,83,86,29,Consumer Cyclical,Internet Retail
SEKEY,Seiko Epson Corporation,2.36,0.91,66,62,88,Technology,Computer Hardware
AROC,"Archrock, Inc.",1.27,-1.71,59,61,54,Utilities,Natural Gas Distribution
VOPKF,Koninklijke Vopak N.V.,0.0,0.39,69,68,50,Energy,Oil & Gas Midstream
SFRRF,Sandfire Resources Limited,2.17,11.34,100,100,94,Basic Materials,Copper
VOPKY,Koninklijke Vopak N.V.,0.0,9.28,92,92,66,Energy,Oil & Gas Midstream
HROEY,"Hirose Electric Co.,Ltd.",0.0,0.0,100,90,59,Technology,Electronic Components
PACS,"PACS Group, Inc.",-0.2,-0.51,85,84,97,Health Care,Hospital/Nursing Management
OTEX,Open Text Corporation,1.99,-6.26,20,23,19,Technology,EDP Services
GXO,"GXO Logistics, Inc.",0.9,-5.21,15,8,18,Consumer Discretionary,Transportation Services
TMNSF,Temenos AG,0.0,0.0,65,65,16,Technology,Software - Application
CTXAY,Ampol Limited,-1.05,9.08,79,76,86,Energy,Oil & Gas Refining & Marketing
IFS,Intercorp Financial Services Inc.,0.11,0.11,56,48,71,Finance,Commercial Banks
APPF,"AppFolio, Inc.",1.32,2.21,37,39,53,Technology,Computer Software: Prepackaged Software
RGLXY,RTL Group S.A.,13.74,-1.11,44,44,33,Communication Services,Broadcasting
TKECY,"Tokyo Electric Power Company Holdings, Incorporated",0.0,6.38,75,72,19,Utilities,Utilities - Renewable
AMTM,"Amentum Holdings, Inc.",-0.51,-10.2,5,8,8,Consumer Discretionary,Business Services
ABCB,Ameris Bancorp,0.05,-5.29,18,19,51,Finance,Major Banks
IBP,"Installed Building Products, Inc.",1.27,-16.99,2,2,14,Consumer Discretionary,Homebuilding
MNTHY,Minth Group Limited,1.71,-16.7,4,4,7,Consumer Cyclical,Auto Parts
SLFPF,Aberdeen Group Plc,0.0,-7.08,16,8,63,Financial Services,Asset Management
PCCWY,PCCW Limited,0.0,-1.1,63,64,31,Communication Services,Telecom Services
KMRRF,Kongsberg Maritime ASA,1.96,4.87,100,100,46,,
IVCGF,Iveco Group N.V.,-0.27,1.6,73,76,14,Industrials,Farm & Heavy Construction Machinery
SFGRF,Sony Financial Group Inc.,0.0,9.53,79,74,1,Financial Services,Insurance - Life
G,Genpact Limited,2.12,2.79,44,46,26,Consumer Discretionary,Professional Services
BTLCY,British Land Company PLC,0.19,-8.56,0,0,52,Real Estate,REIT - Diversified
UGP,Ultrapar Participações S.A.,-1.46,24.53,90,90,95,Utilities,Oil/Gas Transmission
PECO,"Phillips Edison & Company, Inc.",-0.8,-4.74,0,0,41,Real Estate,Real Estate Investment Trusts
GNGBY,Getinge AB (publ),-0.88,-3.56,0,0,67,Healthcare,Medical Devices
FND,"Floor & Decor Holdings, Inc.",1.0,-19.63,1,1,8,Consumer Discretionary,RETAIL: Building Materials
BKH,Black Hills Corporation,-1.36,-2.65,0,0,50,Utilities,Electric Utilities: Central
QS,QuantumScape Corporation,1.93,-14.29,6,8,3,Miscellaneous,Industrial Machinery/Components
SSMXF,Sysmex Corporation,0.0,14.52,73,75,78,Healthcare,Medical Devices
LQDA,Liquidia Corporation,-1.64,-7.43,0,0,94,Health Care,Biotechnology: Pharmaceutical Preparations
OZK,Bank OZK,0.66,-6.03,18,18,40,Finance,Major Banks
MC,Moelis & Company,-0.34,-9.02,0,0,35,Finance,Investment Managers
IRDM,Iridium Communications Inc.,0.57,-4.98,31,31,96,Telecommunications,Telecommunications Equipment
SKSUY,"Sekisui Chemical Co., Ltd.",0.0,3.14,84,84,42,Industrials,Conglomerates
NXST,"Nexstar Media Group, Inc.",-0.52,-9.48,16,17,17,Industrials,Broadcasting
TMICF,Trend Micro Incorporated,0.0,12.93,94,94,19,Technology,Software - Infrastructure
CRSP,CRISPR Therapeutics AG,-1.03,-4.2,0,0,36,Health Care,Biotechnology: Biological Products (No Diagnostic Substances)
RANJY,Randstad N.V.,-1.05,-3.3,15,17,85,Industrials,Staffing & Employment Services
WFG,West Fraser Timber Co. Ltd.,2.39,-0.73,64,54,48,Basic Materials,Forest Products
TTBXF,Tritax Big Box REIT plc,-15.23,10.46,22,17,27,,
ARKAY,Arkema S.A.,-3.19,-8.29,0,0,47,Basic Materials,Specialty Chemicals
LYFT,"Lyft, Inc.",2.0,-10.57,14,15,31,Consumer Discretionary,Business Services
LPL,"LG Display Co., Ltd.",5.08,-1.78,42,47,7,Technology,Industrial Machinery/Components
ESNT,Essent Group Ltd.,-0.23,-1.09,49,36,65,Finance,Property-Casualty Insurers
KLIC,"Kulicke and Soffa Industries, Inc.",3.81,-10.09,36,36,88,Technology,Semiconductors
PCWLF,PCCW Limited,0.0,1.47,51,41,33,Communication Services,Telecom Services
SYNA,Synaptics Incorporated,8.09,-5.85,46,50,59,Technology,Semiconductors
HLHLY,Holmen AB (publ),0.0,0.0,100,90,71,Basic Materials,Paper & Paper Products
BRLAF,British Land Company PLC,0.0,-12.18,12,9,52,Real Estate,REIT - Diversified
WTBDY,Whitbread plc,0.38,-6.19,21,21,28,Consumer Cyclical,Lodging
PRM,"Perimeter Solutions, Inc.",3.34,-6.6,42,42,63,Industrials,Major Chemicals
MAAS,Maase Inc.,0.77,0.06,39,35,98,Finance,Investment Managers
BLSH,Bullish,3.66,27.8,94,92,32,Finance,Finance: Consumer Services
RICOF,"Ricoh Company, Ltd.",0.0,0.0,100,90,1,Industrials,Business Equipment & Supplies
MGY,Magnolia Oil & Gas Corporation,0.18,7.31,78,77,53,Energy,Oil & Gas Production
GOLF,Acushnet Holdings Corp.,-0.13,-4.99,22,18,28,Consumer Discretionary,Recreational Games/Products/Toys
JDDSF,JD Sports Fashion Plc,0.0,0.0,100,90,23,Consumer Cyclical,Apparel Retail
NICE,NICE Ltd.,0.14,-6.72,11,18,23,Technology,Computer Software: Prepackaged Software
MUR,Murphy Oil Corporation,-0.85,11.8,88,88,69,Energy,Oil & Gas Production
SIGI,"Selective Insurance Group, Inc.",-0.24,-3.34,31,16,56,Finance,Property-Casualty Insurers
MTPOF,Metropolitan Bank & Trust Company,-0.81,-257.01,96,96,1,Financial Services,Banks - Regional
GNTX,Gentex Corporation,0.49,-3.84,36,29,24,Consumer Discretionary,Auto Parts:O.E.M.
NFPDF,"Nissin Foods Holdings Co.,Ltd.",0.0,3.24,84,83,39,Consumer Defensive,Packaged Foods
BLFBY,Balfour Beatty plc,6.82,-6.66,81,81,80,Industrials,Engineering & Construction
WTM,"White Mountains Insurance Group, Ltd.",-1.1,-4.12,6,9,43,Finance,Property-Casualty Insurers
STVN,Stevanato Group S.p.A.,-0.24,-2.88,26,27,61,Health Care,Medical/Dental Instruments
DNTH,"Dianthus Therapeutics, Inc.",2.83,-3.1,19,18,96,Health Care,Biotechnology: Pharmaceutical Preparations
LEGN,Legend Biotech Corporation,-2.87,-8.04,0,0,3,Health Care,Biotechnology: Pharmaceutical Preparations
WEX,WEX Inc.,0.78,-3.76,30,32,80,Consumer Discretionary,Business Services
ALH,Alliance Laundry Holdings Inc.,2.22,-16.11,8,8,22,Industrials,Industrial Machinery/Components
BGC,"BGC Group, Inc.",-0.41,11.44,90,90,74,Finance,Investment Bankers/Brokers/Service
ACLLF,ATCO Ltd.,-1.32,-4.84,0,0,70,Utilities,Utilities - Diversified
OLLI,"Ollie's Bargain Outlet Holdings, Inc.",2.28,-5.32,33,32,6,Consumer Discretionary,Department/Specialty Retail Stores
SPHR,Sphere Entertainment Co.,1.17,-18.64,27,26,91,Consumer Discretionary,Services-Misc. Amusement & Recreation
CHH,"Choice Hotels International, Inc.",-1.49,-7.46,0,0,29,Consumer Discretionary,Hotels/Resorts
AX,"Axos Financial, Inc.",-0.49,-7.49,0,2,50,Finance,Savings Institutions
ADT,ADT Inc.,0.57,-4.88,9,14,34,Consumer Discretionary,Diversified Commercial Services
LGMMY,LEG Immobilien SE,0.0,-0.99,100,90,15,Real Estate,Real Estate Services
UWMC,UWM Holdings Corporation,0.75,-17.18,0,0,1,Finance,Finance: Consumer Services
RDW,Redwire Corporation,-2.3,-19.55,12,10,39,Industrials,Military/Government/Technical
TGS,Transportadora de Gas del Sur S.A.,-3.51,6.35,62,62,33,Utilities,Natural Gas Distribution
SEB,Seaboard Corporation,-0.04,1.03,70,69,21,Industrials,Farming/Seeds/Milling
OPEN,Opendoor Technologies Inc.,-0.36,-23.56,0,0,2,Finance,Real Estate
BDVSY,The Bidvest Group Limited,0.87,-5.5,34,23,50,Industrials,Conglomerates
LBRDB,Liberty Broadband Corp,0.0,24.17,100,100,76,Communication Services,Telecom Services
CWSRF,Chartwell Retirement Residences,0.0,-2.25,21,31,38,Real Estate,REIT - Healthcare Facilities
TCCHF,Technogym S.p.A.,0.0,0.0,100,90,90,Consumer Cyclical,Leisure
CIGI,Colliers International Group Inc.,2.37,-11.76,8,8,9,Finance,Real Estate
MAQAF,Atlas Arteria Limited,0.0,11.52,93,93,56,Industrials,Infrastructure Operations
SON,Sonoco Products Company,-1.22,-17.96,0,0,41,Consumer Discretionary,Containers/Packaging
PSMMY,Persimmon Plc,0.74,-7.67,0,0,44,Consumer Cyclical,Residential Construction
PMMAF,PUMA SE,0.0,-9.77,6,8,41,Consumer Cyclical,Footwear & Accessories
JMPLY,Johnson Matthey PLC,-2.95,50.43,78,79,91,Basic Materials,Specialty Chemicals
XXI,"Twenty One Capital, Inc.",0.0,9.0,42,41,4,Finance,Finance: Consumer Services
MAIN,Main Street Capital Corporation,0.75,-4.64,0,0,41,Finance,Finance/Investors Services
ATDRF,Autotrader Group plc,0.0,0.75,100,86,16,Communication Services,Internet Content & Information
REZI,"Resideo Technologies, Inc.",1.49,-6.6,7,10,11,Industrials,Wholesale Distributors
KEN,Kenon Holdings Ltd.,1.14,-2.73,39,41,49,Utilities,Electric Utilities: Central
GHC,Graham Holdings Company,0.16,-3.04,49,37,40,Real Estate,Other Consumer Services
CRNLF,Capricorn Metals Ltd,0.0,-1.98,4,7,82,Basic Materials,Gold
CLSK,"CleanSpark, Inc.",6.8,18.66,100,100,52,Finance,Finance: Consumer Services
POWI,"Power Integrations, Inc.",5.21,-15.75,21,23,41,Technology,Semiconductors
CSTM,Constellium SE,0.69,-10.16,0,0,68,Industrials,Metal Fabrications
WSC,WillScot Holdings Corporation,-0.13,-18.54,0,0,10,Industrials,Misc Corporate Leasing Services
LGND,Ligand Pharmaceuticals Incorporated,-1.65,-1.51,45,39,86,Health Care,Biotechnology: Pharmaceutical Preparations
SEDG,"SolarEdge Technologies, Inc.",-5.63,7.77,68,68,18,Technology,Semiconductors
MTPOY,Metropolitan Bank & Trust Company,0.0,5.27,73,68,26,Financial Services,Banks - Regional
MKTX,MarketAxess Holdings Inc.,-0.06,0.73,72,76,59,Finance,Investment Bankers/Brokers/Service
ASB,Associated Banc-Corp,-0.99,-5.85,3,0,62,Finance,Major Banks
BKEAY,"The Bank of East Asia, Limited",-0.84,7.04,94,94,89,Financial Services,Banks - Regional
NPTVF,"Nippon Television Holdings, Inc.",0.0,0.0,100,90,1,Communication Services,Broadcasting
TRKNY,Türk Telekomünikasyon Anonim Sirketi,0.0,-4.01,4,3,41,Communication Services,Telecom Services
MTRN,Materion Corporation,2.32,-8.75,50,51,95,Industrials,Industrial Specialties
MEOH,Methanex Corporation,0.29,16.03,96,96,82,Industrials,Major Chemicals
SGBAF,SES S.A.,-4.94,-16.26,0,0,3,Communication Services,Broadcasting
BLLN,"BillionToOne, Inc.",0.26,5.03,91,85,50,Health Care,Medical Specialities
WYGPY,Worley Limited,0.0,-3.25,27,24,14,Energy,Oil & Gas Equipment & Services
CUYTY,Colruyt Group N.V.,0.0,7.52,91,90,68,Consumer Defensive,Grocery Stores
CBT,Cabot Corporation,1.13,-7.12,3,8,49,Industrials,Major Chemicals
CYAGF,"CyberAgent, Inc.",0.0,-4.0,23,23,1,Communication Services,Advertising Agencies
CMBT,Cmb.Tech NV,0.52,14.86,97,97,95,Consumer Discretionary,Marine Transportation
MIAX,"Miami International Holdings, Inc.",-2.52,-5.54,29,23,41,Finance,Investment Bankers/Brokers/Service
LAUR,"Laureate Education, Inc.",0.99,-3.34,19,10,54,Real Estate,Other Consumer Services
SPGNY,Springer Nature AG & Co. KGaA,0.0,11.0,71,68,45,Communication Services,Publishing
CNR,"Core Natural Resources, Inc.",-1.07,4.36,54,49,62,Energy,Coal Mining
LMND,"Lemonade, Inc.",-0.42,-6.76,1,8,14,Finance,Property-Casualty Insurers
RMLRF,Ramelius Resources Limited,0.35,11.86,65,66,76,Basic Materials,Gold
RTMVF,Rightmove plc,0.0,7.31,65,65,43,Communication Services,Internet Content & Information
MMYT,MakeMyTrip Limited,2.06,-17.53,8,9,25,Consumer Discretionary,Transportation Services
TNEYF,Tamarack Valley Energy Ltd.,-2.24,2.9,25,28,90,Energy,Oil & Gas E&P
MBRFY,MBRF Global Foods Company S.A.,0.62,5.48,43,43,27,Consumer Defensive,Packaged Foods
ANIOY,"Acerinox, S.A.",-1.37,-1.08,41,35,87,Basic Materials,Steel
TLPFY,Teleperformance SE,0.18,-0.99,29,33,80,Industrials,Specialty Business Services
AYALY,Ayala Corporation,-5.96,-4.54,25,24,31,Industrials,Conglomerates
TVTX,"Travere Therapeutics, Inc.",-1.98,7.72,72,74,97,Health Care,Biotechnology: Pharmaceutical Preparations
FTDR,"Frontdoor, Inc.",1.82,-4.31,23,18,82,Consumer Discretionary,Diversified Commercial Services
MRP,"Millrose Properties, Inc.",0.34,-1.82,0,7,42,Finance,Real Estate
NDCVF,Nordic Semiconductor ASA,-0.21,4.95,91,90,67,Technology,Semiconductors
TCBIO,"Texas Capital Bancshares, Inc.",0.15,-2.15,6,0,31,Finance,Major Banks
CAAP,Corporación América Airports S.A.,-0.77,2.87,86,86,46,Consumer Discretionary,Aerospace
WNDLF,Wendel,0.0,3.18,84,86,32,Financial Services,Asset Management
TREX,"Trex Company, Inc.",2.93,-10.24,31,29,44,Basic Materials,Forest Products
CNO,"CNO Financial Group, Inc.",-0.16,0.49,64,58,80,Finance,Accident &Health Insurance
TORXF,Torex Gold Resources Inc.,1.62,16.56,81,77,72,Basic Materials,Gold
MNDY,monday.com Ltd.,1.96,-7.9,28,30,15,Technology,Computer Software: Prepackaged Software
RBSFY,Rubis,0.0,2.63,63,59,52,Energy,Oil & Gas Refining & Marketing
BKGFF,The Berkeley Group Holdings plc,0.0,19.65,100,98,42,Consumer Cyclical,Residential Construction
BTDR,Bitdeer Technologies Group,3.73,36.53,81,82,28,Finance,Finance: Consumer Services
HKMPF,Hikma Pharmaceuticals PLC,0.0,-0.41,57,63,65,Healthcare,Drug Manufacturers - Specialty & Generic
YSS,"York Space Systems, Inc.",5.77,-31.54,11,12,1,Industrials,Military/Government/Technical
DOO,BRP Inc.,0.54,-5.87,11,8,27,Consumer Discretionary,Industrial Specialties
CITAF,"COSCO SHIPPING Development Co., Ltd.",0.0,0.0,100,90,41,Industrials,Aerospace & Defense
MZDAF,Mazda Motor Corporation,0.0,2.48,45,42,45,Consumer Cyclical,Auto Manufacturers
LBTYB,Liberty Global Ltd.,1.61,6.39,48,47,37,Telecommunications,Cable & Other Pay Television Services
AMRX,"Amneal Pharmaceuticals, Inc.",0.83,-1.51,0,3,84,Health Care,Biotechnology: Pharmaceutical Preparations
LASR,"nLIGHT, Inc.",2.75,-19.82,7,6,13,Technology,Semiconductors
LION,Lionsgate Studios Corp.,1.08,-3.84,35,29,70,Consumer Discretionary,Movies/Entertainment
POST,"Post Holdings, Inc.",-0.11,-0.43,28,33,11,Consumer Staples,Packaged Foods
ANDG,ANDG,0.86,11.08,74,71,97,Consumer Discretionary,Business Services
FULTP,Fulton Financial Corporation,0.68,1.39,91,75,30,Finance,Major Banks
FMCKL,Federal Home Loan Mortgage Corporation,0.0,-12.12,9,13,3,Financial Services,Mortgage Finance
FMCKJ,Federal Home Loan Mortgage Corporation,0.0,-5.6,0,0,6,Financial Services,Mortgage Finance
FMCCM,Federal Home Loan Mortgage Corporation,3.94,-6.01,31,30,8,Financial Services,Mortgage Finance
FMCKO,Federal Home Loan Mortgage Corporation,0.0,-8.81,6,4,5,Financial Services,Mortgage Finance
FMCCN,Federal Home Loan Mortgage Corporation,4.05,-3.43,44,36,8,Financial Services,Mortgage Finance
FMCKP,Federal Home Loan Mortgage Corporation,0.0,-11.53,0,0,6,Financial Services,Mortgage Finance
FMCCP,Federal Home Loan Mortgage Corporation,0.0,-11.1,8,4,5,Financial Services,Mortgage Finance
FMCKI,Federal Home Loan Mortgage Corporation,0.0,-3.2,38,34,5,Financial Services,Mortgage Finance
AGLXY,AGL Energy Limited,4.83,3.95,81,76,54,Utilities,Utilities - Independent Power Producers
CYGIY,"CyberAgent, Inc.",0.0,7.13,50,49,12,Communication Services,Advertising Agencies
BDC,Belden Inc.,6.17,-10.86,42,42,42,Industrials,Telecommunications Equipment
GTMEF,"Globe Telecom, Inc.",0.0,1.46,78,75,10,Communication Services,Telecom Services
AZZ,AZZ Inc.,0.4,-8.83,13,6,54,Industrials,Industrial Specialties
KLBAY,Klabin S.A.,0.0,10.22,93,94,58,Basic Materials,Paper & Paper Products
BRC,Brady Corporation,1.2,-7.46,4,3,53,Consumer Discretionary,Miscellaneous manufacturing industries
SKY,"Champion Homes, Inc.",1.72,-13.65,7,7,46,Consumer Discretionary,Homebuilding
AGLNF,AGL Energy Limited,0.0,4.68,87,87,44,Utilities,Utilities - Independent Power Producers
PHI,PLDT Inc.,2.21,-1.15,75,66,38,Telecommunications,Telecommunications Equipment
ENVA,"Enova International, Inc.",0.19,-14.68,4,0,92,Finance,Finance: Consumer Services
PSUS,"Pershing Square USA, Ltd.",1.74,-4.21,32,32,30,Financial Services,Asset Management
EMAT,Evolution Metals & Technologies Corp.,0.0,36.28,22,23,1,Basic Materials,Other Industrial Metals & Mining
VNT,Vontier Corporation,2.91,-2.68,31,28,27,Industrials,Industrial Machinery/Components
RUN,Sunrun Inc.,-0.81,-13.18,10,7,3,Miscellaneous,Industrial Machinery/Components
DSRLF,DiaSorin S.p.A.,0.0,0.62,100,92,47,Healthcare,Diagnostics & Research
CDPYF,Canadian Apartment Properties Real Estate Investment Trust,0.91,-3.76,1,3,17,Real Estate,REIT - Residential
SPASF,SATS Ltd.,0.0,-10.33,59,58,79,Industrials,Airports & Air Services
SNNRF,Sunrise Communications AG,-0.41,2.71,3,34,31,,
TSPCF,Cleanaway Waste Management Limited,0.0,26.71,4,7,41,Industrials,Waste Management
NAMS,NewAmsterdam Pharma Company N.V.,4.3,-14.51,12,12,7,Health Care,Biotechnology: Pharmaceutical Preparations
IRT,"Independence Realty Trust, Inc.",-0.26,-10.65,0,0,23,Real Estate,Real Estate Investment Trusts
DOCS,"Doximity, Inc.",3.52,-3.8,52,53,19,Technology,EDP Services
SOUN,"SoundHound AI, Inc.",-0.32,-16.31,0,0,5,Technology,Computer Software: Prepackaged Software
NP,Neptune Insurance Holdings Inc.,1.48,-1.47,14,20,83,Finance,Specialty Insurers
CATY,Cathay General Bancorp,-0.05,-3.43,41,38,70,Finance,Major Banks
VLEEF,Valeo SE,0.0,0.0,65,65,74,Consumer Cyclical,Auto Parts
BFLBF,Bilfinger SE,-9.56,-8.26,4,4,9,Industrials,Engineering & Construction
ATHOF,Athabasca Oil Corporation,-1.51,3.57,61,61,76,Energy,Oil & Gas E&P
DAN,Dana Incorporated,1.34,2.47,69,64,72,Consumer Discretionary,Auto Parts:O.E.M.
CPRX,Catalyst Pharmaceuticals Inc,0.0,0.0,51,38,34,Health Care,Biotechnology: Pharmaceutical Preparations
WAY,Waystar Holding Corp.,1.78,-6.42,8,7,29,Technology,EDP Services
OII,"Oceaneering International, Inc.",1.03,-0.51,50,57,94,Energy,Oilfield Services/Equipment
BFLBY,Bilfinger SE,0.0,4.15,94,94,20,Industrials,Engineering & Construction
HHH,Howard Hughes Holdings Inc.,-0.13,-9.1,0,0,15,Real Estate,Real Estate Investment Trusts
KAI,Kadant Inc.,-6.96,-19.55,0,0,17,Industrials,Industrial Machinery/Components
MMSI,"Merit Medical Systems, Inc.",-0.13,-4.57,0,0,67,Health Care,Medical/Dental Instruments
RNST,Renasant Corporation,0.59,-6.94,25,19,49,Finance,Major Banks
CRNX,Crinetics Pharmaceuticals Inc,0.0,1.3,35,72,37,Health Care,Biotechnology: Pharmaceutical Preparations
TWODY,Taylor Wimpey plc,-2.6,-10.29,0,0,22,Consumer Cyclical,Residential Construction
MMTOF,Mitsubishi Motors Corporation,0.0,-8.8,51,51,31,Consumer Cyclical,Auto Manufacturers
WSFS,WSFS Financial Corporation,-0.26,-2.24,63,60,78,Finance,Major Banks
FBP,First BanCorp.,-0.18,-5.11,14,14,78,Finance,Major Banks
BANF,BancFirst Corporation,0.05,-4.13,44,36,30,Finance,Major Banks
SMSMY,Sims Limited,0.0,-10.26,38,36,81,Basic Materials,Steel
BILL,"BILL Holdings, Inc.",-0.8,-7.91,0,0,68,Technology,EDP Services
EWTX,"Edgewise Therapeutics, Inc.",3.5,2.83,63,58,96,Health Care,Biotechnology: Pharmaceutical Preparations
MJPNF,"Micronics Japan Co., Ltd.",0.0,-12.03,23,21,1,Technology,Semiconductor Equipment & Materials
CCKRF,Clicks Group Limited,0.0,0.0,100,90,27,Healthcare,Pharmaceutical Retailers
SSLLF,Siltronic AG,0.0,4.75,53,51,84,Technology,Semiconductors
UNLRY,PT Unilever Indonesia Tbk,0.0,11.98,93,94,48,Consumer Defensive,Household & Personal Products
SECCF,Serco Group plc,0.0,8.13,86,90,42,Industrials,Specialty Business Services
OTTR,Otter Tail Corporation,0.15,-4.59,0,0,45,Utilities,Electric Utilities: Central
RNG,"RingCentral, Inc.",-0.17,1.68,46,46,97,Technology,EDP Services
MANU,Manchester United plc,0.15,-14.02,0,0,55,Consumer Discretionary,Services-Misc. Amusement & Recreation
BTE,Baytex Energy Corp.,-0.2,17.25,93,90,90,Energy,Oil & Gas Production
SMGSY,SMG Swiss Marketplace Group Holding AG,0.0,9.29,64,62,47,Communication Services,Internet Content & Information
BFH,"Bread Financial Holdings, Inc.",-0.46,-4.5,44,43,85,Consumer Discretionary,Business Services
TXG,"10x Genomics, Inc.",3.33,17.95,100,100,98,Industrials,Biotechnology: Laboratory Analytical Instruments
BHFAM,"Brighthouse Financial, Inc.",-0.2,4.55,83,79,21,Finance,Life Insurance
CVBF,CVB Financial Corp.,0.22,-3.11,50,44,63,Finance,Major Banks
LEU,Centrus Energy Corp.,-8.18,-20.6,0,0,8,Industrials,Mining & Quarrying of Nonmetallic Minerals (No Fuels)
CMTOY,Cementos Argos S.A.,1.39,1.39,43,41,85,Basic Materials,Building Materials
CWYUF,SmartCentres Real Estate Investment Trust,0.0,-4.88,0,0,37,Real Estate,REIT - Retail
ELRXF,AB Electrolux (publ),0.0,18.05,99,95,3,Consumer Cyclical,"Furnishings, Fixtures & Appliances"
NHI,"National Health Investors, Inc.",0.16,-1.33,0,6,23,Real Estate,Real Estate Investment Trusts
PEGRF,Pennon Group Plc,0.0,-1.03,14,13,31,Utilities,Utilities - Regulated Water
CHCLY,"Citizen Watch Co., Ltd.",0.0,0.0,65,65,93,Consumer Cyclical,Footwear & Accessories
EUZOF,Eurazeo SE,0.0,0.0,100,90,21,Financial Services,Asset Management
GPGI,"GPGI, Inc.",3.1,2.97,47,44,14,Finance,Finance: Consumer Services
CGAU,Centerra Gold Inc.,0.13,6.8,50,49,95,Basic Materials,Precious Metals
FRTAY,freenet AG,0.0,3.06,72,70,22,Communication Services,Telecom Services
SLG,SL Green Realty Corp.,2.81,-7.9,13,12,64,Real Estate,Real Estate Investment Trusts
FUL,H.B. Fuller Company,-0.1,-14.21,0,0,14,Industrials,Home Furnishings
FLNC,"Fluence Energy, Inc.",2.48,-24.89,5,5,3,Miscellaneous,Industrial Machinery/Components
ZLDPF,Zealand Pharma A/S,0.0,-10.47,9,11,19,Healthcare,Biotechnology
EXTR,"Extreme Networks, Inc.",4.82,-7.69,31,33,44,Telecommunications,Computer Communications Equipment
FIBK,"First Interstate BancSystem, Inc.",0.11,-4.94,23,14,56,Finance,Major Banks
LIF,"Life360, Inc.",2.69,-15.06,9,9,8,Technology,EDP Services
PRBZF,Premium Brands Holdings Corporation,0.0,-4.04,43,42,15,Consumer Defensive,Packaged Foods
KEEL,Keel Infrastructure Corp.,3.78,7.85,75,77,75,Finance,Finance: Consumer Services
AVA,Avista Corporation,-0.92,-3.59,0,0,27,Utilities,Power Generation
PIFMY,PT Indofood Sukses Makmur Tbk,-4.38,-11.67,0,0,37,Consumer Defensive,Packaged Foods
PHPRF,Primary Health Properties Plc,-2.77,-2.39,4,14,29,Real Estate,REIT - Healthcare Facilities
AMFPY,Amplifon S.p.A.,0.0,0.0,100,90,7,Healthcare,Medical Distribution
PPTA,Perpetua Resources Corp.,-0.17,-4.53,2,0,36,Basic Materials,Precious Metals
MMED,"MiniMed Group, Inc.",0.27,12.39,75,71,85,Health Care,Medical/Dental Instruments
BKU,"BankUnited, Inc.",-0.86,-6.38,0,0,40,Finance,Savings Institutions
SUNC,SunocoCorp LLC,-0.02,7.5,82,87,91,Energy,Integrated oil Companies
CLCGY,Clicks Group Limited,-3.37,-12.46,0,0,4,Healthcare,Pharmaceutical Retailers
SENGF,"SINOPEC Engineering (Group) Co., Ltd.",28.27,9.65,100,100,61,Industrials,Engineering & Construction
ETOR,eToro Group Ltd.,1.1,4.87,57,55,9,Finance,Investment Bankers/Brokers/Service
WSBC,"WesBanco, Inc.",-0.17,-5.03,39,31,73,Finance,Major Banks
ELF,"e.l.f. Beauty, Inc.",1.2,5.28,37,38,82,Consumer Discretionary,Package Goods/Cosmetics
XNYIF,Xinyi Solar Holdings Limited,0.0,1.68,3,5,5,Technology,Solar
BFAM,Bright Horizons Family Solutions Inc.,1.32,-11.1,3,3,10,Consumer Discretionary,Other Consumer Services
KGDEY,Kingdee International Software Group Company Limited,0.0,-4.58,0,0,7,Technology,Software - Application
GEF,"Greif, Inc.",-1.58,-7.05,0,0,81,Consumer Cyclical,Packaging & Containers
GNW,"Genworth Financial, Inc.",0.19,5.01,90,90,74,Finance,Life Insurance
CNK,"Cinemark Holdings, Inc.",-0.2,-6.63,13,6,76,Consumer Discretionary,Movies/Entertainment
CHFLF,China Feihe Limited,0.0,26.95,100,100,91,Consumer Defensive,Packaged Foods
AVNT,Avient Corporation,-0.08,-9.62,0,0,74,Industrials,Major Chemicals
KREVF,Keppel REIT,0.0,-3.85,21,11,23,Real Estate,REIT - Office
TLPPF,Telix Pharmaceuticals Limited,2.83,1.12,100,99,84,Healthcare,Biotechnology
NSIT,"Insight Enterprises, Inc.",6.09,5.6,100,100,95,Consumer Discretionary,Catalog/Specialty Distribution
SECYF,Secure Waste Infrastructure Corp,0.0,8.8,88,78,53,Industrials,Waste Management
KN,Knowles Corporation,4.26,-2.33,72,76,84,Consumer Staples,Consumer Electronics/Appliances
DYN,"Dyne Therapeutics, Inc.",-1.14,-29.85,0,0,52,Health Care,Biotechnology: Pharmaceutical Preparations
CON,"Concentra Group Holdings Parent, Inc.",2.07,-0.3,91,74,92,Health Care,Medical Specialities
PRMRF,Paramount Resources Ltd.,0.44,2.16,46,37,73,Energy,Oil & Gas E&P
BATRA,"Atlanta Braves Holdings, Inc.",-1.12,-4.57,0,0,58,Consumer Discretionary,Services-Misc. Amusement & Recreation
SVYSF,Solvay SA,-0.82,-0.56,71,64,40,Basic Materials,Chemicals
ALHC,"Alignment Healthcare, Inc.",-1.18,-6.32,0,0,4,Health Care,Medical Specialities
SLVYY,Solvay SA,-0.67,0.0,65,65,34,Basic Materials,Chemicals
ISLMF,InSilico Medicine Cayman TopCo,-3.53,22.89,80,79,75,,
TOWN,TowneBank,-0.24,-2.19,32,14,55,Finance,Major Banks
VGNT,Versigent PLC,1.06,3.24,34,38,84,Consumer Cyclical,Auto Parts
CHEF,"The Chefs' Warehouse, Inc.",0.62,-1.43,41,38,93,Consumer Discretionary,Food Distributors
KXSCF,Kinaxis Inc.,3.88,-1.07,41,42,44,Technology,Software - Application
SFNC,Simmons First National Corporation,0.26,-3.13,63,64,66,Finance,Major Banks
REDLF,Vault Minerals Limited,-6.74,6.84,48,46,92,Basic Materials,Gold
SBLK,Star Bulk Carriers Corp.,1.4,11.8,77,77,90,Consumer Discretionary,Marine Transportation
CTRRF,CT Real Estate Investment Trust,0.15,-5.39,0,0,43,Real Estate,REIT - Retail
CLMT,"Calumet, Inc.",0.64,16.42,99,99,97,Energy,Integrated oil Companies
TGSNF,TGS ASA,-3.35,3.31,61,56,87,Energy,Oil & Gas Equipment & Services
HAE,Haemonetics Corporation,1.61,13.62,69,67,91,Health Care,Medical/Dental Instruments
CURB,Curbline Properties Corp.,-0.27,-2.43,25,7,64,Finance,Real Estate
HAWK,"HawkEye 360, Inc.",-0.73,-33.11,0,0,2,Technology,EDP Services
HAYW,"Hayward Holdings, Inc.",1.79,-14.26,6,6,15,Industrials,Industrial Machinery/Components
MPT,"Medical Properties Trust, Inc.",-0.82,-11.29,0,0,8,Real Estate,Real Estate Investment Trusts
STLJF,Stella-Jones Inc.,-2.46,-10.44,0,0,10,Basic Materials,Lumber & Wood Production
FSK,FS KKR Capital Corp.,0.0,-5.93,6,20,43,Finance,Investment Managers
ARCB,ArcBest Corporation,-0.08,-8.1,15,9,88,Industrials,Trucking Freight/Courier Services
BOH,Bank of Hawaii Corporation,-0.03,-4.22,16,20,48,Finance,Major Banks
ATS,ATS Corporation,0.89,-4.62,45,41,4,Industrials,Industrial Machinery/Components
GPOR,Gulfport Energy Corporation,-1.73,1.89,37,39,29,Energy,Oil & Gas Production
IPAR,"Interparfums, Inc.",1.38,-3.0,21,29,71,Consumer Discretionary,Package Goods/Cosmetics
RHI,Robert Half Inc.,0.69,-12.79,0,0,86,Consumer Discretionary,Professional Services
WDOFF,Wesdome Gold Mines Ltd.,4.21,7.54,80,76,92,Basic Materials,Gold
YUEIY,Yue Yuen Industrial (Holdings) Limited,2.26,-6.96,10,9,16,Consumer Cyclical,Footwear & Accessories
TATYY,Tate & Lyle plc,-0.13,0.77,70,65,80,Consumer Defensive,Packaged Foods
NIC,"Nicolet Bankshares, Inc.",0.07,-4.17,40,32,74,Finance,Major Banks
JTCPF,JTC PLC,0.0,3.0,70,54,44,Financial Services,Asset Management
KLRA,"Kailera Therapeutics, Inc.",-6.51,-22.43,0,0,2,Health Care,Biotechnology: Pharmaceutical Preparations
HMNKF,HMS Networks AB (publ),0.0,0.0,100,90,38,Technology,Communication Equipment
BWLP,BW LPG Limited,0.52,17.22,98,98,95,Consumer Discretionary,Transportation Services
PAY,"Paymentus Holdings, Inc.",0.28,-13.77,19,21,89,Consumer Discretionary,Business Services
EXK,Endeavour Silver Corp.,-3.23,-1.26,33,31,79,Basic Materials,Precious Metals
OLN,Olin Corporation,-0.64,-8.72,23,18,6,Industrials,Major Chemicals
AKR,Acadia Realty Trust,-0.75,-5.13,0,0,30,Real Estate,Real Estate Investment Trusts
SDRL,Seadrill Limited,-1.16,1.89,43,40,77,Energy,Oil & Gas Production
VOYG,"Voyager Technologies, Inc.",2.46,-23.71,13,12,45,Industrials,Military/Government/Technical
WSIOF,Wasion Holdings Limited,0.0,-11.75,0,0,89,Industrials,Electrical Equipment & Parts
VAC,Marriott Vacations Worldwide Corporation,2.47,-14.61,26,24,90,Finance,Real Estate
OPMXF,"Operadora de Sites Mexicanos, S.A.B. de C.V.",-4.07,-3.97,43,40,96,Industrials,Engineering & Construction
GRBK,"Green Brick Partners, Inc.",1.36,-3.18,6,5,32,Consumer Discretionary,Homebuilding
IMPJY,Webuild S.p.A.,0.0,-11.75,0,1,4,Industrials,Engineering & Construction
BRZE,"Braze, Inc.",-1.34,-19.85,1,2,38,Technology,Computer Software: Prepackaged Software
LGDDF,Lagardere SA,0.0,0.0,65,65,26,Consumer Cyclical,Specialty Retail
DRTGF,Jet2 plc,0.0,-1.2,18,29,68,Consumer Cyclical,Travel Services
TR,"Tootsie Roll Industries, Inc.",1.38,-3.35,18,21,38,Consumer Staples,Specialty Foods
VNET,"VNET Group, Inc.",-0.78,-15.03,16,17,4,Technology,Computer Software: Programming Data Processing
ACOPF,The a2 Milk Company Limited,0.0,-2.83,79,81,48,Consumer Defensive,Packaged Foods
PHIN,PHINIA Inc.,0.35,-9.75,0,0,36,Consumer Discretionary,Auto Parts:O.E.M.
MGEE,"MGE Energy, Inc.",0.05,-4.96,0,0,34,Energy,Electric Utilities: Central
IPCFF,International Petroleum Corporation,-3.54,13.11,30,30,68,Energy,Oil & Gas E&P
ZIM,ZIM Integrated Shipping Services Ltd.,0.34,10.25,85,86,90,Consumer Discretionary,Marine Transportation
JTTRY,"Japan Airport Terminal Co., Ltd.",0.0,-4.12,54,49,64,Industrials,Airports & Air Services
ACOPY,The a2 Milk Company Limited,0.42,0.63,35,31,37,Consumer Defensive,Packaged Foods
VISN,"Vistance Networks, Inc.",1.25,0.15,83,82,63,Technology,Radio And Television Broadcasting And Communications Equipment
KD,"Kyndryl Holdings, Inc.",3.71,-5.67,78,77,13,Technology,EDP Services
YUEIF,Yue Yuen Industrial (Holdings) Limited,0.0,0.0,65,65,39,Consumer Cyclical,Footwear & Accessories
ATKR,Atkore Inc.,-0.01,0.7,72,77,89,Miscellaneous,Industrial Machinery/Components
WK,Workiva Inc.,0.74,-2.56,26,30,67,Technology,Computer Software: Prepackaged Software
GMRS,GMR Solutions Inc.,2.49,-8.45,30,29,24,Consumer Discretionary,Transportation Services
IHS,IHS Holding Limited,0.0,1.93,79,81,51,Telecommunications,Telecommunications Equipment
FSLY,"Fastly, Inc.",1.98,-22.85,30,31,95,Technology,Computer Software: Prepackaged Software
TRMD,TORM plc,1.39,28.25,94,96,93,Consumer Discretionary,Marine Transportation
CALY,Callaway Golf Company,1.11,-6.3,14,16,73,Consumer Discretionary,Recreational Games/Products/Toys
DRMKY,dormakaba Holding AG,6.61,7.72,100,100,83,Industrials,Building Products & Equipment
BRLXF,Boralex Inc,0.15,2.99,67,38,41,Utilities,Utilities - Renewable
BICEY,Société BIC SA,0.0,-3.28,31,36,83,Consumer Defensive,Household & Personal Products
SUEZY,Südzucker AG,0.0,27.09,93,92,74,Consumer Defensive,Packaged Foods
FCPT,"Four Corners Property Trust, Inc.",-0.54,-4.27,0,0,37,Real Estate,Real Estate Investment Trusts
NMIH,"NMI Holdings, Inc.",-0.68,-3.41,0,0,67,Finance,Property-Casualty Insurers
SRAIF,Stadler Rail AG,0.0,0.0,100,90,52,Industrials,Railroads
TGB,Trekor Metals Limited,1.5,-3.21,3,3,91,Basic Materials,Precious Metals
NVG,Nuveen AMT-Free Municipal Credit Income Fund,0.35,-6.3,0,0,27,Finance,Investment Managers
CZMWY,Carl Zeiss Meditec AG,-1.95,0.32,0,0,42,Healthcare,Medical Instruments & Supplies
HUN,Huntsman Corporation,0.1,-7.56,27,21,8,Industrials,Major Chemicals
MLFNF,Maple Leaf Foods Inc.,-1.15,-1.34,10,23,17,Consumer Defensive,Packaged Foods
SUPN,"Supernus Pharmaceuticals, Inc.",-0.12,-11.69,0,0,18,Health Care,Biotechnology: Pharmaceutical Preparations
SMTGF,SMA Solar Technology AG,0.0,10.95,93,93,97,Technology,Solar
HTFL,"Heartflow, Inc.",9.65,60.85,92,89,96,Health Care,Medical/Dental Instruments
MXCHY,"Orbia Advance Corporation, S.A.B. de C.V.",0.0,-10.85,0,0,60,Industrials,Conglomerates
IRON,"Disc Medicine, Inc.",-5.5,-12.44,0,0,42,Health Care,Biotechnology: Pharmaceutical Preparations
AEO,"American Eagle Outfitters, Inc.",3.37,-7.85,13,12,9,Consumer Discretionary,Clothing/Shoe/Accessory Stores
NDVLY,New World Development Company Limited,-10.81,-17.5,0,0,5,Real Estate,Real Estate - Diversified
BRAI,Braiin Limited,2.9,-0.18,75,71,2,Technology,EDP Services
WAFDP,"WaFd, Inc.",0.0,-0.73,32,47,42,Finance,Major Banks
TMC,TMC the metals company Inc.,-1.87,-10.77,16,18,4,Basic Materials,Metal Mining
FXCNF,FIH Mobile Limited,0.0,0.0,65,65,66,Technology,Consumer Electronics
VVX,"V2X, Inc.",-0.47,-11.14,1,4,47,Consumer Discretionary,Diversified Commercial Services
IDYA,"IDEAYA Biosciences, Inc.",0.37,2.48,28,29,80,Health Care,Biotechnology: Pharmaceutical Preparations
IVT,InvenTrust Properties Corp.,-0.53,-5.07,0,0,41,Real Estate,Real Estate Investment Trusts
HKUOY,Hakuhodo DY Holdings Inc,0.0,12.3,100,99,73,Communication Services,Advertising Agencies
ZNKKY,"ZENKOKU HOSHO Co.,Ltd.",0.0,8.32,100,99,43,Financial Services,Credit Services
PDIYF,Predictive Discovery Ltd,0.08,2.85,7,7,92,Basic Materials,Gold
LCID,"Lucid Group, Inc.",0.96,-34.47,0,0,2,Industrials,Auto Manufacturing
USNZY,Usinas Siderúrgicas de Minas Gerais S.A.,-2.6,11.11,83,83,65,Basic Materials,Steel
ELUXY,AB Electrolux (publ),0.0,-13.84,0,0,13,Consumer Cyclical,"Furnishings, Fixtures & Appliances"
CUBI,"Customers Bancorp, Inc.",0.03,-5.42,39,37,56,Finance,Major Banks
WU,The Western Union Company,0.58,-7.48,0,1,17,Consumer Discretionary,Business Services
FRME,First Merchants Corporation,0.02,-4.37,21,23,51,Finance,Major Banks
CALX,"Calix, Inc.",0.89,-11.55,12,14,6,Consumer Discretionary,Telecommunications Equipment
IMOS,ChipMOS TECHNOLOGIES INC.,-1.18,-4.26,50,50,95,Technology,Semiconductors
FURCF,Forvia SE,0.0,6.07,89,90,13,Consumer Cyclical,Auto Parts
CSIOY,"Casio Computer Co.,Ltd.",-1.22,-14.78,0,0,88,Technology,Consumer Electronics
DGII,Digi International Inc.,0.38,-18.92,1,2,87,Telecommunications,Computer Communications Equipment
BW,"Babcock & Wilcox Enterprises, Inc.",10.74,-15.08,33,33,68,Industrials,Building Products
CHRYY,Chorus Limited,0.0,-7.17,21,21,26,Communication Services,Telecom Services
SRBEF,Vusion S.A.,0.0,-5.28,17,19,9,Technology,Software - Application
KWR,Quaker Chemical Corporation,0.79,-8.87,6,12,66,Industrials,Major Chemicals
COHU,"Cohu, Inc.",4.29,-2.16,72,75,96,Industrials,Electrical Products
EKTAF,Elekta AB (publ),0.0,-5.26,2,3,15,Healthcare,Medical Devices
PPAAY,PT Perusahaan Gas Negara (Persero) Tbk,0.0,-3.66,22,15,13,Utilities,Utilities - Regulated Gas
UAA,"Under Armour, Inc.",2.82,-4.49,42,40,23,Consumer Discretionary,Apparel
IMNM,"Immunome, Inc.",-1.2,-6.62,0,0,93,Health Care,Biotechnology: Pharmaceutical Preparations
MRPLY,Mr Price Group Limited,-0.05,-10.74,24,21,26,Consumer Cyclical,Apparel Retail
IWGFF,International Workplace Group plc,2.47,-0.36,65,66,24,Real Estate,Real Estate Services
BCC,Boise Cascade Company,0.52,-10.06,0,0,43,Consumer Discretionary,RETAIL: Building Materials
TALO,Talos Energy Inc.,0.8,14.43,95,93,88,Energy,Oil & Gas Production
AEBZY,Anadolu Efes Biracilik ve Malt Sanayii Anonim Sirketi,0.0,-2.78,53,52,37,Consumer Defensive,Beverages - Non-Alcoholic
PK,Park Hotels & Resorts Inc.,-0.26,1.66,34,37,84,Consumer Discretionary,Hotels/Resorts
ILKAY,Iluka Resources Limited,0.0,-11.69,0,0,43,Basic Materials,Other Industrial Metals & Mining
CHA,Chagee Holdings Limited,-0.89,19.65,87,89,28,Consumer Discretionary,Restaurants
OVHFF,OVH Groupe S.A.,0.0,-6.76,11,7,75,Technology,Software - Infrastructure
HTO,H2O America,-0.59,-1.0,6,22,72,Utilities,Water Supply
BBAI,"BigBear.ai Holdings, Inc.",1.77,-14.07,9,11,3,Technology,Computer Software: Prepackaged Software
ELVN,"Enliven Therapeutics, Inc.",-3.4,-6.44,0,0,97,Health Care,Biotechnology: Pharmaceutical Preparations
NBTB,NBT Bancorp Inc.,0.21,-2.68,68,66,70,Finance,Major Banks
HNWAF,"Hanwa Co., Ltd.",0.0,-6.97,100,90,1,Industrials,Conglomerates
NSHBY,Nisshinbo Holdings Inc.,0.0,-14.85,6,4,83,Industrials,Conglomerates
ALSSF,"Alsea, S.A.B. de C.V.",0.0,7.05,90,91,16,Consumer Cyclical,Restaurants
NGVT,Ingevity Corporation,3.4,-7.86,22,23,55,Industrials,Major Chemicals
AKRTF,Aker Solutions ASA,0.0,1.12,76,79,70,Energy,Oil & Gas Equipment & Services
ATUSF,Altius Minerals Corporation,3.05,7.69,86,79,93,Basic Materials,Other Industrial Metals & Mining
PRRFY,Premier Foods plc,0.0,-2.4,20,14,46,Consumer Defensive,Packaged Foods
DNOW,DNOW Inc.,1.16,-4.05,24,12,66,Consumer Discretionary,Oil and Gas Field Machinery
RNW,ReNew Energy Global Plc,-0.29,0.44,62,68,47,Utilities,Electric Utilities: Central
ZZHGY,"ZhongAn Online P & C Insurance Co., Ltd.",0.0,0.0,100,90,3,Financial Services,Insurance - Property & Casualty
BUSEP,First Busey Corporation,-0.49,-0.38,59,64,38,Finance,Major Banks
AVPT,"AvePoint, Inc.",-0.94,-7.93,0,0,48,Technology,Computer Software: Prepackaged Software
JBFCY,Jollibee Foods Corporation,-3.16,-5.94,0,0,14,Consumer Cyclical,Restaurants
MH,"McGraw Hill, Inc.",1.73,-9.21,7,6,18,Consumer Discretionary,Publishing
KOD,Kodiak Sciences Inc.,0.06,-17.73,0,0,94,Health Care,Biotechnology: Biological Products (No Diagnostic Substances)
HE,"Hawaiian Electric Industries, Inc.",-0.86,-12.26,2,5,9,Utilities,Electric Utilities: Central
SWONF,SoftwareOne Holding AG,0.0,6.36,100,100,68,Technology,Software - Application
DRVN,Driven Brands Holdings Inc.,-1.22,-5.52,0,0,16,Consumer Discretionary,Automotive Aftermarket
DRD,DRDGOLD Limited,1.66,15.9,51,50,52,Basic Materials,Precious Metals
IMYSY,Imerys S.A.,0.0,-1.68,53,48,46,Basic Materials,Specialty Chemicals
RAMP,"LiveRamp Holdings, Inc.",-0.4,-0.84,42,53,71,Technology,EDP Services
DRH,DiamondRock Hospitality Company,0.16,-0.73,30,28,79,Real Estate,Real Estate Investment Trusts
AKRYY,Aker Solutions ASA,0.0,1.04,91,89,91,Energy,Oil & Gas Equipment & Services
HNI,HNI Corporation,1.23,-4.37,6,5,78,Consumer Discretionary,Office Equipment/Supplies/Services
PCT,"PureCycle Technologies, Inc.",3.26,-14.0,11,11,4,Industrials,Major Chemicals
MNR,Mach Natural Resources LP,0.0,-0.4,55,46,43,Energy,Oil & Gas Production
ALZCF,AlzChem Group AG,0.0,0.0,100,90,38,Basic Materials,Specialty Chemicals
CRPHY,Ceres Power Holdings plc,1.28,-20.92,51,51,94,Industrials,Electrical Equipment & Parts
NMZ,Nuveen Municipal High Income Opportunity Fund,0.63,-6.29,0,0,27,Finance,Finance/Investors Services
EFSCP,Enterprise Financial Services Corp,-0.84,-9.82,0,0,20,Finance,Major Banks
CCU,Compañía Cervecerías Unidas S.A.,-0.09,-0.34,12,16,33,Consumer Staples,Beverages (Production/Distribution)
EKTAY,Elekta AB (publ),-1.95,-5.22,0,0,24,Healthcare,Medical Devices
SPKKY,Spark New Zealand Limited,0.64,11.4,75,73,42,Communication Services,Telecom Services
CDGLY,ComfortDelGro Corporation Limited,12.39,-12.64,47,45,25,Industrials,Railroads
ODFJF,Odfjell Drilling Ltd.,0.0,-1.75,11,13,72,Energy,Oil & Gas Drilling
IMAX,IMAX Corporation,1.44,-2.2,43,35,87,Consumer Discretionary,Industrial Machinery/Components
NGCRF,NagaCorp Ltd.,-13.04,-7.07,0,0,5,Consumer Cyclical,Resorts & Casinos
MBIN,Merchants Bancorp,0.32,-3.97,46,35,84,Finance,Major Banks
MBINN,Merchants Bancorp,0.05,0.02,67,62,43,Finance,Major Banks
MLCO,Melco Resorts & Entertainment Limited,0.8,-8.18,0,0,7,Consumer Discretionary,Hotels/Resorts
DRDGF,DRDGOLD Limited,-9.93,33.22,69,69,47,Basic Materials,Gold
WLYB,"John Wiley & Sons, Inc.",0.0,-5.75,9,11,81,Consumer Discretionary,Books
PLUS,ePlus inc.,4.34,3.83,100,100,64,Technology,Retail: Computer Software & Peripheral Equipment
WS,"Worthington Steel, Inc.",0.44,-10.88,12,3,22,Industrials,Steel/Iron Ore
RPBPF,Raspberry Pi Holdings plc,1.61,-16.17,23,20,81,Technology,Electronic Components
GMOYF,"GMO internet group, Inc.",0.0,0.0,18,22,70,Communication Services,Telecom Services
ACHC,"Acadia Healthcare Company, Inc.",-0.6,-6.22,38,34,86,Health Care,Medical Specialities
ABBRF,AbraSilver Resource Corp.,-5.35,-10.47,0,0,86,Basic Materials,Other Precious Metals & Mining
ARR,"ARMOUR Residential REIT, Inc.",-0.19,-4.13,0,0,43,Real Estate,Real Estate Investment Trusts
SYBT,"Stock Yards Bancorp, Inc.",1.0,-6.17,34,40,62,Finance,Major Banks
ATHM,Autohome Inc.,0.05,-3.82,27,23,53,Technology,EDP Services
OKCTF,Okinawa Cellular Telephone Company,0.0,39.0,100,100,1,Communication Services,Telecom Services
XRAY,DENTSPLY SIRONA Inc.,-0.38,-9.67,0,0,23,Health Care,Medical/Dental Instruments
CLBK,"Columbia Financial, Inc.",-0.09,-1.54,14,18,89,Finance,Savings Institutions
AESI,Atlas Energy Solutions Inc.,2.09,20.1,83,84,55,Industrials,Mining & Quarrying of Nonmetallic Minerals (No Fuels)
SPSC,"SPS Commerce, Inc.",7.06,4.17,75,76,74,Technology,Computer Software: Prepackaged Software
GEBHF,Genting Berhad,0.0,0.0,65,65,10,Consumer Cyclical,Resorts & Casinos
MKMLF,"Makino Milling Machine Co., Ltd.",0.0,0.0,100,90,1,Industrials,Specialty Industrial Machinery
SLDE,"Slide Insurance Holdings, Inc.",1.6,15.43,100,100,92,Finance,Property-Casualty Insurers
IOSP,Innospec Inc.,0.16,-0.73,35,33,70,Industrials,Major Chemicals
MHD,"BlackRock MuniHoldings Fund, Inc.",0.27,-4.9,0,0,30,Finance,Investment Bankers/Brokers/Service
PRDO,Perdoceo Education Corporation,0.55,4.11,84,81,36,Real Estate,Other Consumer Services
PTKFY,PT Kalbe Farma Tbk.,-3.37,-2.05,22,26,9,Healthcare,Drug Manufacturers - General
FORTY,Formula Systems (1985) Ltd.,-4.95,12.23,67,68,30,Technology,EDP Services
LCSHF,Lancashire Holdings Limited,0.0,6.02,89,88,44,Financial Services,Insurance - Specialty
TRVI,"Trevi Therapeutics, Inc.",-0.06,-12.4,0,0,84,Health Care,Biotechnology: Pharmaceutical Preparations
OMCL,"Omnicell, Inc.",1.67,-12.89,6,7,17,Technology,Computer Manufacturing
TAVHF,TAV Havalimanlari Holding A.S.,0.0,0.0,100,90,85,Industrials,Airports & Air Services
BHC,Bausch Health Companies Inc.,-3.46,-7.57,0,0,39,Health Care,Biotechnology: Pharmaceutical Preparations
CMGMY,Chemring Group PLC,4.73,-18.81,21,22,34,Industrials,Aerospace & Defense
HRUFF,H&R Real Estate Investment Trust,2.05,-7.55,15,13,19,Real Estate,REIT - Diversified
GNL,"Global Net Lease, Inc.",-0.33,0.33,70,63,50,Real Estate,Real Estate Investment Trusts
FLYW,Flywire Corporation,0.68,-2.03,4,8,82,Consumer Discretionary,Business Services
NMM,Navios Maritime Partners L.P.,0.9,13.66,100,100,93,Consumer Discretionary,Marine Transportation
OCUL,"Ocular Therapeutix, Inc.",-1.22,3.86,34,36,37,Health Care,Biotechnology: Pharmaceutical Preparations
SESMF,SUSS MicroTec SE,0.0,-7.43,47,44,91,Technology,Semiconductor Equipment & Materials
NTLA,"Intellia Therapeutics, Inc.",-1.59,-0.76,10,9,40,Health Care,Biotechnology: In Vitro & In Vivo Diagnostic Substances
UHOIF,Ushio Inc.,0.0,6.9,90,88,89,Industrials,Specialty Industrial Machinery
BLX,Bladex Inc.,-0.61,0.88,68,68,59,Finance,Commercial Banks
NEOG,Neogen Corporation,0.08,-0.93,51,53,93,Health Care,Biotechnology: In Vitro & In Vivo Diagnostic Substances
PDFS,"PDF Solutions, Inc.",1.29,-5.12,57,58,88,Technology,Computer Software: Prepackaged Software
ALKT,"Alkami Technology, Inc.",7.61,-1.3,100,98,60,Technology,Computer Software: Prepackaged Software
SION,"Sionna Therapeutics, Inc.",3.02,20.03,100,100,1,Health Care,Biotechnology: Pharmaceutical Preparations
STOK,"Stoke Therapeutics, Inc.",-1.06,-7.28,0,0,35,Health Care,Biotechnology: Pharmaceutical Preparations
PFFVF,Pfeiffer Vacuum Technology AG,0.0,1.02,75,76,40,Industrials,Specialty Industrial Machinery
SKYT,SkyWater Technology Inc,0.0,3.51,0,3,43,Technology,Semiconductors
JPEVF,"Japan Elevator Service Holdings Co.,Ltd.",0.0,-11.52,14,10,1,Industrials,Specialty Business Services
PLAB,"Photronics, Inc.",2.15,-13.41,27,26,44,Technology,Semiconductors
BLDP,Ballard Power Systems Inc.,-0.45,-15.65,0,0,8,Energy,Industrial Machinery/Components
RAPP,"Rapport Therapeutics, Inc.",0.37,-7.9,0,0,91,Health Care,Biotechnology: Pharmaceutical Preparations
AGM,Federal Agricultural Mortgage Corporation,0.41,-2.65,68,69,82,Finance,Finance Companies
ABCL,AbCellera Biologics Inc.,4.11,-0.73,18,17,98,Health Care,Biotechnology: Pharmaceutical Preparations
PDO,Pimco Dynamic Income Opportunities Fund,0.06,-3.04,29,10,32,Finance,Trusts Except Educational Religious and Charitable
FBYD,"Falcon's Beyond Global, Inc.",-6.78,-39.55,0,0,2,Consumer Discretionary,Services-Misc. Amusement & Recreation
TY,Tri-Continental Corporation,0.46,-3.16,0,0,49,Finance,Finance Companies
LGYRF,Landis+Gyr Group AG,0.0,6.33,72,67,12,Industrials,Electrical Equipment & Parts
PUMP,ProPetro Holding Corp.,-0.43,-0.78,42,42,64,Energy,Oilfield Services/Equipment
SGML,Sigma Lithium Corporation,-5.66,-16.15,0,0,21,Basic Materials,Metal Mining
FIVN,"Five9, Inc.",1.36,-9.29,5,8,91,Technology,EDP Services
CMRE,Costamare Inc.,1.13,5.82,66,62,41,Consumer Discretionary,Marine Transportation
GUYGF,G2 Goldfields Inc,4.65,11.35,91,93,58,Basic Materials,Gold
ADMA,"ADMA Biologics, Inc.",-1.7,-1.91,0,9,8,Health Care,Biotechnology: Biological Products (No Diagnostic Substances)
QFIN,"Qfin Holdings, Inc.",0.0,-28.46,14,13,2,Finance,Finance: Consumer Services
KNCAF,"Konica Minolta, Inc.",0.0,0.0,65,65,46,Industrials,Business Equipment & Supplies
BLRDF,Billerud AB (publ),0.0,6.11,100,100,76,Basic Materials,Paper & Paper Products
AIN,Albany International Corp.,0.63,-5.47,64,66,39,Consumer Discretionary,Textiles
CTS,CTS Corporation,2.75,-7.54,29,30,62,Technology,Electrical Products
GDNGY,PT Gudang Garam Tbk,-3.84,-1.57,2,6,92,Consumer Defensive,Tobacco
HRMY,"Harmony Biosciences Holdings, Inc.",1.02,7.84,76,72,76,Health Care,Biotechnology: Pharmaceutical Preparations
ASAN,"Asana, Inc.",2.45,-11.14,26,27,29,Technology,Computer Software: Prepackaged Software
DETRF,Deterra Royalties Limited,0.0,5.55,62,57,50,Basic Materials,Other Industrial Metals & Mining
SFRGY,Salvatore Ferragamo S.p.A.,0.0,-16.24,0,0,71,Consumer Cyclical,Luxury Goods
ECO,Okeanis Eco Tankers Corp.,4.43,19.13,100,100,97,Consumer Discretionary,Marine Transportation
TIC,"TIC Solutions, Inc.",3.13,-4.78,70,62,51,Consumer Discretionary,Business Services
PRLB,"Proto Labs, Inc.",2.8,-11.2,38,35,87,Industrials,Metal Fabrications
BKSY,BlackSky Technology Inc.,-0.67,-33.49,3,2,17,Technology,Radio And Television Broadcasting And Communications Equipment
ADNT,Adient plc,2.01,-3.94,53,54,19,Consumer Discretionary,Auto Parts:O.E.M.
TBNGY,PT Bukit Asam (Persero) Tbk,0.0,-1.32,94,93,53,Energy,Thermal Coal
ANIP,"ANI Pharmaceuticals, Inc.",-1.78,-6.13,2,4,13,Health Care,Biotechnology: Pharmaceutical Preparations
CBZ,"CBIZ, Inc.",-0.16,-0.11,61,62,91,Consumer Discretionary,Business Services
INTA,"Intapp, Inc.",-2.13,-9.24,0,0,81,Technology,Computer Software: Prepackaged Software
NNWWF,The North West Company Inc.,0.0,6.39,91,92,52,Consumer Defensive,Grocery Stores
SREMF,Sunrise Energy Metals Limited,0.03,21.19,98,97,99,Industrials,Pollution & Treatment Controls
BEPTF,Beach Energy Limited,0.0,3.55,85,84,10,Energy,Oil & Gas E&P
CMPS,COMPASS Pathways plc,0.91,7.98,59,60,97,Health Care,Biotechnology: Pharmaceutical Preparations
WIPKF,Winpak Ltd.,-2.52,-2.64,0,7,41,Consumer Cyclical,Packaging & Containers
CHCO,City Holding Company,0.22,-2.72,55,43,67,Finance,Major Banks
AGIO,"Agios Pharmaceuticals, Inc.",-0.12,0.39,42,35,64,Health Care,Biotechnology: Pharmaceutical Preparations
FSHYF,Shougang Fushan Resources Group Limited,0.0,0.0,100,90,57,Basic Materials,Coking Coal
HURN,Huron Consulting Group Inc.,0.33,-3.46,20,24,70,Consumer Discretionary,Professional Services
ETV,Eaton Vance Tax-Managed Buy-Write Opportunities Fund,0.13,0.72,66,64,56,Finance,Investment Bankers/Brokers/Service
CASH,"Pathward Financial, Inc.",-0.71,-8.66,0,0,30,Finance,Major Banks
CAPR,"Capricor Therapeutics, Inc.",0.84,98.81,56,54,2,Health Care,Biotechnology: Pharmaceutical Preparations
NKRKF,Nokian Renkaat Oyj,0.0,0.0,65,65,94,Consumer Cyclical,Auto Parts
BL,"BlackLine, Inc.",-1.39,-9.6,0,0,8,Technology,Computer Software: Prepackaged Software
WD,"Walker & Dunlop, Inc.",0.5,-3.68,48,47,6,Finance,Finance: Consumer Services
USA,Liberty All-Star Equity Fund,0.51,-3.29,0,0,46,Finance,Finance Companies
MGPPF,Megaport Limited,0.0,14.94,67,65,75,Technology,Software - Infrastructure
APPN,Appian Corporation,2.03,-6.08,5,7,78,Technology,Computer Software: Prepackaged Software
SOIEF,Stolt-Nielsen Limited,0.0,3.16,84,81,50,Industrials,Marine Shipping
FMC,FMC Corporation,-5.63,12.2,42,42,9,Industrials,Major Chemicals
SLSR,Solaris Resources Inc.,-0.75,1.93,23,25,43,Basic Materials,Other Precious Metals & Mining
AMBQ,AMBQ,4.71,-1.27,68,71,93,Technology,Semiconductors
EFC,Ellington Financial Inc.,-1.15,-4.86,0,0,44,Finance,Real Estate
CRRSF,Cirrus Aircraft Limited,-5.79,23.91,64,65,86,,
CMOPF,Cosmo N.V.,-0.88,-12.88,0,2,5,Healthcare,Drug Manufacturers - General
DALXF,Spartan Delta Corp.,-4.21,12.37,67,69,93,Energy,Oil & Gas E&P
XPRO,Expro Ltd,0.06,-5.74,6,1,68,Energy,Oilfield Services/Equipment
LWLG,"Lightwave Logic, Inc.",1.36,-28.26,8,6,26,Industrials,Containers/Packaging
SYAXF,Elevra Lithium Limited,0.0,-13.03,2,4,76,Basic Materials,Other Industrial Metals & Mining
IIPR,"Innovative Industrial Properties, Inc.",1.17,-2.22,52,48,52,Finance,Real Estate
XFABF,X-FAB Silicon Foundries SE,0.0,0.71,24,25,25,Technology,Semiconductors
WBTN,WEBTOON Entertainment Inc.,4.46,26.67,100,100,21,Consumer Discretionary,Publishing
LMPMY,Lee & Man Paper Manufacturing Limited,0.0,-15.56,6,10,82,Basic Materials,Paper & Paper Products
AIP,"Arteris, Inc.",1.25,-17.76,30,29,83,Technology,Semiconductors
HCTPF,Hutchison Port Holdings Trust,0.0,22.22,96,95,73,Industrials,Marine Shipping
GEAHF,Great Eagle Holdings Limited,0.0,0.0,65,65,52,Real Estate,Real Estate - Diversified
BOEUF,Bonesupport Holding AB (publ),0.0,6.5,100,100,34,Healthcare,Medical Instruments & Supplies
IMKTA,"Ingles Markets, Incorporated",1.34,-6.08,47,41,40,Consumer Staples,Food Chains
GABC,"German American Bancorp, Inc.",0.1,-2.66,43,38,71,Finance,Major Banks
TSLX,"Sixth Street Specialty Lending, Inc.",0.62,-6.68,0,6,29,Finance,Investment Managers
STMRF,Stanmore Resources Limited,0.0,34.68,100,100,90,Basic Materials,Coking Coal
DXC,DXC Technology Company,3.17,1.7,83,78,39,Technology,EDP Services
TNIEF,tonies SE,0.0,-2.36,13,9,75,Consumer Cyclical,Leisure
KSS,Kohl's Corporation,2.62,-11.59,13,13,44,Consumer Discretionary,Department/Specialty Retail Stores
VIR,"Vir Biotechnology, Inc.",0.38,18.0,59,58,90,Health Care,Biotechnology: Biological Products (No Diagnostic Substances)
XHR,"Xenia Hotels & Resorts, Inc.",0.23,-7.4,0,2,62,Consumer Discretionary,Hotels/Resorts
AMLX,"Amylyx Pharmaceuticals, Inc.",-1.46,40.66,56,56,98,Health Care,Biotechnology: Pharmaceutical Preparations
RHUHF,Richelieu Hardware Ltd.,0.0,-2.09,76,72,22,Industrials,Tools & Accessories
INVA,"Innoviva, Inc.",0.19,-0.43,0,13,28,Health Care,Biotechnology: Pharmaceutical Preparations
VRNO,Verano Holdings Corp.,-2.53,-3.99,1,12,46,Healthcare,Drug Manufacturers - Specialty & Generic
FSUN,FirstSun Capital Bancorp,0.07,-1.76,59,30,55,Finance,Major Banks
BFC,Bank First Corporation,-0.53,-2.53,67,65,64,Finance,Major Banks
PGEN,"Precigen, Inc.",2.54,5.55,58,58,95,Health Care,Biotechnology: Pharmaceutical Preparations
IMTX,Immatics N.V.,0.46,-8.34,24,20,47,Health Care,Biotechnology: Biological Products (No Diagnostic Substances)
BORR,Borr Drilling Limited,-2.29,5.69,0,0,36,Energy,Oil & Gas Production
OGCP,"Empire State Realty OP, L.P.",0.0,-8.51,10,5,5,Real Estate,REIT - Office
LZB,La-Z-Boy Incorporated,-0.71,-26.0,0,0,13,Consumer Discretionary,Home Furnishings
IMDXF,Imdex Limited,-4.62,-10.47,0,0,34,Industrials,Farm & Heavy Construction Machinery
DMRA,"Damora Therapeutics, Inc.",4.69,-8.56,30,31,98,Health Care,Biotechnology: Pharmaceutical Preparations
LWSCF,Sienna Senior Living Inc.,-0.48,-8.3,0,0,30,Healthcare,Medical Care Facilities
JPDYY,Japan Display Inc.,0.0,-27.06,0,0,76,Technology,Electronic Components
LNDAF,"Línea Directa Aseguradora, S.A., Compañía de Seguros y Reaseguros",0.0,0.0,100,90,30,Financial Services,Insurance - Property & Casualty
CCS,"Century Communities, Inc.",1.65,-15.25,5,4,35,Consumer Discretionary,Homebuilding
NHNKY,Nihon Kohden Corporation,4.71,8.5,100,100,43,Healthcare,Medical Devices
TRINZ,Trinity Capital Inc. 7.875% Notes due 2029,-0.06,0.59,69,74,36,Finance,Finance: Consumer Services
SNIRF,Senior plc,0.0,0.0,100,90,65,Industrials,Aerospace & Defense
CNOB,"ConnectOne Bancorp, Inc.",0.66,-4.09,50,42,65,Finance,Major Banks
WACLY,Wacoal Holdings Corp.,-1.17,0.59,35,34,16,Consumer Cyclical,Apparel Manufacturing
NNE,NANO Nuclear Energy Inc.,-5.47,-20.03,0,0,2,Utilities,Electric Utilities: Central
ACKAY,Arçelik Anonim Sirketi,0.0,-1.21,48,44,6,Consumer Cyclical,"Furnishings, Fixtures & Appliances"
MBX,"MBX Biosciences, Inc.",-3.15,-12.02,0,0,98,Health Care,Biotechnology: Pharmaceutical Preparations
ALKEF,Alkane Resources Ltd,1.54,21.87,84,83,92,Basic Materials,Gold
CBL,"CBL & Associates Properties, Inc.",0.24,-4.93,23,12,89,Real Estate,Real Estate Investment Trusts
RYZ,Ryerson Holding Corporation,0.28,-11.77,27,27,42,Industrials,Metal Fabrications
BTT,Blackrock Municipal 2030 Target Term Trust,-0.18,-1.78,0,20,33,Finance,Investment Managers
KARO,Karooooo Ltd.,1.45,1.39,66,63,87,Technology,Computer Software: Prepackaged Software
MAN,ManpowerGroup Inc.,-0.98,-4.45,5,12,96,Consumer Discretionary,Professional Services
EBRCZ,"EBR Systems, Inc.",0.0,-6.78,51,48,4,Healthcare,Medical Devices
WEN,The Wendy's Company,2.55,-11.04,8,8,42,Consumer Discretionary,Restaurants
GBX,"The Greenbrier Companies, Inc.",1.01,-6.33,24,16,20,Industrials,Railroads
FTRE,Fortrea Holdings Inc.,1.06,-3.48,20,22,87,Health Care,Medical Specialities
KMPB,KMPB,0.16,0.69,76,78,51,Finance,Property-Casualty Insurers
CRLFF,Cardinal Energy Ltd.,-2.13,6.59,66,67,78,Energy,Oil & Gas E&P
FUGRF,Fugro N.V.,-3.76,0.0,44,53,7,Energy,Oil & Gas Equipment & Services
CSWC,Capital Southwest Corporation,0.37,-3.46,0,4,62,Consumer Discretionary,Textiles
WZZZY,Wizz Air Holdings Plc,0.0,0.0,100,90,30,Industrials,Airlines
PLTK,Playtika Holding Corp.,4.05,-8.33,44,44,4,Technology,EDP Services
BCAX,Bicara Therapeutics Inc.,-1.26,-3.47,0,0,81,Health Care,Biotechnology: Pharmaceutical Preparations
CRI,"Carter's, Inc.",0.79,-21.67,0,0,17,Consumer Discretionary,Apparel
ALMR,"Alamar Biosciences, Inc.",0.43,-15.28,0,0,79,Industrials,Biotechnology: Laboratory Analytical Instruments
HCSG,"Healthcare Services Group, Inc.",0.64,4.22,40,43,64,Health Care,Hospital/Nursing Management
AVBP,"ArriVent BioPharma, Inc.",1.05,-3.33,24,19,66,Health Care,Biotechnology: Pharmaceutical Preparations
TRRSF,Trisura Group Ltd.,3.16,0.42,100,100,43,Financial Services,Insurance - Specialty
BORAY,"Bora Pharmaceuticals Co., Ltd.",0.0,2.21,79,76,46,,
BAK,Braskem S.A.,-1.42,0.48,93,92,2,Industrials,Major Chemicals
FOR,Forestar Group Inc.,1.24,-8.98,4,4,34,Finance,Real Estate
ARRY,"Array Technologies, Inc.",1.54,-10.64,41,40,2,Consumer Discretionary,Miscellaneous manufacturing industries
HBNB,Hotel101 Global Holdings Corp.,-0.3,-9.36,27,28,31,Consumer Discretionary,Hotels/Resorts
IDT,IDT Corporation,1.57,5.05,100,100,83,Telecommunications,Telecommunications Equipment
SVV,"Savers Value Village, Inc.",1.14,-9.97,2,2,33,Consumer Discretionary,Other Specialty Stores
NRP,Natural Resource Partners L.P.,0.83,8.9,82,81,47,Energy,Coal Mining
WBI,WaterBridge Infrastructure LLC,-1.31,3.49,58,65,79,Energy,Oilfield Services/Equipment
TDOC,"Teladoc Health, Inc.",1.15,-11.49,8,13,17,Health Care,Medical/Nursing Services
OLPX,Olaplex Holdings Inc,0.0,0.0,60,85,34,Consumer Discretionary,Package Goods/Cosmetics
NBR,Nabors Industries Ltd.,0.0,-0.82,40,32,85,Energy,Oil & Gas Production
CRML,Critical Metals Corp.,-4.32,-2.28,27,26,7,Basic Materials,Metal Mining
SWDHY,Skyworth Group Limited,0.0,0.0,100,90,59,Technology,Consumer Electronics
AOSL,Alpha and Omega Semiconductor Limited,3.91,-15.81,29,29,18,Technology,Semiconductors
ATVDY,"Atresmedia Corporación de Medios de Comunicación, S.A.",0.0,-3.61,25,25,53,Communication Services,Entertainment
MUC,"BlackRock MuniHoldings California Quality Fund, Inc.",0.29,-4.5,3,0,32,Finance,Investment Bankers/Brokers/Service
MALJF,Magellan Aerospace Corporation,0.0,-22.46,10,9,89,Industrials,Aerospace & Defense
MYI,"BlackRock MuniYield Quality Fund III, Inc.",0.1,-4.56,0,0,29,Finance,Investment Bankers/Brokers/Service
LIFZF,Labrador Iron Ore Royalty Corporation,1.36,-3.37,8,7,22,Basic Materials,Steel
NSSC,"Napco Security Technologies, Inc.",2.6,-4.77,48,46,23,Telecommunications,Telecommunications Equipment
NVGS,Navigator Holdings Ltd.,0.61,12.0,98,98,74,Consumer Discretionary,Marine Transportation
CCEC,Capital Clean Energy Carriers Corp.,-0.89,-0.71,10,21,51,Consumer Discretionary,Marine Transportation
LSPD,Lightspeed Commerce Inc.,1.84,-9.31,11,15,29,Technology,Computer Software: Prepackaged Software
COAG,"Hemab Therapeutics Holdings, Inc.",-1.2,-26.97,0,0,80,Health Care,Biotechnology: Biological Products (No Diagnostic Substances)
KELTF,Kelt Exploration Ltd.,2.82,12.79,88,88,78,Energy,Oil & Gas E&P
GCT,GigaCloud Technology Inc.,0.14,-2.55,86,81,91,Consumer Discretionary,Catalog/Specialty Distribution
CHNFF,China Foods Limited,0.0,0.0,100,90,93,Consumer Defensive,Beverages - Non-Alcoholic
TUYA,Tuya Inc.,-1.1,-1.1,36,38,8,Technology,Computer Software: Prepackaged Software
RDWR,Radware Ltd.,-0.36,-6.0,42,39,46,Consumer Discretionary,Business Services
MSDL,Morgan Stanley Direct Lending Fund,0.48,-5.52,0,0,30,Financial Services,Asset Management
ENOV,Enovis Corporation,4.73,-24.86,11,10,9,Health Care,Industrial Specialties
PBT,Permian Basin Royalty Trust,-0.28,5.88,89,90,94,Energy,Oil & Gas Production
ATLC,Atlanticus Holdings Corporation,1.18,-2.66,43,42,86,Finance,Finance: Consumer Services
WABC,Westamerica Bancorporation,-0.03,-1.4,73,72,66,Finance,Major Banks
TRIP,"Tripadvisor, Inc.",2.94,-17.14,14,17,5,Technology,Computer Software: Programming Data Processing
GILT,Gilat Satellite Networks Ltd.,3.67,-14.0,16,16,6,Technology,Radio And Television Broadcasting And Communications Equipment
TWOD,Two Harbors Investment Corp.,0.0,3.28,84,85,41,Real Estate,Real Estate Investment Trusts
UVV,Universal Corporation,-0.33,0.65,49,51,15,Industrials,Farming/Seeds/Milling
RXT,"Rackspace Technology, Inc.",2.88,-25.12,19,17,95,Technology,Computer Software: Programming Data Processing
LYPHF,Luye Pharma Group Ltd.,0.0,0.0,100,90,10,Healthcare,Drug Manufacturers - Specialty & Generic
MNSAF,Mineros S.A.,1.65,15.81,100,100,95,Basic Materials,Gold
TV,"Grupo Televisa, S.A.B.",0.42,-16.78,0,1,12,Industrials,Broadcasting
UAN,"CVR Partners, LP",0.04,14.35,93,93,88,Industrials,Agricultural Chemicals
LUCK,Lucky Strike Entertainment Corporation,1.81,-16.51,10,12,3,Consumer Discretionary,Services-Misc. Amusement & Recreation
SQZZF,Serica Energy plc,0.0,55.09,97,97,72,Energy,Oil & Gas E&P
RMIX,"Suncrete, Inc.",-4.3,-29.01,0,0,32,Industrials,Building Materials
DSL,DoubleLine Income Solutions Fund,-0.48,-2.7,0,0,31,Finance,Trusts Except Educational Religious and Charitable
DFDDF,DFDS A/S,0.0,4.18,100,95,78,Industrials,Marine Shipping
XPEL,"XPEL, Inc.",-1.79,-6.11,0,0,59,Industrials,Industrial Specialties
XZO,"Exzeo Group, Inc.",1.52,2.23,43,42,41,Finance,Property-Casualty Insurers
TMLDF,Tasmea Limited,0.0,4.73,100,100,46,,
TUFBY,Thai Union Group Public Company Limited,0.0,16.19,100,99,72,Consumer Defensive,Packaged Foods
FLTLF,Flow Traders Ltd.,0.0,3.65,80,75,62,Financial Services,Capital Markets
FGROY,FirstGroup plc,0.0,-3.69,33,25,43,Industrials,Railroads
PAHC,Phibro Animal Health Corporation,-2.62,4.91,31,32,28,Health Care,Biotechnology: Pharmaceutical Preparations
DSGR,"Distribution Solutions Group, Inc.",0.0,-0.32,59,55,84,Consumer Discretionary,Industrial Specialties
ICFI,"ICF International, Inc.",0.23,-3.58,13,26,58,Consumer Discretionary,Professional Services
ACNDF,CapitaLand India Trust,-3.9,-10.84,19,15,18,Real Estate,Real Estate Services
MRVI,"Maravai LifeSciences Holdings, Inc.",-2.97,12.98,27,28,95,Health Care,Biotechnology: Pharmaceutical Preparations
VIA,"Via Transportation, Inc.",-2.28,-2.28,24,24,77,Technology,Computer Software: Prepackaged Software
BCCMY,BAIC Motor Corporation Limited,0.0,-20.99,2,4,1,Consumer Cyclical,Auto Manufacturers
AFMJF,Alphamin Resources Corp.,-2.8,-3.7,0,0,80,Basic Materials,Other Industrial Metals & Mining
JFR,Nuveen Floating Rate Income Fund,-0.39,-1.07,48,55,45,Finance,Trusts Except Educational Religious and Charitable
FQVTF,Fevertree Drinks PLC,0.0,-8.96,2,4,27,Consumer Defensive,Beverages - Non-Alcoholic
OPFI,OppFi Inc.,5.14,11.92,100,100,16,Finance,Finance: Consumer Services
ARYTF,Aryt Industries Ltd.,0.0,19.62,56,55,99,Industrials,Aerospace & Defense
VULNF,Vulcan Energy Resources Limited,-3.33,-19.82,0,0,5,Basic Materials,Other Industrial Metals & Mining
ORZCF,Orezone Gold Corporation,4.08,7.94,65,62,93,Basic Materials,Gold
HKEPF,"Hokkaido Electric Power Company, Incorporated",0.0,15.99,100,98,1,Utilities,Utilities - Renewable
SBET,"Sharplink, Inc.",5.34,40.51,100,98,65,Technology,Computer Software: Prepackaged Software
BRETF,Brazilian Rare Earths Limited,0.0,-13.93,7,5,3,Basic Materials,Other Precious Metals & Mining
EMO,ClearBridge Energy Midstream Opportunity Fund Inc,0.15,4.56,74,69,69,Finance,Investment Managers
QKIE,QKIE,0.0,33.93,97,97,97,Financial Services,Shell Companies
BMCLF,BAIC Motor Corporation Limited,0.0,-16.67,5,3,2,Consumer Cyclical,Auto Manufacturers
PSNL,"Personalis, Inc.",-0.73,12.41,54,54,97,Health Care,Medical Specialities
INSP,"Inspire Medical Systems, Inc.",7.16,25.43,100,100,75,Health Care,Medical/Dental Instruments
BVHMY,Vistry Group PLC,-3.83,2.47,22,23,4,Consumer Cyclical,Residential Construction
LIFE,Ethos Technologies Inc.,3.6,15.66,82,83,98,Finance,Specialty Insurers
BOMXF,"Bolsa Mexicana de Valores, S.A.B. de C.V.",0.0,2.29,65,66,53,Financial Services,Financial Data & Stock Exchanges
CDNA,"CareDx, Inc.",0.48,6.08,78,78,98,Health Care,Medical Specialities
FMBH,"First Mid Bancshares, Inc.",0.33,-1.62,85,84,75,Finance,Major Banks
TBNRL,Tamboran Resources Corporation,0.0,-5.06,48,61,94,Energy,Oil & Gas E&P
ALGGY,"Alliance Global Group, Inc.",0.0,-8.9,0,2,42,Industrials,Conglomerates
GIC,Global Industrial Company,0.85,0.52,57,53,77,Industrials,Industrial Machinery/Components
REAL,"The RealReal, Inc.",2.93,-10.15,12,13,26,Consumer Discretionary,Other Specialty Stores
IRMD,IRADIMED CORPORATION,0.43,-5.45,0,0,20,Health Care,Medical/Dental Instruments
SVC,Service Properties Trust,-1.02,-16.77,0,0,5,Real Estate,Real Estate Investment Trusts
PDS,Precision Drilling Corporation,0.57,8.34,61,59,62,Energy,Oil & Gas Production
WZZAF,Wizz Air Holdings Plc,0.0,0.0,65,65,18,Industrials,Airlines
AGBK,AGI Inc,-1.77,6.57,81,80,8,Finance,Commercial Banks
HIVE,HIVE Digital Technologies Ltd.,1.34,17.44,77,77,33,Finance,Finance: Consumer Services
ACVA,ACV Auctions Inc.,44.18,30.78,100,100,92,Consumer Discretionary,Business Services
ROCK,"Gibraltar Industries, Inc.",3.68,-5.66,69,64,41,Industrials,Steel/Iron Ore
MOGLF,Mongolian Mining Corporation,-3.15,6.96,43,42,41,Basic Materials,Coking Coal
NSUKF,"NS United Kaiun Kaisha, Ltd.",0.0,0.0,100,90,1,Unknown,Unknown
CHRHF,Chervon Holdings Limited,0.0,13.69,100,99,91,Industrials,Tools & Accessories
EYPT,"EyePoint, Inc.",-0.47,-68.62,0,0,1,Industrials,Biotechnology: Laboratory Analytical Instruments
UFCS,"United Fire Group, Inc.",1.13,3.46,95,92,90,Finance,Property-Casualty Insurers
LNN,Lindsay Corporation,-0.82,1.87,43,44,27,Industrials,Industrial Machinery/Components
INDI,"indie Semiconductor, Inc.",1.21,-19.08,5,6,22,Technology,Semiconductors
LQDT,"Liquidity Services, Inc.",2.41,-1.05,79,69,84,Consumer Discretionary,Business Services
DQ,Daqo New Energy Corp.,-1.45,-22.65,0,0,2,Technology,Semiconductors
PZZA,"Papa John's International, Inc.",-4.19,-15.84,0,0,2,Consumer Discretionary,Restaurants
HFWA,Heritage Financial Corporation,0.0,-5.24,0,8,57,Finance,Banks
HSLV,Highlander Silver Corp.,-3.68,6.38,45,47,33,Basic Materials,Silver
DEA,"Easterly Government Properties, Inc.",-0.08,-3.9,0,0,53,Real Estate,Real Estate Investment Trusts
DLX,Deluxe Corporation,-0.08,-1.34,59,44,53,Consumer Discretionary,Publishing
TPLKF,PVA TePla AG,0.0,-4.33,38,35,63,Industrials,Specialty Industrial Machinery
ABR,"Arbor Realty Trust, Inc.",-1.87,-7.27,0,0,5,Real Estate,Real Estate Investment Trusts
MEQYF,Mainstreet Equity Corp.,0.0,-1.45,22,22,24,Real Estate,Real Estate Services
AOD,Abrdn Total Dynamic Dividend Fund,0.1,-1.04,19,17,65,Finance,Investment Managers
NMAX,NMAX,3.73,20.02,100,100,81,Industrials,Broadcasting
OSBC,"Old Second Bancorp, Inc.",0.2,-0.89,81,78,79,Finance,Major Banks
MGAWY,Megaworld Corporation,0.0,0.61,90,88,55,Real Estate,Real Estate - Development
NAT,Nordic American Tankers Limited,3.47,17.21,100,100,97,Consumer Discretionary,Marine Transportation
EVV,Eaton Vance Limited Duration Income Fund,-0.56,-3.49,0,0,27,Finance,Finance/Investors Services
GLGDF,GoGold Resources Inc.,-0.65,16.79,69,70,89,Basic Materials,Other Precious Metals & Mining
OCFC,OceanFirst Financial Corp.,0.21,-3.59,21,19,45,Finance,Major Banks
AORT,"Artivion, Inc.",1.74,-11.72,6,5,14,Health Care,Medical/Dental Instruments
BNGRF,Savencia SA,0.0,0.0,65,65,71,Consumer Defensive,Packaged Foods
SAFE,Safehold Inc.,-2.3,-9.31,0,0,24,Real Estate,Real Estate Investment Trusts
OMDA,"Omada Health, Inc.",-8.56,-19.33,0,0,65,Health Care,Medical/Nursing Services
LPTH,"LightPath Technologies, Inc.",-4.96,-29.88,0,0,27,Technology,Semiconductors
THRM,Gentherm Incorporated,1.36,-9.8,7,11,63,Consumer Discretionary,Auto Parts:O.E.M.
TGONF,Tetragon Financial Group Limited,0.0,6.89,90,89,34,,
CHY,Calamos Convertible and High Income Fund,-0.08,-6.34,0,0,58,Finance,Investment Managers
UTZ,"Utz Brands, Inc.",0.35,0.85,82,81,95,Consumer Staples,Packaged Foods
GNK,Genco Shipping & Trading Limited,0.3,6.47,73,74,87,Consumer Discretionary,Marine Transportation
DEC,Diversified Energy Company,-0.87,6.57,57,56,48,Energy,Oil & Gas Integrated
IVA,Inventiva S.A.,-2.9,-12.61,0,0,17,Health Care,Biotechnology: Pharmaceutical Preparations
PDM,"Piedmont Realty Trust, Inc.",1.7,-0.52,50,51,66,Real Estate,Building operators
PGUUF,"Prosegur Cash, S.A.",0.0,0.0,100,90,60,Industrials,Integrated Freight & Logistics
RSTCF,"RS Technologies Co., Ltd.",0.0,0.0,100,90,20,Technology,Semiconductors
INNV,InnovAge Holding Corp.,1.42,0.94,50,48,95,Health Care,Medical/Nursing Services
WTBFB,W.T.B. Financial Corporation,0.1,1.72,79,82,81,Financial Services,Banks - Regional
MHPSY,MHP SE,0.0,6.45,90,87,48,Consumer Defensive,Farm Products
PAKTY,PT Map Aktif Adiperkasa Tbk,0.0,0.0,100,90,89,Consumer Cyclical,Specialty Retail
ARAFF,Arafura Rare Earths Limited,-6.67,-12.5,7,4,12,Basic Materials,Other Industrial Metals & Mining
MJDLF,Major Drilling Group International Inc.,-2.21,-2.7,4,2,60,Basic Materials,Other Industrial Metals & Mining
CWAFF,China Water Affairs Group Limited,0.0,0.0,65,65,21,Utilities,Utilities - Regulated Water
YRCCF,Yurtec Corporation,0.0,0.0,100,90,1,Industrials,Engineering & Construction
RNP,"Cohen & Steers REIT and Preferred Income Fund, Inc.",0.31,-3.4,0,0,33,Finance,Investment Managers
JVTSF,Juventus Football Club S.p.A.,0.0,1.7,21,19,16,Communication Services,Entertainment
GOOG,Alphabet Inc.,1.53,-2.41,40,37,54,Technology,Computer Software: Programming Data Processing
AMZN,Amazon.com Inc,1.94,-3.15,32,35,59,Consumer Discretionary,Catalog/Specialty Distribution
TSLA,Tesla Inc,0.52,7.5,82,78,22,Industrials,Auto Manufacturing
LLY,Eli Lilly and Company,-0.65,-7.58,0,0,63,Health Care,Biotechnology: Pharmaceutical Preparations
WMT,Walmart Inc.,1.34,-7.18,43,42,22,Consumer Discretionary,Department/Specialty Retail Stores
ORCL,Oracle Corporation,-1.74,-3.8,42,41,7,Technology,Computer Software: Prepackaged Software
V,Visa Inc.,0.88,1.37,55,53,65,Consumer Discretionary,Business Services
JNJ,Johnson & Johnson,-0.29,1.84,52,51,77,Health Care,Biotechnology: Pharmaceutical Preparations
CSCO,"Cisco Systems, Inc.",4.37,-1.18,100,83,80,Telecommunications,Computer Communications Equipment
CAT,Caterpillar Inc.,1.69,-4.22,41,41,79,Industrials,Construction/Ag Equipment/Trucks
ARM,Arm Holdings plc,4.17,-4.97,75,77,91,Technology,Semiconductors
BAC,Bank of America Corporation,0.21,-1.69,71,71,74,Finance,Major Banks
IDCBY,Industrial and Commercial Bank of China Limited,0.05,5.8,81,74,71,Financial Services,Banks - Diversified
UNH,UnitedHealth Group,-2.37,-5.0,0,0,58,Health Care,Medical Specialities
RHHVF,Roche Holding AG,1.42,-5.11,10,15,53,Healthcare,Drug Manufacturers - General
MS,Morgan Stanley,0.81,-1.83,74,61,73,Finance,Investment Bankers/Brokers/Service
HSBC,HSBC Holdings plc,1.54,1.69,79,76,86,Finance,Savings Institutions
HBCYF,HSBC Holdings plc,-1.49,-1.98,15,12,83,Financial Services,Banks - Diversified
CTATF,"Contemporary Amperex Technology Co., Limited",0.69,-11.39,7,8,16,,
MRK,"Merck & Co., Inc.",-0.54,6.18,46,45,88,Health Care,Biotechnology: Pharmaceutical Preparations
PCCYF,PetroChina Company Limited,-3.15,6.96,31,30,45,Energy,Oil & Gas Integrated
TXN,Texas Instruments Incorporated,3.82,-1.73,61,65,78,Technology,Semiconductors
DELL,Dell Technologies Inc.,11.98,14.72,100,100,98,Technology,Computer Manufacturing
LVMUY,"LVMH Moët Hennessy - Louis Vuitton, Société Européenne",2.28,-9.37,11,10,10,Consumer Cyclical,Luxury Goods
QCOM,QUALCOMM Incorporated,2.88,11.03,100,100,53,Technology,Radio And Television Broadcasting And Communications Equipment
GEV,GE Vernova Inc.,3.61,-8.78,36,38,78,Industrials,Specialty Industrial Machinery
BACHF,Bank of China Limited,0.0,18.46,94,94,75,Financial Services,Banks - Diversified
TM,Toyota Motor Corporation,2.97,5.03,96,87,43,Industrials,Auto Manufacturing
SIEGY,Siemens Aktiengesellschaft,2.51,-6.49,15,14,54,Industrials,Specialty Industrial Machinery
WFC,Wells Fargo & Company,0.94,2.47,100,100,60,Finance,Major Banks
LIN,Linde plc,1.0,-2.18,3,10,33,Basic Materials,Major Chemicals
RYDAF,Shell plc,-0.79,4.83,82,83,71,Energy,Oil & Gas Integrated
BHPLF,BHP Group Limited,0.0,-0.27,12,17,84,Basic Materials,Other Industrial Metals & Mining
SAPGF,SAP SE,-0.52,-1.13,12,17,45,Technology,Software - Application
MBFJF,"Mitsubishi UFJ Financial Group, Inc.",3.43,3.43,83,78,88,Financial Services,Banks - Diversified
NVO,Novo Nordisk A/S,-2.14,-6.63,0,0,33,Health Care,Biotechnology: Pharmaceutical Preparations
VZ,Verizon Communications Inc.,1.28,4.96,100,95,65,Telecommunications,Telecommunications Equipment
NONOF,Novo Nordisk A/S,-2.15,-5.68,0,0,35,Healthcare,Drug Manufacturers - General
STX,Seagate Technology Holdings plc,-3.73,-9.9,21,19,97,Technology,Electronic Components
IDEXY,"Industria de Diseño Textil, S.A.",-0.89,-6.18,0,0,43,Consumer Cyclical,Apparel Retail
TD,The Toronto-Dominion Bank,0.69,-1.74,68,66,80,Finance,Commercial Banks
CRWD,"CrowdStrike Holdings, Inc.",-1.02,-8.33,48,46,93,Technology,Computer Software: Prepackaged Software
WDC,Western Digital Corporation,-2.98,-8.2,12,9,97,Technology,Electronic Components
BA,The Boeing Company,2.76,-8.63,19,22,31,Industrials,Aerospace
MRVL,"Marvell Technology, Inc.",4.03,6.27,66,63,97,Technology,Semiconductors
SBGSY,Schneider Electric S.E.,1.08,-5.55,32,28,67,Industrials,Specialty Industrial Machinery
T,AT&T Inc.,2.0,6.02,98,90,49,Telecommunications,Telecommunications Equipment
ALIZF,Allianz SE,1.24,-0.69,26,31,72,Financial Services,Insurance - Diversified
EADSF,Airbus SE,1.76,-6.26,33,28,57,Industrials,Aerospace & Defense
SMERY,Siemens Energy AG,1.56,-10.83,13,10,58,Industrials,Specialty Industrial Machinery
DTEGF,Deutsche Telekom AG,-0.12,2.49,27,32,30,Communication Services,Telecom Services
BUD,Anheuser-Busch InBev SA/NV,0.75,-2.49,55,56,62,Consumer Staples,Beverages (Production/Distribution)
UNP,Union Pacific Corporation,-0.48,-4.05,0,1,69,Industrials,Railroads
TOELF,Tokyo Electron Limited,1.07,-5.15,26,27,89,Technology,Semiconductor Equipment & Materials
IBDRY,"Iberdrola, S.A.",0.73,0.17,94,70,52,Utilities,Utilities - Diversified
RYCEF,Rolls-Royce Holdings plc,2.14,-5.65,16,15,74,Industrials,Aerospace & Defense
ISRG,"Intuitive Surgical, Inc.",2.41,-8.0,43,43,10,Health Care,Industrial Specialties
ABT,Abbott Laboratories,-1.36,-8.38,0,0,31,Health Care,Biotechnology: Pharmaceutical Preparations
SAFRF,Safran SA,2.56,-8.65,17,19,56,Industrials,Aerospace & Defense
HTHIF,"Hitachi, Ltd.",2.37,-7.68,35,34,61,Industrials,Conglomerates
CIHKY,"China Merchants Bank Co., Ltd.",1.21,8.67,91,90,53,Financial Services,Banks - Regional
UBS,UBS Group AG,1.06,1.58,66,69,82,Finance,Major Banks
PIAIF,"Ping An Insurance (Group) Company of China, Ltd.",0.0,-1.11,88,87,32,Financial Services,Insurance - Life
SMFG,"Sumitomo Mitsui Financial Group, Inc.",2.79,3.76,100,94,86,Finance,Commercial Banks
PLD,"Prologis, Inc.",1.0,-3.87,2,4,46,Real Estate,Real Estate Investment Trusts
BTI,British American Tobacco p.l.c.,0.69,-3.68,27,29,27,Health Care,Medicinal Chemicals and Botanical Products
SNEJF,Sony Group Corporation,-6.43,-5.72,15,14,23,Technology,Consumer Electronics
UNCRY,UniCredit S.p.A.,1.59,-0.16,73,62,80,Financial Services,Banks - Regional
HNHPF,"Hon Hai Precision Industry Co., Ltd.",-0.25,-4.61,75,66,54,Technology,Electronic Components
CFRHF,Compagnie Financière Richemont SA,0.09,-10.66,0,0,52,Consumer Cyclical,Luxury Goods
SPGI,S&P Global Inc.,0.07,-2.61,14,20,29,Finance,Finance: Consumer Services
UNLYF,Unilever PLC,-2.11,-2.88,25,32,31,Consumer Defensive,Household & Personal Products
LMT,Lockheed Martin Corporation,-1.12,-11.8,4,2,36,Industrials,Military/Government/Technical
IVSXF,Investor AB (publ),-0.97,-3.93,53,58,65,Financial Services,Asset Management
LOW,"Lowe's Companies, Inc.",0.12,-9.81,0,0,12,Consumer Discretionary,RETAIL: Building Materials
EBBNF,Enbridge Inc.,0.06,0.73,70,65,48,Energy,Oil & Gas Midstream
EBGEF,Enbridge Inc.,-0.61,0.4,56,59,45,Energy,Oil & Gas Midstream
HDB,HDFC Bank Limited,6.87,1.04,85,73,10,Finance,Commercial Banks
IITSF,Intesa Sanpaolo S.p.A.,0.0,0.39,38,38,73,Financial Services,Banks - Regional
ZIJMY,Zijin Mining Group Company Limited,-3.42,2.76,12,16,61,Basic Materials,Gold
COF,Capital One Financial Corporation,0.57,-6.61,0,0,50,Finance,Major Banks
MO,"Altria Group, Inc.",0.28,5.99,87,83,51,Health Care,Medicinal Chemicals and Botanical Products
BYDDY,BYD Company Limited,1.2,-9.39,2,2,13,Consumer Cyclical,Auto Manufacturers
BMO,Bank of Montreal,0.69,-5.04,42,42,76,Finance,Commercial Banks
SBUX,Starbucks Corporation,-0.48,-8.51,0,0,51,Consumer Discretionary,Restaurants
MRAAY,"Murata Manufacturing Co., Ltd.",1.47,-8.56,60,62,96,Technology,Electronic Components
MFG,"Mizuho Financial Group, Inc.",3.53,4.19,100,100,90,Finance,Major Banks
MSBHF,Mitsubishi Corporation,-0.24,9.03,92,92,72,Industrials,Conglomerates
PWR,"Quanta Services, Inc.",5.15,-3.3,45,46,75,Industrials,Engineering & Construction
SNY,Sanofi,0.12,-2.31,0,1,30,Health Care,Biotechnology: Pharmaceutical Preparations
ADBE,Adobe Inc.,1.37,-6.75,3,8,23,Technology,Computer Software: Prepackaged Software
GLAXF,GSK plc,0.0,-5.59,21,22,31,Healthcare,Drug Manufacturers - General
CDNS,"Cadence Design Systems, Inc.",1.55,-10.62,10,11,12,Technology,Computer Software: Prepackaged Software
BN,Brookfield Corporation,0.45,-15.27,0,0,15,Real Estate,Building operators
GSK,GSK plc,0.02,-3.74,0,0,35,Health Care,Biotechnology: Pharmaceutical Preparations
TT,Trane Technologies plc,0.61,-7.14,15,4,42,Industrials,Auto Parts:O.E.M.
BNS,The Bank of Nova Scotia,0.66,3.09,95,86,81,Finance,Major Banks
GMBXF,"Grupo México, S.A.B. de C.V.",-1.54,-2.03,12,17,82,Basic Materials,Other Industrial Metals & Mining
DUK,Duke Energy Corporation,0.04,-3.23,3,0,32,Utilities,Power Generation
STOHF,Equinor ASA,-1.04,7.93,82,83,93,Energy,Oil & Gas Integrated
CNQ,Canadian Natural Resources Limited,-0.55,6.13,69,66,82,Energy,Oil & Gas Production
FCX,Freeport-McMoRan Inc.,-0.2,6.34,39,39,83,Basic Materials,Metal Mining
CHDRY,Christian Dior SE,6.23,-2.36,37,36,10,Consumer Cyclical,Luxury Goods
GD,General Dynamics Corporation,0.47,-9.43,6,10,44,Industrials,Marine Transportation
SHECF,"Shin-Etsu Chemical Co., Ltd.",1.14,-6.5,18,15,36,Basic Materials,Chemicals
RCRRF,"Recruit Holdings Co., Ltd.",0.5,1.66,40,40,96,Communication Services,Internet Content & Information
EQNR,Equinor ASA,-0.69,11.58,87,88,92,Energy,Integrated oil Companies
CIXPF,"CaixaBank, S.A.",1.45,6.67,85,81,86,Financial Services,Banks - Regional
PROSY,Prosus N.V.,1.1,-5.27,3,3,8,Consumer Cyclical,Internet Retail
RCRUY,"Recruit Holdings Co., Ltd.",0.49,-4.78,16,19,96,Communication Services,Internet Content & Information
ATLKY,Atlas Copco AB (publ),1.01,-5.25,23,6,64,Industrials,Specialty Industrial Machinery
MCK,McKesson Corporation,0.07,3.01,50,44,57,Health Care,Other Pharmaceuticals
WEBNF,Westpac Banking Corporation,9.12,5.65,100,100,35,Financial Services,Banks - Diversified
PNC,"The PNC Financial Services Group, Inc.",0.52,-4.29,40,37,66,Finance,Major Banks
MGCOF,"Midea Group Co., Ltd.",1.52,-0.13,94,86,80,,
DDOG,"Datadog, Inc.",-0.23,-12.3,29,30,84,Technology,Computer Software: Prepackaged Software
TKOMF,"Tokio Marine Holdings, Inc.",0.73,2.83,64,61,70,Financial Services,Insurance - Property & Casualty
BKFCF,"Bank of Communications Co., Ltd.",0.0,0.0,65,65,55,Financial Services,Banks - Diversified
MIELY,Mitsubishi Electric Corporation,2.44,-13.16,10,10,49,Industrials,Electrical Equipment & Parts
MELI,"MercadoLibre, Inc.",-0.47,3.78,55,54,44,Consumer Discretionary,Business Services
ASX,"ASE Technology Holding Co., Ltd.",-0.98,-0.43,69,70,97,Technology,Semiconductors
TKOMY,"Tokio Marine Holdings, Inc.",4.73,8.96,100,100,79,Financial Services,Insurance - Property & Casualty
HCA,"HCA Healthcare, Inc.",1.36,3.69,91,81,36,Health Care,Hospital/Nursing Management
BCS,Barclays PLC,1.87,-4.95,35,28,71,Finance,Commercial Banks
NOKBF,Nokia Oyj,3.87,3.0,100,100,89,Technology,Communication Equipment
CIEN,Ciena Corporation,4.48,-21.06,28,28,87,Utilities,Telecommunications Equipment
SLB,SLB N.V.,0.09,8.24,49,51,80,Energy,Oilfield Services/Equipment
NOK,Nokia Oyj,4.8,5.4,100,100,90,Technology,Radio And Television Broadcasting And Communications Equipment
NPPXF,"NTT, Inc.",0.0,21.28,96,96,69,Communication Services,Telecom Services
VCISF,Vinci SA,-0.58,-11.35,2,0,16,Industrials,Engineering & Construction
MHVIY,"Mitsubishi Heavy Industries, Ltd.",2.78,-9.56,25,19,5,Industrials,Specialty Industrial Machinery
NOC,Northrop Grumman Corporation,0.0,-9.29,11,10,17,Industrials,Industrial Machinery/Components
MHVYF,"Mitsubishi Heavy Industries, Ltd.",2.5,-10.06,20,16,28,Industrials,Specialty Industrial Machinery
BAESY,BAE Systems plc,-0.89,-14.95,0,3,32,Industrials,Aerospace & Defense
CP,Canadian Pacific Kansas City Limited,0.44,-4.99,0,0,57,Industrials,Railroads
ENGIY,Engie SA,-1.1,-7.67,20,12,45,Utilities,Utilities - Diversified
NTES,"NetEase, Inc.",-0.02,-5.36,0,0,19,Technology,Computer Software: Prepackaged Software
E,Eni S.p.A.,-0.66,2.32,72,67,80,Energy,Oil & Gas Production
EIPAF,Eni S.p.A.,0.0,5.3,88,78,84,Energy,Oil & Gas Integrated
GM,General Motors Company,-0.58,-0.69,55,58,69,Industrials,Auto Manufacturing
HLT,Hilton Worldwide Holdings Inc.,-0.02,-4.52,8,10,39,Consumer Discretionary,Hotels/Resorts
CI,The Cigna Group,-0.05,1.56,80,78,35,Health Care,Medical Specialities
MPC,Marathon Petroleum Corporation,0.89,11.41,91,95,96,Energy,Integrated oil Companies
ECL,Ecolab Inc.,1.69,-0.03,24,28,46,Consumer Discretionary,Package Goods/Cosmetics
BSX,Boston Scientific Corporation,-0.28,-16.85,0,0,3,Health Care,Medical/Dental Instruments
ITW,Illinois Tool Works Inc.,1.12,-7.84,16,20,48,Industrials,Industrial Machinery/Components
COHR,Coherent Corp.,4.16,-6.68,51,52,91,Technology,Electronic Components
RNMBY,Rheinmetall AG,-2.47,-15.07,0,0,4,Industrials,Aerospace & Defense
RNMBF,Rheinmetall AG,-1.43,-13.2,0,0,4,Industrials,Aerospace & Defense
TNCAF,TC Energy Corporation,0.0,3.05,100,100,65,Energy,Oil & Gas Midstream
ARZGY,Assicurazioni Generali S.p.A.,0.93,3.57,100,100,79,Financial Services,Insurance - Diversified
JAPAY,Japan Tobacco Inc.,2.45,-1.63,59,50,70,Consumer Defensive,Tobacco
NKE,"NIKE, Inc.",0.49,-9.8,0,0,4,Consumer Discretionary,Shoe Manufacturing
MURGF,Münchener Rückversicherungs-Gesellschaft Aktiengesellschaft in München,0.13,-0.72,0,0,37,Financial Services,Insurance - Reinsurance
MKGAF,Merck KGaA,1.49,-5.1,6,6,54,Healthcare,Drug Manufacturers - Specialty & Generic
DLR,"Digital Realty Trust, Inc.",1.73,-4.56,37,33,53,Real Estate,Real Estate Investment Trusts
LITE,Lumentum Holdings Inc.,-0.93,5.3,62,63,97,Telecommunications,Telecommunications Equipment
ET,Energy Transfer LP,-0.83,3.81,70,74,77,Utilities,Natural Gas Distribution
NRDBY,Nordea Bank Abp,0.98,2.58,89,80,74,Financial Services,Banks - Regional
RBSPF,NatWest Group plc,1.1,-4.94,66,61,76,Financial Services,Banks - Regional
SOBKY,SoftBank Corp.,2.62,10.0,100,100,66,Communication Services,Telecom Services
HKXCF,Hong Kong Exchanges and Clearing Limited,3.79,1.84,49,49,39,Financial Services,Financial Data & Stock Exchanges
BKR,Baker Hughes Company,-0.57,-6.9,0,0,54,Consumer Discretionary,Oil and Gas Field Machinery
CMCLF,CMOC Group Limited,-7.27,-7.1,18,15,30,Basic Materials,Other Industrial Metals & Mining
TRV,"The Travelers Companies, Inc.",2.08,1.75,100,100,82,Finance,Property-Casualty Insurers
KDDIY,KDDI Corporation,1.75,11.56,100,100,67,Communication Services,Telecom Services
KDDIF,KDDI Corporation,0.0,11.59,78,78,50,Communication Services,Telecom Services
DB,Deutsche Bank Aktiengesellschaft,0.32,5.47,82,77,77,Finance,Major Banks
SNGNF,Singapore Telecommunications Limited,3.51,3.21,97,93,38,Communication Services,Telecom Services
MPNGF,Meituan,1.0,-20.25,10,12,15,Consumer Cyclical,Internet Retail
LSEGY,London Stock Exchange Group plc,-2.04,-4.38,0,0,27,Financial Services,Financial Data & Stock Exchanges
ALAB,"Astera Labs, Inc.",2.35,-9.78,41,39,88,Technology,Semiconductors
SCBFY,Standard Chartered PLC,1.42,4.04,100,100,89,Financial Services,Banks - Diversified
LTOUF,Larsen & Toubro Limited,0.0,0.0,65,65,31,Industrials,Engineering & Construction
MBGAF,Mercedes-Benz Group AG,-0.53,2.76,67,72,21,Consumer Cyclical,Auto Manufacturers
NBIS,NBIS,-1.56,-11.95,33,33,96,Technology,Computer Software: Programming Data Processing
KEYS,"Keysight Technologies, Inc.",3.99,-4.3,60,62,86,Industrials,Industrial Machinery/Components
UMC,United Microelectronics Corporation,2.35,16.82,98,100,97,Technology,Semiconductors
IMO,Imperial Oil Limited,-0.63,-1.31,25,21,75,Energy,Integrated oil Companies
AFL,Aflac Incorporated,0.71,-4.33,6,12,45,Finance,Accident &Health Insurance
AAUKF,Anglo American plc,0.0,0.46,74,71,83,Basic Materials,Other Industrial Metals & Mining
HOCPY,HOYA Corporation,0.85,-11.14,0,0,25,Healthcare,Medical Instruments & Supplies
OXY,Occidental Petroleum Corporation,0.49,7.01,95,95,75,Energy,Oil & Gas Production
STRD,Strategy Inc,0.73,10.21,99,99,50,Technology,Computer Software: Prepackaged Software
STRC,Strategy Inc,0.68,4.07,97,97,52,Technology,Computer Software: Prepackaged Software
CIIHY,CITIC Securities Company Limited,0.0,0.0,100,90,46,Financial Services,Capital Markets
HOCPF,HOYA Corporation,0.04,-11.74,0,0,17,Healthcare,Medical Instruments & Supplies
SE,Sea Limited,-1.35,-13.85,0,0,39,Consumer Discretionary,Other Consumer Services
FLEX,Flex Ltd.,7.19,-6.85,44,44,88,Technology,Electrical Products
KBCSF,KBC Group NV,0.0,9.97,85,81,75,Financial Services,Banks - Regional
ENAKF,E.ON SE,1.08,-3.18,57,52,45,Utilities,Utilities - Diversified
VLKPF,Volkswagen AG,-5.17,16.25,71,71,13,Consumer Cyclical,Auto Manufacturers
PCRHY,Panasonic Holdings Corporation,0.84,-6.37,29,31,96,Technology,Consumer Electronics
FANG,"Diamondback Energy, Inc.",-0.2,2.74,57,52,75,Energy,Oil & Gas Production
UCBJF,UCB SA,6.21,-6.44,37,34,12,Healthcare,Biotechnology
HCMLY,Holcim AG,-0.46,-1.83,17,15,33,Basic Materials,Building Materials
WMMVF,"Wal-Mart de México, S.A.B. de C.V.",-0.74,-2.2,1,0,15,Consumer Defensive,Discount Stores
WMMVY,"Wal-Mart de México, S.A.B. de C.V.",-0.7,-3.18,0,0,15,Consumer Defensive,Discount Stores
COR,"Cencora, Inc.",0.19,3.93,47,47,47,Health Care,Other Pharmaceuticals
NDAQ,"Nasdaq, Inc.",-0.56,-6.24,0,0,44,Finance,Investment Bankers/Brokers/Service
LBLCF,Loblaw Companies Limited,0.29,-0.78,58,58,33,Consumer Defensive,Grocery Stores
ANCTF,Alimentation Couche-Tard Inc.,0.84,-12.44,6,9,40,Consumer Cyclical,Specialty Retail
AME,"AMETEK, Inc.",3.26,-5.6,52,54,66,Industrials,Industrial Machinery/Components
BMWKY,Bayerische Motoren Werke Aktiengesellschaft,0.41,7.73,91,94,12,Consumer Cyclical,Auto Manufacturers
HCMLF,Holcim AG,0.0,0.4,66,76,34,Basic Materials,Building Materials
DBOEF,Deutsche Börse AG,-3.77,-0.83,23,25,64,Financial Services,Financial Data & Stock Exchanges
MCHPP,Microchip Technology Incorporated,2.78,-3.75,30,29,36,Technology,Semiconductors
PRYMF,Prysmian S.p.A.,6.33,-1.25,83,91,77,Industrials,Electrical Equipment & Parts
ASMIY,ASM International NV,1.24,-8.16,52,53,78,Technology,Semiconductor Equipment & Materials
FAST,Fastenal Company,0.63,-3.93,42,28,57,Consumer Discretionary,RETAIL: Building Materials
PRYMY,Prysmian S.p.A.,4.63,-2.43,77,85,73,Industrials,Electrical Equipment & Parts
ROK,"Rockwell Automation, Inc.",1.67,-3.55,43,40,53,Industrials,Industrial Machinery/Components
FSUMF,Fortescue Ltd,-2.32,3.51,50,50,24,Basic Materials,Other Industrial Metals & Mining
COIN,"Coinbase Global, Inc.",1.73,13.88,66,64,13,Finance,Finance: Consumer Services
XEL,Xcel Energy Inc.,0.12,-4.41,10,5,34,Utilities,Power Generation
FSUGY,Fortescue Ltd,-1.72,-1.44,12,20,19,Basic Materials,Other Industrial Metals & Mining
JHPCY,"Jiangsu Hengrui Pharmaceuticals Co.,Ltd",0.0,-11.76,2,2,8,Healthcare,Drug Manufacturers - Specialty & Generic
CTPCY,CITIC Limited,0.0,26.5,96,96,81,Industrials,Conglomerates
SUHJY,Sun Hung Kai Properties Limited,-10.2,-8.52,0,0,30,Real Estate,Real Estate - Development
UOVEY,United Overseas Bank Limited,1.26,2.41,78,69,70,Financial Services,Banks - Regional
CRZBF,Commerzbank AG,0.0,10.86,93,93,75,Financial Services,Banks - Regional
TKPHF,Takeda Pharmaceutical Company Limited,2.43,3.9,67,64,68,Healthcare,Drug Manufacturers - Specialty & Generic
EBKDY,Erste Group Bank AG,0.3,-0.27,41,35,79,Financial Services,Banks - Regional
ON,ON Semiconductor Corporation,8.51,-6.65,46,49,59,Technology,Semiconductors
ODFL,"Old Dominion Freight Line, Inc.",-0.42,-16.53,0,0,31,Industrials,Trucking Freight/Courier Services
BAIDF,"Baidu, Inc.",0.0,9.21,68,67,9,Communication Services,Internet Content & Information
TYHOY,Toyota Tsusho Corporation,4.61,9.24,100,100,87,Industrials,Conglomerates
DANOY,Danone S.A.,-0.56,-9.56,0,0,17,Consumer Defensive,Packaged Foods
DNBBY,DNB Bank ASA,0.03,4.17,72,80,76,Financial Services,Banks - Regional
FANUY,Fanuc Corporation,1.07,-8.61,40,39,34,Industrials,Specialty Industrial Machinery
SMMNY,Siemens Healthineers AG,-0.32,-1.69,0,5,29,Healthcare,Medical Devices
FITB,Fifth Third Bancorp,0.53,-5.56,39,33,66,Finance,Major Banks
XYZ,"Block, Inc.",0.18,-4.67,18,12,71,Technology,Computer Software: Prepackaged Software
SWZCF,Swisscom AG,-0.0,4.42,87,88,46,Communication Services,Telecom Services
CHPXF,"China Pacific Insurance (Group) Co., Ltd.",0.0,9.59,92,92,26,Financial Services,Insurance - Life
IDXX,"IDEXX Laboratories, Inc.",-0.36,-10.98,0,0,12,Health Care,Biotechnology: In Vitro & In Vivo Diagnostic Substances
WAB,Westinghouse Air Brake Technologies Corporation,1.05,-4.86,25,16,76,Industrials,Railroads
SCMWY,Swisscom AG,0.01,1.34,79,74,44,Communication Services,Telecom Services
PINXF,The People's Insurance Company (Group) of China Limited,0.0,8.7,100,100,84,Financial Services,Insurance - Property & Casualty
CRDO,Credo Technology Group Holding Ltd,1.65,-38.74,1,1,22,Technology,Semiconductors
CNSWF,Constellation Software Inc.,3.11,-9.39,18,17,17,Technology,Software - Application
GMGSF,Goodman Group,4.01,-5.78,45,44,27,Real Estate,REIT - Diversified
ELEZY,"Endesa, S.A.",-0.65,2.23,58,52,82,Utilities,Utilities - Regulated Electric
SSREF,Swiss Re AG,-0.15,-0.33,21,25,45,Financial Services,Insurance - Reinsurance
TTRAF,Telstra Group Limited,0.0,4.62,93,93,53,Communication Services,Telecom Services
DHI,"D.R. Horton, Inc.",1.71,-8.0,8,8,19,Consumer Discretionary,Homebuilding
PINXY,The People's Insurance Company (Group) of China Limited,0.0,11.34,100,100,45,Financial Services,Insurance - Property & Casualty
HHUSF,Hua Hong Grace Semiconductor Limited,0.0,-18.18,26,24,71,Technology,Semiconductors
ESLT,Elbit Systems Ltd.,0.56,-6.62,35,31,50,Industrials,Military/Government/Technical
HEI,HEICO Corporation,1.12,-14.95,5,8,34,Industrials,Aerospace
RKT,"Rocket Companies, Inc.",-0.08,-12.37,7,1,12,Finance,Finance: Consumer Services
KDP,Keurig Dr Pepper Inc.,-0.22,0.87,55,53,55,Consumer Staples,Beverages (Production/Distribution)
SSREY,Swiss Re AG,0.91,-1.04,18,21,52,Financial Services,Insurance - Reinsurance
IBIDF,"Ibiden Co.,Ltd.",0.0,-9.99,51,50,99,Technology,Electronic Components
IBIDY,"Ibiden Co.,Ltd.",0.65,-5.92,52,52,98,Technology,Electronic Components
ALNY,"Alnylam Pharmaceuticals, Inc.",0.47,9.49,59,58,6,Health Care,Biotechnology: Pharmaceutical Preparations
AMP,"Ameriprise Financial, Inc.",0.74,-2.29,76,48,74,Finance,Investment Managers
NPSNY,Naspers Limited,0.33,-8.51,0,0,8,Consumer Cyclical,Internet Retail
ASAZY,ASSA ABLOY AB (publ),-0.11,-7.17,0,0,29,Industrials,Security & Protection Services
SVKEF,Skandinaviska Enskilda Banken AB (publ),0.0,11.02,93,92,69,Financial Services,Banks - Regional
MAHMF,Mahindra & Mahindra Limited,0.0,6.64,44,43,30,Consumer Cyclical,Auto Manufacturers
PBCRY,PT Bank Central Asia Tbk,-1.22,1.76,45,45,25,Financial Services,Banks - Regional
HDLMY,Heidelberg Materials AG,-0.11,-3.45,3,2,11,Basic Materials,Building Materials
ED,"Consolidated Edison, Inc.",-0.25,-0.98,25,27,46,Utilities,Power Generation
ACSAY,"ACS, Actividades de Construcción y Servicios, S.A.",1.48,-10.1,6,6,38,Industrials,Engineering & Construction
BLMIF,Bank Leumi le-Israel B.M.,0.0,5.05,88,89,65,Financial Services,Banks - Regional
A,"Agilent Technologies, Inc.",2.66,-1.58,18,17,67,Industrials,Biotechnology: Laboratory Analytical Instruments
ACSAF,"ACS, Actividades de Construcción y Servicios, S.A.",1.38,-16.59,3,2,48,Industrials,Engineering & Construction
LNVGY,Lenovo Group Limited,2.81,-5.37,90,96,98,Technology,Computer Hardware
WCN,"Waste Connections, Inc.",0.19,-3.5,0,0,30,Utilities,Environmental Services
WAT,Waters Corporation,1.67,-1.25,49,49,76,Industrials,Biotechnology: Laboratory Analytical Instruments
PSZKF,Powszechna Kasa Oszczednosci Bank Polski Spólka Akcyjna,5.53,7.9,100,100,94,Financial Services,Banks - Regional
TSCDF,Tesco PLC,1.93,2.26,64,59,45,Consumer Defensive,Grocery Stores
JDCMF,"JD.com, Inc.",0.0,-13.33,37,35,27,Consumer Cyclical,Internet Retail
SDZNY,Sandoz Group AG,0.91,-9.75,0,0,56,Healthcare,Drug Manufacturers - Specialty & Generic
CHHQF,China Hongqiao Group Limited,0.0,-8.71,77,71,69,Basic Materials,Aluminum
CBRE,"CBRE Group, Inc.",1.83,-7.49,9,8,33,Finance,Real Estate
FINMY,Leonardo S.p.a.,0.38,-15.32,12,14,25,Industrials,Aerospace & Defense
SDZXF,Sandoz Group AG,0.93,-8.83,1,1,59,Healthcare,Drug Manufacturers - Specialty & Generic
SYY,Sysco Corporation,1.09,-0.41,84,69,50,Consumer Discretionary,Food Distributors
AMKBF,A.P. Møller - Mærsk A/S,-3.32,20.16,68,69,90,Industrials,Marine Shipping
WDAY,"Workday, Inc.",0.33,-10.05,0,2,68,Technology,EDP Services
KGC,Kinross Gold Corporation,0.69,8.64,35,35,60,Basic Materials,Precious Metals
AMKBY,A.P. Møller - Mærsk A/S,-2.37,17.72,74,75,90,Industrials,Marine Shipping
KB,KB Financial Group Inc.,4.31,11.07,100,100,88,Finance,Commercial Banks
FJTSF,Fujitsu Limited,-9.55,-5.52,23,22,33,Technology,Information Technology Services
UI,Ubiquiti Inc.,5.09,-3.07,56,53,21,Technology,Radio And Television Broadcasting And Communications Equipment
SHLAF,Schindler Holding AG,1.6,-1.7,26,28,17,Industrials,Specialty Industrial Machinery
CHHQY,China Hongqiao Group Limited,0.0,-1.06,68,62,12,Basic Materials,Aluminum
NECPY,NEC Corporation,0.25,1.93,37,39,27,Technology,Information Technology Services
PRU,"Prudential Financial, Inc.",0.64,-3.31,38,36,68,Finance,Life Insurance
DLMAY,Dollarama Inc.,0.0,22.31,70,70,15,Consumer Defensive,Discount Stores
IFCZF,Intact Financial Corporation,-0.94,-6.38,0,0,23,Financial Services,Insurance - Property & Casualty
ADDYY,adidas AG,-0.18,-10.4,0,0,15,Consumer Cyclical,Footwear & Accessories
ADYEY,Adyen N.V.,0.47,-12.92,0,0,26,Technology,Software - Infrastructure
CKHUY,CK Hutchison Holdings Limited,-0.79,-3.0,9,20,68,Industrials,Conglomerates
EQT,EQT Corporation,-1.62,-0.02,49,50,33,Energy,Oil & Gas Production
EPIAF,Epiroc AB (publ),3.12,3.77,36,34,49,Industrials,Farm & Heavy Construction Machinery
EPOAY,Epiroc AB (publ),0.57,0.88,23,25,46,Industrials,Farm & Heavy Construction Machinery
ONC,BeOne Medicines AG,1.38,-2.67,13,17,73,Health Care,Biotechnology: Pharmaceutical Preparations
DNNGY,Ørsted A/S,-0.43,-4.4,26,17,13,Utilities,Utilities - Renewable
DOGEF,Ørsted A/S,-0.24,-10.39,10,5,11,,
CKHUF,CK Hutchison Holdings Limited,-1.69,-3.63,26,19,71,Industrials,Conglomerates
HBANM,Huntington Bancshares Incorporated,-1.62,-1.59,0,16,25,Finance,Major Banks
HBAN,Huntington Bancshares Incorporated,0.78,-5.12,30,27,39,Finance,Major Banks
SAABY,Saab AB (publ),-1.01,-17.53,0,0,35,Industrials,Aerospace & Defense
FSLR,"First Solar, Inc.",0.9,-6.55,40,37,17,Technology,Semiconductors
CICOF,"COSCO SHIPPING Holdings Co., Ltd.",0.0,5.0,47,47,68,Industrials,Marine Shipping
AAVMY,ABN AMRO Bank N.V.,2.4,6.86,100,100,92,Financial Services,Banks - Diversified
Q,"Qnity Electronics, Inc.",2.5,-11.3,44,43,63,Technology,Semiconductors
ZTS,Zoetis Inc.,0.15,-3.78,15,23,5,Health Care,Biotechnology: Pharmaceutical Preparations
TECK,Teck Resources Limited,0.82,4.2,42,44,82,Industrials,Mining & Quarrying of Nonmetallic Minerals (No Fuels)
SUNB,"Sunbelt Rentals Holdings, Inc.",-0.68,-10.53,41,40,28,Consumer Discretionary,Diversified Commercial Services
BMDPF,Banca Monte dei Paschi di Siena S.p.A.,-2.49,0.45,29,32,85,Financial Services,Banks - Regional
NTRA,"Natera, Inc.",0.86,5.84,73,70,94,Health Care,Medical Specialities
DSKYF,"Daiichi Sankyo Company, Limited",0.0,7.56,67,65,31,Healthcare,Drug Manufacturers - General
MTB,M&T Bank Corporation,0.34,-4.69,48,47,66,Finance,Major Banks
CPRT,"Copart, Inc.",-2.6,1.91,0,0,12,Consumer Discretionary,Retail-Auto Dealers and Gas Stations
CICOY,"COSCO SHIPPING Holdings Co., Ltd.",-0.47,8.88,56,54,70,Industrials,Marine Shipping
ACGL,Arch Capital Group Ltd.,-0.11,-1.98,10,12,45,Finance,Property-Casualty Insurers
TGOPY,3i Group plc,1.01,-5.65,1,1,35,Financial Services,Asset Management
KNYJY,KONE Oyj,-0.37,-0.49,13,19,23,Industrials,Specialty Industrial Machinery
LNTCY,"Lens Technology Co., Ltd.",0.0,12.16,100,99,16,Technology,Electronic Components
HENKY,Henkel AG & Co. KGaA,-1.07,-6.16,0,0,46,Consumer Defensive,Household & Personal Products
RYAAY,Ryanair Holdings plc,1.51,-9.08,8,8,17,Consumer Discretionary,Air Freight/Delivery Services
IQV,IQVIA Holdings Inc.,1.74,8.38,81,78,89,Health Care,Biotechnology: Commercial Physical & Biological Resarch
AJNMY,"Ajinomoto Co., Inc.",0.77,-8.27,0,0,64,Consumer Defensive,Packaged Foods
FISV,"Fiserv, Inc.",5.42,-7.06,59,60,9,Consumer Discretionary,Business Services
STLA,Stellantis N.V.,2.27,0.56,76,75,4,Industrials,Auto Manufacturing
MTZ,"MasTec, Inc.",3.54,-15.97,16,14,18,Industrials,Water Sewer Pipeline Comm & Power Line Construction
CPNG,"Coupang, Inc.",3.07,-7.18,18,19,5,Consumer Discretionary,Catalog/Specialty Distribution
DTE,DTE Energy Company,-1.31,-4.98,0,0,27,Utilities,Electric Utilities: Central
RSHGY,"Resona Holdings, Inc.",4.34,7.84,100,100,91,Financial Services,Banks - Regional
TPR,"Tapestry, Inc.",2.26,-7.36,25,25,21,Consumer Discretionary,Apparel
PMRTY,Pop Mart International Group Limited,-1.52,0.67,77,73,7,Consumer Cyclical,Leisure
BTGOF,BT Group plc,0.0,12.0,89,87,48,Communication Services,Telecom Services
FICO,Fair Isaac Corporation,2.57,-11.28,25,23,7,Consumer Discretionary,Business Services
TWLO,Twilio Inc.,-1.64,-8.85,37,34,93,Technology,Computer Software: Prepackaged Software
TDY,Teledyne Technologies Incorporated,1.22,-10.37,10,14,42,Industrials,Industrial Machinery/Components
ALMMF,Aluminum Corporation of China Limited,0.0,2.61,96,96,25,Basic Materials,Aluminum
KHC,The Kraft Heinz Company,0.86,-1.52,29,34,47,Consumer Staples,Packaged Foods
VEEV,Veeva Systems Inc.,0.54,3.86,54,56,86,Technology,Computer Software: Prepackaged Software
NRG,"NRG Energy, Inc.",1.62,-5.25,26,27,9,Utilities,Electric Utilities: Central
BPXXY,BPER Banca SpA,1.52,-2.26,51,47,84,Financial Services,Banks - Regional
TEFOF,"Telefónica, S.A.",5.38,2.86,60,57,30,Communication Services,Telecom Services
CRCL,Circle Internet Group,0.31,20.19,64,63,27,Finance,Finance: Consumer Services
AMADF,"Amadeus IT Group, S.A.",0.56,-1.05,36,35,36,Technology,Information Technology Services
RJF,"Raymond James Financial, Inc.",-0.04,-4.16,12,2,61,Finance,Investment Bankers/Brokers/Service
CCOZY,China Coal Energy Company Limited,0.0,1.89,80,82,41,Energy,Thermal Coal
CHLSY,Chocoladefabriken Lindt & Sprüngli AG,-2.09,-10.35,0,1,8,Consumer Defensive,Confectioners
SMCI,"Super Micro Computer, Inc.",7.28,2.4,99,100,68,Technology,Computer Manufacturing
RSMDF,ResMed Inc.,0.0,35.63,30,32,69,Healthcare,Medical Instruments & Supplies
CW,Curtiss-Wright Corporation,-0.15,-18.86,0,0,17,Technology,Industrial Machinery/Components
SMECF,SMC Corporation,2.73,-10.09,51,52,72,Industrials,Specialty Industrial Machinery
TEAM,Atlassian Corporation,0.07,8.27,63,63,95,Technology,Computer Software: Prepackaged Software
FTI,TechnipFMC plc,1.01,-0.37,29,15,87,Consumer Discretionary,Oil and Gas Field Machinery
OTIS,Otis Worldwide Corporation,1.78,-4.81,17,13,17,Technology,Consumer Electronics/Appliances
TTNDY,Techtronic Industries Company Limited,-0.59,-10.91,0,0,73,Industrials,Tools & Accessories
IPXHY,Inpex Corporation,-0.27,11.12,84,80,70,Energy,Oil & Gas E&P
HSHCY,"Haier Smart Home Co., Ltd.",-0.19,-1.79,0,11,19,Consumer Cyclical,"Furnishings, Fixtures & Appliances"
NVT,nVent Electric plc,4.65,-4.49,54,56,85,Industrials,Industrial Machinery/Components
EIX,Edison International,-1.32,-20.77,11,10,17,Utilities,Electric Utilities: Central
HMRZF,H & M Hennes & Mauritz AB (publ),0.0,0.0,65,65,43,Consumer Cyclical,Apparel Manufacturing
KUASF,Kuaishou Technology,0.0,-13.08,25,23,4,Communication Services,Internet Content & Information
FTAI,FTAI Aviation Ltd.,3.32,-13.92,10,11,18,Industrials,Misc Corporate Leasing Services
PPLC,PPL Corporation,-0.2,-2.48,18,6,25,Utilities,Electric Utilities: Central
CTSH,Cognizant Technology Solutions Corporation,2.88,1.79,50,53,34,Technology,EDP Services
MTSFY,"Mitsui Fudosan Co., Ltd.",2.9,6.91,100,100,20,Real Estate,Real Estate - Diversified
CFG,"Citizens Financial Group, Inc.",1.22,-4.9,40,40,73,Finance,Major Banks
GELYF,Geely Automobile Holdings Limited,-1.9,-11.59,0,0,15,Consumer Cyclical,Auto Manufacturers
MTRJF,MTR Corporation Limited,-2.73,7.48,80,80,64,Industrials,Railroads
XYL,Xylem Inc.,0.38,-10.77,17,16,17,Industrials,Fluid Controls
TELFY,"Telefónica, S.A.",2.17,1.68,98,82,36,Communication Services,Telecom Services
ICAGY,International Consolidated Airlines Group S.A.,1.8,-5.1,12,15,54,Industrials,Airlines
MGDDF,Compagnie Générale des Établissements Michelin Société en commandite par actions,0.0,-7.01,14,10,57,Unknown,Unknown
SNMRF,Snam S.p.A.,0.0,-5.53,16,7,17,Utilities,Utilities - Regulated Gas
RYLPF,Koninklijke Philips N.V.,0.0,-8.6,2,4,22,Healthcare,Medical Devices
KSHTY,Kuaishou Technology,-4.0,-30.5,0,0,2,Communication Services,Internet Content & Information
BABWF,International Consolidated Airlines Group S.A.,0.0,-0.88,65,65,54,Industrials,Airlines
MGDDY,Compagnie Générale des Établissements Michelin Société en commandite par actions,-0.21,-3.78,0,0,59,Unknown,Unknown
PPG,"PPG Industries, Inc.",0.43,-8.04,0,0,32,Consumer Discretionary,Paints/Coatings
FUJIY,FUJIFILM Holdings Corporation,1.64,2.63,84,77,30,Industrials,Conglomerates
AIBGY,AIB Group plc,2.11,8.89,100,100,86,Financial Services,Banks - Regional
HRNNF,Hydro One Limited,-0.7,-8.62,0,0,26,Utilities,Utilities - Regulated Electric
CLPHY,CLP Holdings Limited,-1.18,0.32,60,55,62,Utilities,Utilities - Regulated Electric
PGPEF,Publicis Groupe S.A.,0.0,-1.66,0,11,74,Communication Services,Advertising Agencies
SNMRY,Snam S.p.A.,0.47,-4.35,5,9,26,Utilities,Utilities - Regulated Gas
ALFVF,Alfa Laval AB (publ),0.0,0.0,65,65,57,Industrials,Specialty Industrial Machinery
CINF,Cincinnati Financial Corporation,0.12,-1.66,45,35,48,Finance,Property-Casualty Insurers
QBEIF,QBE Insurance Group Limited,2.14,-3.76,26,25,39,Financial Services,Insurance - Property & Casualty
EJPRY,East Japan Railway Company,0.09,5.08,84,74,30,Industrials,Railroads
EJPRF,East Japan Railway Company,-6.55,12.6,58,59,28,Industrials,Railroads
AXIA,AXIA Energia,-0.31,-2.66,0,0,29,Utilities,Electric Utilities: Central
AWK,"American Water Works Company, Inc.",-1.54,0.9,59,61,51,Utilities,Water Supply
SYF,Synchrony Financial,0.73,-5.11,0,0,48,Finance,Finance: Consumer Services
WSM,"Williams-Sonoma, Inc.",1.11,-6.69,29,22,64,Consumer Discretionary,Home Furnishings
SUTNY,"Sumitomo Mitsui Trust Group, Inc.",2.81,6.75,100,100,90,Financial Services,Banks - Regional
HLAGF,Hapag-Lloyd Aktiengesellschaft,1.7,14.21,89,81,65,Industrials,Marine Shipping
HLMAF,Halma plc,0.11,-3.2,28,25,24,Industrials,Conglomerates
TW,Tradeweb Markets Inc.,-1.01,-3.75,0,0,23,Finance,Investment Bankers/Brokers/Service
UTHR,United Therapeutics Corporation,-1.34,-0.83,32,28,37,Health Care,Biotechnology: Pharmaceutical Preparations
FSNUY,Fresenius SE & Co. KGaA,0.69,-5.35,45,41,50,Healthcare,Medical Care Facilities
OMVKY,OMV Aktiengesellschaft,0.77,10.55,99,99,88,Energy,Oil & Gas Integrated
FN,Fabrinet,2.63,-26.82,12,11,11,Utilities,Telecommunications Equipment
VACNY,VAT Group AG,0.43,-6.2,50,53,83,Industrials,Specialty Industrial Machinery
CRS,Carpenter Technology Corporation,-1.13,-17.21,0,0,72,Industrials,Steel/Iron Ore
NMR,"Nomura Holdings, Inc.",3.04,8.6,100,100,86,Finance,Investment Bankers/Brokers/Service
KEY,KeyCorp,0.51,-4.09,39,40,53,Finance,Major Banks
TEZNY,Terna S.p.A.,-0.09,-6.21,0,0,33,Utilities,Utilities - Regulated Electric
FUWAY,"Furukawa Electric Co., Ltd.",0.69,1.15,91,97,97,Industrials,Electrical Equipment & Parts
BDORY,Banco do Brasil S.A.,-3.28,23.19,84,84,57,Financial Services,Banks - Regional
ROL,"Rollins, Inc.",0.49,-4.11,4,8,3,Consumer Discretionary,Diversified Commercial Services
WST,"West Pharmaceutical Services, Inc.",0.58,0.02,57,47,78,Health Care,Medical/Dental Instruments
MKL,Markel Group Inc.,0.14,-2.87,11,28,22,Finance,Property-Casualty Insurers
FCNCP,"First Citizens BancShares, Inc.",-0.41,-1.44,4,11,27,Finance,Major Banks
FCNCO,"First Citizens BancShares, Inc.",0.46,-2.83,0,0,27,Finance,Major Banks
CHD,"Church & Dwight Co., Inc.",0.22,-6.79,0,0,38,Consumer Discretionary,Package Goods/Cosmetics
BOUYY,Bouygues SA,0.59,-6.87,12,6,33,Industrials,Engineering & Construction
FWONK,Formula One Group,0.16,-7.81,7,8,46,Industrials,Broadcasting
PHM,"PulteGroup, Inc.",1.59,-9.41,7,6,25,Consumer Discretionary,Homebuilding
TROW,"T. Rowe Price Group, Inc.",-1.17,-4.5,0,0,49,Finance,Investment Bankers/Brokers/Service
DLTR,"Dollar Tree, Inc.",-0.41,-8.77,0,0,48,Consumer Discretionary,Department/Specialty Retail Stores
TELNY,Telenor ASA,0.35,3.13,69,77,22,Communication Services,Telecom Services
TRUMY,Terumo Corporation,1.81,-10.87,7,7,34,Healthcare,Medical Instruments & Supplies
EXE,Expand Energy Corporation,-2.11,0.16,23,30,31,Energy,Oil & Gas Production
FIS,"Fidelity National Information Services, Inc.",0.16,-12.57,10,14,9,Consumer Discretionary,Business Services
CMAKY,"China Minsheng Banking Corp., Ltd.",-2.6,6.06,78,78,39,Financial Services,Banks - Regional
CTOWY,China Tower Corporation Limited,0.0,1.92,100,100,53,Communication Services,Telecom Services
AGPPF,Valterra Platinum Limited,-0.7,4.5,69,67,80,Basic Materials,Other Precious Metals & Mining
SGSOF,SGS SA,4.21,-3.44,29,27,35,Industrials,Consulting Services
SURYY,"Sumitomo Realty & Development Co., Ltd.",0.0,-3.55,74,67,26,Real Estate,Real Estate Services
RL,Ralph Lauren Corporation,0.72,-12.47,6,9,27,Industrials,Garments and Clothing
OKTA,"Okta, Inc.",-2.69,7.45,84,85,95,Technology,Computer Software: Prepackaged Software
ROIV,Roivant Sciences Ltd.,-0.29,12.51,86,88,96,Health Care,Biotechnology: Pharmaceutical Preparations
LYB,LyondellBasell Industries N.V.,-0.95,3.12,29,33,62,Industrials,Major Chemicals
TNABF,Tenaga Nasional Berhad,-0.45,-4.37,12,9,46,Utilities,Utilities - Regulated Electric
PPERY,PT Bank Mandiri (Persero) Tbk,-0.3,7.39,81,77,32,Financial Services,Banks - Regional
TQLCF,Tianqi Lithium Corporation,0.0,0.0,100,90,1,Basic Materials,Other Industrial Metals & Mining
ENTG,"Entegris, Inc.",2.16,-14.31,35,34,82,Industrials,Plastic Products
TSN,"Tyson Foods, Inc.",0.99,-5.17,28,26,26,Consumer Staples,Meat/Poultry/Fish
NNGRY,NN Group N.V.,2.06,0.1,63,59,75,Financial Services,Insurance - Diversified
CHKGF,CK Asset Holdings Limited,-1.59,3.8,76,76,67,Real Estate,Real Estate - Development
RCI,Rogers Communications Inc.,0.33,0.45,46,48,31,Telecommunications,Cable & Other Pay Television Services
STE,STERIS plc,-0.8,-10.45,0,0,25,Health Care,Industrial Specialties
MDIBY,Mediobanca Banca di Credito Finanziario S.p.A.,1.69,0.43,100,99,91,Financial Services,Banks - Regional
GBERY,Geberit AG,-0.49,0.36,28,29,31,Industrials,Building Products & Equipment
GPN,Global Payments Inc.,-0.01,-6.63,18,20,76,Consumer Discretionary,Business Services
CLEGF,Coles Group Limited,0.0,0.76,100,100,57,Consumer Defensive,Grocery Stores
AA,Alcoa Corporation,-0.08,-2.68,0,0,28,Industrials,Aluminum
CAPMF,Capgemini SE,0.78,-2.84,8,12,21,Technology,Information Technology Services
DKS,"DICK'S Sporting Goods, Inc.",2.38,-32.61,16,16,3,Consumer Discretionary,Other Specialty Stores
NESRF,Northern Star Resources Limited,1.03,-2.54,12,16,46,Basic Materials,Gold
VNNVF,Vonovia SE,0.0,-7.94,33,27,17,Real Estate,Real Estate Services
GBERF,Geberit AG,0.0,-0.19,42,44,35,Industrials,Building Products & Equipment
CGEMY,Capgemini SE,1.75,-4.14,17,18,24,Technology,Information Technology Services
NJDCY,Nidec Corporation,0.46,0.23,99,99,58,Industrials,Specialty Industrial Machinery
SDMHF,Sartorius Stedim Biotech S.A.,0.0,9.34,60,58,51,Healthcare,Medical Instruments & Supplies
JARLF,Jardine Matheson Holdings Limited,1.28,-6.39,20,17,18,Industrials,Conglomerates
CX,"CEMEX, S.A.B. de C.V.",0.28,-3.52,34,22,29,Industrials,Building Materials
GNENY,"Ganfeng Lithium Group Co., Ltd.",0.0,-7.22,16,14,7,Basic Materials,Chemicals
HKHHF,Heineken Holding N.V.,-3.26,-3.8,0,0,52,Consumer Defensive,Beverages - Brewers
JIAXF,Jiangxi Copper Company Limited,-6.11,-9.53,0,0,57,Basic Materials,Copper
EFX,Equifax Inc.,0.57,-8.67,2,4,20,Finance,Finance: Consumer Services
MTUAY,MTU Aero Engines AG,2.16,-8.43,12,13,42,Industrials,Aerospace & Defense
TRATF,Traton SE,0.0,-6.83,27,31,66,Industrials,Farm & Heavy Construction Machinery
SBS,Companhia de Saneamento Básico do Estado de São Paulo - SABESP,-0.56,13.03,92,91,40,Utilities,Water Supply
RCIAF,Rogers Communications Inc.,0.0,10.61,100,100,38,Communication Services,Telecom Services
BKRIY,Bank of Ireland Group plc,0.94,7.5,100,100,82,Financial Services,Banks - Regional
BEKE,KE Holdings Inc.,1.44,-0.18,17,24,36,Finance,Real Estate
SAUHF,Straumann Holding AG,2.7,-9.15,25,28,42,Healthcare,Medical Instruments & Supplies
RGLD,"Royal Gold, Inc.",-0.67,11.64,63,61,72,Industrials,Precious Metals
NISTF,Nippon Steel Corporation,0.0,5.65,83,84,38,Basic Materials,Steel
EVRG,"Evergy, Inc.",0.32,-1.42,47,36,49,Utilities,Power Generation
SITM,SiTime Corporation,5.54,-7.6,44,45,94,Technology,Semiconductors
MRNA,"Moderna, Inc.",5.38,126.19,74,73,99,Health Care,Biotechnology: Biological Products (No Diagnostic Substances)
GWLLY,Great Wall Motor Company Limited,-0.05,-15.77,0,0,2,Consumer Cyclical,Auto Manufacturers
MMSMY,"Mitsui Kinzoku Company, Limited",-1.57,-17.36,0,0,61,Industrials,Conglomerates
LNT,Alliant Energy Corporation,0.01,-4.19,2,0,33,Utilities,Power Generation
MONRF,Moncler S.p.A.,0.0,-11.54,0,0,13,Consumer Cyclical,Apparel Manufacturing
GWLLF,Great Wall Motor Company Limited,0.0,-9.62,0,2,2,Consumer Cyclical,Auto Manufacturers
HUNGF,"Huaneng Power International, Inc.",0.0,-2.26,100,90,95,Utilities,Utilities - Independent Power Producers
SSLZY,Santos Limited,-2.66,10.35,76,77,74,Energy,Oil & Gas E&P
MGA,Magna International Inc.,1.52,-4.81,25,21,73,Consumer Discretionary,Auto Parts:O.E.M.
TTMI,"TTM Technologies, Inc.",3.35,-8.96,60,61,88,Technology,Electrical Products
USFD,US Foods Holding Corp.,-0.75,-13.4,0,0,60,Consumer Discretionary,Food Distributors
STOSF,Santos Limited,0.0,17.88,81,77,60,Energy,Oil & Gas E&P
AMCCF,Amcor plc,0.0,3.13,61,63,68,Consumer Cyclical,Packaging & Containers
CABJF,Carlsberg A/S,0.0,-10.09,10,7,45,Consumer Defensive,Beverages - Brewers
EDRVF,"EDP Renewables, S.A.",0.0,-2.67,28,21,54,Utilities,Utilities - Renewable
SOMLF,"SECOM CO., LTD.",0.0,-2.38,57,63,59,Industrials,Security & Protection Services
IP,International Paper Company,0.2,-15.49,0,0,24,Basic Materials,Paper
SUVPF,Sartorius Aktiengesellschaft,0.0,0.0,100,90,34,Healthcare,Medical Instruments & Supplies
SOMLY,"SECOM CO., LTD.",1.39,0.89,100,96,52,Industrials,Security & Protection Services
EVMNY,Evolution Mining Limited,0.87,6.6,40,40,84,Basic Materials,Gold
MONRY,Moncler S.p.A.,2.42,-8.15,15,13,11,Consumer Cyclical,Apparel Manufacturing
WCC,"WESCO International, Inc.",3.73,-0.72,67,72,82,Consumer Discretionary,Telecommunications Equipment
TLN,Talen Energy Corporation,0.39,-12.74,30,30,18,Utilities,Electric Utilities: Central
RAIFF,Raiffeisen Bank International AG,0.0,10.43,93,93,96,Financial Services,Banks - Regional
LII,Lennox International Inc.,-1.77,-12.5,0,0,5,Industrials,Industrial Machinery/Components
DAIUF,"Daifuku Co., Ltd.",0.0,-2.25,69,64,1,Industrials,Specialty Industrial Machinery
VODAF,Vodacom Group Limited,0.0,0.0,65,65,75,Communication Services,Telecom Services
DQJCY,Pan Pacific International Holdings Corporation,2.95,-18.3,7,8,8,Consumer Defensive,Discount Stores
HKHGF,Hongkong Land Holdings Limited,0.0,-1.39,38,45,71,Real Estate,Real Estate - Development
SN,"SharkNinja, Inc.",-1.09,-14.74,0,0,86,Consumer Discretionary,Consumer Electronics/Appliances
PEXNY,PTT Exploration and Production Public Company Limited,0.0,20.02,72,73,87,Energy,Oil & Gas E&P
ASBFY,Associated British Foods plc,-0.48,-10.4,0,0,28,Consumer Defensive,Packaged Foods
KAOCF,Kao Corporation,0.0,8.78,92,87,2,Consumer Defensive,Household & Personal Products
HOKCY,The Hong Kong and China Gas Company Limited,-1.22,-3.27,0,0,26,Utilities,Utilities - Regulated Gas
KWHIF,"Kawasaki Heavy Industries, Ltd.",0.0,-12.05,7,3,2,Industrials,Specialty Industrial Machinery
JDEPY,JDE Peet's N.V.,0.0,0.44,100,100,19,Consumer Defensive,Packaged Foods
FLUT,Flutter Entertainment plc,1.91,2.28,79,71,5,Technology,Computer Software: Programming Data Processing
TLK,Perusahaan Perseroan (Persero) PT Telekomunikasi Indonesia Tbk,-0.33,1.7,70,60,19,Telecommunications,Telecommunications Equipment
BPCGY,"Banco Comercial Português, S.A.",0.0,6.83,89,90,90,Financial Services,Banks - Regional
URMCY,Unibail-Rodamco-Westfield SE,-0.19,-11.68,0,0,26,Real Estate,REIT - Retail
FPS,"Forgent Power Solutions, Inc.",8.97,-15.28,25,25,13,Energy,Industrial Machinery/Components
KEP,Korea Electric Power Corporation,2.69,6.08,80,81,14,Utilities,Electric Utilities: Central
TSCO,Tractor Supply Company,-1.52,-8.11,0,0,10,Consumer Discretionary,RETAIL: Building Materials
NVR,"NVR, Inc.",1.19,-3.36,18,19,17,Consumer Discretionary,Homebuilding
PHYS,Sprott Physical Gold Trust,0.58,-0.42,5,11,40,Financial Services,Asset Management
ACXIF,"Acciona, S.A.",-2.75,-6.16,49,42,33,Industrials,Engineering & Construction
TPG,TPG Inc.,1.62,-12.69,5,5,39,Finance,Investment Managers
HGKGY,Power Assets Holdings Limited,0.25,8.45,94,94,70,Utilities,Utilities - Independent Power Producers
BMBLF,Brambles Limited,1.19,-2.78,54,48,23,Industrials,Specialty Business Services
DOCN,"DigitalOcean Holdings, Inc.",-6.18,-7.06,63,64,96,Technology,Computer Software: Programming Data Processing
KIM,Kimco Realty Corporation,-0.43,-3.79,0,0,41,Real Estate,Real Estate Investment Trusts
LUGDF,Lundin Gold Inc.,0.28,5.09,40,38,56,Basic Materials,Gold
TYNPF,Nippon Sanso Holdings Corporation,-7.01,-15.96,6,8,99,Basic Materials,Chemicals
WTKWY,Wolters Kluwer N.V.,0.59,-2.15,0,8,24,Industrials,Specialty Business Services
PTC,PTC Inc.,1.6,-15.02,6,7,17,Technology,Computer Software: Prepackaged Software
GLPEY,"Galp Energia, SGPS, S.A.",-0.31,7.36,74,73,77,Energy,Oil & Gas Integrated
TXT,Textron Inc.,2.3,-7.97,28,29,20,Industrials,Aerospace
NBIX,"Neurocrine Biosciences, Inc.",-0.22,3.58,78,71,47,Health Care,Biotechnology: Biological Products (No Diagnostic Substances)
PS,Pershing Square Inc.,2.36,-9.01,19,19,87,Finance,Investment Managers
PAA,"Plains All American Pipeline, L.P.",1.48,11.3,100,99,87,Energy,Natural Gas Distribution
DECK,Deckers Outdoor Corporation,1.74,-12.89,7,9,7,Consumer Discretionary,Shoe Manufacturing
OUKPY,Metso Oyj,1.81,9.7,72,72,80,Industrials,Farm & Heavy Construction Machinery
OVV,Ovintiv Inc.,-0.48,2.21,34,36,82,Energy,Oil & Gas Production
RMBS,Rambus Inc.,1.9,-12.44,22,20,11,Technology,Semiconductors
KAEPY,"The Kansai Electric Power Company, Incorporated",0.0,26.98,81,83,77,Utilities,Utilities - Renewable
IEX,IDEX Corporation,1.24,-6.24,21,14,71,Industrials,Fluid Controls
GEN,Gen Digital Inc.,0.97,2.78,82,78,76,Technology,Computer Software: Prepackaged Software
LAMR,Lamar Advertising Company,0.93,-3.91,13,9,57,Real Estate,Real Estate Investment Trusts
PFGC,Performance Food Group Company,-0.43,-10.09,0,0,27,Consumer Discretionary,Food Distributors
BNT,Brookfield Wealth Solutions Ltd.,0.45,-15.19,0,0,14,Finance,Property-Casualty Insurers
PSLV,Sprott Physical Silver Trust,0.29,-0.1,15,14,47,Financial Services,Asset Management
VICR,Vicor Corporation,11.15,-12.68,29,29,95,Technology,Industrial Machinery/Components
SONVY,Sonova Holding AG,-1.38,-5.24,0,0,52,Healthcare,Medical Devices
GPFOF,"Grupo Financiero Inbursa, S.A.B. de C.V.",0.0,2.91,87,80,92,Financial Services,Banks - Regional
THC,Tenet Healthcare Corporation,0.09,-1.26,25,24,87,Health Care,Hospital/Nursing Management
IPSEY,Ipsen S.A.,0.0,3.26,43,43,62,Healthcare,Drug Manufacturers - Specialty & Generic
EVGGF,Evolution AB (publ),-1.39,15.88,86,86,75,Consumer Cyclical,Gambling
AHCHY,Anhui Conch Cement Company Limited,-0.85,-4.84,11,8,9,Basic Materials,Building Materials
NWSA,News Corporation,0.2,2.07,46,47,62,Consumer Discretionary,Newspapers/Magazines
AHKSF,Asahi Kasei Corporation,0.0,5.5,66,61,45,Industrials,Conglomerates
CRWOF,China Railway Group Limited,0.0,-0.68,56,45,23,Industrials,Engineering & Construction
CLH,"Clean Harbors, Inc.",0.59,0.81,95,88,74,Industrials,Environmental Services
WHGLY,WH Group Limited,-1.98,-15.8,0,0,7,Consumer Defensive,Packaged Foods
KPELY,Keppel Ltd.,-3.87,1.17,56,59,65,Industrials,Conglomerates
BWA,BorgWarner Inc.,1.46,-1.54,58,64,77,Consumer Discretionary,Auto Parts:O.E.M.
PILBF,PLS Group Limited,-3.82,-3.82,24,23,77,Basic Materials,Other Industrial Metals & Mining
FUTU,Futu Holdings Limited,-0.69,7.77,39,39,17,Finance,Investment Bankers/Brokers/Service
YRAIF,Yara International ASA,-1.59,7.49,77,78,58,Basic Materials,Agricultural Inputs
NCBDF,BANDAI NAMCO Holdings Inc.,0.0,0.0,65,65,47,Consumer Cyclical,Leisure
CPT,Camden Property Trust,0.5,-6.75,0,0,30,Real Estate,Real Estate Investment Trusts
WF,Woori Financial Group Inc.,5.78,11.37,100,100,83,Finance,Commercial Banks
TISCY,Taisei Corporation,0.0,0.34,70,68,38,Industrials,Engineering & Construction
TIGO,Millicom International Cellular S.A.,0.22,2.6,94,94,92,Telecommunications,Telecommunications Equipment
DTM,"DT Midstream, Inc.",-0.5,-4.4,32,22,41,Utilities,Natural Gas Distribution
MLI,"Mueller Industries, Inc.",0.53,-8.96,0,0,46,Industrials,Metal Fabrications
MAS,Masco Corporation,1.3,-7.72,5,4,39,Industrials,Industrial Specialties
REGCP,Regency Centers Corporation,-0.41,-0.07,34,35,37,Real Estate,Real Estate Investment Trusts
SKM,"SK Telecom Co., Ltd.",2.21,3.16,30,22,88,Telecommunications,Telecommunications Equipment
CPAMF,CapitaLand Integrated Commercial Trust,2.76,-15.45,88,81,42,Real Estate,REIT - Retail
LKREF,Link Real Estate Investment Trust,0.0,0.4,75,67,37,Real Estate,REIT - Retail
CSL,Carlisle Companies Incorporated,1.67,-10.48,8,7,31,Industrials,Specialty Chemicals
OHI,"Omega Healthcare Investors, Inc.",0.09,2.13,80,80,50,Real Estate,Real Estate Investment Trusts
FELTY,"Fuji Electric Co., Ltd.",2.41,-11.65,12,13,57,Industrials,Electrical Equipment & Parts
LYSDY,Lynas Rare Earths Limited,-2.2,-12.44,0,0,22,Basic Materials,Other Industrial Metals & Mining
BAWAY,BAWAG Group AG,1.0,0.07,77,61,90,Unknown,Unknown
TRU,TransUnion,0.97,-4.08,6,9,49,Finance,Finance: Consumer Services
STGPF,Scentre Group,0.0,-14.75,37,37,30,Real Estate,REIT - Retail
KRYAF,Kerry Group plc,0.0,3.18,84,74,61,Consumer Defensive,Packaged Foods
SMMT,Summit Therapeutics Inc.,3.24,25.36,99,100,67,Health Care,Biotechnology: Pharmaceutical Preparations
GPC,Genuine Parts Company,-0.36,-0.47,45,47,71,Consumer Discretionary,Automotive Aftermarket
IFPJF,Informa plc,0.0,0.92,26,25,49,Communication Services,Publishing
DOC,"Healthpeak Properties, Inc.",-0.34,-1.97,0,8,64,Real Estate,Real Estate Investment Trusts
IESC,"IES Holdings, Inc.",8.2,-7.62,48,50,86,Industrials,Engineering & Construction
JHX,James Hardie Industries plc,0.99,-7.83,2,2,86,Industrials,Building Materials
SKHSF,"Sekisui House, Ltd.",10.47,12.12,100,100,57,Consumer Cyclical,Residential Construction
SYIEF,Symrise AG,0.0,0.73,32,29,65,Basic Materials,Specialty Chemicals
BVVBY,Bureau Veritas SA,0.14,2.75,77,62,54,Industrials,Consulting Services
TMTNF,Toromont Industries Ltd.,0.0,-6.09,51,48,57,Industrials,Industrial Distribution
SOLS,"Solstice Advanced Materials, Inc.",-0.05,-1.53,68,68,32,Industrials,Aerospace
OSGSY,"Osaka Gas Co., Ltd.",3.42,15.64,100,100,66,Utilities,Utilities - Regulated Gas
JBS,JBS N.V.,-0.24,-5.48,0,2,27,Consumer Staples,Meat/Poultry/Fish
GLPI,"Gaming and Leisure Properties, Inc.",0.2,-5.93,0,0,20,Real Estate,Real Estate Investment Trusts
UNM,Unum Group,0.12,1.86,88,80,71,Finance,Accident &Health Insurance
AMIGF,Admiral Group plc,0.0,10.1,93,93,81,Financial Services,Insurance - Property & Casualty
SNMCY,Suncorp Group Limited,6.53,6.73,100,100,71,Financial Services,Insurance - Property & Casualty
PRBKY,Piraeus Bank S.A.,-10.23,-4.19,0,0,77,Financial Services,Banks - Regional
TRMB,Trimble Inc.,1.44,0.21,44,45,21,Industrials,Industrial Machinery/Components
TOL,"Toll Brothers, Inc.",1.84,-9.64,8,7,27,Consumer Discretionary,Homebuilding
AKZOY,Akzo Nobel N.V.,0.85,-5.83,0,0,49,Basic Materials,Specialty Chemicals
DRS,"Leonardo DRS, Inc.",-0.66,-19.34,0,1,12,Industrials,Industrial Machinery/Components
BLMOY,BELIMO Holding AG,0.0,-4.64,32,24,51,Industrials,Building Products & Equipment
TME,Tencent Music Entertainment Group,1.01,-7.85,7,9,3,Consumer Discretionary,Broadcasting
BLHWF,BELIMO Holding AG,0.0,0.0,100,90,68,Industrials,Building Products & Equipment
APA,APA Corporation,0.45,11.82,96,94,91,Energy,Oil & Gas Production
ONTO,Onto Innovation Inc.,4.59,-16.74,32,32,93,Industrials,Industrial Machinery/Components
ARXCY,ARC Resources Ltd.,0.0,14.72,100,100,83,Energy,Oil & Gas E&P
MXUBY,MIXUE Group,3.04,-13.77,7,7,2,,
DSEEY,Daiwa Securities Group Inc.,2.54,4.94,100,100,85,Financial Services,Capital Markets
NIOIF,NIO Inc.,0.0,-23.91,10,7,3,Consumer Cyclical,Auto Manufacturers
SNN,Smith & Nephew plc,-0.43,-8.67,0,0,12,Health Care,Industrial Specialties
TFII,TFI International Inc.,0.08,-10.81,19,15,63,Industrials,Trucking Freight/Courier Services
SNLAF,Sino Land Company Limited,0.0,0.0,100,90,90,Real Estate,Real Estate - Development
TDHOY,"T&D Holdings, Inc.",3.32,4.79,100,100,79,Financial Services,Insurance - Life
NIO,NIO Inc.,3.07,-18.0,8,8,4,Industrials,Auto Manufacturing
HKTTF,HKT Trust and HKT Limited,0.0,-0.1,92,91,53,Communication Services,Telecom Services
FIVE,"Five Below, Inc.",1.38,1.2,32,34,84,Consumer Discretionary,Department/Specialty Retail Stores
ALGN,"Align Technology, Inc.",0.07,-14.4,0,0,23,Health Care,Industrial Specialties
QXO,"QXO, Inc.",0.16,-17.33,0,0,3,Consumer Discretionary,RETAIL: Building Materials
DT,"Dynatrace, Inc.",-0.68,0.63,54,57,73,Technology,Computer Software: Prepackaged Software
SWK,"Stanley Black & Decker, Inc.",0.01,-11.93,0,0,70,Consumer Discretionary,Industrial Machinery/Components
CRBG,"Corebridge Financial, Inc.",1.43,1.08,100,100,78,Finance,Life Insurance
OCPNF,Olympus Corporation,0.0,1.97,80,80,78,Healthcare,Medical Devices
VARRY,Vår Energi ASA,2.26,23.84,100,100,93,Energy,Oil & Gas E&P
ACRFF,Accor SA,0.0,-1.21,30,22,47,Consumer Cyclical,Lodging
AVY,Avery Dennison Corporation,0.36,-5.36,0,0,44,Consumer Discretionary,Containers/Packaging
PRDSF,Prada S.p.A.,-6.73,-6.73,15,12,22,Consumer Cyclical,Luxury Goods
ATGFF,AltaGas Ltd.,-2.26,-1.13,8,10,57,Energy,Oil & Gas Midstream
PNW,Pinnacle West Capital Corporation,-0.51,-4.59,0,0,41,Utilities,Electric Utilities: Central
KTOS,"Kratos Defense & Security Solutions, Inc.",-0.62,-25.64,0,0,4,Industrials,Military/Government/Technical
DLAKY,Deutsche Lufthansa AG,-0.45,-6.32,22,11,32,Industrials,Airlines
SBHGF,"SBI Holdings, Inc.",0.89,10.85,85,87,37,Financial Services,Financial Conglomerates
SITIY,SITC International Holdings Company Limited,10.18,19.5,77,75,93,Industrials,Marine Shipping
BTSGU,"BrightSpring Health Services, Inc.",0.45,-3.48,15,14,89,Health Care,Medical/Nursing Services
AGNCO,AGNC Investment Corp.,0.08,0.2,67,67,49,Real Estate,Real Estate Investment Trusts
AGNCZ,AGNC Investment Corp.,0.0,-0.94,37,38,44,Real Estate,REIT - Mortgage
SVTMF,SM Investments Corporation,0.0,-11.36,8,4,11,Consumer Cyclical,Department Stores
HL,Hecla Mining Company,-1.2,11.58,57,56,83,Industrials,Mining & Quarrying of Nonmetallic Minerals (No Fuels)
SKFRY,AB SKF (publ),2.13,1.57,39,42,57,Industrials,Tools & Accessories
VIAV,Viavi Solutions Inc.,3.61,-9.86,44,44,94,Technology,Semiconductors
YASKY,YASKAWA Electric Corporation,0.57,-19.16,0,0,24,Industrials,Electrical Equipment & Parts
TDHOF,"T&D Holdings, Inc.",0.0,0.0,100,90,1,Financial Services,Insurance - Life
BDWBY,Budweiser Brewing Company APAC Limited,-13.75,-9.27,0,0,10,Consumer Defensive,Beverages - Brewers
MIUFY,Mitsubishi HC Capital Inc.,0.0,0.0,100,90,51,Financial Services,Credit Services
JOBY,"Joby Aviation, Inc.",1.27,-22.64,2,2,2,Industrials,Aerospace
SOTGY,Sunny Optical Technology (Group) Company Limited,1.67,16.12,72,71,36,Technology,Electronic Components
POAHY,Porsche Automobil Holding SE,0.3,6.09,85,89,19,Consumer Cyclical,Auto Manufacturers
BDWBF,Budweiser Brewing Company APAC Limited,-1.88,-11.49,10,6,9,Consumer Defensive,Beverages - Brewers
CRDIY,"Yokohama Financial Group, Inc.",3.61,-2.36,75,70,89,Financial Services,Banks - Regional
ZBRA,Zebra Technologies Corporation,1.85,-7.71,22,25,90,Industrials,Industrial Machinery/Components
HBM,Hudbay Minerals Inc.,-0.49,0.21,6,9,85,Basic Materials,Metal Mining
HNSDF,Hensoldt AG,0.0,2.39,100,90,70,Industrials,Aerospace & Defense
COKE,"Coca-Cola Consolidated, Inc.",2.02,1.29,65,65,65,Consumer Staples,Beverages (Production/Distribution)
FHN,First Horizon Corporation,-0.49,-5.31,31,28,50,Finance,Major Banks
MDGL,"Madrigal Pharmaceuticals, Inc.",0.26,5.35,72,69,62,Health Care,Biotechnology: Pharmaceutical Preparations
CPYYY,Centrica plc,-0.84,-0.67,40,28,15,Utilities,Utilities - Independent Power Producers
GDDY,GoDaddy Inc.,1.76,-2.42,61,60,48,Technology,EDP Services
CACI,CACI International Inc,-0.46,-7.29,25,28,63,Technology,EDP Services
GBLBY,Groupe Bruxelles Lambert SA,0.0,0.05,88,87,40,Financial Services,Asset Management
ASEKF,Aisin Corporation,0.0,0.0,65,65,1,Consumer Cyclical,Auto Parts
KLPEF,Klépierre SA,0.0,-5.42,16,7,56,Real Estate,REIT - Retail
AIT,"Applied Industrial Technologies, Inc.",1.63,-9.33,13,8,65,Consumer Discretionary,Industrial Specialties
MGM,MGM Resorts International,-2.06,-9.48,0,0,35,Consumer Discretionary,Hotels/Resorts
GBLBF,Groupe Bruxelles Lambert SA,0.0,-6.28,33,44,28,Financial Services,Asset Management
SKBSY,Skanska AB (publ),0.59,-2.14,0,6,53,Industrials,Engineering & Construction
BMRN,BioMarin Pharmaceutical Inc.,0.26,-4.16,31,28,69,Health Care,Biotechnology: Pharmaceutical Preparations
SIEVF,D'Ieteren Group SA,0.0,-1.04,27,34,35,Consumer Cyclical,Auto & Truck Dealerships
TRYIY,"Toray Industries, Inc.",3.45,-5.16,51,59,69,Consumer Cyclical,Textile Manufacturing
PAG,"Penske Automotive Group, Inc.",-0.32,-0.61,15,32,81,Consumer Discretionary,Retail-Auto Dealers and Gas Stations
BMNR,"Bitmine Immersion Technologies, Inc.",3.43,36.85,87,85,53,Finance,Finance: Consumer Services
QBCRF,Quebecor Inc.,-0.79,-2.55,51,44,61,Communication Services,Telecom Services
CGNX,Cognex Corporation,4.1,4.42,78,84,83,Industrials,Industrial Machinery/Components
SKUFF,AB SKF (publ),0.0,1.07,18,20,55,Industrials,Tools & Accessories
CLX,The Clorox Company,-1.14,-17.63,0,0,13,Consumer Discretionary,Specialty Chemicals
IT,"Gartner, Inc.",5.26,-2.02,29,29,38,Consumer Discretionary,Other Consumer Services
GSAT,"Globalstar, Inc.",0.62,-0.16,88,75,90,Consumer Discretionary,Telecommunications Equipment
JEF,Jefferies Financial Group Inc.,-3.65,-6.29,2,0,31,Finance,Investment Bankers/Brokers/Service
OBICY,"OBIC Co.,Ltd.",1.27,8.96,93,88,67,Technology,Software - Application
AKAAF,Aker ASA,0.0,15.8,95,91,98,Industrials,Conglomerates
CCK,"Crown Holdings, Inc.",-0.18,-4.84,7,11,66,Industrials,Containers/Packaging
CLILF,CapitaLand Investment Limited,0.0,-2.38,57,49,55,Real Estate,Real Estate Services
SGGEF,The Sage Group plc,0.0,7.57,49,48,62,Technology,Software - Application
ORKLY,Orkla ASA,-0.71,-11.11,0,0,20,Consumer Defensive,Packaged Foods
EHC,Encompass Health Corporation,0.55,-1.49,81,67,63,Health Care,Hospital/Nursing Management
EMBJ,EMBJ,0.99,1.71,70,66,81,Industrials,Aerospace
SKSBF,Skanska AB (publ),0.0,-1.52,1,10,51,Industrials,Engineering & Construction
MAEOY,Manila Electric Company,0.0,-21.86,4,2,9,Utilities,Utilities - Regulated Electric
FRT,Federal Realty Investment Trust,-0.42,-3.81,0,0,51,Real Estate,Real Estate Investment Trusts
SUZ,Suzano S.A.,-0.74,17.15,91,92,45,Basic Materials,Paper
SLLDY,Sanlam Limited,-1.76,-6.6,0,0,27,Financial Services,Insurance - Life
DPZ,"Domino's Pizza, Inc.",-1.8,-11.19,0,0,13,Consumer Discretionary,Food Distributors
WTS,"Watts Water Technologies, Inc.",1.64,-6.9,16,10,72,Industrials,Metal Fabrications
TMXXF,TMX Group Limited,2.09,0.1,51,51,49,Financial Services,Financial Data & Stock Exchanges
KHOLY,Koç Holding A.S.,-1.37,7.6,79,80,63,Industrials,Conglomerates
BMXXY,bioMérieux S.A.,-3.62,-3.62,48,47,12,Healthcare,Diagnostics & Research
SGPYY,The Sage Group plc,-1.98,-8.08,0,0,51,Technology,Software - Application
RKUNY,"Rakuten Group, Inc.",1.41,-3.71,17,12,16,Consumer Cyclical,Internet Retail
SFD,"Smithfield Foods, Inc.",-1.6,-9.84,0,0,14,Consumer Staples,Meat/Poultry/Fish
WTFCN,Wintrust Financial Corporation,-0.33,-0.5,57,60,41,Finance,Major Banks
ISUZY,Isuzu Motors Limited,3.02,1.85,100,91,39,Consumer Cyclical,Auto Manufacturers
MGYOY,MOL Magyar Olaj- és Gázipari Nyilvánosan Muködo Részvénytársaság,5.43,13.36,100,100,94,Energy,Oil & Gas Refining & Marketing
SNTMF,SenseTime Group Inc.,0.0,8.11,58,56,9,Technology,Software - Application
AAVXF,ABIVAX Société Anonyme,0.0,0.0,65,65,84,Healthcare,Biotechnology
FINGF,Finning International Inc.,0.81,-0.83,89,91,68,Industrials,Industrial Distribution
CHBAY,"The Chiba Bank, Ltd.",0.0,9.62,92,93,93,Financial Services,Banks - Regional
UMBFO,UMB Financial Corporation,-0.23,-2.67,0,0,37,Finance,Major Banks
SMGZY,Smiths Group plc,1.29,-2.76,17,15,45,Industrials,Specialty Industrial Machinery
SIRI,Sirius XM Holdings Inc.,0.93,4.14,74,63,74,Consumer Discretionary,Broadcasting
MICC,The Magnum Ice Cream Company N.V.,0.77,-2.19,55,58,75,Consumer Staples,Specialty Foods
ALBKY,Alpha Bank S.A.,3.08,6.35,100,100,87,Financial Services,Banks - Regional
BDOUY,"BDO Unibank, Inc.",-0.43,-9.75,0,0,19,Financial Services,Banks - Regional
HLI,"Houlihan Lokey, Inc.",0.47,3.87,96,96,18,Finance,Investment Managers
KAIKY,"Kawasaki Kisen Kaisha, Ltd.",0.0,0.0,65,65,56,Industrials,Marine Shipping
SNCAF,AtkinsRéalis Group Inc.,-0.55,-2.35,30,33,28,Industrials,Engineering & Construction
OGE,OGE Energy Corp.,-0.09,-1.0,60,63,43,Utilities,Electric Utilities: Central
R,"Ryder System, Inc.",0.7,-7.17,2,0,63,Consumer Discretionary,Rental/Leasing Companies
PSHZF,"Pershing Square Holdings, Ltd.",0.78,-2.2,9,11,19,,
AAL,American Airlines Group Inc.,1.25,-13.61,11,10,30,Consumer Discretionary,Air Freight/Delivery Services
SPIIY,SPIE SA,-3.28,-5.79,44,43,22,Industrials,Engineering & Construction
FCFS,"FirstCash Holdings, Inc.",0.44,8.55,73,66,79,Consumer Discretionary,Other Specialty Stores
KKOYY,Kesko Oyj,-0.08,2.51,54,57,59,Consumer Defensive,Grocery Stores
BXP,"BXP, Inc.",1.54,-6.48,6,6,40,Real Estate,Real Estate Investment Trusts
BROS,Dutch Bros Inc.,1.06,-14.14,1,1,6,Consumer Discretionary,Restaurants
MTLHY,Mitsubishi Chemical Group Corporation,0.0,0.14,66,69,76,Basic Materials,Specialty Chemicals
LUNR,"Intuitive Machines, Inc.",-1.85,-18.28,0,0,24,Industrials,Industrial Machinery/Components
GME,GameStop Corp.,3.73,13.89,100,100,20,Consumer Discretionary,Electronics Distribution
BAH,Booz Allen Hamilton Holding Corporation,0.29,-2.45,62,60,21,Consumer Discretionary,Professional Services
TRYIF,"Toray Industries, Inc.",0.0,-7.96,11,9,59,Consumer Cyclical,Textile Manufacturing
MKTAY,Makita Corporation,4.2,0.7,100,100,42,Industrials,Tools & Accessories
HLLGY,HELLA GmbH & Co. KGaA,0.0,-6.28,14,10,17,Consumer Cyclical,Auto Parts
NCLTY,"Nitori Holdings Co., Ltd.",-0.28,13.0,80,82,73,Consumer Cyclical,"Furnishings, Fixtures & Appliances"
CART,Maplebear Inc.,3.15,-2.7,39,37,63,Consumer Discretionary,Business Services
SIMO,Silicon Motion Technology Corporation,7.25,14.19,100,100,97,Technology,Semiconductors
ONBPP,Old National Bancorp,-0.74,-0.54,42,53,42,Finance,Major Banks
SSB,SouthState Bank Corporation,0.13,-4.45,30,27,60,Finance,Major Banks
ASGLY,AGC Inc.,3.99,-2.54,54,59,29,Industrials,Conglomerates
ACLIF,Accelleron Industries AG,0.0,3.71,86,85,55,Industrials,Specialty Industrial Machinery
MAKSF,Marks and Spencer Group plc,0.0,-12.0,8,4,56,Consumer Cyclical,Department Stores
DDS,"Dillard's, Inc.",4.2,5.99,99,98,52,Consumer Discretionary,Department/Specialty Retail Stores
SUMCF,Sumco Corporation,-7.55,-19.83,0,0,92,Technology,Semiconductor Equipment & Materials
RRC,Range Resources Corporation,-1.51,3.35,64,63,53,Energy,Oil & Gas Production
IESFY,Interconexión Eléctrica S.A. E.S.P.,2.66,10.74,80,87,86,Utilities,Utilities - Regulated Electric
NRKBF,NKT A/S,0.0,0.0,65,65,81,Industrials,Electrical Equipment & Parts
JSNSF,J Sainsbury plc,0.0,-3.01,57,58,44,Consumer Defensive,Grocery Stores
CUBE,CubeSmart,1.18,-5.29,24,28,43,Real Estate,Real Estate Investment Trusts
LGN,Legence Corp.,5.79,-10.42,30,29,55,Consumer Discretionary,Engineering & Construction
GMWKF,Games Workshop Group PLC,-1.25,-7.53,0,0,32,Consumer Cyclical,Leisure
MSGS,Madison Square Garden Sports Corp.,-0.01,-5.06,38,33,87,Consumer Discretionary,Services-Misc. Amusement & Recreation
SNEX,StoneX Group Inc.,0.86,5.38,100,100,81,Finance,Investment Bankers/Brokers/Service
BRKR,Bruker Corporation,-0.24,-7.77,0,0,80,Industrials,Biotechnology: Laboratory Analytical Instruments
INPOY,InPost S.A.,1.63,2.73,95,87,74,Industrials,Integrated Freight & Logistics
DTCWY,Deutsche Wohnen SE,0.0,0.1,25,29,15,Real Estate,Real Estate Services
LEVI,Levi Strauss & Co.,0.2,-10.08,0,0,24,Consumer Discretionary,Apparel
ALGM,"Allegro MicroSystems, Inc.",2.95,-17.72,13,11,40,Technology,Semiconductors
SHZHY,Shenzhou International Group Holdings Limited,4.05,-11.2,21,20,4,Consumer Cyclical,Textile Manufacturing
PSORF,Pearson plc,0.0,-2.13,4,7,65,Communication Services,Publishing
NSANF,"Nissan Motor Co., Ltd.",-7.0,-9.71,0,0,9,Consumer Cyclical,Auto Manufacturers
ALNPY,ANA Holdings Inc.,1.78,0.5,70,65,48,Industrials,Airlines
WTCHF,WiseTech Global Limited,0.49,-8.98,3,4,5,Technology,Software - Application
TKHVY,Türk Hava Yollari Anonim Ortakligi,0.0,-5.67,15,7,15,Industrials,Airlines
INPOF,InPost S.A.,0.0,2.58,83,82,79,Industrials,Integrated Freight & Logistics
NUVL,Nuvalent Inc,0.0,0.0,51,38,34,Health Care,Biotechnology: Pharmaceutical Preparations
SPHXF,"SM Prime Holdings, Inc.",0.0,0.0,65,65,1,Real Estate,Real Estate - Diversified
NSANY,"Nissan Motor Co., Ltd.",3.79,-1.2,54,50,18,Consumer Cyclical,Auto Manufacturers
EMN,Eastman Chemical Company,-0.39,-7.67,0,0,40,Industrials,Major Chemicals
RTLLF,RATIONAL Aktiengesellschaft,0.0,-5.04,0,2,18,Industrials,Specialty Industrial Machinery
NCLTF,"Nitori Holdings Co., Ltd.",0.0,16.5,95,93,14,Consumer Cyclical,"Furnishings, Fixtures & Appliances"
XP,XP Inc.,-0.55,25.38,94,94,68,Finance,Investment Bankers/Brokers/Service
PSPSF,PSP Swiss Property AG,0.0,0.55,84,82,33,Real Estate,Real Estate Services
WIGBY,WiseTech Global Limited,0.0,9.71,62,61,6,Technology,Software - Application
ICL,ICL Group Ltd,-1.05,6.08,58,62,42,Industrials,Agricultural Chemicals
GGAL,Grupo Financiero Galicia S.A.,-1.92,-2.4,69,64,33,Finance,Commercial Banks
CFR,"Cullen/Frost Bankers, Inc.",0.16,-2.74,54,59,75,Finance,Major Banks
WRFRF,Wharf Real Estate Investment Company Limited,0.0,29.28,97,96,97,Real Estate,Real Estate Services
FR,"First Industrial Realty Trust, Inc.",0.99,-3.08,15,16,50,Real Estate,Real Estate Investment Trusts
KT,KT Corporation,1.53,4.96,100,100,40,Telecommunications,Telecommunications Equipment
ACKDF,Auckland International Airport Limited,0.0,-4.12,0,0,32,Industrials,Airports & Air Services
CMC,Commercial Metals Company,0.83,-6.88,32,27,35,Industrials,Steel/Iron Ore
NCLH,Norwegian Cruise Line Holdings Ltd.,1.72,-24.19,3,3,6,Consumer Discretionary,Marine Transportation
BRRLY,Barry Callebaut AG,-5.43,-4.38,15,6,20,Consumer Defensive,Confectioners
HLTOY,Hellenic Telecommunications Organization S.A.,0.09,0.88,59,51,67,Communication Services,Telecom Services
RYAN,"Ryan Specialty Holdings, Inc.",-1.42,-10.98,0,0,26,Finance,Specialty Insurers
AIXXF,AIXTRON SE,2.0,-9.4,38,38,92,Technology,Semiconductor Equipment & Materials
ENS,EnerSys,0.24,-9.08,7,3,62,Technology,Industrial Machinery/Components
NEMKY,Nemetschek SE,0.0,23.77,94,91,23,Technology,Software - Application
BYCBF,Barry Callebaut AG,2.17,-3.67,39,32,19,Consumer Defensive,Confectioners
AIIXY,AIXTRON SE,0.0,-16.09,15,14,92,Technology,Semiconductor Equipment & Materials
YAMHF,"Yamaha Motor Co., Ltd.",0.0,0.42,62,63,95,Consumer Cyclical,Auto Manufacturers
NEMTF,Nemetschek SE,0.0,0.0,65,65,3,Technology,Software - Application
BLDR,"Builders FirstSource, Inc.",2.37,-17.93,7,7,3,Consumer Discretionary,RETAIL: Building Materials
FNMAN,Federal National Mortgage Association,0.0,-5.56,0,0,6,Financial Services,Mortgage Finance
FNMAK,Federal National Mortgage Association,0.0,-3.73,56,55,6,Financial Services,Mortgage Finance
FNMAT,Federal National Mortgage Association,-0.24,-6.38,0,0,5,Financial Services,Mortgage Finance
FNMFM,Federal National Mortgage Association,0.0,-3.75,13,7,6,Financial Services,Mortgage Finance
FNMAS,Federal National Mortgage Association,0.5,-1.28,74,63,7,Financial Services,Mortgage Finance
XNGSF,ENN Energy Holdings Limited,0.0,9.06,94,93,15,Utilities,Utilities - Regulated Gas
KBDCF,Kingboard Holdings Limited,0.0,-59.32,1,1,98,Industrials,Conglomerates
AGCO,AGCO Corporation,-0.68,22.14,67,67,56,Industrials,Industrial Machinery/Components
FITGF,FIT Hon Teng Limited,0.0,9.06,93,93,26,Technology,Electronic Components
NEXNY,Nexans S.A.,0.0,-0.1,19,27,48,Industrials,Electrical Equipment & Parts
MLSPF,Melrose Industries PLC,2.89,-0.73,31,26,28,Industrials,Specialty Industrial Machinery
STJPF,St. James's Place plc,0.0,-0.55,53,49,13,Financial Services,Asset Management
AMG,"Affiliated Managers Group, Inc.",0.3,-3.13,15,6,77,Finance,Investment Managers
WILYY,Demant A/S,0.0,1.42,79,61,82,Healthcare,Medical Devices
SKPJY,SKY Perfect JSAT Corporation,0.0,-5.28,4,7,96,Communication Services,Broadcasting
SKPJF,SKY Perfect JSAT Corporation,0.0,0.0,65,65,1,Communication Services,Broadcasting
KLYCY,Kunlun Energy Company Limited,0.0,6.33,59,62,43,Energy,Oil & Gas Refining & Marketing
HALO,"Halozyme Therapeutics, Inc.",0.19,6.49,81,76,93,Health Care,Biotechnology: Biological Products (No Diagnostic Substances)
IBRX,"ImmunityBio, Inc.",2.46,3.4,52,55,97,Health Care,Biotechnology: Biological Products (No Diagnostic Substances)
CAMT,Camtek Ltd.,2.58,-14.37,47,48,61,Technology,Electronic Components
SSL,Sasol Limited,-0.41,30.38,95,95,93,Energy,Oil & Gas Production
TOTDF,TOTO LTD.,0.0,-3.29,49,50,62,Industrials,Building Products & Equipment
TOPPY,TOPPAN Holdings Inc.,0.0,4.03,92,91,69,Industrials,Conglomerates
SDXOF,Sodexo S.A.,0.0,7.08,90,89,76,Industrials,Specialty Business Services
VIRT,"Virtu Financial, Inc.",-1.15,6.79,25,29,89,Finance,Investment Bankers/Brokers/Service
ALBHF,Alibaba Health Information Technology Limited,2.56,-9.09,32,31,6,Healthcare,Pharmaceutical Retailers
CLF,Cleveland-Cliffs Inc.,1.94,-0.74,79,73,41,Basic Materials,Metal Mining
PDI,PIMCO Dynamic Income Fund,-0.53,-5.61,0,0,20,Finance,Trusts Except Educational Religious and Charitable
PTBRY,PT Bank Negara Indonesia (Persero) Tbk,0.0,7.83,89,85,37,Financial Services,Banks - Regional
SCABY,Svenska Cellulosa Aktiebolaget SCA (publ),0.0,-5.25,3,0,25,Basic Materials,Paper & Paper Products
VLVCY,Volvo Car AB (publ.),-2.59,-10.11,6,0,11,Consumer Cyclical,Auto Manufacturers
VLYPP,Valley National Bancorp,0.28,1.0,81,84,45,Finance,Major Banks
VLY,Valley National Bancorp,-0.36,-8.12,27,22,62,Finance,Major Banks
VLVOF,Volvo Car AB (publ.),3.04,-3.72,32,28,13,Consumer Cyclical,Auto Manufacturers
ECG,"Everus Construction Group, Inc.",3.64,-13.15,23,22,58,Consumer Discretionary,Homebuilding
RGEDF,Gedeon Richter PLC,-3.83,-5.08,0,0,1,Healthcare,Drug Manufacturers - Specialty & Generic
KEX,Kirby Corporation,0.6,1.36,57,54,70,Consumer Discretionary,Marine Transportation
WJRYY,West Japan Railway Company,1.24,8.98,97,100,44,Industrials,Railroads
PLLIF,Pirelli & C. S.p.A.,0.0,13.75,94,93,74,Consumer Cyclical,Auto Parts
UGI,UGI Corporation,-0.03,7.74,84,81,54,Utilities,Natural Gas Distribution
CHOLF,China Oilfield Services Limited,0.0,0.0,65,65,13,Energy,Oil & Gas Equipment & Services
CORT,Corcept Therapeutics Incorporated,-1.85,2.06,19,13,96,Health Care,Biotechnology: Pharmaceutical Preparations
FLY,Firefly Aerospace Inc.,1.1,-21.07,6,4,5,Industrials,Military/Government/Technical
CHRD,Chord Energy Corporation,0.13,14.06,94,94,84,Energy,Oil & Gas Production
NE,Noble Corporation plc,-1.01,3.31,37,38,71,Energy,Oil & Gas Production
ATR,"AptarGroup, Inc.",1.45,-5.83,19,20,41,Industrials,Plastic Products
VOYA,"Voya Financial, Inc.",0.72,2.79,96,85,85,Finance,Life Insurance
HQY,"HealthEquity, Inc.",1.81,-8.84,29,27,56,Consumer Discretionary,Business Services
HULCF,"Hulic Co., Ltd.",0.0,0.0,65,65,1,Real Estate,Real Estate Services
THNPY,Technip Energies N.V.,0.35,-3.51,0,0,15,Energy,Oil & Gas Equipment & Services
CDP,COPT Defense Properties,-0.08,-4.96,21,16,63,Real Estate,Real Estate Investment Trusts
STAG,"STAG Industrial, Inc.",0.73,0.51,60,57,36,Real Estate,Real Estate Investment Trusts
JXN,Jackson Financial Inc.,-0.17,2.78,86,83,86,Finance,Life Insurance
PLXS,Plexus Corp.,3.4,-3.29,52,55,84,Technology,Electrical Products
NOV,NOV Inc.,-0.61,2.66,74,63,76,Consumer Discretionary,Oil and Gas Field Machinery
SHTDF,Sinopharm Group Co. Ltd.,-15.35,-14.55,0,0,7,Healthcare,Medical Distribution
TSUKF,"Toyo Suisan Kaisha, Ltd.",0.0,0.0,65,65,11,Consumer Defensive,Packaged Foods
NEU,NewMarket Corporation,0.73,-6.4,27,30,69,Industrials,Major Chemicals
UMICY,Umicore SA,1.26,-3.16,7,5,83,Industrials,Waste Management
CIG,Companhia Energética de Minas Gerais - CEMIG,-0.45,12.82,90,92,56,Utilities,Electric Utilities: Central
ESAIY,"Eisai Co., Ltd.",1.07,-0.66,53,56,56,Healthcare,Drug Manufacturers - Specialty & Generic
SPXSF,Spirax Group plc,0.0,-4.26,20,10,41,Industrials,Specialty Industrial Machinery
SNROF,"Sanrio Company, Ltd.",0.0,8.5,92,92,5,Consumer Cyclical,Specialty Retail
MIDD,The Middleby Corporation,2.45,-7.44,21,24,22,Industrials,Industrial Machinery/Components
JBTM,JBT Marel Corporation,1.76,-2.6,16,14,16,Industrials,Industrial Machinery/Components
SHMXY,Shimadzu Corporation,0.0,-4.62,12,6,33,Technology,Scientific & Technical Instruments
CEVMY,CTS Eventim AG & Co. KGaA,0.0,3.53,89,88,23,Communication Services,Entertainment
LGFRY,Longfor Group Holdings Limited,-4.38,-13.36,0,0,2,Real Estate,Real Estate - Development
RIG,Transocean Ltd.,-1.73,-0.87,13,7,66,Energy,Oil & Gas Production
SPXSY,Spirax Group plc,1.1,-3.33,35,24,40,Industrials,Specialty Industrial Machinery
TTAN,"ServiceTitan, Inc.",-2.37,-41.64,0,0,3,Technology,Computer Software: Prepackaged Software
MTLPF,Metlen Energy & Metals PLC,0.0,0.0,57,46,34,,
EXP,Eagle Materials Inc.,0.73,-11.35,0,0,15,Industrials,Building Materials
DKDRF,NewMed Energy - Limited Partnership,0.0,1.86,26,29,28,Energy,Oil & Gas E&P
SNROY,"Sanrio Company, Ltd.",0.0,1.44,89,89,80,Consumer Cyclical,Specialty Retail
SRUUF,Sprott Physical Uranium Trust Fund,-1.37,0.21,16,20,42,Energy,Uranium
AACAY,AAC Technologies Holdings Inc.,5.6,2.82,73,70,54,Technology,Communication Equipment
HXL,Hexcel Corporation,3.25,-9.35,18,22,65,Industrials,Major Chemicals
UEC,Uranium Energy Corp.,-5.17,-6.61,0,0,14,Basic Materials,Other Metals and Minerals
ASXFF,ASX Limited,0.0,-3.66,66,72,63,Financial Services,Financial Data & Stock Exchanges
KGS,"Kodiak Gas Services, Inc.",2.16,3.11,81,87,87,Utilities,Natural Gas Distribution
SHTDY,Sinopharm Group Co. Ltd.,-1.02,-8.54,0,0,14,Healthcare,Medical Distribution
VFC,V.F. Corporation,4.36,-10.02,24,26,9,Industrials,Garments and Clothing
KIGRY,KION GROUP AG,-0.64,4.1,42,44,23,Industrials,Farm & Heavy Construction Machinery
PUODY,"Promotora y Operadora de Infraestructura, S. A. B. de C. V.",0.0,9.01,90,90,55,Industrials,Infrastructure Operations
PNDRY,Pandora A/S,-1.02,-4.15,28,24,81,Consumer Cyclical,Luxury Goods
PAYC,"Paycom Software, Inc.",1.33,-1.95,27,31,91,Technology,Computer Software: Prepackaged Software
LAD,"Lithia Motors, Inc.",-2.22,-5.45,10,9,67,Consumer Discretionary,Retail-Auto Dealers and Gas Stations
RKGRY,RENK Group AG,3.09,-16.47,8,8,11,Industrials,Aerospace & Defense
POOL,Pool Corporation,-1.55,-13.73,0,0,9,Consumer Discretionary,Industrial Specialties
KCDMY,"Kimberly-Clark de México, S. A. B. de C. V.",0.0,-2.33,5,19,54,Consumer Defensive,Household & Personal Products
ROAD,"Construction Partners, Inc.",3.69,-15.96,12,12,18,Industrials,Military/Government/Technical
FBASF,Fibra UNO,0.0,-8.11,28,23,54,Real Estate,REIT - Diversified
YTLCF,YTL Corporation Berhad,0.0,0.0,65,65,26,Utilities,Utilities - Diversified
INGM,Ingram Micro Holding Corporation,4.47,-2.75,44,43,65,Technology,Retail: Computer Software & Peripheral Equipment
CENX,Century Aluminum Company,-0.7,-5.04,16,13,61,Industrials,Aluminum
FSS,Federal Signal Corporation,0.46,-7.27,0,0,39,Industrials,Auto Manufacturing
KGFHY,Kingfisher plc,0.89,-10.92,3,6,48,Consumer Cyclical,Home Improvement Retail
SSRM,SSR Mining Inc.,0.08,13.96,62,60,90,Industrials,Precious Metals
ASXFY,ASX Limited,-0.86,-4.09,1,10,59,Financial Services,Financial Data & Stock Exchanges
DELHF,De'Longhi S.p.A.,0.0,0.0,65,65,45,Consumer Cyclical,"Furnishings, Fixtures & Appliances"
ETSY,"Etsy, Inc.",1.63,-9.81,9,10,73,Consumer Discretionary,Business Services
HBRIY,Harbour Energy plc,-0.51,13.46,89,89,64,Energy,Oil & Gas E&P
PTGX,"Protagonist Therapeutics, Inc.",2.08,-2.14,36,33,95,Health Care,Biotechnology: Pharmaceutical Preparations
INGR,Ingredion Incorporated,-0.63,-4.39,0,4,24,Consumer Staples,Packaged Foods
FLR,Fluor Corporation,1.21,3.57,54,49,70,Industrials,Military/Government/Technical
SYRE,"Spyre Therapeutics, Inc.",2.13,-11.05,20,17,98,Health Care,Biotechnology: Pharmaceutical Preparations
KIROY,Kumba Iron Ore Limited,0.98,3.75,60,65,15,Basic Materials,Steel
VNO,Vornado Realty Trust,3.11,-10.66,15,15,40,Real Estate,Real Estate Investment Trusts
MSSMY,MISUMI Group Inc.,0.0,-5.59,47,44,73,Industrials,Tools & Accessories
NNCHY,Nissan Chemical Corporation,1.88,3.19,70,66,84,Basic Materials,Chemicals
MAC,The Macerich Company,0.0,-8.28,0,0,61,Real Estate,Real Estate Investment Trusts
DFILF,DFI Retail Group Holdings Limited,0.0,1.73,79,76,49,Consumer Defensive,Grocery Stores
AN,"AutoNation, Inc.",-1.71,-2.27,54,50,37,Consumer Discretionary,Retail-Auto Dealers and Gas Stations
WWNTY,Want Want China Holdings Limited,0.0,3.36,85,84,6,Consumer Defensive,Packaged Foods
USAR,"USA Rare Earth, Inc.",-2.99,-16.39,0,0,12,Basic Materials,Metal Mining
AVTR,"Avantor, Inc.",-0.47,6.93,79,81,91,Industrials,Biotechnology: Laboratory Analytical Instruments
FNB,F.N.B. Corporation,0.27,-4.6,34,27,53,Finance,Major Banks
CAR,"Avis Budget Group, Inc.",-3.95,-11.13,0,0,12,Consumer Discretionary,Rental/Leasing Companies
MIRM,"Mirum Pharmaceuticals, Inc.",-2.38,-0.56,38,31,68,Health Care,Biotechnology: Pharmaceutical Preparations
KTWIY,Kurita Water Industries Ltd.,0.0,-19.39,0,0,99,Industrials,Pollution & Treatment Controls
PCTY,Paylocity Holding Corporation,-0.84,-7.24,0,0,63,Technology,Computer Software: Prepackaged Software
GTX,Garrett Motion Inc.,1.58,-3.44,68,70,88,Consumer Discretionary,Auto Parts:O.E.M.
YPHDF,Ypsomed Holding AG,0.0,5.14,88,87,83,Healthcare,Medical Instruments & Supplies
EAT,"Brinker International, Inc.",-1.02,-10.95,0,0,89,Consumer Discretionary,Restaurants
RRR,"Red Rock Resorts, Inc.",2.21,-9.9,10,13,25,Consumer Discretionary,Hotels/Resorts
BMA,Banco Macro S.A.,-1.28,-3.25,75,72,51,Finance,Commercial Banks
MTHRY,"M3, Inc.",0.56,7.95,57,57,25,Healthcare,Health Information Services
PHJMF,PT Hanjaya Mandala Sampoerna Tbk,0.0,0.0,50,50,5,Consumer Defensive,Tobacco
HIMS,"Hims & Hers Health, Inc.",0.26,-4.38,4,3,14,Health Care,Medical/Nursing Services
LOAR,Loar Holdings Inc.,2.7,-10.11,10,11,28,Industrials,Military/Government/Technical
GLAPF,Glanbia plc,0.0,-5.82,2,1,84,Consumer Defensive,Packaged Foods
SCCTY,Scout24 SE,-4.24,-3.2,0,0,16,Communication Services,Internet Content & Information
CACC,Credit Acceptance Corporation,-0.2,3.66,85,84,69,Finance,Finance: Consumer Services
UBSI,"United Bankshares, Inc.",0.58,-2.97,50,45,70,Finance,Major Banks
LNSPF,LondonMetric Property Plc,0.0,-8.45,0,0,25,Real Estate,REIT - Industrial
LW,"Lamb Weston Holdings, Inc.",1.12,-11.03,2,1,37,Consumer Staples,Packaged Foods
SLFPY,Aberdeen Group Plc,0.0,2.23,78,60,78,Financial Services,Asset Management
TVAVF,The Tel-Aviv Stock Exchange Ltd.,0.0,15.19,95,95,62,Financial Services,Financial Data & Stock Exchanges
RSI,"Rush Street Interactive, Inc.",0.27,7.4,79,81,63,Consumer Discretionary,Services-Misc. Amusement & Recreation
SIGCY,SIG Group AG,-3.73,-14.5,0,0,54,Consumer Cyclical,Packaging & Containers
TAL,TAL Education Group,2.7,1.81,51,46,65,Real Estate,Other Consumer Services
FLG,"Flagstar Bank, National Association",-0.68,-7.57,9,0,33,Finance,Banks
SQNNY,"Square Enix Holdings Co., Ltd.",3.27,8.9,100,100,59,Communication Services,Electronic Gaming & Multimedia
JBHIF,JB Hi-Fi Limited,0.0,2.24,81,81,42,Consumer Cyclical,Specialty Retail
ACT,"Enact Holdings, Inc.",-0.14,-0.22,74,60,77,Finance,Specialty Insurers
BEPC,Brookfield Renewable Corporation,-0.26,-13.16,0,0,12,Utilities,Electric Utilities: Central
POR,Portland General Electric Company,-0.66,-4.15,0,0,39,Utilities,Electric Utilities: Central
BLTE,"Belite Bio, Inc",-0.73,4.52,55,54,91,Health Care,Biotechnology: Pharmaceutical Preparations
DFYFF,Definity Financial Corporation,0.42,-10.53,1,5,44,Financial Services,Insurance - Property & Casualty
ACMR,"ACM Research, Inc.",-0.54,-11.32,21,19,92,Technology,Industrial Machinery/Components
COIHY,Croda International Plc,-0.65,-1.91,33,30,67,Basic Materials,Specialty Chemicals
TFX,Teleflex Incorporated,-0.77,-4.41,0,6,47,Health Care,Medical/Dental Instruments
COCSF,"Coca-Cola FEMSA, S.A.B. de C.V.",1.11,-1.71,71,67,67,Consumer Defensive,Beverages - Non-Alcoholic
BURBY,Burberry Group plc,-0.51,-7.09,0,0,17,Consumer Cyclical,Luxury Goods
NOVT,Novanta Inc.,1.84,-12.37,26,25,58,Miscellaneous,Industrial Machinery/Components
GIGNY,Genting Singapore Limited,0.0,1.93,44,43,34,Consumer Cyclical,Resorts & Casinos
SBSNY,Vend Marketplaces ASA,1.51,-0.47,6,6,20,Communication Services,Internet Content & Information
S,"SentinelOne, Inc.",-0.3,-17.16,11,13,83,Technology,Computer Software: Prepackaged Software
ESAB,ESAB Corporation,2.05,-16.95,6,6,5,Industrials,Industrial Machinery/Components
TKMSF,TKMS AG & Co KGaA,0.0,-0.26,51,31,34,Industrials,Aerospace & Defense
DELKY,Delek Group Ltd.,-2.31,15.77,82,83,61,Energy,Oil & Gas E&P
ARGTF,Artemis Gold Inc.,0.44,4.28,35,33,68,Basic Materials,Other Precious Metals & Mining
XYIGY,Xinyi Glass Holdings Limited,0.0,-1.77,6,9,36,Basic Materials,Building Materials
SKSUF,"Sekisui Chemical Co., Ltd.",0.0,12.52,94,92,1,Industrials,Conglomerates
BLCO,Bausch + Lomb Corporation,-1.71,1.59,39,40,55,Health Care,Ophthalmic Goods
NSLYF,Nestlé (Malaysia) Berhad,0.0,3.11,84,86,71,Consumer Defensive,Packaged Foods
KRG,Kite Realty Group Trust,-0.23,-2.23,27,18,46,Real Estate,Real Estate Investment Trusts
LINRF,Liontown Limited,-14.69,-12.37,0,0,6,Basic Materials,Other Industrial Metals & Mining
HPHTY,Hamamatsu Photonics K.K.,0.0,-18.37,5,4,51,Technology,Electronic Components
ZEGLF,Zegona Communications plc,0.0,9.66,92,91,22,Communication Services,Telecom Services
SRTTY,"ZOZO, Inc.",0.0,-2.86,61,57,27,Consumer Cyclical,Internet Retail
ALM,Almonty Industries Inc.,-6.52,11.84,15,17,94,Basic Materials,Other Metals and Minerals
CGON,"CG Oncology, Inc.",0.49,-3.16,3,6,92,Health Care,Biotechnology: Biological Products (No Diagnostic Substances)
MATX,"Matson, Inc.",0.96,7.68,100,100,94,Consumer Discretionary,Marine Transportation
AUOTY,AUO Corporation,-0.62,19.73,93,93,96,Technology,Electronic Components
TMSNY,Temenos AG,-1.06,-7.59,0,0,32,Technology,Software - Application
TMHC,Taylor Morrison Home Corp,0.44,0.44,100,100,36,Consumer Discretionary,Homebuilding
JDSPY,JD Sports Fashion Plc,-3.77,-16.39,0,0,24,Consumer Cyclical,Apparel Retail
WILWY,Wallenius Wilhelmsen ASA,0.0,2.67,83,82,79,Industrials,Marine Shipping
NAVN,"Navan, Inc.",3.75,-29.25,6,6,86,Technology,Computer Software: Prepackaged Software
AUB,Atlantic Union Bankshares Corporation,0.25,-6.89,3,9,58,Finance,Major Banks
HPHTF,Hamamatsu Photonics K.K.,0.0,-6.3,3,3,52,Technology,Electronic Components
GAERF,"Grupo Aeroportuario del Centro Norte, S.A.B. de C.V.",0.0,-1.29,85,82,96,Industrials,Airports & Air Services
RANJF,Randstad N.V.,0.0,19.54,95,95,79,Industrials,Staffing & Employment Services
LPX,Louisiana-Pacific Corporation,2.39,-8.87,11,10,13,Basic Materials,Forest Products
MTG,MGIC Investment Corporation,-0.32,-0.32,30,27,67,Finance,Property-Casualty Insurers
GCHEF,"Grupo Comercial Chedraui, S.A.B. de C.V.",0.0,-4.24,13,9,32,Consumer Defensive,Grocery Stores
RUSHA,"Rush Enterprises, Inc.",0.25,-11.86,0,0,69,Consumer Discretionary,Retail-Auto Dealers and Gas Stations
CNVVY,Convatec Group PLC,-0.92,-4.61,0,0,40,Healthcare,Medical Instruments & Supplies
XENE,Xenon Pharmaceuticals Inc.,-0.26,-8.69,0,0,76,Health Care,Biotechnology: Pharmaceutical Preparations
DLB,"Dolby Laboratories, Inc.",2.97,3.38,70,65,52,Miscellaneous,Multi-Sector Companies
BB,BlackBerry Limited,1.72,-14.68,6,6,92,Technology,Computer Software: Prepackaged Software
CRC,California Resources Corporation,0.89,8.4,98,100,47,Energy,Oil & Gas Production
ZHEXF,"Zhejiang Expressway Co., Ltd.",0.0,1.3,14,11,14,Industrials,Infrastructure Operations
GTLB,GitLab Inc.,-0.66,8.4,73,71,92,Technology,Computer Software: Prepackaged Software
CWST,"Casella Waste Systems, Inc.",-0.03,-1.23,24,29,31,Utilities,Environmental Services
SMFRF,"Sumitomo Forestry Co., Ltd.",0.0,-0.77,28,28,1,Consumer Cyclical,Residential Construction
VSEC,VSE Corporation,1.21,-15.56,1,1,51,Consumer Discretionary,Military/Government/Technical
ARKAF,Arkema S.A.,0.0,1.4,77,75,55,Basic Materials,Specialty Chemicals
DUOL,"Duolingo, Inc.",-1.02,-0.29,49,49,36,Technology,Computer Software: Prepackaged Software
IIDDY,IGO Limited,0.0,8.18,91,89,64,Basic Materials,Other Industrial Metals & Mining
SIGIP,"Selective Insurance Group, Inc.",0.39,-1.15,42,42,27,Finance,Property-Casualty Insurers
CGHOF,China Gas Holdings Limited,0.0,3.92,86,85,6,Utilities,Utilities - Regulated Gas
AUTSF,AutoStore Holdings Ltd.,-4.02,-3.47,0,0,28,,
ALK,"Alaska Air Group, Inc.",2.62,-13.35,18,19,14,Consumer Discretionary,Air Freight/Delivery Services
DLPTF,"Liaoning Port Co., Ltd.",-58.33,-58.33,0,0,2,Industrials,Marine Shipping
KYSEF,"Kyushu Electric Power Company, Incorporated",13.13,27.06,100,100,1,Utilities,Utilities - Independent Power Producers
USSJY,"USS Co., Ltd.",0.0,-3.18,25,11,46,Consumer Cyclical,Auto & Truck Dealerships
SMBMF,Seatrium Limited,1.45,8.39,95,92,57,Energy,Oil & Gas Equipment & Services
BCPC,Balchem Corporation,-1.37,-7.2,0,0,41,Industrials,Major Chemicals
TCLHF,TCL Electronics Holdings Limited,-9.57,-7.8,0,0,73,Technology,Consumer Electronics
XMTR,"Xometry, Inc.",1.48,-8.85,23,21,92,Consumer Discretionary,Business Services
IEP,Icahn Enterprises L.P.,1.74,0.08,92,100,48,Consumer Discretionary,Auto Parts:O.E.M.
HCC,"Warrior Met Coal, Inc.",-3.82,3.59,9,13,74,Energy,Coal Mining
PUMSY,PUMA SE,-3.33,-17.0,0,0,23,Consumer Cyclical,Footwear & Accessories
KOTMY,"Koito Manufacturing Co., Ltd.",0.0,10.39,92,88,51,Consumer Cyclical,Auto Parts
NNNN,Anbio Biotechnology,-2.61,-38.21,0,0,1,Health Care,Biotechnology: In Vitro & In Vivo Diagnostic Substances
NTSK,"Netskope, Inc.",-2.65,-9.2,59,60,77,Technology,Computer Software: Prepackaged Software
PAM,Pampa Energía S.A.,-2.17,9.38,77,78,51,Utilities,Electric Utilities: Central
BECTY,Bechtle AG,0.0,0.28,94,93,62,Technology,Information Technology Services
DNTUY,Dentsu Group Inc.,0.0,-2.55,13,11,47,Communication Services,Advertising Agencies
OGS,"ONE Gas, Inc.",-1.05,-3.72,0,0,37,Utilities,Oil/Gas Transmission
GBTG,"Global Business Travel Group, Inc.",-0.21,0.0,59,61,76,Consumer Discretionary,Transportation Services
KYSEY,"Kyushu Electric Power Company, Incorporated",0.77,24.65,77,78,82,Utilities,Utilities - Independent Power Producers
IPGP,IPG Photonics Corporation,2.12,-4.71,56,57,10,Technology,Semiconductors
LBRDP,Liberty Broadband Corp,0.0,1.51,63,71,38,Telecommunications,Cable & Other Pay Television Services
LBRDK,Liberty Broadband Corporation,16.78,16.78,100,100,67,Telecommunications,Cable & Other Pay Television Services
DIOD,Diodes Incorporated,3.65,-2.24,40,41,88,Technology,Semiconductors
XNDU,Xanadu Quantum Technologies Limited,-4.01,-20.04,0,0,21,Technology,Computer Manufacturing
AMVIF,Aumovio SE,0.21,6.6,93,92,50,,
CGHLY,China Gas Holdings Limited,-11.37,-11.32,0,0,3,Utilities,Utilities - Regulated Gas
SITE,"SiteOne Landscape Supply, Inc.",-2.07,-5.05,0,0,7,Consumer Discretionary,Professional and commerical equipment
EIFZF,Exchange Income Corporation,-3.44,-10.53,16,9,77,Industrials,Airlines
NEXXY,Nexi S.p.A.,0.0,-2.72,0,0,62,Technology,Software - Infrastructure
AYYLF,Ayala Corporation,0.0,-4.71,23,19,46,Industrials,Conglomerates
CNX,CNX Resources Corporation,-2.07,1.5,35,39,45,Energy,Oil & Gas Production
MTN,"Vail Resorts, Inc.",5.07,-3.67,43,43,44,Consumer Discretionary,Services-Misc. Amusement & Recreation
KVYO,"Klaviyo, Inc.",1.43,-14.88,2,3,12,Technology,Computer Software: Prepackaged Software
QNTPF,XtalPi Holdings Limited,-4.2,-18.95,40,48,7,,
DNLZY,Dyno Nobel Limited,-6.55,0.37,49,48,76,Basic Materials,Specialty Chemicals
ATAT,Atour Lifestyle Holdings Limited,-1.34,-2.0,0,0,19,Consumer Discretionary,Hotels/Resorts
CHEOY,Cochlear Limited,-1.51,2.56,53,56,16,Healthcare,Medical Devices
NNI,"Nelnet, Inc.",0.72,-0.18,64,60,34,Finance,Finance: Consumer Services
AMVOY,Aumovio SE,-1.93,-0.17,75,74,37,Consumer Cyclical,Auto Parts
PUTKY,PT United Tractors Tbk,-0.8,15.64,89,90,41,Basic Materials,Other Industrial Metals & Mining
SEPLF,Seplat Energy Plc,0.0,26.86,96,96,98,Energy,Oil & Gas E&P
RIOCF,RioCan Real Estate Investment Trust,-1.46,-3.87,18,5,47,Real Estate,REIT - Retail
GSISF,Genesis Minerals Limited,0.19,0.64,32,33,84,Basic Materials,Gold
SMR,NuScale Power Corporation,-15.67,-12.59,0,0,3,Industrials,Metal Fabrications
FCN,"FTI Consulting, Inc.",-1.49,-3.48,0,12,21,Consumer Discretionary,Professional Services
UNF,UniFirst Corporation,1.44,-4.47,15,7,75,Consumer Discretionary,Other Consumer Services
RLI,RLI Corp.,0.07,-5.22,0,0,47,Finance,Property-Casualty Insurers
GMVHY,Entain Plc,0.45,-6.24,6,7,8,Consumer Cyclical,Gambling
KNTNF,K92 Mining Inc.,1.3,4.26,51,50,87,Basic Materials,Gold
UFPI,"UFP Industries, Inc.",0.45,-11.36,0,0,20,Basic Materials,Forest Products
SMDPY,"Sumitomo Pharma Co., Ltd.",0.0,17.02,80,79,40,Healthcare,Drug Manufacturers - Specialty & Generic
EBC,"Eastern Bankshares, Inc.",-0.3,-7.54,9,1,63,Finance,Savings Institutions
UUUU,Energy Fuels Inc.,-4.99,-11.18,0,0,13,Industrials,Mining & Quarrying of Nonmetallic Minerals (No Fuels)
MZDAY,Mazda Motor Corporation,4.25,2.79,48,46,41,Consumer Cyclical,Auto Manufacturers
AQN,Algonquin Power & Utilities Corp.,-2.21,-8.76,0,0,21,Utilities,Electric Utilities: Central
HSSKY,HASEKO Corporation,-0.06,-0.06,62,63,38,Consumer Cyclical,Residential Construction
ACDVF,Air Canada,-1.54,-8.93,12,11,89,Industrials,Airlines
IBOC,International Bancshares Corporation,-0.14,-2.39,43,40,36,Finance,Major Banks
YADGF,Yadea Group Holdings Ltd.,0.0,46.51,98,98,97,Consumer Cyclical,Auto Manufacturers
COLD,"Americold Realty Trust, Inc.",3.54,-3.31,52,50,69,Real Estate,Real Estate Investment Trusts
TFSL,TFS Financial Corporation,-0.41,-1.38,18,21,73,Finance,Savings Institutions
TBBB,BBB Foods Inc.,-1.71,2.56,72,74,91,Consumer Staples,Food Chains
FRMI,Fermi Inc.,2.04,-16.67,52,52,2,Real Estate,Real Estate Investment Trusts
HRI,Herc Holdings Inc.,-0.76,-16.03,11,8,51,Industrials,Misc Corporate Leasing Services
EXLS,"ExlService Holdings, Inc.",1.85,-0.31,27,32,51,Consumer Discretionary,Business Services
NHKGF,"NHK Spring Co., Ltd.",0.0,-15.14,6,3,1,Consumer Cyclical,Auto Parts
CUZ,Cousins Properties Incorporated,0.89,-5.85,10,14,53,Real Estate,Real Estate Investment Trusts
ACRXF,"Acerinox, S.A.",0.0,-6.45,15,11,90,Basic Materials,Steel
KPDCF,Keppel DC REIT,0.0,-15.4,47,44,24,Real Estate,REIT - Office
AD,"Array Digital Infrastructure, Inc.",0.18,6.78,89,88,45,Telecommunications,Telecommunications Equipment
INDV,"Indivior Pharmaceuticals, Inc.",-0.06,-9.76,5,7,48,Health Care,Biotechnology: Pharmaceutical Preparations
AVEX,AEVEX Corp.,1.07,-23.03,7,4,3,Industrials,Aerospace
RDNT,"RadNet, Inc.",1.63,-2.35,72,71,69,Health Care,Medical Specialities
KRNTY,Krones AG,0.0,0.0,65,65,14,Industrials,Specialty Industrial Machinery
MTH,Meritage Homes Corporation,3.66,-12.77,15,15,20,Consumer Discretionary,Homebuilding
FELE,"Franklin Electric Co., Inc.",0.71,-7.66,5,0,40,Consumer Discretionary,Metal Fabrications
NWE,"NorthWestern Energy Group, Inc.",-1.1,-2.28,12,9,54,Utilities,Power Generation
UPCHY,Uni-President China Holdings Ltd,0.0,-2.96,6,10,36,Consumer Defensive,Beverages - Non-Alcoholic
OLED,Universal Display Corporation,2.96,-8.14,38,38,10,Technology,Electrical Products
SZGPY,Salzgitter AG,0.0,8.57,96,96,90,Basic Materials,Steel
COCO,"The Vita Coco Company, Inc.",1.78,-20.24,3,4,19,Consumer Staples,Beverages (Production/Distribution)
BKGFY,The Berkeley Group Holdings plc,-0.21,-10.25,0,0,25,Consumer Cyclical,Residential Construction
TLPFF,Teleperformance SE,0.0,-1.52,6,12,76,Industrials,Specialty Business Services
SFBS,"ServisFirst Bancshares, Inc.",-0.5,-7.94,14,6,54,Finance,Major Banks
ELFIF,E-L Financial Corporation Limited,1.27,0.16,84,60,59,Financial Services,Insurance - Life
PTEN,"Patterson-UTI Energy, Inc.",-0.39,18.83,86,82,94,Energy,Oil & Gas Production
GRTUF,Granite Real Estate Investment Trust,-3.7,-5.9,0,0,42,Real Estate,REIT - Industrial
BETA,"BETA Technologies, Inc.",6.44,-19.32,21,19,34,Industrials,Aerospace
TAC,TransAlta Corporation,-0.82,-3.8,46,36,20,Utilities,Electric Utilities: Central
MANE,MANE,0.85,-10.84,16,12,96,Health Care,Biotechnology: Pharmaceutical Preparations
RMVEY,Rightmove plc,3.17,-1.96,20,19,35,Communication Services,Internet Content & Information
LBTYK,Liberty Global Ltd.,-2.4,-0.49,31,36,16,Telecommunications,Cable & Other Pay Television Services
WYGPF,Worley Limited,0.0,-1.04,83,70,18,Energy,Oil & Gas Equipment & Services
SLM,SLM Corporation,1.8,-5.67,18,18,59,Finance,Finance: Consumer Services
HCHDF,Hochschild Mining plc,0.24,22.15,61,61,84,Basic Materials,Other Precious Metals & Mining
THO,"THOR Industries, Inc.",1.18,-7.63,10,12,12,Industrials,Homebuilding
HGV,Hilton Grand Vacations Inc.,0.69,-12.11,0,0,14,Consumer Discretionary,Hotels/Resorts
SKT,Tanger Inc.,-0.27,-5.51,0,0,40,Real Estate,Real Estate Investment Trusts
FMCCG,Federal Home Loan Mortgage Corporation,0.0,2.76,13,21,9,Financial Services,Mortgage Finance
FMCCH,Federal Home Loan Mortgage Corporation,0.0,0.0,35,30,6,Financial Services,Mortgage Finance
FMCCS,Federal Home Loan Mortgage Corporation,-7.26,-7.33,0,0,4,Financial Services,Mortgage Finance
FREJP,Federal Home Loan Mortgage Corporation PFD 5.30%,0.0,0.0,65,65,5,Unknown,Unknown
FMCCJ,Federal Home Loan Mortgage Corporation,-0.52,-7.43,34,32,7,Financial Services,Mortgage Finance
FMCCT,Federal Home Loan Mortgage Corporation,-1.02,-3.0,7,3,5,Financial Services,Mortgage Finance
FREJN,Federal Home Loan Mortgage Corporation,0.0,0.0,65,65,9,Financial Services,Mortgage Finance
FMCKN,Federal Home Loan Mortgage Corporation,0.0,2.5,69,65,7,Financial Services,Mortgage Finance
CVCO,"Cavco Industries, Inc.",1.2,-12.76,3,2,25,Consumer Discretionary,Homebuilding
MWH,"SOLV Energy, Inc.",6.12,-20.56,25,23,12,Industrials,Military/Government/Technical
MNSO,MINISO Group Holding Limited,0.11,-23.2,0,0,2,Consumer Discretionary,Department/Specialty Retail Stores
PSKRF,Protector Forsikring ASA,0.0,3.87,4,7,98,Financial Services,Insurance - Specialty
PSKRY,Protector Forsikring ASA,0.0,0.0,65,65,47,Financial Services,Insurance - Specialty
VEMLY,Venture Corporation Limited,0.0,4.12,86,85,59,Technology,Electronic Components
LIVN,LivaNova PLC,0.0,-4.89,0,0,69,Health Care,Biotechnology: Electromedical & Electrotherapeutic Apparatus
BCHHF,Bucher Industries AG,0.0,0.0,65,65,16,Industrials,Specialty Industrial Machinery
GFF,Griffon Corporation,0.77,-9.18,17,9,70,Industrials,Building Products
KRC,Kilroy Realty Corporation,0.14,-5.68,0,0,29,Real Estate,Real Estate Investment Trusts
SOHVY,"Sumitomo Heavy Industries, Ltd.",-0.8,0.53,55,46,81,Industrials,Specialty Industrial Machinery
CVSA,Covista Inc.,1.18,-5.16,3,4,51,Real Estate,Other Consumer Services
DNP,DNP Select Income Fund Inc.,-0.38,-2.54,0,0,50,Finance,Investment Managers
ERAS,"Erasca, Inc.",-0.94,-11.09,4,6,98,Health Care,Biotechnology: Pharmaceutical Preparations
NDGPF,Nine Dragons Paper (Holdings) Limited,0.0,-11.58,8,6,49,Basic Materials,Paper & Paper Products
LOPE,"Grand Canyon Education, Inc.",-0.01,4.05,89,90,22,Real Estate,Other Consumer Services
SLGN,Silgan Holdings Inc.,0.16,-7.93,4,8,27,Industrials,Containers/Packaging
TUIFF,TUI AG,0.0,2.63,83,82,26,Consumer Cyclical,Travel Services
PJT,PJT Partners Inc.,-4.97,-8.62,0,0,46,Finance,Investment Managers
UCB,"United Community Banks, Inc.",0.4,-4.0,49,42,57,Finance,Major Banks
APNHY,Aspen Pharmacare Holdings Limited,-0.1,3.29,91,91,85,Healthcare,Drug Manufacturers - Specialty & Generic
VRNS,"Varonis Systems, Inc.",-0.84,-1.53,73,67,85,Technology,Computer Software: Prepackaged Software
SZGPF,Salzgitter AG,0.0,-0.15,92,91,88,Basic Materials,Steel
BNL,"Broadstone Net Lease, Inc.",-0.54,-3.86,0,0,55,Real Estate,Real Estate Investment Trusts
STNG,Scorpio Tankers Inc.,0.01,8.23,93,93,83,Consumer Discretionary,Marine Transportation
RGAKF,Rigaku Holdings Corporation,-0.19,-14.81,24,23,84,,
BELFA,Bel Fuse Inc.,3.27,-11.35,20,19,71,Technology,Electronic Components
UCTT,"Ultra Clean Holdings, Inc.",4.09,-20.31,40,41,95,Technology,Semiconductors
NVST,Envista Holdings Corporation,-1.24,-9.01,0,0,58,Health Care,Medical/Dental Instruments
INSW,"International Seaways, Inc.",1.48,14.46,100,100,97,Consumer Discretionary,Marine Transportation
CRGY,Crescent Energy Company,1.73,24.42,100,100,89,Energy,Oil & Gas Production
HP,"Helmerich & Payne, Inc.",-1.17,2.83,44,38,90,Energy,Oil & Gas Production
VKTX,"Viking Therapeutics, Inc.",-0.47,-2.91,1,0,45,Health Care,Biotechnology: Pharmaceutical Preparations
VLEEY,Valeo SE,-0.35,1.67,84,81,77,Consumer Cyclical,Auto Parts
TCMFF,Telecom Argentina S.A.,0.0,0.0,65,65,94,Communication Services,Telecom Services
TPC,Tutor Perini Corporation,3.36,-5.76,29,26,81,Consumer Discretionary,General Bldg Contractors - Nonresidential Bldgs
PAFRY,Pan African Resources PLC,0.0,44.05,97,96,89,Basic Materials,Gold
IRTC,"iRhythm Holdings, Inc.",-1.28,-9.52,0,0,12,Health Care,Medical/Dental Instruments
UTG,Reaves Utility Income Fund,0.13,-4.9,16,12,36,Finance,Investment Managers
MNGPF,Man Group Plc,0.0,0.0,65,65,82,Financial Services,Asset Management
TWODF,Taylor Wimpey plc,0.0,-3.85,0,0,17,Consumer Cyclical,Residential Construction
ACAD,ACADIA Pharmaceuticals Inc.,0.32,-1.94,10,12,74,Health Care,Biotechnology: Pharmaceutical Preparations
DORM,"Dorman Products, Inc.",0.02,-4.82,0,4,36,Consumer Discretionary,Auto Parts:O.E.M.
VCYT,"Veracyte, Inc.",-2.76,-4.06,8,11,49,Health Care,Medical Specialities
SKE,Skeena Resources Limited,1.54,-3.29,28,23,82,Basic Materials,Precious Metals
CLBT,Cellebrite DI Ltd.,-0.84,3.98,49,51,7,Technology,Computer Software: Prepackaged Software
AHEXY,Adecco Group AG,-0.27,3.3,72,68,81,Industrials,Staffing & Employment Services
SLTCY,Siltronic AG,0.0,-4.6,0,0,80,Technology,Semiconductors
TDW,Tidewater Inc.,1.07,1.58,37,31,87,Consumer Discretionary,Marine Transportation
JOE,The St. Joe Company,3.07,-3.42,30,30,53,Real Estate,Homebuilding
JUMSY,Jumbo S.A.,0.0,2.28,71,69,54,Consumer Cyclical,Specialty Retail
YETI,"YETI Holdings, Inc.",2.0,-11.46,11,10,26,Consumer Discretionary,Recreational Games/Products/Toys
KFY,Korn Ferry,-0.7,-8.53,0,0,62,Consumer Discretionary,Diversified Commercial Services
FCXXF,First Capital Real Estate Investment Trust,-0.31,-0.03,54,57,55,Real Estate,REIT - Retail
BMI,"Badger Meter, Inc.",0.1,-3.76,1,1,12,Industrials,Industrial Machinery/Components
TKKHF,Tikehau Capital,0.0,0.0,65,65,35,Financial Services,Asset Management
KC,Kingsoft Cloud Holdings Limited,0.61,-12.71,0,0,9,Technology,Computer Software: Prepackaged Software
BHF,"Brighthouse Financial, Inc.",-1.44,-15.84,0,0,12,Finance,Life Insurance
BHFAO,"Brighthouse Financial, Inc.",-0.11,3.1,77,72,23,Finance,Life Insurance
DAVE,Dave Inc.,-2.13,5.08,37,38,92,Finance,Finance: Consumer Services
CNS,"Cohen & Steers, Inc.",-2.23,-12.49,0,0,58,Finance,Investment Managers
GBNXF,Gibson Energy Inc.,-0.29,-2.73,8,9,65,Energy,Oil & Gas Midstream
OSIS,"OSI Systems, Inc.",1.51,-10.62,21,26,11,Technology,Semiconductors
TPZEF,Topaz Energy Corp.,-2.09,0.68,15,20,46,Energy,Oil & Gas Midstream
TSYHF,TravelSky Technology Limited,1.8,5.61,78,77,16,Technology,Information Technology Services
SPTJF,Sinopec Shanghai Petrochemical Company Limited,0.0,10.34,95,94,32,Energy,Oil & Gas Refining & Marketing
CALM,"Cal-Maine Foods, Inc.",0.37,-10.42,5,7,13,Consumer Staples,Farming/Seeds/Milling
FOUR,"Shift4 Payments, Inc.",4.69,-6.15,56,53,18,Consumer Discretionary,Business Services
VECO,Veeco Instruments Inc.,2.12,-16.33,24,22,67,Technology,Industrial Machinery/Components
HGTY,"Hagerty, Inc.",0.44,4.63,94,94,72,Finance,Specialty Insurers
NHPEF,New Hope Corporation Limited,1.95,18.39,100,100,86,Energy,Thermal Coal
ABG,"Asbury Automotive Group, Inc.",-0.15,-0.99,42,39,29,Consumer Discretionary,Retail-Auto Dealers and Gas Stations
QNTQY,QinetiQ Group plc,0.0,-16.69,0,0,36,Industrials,Aerospace & Defense
AB,AllianceBernstein Holding L.P.,-0.8,-1.37,23,38,35,Finance,Investment Managers
ARCAY,Arcadis NV,0.0,3.09,46,46,74,Industrials,Engineering & Construction
SIG,Signet Jewelers Limited,2.61,8.32,89,90,62,Consumer Discretionary,Consumer Specialties
NEA,Nuveen AMT-Free Quality Municipal Income Fund,0.46,-4.42,0,0,30,Finance,Finance/Investors Services
TSYHY,TravelSky Technology Limited,0.41,2.63,66,67,19,Technology,Information Technology Services
AYAAF,"Ayala Land, Inc.",0.0,0.0,65,65,10,Real Estate,Real Estate - Development
INOD,Innodata Inc.,0.19,-14.36,0,0,11,Technology,EDP Services
MCHB,Mechanics Bancorp,-0.39,-8.81,0,0,61,Finance,Major Banks
BULL,Webull Corporation,-0.86,15.97,67,65,74,Finance,Investment Bankers/Brokers/Service
JOYY,JOYY Inc.,3.25,7.05,100,100,77,Technology,EDP Services
OLGPF,Olam Group Limited,0.0,-15.46,4,2,61,Consumer Defensive,Food Distribution
COLM,Columbia Sportswear Company,0.89,-1.01,18,25,30,Consumer Discretionary,Apparel
SII,Sprott Inc.,5.31,13.53,81,78,82,Finance,Finance: Consumer Services
MHO,"M/I Homes, Inc.",0.57,-9.32,0,0,38,Consumer Discretionary,Homebuilding
NPEGF,"Nippon Electric Glass Co., Ltd.",0.0,-3.47,65,65,11,Technology,Electronic Components
CBU,"Community Financial System, Inc.",-0.26,-4.77,15,12,45,Finance,Major Banks
DNLI,Denali Therapeutics Inc.,-1.45,-15.03,0,0,57,Health Care,Biotechnology: Biological Products (No Diagnostic Substances)
MSGE,Madison Square Garden Entertainment Corp.,4.54,-6.05,36,41,87,Consumer Discretionary,Services-Misc. Amusement & Recreation
CC,The Chemours Company,-0.27,-0.94,0,2,17,Industrials,Major Chemicals
PTRN,Pattern Group Inc.,0.96,-12.14,21,22,81,Consumer Discretionary,Catalog/Specialty Distribution
KYIV,Kyivstar Group Ltd.,-1.87,3.34,63,56,57,Telecommunications,Telecommunications Equipment
NATL,NCR Atleos Corporation,0.8,-0.77,84,75,60,Miscellaneous,Office Equipment/Supplies/Services
AGO,Assured Guaranty Ltd.,-0.19,-3.77,16,20,20,Finance,Property-Casualty Insurers
FHB,"First Hawaiian, Inc.",0.33,-6.68,22,15,37,Finance,Major Banks
OPCH,"Option Care Health, Inc.",-0.63,-2.45,34,40,21,Health Care,Medical/Nursing Services
USLM,"United States Lime & Minerals, Inc.",1.67,0.41,51,40,42,Industrials,Mining & Quarrying of Nonmetallic Minerals (No Fuels)
OUTKY,Outokumpu Oyj,0.0,2.8,88,87,75,Basic Materials,Steel
AMFPF,Amplifon S.p.A.,0.0,0.0,65,65,10,Healthcare,Medical Distribution
HWKN,"Hawkins, Inc.",1.17,-2.96,55,61,10,Consumer Discretionary,Specialty Chemicals
YAMCY,Yamaha Corporation,-1.83,-8.23,7,6,66,Consumer Cyclical,Leisure
TBCCF,TBC Bank Group PLC,2.61,10.85,100,100,74,Financial Services,Banks - Regional
TGSGY,TGS ASA,-0.4,5.46,75,77,88,Energy,Oil & Gas Equipment & Services
ARLP,"Alliance Resource Partners, L.P.",-1.27,6.63,73,74,60,Energy,Coal Mining
RCUS,"Arcus Biosciences, Inc.",-5.97,-14.8,0,0,78,Health Care,Biotechnology: Pharmaceutical Preparations
SMUPF,Sims Limited,0.0,0.0,65,65,86,Basic Materials,Steel
SHOO,"Steven Madden, Ltd.",3.82,-8.87,29,24,62,Consumer Discretionary,Shoe Manufacturing
NICMF,Nickel Industries Limited,0.0,5.57,60,55,52,Basic Materials,Other Industrial Metals & Mining
GARPF,Golden Agri-Resources Ltd,0.0,4.0,97,96,63,Consumer Defensive,Farm Products
SKLTY,SEEK Limited,1.02,-8.01,1,1,7,Communication Services,Internet Content & Information
AMBA,"Ambarella, Inc.",-0.01,-17.2,30,30,36,Technology,Semiconductors
DNN,Denison Mines Corp.,-6.5,-7.36,0,0,39,Basic Materials,Other Metals and Minerals
TOEAF,"Toei Animation Co.,Ltd.",0.0,2.33,82,81,1,Communication Services,Entertainment
TMRAF,Tomra Systems ASA,0.0,-13.55,1,3,15,Industrials,Waste Management
ATRO,Astronics Corporation,0.67,-20.12,4,3,90,Industrials,Military/Government/Technical
XISHY,Xinyi Solar Holdings Limited,0.0,-7.77,24,18,6,Technology,Solar
SOCNF,Socionext Inc.,0.0,-10.05,9,4,1,Industrials,Electrical Equipment & Parts
CTRI,"Centuri Holdings, Inc.",-0.44,-12.69,0,1,6,Utilities,Oil & Gas Production
TMRAY,Tomra Systems ASA,-0.29,-11.2,0,0,16,Industrials,Waste Management
ADX,"Adams Diversified Equity Fund, Inc.",1.14,-2.35,29,22,65,Finance,Investment Managers
KPLUY,K+S Aktiengesellschaft,-5.53,9.89,66,67,78,Basic Materials,Agricultural Inputs
WIX,Wix.com Ltd.,1.4,-4.35,25,26,58,Technology,Computer Software: Programming Data Processing
WBRBY,Wienerberger AG,1.9,-10.81,10,10,8,Basic Materials,Building Materials
MAURY,"Marui Group Co., Ltd.",0.0,-2.02,34,33,31,Financial Services,Credit Services
MZTI,The Marzetti Company,2.54,-10.54,18,19,8,Consumer Staples,Packaged Foods
KBH,KB Home,2.95,-12.73,11,11,14,Consumer Discretionary,Homebuilding
FSM,Fortuna Mining Corp.,-0.5,14.3,69,69,84,Basic Materials,Precious Metals
UNLRF,PT Unilever Indonesia Tbk,0.0,92.73,98,98,70,Consumer Defensive,Household & Personal Products
LXP,LXP Industrial Trust,0.03,0.15,71,61,80,Real Estate,Real Estate Investment Trusts
ATROB,Astronics Corporation,-0.8,-20.32,5,4,87,Industrials,Aerospace & Defense
ITGR,Integer Holdings Corporation,-0.04,0.75,70,75,90,Health Care,Biotechnology: Electromedical & Electrotherapeutic Apparatus
BHE,"Benchmark Electronics, Inc.",5.16,-3.34,59,62,87,Technology,Electrical Products
GEO,"The GEO Group, Inc.",0.35,3.69,45,40,93,Consumer Discretionary,Homebuilding
HYMC,Hycroft Mining Holding Corporation,-0.98,-20.29,0,0,92,Basic Materials,Precious Metals
RTOXF,Rotork plc,0.0,1.65,90,89,94,Industrials,Specialty Industrial Machinery
AYA,Aya Gold & Silver Inc.,-1.58,3.82,61,62,97,Basic Materials,Precious Metals
MITFF,Mitie Group plc,0.0,7.2,38,32,83,Industrials,Specialty Business Services
BBAGF,BB Biotech AG,0.0,0.0,65,65,39,Healthcare,Biotechnology
PATK,"Patrick Industries, Inc.",-1.95,-14.62,0,0,7,Consumer Discretionary,Auto Parts:O.E.M.
NTCT,"NetScout Systems, Inc.",1.63,-4.2,52,54,71,Technology,EDP Services
NIPOF,Japan Hotel REIT Investment Corporation,0.0,0.0,65,65,2,Real Estate,REIT - Hotel & Motel
QTWO,"Q2 Holdings, Inc.",0.93,-8.05,18,22,60,Technology,Computer Software: Prepackaged Software
CPK,Chesapeake Utilities Corporation,0.18,-4.09,0,0,47,Utilities,Oil & Gas Production
CSMYF,COSMOS Pharmaceutical Corporation,0.0,0.0,65,65,1,Healthcare,Pharmaceutical Retailers
SBCF,Seacoast Banking Corporation of Florida,0.35,-5.43,34,30,57,Finance,Major Banks
TATYF,Tate & Lyle plc,0.0,0.0,65,65,77,Consumer Defensive,Packaged Foods
HG,"Hamilton Insurance Group, Ltd.",-0.14,-1.02,44,33,80,Finance,Property-Casualty Insurers
DBRG,"DigitalBridge Group, Inc.",-0.13,-0.06,59,55,58,Real Estate,Real Estate Investment Trusts
OUST,"Ouster, Inc.",0.28,-21.72,13,12,71,Industrials,Industrial Machinery/Components
PHPPY,Signify N.V.,0.0,-2.85,0,0,7,Industrials,Electrical Equipment & Parts
CWK,Cushman & Wakefield Limited,1.74,-10.23,5,4,24,Finance,Real Estate
AEHR,"Aehr Test Systems, Inc.",0.94,-23.2,28,28,98,Industrials,Electrical Products
EXALF,Exail Technologies,0.0,-0.32,52,51,56,Industrials,Aerospace & Defense
PFS,"Provident Financial Services, Inc.",-0.09,-5.93,17,18,60,Finance,Savings Institutions
SSSAF,Shurgard Self Storage Ltd,1.82,-7.08,26,28,14,Real Estate,REIT - Specialty
BSM,"Black Stone Minerals, L.P.",0.4,4.24,92,80,62,Energy,Oil & Gas Production
HIW,"Highwoods Properties, Inc.",1.61,-1.23,40,42,68,Real Estate,Real Estate Investment Trusts
AMPX,"Amprius Technologies, Inc.",-1.15,-20.94,0,0,6,Miscellaneous,Industrial Machinery/Components
DREUF,Dream Industrial Real Estate Investment Trust,0.97,-5.7,1,1,41,Real Estate,REIT - Industrial
CFNCF,Compagnie Financière Tradition SA,0.0,-4.21,60,58,78,Financial Services,Capital Markets
FPAFF,First Pacific Company Limited,-4.55,-3.48,28,20,16,Consumer Defensive,Packaged Foods
HOEGF,Höegh Autoliners ASA,0.0,-0.48,43,38,90,Industrials,Marine Shipping
PLMR,"Palomar Holdings, Inc.",0.56,4.63,86,86,63,Finance,Property-Casualty Insurers
EXPO,"Exponent, Inc.",-0.18,-1.03,36,39,49,Consumer Discretionary,Professional Services
PLXNF,Pluxee N.V.,0.0,0.0,65,65,44,Industrials,Specialty Business Services
DX,"Dynex Capital, Inc.",-0.32,-2.59,0,0,44,Real Estate,Real Estate Investment Trusts
WHR,Whirlpool Corporation,-1.89,-17.83,0,0,3,Consumer Discretionary,Consumer Electronics/Appliances
DBD,"Diebold Nixdorf, Incorporated",0.54,-9.16,0,0,21,Miscellaneous,Office Equipment/Supplies/Services
KNKZF,KWS SAAT SE & Co. KGaA,0.0,0.0,65,65,45,Basic Materials,Agricultural Inputs
WOR,"Worthington Enterprises, Inc.",-1.18,-2.11,7,7,38,Industrials,Steel/Iron Ore
SVM,Silvercorp Metals Inc.,-1.73,1.1,23,22,89,Basic Materials,Precious Metals
HMDPF,Hammond Power Solutions Inc.,2.13,-5.07,82,88,85,Industrials,Electrical Equipment & Parts
NAD,Nuveen Quality Municipal Income Fund,0.73,-6.6,0,0,26,Finance,Investment Managers
FPAFY,First Pacific Company Limited,-0.31,-1.42,60,48,21,Consumer Defensive,Packaged Foods
PTON,"Peloton Interactive, Inc.",0.61,-10.97,0,0,16,Consumer Discretionary,Recreational Games/Products/Toys
EEFT,"Euronet Worldwide, Inc.",2.05,-2.76,80,76,33,Finance,Investment Bankers/Brokers/Service
ALMS,Alumis Inc.,-7.27,-62.39,0,0,12,Health Care,Biotechnology: Pharmaceutical Preparations
HLIO,"Helios Technologies, Inc.",3.82,-12.92,16,17,52,Industrials,Metal Fabrications
FA,First Advantage Corporation,3.92,-4.41,95,91,92,Technology,EDP Services
GARPY,Golden Agri-Resources Ltd,0.0,9.83,92,91,69,Consumer Defensive,Farm Products
CSPKF,COSCO SHIPPING Ports Limited,0.0,28.9,97,97,86,Industrials,Marine Shipping
UNIT,Uniti Group Inc.,2.03,2.86,63,64,69,Real Estate,Real Estate Investment Trusts
INTR,"Inter & Co, Inc.",-1.21,9.39,80,75,10,Finance,Commercial Banks
PRVA,"Privia Health Group, Inc.",0.25,-6.16,0,4,17,Health Care,Medical/Nursing Services
CWT,California Water Service Group,-1.31,-3.93,0,0,55,Utilities,Water Supply
CARG,"CarGurus, Inc.",3.38,-9.26,40,38,55,Technology,EDP Services
WDFC,WD-40 Company,-2.12,-15.33,0,0,21,Industrials,Major Chemicals
ARQT,"Arcutis Biotherapeutics, Inc.",2.16,-7.53,16,11,41,Health Care,Biotechnology: Pharmaceutical Preparations
ALFRY,Alfresa Holdings Corporation,0.0,0.0,65,65,21,Healthcare,Medical Distribution
VIVHY,Vivendi SE,5.49,-4.95,32,30,3,Communication Services,Electronic Gaming & Multimedia
HSQVY,Husqvarna AB (publ),0.13,-5.64,0,0,12,Industrials,Tools & Accessories
CZMWF,Carl Zeiss Meditec AG,0.0,18.82,95,95,61,Healthcare,Medical Instruments & Supplies
ASH,Ashland Inc.,0.3,-2.77,0,0,77,Consumer Discretionary,Specialty Chemicals
FBGGF,Fabege AB (publ),0.0,0.0,65,65,76,Real Estate,Real Estate Services
DFTX,"Definium Therapeutics, Inc.",3.07,-11.41,16,13,98,Health Care,Medicinal Chemicals and Botanical Products
DHT,"DHT Holdings, Inc.",2.66,22.22,100,100,95,Consumer Discretionary,Marine Transportation
DKL,"Delek Logistics Partners, LP",-0.18,8.8,86,88,72,Energy,Natural Gas Distribution
AFBOF,African Rainbow Minerals Limited,0.0,0.0,65,65,93,Basic Materials,Other Industrial Metals & Mining
IPEU,IPE Universal Inc.,0.0,0.0,65,65,82,Technology,Software - Application
MLYS,"Mineralys Therapeutics, Inc.",-3.75,8.09,51,53,31,Health Care,Biotechnology: Pharmaceutical Preparations
TRMK,Trustmark Corporation,-0.99,-2.16,65,66,61,Finance,Major Banks
KPLIF,Keppel Infrastructure Trust,0.0,-2.0,79,83,83,Basic Materials,Specialty Chemicals
DJT,Trump Media & Technology Group Corp.,-1.37,4.34,38,40,13,Technology,Computer Software: Programming Data Processing
SMSGY,Samsonite Group S.A.,-0.37,-7.93,46,43,8,Consumer Cyclical,Footwear & Accessories
MXCHF,"Orbia Advance Corporation, S.A.B. de C.V.",0.0,-10.71,9,6,66,Industrials,Conglomerates
HXPLF,HEXPOL AB (publ),0.0,7.57,91,88,71,Basic Materials,Specialty Chemicals
AUKUF,ams-OSRAM AG,0.0,19.4,95,95,93,Technology,Semiconductors
HOG,"Harley-Davidson, Inc.",3.38,0.07,72,65,71,Consumer Discretionary,Motor Vehicles
AMSSY,ams-OSRAM AG,0.09,-6.8,51,51,95,Technology,Semiconductors
SPXX,Nuveen S&P 500 Dynamic Overwrite Fund,0.85,-1.4,30,37,57,Finance,Trusts Except Educational Religious and Charitable
HNLGY,Hang Lung Group Limited,0.0,-5.41,43,42,16,Real Estate,Real Estate Services
SHCAY,Sharp Corporation,2.91,9.28,100,100,43,Technology,Consumer Electronics
AMR,"Alpha Metallurgical Resources, Inc.",-3.82,34.58,64,64,70,Energy,Coal Mining
ROG,Rogers Corporation,3.01,-0.75,64,66,82,Industrials,Major Chemicals
WTTR,"Select Water Solutions, Inc.",1.38,1.33,79,81,94,Energy,Oilfield Services/Equipment
PTY,PIMCO Corporate & Income Opportunity Fund,-0.44,-1.8,0,23,29,Finance,Investment Managers
BGAOY,Proximus PLC,0.0,0.73,27,32,16,Communication Services,Telecom Services
RLX,RLX Technology Inc.,-0.56,-11.5,7,10,8,Health Care,Medicinal Chemicals and Botanical Products
RUSMF,Russel Metals Inc.,-1.59,-5.31,50,46,93,Industrials,Industrial Distribution
OCDDY,Ocado Group plc,0.87,-21.96,0,0,27,Consumer Defensive,Grocery Stores
ILKAF,Iluka Resources Limited,-5.26,-10.53,0,0,41,Basic Materials,Other Industrial Metals & Mining
JBFCF,Jollibee Foods Corporation,-5.51,-4.0,6,8,15,Consumer Cyclical,Restaurants
CDLR,Cadeler A/S,1.37,14.34,96,90,72,Consumer Discretionary,Marine Transportation
UA,"Under Armour, Inc.",3.1,-4.77,42,40,25,Consumer Discretionary,Apparel
CLDX,"Celldex Therapeutics, Inc.",-3.15,-13.4,0,0,82,Health Care,Biotechnology: In Vitro & In Vivo Diagnostic Substances
ALGT,Allegiant Travel Company,2.89,-9.46,48,48,36,Consumer Discretionary,Air Freight/Delivery Services
SOTDY,Ströer SE & Co. KGaA,0.0,-3.8,21,10,41,Communication Services,Advertising Agencies
GRDN,"Guardian Pharmacy Services, Inc.",-0.43,13.47,92,92,79,Consumer Staples,Retail-Drug Stores and Proprietary Stores
ULIHF,The United Laboratories International Holdings Limited,0.0,-10.89,8,4,23,Healthcare,Drug Manufacturers - Specialty & Generic
HYSNY,Hysan Development Company Limited,0.0,-11.88,6,3,22,Real Estate,Real Estate Services
AGYS,"Agilysys, Inc.",-0.93,-9.3,0,0,58,Technology,EDP Services
KRKKF,KRUK Spólka Akcyjna,0.0,0.0,65,65,87,Financial Services,Credit Services
FBNC,First Bancorp,-0.59,-2.77,54,44,65,Finance,Major Banks
ADPT,Adaptive Biotechnologies Corporation,-0.12,-1.06,5,3,94,Health Care,Biotechnology: Biological Products (No Diagnostic Substances)
TRRVF,TerraVest Industries Inc.,-4.12,-12.0,21,21,24,Energy,Oil & Gas Equipment & Services
OSW,OneSpaWorld Holdings Limited,-0.82,-19.09,0,0,32,Consumer Discretionary,Hotels/Resorts
XIFR,"XPLR Infrastructure, LP",-0.7,-1.72,25,22,55,Utilities,Electric Utilities: Central
ANDE,"The Andersons, Inc.",-1.27,8.95,84,84,78,Industrials,Farming/Seeds/Milling
CMPR,Cimpress plc,0.83,-12.91,1,4,63,Consumer Discretionary,Publishing
KGTHY,Krungthai Card Public Company Limited,-3.48,-3.48,0,0,78,Financial Services,Credit Services
BKE,"The Buckle, Inc.",1.02,-9.19,2,1,11,Consumer Discretionary,Clothing/Shoe/Accessory Stores
RARE,Ultragenyx Pharmaceutical Inc.,-0.69,-45.79,0,0,2,Health Care,Biotechnology: Pharmaceutical Preparations
GGGSY,Greggs plc,3.01,-0.37,100,100,67,Consumer Cyclical,Restaurants
TSRYF,Treasury Wine Estates Limited,0.0,-14.09,6,3,60,Consumer Defensive,Beverages - Wineries & Distilleries
MPJPY,Metaplanet Inc.,0.91,24.25,43,43,12,,
LU,Lufax Holding Ltd,0.0,-19.87,0,1,3,Finance,Finance: Consumer Services
MTPLF,Metaplanet Inc.,2.86,20.8,47,46,9,Consumer Cyclical,Restaurants
WOSGF,Watches of Switzerland Group PLC,1.77,-9.77,6,5,80,Consumer Cyclical,Luxury Goods
BUSE,First Busey Corporation,0.2,-2.4,59,58,71,Finance,Major Banks
CROMF,Crombie Real Estate Investment Trust,0.0,-2.11,19,9,37,Real Estate,REIT - Diversified
BVNRY,Bavarian Nordic A/S,0.09,12.71,53,53,50,Healthcare,Biotechnology
AVVOF,Avio S.p.A.,0.0,-14.45,16,13,14,Industrials,Aerospace & Defense
TBBK,"The Bancorp, Inc.",0.66,-26.77,3,4,11,Finance,Major Banks
OCDGF,Ocado Group plc,-3.5,-18.82,0,0,26,Consumer Defensive,Grocery Stores
SHHFF,The Schiehallion Fund Limited,1.39,15.11,43,68,96,,
DAC,Danaos Corporation,1.56,13.51,100,100,91,Consumer Discretionary,Marine Transportation
NZTCF,Spark New Zealand Limited,0.0,27.63,96,96,65,Communication Services,Telecom Services
BCRX,"BioCryst Pharmaceuticals, Inc.",-2.05,-17.23,0,0,33,Health Care,Biotechnology: Biological Products (No Diagnostic Substances)
ASRHF,Astroscale Holdings Inc.,-2.0,-10.68,0,0,52,,
PBH,Prestige Consumer Healthcare Inc.,-0.82,-8.52,0,0,13,Health Care,Biotechnology: Pharmaceutical Preparations
DXPE,"DXP Enterprises, Inc.",2.16,-3.11,43,40,89,Industrials,Industrial Machinery/Components
GEBHY,Genting Berhad,3.85,0.0,51,47,15,Consumer Cyclical,Resorts & Casinos
PCTTU,"PureCycle Technologies, Inc.",0.0,0.0,65,65,35,Industrials,Major Chemicals
ALRM,"Alarm.com Holdings, Inc.",0.34,-0.77,30,34,60,Technology,Computer Software: Prepackaged Software
CDNL,Cardinal Infrastructure Group Inc.,4.51,2.86,12,12,49,Industrials,Military/Government/Technical
GRND,Grindr Inc.,-0.65,-2.98,34,38,73,Technology,Computer Software: Programming Data Processing
RVT,"Royce Small-Cap Trust, Inc.",1.14,-4.31,7,6,58,Finance,Trusts Except Educational Religious and Charitable
DRSHF,DroneShield Limited,-0.41,-16.9,3,0,3,Industrials,Aerospace & Defense
BANR,Banner Corporation,0.68,-3.24,62,63,60,Finance,Major Banks
MTTRY,Ceconomy AG,0.0,-13.75,13,12,13,Consumer Cyclical,Specialty Retail
PFSTY,PFISTERER Holding SE,0.0,0.0,57,36,34,Technology,Electronic Components
CENT,Central Garden & Pet Company,1.34,-9.56,8,11,49,Consumer Discretionary,Consumer Specialties
PBI,Pitney Bowes Inc.,0.53,2.46,79,74,88,Miscellaneous,Office Equipment/Supplies/Services
CLM,"Cornerstone Strategic Investment Fund, Inc.",0.15,-10.82,1,0,23,Finance,Finance/Investors Services
SRRLF,Sirius Real Estate Limited,0.0,-6.72,13,6,28,Real Estate,Real Estate Services
MBINL,Merchants Bancorp,-0.4,-0.43,39,42,51,Finance,Major Banks
LMAT,"LeMaitre Vascular, Inc.",2.27,-1.34,42,36,15,Health Care,Medical/Dental Instruments
PSNY,Polestar Automotive Holding UK PLC,1.55,-43.15,1,1,1,Industrials,Auto Manufacturing
OSHDF,Oshidori International Holdings Limited,0.0,0.0,65,65,99,Financial Services,Capital Markets
GCMG,GCM Grosvenor Inc.,0.47,-7.81,0,0,65,Finance,Investment Managers
JPFAF,PT Japfa Comfeed Indonesia Tbk,0.0,0.0,65,65,1,Consumer Defensive,Farm Products
BSTZ,BlackRock Science and Technology Term Trust,0.84,-1.45,67,66,83,Finance,Trusts Except Educational Religious and Charitable
CDDRF,Headwater Exploration Inc.,-2.92,1.69,17,20,82,Energy,Oil & Gas E&P
MCRI,"Monarch Casino & Resort, Inc.",1.91,-0.49,52,43,60,Consumer Discretionary,Hotels/Resorts
CPRI,Capri Holdings Limited,7.84,-10.96,50,52,3,Consumer Discretionary,Apparel
DSITF,Currys plc,0.0,-8.38,0,0,50,Consumer Cyclical,Specialty Retail
BRSL,Brightstar Lottery PLC,1.31,-5.74,4,3,12,Consumer Discretionary,Services-Misc. Amusement & Recreation
VAIAF,Vaisala Oyj,0.0,10.95,93,93,71,Technology,Scientific & Technical Instruments
CMPNF,Champion Real Estate Investment Trust,0.0,0.0,65,65,68,Real Estate,REIT - Retail
AXGN,"Axogen, Inc.",0.74,-12.26,0,0,90,Health Care,Biotechnology: Electromedical & Electrotherapeutic Apparatus
CLOV,"Clover Health Investments, Corp.",2.34,7.35,100,100,93,Health Care,Medical Specialities
PHVS,Pharvaris N.V.,1.36,11.69,100,100,88,Health Care,Biotechnology: Pharmaceutical Preparations
CXW,"CoreCivic, Inc.",1.51,10.54,99,100,94,Real Estate,Real Estate Investment Trusts
ESTA,Establishment Labs Holdings Inc.,-0.63,-6.15,20,21,61,Health Care,Industrial Specialties
GENSY,Genus plc,0.0,0.0,65,65,21,Healthcare,Biotechnology
NWBI,"Northwest Bancshares, Inc.",0.0,-1.9,70,68,73,Finance,Major Banks
EBLMY,Etablissements Maurel & Prom S.A.,0.0,5.25,88,87,72,Energy,Oil & Gas E&P
MGNI,"Magnite, Inc.",0.93,-3.3,43,33,91,Technology,Computer Software: Programming Data Processing
NWN,Northwest Natural Holding Company,-1.26,-4.66,0,0,46,Utilities,Oil/Gas Transmission
JBLU,JetBlue Airways Corporation,0.23,-24.14,1,2,20,Consumer Discretionary,Air Freight/Delivery Services
DBMBF,FIBRA Macquarie México,0.0,0.0,10,13,63,Real Estate,REIT - Industrial
SHO,"Sunstone Hotel Investors, Inc.",0.09,0.83,37,40,59,Consumer Discretionary,Hotels/Resorts
DHC,Diversified Healthcare Trust,-0.53,-10.39,6,4,71,Real Estate,Real Estate Investment Trusts
ZLAB,Zai Lab Limited,-0.12,-7.26,0,0,75,Health Care,Biotechnology: Pharmaceutical Preparations
ZIZTF,Zip Co Limited,0.0,-11.17,14,9,27,Financial Services,Credit Services
NBTX,Nanobiotix S.A.,-1.57,-3.04,3,5,96,Health Care,Biotechnology: Pharmaceutical Preparations
NEXA,Nexa Resources S.A.,1.29,-7.12,6,2,93,Basic Materials,Metal Mining
FRHLF,Freehold Royalties Ltd.,-1.25,3.14,60,59,61,Energy,Oil & Gas E&P
TINLY,Teijin Limited,0.0,-1.97,34,21,66,Industrials,Conglomerates
PKCOY,"PARK24 Co., Ltd.",0.0,-2.27,94,94,55,Industrials,Infrastructure Operations
MESO,Mesoblast Limited,-0.13,-6.12,5,8,36,Health Care,Biotechnology: Biological Products (No Diagnostic Substances)
GRC,The Gorman-Rupp Company,1.69,-6.6,10,12,81,Industrials,Fluid Controls
STC,Stewart Information Services Corporation,-0.48,-2.14,0,0,34,Finance,Specialty Insurers
AUPH,Aurinia Pharmaceuticals Inc.,-0.06,6.06,45,47,56,Health Care,Biotechnology: Pharmaceutical Preparations
GTY,Getty Realty Corp.,-0.62,-2.54,0,0,52,Finance,Real Estate
YLLXF,Yellow Cake plc,0.0,3.7,50,49,42,Energy,Uranium
SNWGF,Snowline Gold Corp.,-1.07,-2.76,6,1,77,Basic Materials,Gold
SXGCF,Southern Cross Gold Consolidated Ltd.,-0.11,2.66,61,56,93,Basic Materials,Gold
CELJF,Cellcom Israel Ltd.,0.0,20.16,95,96,58,Communication Services,Telecom Services
VRDN,"Viridian Therapeutics, Inc.",-4.71,-3.41,0,0,40,Health Care,Medical Specialities
DEUZF,DEUTZ Aktiengesellschaft,0.0,15.85,96,95,88,Industrials,Specialty Industrial Machinery
FCF,First Commonwealth Financial Corporation,0.28,-1.48,85,85,72,Finance,Major Banks
GRGCF,Georgia Capital PLC,0.0,-7.11,15,11,85,Financial Services,Financial Conglomerates
EZPW,"EZCORP, Inc.",0.0,13.33,59,56,87,Consumer Discretionary,Other Specialty Stores
LTC,"LTC Properties, Inc.",-0.54,8.98,83,84,70,Real Estate,Real Estate Investment Trusts
TGLS,Tecnoglass Holdings Inc.,0.03,-9.02,14,7,8,Consumer Discretionary,Electronic Components
RXRX,"Recursion Pharmaceuticals, Inc.",1.27,-3.32,24,27,16,Health Care,Biotechnology: Biological Products (No Diagnostic Substances)
NWARF,Norwegian Air Shuttle ASA,0.0,1.48,88,87,18,Industrials,Airlines
FFXDF,Fairfax India Holdings Corporation,0.02,-4.63,0,0,39,Financial Services,Asset Management
SRPT,"Sarepta Therapeutics, Inc.",-0.34,11.02,49,48,72,Health Care,Biotechnology: Pharmaceutical Preparations
HVBVF,Havas N.V.,0.0,0.0,29,24,56,,
CMGMF,Chemring Group PLC,0.0,-16.18,6,3,43,Industrials,Aerospace & Defense
POET,POET Technologies Inc.,4.61,-10.77,36,35,37,Technology,Semiconductors
COTY,Coty Inc.,2.66,-1.82,16,21,51,Consumer Discretionary,Package Goods/Cosmetics
NBHC,National Bank Holdings Corporation,0.46,-3.25,62,63,48,Finance,Major Banks
PAX,Patria Investments Limited,-1.21,-8.68,0,0,14,Finance,Investment Managers
ASPHF,Ascentage Pharma Group International,0.0,0.0,65,65,4,Healthcare,Biotechnology
WB,Weibo Corporation,0.3,-13.22,0,1,7,Technology,Computer Software: Programming Data Processing
AAPG,AAPG,-3.42,-15.26,0,0,4,Health Care,Biotechnology: Pharmaceutical Preparations
MNHFF,Mayr-Melnhof Karton AG,0.0,0.0,65,65,56,Consumer Cyclical,Packaging & Containers
ZYME,Zymeworks Inc.,-0.74,1.86,24,25,75,Health Care,Biotechnology: Pharmaceutical Preparations
HMN,Horace Mann Educators Corporation,-1.53,-5.99,0,0,51,Finance,Property-Casualty Insurers
PLGO,PLGO,0.12,10.77,92,89,80,Finance,Property-Casualty Insurers
GEL,"Genesis Energy, L.P.",-1.7,-0.76,1,9,32,Energy,Oil Refining/Marketing
INVX,"Innovex International, Inc.",1.48,-2.11,66,58,81,Consumer Discretionary,Oil and Gas Field Machinery
ALG,Alamo Group Inc.,1.08,3.36,77,75,38,Industrials,Industrial Machinery/Components
IOVA,"Iovance Biotherapeutics, Inc.",5.65,31.9,81,80,98,Health Care,Biotechnology: Biological Products (No Diagnostic Substances)
ERMAY,ERAMET S.A.,0.0,-2.2,57,48,19,Basic Materials,Other Industrial Metals & Mining
WLTH,Wealthfront Corporation,-4.6,9.84,72,71,42,Finance,Finance: Consumer Services
CIAFF,Champion Iron Limited,-0.42,-4.03,0,0,7,Basic Materials,Steel
GOF,Guggenheim Strategic Opportunities Fund,0.11,-12.64,0,0,13,Finance,Finance/Investors Services
ILPMF,Permanent TSB Group Holdings plc,0.0,10.16,93,93,39,Financial Services,Banks - Regional
WMK,"Weis Markets, Inc.",1.38,0.87,100,100,37,Consumer Staples,Food Chains
ASTVF,Austevoll Seafood ASA,0.0,8.7,90,88,43,Consumer Defensive,Farm Products
MAWHY,Man Wah Holdings Limited,-0.96,-14.1,0,0,6,Consumer Cyclical,"Furnishings, Fixtures & Appliances"
RMGGF,Resolute Mining Limited,7.92,34.57,100,100,92,Basic Materials,Gold
QURE,uniQure N.V.,0.09,-5.42,5,4,97,Health Care,Biotechnology: Pharmaceutical Preparations
ETG,Eaton Vance Tax-Advantaged Global Dividend Income Fund,0.86,-4.06,0,0,55,Finance,Investment Managers
SRCE,1st Source Corporation,0.54,-1.66,88,86,79,Finance,Major Banks
AEVA,"Aeva Technologies, Inc.",3.67,-30.78,8,7,17,Consumer Discretionary,Auto Parts:O.E.M.
RLLWF,Reliance Worldwide Corporation Limited,0.0,35.56,85,83,79,Industrials,Building Products & Equipment
MD,"Pediatrix Medical Group, Inc.",0.15,1.52,65,72,81,Health Care,Hospital/Nursing Management
BSMAF,Bursa Malaysia Berhad,0.0,8.19,91,89,94,Financial Services,Financial Data & Stock Exchanges
NCNO,"nCino, Inc.",-0.84,2.86,37,39,67,Technology,Computer Software: Prepackaged Software
CNXN,"PC Connection, Inc.",3.84,5.92,100,100,84,Consumer Discretionary,Catalog/Specialty Distribution
GT,The Goodyear Tire & Rubber Company,-3.07,-13.11,0,0,7,Consumer Discretionary,Automotive Aftermarket
SID,Companhia Siderúrgica Nacional,-7.97,41.11,76,77,27,Industrials,Steel/Iron Ore
GAB,The Gabelli Equity Trust Inc.,-0.18,-4.12,0,0,38,Finance,Investment Managers
ENVX,Enovix Corporation,-1.27,-30.02,0,0,1,Miscellaneous,Industrial Machinery/Components
TH,Target Hospitality Corp.,0.68,18.32,72,73,95,Consumer Discretionary,Hotels/Resorts
SNDX,"Syndax Pharmaceuticals, Inc.",-3.4,-4.72,0,0,30,Health Care,Biotechnology: Pharmaceutical Preparations
SLS,"SELLAS Life Sciences Group, Inc.",-14.38,-6.55,0,0,98,Health Care,Biotechnology: Pharmaceutical Preparations
PLSE,"Pulse Biosciences, Inc.",-2.43,18.23,84,84,98,Health Care,Medical/Dental Instruments
EPAC,Enerpac Tool Group Corp.,-0.51,-4.58,0,0,25,Technology,Industrial Machinery/Components
RNDOF,Round One Corporation,0.0,3.24,28,29,99,Consumer Cyclical,Leisure
MQY,"BlackRock MuniYield Quality Fund, Inc.",0.66,-6.21,0,0,26,Finance,Investment Bankers/Brokers/Service
THQQF,Embracer Group AB (publ),0.0,-0.13,10,7,37,Communication Services,Electronic Gaming & Multimedia
BST,BlackRock Science and Technology Trust,1.57,0.42,83,75,77,Finance,Finance Companies
AJMPF,Ashmore Group Plc,0.0,-7.66,0,0,45,Financial Services,Asset Management
ECPG,"Encore Capital Group, Inc.",0.63,-2.7,53,44,94,Finance,Finance Companies
VSTS,Vestis Corporation,-0.54,-4.07,56,54,95,Consumer Discretionary,Consumer Specialties
LAR,Lithium Argentina AG,-8.74,-13.33,0,0,38,Basic Materials,Metal Mining
VET,Vermilion Energy Inc.,-1.19,17.81,88,89,86,Energy,Oil & Gas Production
PVLA,"Palvella Therapeutics, Inc.",-0.17,-4.1,59,56,94,Health Care,Biotechnology: Pharmaceutical Preparations
MDCOY,PT Medco Energi Internasional Tbk,0.0,0.0,65,65,48,Energy,Oil & Gas E&P
GENB,"Generate Biomedicines, Inc.",2.14,4.59,10,9,74,Health Care,Biotechnology: Pharmaceutical Preparations
KRKNF,Kraken Robotics Inc.,-6.25,-27.47,0,0,5,Technology,Scientific & Technical Instruments
SNDA,"Sonida Senior Living, Inc.",-0.65,0.74,63,56,77,Health Care,Hospital/Nursing Management
SJMHF,SJM Holdings Limited,0.0,0.0,65,65,4,Consumer Cyclical,Resorts & Casinos
PARXF,Parex Resources Inc.,1.21,13.78,91,87,87,Energy,Oil & Gas E&P
ATAI,AtaiBeckley Inc.,0.0,1.38,70,66,96,Health Care,Biotechnology: Pharmaceutical Preparations
GLUE,"Monte Rosa Therapeutics, Inc.",-1.75,-11.17,33,30,78,Health Care,Biotechnology: Biological Products (No Diagnostic Substances)
EOPSF,Electro Optic Systems Holdings Limited,-6.3,7.45,39,39,29,Industrials,Aerospace & Defense
ZD,"Ziff Davis, Inc.",1.68,0.55,86,77,88,Telecommunications,Telecommunications Equipment
BHVN,Biohaven Ltd.,-0.63,-14.41,0,0,61,Health Care,Biotechnology: Pharmaceutical Preparations
SVNBY,"Seven Bank, Ltd.",0.0,41.1,65,65,71,Financial Services,Banks - Regional
DCOM,"Dime Commercial Bancshares, Inc.",0.49,-1.19,83,74,74,Finance,Major Banks
TPB,"Turning Point Brands, Inc.",-0.61,-17.19,0,0,9,Consumer Discretionary,Tobacco
LILA,Liberty Latin America Ltd.,1.26,3.04,100,98,95,Telecommunications,Cable & Other Pay Television Services
HLIT,Harmonic Inc.,3.09,-8.26,23,21,49,Technology,Radio And Television Broadcasting And Communications Equipment
LSHGF,Louis Hachette Group S.A.,0.0,0.0,47,39,34,,
STBA,"S&T Bancorp, Inc.",-0.28,-2.34,55,42,71,Finance,Major Banks
TGLVY,Top Glove Corporation Bhd.,15.16,20.45,100,100,59,Healthcare,Medical Instruments & Supplies
FLO,"Flowers Foods, Inc.",1.75,-17.43,4,4,4,Consumer Staples,Packaged Foods
GLP,Global Partners LP,-2.44,5.86,64,63,61,Energy,Oil Refining/Marketing
KMMPF,Killam Apartment REIT,0.0,-5.27,0,0,38,Real Estate,REIT - Residential
SFL,SFL Corporation Ltd.,3.94,10.86,100,100,89,Consumer Discretionary,Marine Transportation
PWP,Perella Weinberg Partners,-2.5,-17.49,0,0,15,Finance,Finance: Consumer Services
AMVMF,AMG Critical Materials N.V.,-9.98,-9.48,0,0,19,Basic Materials,Other Industrial Metals & Mining
DCH,Dauch Corporation,-1.22,-4.0,43,41,54,Consumer Discretionary,Auto Parts:O.E.M.
CNPPF,China Overseas Property Holdings Limited,26.27,26.27,100,100,88,Real Estate,Real Estate Services
AVAH,Aveanna Healthcare Holdings Inc.,1.59,24.71,100,100,96,Health Care,Medical/Nursing Services
QQQX,Nuveen Nasdaq 100 Dynamic Overwrite Fund,0.76,-2.63,32,42,56,Finance,Finance Companies
GRGTF,Grainger plc,0.0,0.0,65,65,52,Real Estate,Real Estate Services
COUR,"Coursera, Inc.",-0.19,-10.0,0,0,9,Technology,Computer Software: Prepackaged Software
ESBA,"Empire State Realty OP, L.P.",0.0,-10.87,0,0,4,Real Estate,REIT - Office
REX,REX American Resources Corporation,-1.21,-4.74,25,24,61,Industrials,Major Chemicals
CASBF,CanSino Biologics Inc.,0.0,46.26,97,97,70,Healthcare,Drug Manufacturers - Specialty & Generic
SNLRF,Sanlorenzo S.p.A.,0.0,-0.11,63,61,64,Consumer Cyclical,Recreational Vehicles
INBX,"Inhibrx Biosciences, Inc.",-1.93,12.64,57,57,96,Health Care,Biotechnology: Biological Products (No Diagnostic Substances)
QCRH,"QCR Holdings, Inc.",0.63,-3.77,60,67,69,Finance,Major Banks
UMAC,"Unusual Machines, Inc.",-2.46,-15.75,2,1,89,Technology,Radio And Television Broadcasting And Communications Equipment
MLLGF,Mullen Group Ltd.,4.38,-3.42,65,65,92,Industrials,Trucking
TRIN,Trinity Capital Inc.,0.62,-0.87,39,43,75,Finance,Finance: Consumer Services
PLFRF,Palfinger AG,-2.96,-2.96,0,0,16,Industrials,Farm & Heavy Construction Machinery
LKFN,Lakeland Financial Corporation,0.12,-3.35,67,74,40,Finance,Major Banks
EVTC,"EVERTEC, Inc.",0.41,-8.47,14,19,46,Technology,EDP Services
BY,"Byline Bancorp, Inc.",0.76,-1.5,77,75,76,Finance,Major Banks
PRCT,PROCEPT BioRobotics Corporation,1.54,-7.15,6,6,4,Health Care,Medical/Dental Instruments
GAM,"General American Investors Company, Inc.",0.43,-3.02,0,2,57,Finance,Investment Managers
DV,"DoubleVerify Holdings, Inc.",0.3,0.83,82,83,74,Technology,Computer Software: Programming Data Processing
LOMA,Loma Negra Compañía Industrial Argentina Sociedad Anónima,-3.37,2.63,47,45,18,Industrials,Building Materials
JNNDF,Japan Display Inc.,0.0,0.0,65,65,86,Technology,Electronic Components
SFRGF,Salvatore Ferragamo S.p.A.,0.0,20.17,95,95,91,Consumer Cyclical,Luxury Goods
PRG,"PROG Holdings, Inc.",-0.51,-13.32,0,0,60,Consumer Discretionary,Diversified Commercial Services
LINC,Lincoln Educational Services Corporation,2.63,-16.9,15,17,12,Real Estate,Other Consumer Services
RES,"RPC, Inc.",-0.15,2.71,69,62,51,Energy,Oilfield Services/Equipment
TRS,TriMas Corporation,0.31,-0.93,3,12,39,Industrials,Industrial Specialties
MAZE,"Maze Therapeutics, Inc.",-0.89,-11.08,0,1,22,Health Care,Biotechnology: Biological Products (No Diagnostic Substances)
TOWCF,TOWA Corporation,0.0,-14.44,21,17,1,Technology,Semiconductor Equipment & Materials
DPBSF,Dampskibsselskabet Norden A/S,0.0,12.8,94,92,83,Industrials,Marine Shipping
PRXXF,Paradox Interactive AB (publ),0.0,3.85,75,69,80,Communication Services,Electronic Gaming & Multimedia
ARLO,"Arlo Technologies, Inc.",1.46,-8.08,39,37,25,Consumer Staples,Consumer Electronics/Appliances
NWL,Newell Brands Inc.,-0.34,-4.1,19,17,85,Industrials,Plastic Products
FGETF,Flight Centre Travel Group Limited,0.0,-13.28,1,3,54,Consumer Cyclical,Travel Services
WWW,"Wolverine World Wide, Inc.",3.32,0.25,40,30,47,Consumer Discretionary,Shoe Manufacturing
KALV,KalVista Pharmaceuticals Inc,0.0,0.0,0,0,34,Health Care,Biotechnology: Pharmaceutical Preparations
JJSF,J&J Snack Foods Corp.,0.88,-8.48,11,14,32,Consumer Staples,Specialty Foods
YSWY,"Yesway, Inc.",3.71,-5.75,19,18,38,Consumer Staples,Food Chains
DFH,"Dream Finders Homes, Inc.",2.08,-17.32,5,4,5,Consumer Discretionary,Homebuilding
MLTX,MoonLake Immunotherapeutics,-5.08,-24.18,0,0,3,Health Care,Biotechnology: Pharmaceutical Preparations
SATL,Satellogic Inc.,1.91,-18.68,18,16,85,Technology,Radio And Television Broadcasting And Communications Equipment
MRTN,"Marten Transport, Ltd.",-0.86,-9.39,0,0,44,Industrials,Trucking Freight/Courier Services
FRRFF,4imprint Group plc,0.0,18.09,95,95,76,Communication Services,Advertising Agencies
RVLV,"Revolve Group, Inc.",3.17,-12.54,34,35,22,Consumer Discretionary,Catalog/Specialty Distribution
LEG,Leggett & Platt Inc,0.0,-16.59,0,0,11,Consumer Discretionary,Home Furnishings
IAUX,i-80 Gold Corp.,1.16,6.06,51,48,85,Basic Materials,Precious Metals
ULCC,"Frontier Group Holdings, Inc.",1.63,-17.6,8,5,60,Consumer Discretionary,Air Freight/Delivery Services
PRGS,Progress Software Corporation,-1.7,-10.75,0,0,55,Technology,Computer Software: Prepackaged Software
HMMCF,Hemlo Mining Corp.,2.03,18.75,97,93,98,Basic Materials,Gold
IRS,IRSA Inversiones y Representaciones Sociedad Anónima,-0.19,5.28,88,88,39,Real Estate,Homebuilding
WLDN,"Willdan Group, Inc.",0.33,-2.97,0,7,14,Consumer Discretionary,Military/Government/Technical
SUPIF,Supermarket Income REIT plc,0.0,5.45,64,64,81,Industrials,Consulting Services
URGN,UroGen Pharma Ltd.,0.17,-12.07,0,0,96,Health Care,Biotechnology: Pharmaceutical Preparations
PKCPY,PT AKR Corporindo Tbk,0.0,0.0,65,65,42,Energy,Oil & Gas Refining & Marketing
SEPN,"Septerna, Inc.",2.01,-14.69,29,27,93,Health Care,Biotechnology: Pharmaceutical Preparations
VZLA,Vizsla Silver Corp.,-0.75,6.15,70,66,41,Basic Materials,Precious Metals
CGIFF,Chemtrade Logistics Income Fund,0.95,-9.2,1,1,38,Basic Materials,Chemicals
AIOSF,"Atresmedia Corporación de Medios de Comunicación, S.A.",0.0,0.17,67,66,47,Communication Services,Entertainment
SNMSF,Spin Master Corp.,0.0,-6.2,0,4,34,Consumer Cyclical,Leisure
OGPIF,OceanaGold (Philippines) Inc.,0.0,-9.71,5,3,80,Basic Materials,Gold
EYE,"National Vision Holdings, Inc.",0.93,-9.24,28,29,8,Health Care,Ophthalmic Goods
ADTN,"ADTRAN Holdings, Inc.",5.01,-6.57,33,34,3,Utilities,Telecommunications Equipment
CMP,"Compass Minerals International, Inc.",-1.08,-5.6,23,16,56,Industrials,Mining & Quarrying of Nonmetallic Minerals (No Fuels)
LLESY,Lendlease Group,2.68,12.95,100,100,29,Real Estate,Real Estate - Diversified
CDRE,"Cadre Holdings, Inc.",-0.66,-15.69,1,0,15,Health Care,Industrial Specialties
BCTCF,OSL Group Limited,0.0,0.0,65,65,11,Financial Services,Capital Markets
TAOFF,IperionX Limited,0.0,-5.43,8,4,2,Basic Materials,Other Industrial Metals & Mining
EDN,Empresa Distribuidora y Comercializadora Norte Sociedad Anónima,-2.35,2.9,75,74,23,Utilities,Electric Utilities: Central
NAK,Northern Dynasty Minerals Ltd.,-3.42,-15.06,0,0,31,Basic Materials,Precious Metals
HROW,"Harrow, Inc.",-5.74,-11.29,0,0,16,Health Care,Biotechnology: Pharmaceutical Preparations
GSL,"Global Ship Lease, Inc.",0.61,12.08,96,94,83,Consumer Discretionary,Marine Transportation
DMLP,"Dorchester Minerals, L.P.",-0.34,7.1,87,87,76,Energy,Oil & Gas Production
SPRPY,Superior Plus Corp.,0.0,0.0,65,65,38,Utilities,Utilities - Regulated Gas
LRCDF,Laurentian Bank of Canada,0.0,0.0,65,65,49,Financial Services,Banks - Regional
ATLCP,Atlanticus Holdings Corporation,-0.62,0.96,66,70,47,Finance,Finance: Consumer Services
AHG,Akso Health Group,14.93,-35.46,20,20,2,Consumer Discretionary,Business Services
SUUIF,Superior Plus Corp.,0.0,-8.06,0,0,23,Utilities,Utilities - Regulated Gas
OCS,Oculis Holding AG,-6.63,-17.63,0,0,4,Health Care,Biotechnology: Pharmaceutical Preparations
TWO,Two Harbors Investment Corp,1.08,0.5,44,44,36,Real Estate,Real Estate Investment Trusts
SATA,"Strive, Inc.",-0.21,1.1,74,77,62,Financial Services,Asset Management
SNSNF,"Sansan, Inc.",0.0,0.0,65,65,83,Technology,Software - Application
BLGFF,Baillie Gifford US Growth Trust PLC,4.63,-0.29,46,56,96,,
SLCVF,"Sitios Latinoamérica, S.A.B. de C.V.",0.0,50.0,98,98,96,Industrials,Engineering & Construction
BIREF,Birchcliff Energy Ltd.,-1.3,-1.94,15,22,23,Energy,Oil & Gas E&P
BHRB,Burke & Herbert Financial Services Corp.,0.04,-1.54,46,28,60,Finance,Major Banks
UMH,"UMH Properties, Inc.",-0.19,-5.21,0,0,49,Real Estate,Real Estate Investment Trusts
FINV,FinVolution Group,0.0,-24.94,12,10,3,Finance,Finance: Consumer Services
OMGGF,Omai Gold Mines Corp.,6.32,-9.01,50,46,96,Basic Materials,Gold
SBH,"Sally Beauty Holdings, Inc.",1.01,-3.51,3,5,59,Consumer Discretionary,Other Specialty Stores
CHFHY,China Foods Limited,0.0,12.93,94,93,24,Consumer Defensive,Beverages - Non-Alcoholic
AFYA,Afya Limited,2.36,3.58,28,25,32,Real Estate,Other Consumer Services
ALX,"Alexander's, Inc.",-1.63,-9.27,0,0,50,Real Estate,Real Estate Investment Trusts
YELP,Yelp Inc.,1.58,-12.75,20,23,11,Consumer Discretionary,Other Consumer Services
TNGRF,Thungela Resources Limited,-4.39,47.07,86,86,79,Energy,Thermal Coal
PEBO,Peoples Bancorp Inc.,0.13,-3.65,37,35,77,Finance,Major Banks
IART,Integra LifeSciences Holdings Corporation,-0.26,-15.02,0,0,61,Health Care,Medical/Dental Instruments
WLFC,Willis Lease Finance Corporation,-0.04,3.18,66,73,45,Consumer Discretionary,Industrial Specialties
LEFUF,Leon's Furniture Limited,0.0,0.42,81,74,28,Consumer Cyclical,Specialty Retail
KMTS,"Kestra Medical Technologies, Ltd.",-3.05,-17.63,0,0,61,Health Care,Medical/Dental Instruments
TMP,Tompkins Financial Corporation,0.54,-2.27,75,69,80,Finance,Major Banks
CPPKF,Faraday Copper Corp.,2.45,-9.91,9,8,96,Basic Materials,Copper
SILXY,Silex Systems Limited,-3.66,-11.13,0,0,18,Technology,Semiconductors
CCO,"Clear Channel Outdoor Holdings, Inc.",0.0,2.59,81,77,72,Consumer Discretionary,Advertising
GSHD,"Goosehead Insurance, Inc.",1.31,-15.16,4,5,68,Finance,Specialty Insurers
PRSU,"Pursuit Attractions and Hospitality, Inc.",0.89,2.9,49,49,74,Consumer Discretionary,Business Services
BLFS,"BioLife Solutions, Inc.",0.09,-0.79,16,20,90,Health Care,Biotechnology: Electromedical & Electrotherapeutic Apparatus
SIFY,Sify Technologies Limited,-2.89,-13.06,0,0,38,Technology,Computer Software: Programming Data Processing
ASA,ASA Gold and Precious Metals Limited,0.93,5.98,46,45,63,Industrials,Precious Metals
PKPYY,Pick n Pay Stores Limited,0.0,0.0,65,65,17,Consumer Cyclical,Department Stores
DTTLF,Datatec Limited,0.0,0.0,65,65,98,Technology,Information Technology Services
AVLN,Avalyn Pharma Inc.,-3.17,-8.23,0,0,66,Health Care,Biotechnology: Pharmaceutical Preparations
ABTC,American Bitcoin Corp,3.61,13.66,61,59,1,Technology,EDP Services
ATEX,Anterix Inc.,-0.74,-10.18,0,0,98,Telecommunications,Telecommunications Equipment
CFPZF,Canfor Corporation,3.8,-0.55,100,94,65,Basic Materials,Lumber & Wood Production
AGTEF,AGTech Holdings Limited,0.0,20.3,96,95,99,Consumer Cyclical,Gambling
PNTG,"The Pennant Group, Inc.",-0.25,1.45,84,85,82,Health Care,Medical/Nursing Services
BFLY,"Butterfly Network, Inc.",2.95,-17.27,6,6,98,Health Care,Medical Electronics
CBLNY,Mersen S.A.,0.0,8.54,92,91,84,Industrials,Electrical Equipment & Parts
SG,"Sweetgreen, Inc.",5.03,17.16,100,100,24,Consumer Discretionary,Restaurants
TNDM,"Tandem Diabetes Care, Inc.",-6.55,-26.03,0,0,44,Health Care,Medical/Dental Instruments
JKS,"JinkoSolar Holding Co., Ltd.",-1.97,-29.71,0,0,2,Technology,Semiconductors
GHM,Graham Corporation,2.82,-20.87,15,14,72,Industrials,Industrial Machinery/Components
MNKD,MannKind Corporation,-1.06,0.54,0,0,22,Health Care,Biotechnology: Pharmaceutical Preparations
ZBIO,"Zenas BioPharma, Inc.",0.06,6.58,45,44,89,Health Care,Biotechnology: Pharmaceutical Preparations
AVNS,Avanos Medical Inc,0.04,0.08,92,100,35,Health Care,Industrial Specialties
CVSGF,CVS Group plc,0.0,0.0,65,65,40,Healthcare,Medical Care Facilities
BVHMF,Vistry Group PLC,4.66,-1.64,17,16,7,Consumer Cyclical,Residential Construction
NDTAF,Northern Data AG,0.0,0.0,65,65,23,Technology,Information Technology Services
OLMA,"Olema Pharmaceuticals, Inc.",-4.4,-2.76,2,0,18,Health Care,Biotechnology: Pharmaceutical Preparations
VITBF,Vitec Software Group AB (publ),1.77,-10.47,26,31,3,,
FCELB,"FuelCell Energy, Inc.",-3.06,-0.42,2,4,85,Industrials,Electrical Equipment & Parts
ENHA,Enhanced Group Inc.,0.0,-37.6,4,2,1,Consumer Discretionary,Services-Misc. Amusement & Recreation
ELE,Elemental Royalty Corporation,2.39,4.49,38,36,83,Basic Materials,Precious Metals
TDAY,"USA TODAY Co., Inc.",1.11,-7.02,18,15,52,Consumer Discretionary,Newspapers/Magazines
MGRT,Mega Fortune Company Limited,-0.23,21.64,96,95,99,Technology,EDP Services
CIM,Chimera Investment Corporation,-0.45,-6.16,0,0,18,Real Estate,Real Estate Investment Trusts
IRPSY,IRPC Public Company Limited,1.98,1.98,100,100,91,Energy,Oil & Gas Refining & Marketing
TTAPY,TTW Public Company Limited,0.0,9.77,92,93,64,Utilities,Utilities - Regulated Water
SDGR,"Schrödinger, Inc.",1.17,3.03,49,49,78,Health Care,Biotechnology: Pharmaceutical Preparations
TOLWF,Trican Well Service Ltd.,-0.22,2.02,63,52,27,Energy,Oil & Gas Equipment & Services
EKZRF,Eckert & Ziegler SE,0.0,-13.5,7,5,15,Healthcare,Medical Devices
MRNFF,Meren Energy Inc.,0.61,8.21,87,86,72,Energy,Oil & Gas E&P
FHNGY,The Foschini Group Limited,0.0,-4.29,59,52,8,Consumer Cyclical,Department Stores
FBAK,First National Bank Alaska,0.0,-3.26,27,29,58,Financial Services,Banks - Regional
FPF,First Trust Intermediate Duration Preferred & Income Fund,-0.53,-3.74,0,0,30,Finance,Trusts Except Educational Religious and Charitable
CEVA,"CEVA, Inc.",3.76,-4.48,43,43,51,Technology,Computer Software: Programming Data Processing
LGIH,"LGI Homes, Inc.",1.48,-16.02,3,3,29,Consumer Discretionary,Homebuilding
TEN,Tsakos Energy Navigation Limited,7.13,17.37,100,100,95,Consumer Discretionary,Marine Transportation
ASGTF,Altus Group Limited,-3.49,-7.57,0,0,20,Real Estate,Real Estate Services
MPZZF,MPC Container Ships ASA,0.0,7.69,68,65,79,Industrials,Marine Shipping
IQ,"iQIYI, Inc.",1.6,-30.0,20,19,4,Consumer Discretionary,Consumer Electronics/Video Chains
UVSP,Univest Financial Corporation,0.23,-0.7,85,83,73,Finance,Major Banks
SMSSY,"SMS Co., Ltd.",14.49,14.49,100,100,91,Healthcare,Health Information Services
FUBO,FuboTV Inc.,1.05,17.65,100,99,5,Consumer Discretionary,Movies/Entertainment
COLL,"Collegium Pharmaceutical, Inc.",-0.74,-19.18,0,0,3,Health Care,Biotechnology: Pharmaceutical Preparations
UPWK,Upwork Inc.,3.69,0.69,55,55,7,Technology,EDP Services
CCB,Coastal Financial Corporation,-1.23,-6.26,23,23,2,Finance,Major Banks
LZ,"LegalZoom.com, Inc.",2.37,4.31,59,58,13,Technology,EDP Services
DYLLF,Deep Yellow Limited,-6.31,1.56,8,10,22,Energy,Uranium
BOPCF,BioPharma Credit PLC,-6.47,4.07,1,15,41,,
MNXBF,"Monex Group, Inc.",0.0,2.97,46,48,1,Financial Services,Capital Markets
MMI,"Marcus & Millichap, Inc.",0.64,-1.57,28,35,51,Finance,Real Estate
FMBL,Farmers & Merchants Bank of Long Beach,-0.01,1.42,77,80,77,Financial Services,Banks - Regional
XERS,"Xeris Biopharma Holdings, Inc.",-2.87,-10.56,0,0,57,Health Care,Biotechnology: Pharmaceutical Preparations
IRCUF,Irish Continental Group plc,0.0,-8.02,12,9,65,Industrials,Marine Shipping
APPS,"Digital Turbine, Inc.",0.08,-6.42,82,85,97,Miscellaneous,Multi-Sector Companies
AZTA,"Azenta, Inc.",2.22,-9.02,9,10,74,Technology,Industrial Machinery/Components
ABSI,Absci Corporation,-0.36,-13.21,0,0,98,Health Care,Biotechnology: Commercial Physical & Biological Resarch
SAEYY,Redcare Pharmacy NV,0.0,-12.0,0,0,45,Healthcare,Pharmaceutical Retailers
KOPN,Kopin Corporation,3.87,-5.59,28,27,93,Technology,Semiconductors
SMPL,The Simply Good Foods Company,-3.91,-11.99,0,0,3,Consumer Staples,Packaged Foods
JBIO,"Jade Biosciences, Inc.",-6.53,-24.86,0,0,90,Health Care,Biotechnology: Pharmaceutical Preparations
MDEVF,Melco International Development Limited,0.0,-7.14,36,35,6,Consumer Cyclical,Resorts & Casinos
UVE,"Universal Insurance Holdings, Inc.",0.25,4.58,90,90,87,Finance,Property-Casualty Insurers
CHI,Calamos Convertible Opportunities and Income Fund,-0.08,-6.75,0,0,61,Finance,Investment Managers
PLOW,"Douglas Dynamics, Inc.",-0.69,-4.01,0,0,47,Industrials,Construction/Ag Equipment/Trucks
CMRF,"CIM Group, Inc.",0.0,18.27,95,95,99,Real Estate,REIT - Diversified
TOETF,Tosei Corporation,0.0,0.0,65,65,3,Real Estate,Real Estate - Diversified
NLST,"Netlist, Inc.",4.3,-2.22,10,11,99,Technology,Electronics & Computer Distribution
APYRF,Allied Properties Real Estate Investment Trust,0.34,-13.07,0,0,5,Real Estate,REIT - Office
TWFG,"TWFG, Inc.",-0.93,-0.85,17,20,70,Finance,Specialty Insurers
HEPS,D-Market Elektronik Hizmetler ve Ticaret A.S.,-0.76,-7.09,50,45,27,Consumer Discretionary,Catalog/Specialty Distribution
CGEM,"Cullinan Therapeutics, Inc.",-1.95,4.84,20,22,97,Health Care,Biotechnology: Biological Products (No Diagnostic Substances)
SDTHF,Sdiptech AB (publ),0.0,2.51,82,84,64,Industrials,Conglomerates
RCKHF,Rockhopper Exploration plc,0.0,-15.0,0,0,11,Energy,Oil & Gas E&P
CTYMF,Catalyst Metals Limited,0.0,-6.33,51,51,51,Basic Materials,Gold
