ticker,name,daily_pct,one_month_pct,rs_sts_spy,rs_sts_qqq,ibd_rs,sector,industry
NVDA,NVIDIA Corporation,2.95,-5.61,27,5,71,Technology,Semiconductors
AAPL,Apple Inc,0.7,-1.4,23,11,71,Technology,Computer Manufacturing
AVGO,Broadcom Inc,4.7,-1.53,36,30,77,Technology,Semiconductors
META,Meta Platforms Inc,1.7,-4.51,9,0,17,Technology,Computer Software: Programming Data Processing
AMD,Advanced Micro Devices,4.86,20.06,94,91,97,Technology,Semiconductors
ASMLF,ASML Holding N.V.,1.96,25.12,100,97,92,Technology,Semiconductor Equipment & Materials
XOM,Exxon Mobil Corporation,-2.08,-11.82,0,0,49,Energy,Integrated oil Companies
TCTZF,Tencent Holdings Limited,-0.37,-4.21,25,13,10,Communication Services,Internet Content & Information
MA,Mastercard Incorporated,-0.65,-1.66,59,39,22,Consumer Discretionary,Business Services
LRCX,Lam Research Corporation,3.97,33.29,100,100,96,Technology,Industrial Machinery/Components
PLTR,Palantir Technologies Inc.,-1.65,-6.33,0,0,11,Technology,Computer Software: Prepackaged Software
CVX,Chevron Corporation,-2.22,-9.25,0,0,43,Energy,Integrated oil Companies
AMAT,"Applied Materials, Inc.",4.08,44.75,100,100,96,Technology,Semiconductors
KO,The Coca-Cola Company,-0.68,-2.02,38,25,55,Consumer Staples,Beverages (Production/Distribution)
RHHBY,Roche Holding AG,-2.59,-4.24,26,16,54,Healthcare,Drug Manufacturers - General
RHHBF,Roche Holding AG,1.49,-3.56,14,3,49,Healthcare,Drug Manufacturers - General
ACGBY,Agricultural Bank of China Limited,-2.9,-7.05,12,0,47,Financial Services,Banks - Diversified
BABAF,Alibaba Group Holding Limited,7.27,-13.43,22,15,15,Consumer Cyclical,Internet Retail
CYATY,CYATY,0.04,5.91,45,38,57,Industrials,Electrical Equipment & Parts
CICHY,China Construction Bank Corporation,-0.32,-1.84,31,15,50,Financial Services,Banks - Diversified
CICHF,China Construction Bank Corporation,0.0,-8.7,17,13,48,Financial Services,Banks - Diversified
SFTBF,SoftBank Group Corp.,4.52,29.88,34,26,59,Communication Services,Telecom Services
NVS,Novartis AG,-2.52,-2.24,38,28,56,Health Care,Biotechnology: Pharmaceutical Preparations
SFTBY,SoftBank Group Corp.,7.09,31.89,39,32,94,Communication Services,Telecom Services
NVSEF,Novartis AG,0.0,1.65,34,17,46,Healthcare,Drug Manufacturers - General
BACHY,Bank of China Limited,-0.12,0.84,35,16,61,Financial Services,Banks - Diversified
KLAC,KLA Corporation,8.73,41.88,100,97,95,Technology,Electronic Components
TOYOF,Toyota Motor Corporation,-1.52,-9.79,0,0,18,Consumer Cyclical,Auto Manufacturers
LRLCF,L'Oréal S.A.,2.74,9.04,64,44,51,Consumer Defensive,Household & Personal Products
SMAWF,Siemens Aktiengesellschaft,4.14,9.3,100,81,69,Industrials,Specialty Industrial Machinery
PANW,"Palo Alto Networks, Inc.",2.0,16.67,82,75,87,Technology,Computer peripheral equipment
BHP,BHP Group Limited,-2.76,5.17,47,18,87,Energy,Coal Mining
AXP,American Express Company,-0.75,9.1,87,78,47,Finance,Finance: Consumer Services
SAP,SAP SE,-2.25,-13.71,0,0,5,Technology,Computer Software: Prepackaged Software
APP,AppLovin Corporation,-2.04,-2.61,0,0,31,Technology,Computer Software: Programming Data Processing
ADI,"Analog Devices, Inc.",4.83,9.45,100,97,88,Technology,Semiconductors
HESAF,Hermès International Société en commandite par actions,-0.58,5.38,74,64,16,Consumer Cyclical,Luxury Goods
CMWAY,Commonwealth Bank of Australia,-0.43,-3.1,22,11,32,Financial Services,Banks - Diversified
PEP,"PepsiCo, Inc.",0.3,-3.87,33,17,34,Consumer Staples,Beverages (Production/Distribution)
IDEXF,"Industria de Diseño Textil, S.A.",-0.19,12.04,77,63,61,Consumer Cyclical,Apparel Retail
ABLZF,ABB Ltd,0.78,7.83,83,56,86,Industrials,Electrical Equipment & Parts
RIO,Rio Tinto Group,-2.52,-3.13,0,0,83,Basic Materials,Metal Mining
TMO,Thermo Fisher Scientific Inc.,0.63,2.94,33,17,33,Industrials,Industrial Machinery/Components
AMGN,Amgen Inc.,-1.19,1.82,39,28,49,Health Care,Biotechnology: Biological Products (No Diagnostic Substances)
RTPPF,Rio Tinto Group,-2.81,-2.78,0,0,82,Basic Materials,Other Industrial Metals & Mining
DIS,The Walt Disney Company,3.0,-0.18,92,59,28,Consumer Discretionary,Services-Misc. Amusement & Recreation
TJX,"The TJX Companies, Inc.",-0.19,2.89,59,43,58,Consumer Discretionary,Clothing/Shoe/Accessory Stores
ALIZY,Allianz SE,-0.24,2.07,85,72,60,Financial Services,Insurance - Diversified
EADSY,Airbus SE,2.86,9.02,100,100,52,Industrials,Aerospace & Defense
SMEGF,Siemens Energy AG,3.62,-3.05,64,54,84,Industrials,Specialty Industrial Machinery
DTEGY,Deutsche Telekom AG,-0.39,-8.89,0,0,22,Communication Services,Telecom Services
FRCOF,"Fast Retailing Co., Ltd.",1.4,9.72,63,51,82,Consumer Cyclical,Apparel Retail
GLW,Corning Incorporated,11.13,8.04,83,79,95,Industrials,Telecommunications Equipment
SHOP,Shopify Inc.,0.7,3.66,28,15,14,Technology,Computer Software: Prepackaged Software
IBDSF,"Iberdrola, S.A.",1.01,6.25,96,65,62,Utilities,Utilities - Diversified
RYCEY,Rolls-Royce Holdings plc,1.74,13.56,100,93,73,Industrials,Aerospace & Defense
TOELY,Tokyo Electron Limited,6.27,62.93,100,100,96,Technology,Semiconductor Equipment & Materials
SAFRY,Safran SA,2.77,16.76,100,100,62,Industrials,Aerospace & Defense
HTHIY,"Hitachi, Ltd.",1.83,-5.2,23,16,38,Industrials,Conglomerates
WELL,Welltower Inc.,0.05,-5.47,55,40,59,Real Estate,Real Estate Investment Trusts
UBER,"Uber Technologies, Inc.",1.03,-3.97,46,18,18,Consumer Discretionary,Business Services
CIHHF,"China Merchants Bank Co., Ltd.",0.0,-12.58,0,0,24,Financial Services,Banks - Regional
DBSDY,DBS Group Holdings Ltd,1.22,6.01,100,76,73,Financial Services,Banks - Regional
COP,ConocoPhillips,-3.12,-11.95,0,0,43,Energy,Integrated oil Companies
PLDGP,"Prologis, Inc.",-2.01,0.5,26,4,34,Real Estate,REIT - Industrial
BBVXF,"Banco Bilbao Vizcaya Argentaria, S.A.",-1.91,9.0,73,59,73,Financial Services,Banks - Diversified
BTAFF,British American Tobacco p.l.c.,-3.44,-15.8,0,0,46,Consumer Defensive,Tobacco
BKNG,Booking Holdings Inc.,0.09,9.72,76,56,18,Consumer Discretionary,Transportation Services
NOW,"ServiceNow, Inc.",-0.46,-8.0,0,0,4,Technology,Computer Software: Prepackaged Software
CFRUY,Compagnie Financière Richemont SA,2.36,14.75,100,91,72,Consumer Cyclical,Luxury Goods
IFNNF,Infineon Technologies AG,4.9,19.19,57,50,94,Technology,Semiconductors
IFNNY,Infineon Technologies AG,8.72,19.19,71,65,95,Technology,Semiconductors
KYCCF,Keyence Corporation,3.1,2.07,60,40,75,Technology,Scientific & Technical Instruments
VRT,Vertiv Holdings Co,4.87,5.53,100,87,93,Technology,Industrial Machinery/Components
PDD,PDD Holdings Inc.,-0.38,-18.94,0,0,7,Technology,EDP Services
ENNPF,Enbridge Inc.,0.0,-0.82,31,10,46,Energy,Oil & Gas Midstream
ZIJMF,Zijin Mining Group Company Limited,0.26,-5.31,32,18,42,Basic Materials,Gold
ENB,Enbridge Inc.,0.15,-4.43,9,0,55,Energy,Natural Gas Distribution
ADTTF,Advantest Corporation,0.0,-7.86,5,2,86,Technology,Semiconductor Equipment & Materials
NEM,Newmont Corporation,-1.78,-3.13,53,34,71,Basic Materials,Precious Metals
BMY,Bristol-Myers Squibb Company,-2.32,-7.76,5,0,44,Health Care,Biotechnology: Pharmaceutical Preparations
CVS,CVS Health Corporation,-0.85,5.4,69,60,80,Consumer Staples,Retail-Drug Stores and Proprietary Stores
ACN,Accenture plc,-17.97,-28.59,0,0,2,Consumer Discretionary,Business Services
ENLAY,Enel SpA,0.44,0.8,74,46,57,Utilities,Utilities - Diversified
PGR,The Progressive Corporation,0.22,1.12,74,51,25,Finance,Property-Casualty Insurers
AAGIY,AIA Group Limited,-0.72,-12.32,8,0,29,Financial Services,Insurance - Life
BP,BP p.l.c.,-2.59,-13.36,0,0,48,Energy,Integrated oil Companies
PH,Parker-Hannifin Corporation,0.77,10.92,98,89,65,Industrials,Metal Fabrications
BPAQF,BP p.l.c.,-7.49,-20.26,0,0,35,Energy,Oil & Gas Integrated
ZFSVF,Zurich Insurance Group AG,-2.57,-2.27,28,13,32,Financial Services,Insurance - Diversified
CEG,Constellation Energy Corporation,2.58,-2.56,47,38,14,Utilities,Electric Utilities: Central
HWM,Howmet Aerospace Inc.,-1.97,6.3,79,70,80,Industrials,Metal Fabrications
BAMGF,Brookfield Corporation,0.0,-0.39,42,8,59,Financial Services,Asset Management
FTNT,"Fortinet, Inc.",0.41,11.33,83,67,90,Technology,Computer peripheral equipment
CME,CME Group Inc.,-2.44,-14.64,2,0,19,Finance,Investment Bankers/Brokers/Service
FDX,FedEx Corporation,0.08,4.65,38,13,84,Consumer Discretionary,Air Freight/Delivery Services
SHECY,"Shin-Etsu Chemical Co., Ltd.",-0.43,6.18,70,55,80,Basic Materials,Chemicals
AXAHY,AXA SA,-0.47,3.2,83,70,53,Financial Services,Insurance - Diversified
MDT,Medtronic plc,1.54,1.52,63,49,20,Health Care,Biotechnology: Electromedical & Electrotherapeutic Apparatus
CHDRF,Christian Dior SE,0.0,8.03,73,48,29,Consumer Cyclical,Luxury Goods
ESLOY,EssilorLuxottica Société anonyme,2.45,-0.81,45,36,8,Healthcare,Medical Instruments & Supplies
ITOCF,ITOCHU Corporation,0.43,-3.68,22,15,1,Industrials,Conglomerates
MITSY,"Mitsui & Co., Ltd.",0.06,-21.18,0,0,38,Industrials,Conglomerates
SBKFF,State Bank of India,0.0,11.38,93,83,48,Financial Services,Banks - Regional
INGVF,ING Groep N.V.,0.0,9.18,47,28,75,Financial Services,Banks - Diversified
AEM,Agnico Eagle Mines Limited,-3.66,-6.22,40,18,43,Basic Materials,Precious Metals
UPS,"United Parcel Service, Inc.",-0.26,6.06,52,25,58,Industrials,Trucking Freight/Courier Services
PROSF,Prosus N.V.,0.0,-1.74,7,0,9,Consumer Cyclical,Internet Retail
ATLPF,Atlas Copco AB (publ),0.0,8.83,85,71,79,Industrials,Specialty Industrial Machinery
ATLCY,Atlas Copco AB (publ),1.97,7.68,100,88,68,Industrials,Specialty Industrial Machinery
CMI,Cummins Inc.,-0.13,7.35,91,80,89,Industrials,Industrial Machinery/Components
MGCLY,MGCLY,0.27,-2.84,47,26,39,Consumer Cyclical,"Furnishings, Fixtures & Appliances"
ADP,"Automatic Data Processing, Inc.",-0.16,-0.28,14,0,19,Industrials,Diversified Commercial Services
ING,ING Groep N.V.,0.38,3.29,90,65,75,Finance,Commercial Banks
BCMXY,"Bank of Communications Co., Ltd.",-0.3,6.36,63,54,48,Financial Services,Banks - Diversified
AMT,American Tower Corporation,-2.78,-3.42,0,0,27,Real Estate,Real Estate Investment Trusts
SNPMF,China Petroleum & Chemical Corporation,-7.27,-12.07,0,0,24,Energy,Oil & Gas Integrated
MNST,Monster Beverage Corporation,-0.35,5.13,61,38,75,Consumer Staples,Beverages (Production/Distribution)
NET,"Cloudflare, Inc.",-1.24,6.63,26,20,49,Technology,Computer Software: Prepackaged Software
USB,U.S. Bancorp,0.4,6.68,80,68,66,Finance,Major Banks
WM,"Waste Management, Inc.",-0.58,-1.85,28,17,27,Utilities,Environmental Services
BCLYF,Barclays PLC,3.03,18.47,100,100,77,Financial Services,Banks - Diversified
AMXOF,"América Móvil, S.A.B. de C.V.",0.0,3.68,83,59,91,Communication Services,Telecom Services
OVCHY,Oversea-Chinese Banking Corporation Limited,1.64,6.72,100,88,80,Financial Services,Banks - Regional
NABZY,National Australia Bank Limited,-0.54,-3.0,25,0,20,Financial Services,Banks - Diversified
CHGCY,"Chugai Pharmaceutical Co., Ltd.",-0.93,-6.65,19,13,22,Healthcare,Drug Manufacturers - General
NXPI,NXP Semiconductors N.V.,5.05,1.01,50,26,86,Technology,Semiconductors
LLDTF,Lloyds Banking Group plc,0.0,5.47,70,57,63,Financial Services,Banks - Regional
RACE,Ferrari N.V.,2.22,5.94,79,64,29,Industrials,Auto Manufacturing
BAESF,BAE Systems plc,-0.97,-3.92,11,7,23,Industrials,Aerospace & Defense
NTTYY,"NTT, Inc.",0.35,-7.64,11,5,19,Communication Services,Telecom Services
MMM,3M Company,0.86,7.78,90,60,49,Health Care,Medical/Dental Instruments
EPD,Enterprise Products Partners L.P.,0.22,-7.08,11,6,55,Utilities,Natural Gas Distribution
MCO,Moody's Corporation,-1.22,1.44,28,13,29,Finance,Finance: Consumer Services
AMX,"América Móvil, S.A.B. de C.V.",0.04,-0.82,50,39,72,Telecommunications,Telecommunications Equipment
MRSH,"Marsh & McLennan Companies, Inc.",-1.1,-0.59,38,27,18,Finance,Specialty Insurers
ENGQF,Engie SA,-3.0,-6.99,22,11,72,Utilities,Utilities - Diversified
ANZGY,ANZ Group Holdings Limited,0.7,-2.46,39,25,48,Financial Services,Banks - Diversified
SHW,The Sherwin-Williams Company,2.23,4.52,97,82,32,Consumer Discretionary,RETAIL: Building Materials
APO,"Apollo Global Management, Inc.",-1.02,3.98,83,74,50,Finance,Investment Managers
VLO,Valero Energy Corporation,-1.45,-6.44,0,0,76,Energy,Integrated oil Companies
CL,Colgate-Palmolive Company,-1.21,-0.96,61,43,48,Consumer Discretionary,Package Goods/Cosmetics
ORLY,"O'Reilly Automotive, Inc.",-1.76,-5.83,22,11,26,Consumer Discretionary,Auto & Home Supply Stores
B,B,-2.3,-1.05,46,17,73,Basic Materials,Precious Metals
EOG,"EOG Resources, Inc.",-2.45,-8.23,0,0,47,Energy,Oil & Gas Production
PSX,Phillips 66,-0.62,-7.36,0,0,61,Energy,Integrated oil Companies
F,Ford Motor Company,0.72,6.35,8,0,69,Industrials,Auto Manufacturing
TRP,TC Energy Corporation,-0.32,-3.41,41,23,68,Utilities,Natural Gas Distribution
KMI,"Kinder Morgan, Inc.",0.83,-5.95,33,20,51,Utilities,Natural Gas Distribution
AEP,"American Electric Power Company, Inc.",-0.45,-0.92,53,31,55,Utilities,Electric Utilities: Central
CTAS,Cintas Corporation,0.71,-0.3,8,0,19,Industrials,Garments and Clothing
VALE,Vale S.A.,-0.71,-5.69,17,0,76,Basic Materials,Metal Mining
WBD,"Warner Bros. Discovery, Inc.",-0.15,-4.45,0,0,78,Consumer Discretionary,Services-Misc. Amusement & Recreation
MSI,"Motorola Solutions, Inc.",-1.38,0.11,0,0,24,Technology,Radio And Television Broadcasting And Communications Equipment
DHLGY,Deutsche Post AG,-0.8,6.14,65,28,71,Industrials,Integrated Freight & Logistics
SPG,"Simon Property Group, Inc.",0.7,4.68,58,42,66,Real Estate,Real Estate Investment Trusts
DPSTF,Deutsche Post AG,0.0,12.04,89,70,70,Industrials,Integrated Freight & Logistics
WFAFY,Wesfarmers Limited,1.11,12.21,78,64,53,Consumer Cyclical,Home Improvement Retail
HKXCY,Hong Kong Exchanges and Clearing Limited,-1.12,-9.84,0,0,22,Financial Services,Financial Data & Stock Exchanges
FIX,"Comfort Systems USA, Inc.",1.84,7.19,100,94,95,Industrials,Engineering & Construction
MFC,Manulife Financial Corporation,0.54,5.91,89,70,70,Finance,Life Insurance
MQBKY,Macquarie Group Limited,0.83,2.47,96,72,74,Financial Services,Capital Markets
TEL,TE Connectivity plc,2.56,8.49,96,60,52,Technology,Electronic Components
APD,"Air Products and Chemicals, Inc.",-0.55,-3.11,29,13,39,Basic Materials,Major Chemicals
RSG,"Republic Services, Inc.",-1.2,-3.42,32,18,22,Utilities,Environmental Services
STMEF,STMicroelectronics N.V.,0.0,27.76,70,62,96,Technology,Semiconductors
WPM,Wheaton Precious Metals Corp.,-2.61,-3.47,57,43,55,Basic Materials,Precious Metals
TFC,Truist Financial Corporation,0.33,0.69,35,25,54,Finance,Major Banks
CRWV,"CoreWeave, Inc.",2.38,16.46,80,75,71,Technology,Computer Software: Prepackaged Software
D,"Dominion Energy, Inc.",0.57,2.02,90,58,64,Utilities,Electric Utilities: Central
LHX,"L3Harris Technologies, Inc.",-5.86,-4.25,0,0,32,Industrials,Industrial Machinery/Components
TER,"Teradyne, Inc.",7.19,27.22,100,100,97,Industrials,Electrical Products
CRARY,Crédit Agricole S.A.,1.31,7.82,100,84,56,Financial Services,Banks - Regional
GWW,"W.W. Grainger, Inc.",4.14,9.76,100,75,77,Industrials,Office Equipment/Supplies/Services
RELX,RELX PLC,-2.59,-7.2,0,0,9,Consumer Discretionary,Business Services
MPNGY,Meituan,-3.71,-15.95,0,0,7,Consumer Cyclical,Internet Retail
TGT,Target Corporation,2.29,6.87,62,51,77,Consumer Discretionary,Department/Specialty Retail Stores
THLLY,Thales S.A.,0.08,-0.17,31,23,26,Industrials,Aerospace & Defense
O,Realty Income Corporation,-0.54,-2.79,28,12,40,Real Estate,Real Estate Investment Trusts
RLXXF,RELX PLC,-2.45,-7.95,0,0,9,Industrials,Specialty Business Services
THLEF,Thales S.A.,-2.12,-0.21,33,21,24,Industrials,Aerospace & Defense
SSUMF,Sumitomo Corporation,3.39,-6.42,52,48,78,Industrials,Conglomerates
STRF,Strategy Inc,-2.07,-6.92,0,0,24,Technology,Computer Software: Prepackaged Software
STRK,Strategy Inc,-5.2,-14.65,0,0,7,Technology,Computer Software: Prepackaged Software
ANFGF,Antofagasta plc,-2.11,6.31,44,33,87,Basic Materials,Copper
MPLX,MPLX LP,1.66,2.53,67,38,50,Energy,Natural Gas Distribution
CMPGF,Compass Group PLC,0.78,4.78,73,60,43,Consumer Cyclical,Restaurants
FNCTF,Orange S.A.,-1.66,-6.77,0,0,62,Communication Services,Telecom Services
CMPGY,Compass Group PLC,0.2,3.92,61,46,46,Consumer Cyclical,Restaurants
FKURF,Fujikura Ltd.,22.01,23.26,100,100,99,Industrials,Conglomerates
VWAGY,Volkswagen AG,-0.9,-5.44,0,0,22,Consumer Cyclical,Auto Manufacturers
DAL,"Delta Air Lines, Inc.",2.35,13.57,100,84,81,Consumer Discretionary,Air Freight/Delivery Services
SCGLY,Société Générale Société anonyme,1.47,12.66,100,90,77,Financial Services,Banks - Regional
MET,"MetLife, Inc.",-0.31,3.72,56,44,61,Finance,Life Insurance
ALL,The Allstate Corporation,-0.22,0.16,66,47,52,Finance,Property-Casualty Insurers
OKE,"ONEOK, Inc.",-0.64,-7.73,17,6,51,Utilities,Oil & Gas Production
GWLIF,Great-West Lifeco Inc.,1.24,11.58,100,90,85,Financial Services,Insurance - Life
CTVA,"Corteva, Inc.",1.58,-0.04,75,49,48,Consumer Staples,Farming/Seeds/Milling
BAMXF,Bayerische Motoren Werke Aktiengesellschaft,-2.94,-18.85,0,0,7,Consumer Cyclical,Auto Manufacturers
CBRS,Cerebras Systems Inc.,9.85,-19.26,38,29,8,Technology,Semiconductors
CVE,Cenovus Energy Inc.,-1.72,-17.13,0,0,78,Energy,Oil & Gas Production
SDVKF,Sandvik AB (publ),0.0,-0.03,12,5,76,Industrials,Specialty Industrial Machinery
ARGNF,argenx SE,0.0,12.05,89,67,63,Healthcare,Biotechnology
ARGX,argenx SE,-1.63,9.14,72,58,74,Health Care,Biotechnology: Biological Products (No Diagnostic Substances)
BFFAF,BASF SE,-2.9,-11.14,0,0,46,Basic Materials,Chemicals
MCHP,Microchip Technology Incorporated,6.01,6.65,100,99,87,Technology,Semiconductors
NTDOF,"Nintendo Co., Ltd.",-1.64,-7.75,10,2,3,Communication Services,Electronic Gaming & Multimedia
SDVKY,Sandvik AB (publ),2.93,6.99,100,100,83,Industrials,Specialty Industrial Machinery
EA,Electronic Arts Inc.,-0.43,0.37,29,10,52,Consumer Discretionary,Services-Misc. Amusement & Recreation
TTDKF,TDK Corporation,9.09,38.22,72,61,99,Technology,Electronic Components
CTPCF,CITIC Limited,0.0,1.69,84,64,66,Industrials,Conglomerates
ETR,Entergy Corporation,0.23,-0.73,72,48,67,Utilities,Electric Utilities: Central
EW,Edwards Lifesciences Corporation,0.78,5.29,69,29,51,Health Care,Industrial Specialties
DRPRY,Dr. Ing. h.c. F. Porsche AG,-1.17,4.48,45,27,61,Consumer Cyclical,Auto Manufacturers
CCJ,Cameco Corporation,0.78,2.37,41,28,67,Basic Materials,Other Metals and Minerals
TTDKY,TDK Corporation,2.44,27.31,77,69,92,Technology,Electronic Components
FER,Ferrovial N.V.,0.71,2.69,94,67,61,Industrials,Military/Government/Technical
CRZBY,Commerzbank AG,1.53,4.59,100,69,71,Financial Services,Banks - Regional
AMSYF,ArcelorMittal S.A.,0.0,9.17,89,73,90,Basic Materials,Steel
UOVEF,United Overseas Bank Limited,0.0,2.39,68,45,53,Financial Services,Banks - Regional
MDLN,Medline Inc.,-1.32,-0.86,65,49,15,Health Care,Medical/Dental Instruments
RWNFF,RWE Aktiengesellschaft,-1.49,-5.05,26,12,72,Utilities,Utilities - Diversified
LNG,"Cheniere Energy, Inc.",-1.89,-6.83,17,4,27,Utilities,Oil/Gas Transmission
LGRVF,Legrand SA,9.38,5.27,77,58,67,Industrials,Electrical Equipment & Parts
FANUF,Fanuc Corporation,1.68,-3.22,22,11,82,Industrials,Specialty Industrial Machinery
CAH,"Cardinal Health, Inc.",-1.99,11.31,81,74,67,Health Care,Other Pharmaceuticals
DGEAF,Diageo plc,-1.14,-6.84,26,16,23,Consumer Defensive,Beverages - Wineries & Distilleries
BIDU,"Baidu, Inc.",0.13,-17.35,0,0,31,Technology,Computer Software: Programming Data Processing
GPDNF,Danone S.A.,-2.48,0.27,57,39,20,Consumer Defensive,Packaged Foods
ERIXF,Telefonaktiebolaget LM Ericsson (publ),-9.76,-11.64,0,0,65,Technology,Communication Equipment
FITBO,Fifth Third Bancorp,0.38,0.05,58,29,29,Finance,Major Banks
FITBI,Fifth Third Bancorp,0.66,1.33,50,21,42,Finance,Major Banks
LGRDY,Legrand SA,5.16,0.27,88,73,64,Industrials,Electrical Equipment & Parts
CODYY,Compagnie de Saint-Gobain S.A.,2.64,8.27,100,88,33,Industrials,Building Products & Equipment
GFS,GLOBALFOUNDRIES Inc.,6.44,21.25,71,57,95,Technology,Semiconductors
LZAGF,Lonza Group AG,-3.85,-5.0,13,7,26,Healthcare,Diagnostics & Research
CLS,Celestica Inc.,-2.06,7.52,21,17,89,Technology,Electrical Products
CODGF,Compagnie de Saint-Gobain S.A.,0.0,7.31,87,72,34,Industrials,Building Products & Equipment
ASTS,"AST SpaceMobile, Inc.",-5.58,-9.96,0,0,80,Consumer Discretionary,Telecommunications Equipment
ANYYY,"Aena S.M.E., S.A.",-0.07,10.67,90,76,55,Industrials,Airports & Air Services
CNSWY,CNSWY,-11.53,-2.8,4,0,10,Technology,Software - Application
STT,State Street Corporation,-1.63,9.24,76,63,85,Finance,Major Banks
HEINY,Heineken N.V.,0.75,2.22,69,51,38,Consumer Defensive,Beverages - Brewers
VTR,"Ventas, Inc.",-0.67,-7.9,32,23,53,Real Estate,Real Estate Investment Trusts
WOPEF,Woodside Energy Group Ltd,-2.05,-14.22,0,0,41,Energy,Oil & Gas E&P
WDS,WDS,-0.25,-11.87,0,0,50,Energy,Oil & Gas Production
TTWO,"Take-Two Interactive Software, Inc.",4.93,1.12,97,77,44,Consumer Discretionary,Services-Misc. Amusement & Recreation
PPCCY,PICC Property and Casualty Company Limited,-6.77,2.09,50,44,25,Financial Services,Insurance - Property & Casualty
SWDBY,Swedbank AB (publ),0.59,3.44,93,70,74,Financial Services,Banks - Regional
HOCFF,HOCHTIEF Aktiengesellschaft,0.0,4.92,89,64,92,Industrials,Engineering & Construction
BAYZF,Bayer Aktiengesellschaft,0.0,-2.42,85,71,60,Healthcare,Drug Manufacturers - General
SWDBF,Swedbank AB (publ),0.0,-0.14,29,20,50,Financial Services,Banks - Regional
YUM,"Yum! Brands, Inc.",-1.35,0.02,59,41,38,Consumer Discretionary,Restaurants
TEVA,Teva Pharmaceutical Industries Limited,-3.32,-8.28,0,0,79,Health Care,Biotechnology: Pharmaceutical Preparations
RBGPF,Reckitt Benckiser Group plc,-0.87,-3.41,30,17,14,Consumer Defensive,Household & Personal Products
CCEP,Coca-Cola Europacific Partners PLC,-0.2,3.91,69,51,44,Consumer Staples,Beverages (Production/Distribution)
CCI,Crown Castle Inc.,-4.34,-10.4,0,0,24,Real Estate,Real Estate Investment Trusts
SSEZF,SSE plc,-2.84,-7.16,18,12,39,Utilities,Utilities - Diversified
TYIDF,Toyota Industries Corp,0.0,1.59,14,8,49,Industrials,Farm & Heavy Construction Machinery
MSADY,"MS&AD Insurance Group Holdings, Inc.",-0.63,-0.39,65,48,63,Financial Services,Insurance - Property & Casualty
HSY,The Hershey Company,-1.53,-9.54,0,0,22,Consumer Staples,Specialty Foods
RBGLY,Reckitt Benckiser Group plc,0.81,-2.97,45,27,18,Consumer Defensive,Household & Personal Products
PEG,Public Service Enterprise Group Incorporated,0.62,3.23,80,50,34,Utilities,Power Generation
CCL,Carnival Corporation Ltd.,3.21,18.59,100,89,64,Consumer Discretionary,Marine Transportation
JBL,Jabil Inc.,-0.83,7.74,50,36,89,Technology,Electrical Products
TRI,Thomson Reuters Corporation,-0.85,-7.94,0,0,4,Consumer Discretionary,Publishing
LNVGF,Lenovo Group Limited,0.97,85.21,86,84,96,Technology,Computer Hardware
IRM,Iron Mountain Incorporated,1.91,2.3,98,45,77,Real Estate,Real Estate Investment Trusts
EQBBF,EQT AB (publ),-0.91,-6.98,0,0,40,Financial Services,Asset Management
SSEZY,SSE plc,-1.25,-1.62,21,11,49,Utilities,Utilities - Diversified
MSADF,"MS&AD Insurance Group Holdings, Inc.",0.0,3.93,94,85,73,Financial Services,Insurance - Property & Casualty
STLD,"Steel Dynamics, Inc.",-7.49,9.47,31,19,89,Industrials,Steel/Iron Ore
KMTUY,Komatsu Ltd.,0.75,4.7,55,41,64,Industrials,Farm & Heavy Construction Machinery
PBCRF,PT Bank Central Asia Tbk,30.74,13.87,91,80,10,Financial Services,Banks - Regional
EME,"EMCOR Group, Inc.",1.1,-1.94,61,26,77,Industrials,Engineering & Construction
FJTSY,Fujitsu Limited,0.54,-1.49,11,7,18,Technology,Information Technology Services
WEGZY,WEG S.A.,4.77,5.88,100,100,51,Industrials,Electrical Equipment & Parts
JPPHY,"Japan Post Holdings Co., Ltd.",-9.24,-12.01,34,30,77,Financial Services,Banks - Regional
PPRUF,Kering SA,6.94,18.93,100,100,59,Consumer Cyclical,Luxury Goods
WEC,"WEC Energy Group, Inc.",-0.33,1.37,48,29,41,Utilities,Power Generation
FINMF,Leonardo S.p.a.,2.21,-3.3,41,32,29,Industrials,Aerospace & Defense
KMTUF,Komatsu Ltd.,-5.77,-2.25,38,28,61,Industrials,Farm & Heavy Construction Machinery
PCG,PG&E Corporation,0.24,1.04,38,20,41,Utilities,Power Generation
VODPF,Vodafone Group Public Limited Company,0.0,-2.58,60,47,69,Communication Services,Telecom Services
HMC,"Honda Motor Co., Ltd.",0.27,1.51,21,5,24,Industrials,Auto Manufacturing
ADDDF,adidas AG,-0.95,19.53,81,65,52,Consumer Cyclical,Footwear & Accessories
BKHPF,Bank Hapoalim B.M.,0.0,2.47,39,10,86,Financial Services,Banks - Regional
TEVJF,Teva Pharmaceutical Industries Limited,0.0,0.5,38,15,81,Healthcare,Drug Manufacturers - Specialty & Generic
AMKAF,A.P. Møller - Mærsk A/S,-5.22,6.47,24,16,38,Industrials,Marine Shipping
DLMAF,Dollarama Inc.,0.66,7.63,59,50,31,Consumer Defensive,Discount Stores
CBOE,"Cboe Global Markets, Inc.",-2.19,-30.84,0,0,31,Finance,Investment Bankers/Brokers/Service
HIG,"The Hartford Insurance Group, Inc.",-1.07,-5.73,29,19,32,Finance,Property-Casualty Insurers
PAYX,"Paychex, Inc.",0.68,3.5,40,20,20,Industrials,Diversified Commercial Services
BBD,Banco Bradesco S.A.,-2.04,-5.77,11,0,38,Finance,Major Banks
SMPNY,"Sompo Holdings, Inc.",1.6,1.7,98,74,62,Financial Services,Insurance - Property & Casualty
NTAP,"NetApp, Inc.",3.17,34.24,63,60,85,Technology,Electronic Components
DNZOF,DENSO Corporation,0.0,-6.79,18,11,14,Consumer Cyclical,Auto Parts
GVDNY,Givaudan SA,0.61,12.26,83,66,40,Basic Materials,Specialty Chemicals
TRAUF,Transurban Group,0.0,2.94,48,34,49,Industrials,Infrastructure Operations
CHT,"Chunghwa Telecom Co., Ltd.",-0.44,3.05,55,31,42,Telecommunications,Telecommunications Equipment
BKHYY,Bank Hapoalim B.M.,0.51,-11.97,12,8,52,Financial Services,Banks - Regional
RVMD,"Revolution Medicines, Inc.",3.31,8.42,100,98,96,Health Care,Biotechnology: Biological Products (No Diagnostic Substances)
KVUE,Kenvue Inc.,0.61,4.62,74,54,37,Consumer Discretionary,Specialty Chemicals
HBANZ,Huntington Bancshares Incorporated,0.15,-2.53,11,0,29,Finance,Major Banks
CSLLY,CSL Limited,3.2,6.68,87,78,4,Healthcare,Biotechnology
NTR,Nutrien Ltd.,-2.21,-10.34,0,0,29,Industrials,Agricultural Chemicals
ROP,"Roper Technologies, Inc.",0.09,2.21,50,25,8,Technology,Computer Software: Programming Data Processing
HVRRF,Hannover Rück SE,0.0,-8.33,21,15,20,Financial Services,Insurance - Reinsurance
BMPSY,BMPSY,-0.84,23.67,89,80,61,Financial Services,Banks - Regional
HVRRY,Hannover Rück SE,0.25,-7.92,30,20,23,Financial Services,Insurance - Reinsurance
HAL,Halliburton Company,-3.59,-17.07,0,0,72,Energy,Oilfield Services/Equipment
TCKRF,Teck Resources Limited,23.76,0.34,77,74,87,Basic Materials,Other Industrial Metals & Mining
EL,The Estée Lauder Companies Inc.,2.85,8.87,49,31,31,Consumer Discretionary,Package Goods/Cosmetics
RPRX,Royalty Pharma plc,-1.38,-0.19,0,0,79,Health Care,Biotechnology: Pharmaceutical Preparations
GASNY,"Naturgy Energy Group, S.A.",-1.36,-0.76,0,0,54,Utilities,Utilities - Regulated Gas
PUTRY,PTT Public Company Limited,0.0,6.88,23,9,56,Energy,Oil & Gas Integrated
CKHGY,Capitec Bank Holdings Limited,-0.05,5.74,87,72,73,Financial Services,Banks - Regional
KBGGY,Kongsberg Gruppen ASA,-0.92,-9.12,2,0,43,Industrials,Aerospace & Defense
ACGLN,Arch Capital Group Ltd.,0.06,-1.61,16,0,30,Finance,Property-Casualty Insurers
SVNDF,"Seven & i Holdings Co., Ltd.",0.0,-0.34,18,6,17,Consumer Defensive,Grocery Stores
TCOM,Trip.com Group Limited,-3.49,-7.13,0,0,7,Consumer Discretionary,Business Services
EXPGY,Experian plc,-1.14,-6.68,0,0,8,Industrials,Consulting Services
SZLMY,Swiss Life Holding AG,-0.77,0.1,61,42,46,Financial Services,Insurance - Diversified
NTRSO,Northern Trust Corporation,0.32,0.1,53,21,32,Finance,Major Banks
HENOF,Henkel AG & Co. KGaA,0.0,1.81,27,5,21,Consumer Defensive,Household & Personal Products
EXR,Extra Space Storage Inc.,0.98,3.28,53,35,47,Real Estate,Real Estate Investment Trusts
WOLWF,Woolworths Group Limited,0.0,2.34,92,78,75,Consumer Defensive,Grocery Stores
VICI,VICI Properties Inc.,-1.87,-5.91,0,0,23,Real Estate,Real Estate Investment Trusts
EXPGF,Experian plc,-2.51,-4.41,5,0,9,Industrials,Consulting Services
EC,Ecopetrol S.A.,5.81,20.85,95,76,88,Energy,Oil & Gas Production
AEE,Ameren Corporation,-0.23,0.69,61,38,49,Utilities,Power Generation
ZM,"Zoom Communications, Inc.",-1.18,-13.14,0,0,45,Technology,Computer Software: Programming Data Processing
VEOEY,Veolia Environnement SA,0.44,2.39,69,48,68,Industrials,Waste Management
CNC,Centene Corporation,0.63,4.7,38,26,88,Health Care,Medical Specialities
SWSDF,Swiss Life Holding AG,0.0,-4.64,75,41,44,Financial Services,Insurance - Diversified
MITEF,"Mitsubishi Estate Co., Ltd.",0.0,-7.6,27,15,44,Real Estate,Real Estate - Diversified
DASTF,Dassault Systèmes SE,1.93,-15.8,4,0,7,Technology,Software - Application
RSNHF,"Resona Holdings, Inc.",10.81,21.02,100,100,81,Financial Services,Banks - Regional
DUAVF,Dassault Aviation société anonyme,0.15,7.83,31,12,27,Industrials,Aerospace & Defense
GBOOF,"Grupo Financiero Banorte, S.A.B. de C.V.",0.63,4.37,66,54,56,Financial Services,Banks - Regional
ARES,Ares Management Corporation,0.77,6.99,61,51,27,Finance,Investment Managers
DOV,Dover Corporation,1.26,6.23,96,69,62,Industrials,Industrial Machinery/Components
GEHC,GE HealthCare Technologies Inc.,0.72,-4.15,8,1,13,Health Care,Medical Electronics
ATO,Atmos Energy Corporation,0.28,-2.8,40,21,36,Utilities,Oil/Gas Transmission
BRDCF,Bridgestone Corporation,0.0,10.1,93,83,6,Consumer Cyclical,Auto Parts
SKFOF,Sika AG,0.0,11.71,92,81,35,Basic Materials,Specialty Chemicals
FTS,Fortis Inc.,-0.11,0.38,52,30,51,Utilities,Electric Utilities: Central
IR,Ingersoll Rand Inc.,1.09,10.71,95,82,29,Industrials,Industrial Machinery/Components
IMBBY,Imperial Brands PLC,-1.21,-3.43,31,16,22,Consumer Defensive,Tobacco
MTSI,"MACOM Technology Solutions Holdings, Inc.",6.62,4.18,71,62,95,Technology,Semiconductors
IPXHF,Inpex Corporation,0.0,-21.24,1,0,35,Energy,Oil & Gas E&P
CNP,"CenterPoint Energy, Inc.",0.45,1.93,62,37,51,Utilities,Electric Utilities: Central
ALPMF,Astellas Pharma Inc.,7.75,0.41,63,52,64,Healthcare,Drug Manufacturers - General
BPERF,BPERF,0.0,15.05,95,88,68,Financial Services,Banks - Regional
ICTEF,"International Container Terminal Services, Inc.",9.36,35.22,100,99,1,Industrials,Marine Shipping
TTNDF,Techtronic Industries Company Limited,0.0,-3.44,95,86,73,Industrials,Tools & Accessories
BAP,Credicorp Ltd.,-1.08,14.85,88,80,82,Finance,Commercial Banks
SMCAY,SMC Corporation,1.61,9.73,100,94,71,Industrials,Specialty Industrial Machinery
TPL,Texas Pacific Land Corporation,0.18,-11.65,0,0,28,Energy,Oil & Gas Production
PBA,Pembina Pipeline Corporation,-0.11,-5.28,14,0,60,Energy,Oil & Gas Production
HRSHF,"Haier Smart Home Co., Ltd.",-0.47,6.2,81,70,12,Consumer Cyclical,"Furnishings, Fixtures & Appliances"
NVZMY,Novozymes A/S,1.88,2.27,56,38,35,Basic Materials,Specialty Chemicals
IONQ,"IonQ, Inc.",3.4,7.78,8,3,81,Technology,EDP Services
FE,FirstEnergy Corp.,0.67,2.22,55,32,43,Utilities,Electric Utilities: Central
BESIY,BE Semiconductor Industries N.V.,3.99,19.03,89,77,94,Technology,Semiconductor Equipment & Materials
FTAIN,FTAI Aviation Ltd.,0.0,0.3,33,11,39,Industrials,Misc Corporate Leasing Services
PPL,PPL Corporation,0.14,0.63,54,32,36,Utilities,Electric Utilities: Central
STRL,"Sterling Infrastructure, Inc.",2.82,14.61,51,44,96,Industrials,Military/Government/Technical
CAJFF,Canon Inc.,6.45,9.51,73,60,31,Technology,Computer Hardware
NWWCF,New China Life Insurance Company Ltd.,-11.72,2.5,25,16,76,Financial Services,Insurance - Life
CEBCF,China Everbright Bank Company Limited,0.0,-4.52,62,48,63,Financial Services,Banks - Regional
JBHT,"J.B. Hunt Transport Services, Inc.",1.49,3.17,34,12,88,Industrials,Trucking Freight/Courier Services
VRSN,"VeriSign, Inc.",-0.11,-12.66,0,0,40,Technology,EDP Services
YZCHF,Yankuang Energy Group Company Limited,0.0,0.0,31,10,76,Energy,Thermal Coal
HLVTY,Helvetia Baloise Holding AG,0.0,-5.23,72,63,82,Financial Services,Insurance - Diversified
ES,Eversource Energy,0.78,0.78,65,41,47,Utilities,Electric Utilities: Central
LUNMF,Lundin Mining Corporation,-2.59,-3.72,3,0,90,Basic Materials,Copper
FOX,Fox Corporation,0.47,-18.18,0,0,18,Industrials,Broadcasting
AVB,"AvalonBay Communities, Inc.",-1.29,-5.02,0,0,35,Real Estate,Real Estate Investment Trusts
CLPHF,CLPHF,0.0,-5.49,0,0,44,Utilities,Utilities - Regulated Electric
AIVAF,Aviva plc,0.0,-4.0,24,5,25,Financial Services,Insurance - Diversified
XPO,"XPO, Inc.",-1.13,-5.33,0,0,78,Consumer Discretionary,Transportation Services
HUBB,Hubbell Incorporated,2.91,13.37,100,100,63,Technology,Electrical Products
HPQ,HP Inc.,1.38,12.89,25,17,49,Technology,Computer Manufacturing
HXGBY,Hexagon AB (publ),-1.74,-11.02,24,12,29,Technology,Scientific & Technical Instruments
ILMN,"Illumina, Inc.",1.79,14.1,69,56,83,Health Care,Medical Specialities
EQR,Equity Residential,-0.84,-3.3,0,0,43,Real Estate,Real Estate Investment Trusts
OMVJF,OMV Aktiengesellschaft,0.0,-7.61,6,0,62,Energy,Oil & Gas Integrated
DG,Dollar General Corporation,4.38,8.45,81,68,28,Consumer Discretionary,Department/Specialty Retail Stores
DOW,Dow Inc.,-2.37,-11.63,0,0,54,Industrials,Major Chemicals
BNTX,BioNTech SE,-1.44,0.59,51,35,28,Health Care,Biotechnology: Biological Products (No Diagnostic Substances)
QBIEY,QBE Insurance Group Limited,2.06,-1.52,63,54,68,Financial Services,Insurance - Property & Casualty
AIPUY,Airports of Thailand Public Company Limited,3.3,23.25,100,100,87,Industrials,Airports & Air Services
BNCZF,Banco BPM S.p.A.,0.0,12.13,87,64,82,Financial Services,Banks - Regional
FMXUF,"Fomento Económico Mexicano, S.A.B. de C.V.",0.0,3.88,87,75,71,Consumer Defensive,Beverages - Brewers
PAAS,Pan American Silver Corp.,-2.89,-10.63,32,18,68,Basic Materials,Precious Metals
NHYDY,Norsk Hydro ASA,-0.95,-9.84,0,0,84,Basic Materials,Aluminum
STZ,"Constellation Brands, Inc.",1.6,-6.61,38,30,30,Consumer Staples,Beverages (Production/Distribution)
RF,Regions Financial Corporation,-0.1,4.95,64,42,61,Finance,Major Banks
HALMY,Halma plc,3.75,-13.29,9,4,53,Industrials,Conglomerates
WRB,W. R. Berkley Corporation,-1.34,-1.55,58,38,31,Finance,Property-Casualty Insurers
OLCLY,"Oriental Land Co., Ltd.",0.28,0.85,67,41,6,Consumer Cyclical,Leisure
BCEFF,BCE Inc.,0.0,1.27,39,10,61,Communication Services,Telecom Services
CCOZF,China Coal Energy Company Limited,0.0,-22.29,5,2,39,Energy,Thermal Coal
BCE,BCE Inc.,0.0,-2.44,0,0,34,Telecommunications,Telecommunications Equipment
DRI,"Darden Restaurants, Inc.",1.0,8.2,98,82,44,Consumer Discretionary,Restaurants
OEZVY,VERBUND AG,-5.17,-7.07,0,0,23,Utilities,Utilities - Renewable
MTNOY,MTN Group Limited,-0.99,9.59,78,61,86,Communication Services,Telecom Services
SQM,Sociedad Química y Minera de Chile S.A.,-3.98,-2.08,53,40,87,Industrials,Mining & Quarrying of Nonmetallic Minerals (No Fuels)
TELNF,Telenor ASA,0.0,-6.6,27,13,41,Communication Services,Telecom Services
UNPRF,Uniper SE,0.0,6.09,56,17,78,Utilities,Utilities - Regulated Gas
VRSK,"Verisk Analytics, Inc.",-0.88,2.12,18,1,8,Industrials,Diversified Commercial Services
JXAMY,JXAMY,8.2,-8.17,47,41,51,,
AKRBF,Aker BP ASA,-5.92,-16.02,0,0,48,Energy,Oil & Gas E&P
LSRCY,Lasertec Corporation,8.31,53.58,100,100,95,Technology,Semiconductor Equipment & Materials
FCNCA,"First Citizens BancShares, Inc.",-0.87,5.12,59,43,53,Finance,Major Banks
FCNCB,"First Citizens BancShares, Inc.",2.7,19.97,84,70,63,Financial Services,Banks - Regional
STMZF,Scottish Mortgage Investment Trust PLC,-0.05,-2.48,31,23,78,,
ICHGF,InterContinental Hotels Group PLC,0.29,18.58,95,85,80,Consumer Cyclical,Lodging
FWONA,Formula One Group,0.83,1.5,93,61,35,Industrials,Broadcasting
CHWRF,China Tower Corporation Limited,0.0,-21.43,3,1,61,Communication Services,Telecom Services
PFG,"Principal Financial Group, Inc.",-0.59,7.43,74,56,78,Finance,Accident &Health Insurance
WIT,Wipro Limited,-3.63,21.32,77,69,24,Technology,EDP Services
CLNXF,"Cellnex Telecom, S.A.",0.0,-1.83,40,24,32,Real Estate,Real Estate Services
SNHIY,SNHIY,0.0,0.95,42,20,35,Industrials,Farm & Heavy Construction Machinery
BDRPF,Bombardier Inc.,0.0,3.05,54,25,66,Industrials,Aerospace & Defense
BDRBF,Bombardier Inc.,-0.8,3.92,15,0,89,Industrials,Aerospace & Defense
ULTA,"Ulta Beauty, Inc.",1.19,-7.5,1,0,16,Consumer Discretionary,Other Specialty Stores
JXHLY,"ENEOS Holdings, Inc.",6.06,-1.2,68,57,65,Energy,Oil & Gas Refining & Marketing
LEN,Lennar Corporation,3.76,2.77,26,11,15,Consumer Discretionary,Homebuilding
MKSI,MKS Inc.,9.46,30.55,100,100,96,Industrials,Industrial Machinery/Components
YPF,YPF Sociedad Anónima,-0.79,7.18,25,13,83,Energy,Integrated oil Companies
AKAM,"Akamai Technologies, Inc.",-2.31,-12.99,0,0,81,Consumer Discretionary,Business Services
ANGPY,Valterra Platinum Limited,0.64,-6.64,48,34,71,Basic Materials,Other Precious Metals & Mining
IHICF,IHI Corporation,0.0,24.53,88,75,3,Industrials,Specialty Industrial Machinery
SBAC,SBA Communications Corporation,-2.45,-9.5,0,0,29,Real Estate,Real Estate Investment Trusts
JXHGF,"ENEOS Holdings, Inc.",0.0,-4.61,20,8,69,Energy,Oil & Gas Refining & Marketing
SURDF,"Sumitomo Realty & Development Co., Ltd.",0.0,-30.33,1,0,2,Real Estate,Real Estate Services
L,Loews Corporation,-0.37,-1.32,53,32,48,Finance,Property-Casualty Insurers
ASCCY,ASICS Corporation,-0.11,-1.82,14,3,45,Consumer Cyclical,Footwear & Accessories
CNGKY,CK Asset Holdings Limited,-2.28,-23.1,0,0,60,Real Estate,Real Estate - Development
CHRW,"C.H. Robinson Worldwide, Inc.",-0.09,2.79,52,37,78,Industrials,Integrated Freight & Logistics
EDPFY,"EDP, S.A.",-1.17,-2.74,18,0,58,Utilities,Utilities - Diversified
LUV,Southwest Airlines Co.,2.81,21.36,100,98,76,Consumer Discretionary,Air Freight/Delivery Services
TNABY,Tenaga Nasional Berhad,0.0,-6.75,45,33,54,Utilities,Utilities - Regulated Electric
CJPRY,Central Japan Railway Company,0.88,-8.21,12,4,9,Industrials,Railroads
PKX,POSCO Holdings Inc.,-3.0,-16.29,1,0,59,Industrials,Steel/Iron Ore
OMC,Omnicom Group Inc.,-6.5,0.32,2,0,29,Consumer Discretionary,Advertising
ARLUF,Aristocrat Leisure Limited,0.0,-9.44,34,29,30,Consumer Cyclical,Gambling
RIVN,"Rivian Automotive, Inc.",1.6,20.32,58,54,47,Industrials,Auto Manufacturing
KUBTF,Kubota Corporation,0.0,-15.74,0,0,64,Industrials,Farm & Heavy Construction Machinery
IOT,Samsara Inc.,0.28,3.46,26,21,17,Technology,EDP Services
MZTFF,Mizrahi Tefahot Bank Ltd.,0.0,-8.35,4,2,85,Financial Services,Banks - Regional
NXGPY,NEXT plc,0.0,11.73,68,47,48,Consumer Cyclical,Apparel Retail
SRTOY,Sartorius Stedim Biotech S.A.,-6.61,-3.52,0,0,15,Healthcare,Medical Instruments & Supplies
CCHBF,Coca-Cola HBC AG,0.43,11.32,83,67,71,Consumer Defensive,Beverages - Non-Alcoholic
DSFIY,DSFIY,3.63,11.19,100,100,58,Basic Materials,Specialty Chemicals
DSMFF,DSM-Firmenich AG,2.71,11.7,100,100,56,Basic Materials,Specialty Chemicals
MTUAF,MTU Aero Engines AG,5.06,20.78,100,100,35,Industrials,Aerospace & Defense
HKHHY,Heineken Holding N.V.,0.63,0.08,57,38,39,Consumer Defensive,Beverages - Brewers
CHTR,"Charter Communications, Inc.",-4.37,-12.71,0,0,2,Telecommunications,Cable & Other Pay Television Services
GNENF,"Ganfeng Lithium Group Co., Ltd.",-1.28,-20.23,19,10,87,Basic Materials,Chemicals
KKPNY,Koninklijke KPN N.V.,0.0,-8.18,8,0,36,Communication Services,Telecom Services
KKPNF,Koninklijke KPN N.V.,-0.41,-10.46,0,0,35,Communication Services,Telecom Services
MDIBF,Mediobanca Banca di Credito Finanziario S.p.A.,0.0,22.75,85,71,78,Financial Services,Banks - Regional
TU,TELUS Corporation,-1.03,-4.75,0,0,15,Telecommunications,Telecommunications Equipment
PKG,Packaging Corporation of America,-0.1,8.13,85,60,59,Consumer Discretionary,Containers/Packaging
RS,"Reliance, Inc.",-1.92,9.78,59,41,78,Industrials,Metal Fabrications
INCY,Incyte Corporation,-0.78,1.17,39,32,58,Health Care,Biotechnology: Commercial Physical & Biological Resarch
DWAHF,"Daiwa House Industry Co., Ltd.",0.0,-13.4,32,26,1,Real Estate,Real Estate - Development
ROKU,"Roku, Inc.",0.57,11.2,72,64,83,Telecommunications,Cable & Other Pay Television Services
BRO,"Brown & Brown, Inc.",0.1,2.91,59,45,7,Finance,Specialty Insurers
BKRIF,Bank of Ireland Group plc,0.49,5.7,94,69,73,Financial Services,Banks - Regional
VTRS,Viatris Inc.,-2.29,-6.67,0,0,82,Health Care,Biotechnology: Pharmaceutical Preparations
RAIFY,Raiffeisen Bank International AG,-2.62,11.64,77,65,89,Financial Services,Banks - Regional
IHICY,IHI Corporation,-1.04,9.76,84,77,8,Industrials,Specialty Industrial Machinery
SPXCF,Singapore Exchange Limited,0.0,8.12,89,78,81,Financial Services,Financial Data & Stock Exchanges
PRNDY,Pernod Ricard SA,2.24,-1.15,51,38,13,Consumer Defensive,Beverages - Wineries & Distilleries
SHWDF,Resonac Holdings Corporation,0.0,-6.74,8,3,96,Basic Materials,Chemicals
IVBIY,IVBIY,-6.55,-11.1,0,0,35,Healthcare,Biotechnology
SPXCY,Singapore Exchange Limited,1.31,9.77,100,90,82,Financial Services,Financial Data & Stock Exchanges
HLDVF,Henderson Land Development Company Limited,0.0,-17.55,19,15,46,Real Estate,Real Estate - Diversified
PDRDF,Pernod Ricard SA,-0.27,-1.11,56,47,13,Consumer Defensive,Beverages - Wineries & Distilleries
RBC,RBC Bearings Incorporated,2.15,11.93,100,97,83,Industrials,Metal Fabrications
NURAF,"Nomura Research Institute, Ltd.",0.53,-2.81,9,5,1,Technology,Information Technology Services
BIP,Brookfield Infrastructure Partners L.P.,0.54,-3.02,0,0,56,Consumer Discretionary,Marine Transportation
BDRFF,Beiersdorf Aktiengesellschaft,0.0,1.82,64,40,13,Consumer Defensive,Household & Personal Products
ASUUY,ASUSTeK Computer Inc.,0.0,0.0,31,10,19,Technology,Computer Hardware
BWXT,"BWX Technologies, Inc.",1.15,1.35,100,83,61,Industrials,Industrial Machinery/Components
NRILY,"Nomura Research Institute, Ltd.",-0.18,-4.79,9,0,14,Technology,Information Technology Services
FTV,Fortive Corporation,0.58,3.39,55,35,59,Industrials,Industrial Machinery/Components
TRMLF,Tourmaline Oil Corp.,-0.35,-12.02,0,0,21,Energy,Oil & Gas E&P
SARTF,Sartorius Aktiengesellschaft,-9.94,-3.65,0,0,26,Healthcare,Medical Instruments & Supplies
SSSGY,Sartorius Aktiengesellschaft,0.0,1.71,30,9,45,Healthcare,Medical Instruments & Supplies
YAHOY,LY Corporation,-1.74,-3.97,47,22,20,Consumer Cyclical,Internet Retail
DWAHY,"Daiwa House Industry Co., Ltd.",0.44,-4.4,53,37,11,Real Estate,Real Estate - Development
WXXWY,WuXi Biologics (Cayman) Inc.,4.97,-6.87,24,16,27,Healthcare,Biotechnology
BNDSF,"Banco de Sabadell, S.A.",1.45,2.73,29,25,59,Financial Services,Banks - Diversified
DQJCF,Pan Pacific International Holdings Corporation,1.92,-9.36,64,53,93,Consumer Defensive,Discount Stores
BDRFY,Beiersdorf Aktiengesellschaft,1.83,-1.07,73,54,14,Consumer Defensive,Household & Personal Products
CAHPF,Evolution Mining Limited,-9.09,9.36,64,57,99,Basic Materials,Gold
INVH,Invitation Homes Inc.,-0.28,-2.61,0,0,42,Finance,Real Estate
DFKCY,"Daifuku Co., Ltd.",3.8,5.19,84,69,83,Industrials,Specialty Industrial Machinery
KSPI,Joint Stock Company Kaspi.kz,-1.28,-10.51,21,4,44,Technology,Software - Infrastructure
CF,"CF Industries Holdings, Inc.",-2.76,-16.52,0,0,42,Industrials,Agricultural Chemicals
AMKR,"Amkor Technology, Inc.",4.66,32.23,100,100,96,Technology,Semiconductors
LOGI,Logitech International S.A.,1.6,3.72,5,0,53,Technology,Computer peripheral equipment
AGI,Alamos Gold Inc.,-2.6,-7.93,37,20,45,Basic Materials,Precious Metals
BOIVF,Bolloré SE,-2.09,-0.65,6,0,46,Communication Services,Entertainment
BNCDY,Banca Mediolanum S.p.A.,0.0,18.03,94,86,82,Financial Services,Banks - Regional
BNDSY,"Banco de Sabadell, S.A.",-6.08,-1.03,62,56,60,Financial Services,Banks - Diversified
ERBKY,Eurobank S.A.,0.0,13.5,97,92,56,,
CTTAF,Continental Aktiengesellschaft,-1.08,6.23,74,54,64,Consumer Cyclical,Auto Parts
NPXYY,NPXYY,-0.35,-6.78,16,2,29,Basic Materials,Chemicals
JBAXY,Julius Bär Gruppe AG,1.17,-4.75,34,18,67,Financial Services,Asset Management
UNBLF,Unibail-Rodamco-Westfield SE,-2.24,-1.92,0,0,42,Real Estate,REIT - Retail
CTTAY,Continental Aktiengesellschaft,-0.96,6.84,59,32,56,Consumer Cyclical,Auto Parts
WPC,W. P. Carey Inc.,-1.4,-5.05,0,0,51,Real Estate,Real Estate Investment Trusts
KWHIY,"Kawasaki Heavy Industries, Ltd.",-1.61,9.2,64,57,69,Industrials,Specialty Industrial Machinery
WMG,Warner Music Group Corp.,-1.23,-16.49,0,0,45,Consumer Discretionary,Services-Misc. Amusement & Recreation
SWOBY,Swedish Orphan Biovitrum AB (publ),0.0,0.87,21,1,74,Healthcare,Drug Manufacturers - Specialty & Generic
ERNXY,Euronext N.V.,0.0,4.8,52,49,65,Financial Services,Financial Data & Stock Exchanges
HNGKY,Hongkong Land Holdings Limited,-3.09,-12.3,0,0,33,Real Estate,Real Estate - Development
VNOM,"Viper Energy, Inc.",-0.35,-9.41,0,0,43,Energy,Oil & Gas Production
EBCOY,Ebara Corporation,3.55,31.95,100,100,92,Industrials,Specialty Industrial Machinery
SSNC,"SS&C Technologies Holdings, Inc.",-1.42,-2.26,2,0,13,Technology,Computer Software: Prepackaged Software
STMNF,"Sumitomo Metal Mining Co., Ltd.",0.0,-15.9,3,2,85,Basic Materials,Other Industrial Metals & Mining
BEN,"Franklin Resources, Inc.",-0.72,5.93,83,72,83,Finance,Investment Managers
PR,Permian Resources Corporation,-0.7,-11.02,0,0,63,Energy,Oil & Gas Production
OWL,Blue Owl Capital Inc.,0.42,-2.06,0,0,8,Finance,Investment Managers
NLY,"Annaly Capital Management, Inc.",0.23,3.01,79,62,55,Real Estate,Real Estate Investment Trusts
DIDIY,DiDi Global Inc.,-1.96,-4.37,30,17,6,Technology,Software - Application
BXBLY,Brambles Limited,0.19,10.01,79,70,14,Industrials,Specialty Business Services
ASRRF,ASRRF,0.0,0.17,10,4,57,Financial Services,Insurance - Diversified
SCHYY,Sands China Ltd.,-1.82,-8.79,0,0,12,Consumer Cyclical,Resorts & Casinos
GMAB,Genmab A/S,-0.47,-7.13,47,37,28,Health Care,Biotechnology: Pharmaceutical Preparations
EMA,Emera Incorporated,0.08,-1.43,43,24,47,Utilities,Electric Utilities: Central
NBGRY,National Bank of Greece S.A.,2.86,15.33,100,97,73,Financial Services,Banks - Regional
HST,"Host Hotels & Resorts, Inc.",1.58,12.15,96,70,83,Real Estate,Real Estate Investment Trusts
SMMYY,"Sumitomo Metal Mining Co., Ltd.",1.35,-1.93,64,55,88,Basic Materials,Other Industrial Metals & Mining
NBGIF,National Bank of Greece S.A.,0.11,9.95,76,58,69,Financial Services,Banks - Regional
XPEV,XPeng Inc.,-1.71,-12.75,0,0,5,Industrials,Auto Manufacturing
ARNNY,ASR Nederland N.V.,-0.48,-0.07,45,33,58,Financial Services,Insurance - Diversified
UPMKF,UPM-Kymmene Oyj,0.0,-0.24,31,10,49,Basic Materials,Paper & Paper Products
MMLTF,MMG Limited,-5.68,-9.78,8,3,85,Basic Materials,Copper
UPMMY,UPM-Kymmene Oyj,-2.09,-6.34,0,0,36,Basic Materials,Paper & Paper Products
DY,"Dycom Industries, Inc.",-1.03,10.63,37,28,86,Industrials,Water Sewer Pipeline Comm & Power Line Construction
AHKSY,Asahi Kasei Corporation,0.32,3.79,51,33,76,Industrials,Conglomerates
RTO,Rentokil Initial plc,-1.86,-10.86,0,0,42,Consumer Discretionary,Other Consumer Services
CSDXF,"COSCO SHIPPING Energy Transportation Co., Ltd.",0.0,-27.39,3,1,81,Energy,Oil & Gas Midstream
BPCGF,"Banco Comercial Português, S.A.",0.0,5.0,41,28,64,Financial Services,Banks - Regional
LI,Li Auto Inc.,-2.72,-18.36,0,0,4,Industrials,Auto Manufacturing
GNMSF,Genmab A/S,0.0,-7.5,48,38,23,Healthcare,Biotechnology
SHTLF,South32 Limited,-7.85,-5.31,10,0,82,Basic Materials,Other Industrial Metals & Mining
NWS,News Corporation,-2.87,-3.2,0,0,30,Consumer Discretionary,Newspapers/Magazines
FNBKY,FinecoBank Banca Fineco S.p.A.,0.0,2.79,92,80,59,Financial Services,Banks - Regional
OUKPF,Metso Oyj,-2.06,0.68,0,0,83,Industrials,Farm & Heavy Construction Machinery
JAZZ,Jazz Pharmaceuticals plc,-1.0,-6.0,9,1,86,Health Care,Biotechnology: Pharmaceutical Preparations
YUMC,"Yum China Holdings, Inc.",-0.81,-5.13,29,9,21,Consumer Discretionary,Restaurants
PNFP,"Pinnacle Financial Partners, Inc.",0.56,-0.69,60,38,42,Finance,Major Banks
MOD,Modine Manufacturing Company,4.75,15.56,90,84,94,Consumer Discretionary,Auto Parts:O.E.M.
GIB,CGI Inc.,-7.25,-6.3,0,0,6,Consumer Discretionary,Professional Services
BALL,Ball Corporation,0.0,1.97,90,78,45,Industrials,Containers/Packaging
GRAB,Grab Holdings Limited,3.48,1.71,80,59,10,Consumer Discretionary,Business Services
CMSQF,Computershare Limited,-1.45,2.6,85,78,58,Financial Services,Capital Markets
CJEWF,Chow Tai Fook Jewellery Group Limited,0.0,0.83,31,10,11,Consumer Cyclical,Luxury Goods
APTV,Aptiv PLC,1.29,16.69,37,31,18,Consumer Discretionary,Auto Parts:O.E.M.
CMSQY,Computershare Limited,2.08,6.26,74,58,63,Financial Services,Capital Markets
ASBRF,"Asahi Group Holdings, Ltd.",0.0,1.04,61,39,21,Consumer Defensive,Beverages - Brewers
GRBMF,"Grupo Bimbo, S.A.B. de C.V.",0.0,-4.57,82,54,47,Consumer Defensive,Packaged Foods
SMTC,Semtech Corporation,5.35,11.55,42,37,96,Technology,Semiconductors
REGCO,Regency Centers Corporation,-0.53,-1.49,58,27,41,Real Estate,Real Estate Investment Trusts
LECO,"Lincoln Electric Holdings, Inc.",2.1,5.65,100,90,62,Industrials,Industrial Machinery/Components
EFGSY,Eiffage SA,-0.41,6.55,88,77,52,Industrials,Engineering & Construction
HUT,Hut 8 Corp.,4.68,28.94,73,67,98,Finance,Finance: Consumer Services
RPGRY,REA Group Limited,0.96,-15.18,13,9,9,Communication Services,Internet Content & Information
WCRIY,WCRIY,0.0,-1.28,27,10,32,Energy,Oil & Gas E&P
SANM,Sanmina Corporation,-0.53,4.46,12,0,93,Technology,Electrical Products
YARIY,Yara International ASA,-3.19,-20.33,0,0,45,Basic Materials,Agricultural Inputs
LYSCF,Lynas Rare Earths Limited,-3.2,-7.12,28,16,78,Basic Materials,Other Industrial Metals & Mining
SNMYF,Suncorp Group Limited,0.0,8.16,68,38,40,Financial Services,Insurance - Property & Casualty
GJNSY,Gjensidige Forsikring ASA,-2.1,-5.24,0,0,36,Financial Services,Insurance - Property & Casualty
IFJPY,Informa plc,4.35,5.76,100,93,49,Communication Services,Publishing
ROHCY,"ROHM Co., Ltd.",1.72,21.64,75,65,94,Technology,Semiconductors
ARCC,Ares Capital Corporation,-0.39,-1.12,0,0,29,Finance,Finance: Consumer Services
CLPBF,Coloplast A/S,0.33,-7.87,8,2,6,Healthcare,Medical Instruments & Supplies
CRRFY,Carrefour SA,-6.97,-9.68,0,0,56,Consumer Defensive,Grocery Stores
BBSEY,BB Seguridade Participações S.A.,-2.38,11.41,78,70,72,Financial Services,Insurance - Diversified
HTHT,H World Group Limited,-2.57,-8.76,0,0,37,Consumer Discretionary,Hotels/Resorts
ONON,On Holding AG,3.08,2.72,55,41,19,Consumer Discretionary,Shoe Manufacturing
JHIUF,James Hardie Industries plc,0.0,31.61,95,89,66,Basic Materials,Building Materials
MTRAF,Metro Inc.,-2.04,-0.34,29,16,22,Consumer Defensive,Grocery Stores
TMTNY,TMTNY,13.01,6.3,40,35,57,Industrials,Industrial Distribution
SWGAF,The Swatch Group AG,0.0,2.18,57,28,79,Consumer Cyclical,Luxury Goods
UUGRY,United Utilities Group PLC,0.23,-5.51,9,4,45,Utilities,Utilities - Regulated Water
OGFGY,Origin Energy Limited,-0.06,-13.15,12,2,30,Utilities,Utilities - Diversified
TKGSY,"Tokyo Gas Co.,Ltd.",-0.88,-7.2,29,21,25,Utilities,Utilities - Regulated Gas
JRONY,"Jerónimo Martins, SGPS, S.A.",-1.83,-9.75,0,0,16,Consumer Defensive,Food Distribution
U,Unity Software Inc.,3.82,4.77,30,19,42,Technology,Computer Software: Prepackaged Software
RYKKY,"Ryohin Keikaku Co., Ltd.",-5.05,-0.76,36,17,19,Consumer Cyclical,Department Stores
TYL,"Tyler Technologies, Inc.",-3.06,-12.09,0,0,4,Technology,Computer Software: Prepackaged Software
CHUEF,"Chubu Electric Power Company, Incorporated",0.0,0.0,31,10,1,Utilities,Utilities - Diversified
AKZOF,Akzo Nobel N.V.,0.0,16.75,51,46,46,Basic Materials,Specialty Chemicals
CSGP,"CoStar Group, Inc.",-1.12,-11.44,0,0,2,Finance,Real Estate
JLL,Jones Lang LaSalle Incorporated,-0.34,1.45,58,39,36,Finance,Real Estate
PAYP,PayPay Corporation,-3.36,-37.4,0,0,4,Consumer Discretionary,Business Services
SOLV,Solventum Corporation,1.17,-0.92,13,2,42,Health Care,Medical/Dental Instruments
TLTZY,Tele2 AB (publ),-0.22,-8.03,4,0,47,Communication Services,Telecom Services
CHKIF,China Southern Airlines Company Limited,0.0,-6.0,59,46,18,Industrials,Airlines
SYIEY,Symrise AG,1.92,11.0,94,72,57,Basic Materials,Specialty Chemicals
DLVHF,Delivery Hero SE,0.0,14.55,61,46,91,Consumer Cyclical,Internet Retail
IAUGY,Insurance Australia Group Limited,10.75,2.65,53,44,50,Financial Services,Insurance - Property & Casualty
HRL,Hormel Foods Corporation,-0.7,16.38,79,63,37,Consumer Staples,Meat/Poultry/Fish
MEDP,"Medpace Holdings, Inc.",0.68,9.09,60,41,44,Health Care,Biotechnology: Commercial Physical & Biological Resarch
FNF,"Fidelity National Financial, Inc.",-0.06,-3.66,48,36,27,Finance,Specialty Insurers
AEG,Aegon Ltd.,-1.17,1.02,67,54,67,Finance,Life Insurance
AAOI,"Applied Optoelectronics, Inc.",-3.28,-2.06,12,7,98,Technology,Semiconductors
EXEL,"Exelixis, Inc.",-1.01,4.03,63,47,72,Health Care,Biotechnology: Biological Products (No Diagnostic Substances)
WULF,TeraWulf Inc.,4.02,33.98,100,100,97,Technology,EDP Services
IVPAF,Ivanhoe Mines Ltd.,-4.08,-0.2,8,0,27,Basic Materials,Other Industrial Metals & Mining
IVZ,Invesco Ltd.,-2.26,4.3,57,46,80,Finance,Investment Managers
DINRF,"SCREEN Holdings Co., Ltd.",0.0,2.18,26,6,95,Technology,Semiconductor Equipment & Materials
DINO,HF Sinclair Corporation,-2.14,-9.31,0,0,73,Energy,Natural Gas Distribution
RXLSF,Rexel S.A.,2.15,-3.6,39,25,68,Technology,Electronics & Computer Distribution
GGG,Graco Inc.,1.01,0.97,75,44,22,Industrials,Fluid Controls
DVA,DaVita Inc.,-1.27,5.61,82,73,87,Health Care,Misc Health and Biotechnology Services
RICFY,Recordati Industria Chimica e Farmaceutica S.p.A.,0.0,36.85,81,71,43,Healthcare,Drug Manufacturers - General
JDLGF,"JD Logistics, Inc.",0.0,5.88,49,26,66,Industrials,Integrated Freight & Logistics
AIZ,"Assurant, Inc.",-0.87,1.76,73,49,69,Finance,Property-Casualty Insurers
IMPUF,Impala Platinum Holdings Limited,4.52,-17.03,19,16,36,Basic Materials,Other Precious Metals & Mining
GPAEF,"Grupo Aeroportuario del Pacífico, S.A.B. de C.V.",0.0,-7.89,8,3,36,Industrials,Airports & Air Services
HAS,"Hasbro, Inc.",1.52,-3.57,28,16,48,Consumer Discretionary,Recreational Games/Products/Toys
DKNG,DraftKings Inc.,0.27,5.52,39,33,14,Consumer Discretionary,Services-Misc. Amusement & Recreation
NRDXF,Nordex SE,0.0,-18.88,5,2,83,Industrials,Specialty Industrial Machinery
NDEKY,Nitto Denko Corporation,2.05,3.54,100,80,28,Basic Materials,Specialty Chemicals
AXSM,"Axsome Therapeutics, Inc.",-0.66,8.62,82,71,92,Health Care,Biotechnology: Pharmaceutical Preparations
STRNY,Severn Trent PLC,0.8,-4.46,14,8,45,Utilities,Utilities - Regulated Water
AGRPY,Absa Group Limited,-0.69,8.99,82,69,74,Financial Services,Banks - Regional
UDR,"UDR, Inc.",-0.24,-0.71,32,19,42,Real Estate,Real Estate Investment Trusts
PRDSY,Prada S.p.A.,0.0,10.21,82,70,29,Consumer Cyclical,Luxury Goods
RNR,RenaissanceRe Holdings Ltd.,-1.27,-1.15,79,60,55,Finance,Property-Casualty Insurers
AGNCM,AGNC Investment Corp.,0.12,1.28,42,15,45,Real Estate,Real Estate Investment Trusts
AGNCP,AGNC Investment Corp.,0.12,1.28,39,16,45,Real Estate,Real Estate Investment Trusts
COO,"The Cooper Companies, Inc.",1.32,6.74,65,52,24,Health Care,Ophthalmic Goods
ELAN,Elanco Animal Health Incorporated,3.55,16.16,80,60,67,Health Care,Biotechnology: Pharmaceutical Preparations
HAGHY,Hensoldt AG,-2.15,-16.86,0,0,17,Industrials,Aerospace & Defense
PSKY,Paramount Skydance Corporation,-0.4,-1.4,0,0,17,Industrials,Broadcasting
RGC,Regencell Bioscience Holdings Limited,-18.96,-56.15,0,0,2,Health Care,Medicinal Chemicals and Botanical Products
WBS,Webster Financial Corporation,0.81,3.45,96,75,70,Finance,Major Banks
BLD,TopBuild Corp.,3.8,3.36,100,94,64,Consumer Discretionary,Engineering & Construction
SWKS,"Skyworks Solutions, Inc.",4.42,-1.71,18,10,62,Technology,Semiconductors
ITGGF,Italgas S.p.A.,0.0,3.22,90,77,75,Utilities,Utilities - Regulated Gas
TYOYY,"Taiyo Yuden Co., Ltd.",3.31,135.45,99,96,98,Technology,Electronic Components
POAHF,Porsche Automobil Holding SE,-3.27,-8.8,0,0,15,Consumer Cyclical,Auto Manufacturers
EQH,"Equitable Holdings, Inc.",-0.46,7.57,89,81,39,Finance,Specialty Insurers
SFFLY,Schaeffler AG,-12.01,-3.85,0,0,78,Consumer Cyclical,Auto Parts
KEYUF,Keyera Corp.,-3.39,-6.78,0,0,60,Energy,Oil & Gas Midstream
IKTSF,Intertek Group plc,3.76,3.73,76,63,80,Industrials,Specialty Business Services
MNHVF,Mowi ASA,0.0,-3.82,30,21,26,Consumer Defensive,Farm Products
MP,MP Materials Corp.,0.07,7.75,36,27,67,Basic Materials,Metal Mining
AEIS,"Advanced Energy Industries, Inc.",5.45,19.06,100,100,92,Technology,Industrial Machinery/Components
PNR,Pentair plc,1.27,0.18,76,50,8,Industrials,Industrial Machinery/Components
HMY,Harmony Gold Mining Company Limited,-0.53,-2.41,66,54,59,Basic Materials,Precious Metals
CNA,CNA Financial Corporation,-1.7,0.2,65,46,37,Finance,Property-Casualty Insurers
BEP,Brookfield Renewable Partners L.P.,2.92,2.49,36,20,72,Utilities,Electric Utilities: Central
RDY,Dr. Reddy's Laboratories Limited,1.06,-2.49,51,28,23,Health Care,Biotechnology: Pharmaceutical Preparations
LUMN,"Lumen Technologies, Inc.",1.23,-11.92,1,0,81,Telecommunications,Telecommunications Equipment
HUBS,"HubSpot, Inc.",-0.38,-13.45,0,0,1,Technology,Computer Software: Prepackaged Software
GAILF,GAIL (India) Limited,0.0,13.16,80,63,33,Utilities,Utilities - Regulated Gas
ASMVF,ASMPT Limited,0.0,-1.77,31,10,95,Technology,Semiconductor Equipment & Materials
QBTS,D-Wave Quantum Inc.,7.72,27.93,23,17,78,Technology,EDP Services
GMED,"Globus Medical, Inc.",5.05,-5.71,33,21,52,Health Care,Medical/Dental Instruments
FUJHF,Subaru Corporation,0.0,8.52,87,60,20,Consumer Cyclical,Auto Manufacturers
CCDBF,CCL Industries Inc.,2.81,-2.53,60,44,44,Consumer Cyclical,Packaging & Containers
MRPRF,"MERLIN Properties SOCIMI, S.A.",0.56,0.28,40,15,66,Real Estate,REIT - Office
CSPCY,CSPC Pharmaceutical Group Limited,0.29,-5.01,0,0,9,Healthcare,Drug Manufacturers - General
AIAGY,Aurubis AG,0.0,-0.77,18,3,91,Industrials,Metal Fabrication
ARW,"Arrow Electronics, Inc.",2.97,8.51,100,99,92,Technology,Electronic Components
IAFNF,iA Financial Corporation Inc.,0.0,6.47,90,78,67,Financial Services,Insurance - Diversified
VSAT,"Viasat, Inc.",-0.65,-14.8,8,3,95,Technology,Radio And Television Broadcasting And Communications Equipment
XE,"X-Energy, Inc.",-5.77,-24.8,27,22,7,Industrials,Metal Fabrications
UNICY,Unicharm Corporation,-2.41,-6.27,22,9,22,Consumer Defensive,Household & Personal Products
EGP,"EastGroup Properties, Inc.",1.23,-2.47,51,28,58,Real Estate,Real Estate Investment Trusts
AFG,"American Financial Group, Inc.",-0.34,-2.95,54,35,43,Finance,Property-Casualty Insurers
SF,Stifel Financial Corp.,0.11,1.13,88,72,38,Finance,Investment Bankers/Brokers/Service
SAIL,"SailPoint, Inc.",0.91,-11.01,0,0,10,Technology,Computer Software: Prepackaged Software
WMS,"Advanced Drainage Systems, Inc.",5.72,7.68,100,100,52,Consumer Discretionary,Containers/Packaging
ORKLF,Orkla ASA,0.0,-10.73,15,6,23,Consumer Defensive,Packaged Foods
SEIC,SEI Investments Company,-1.73,-0.89,59,38,52,Finance,Investment Bankers/Brokers/Service
ABVX,ABIVAX Société Anonyme,-1.0,-17.31,46,45,98,Health Care,Biotechnology: Pharmaceutical Preparations
SIETY,D'Ieteren Group SA,0.0,8.04,55,32,44,Consumer Cyclical,Auto & Truck Dealerships
GEAGF,GEA Group Aktiengesellschaft,0.0,-15.18,4,2,19,Industrials,Specialty Industrial Machinery
WTRG,"Essential Utilities, Inc.",-0.68,0.44,31,14,29,Utilities,Water Supply
TSGTY,Tsingtao Brewery Company Limited,0.0,-8.98,0,0,26,Consumer Defensive,Beverages - Brewers
ICLR,ICON Public Limited Company,1.91,26.86,80,70,55,Health Care,Biotechnology: Commercial Physical & Biological Resarch
SCI,Service Corporation International,0.07,-5.9,50,40,26,Consumer Discretionary,Other Consumer Services
POWL,"Powell Industries, Inc.",1.08,9.65,87,73,96,Energy,Electrical Products
TIMB,TIM S.A.,-1.29,-8.03,0,0,25,Telecommunications,Telecommunications Equipment
MALRY,Mineral Resources Limited,-0.13,-0.85,54,34,92,Basic Materials,Other Industrial Metals & Mining
MALRF,Mineral Resources Limited,0.0,16.86,66,55,93,Basic Materials,Other Industrial Metals & Mining
RIOT,"Riot Platforms, Inc.",2.44,18.72,100,98,94,Finance,Finance: Consumer Services
SSAAY,SSAB AB (publ),0.0,7.16,62,41,86,Basic Materials,Steel
AHR,"American Healthcare REIT, Inc.",0.0,-9.98,16,8,43,Real Estate,Real Estate Investment Trusts
NXSNF,"NextVision Stabilized Systems, Ltd.",-8.5,-8.59,0,0,90,Industrials,Security & Protection Services
TTD,"The Trade Desk, Inc.",1.93,-11.94,4,0,2,Technology,Computer Software: Programming Data Processing
OC,Owens Corning,3.52,12.97,100,80,51,Industrials,Industrial Machinery/Components
LINE,"Lineage, Inc.",-0.36,4.07,19,0,53,Real Estate,Real Estate Investment Trusts
ALEUY,ALEUY,-2.63,12.23,86,76,54,Unknown,Unknown
VLPNY,Voestalpine AG,0.0,2.51,35,29,85,Basic Materials,Steel
PODD,Insulet Corporation,1.56,-6.92,25,17,2,Health Care,Medical/Dental Instruments
CRHKY,China Resources Beer (Holdings) Company Limited,0.0,-20.52,0,0,15,Consumer Defensive,Beverages - Brewers
RNLSY,Renault SA,-1.14,-3.97,0,0,18,Consumer Cyclical,Auto Manufacturers
PMCUF,Pro Medicus Limited,-0.82,32.55,79,69,27,Healthcare,Health Information Services
BLSFY,BlueScope Steel Limited,0.0,13.84,87,74,86,Basic Materials,Steel
CDUAF,Canadian Utilities Limited,0.0,3.6,61,38,67,Utilities,Utilities - Diversified
BSY,"Bentley Systems, Incorporated",0.14,-11.7,0,0,5,Technology,Computer Software: Prepackaged Software
PMDIY,PMDIY,0.0,29.53,67,57,19,Healthcare,Health Information Services
MDBKY,MDBKY,0.0,54.81,94,86,87,Financial Services,Insurance - Specialty
BMXMF,bioMérieux S.A.,0.0,-3.2,5,2,3,Healthcare,Diagnostics & Research
APHBF,APHBF,0.0,18.7,94,84,69,,
PRAX,"Praxis Precision Medicines, Inc.",4.56,-15.88,31,24,97,Health Care,Biotechnology: Pharmaceutical Preparations
SUBCY,Subsea 7 S.A.,-5.04,-1.8,53,41,89,Energy,Oil & Gas Equipment & Services
BAX,Baxter International Inc.,2.58,6.02,60,46,32,Health Care,Medical/Dental Instruments
MAKSY,Marks and Spencer Group plc,-1.58,0.81,11,0,34,Consumer Cyclical,Department Stores
CIFR,Cipher Digital Inc.,10.74,49.79,100,100,97,Finance,Finance: Consumer Services
MGPUF,M&G plc,0.0,0.96,58,37,56,Financial Services,Asset Management
CNM,"Core & Main, Inc.",4.63,3.1,25,15,28,Consumer Discretionary,Durable Goods
BPOP,"Popular, Inc.",0.32,7.01,81,61,77,Finance,Major Banks
ADDHY,Addtech AB (publ.),0.0,4.47,28,17,39,Industrials,Industrial Distribution
CYTK,"Cytokinetics, Incorporated",0.86,0.01,99,80,87,Health Care,Biotechnology: Pharmaceutical Preparations
SARO,"StandardAero, Inc.",2.17,4.84,84,75,36,Industrials,Aerospace
BNTGY,Brenntag SE,-1.64,-7.34,0,0,47,Basic Materials,Specialty Chemicals
BNTGF,Brenntag SE,0.0,-5.77,36,10,60,Basic Materials,Specialty Chemicals
TX,Ternium S.A.,-2.51,3.9,21,0,78,Industrials,Steel/Iron Ore
SAPMY,Saipem SpA,-2.73,7.0,81,74,91,Energy,Oil & Gas Equipment & Services
ALSN,"Allison Transmission Holdings, Inc.",0.2,9.92,85,64,65,Consumer Discretionary,Auto Parts:O.E.M.
UZAPF,Flughafen Zürich AG,0.46,13.54,95,83,53,Industrials,Airports & Air Services
BRX,Brixmor Property Group Inc.,-0.13,1.61,38,25,60,Real Estate,Real Estate Investment Trusts
BZZUF,Buzzi S.p.A.,0.0,-2.1,18,6,22,Basic Materials,Building Materials
IFUUF,Infratil Limited,0.0,29.42,88,76,86,Industrials,Conglomerates
ACLLY,Accelleron Industries AG,1.91,1.23,100,90,71,Industrials,Specialty Industrial Machinery
ONBPO,ONBPO,0.77,0.93,43,18,40,Finance,Major Banks
SEOAY,Stora Enso Oyj,-3.17,-3.0,0,0,35,Consumer Cyclical,Packaging & Containers
AYI,Acuity Inc.,3.91,13.8,100,100,47,Consumer Discretionary,Building Products
ALSMY,Alstom SA,0.56,-6.74,3,0,6,Industrials,Railroads
LKNCY,Luckin Coffee Inc.,-0.59,-6.41,9,3,18,Consumer Cyclical,Restaurants
MDDNF,Meridian Energy Limited,0.0,0.0,31,10,43,Utilities,Utilities - Renewable
ZIONP,"Zions Bancorporation, National Association",-0.37,-0.55,14,4,24,Finance,Major Banks
AOMFF,Alstom SA,0.0,-10.61,0,0,6,Industrials,Railroads
YMM,Full Truck Alliance Co. Ltd.,-2.5,-7.8,0,0,8,Technology,Computer Software: Prepackaged Software
QRVO,"Qorvo, Inc.",3.98,-0.36,23,11,66,Technology,Semiconductors
ORI,Old Republic International Corporation,-0.1,-2.11,75,51,39,Finance,Property-Casualty Insurers
ACDSF,CapitaLand Ascendas REIT,0.0,-7.22,0,0,21,Real Estate,REIT - Industrial
CAVA,"CAVA Group, Inc.",1.28,10.74,87,81,72,Consumer Discretionary,Restaurants
LLYVA,"Liberty Live Holdings, Inc.",-0.66,-1.02,60,45,50,Consumer Discretionary,Services-Misc. Amusement & Recreation
ENPH,"Enphase Energy, Inc.",9.42,-1.64,17,14,80,Technology,Semiconductors
PSO,Pearson plc,-1.98,-1.85,18,1,52,Consumer Discretionary,Books
BRKRP,Bruker Corporation,4.09,25.92,70,66,87,Industrials,Biotechnology: Laboratory Analytical Instruments
FDS,FactSet Research Systems Inc.,-3.07,-0.59,0,0,12,Technology,Computer Software: Programming Data Processing
LZRFY,Localiza Rent a Car S.A.,-0.96,-12.89,1,0,28,Industrials,Rental & Leasing Services
IMIUY,IMIUY,2.55,9.08,100,100,62,Industrials,Specialty Industrial Machinery
ADC,Agree Realty Corporation,-0.76,-2.68,28,17,34,Real Estate,Real Estate Investment Trusts
ASR,"Grupo Aeroportuario del Sureste, S. A. B. de C. V.",2.26,1.14,100,75,30,Consumer Discretionary,Aerospace
MANH,"Manhattan Associates, Inc.",0.14,-3.5,0,0,10,Technology,Computer Software: Prepackaged Software
UHS,"Universal Health Services, Inc.",-0.06,-13.97,4,0,7,Health Care,Hospital/Nursing Management
JSAIY,J Sainsbury plc,1.7,-0.85,45,30,28,Consumer Defensive,Grocery Stores
SUOPY,Sumco Corporation,6.37,38.29,93,92,97,Technology,Semiconductor Equipment & Materials
CRPAY,CRPAY,0.0,-14.09,5,3,33,Utilities,Utilities - Renewable
HSIC,"Henry Schein, Inc.",-0.06,9.14,75,54,53,Health Care,Medical Specialities
TTC,The Toro Company,1.91,4.36,82,51,61,Consumer Discretionary,Tools/Hardware
CRL,"Charles River Laboratories International, Inc.",1.46,18.57,79,65,62,Health Care,Biotechnology: Commercial Physical & Biological Resarch
WAL,Western Alliance Bancorporation,1.89,3.74,38,26,47,Finance,Major Banks
ARE,"Alexandria Real Estate Equities, Inc.",3.7,6.67,51,35,23,Real Estate,Real Estate Investment Trusts
WARFY,The Wharf (Holdings) Limited,2.36,-33.84,2,0,13,Real Estate,Real Estate - Development
NWOEF,NWOEF,0.0,-11.02,5,2,25,Consumer Defensive,Education & Training Services
WARFF,The Wharf (Holdings) Limited,0.0,-7.72,43,33,43,Real Estate,Real Estate - Development
CRUS,"Cirrus Logic, Inc.",3.13,-0.43,28,12,79,Technology,Semiconductors
BYDIF,BYD Electronic (International) Company Limited,0.32,-8.82,0,0,6,Technology,Electronic Components
DUFRY,Avolta AG,0.31,10.82,94,82,63,Consumer Cyclical,Specialty Retail
CORZ,"Core Scientific, Inc.",2.75,25.8,100,100,93,Finance,Finance: Consumer Services
CELH,"Celsius Holdings, Inc.",1.38,7.58,61,54,5,Consumer Staples,Beverages (Production/Distribution)
RGTI,"Rigetti Computing, Inc.",5.51,26.54,20,11,75,Technology,EDP Services
WEGRY,The Weir Group PLC,1.01,-1.45,90,55,25,Industrials,Specialty Industrial Machinery
KIKOY,Kikkoman Corporation,0.0,18.28,95,89,64,Consumer Defensive,Packaged Foods
SBSW,Sibanye Stillwater Limited,-4.73,-18.33,11,0,36,Basic Materials,Precious Metals
MTCH,MTCH,0.4,-1.5,58,45,52,Technology,Computer Software: Programming Data Processing
PRI,"Primerica, Inc.",0.16,0.69,89,68,53,Finance,Life Insurance
BIO,"Bio-Rad Laboratories, Inc.",-0.78,-1.88,0,0,44,Industrials,Biotechnology: Laboratory Analytical Instruments
KUNUF,Kunlun Energy Company Limited,0.0,-15.65,7,3,20,Energy,Oil & Gas Refining & Marketing
BYDIY,BYD Electronic (International) Company Limited,-5.99,-9.25,0,0,5,Technology,Electronic Components
NXDCF,NEXTDC Limited,0.0,2.04,5,3,50,Technology,Information Technology Services
MXL,"MaxLinear, Inc.",7.11,-8.28,55,47,98,Technology,Semiconductors
DNOPY,Dino Polska S.A.,0.25,-10.84,0,0,3,Consumer Defensive,Grocery Stores
GGB,Gerdau S.A.,-7.13,-11.09,0,0,74,Industrials,Steel/Iron Ore
GNZUF,"Guangzhou Automobile Group Co., Ltd.",0.0,-10.0,2,1,3,Consumer Cyclical,Auto Manufacturers
CMHHY,China Merchants Port Holdings Company Limited,0.0,-1.79,65,44,29,Industrials,Marine Shipping
KYKOY,"Kyowa Kirin Co., Ltd.",0.0,-6.68,54,44,32,Healthcare,Drug Manufacturers - Specialty & Generic
FNMAO,Federal National Mortgage Association,0.0,-10.37,0,0,8,Financial Services,Mortgage Finance
FNMAH,Federal National Mortgage Association,5.76,-6.35,47,30,17,Financial Services,Mortgage Finance
FNMAM,Federal National Mortgage Association,-5.61,-14.94,0,0,8,Financial Services,Mortgage Finance
FNMA,Federal National Mortgage Association,0.79,-12.28,5,3,15,Financial Services,Mortgage Finance
FNMAG,Federal National Mortgage Association,-0.91,-10.76,0,0,12,Financial Services,Mortgage Finance
FNMFN,Federal National Mortgage Association,0.05,-10.28,12,0,12,Financial Services,Mortgage Finance
PPRQF,Choice Properties Real Estate Investment Trust,-2.32,1.22,29,15,38,Real Estate,REIT - Retail
ASGLF,AGC Inc.,0.0,0.0,31,10,1,Industrials,Conglomerates
OSK,Oshkosh Corporation,1.3,11.42,100,89,47,Industrials,Auto Manufacturing
SHBBF,SHBBF,-4.04,6.29,29,5,64,Basic Materials,Chemicals
BPHLY,Bank of the Philippine Islands,-2.54,19.39,36,30,13,Financial Services,Banks - Regional
ZG,"Zillow Group, Inc.",0.74,-12.0,1,0,2,Consumer Discretionary,Business Services
TONPF,TOPPAN Holdings Inc.,0.0,-4.94,17,4,23,Industrials,Conglomerates
SSDOF,"Shiseido Company, Limited",0.0,-13.75,4,2,31,Consumer Defensive,Household & Personal Products
EDU,New Oriental Education & Technology Group Inc.,-1.6,-9.85,0,0,14,Real Estate,Other Consumer Services
EMLAF,Empire Company Limited,3.21,6.98,93,61,35,Consumer Defensive,Grocery Stores
CCOEY,"Capcom Co., Ltd.",-4.07,-13.75,8,5,5,Communication Services,Electronic Gaming & Multimedia
XNGSY,ENN Energy Holdings Limited,0.62,-20.96,9,3,5,Utilities,Utilities - Regulated Gas
ESALF,"Eisai Co., Ltd.",0.0,-10.71,31,24,13,Healthcare,Drug Manufacturers - Specialty & Generic
HCXLF,Hiscox Ltd,-7.05,-6.86,0,0,71,Financial Services,Insurance - Property & Casualty
KNCRY,Konecranes Plc,0.0,-8.43,5,3,36,Industrials,Farm & Heavy Construction Machinery
YMHAY,"Yamaha Motor Co., Ltd.",3.53,1.19,31,12,45,Consumer Cyclical,Auto Manufacturers
AOS,A. O. Smith Corporation,0.59,2.72,62,41,19,Consumer Discretionary,Consumer Electronics/Appliances
SSD,"Simpson Manufacturing Co., Inc.",4.35,8.18,100,87,64,Consumer Discretionary,Industrial Machinery/Components
DVDCF,Davide Campari-Milano N.V.,0.32,4.28,50,27,25,Consumer Defensive,Beverages - Wineries & Distilleries
IDA,"IDACORP, Inc.",0.3,0.58,70,47,55,Utilities,Electric Utilities: Central
ELMUF,Elisa Oyj,0.0,0.08,31,10,46,Communication Services,Telecom Services
FPRUY,Fraport AG,0.0,-1.02,31,10,31,Industrials,Airports & Air Services
HESM,Hess Midstream LP,0.19,-8.14,0,0,35,Energy,Oil & Gas Production
ACI,"Albertsons Companies, Inc.",-6.66,-21.11,0,0,7,Consumer Staples,Food Chains
KNTK,Kinetik Holdings Inc.,1.75,-7.31,28,19,59,Utilities,Natural Gas Distribution
TOTDY,TOTO LTD.,-1.29,25.49,89,81,91,Industrials,Building Products & Equipment
VLYPN,Valley National Bancorp,-0.5,1.63,48,19,42,Finance,Major Banks
KRMN,Karman Holdings Inc.,-3.19,-23.4,16,12,6,Industrials,Military/Government/Technical
OCLDY,Orica Limited,0.0,15.26,80,60,72,Basic Materials,Specialty Chemicals
IDTRY,IDTRY,0.0,-18.99,20,17,19,Industrials,Industrial Distribution
QGEN,Qiagen N.V.,1.01,5.3,56,37,15,Health Care,Biotechnology: Biological Products (No Diagnostic Substances)
JPNRF,"Japan Airlines Co., Ltd.",0.0,-10.83,6,3,1,Industrials,Airlines
DNPLY,"Dai Nippon Printing Co., Ltd.",2.22,-5.03,40,10,28,Industrials,Conglomerates
UMICF,Umicore SA,3.16,1.72,51,42,90,Industrials,Waste Management
PCOR,"Procore Technologies, Inc.",-0.27,-15.88,0,0,3,Technology,Computer Software: Prepackaged Software
KNCRF,Konecranes Plc,0.0,0.0,31,10,1,Industrials,Farm & Heavy Construction Machinery
WFRD,Weatherford International plc,-2.68,-17.73,0,0,76,Consumer Discretionary,Oil and Gas Field Machinery
BCKIF,Babcock International Group PLC,0.0,1.45,43,38,13,Industrials,Engineering & Construction
ICGUF,ICG plc,0.0,15.81,80,61,49,Financial Services,Asset Management
YOU,"Clear Secure, Inc.",1.34,-16.79,6,0,81,Technology,Computer Software: Prepackaged Software
DPMLF,DPM Metals Inc.,-4.43,-1.3,38,19,77,Basic Materials,Gold
LTH,"Life Time Group Holdings, Inc.",6.74,11.68,100,100,81,Consumer Discretionary,Hotels/Resorts
BCHMY,Bachem Holding AG,-7.56,-16.8,0,0,62,Healthcare,Biotechnology
IVTJY,Investec Group,0.0,14.08,31,10,68,Financial Services,Capital Markets
WILLF,Demant A/S,0.0,0.0,31,10,41,Healthcare,Medical Devices
YORUF,"The Yokohama Rubber Company, Limited",0.0,7.67,70,46,83,Consumer Cyclical,Auto Parts
BILI,Bilibili Inc.,0.12,-6.01,7,0,6,Technology,EDP Services
THNPF,Technip Energies N.V.,0.0,-6.24,31,10,36,Energy,Oil & Gas Equipment & Services
NDBKY,Nedbank Group Limited,2.48,8.02,100,100,67,Financial Services,Banks - Regional
SLAB,Silicon Laboratories Inc.,0.52,1.32,48,17,81,Technology,Semiconductors
TSUKY,"Toyo Suisan Kaisha, Ltd.",-2.59,-11.61,19,10,18,Consumer Defensive,Packaged Foods
TTEK,"Tetra Tech, Inc.",-2.7,-0.26,32,18,12,Consumer Discretionary,Military/Government/Technical
AKBTY,Akbank T.A.S.,4.28,10.36,100,100,52,Financial Services,Banks - Regional
OMRNY,OMRON Corporation,4.92,5.17,54,43,77,Technology,Electronic Components
VSH,"Vishay Intertechnology, Inc.",7.75,61.87,100,100,98,Technology,Electrical Products
SSDOY,"Shiseido Company, Limited",-0.62,-10.85,23,13,24,Consumer Defensive,Household & Personal Products
ALKS,Alkermes plc,1.08,21.66,93,80,87,Health Care,Biotechnology: Pharmaceutical Preparations
LSTR,"Landstar System, Inc.",-0.35,9.52,41,26,85,Industrials,Trucking Freight/Courier Services
IFSUF,Infrastrutture Wireless Italiane S.p.A.,-3.16,-13.52,0,0,12,Real Estate,Real Estate Services
RGEN,Repligen Corporation,-1.15,18.15,85,69,43,Health Care,Biotechnology: Biological Products (No Diagnostic Substances)
GGDVY,Guangdong Investment Limited,-4.01,-1.53,0,0,53,Utilities,Utilities - Regulated Water
HTCMY,"Hitachi Construction Machinery Co., Ltd.",0.0,8.27,69,41,32,Industrials,Farm & Heavy Construction Machinery
RAL,Ralliant Corporation,1.41,14.4,95,81,86,Industrials,Industrial Machinery/Components
SKHHY,Sonic Healthcare Limited,-0.43,3.66,42,34,23,Healthcare,Diagnostics & Research
KLAR,KLAR,5.49,17.09,100,100,15,Finance,Finance: Consumer Services
SEOJF,Stora Enso Oyj,0.0,0.0,31,10,26,Consumer Cyclical,Packaging & Containers
STHRF,Strathcona Resources Ltd.,-4.8,-19.78,0,0,42,Energy,Oil & Gas E&P
IMVT,"Immunovant, Inc.",1.82,-0.62,100,95,91,Health Care,Biotechnology: Biological Products (No Diagnostic Substances)
CDNAF,"Canadian Tire Corporation, Limited",1.02,2.85,86,54,42,Consumer Cyclical,Specialty Retail
CBC,"Central Bancompany, Inc.",2.47,0.39,43,31,66,Financial Services,Banks - Regional
OGC,OceanaGold Corporation,-4.24,-12.27,28,15,61,Basic Materials,Gold
THNOF,Technology One Limited,0.0,3.62,54,24,73,Technology,Software - Application
CEVMF,CTS Eventim AG & Co. KGaA,0.0,6.45,30,20,4,Communication Services,Entertainment
AXTI,"AXT, Inc.",-8.19,-19.16,8,4,99,Technology,Semiconductors
VBREY,VBREY,-5.91,-20.15,0,0,61,Consumer Cyclical,Specialty Retail
CSXXY,CAR Group Limited,0.0,7.63,95,87,29,Communication Services,Internet Content & Information
UOLGY,UOL Group Limited,-1.02,-2.54,18,5,70,Real Estate,Real Estate - Development
KGFHF,Kingfisher plc,0.0,-1.51,18,0,32,Consumer Cyclical,Home Improvement Retail
KYMR,"Kymera Therapeutics, Inc.",0.59,12.13,98,92,83,Health Care,Biotechnology: Biological Products (No Diagnostic Substances)
ESTC,Elastic N.V.,0.7,6.68,39,32,16,Technology,Computer Software: Prepackaged Software
GIFLF,"Grifols, S.A.",0.0,-6.03,9,4,14,Healthcare,Drug Manufacturers - General
PMOIF,Harbour Energy plc,-3.94,-19.13,0,0,34,Energy,Oil & Gas E&P
GIKLY,"Grifols, S.A.",0.0,7.36,77,59,25,Healthcare,Drug Manufacturers - General
GDS,GDS Holdings Limited,-4.49,-14.13,0,0,15,Technology,Computer Software: Programming Data Processing
TEO,Telecom Argentina S.A.,-5.63,17.52,43,35,81,Telecommunications,Telecommunications Equipment
GPTGF,The GPT Group,0.0,8.36,88,72,46,Real Estate,REIT - Diversified
GTES,Gates Industrial Corporation plc,2.67,16.17,100,100,70,Industrials,Industrial Machinery/Components
TXNM,"TXNM Energy, Inc.",1.08,-4.07,13,5,35,Utilities,Electric Utilities: Central
MHK,"Mohawk Industries, Inc.",3.94,11.83,100,90,44,Consumer Discretionary,Home Furnishings
VLOWY,Vallourec S.A.,-3.82,-11.39,0,0,76,Basic Materials,Steel
IDCC,"InterDigital, Inc.",3.47,11.24,100,100,28,Miscellaneous,Multi-Sector Companies
RNKGF,RNKGF,0.0,1.58,5,3,12,Industrials,Aerospace & Defense
CELC,Celcuity Inc.,-0.33,-37.47,1,0,95,Health Care,Medical Specialities
AUGO,Aura Minerals Inc.,-3.7,-15.22,40,31,88,Basic Materials,Gold
SBFFF,SBM Offshore N.V.,0.0,-13.83,5,2,76,Energy,Oil & Gas Equipment & Services
RADLY,Raia Drogasil S.A.,-17.22,-12.1,0,0,21,Healthcare,Pharmaceutical Retailers
EDNMY,Edenred SE,17.15,20.28,100,100,76,Financial Services,Credit Services
VAL,Valaris Limited,-5.41,-28.31,0,0,74,Energy,Oil & Gas Production
MNESP,MSA Safety Incorporated,0.0,0.0,31,10,26,Industrials,Security & Protection Services
OTGLY,CD Projekt S.A.,-0.46,-15.2,3,1,17,Communication Services,Electronic Gaming & Multimedia
OMF,"OneMain Holdings, Inc.",0.99,7.36,99,85,49,Finance,Finance: Consumer Services
GGPSF,GGPSF,1.51,12.53,100,94,99,Basic Materials,Gold
CAG,"Conagra Brands, Inc.",0.3,-4.07,52,40,10,Consumer Staples,Packaged Foods
DSGX,The Descartes Systems Group Inc.,-4.28,-7.14,0,0,10,Technology,Computer Software: Prepackaged Software
STWD,"Starwood Property Trust, Inc.",0.24,-2.57,12,0,26,Real Estate,Real Estate Investment Trusts
SGHC,Super Group (SGHC) Limited,-1.26,-3.06,54,38,67,Consumer Discretionary,Services-Misc. Amusement & Recreation
RYN,Rayonier Inc.,1.21,4.97,52,37,35,Real Estate,Real Estate Investment Trusts
CPB,The Campbell's Company,0.19,5.75,30,18,14,Consumer Staples,Packaged Foods
LDSCY,Land Securities Group Plc,0.79,5.38,59,41,59,Real Estate,REIT - Diversified
BSDGF,Bosideng International Holdings Limited,-13.79,-12.83,0,0,12,Consumer Cyclical,Apparel Manufacturing
SWX,"Southwest Gas Holdings, Inc.",1.58,-1.32,62,40,53,Utilities,Oil & Gas Production
ACA,"Arcosa, Inc.",2.04,12.97,100,96,80,Industrials,Metal Fabrications
URBN,"Urban Outfitters, Inc.",5.45,6.63,73,59,50,Consumer Discretionary,Clothing/Shoe/Accessory Stores
MDA,MDA Space Ltd.,1.13,-1.82,18,13,70,Consumer Discretionary,Electronic Components
SNDR,"Schneider National, Inc.",0.96,6.47,39,23,85,Industrials,Trucking Freight/Courier Services
FSV,FirstService Corporation,-0.12,4.72,37,21,17,Finance,Real Estate
CNTA,Centessa Pharmaceuticals plc,0.38,0.68,42,16,92,Health Care,Biotechnology: Pharmaceutical Preparations
PTCT,"PTC Therapeutics, Inc.",0.57,11.21,97,88,71,Health Care,Biotechnology: Pharmaceutical Preparations
SATLF,"ZOZO, Inc.",0.0,6.04,84,63,1,Consumer Cyclical,Internet Retail
PATH,"UiPath, Inc.",0.39,-4.64,0,0,10,Technology,Computer Software: Prepackaged Software
ONEXF,Onex Corporation,0.5,0.8,67,39,36,Financial Services,Asset Management
CHDN,Churchill Downs Incorporated,0.58,3.08,62,39,23,Consumer Discretionary,Services-Misc. Amusement & Recreation
GKOS,Glaukos Corporation,2.57,-9.14,75,67,76,Health Care,Medical/Dental Instruments
TOITF,Topicus.com Inc.,-1.42,-3.44,22,9,9,Technology,Software - Infrastructure
DBX,"Dropbox, Inc.",-1.67,-5.77,2,0,25,Technology,Computer Software: Prepackaged Software
TOKUY,Tokyu Corporation,0.0,-15.0,36,31,18,Consumer Cyclical,Department Stores
BRTHY,"Brother Industries, Ltd.",0.0,2.25,43,11,70,Industrials,Business Equipment & Supplies
WH,"Wyndham Hotels & Resorts, Inc.",0.75,4.65,87,70,45,Consumer Discretionary,Hotels/Resorts
LNNGY,Li Ning Company Limited,-1.64,-11.35,0,0,20,Consumer Cyclical,Leisure
VCX,"Fundrise Growth Tech Fund, LLC",1.36,-59.14,4,3,76,,
COGT,"Cogent Biosciences, Inc.",2.58,4.91,84,69,93,Health Care,Biotechnology: Pharmaceutical Preparations
EDNMF,Edenred SE,0.0,0.0,31,10,37,Financial Services,Credit Services
SKHCF,Sonic Healthcare Limited,0.0,11.33,89,77,19,Healthcare,Diagnostics & Research
OSCR,"Oscar Health, Inc.",0.46,21.26,90,85,92,Health Care,Medical Specialities
CROX,"Crocs, Inc.",0.42,21.51,76,58,84,Consumer Discretionary,Shoe Manufacturing
STEP,StepStone Group Inc.,-1.46,-11.42,24,20,17,Finance,Investment Managers
CPA,"Copa Holdings, S.A.",5.45,12.72,100,100,81,Consumer Discretionary,Air Freight/Delivery Services
MNTHF,Minth Group Limited,0.0,-15.86,11,2,62,Consumer Cyclical,Auto Parts
GLAPY,Glanbia plc,0.0,25.38,54,40,86,Consumer Defensive,Packaged Foods
SQNXF,"Square Enix Holdings Co., Ltd.",0.0,7.74,82,66,4,Communication Services,Electronic Gaming & Multimedia
CE,Celanese Corporation,-0.14,-4.37,27,9,35,Industrials,Major Chemicals
TGTX,"TG Therapeutics, Inc.",3.34,33.85,100,100,90,Health Care,Biotechnology: Pharmaceutical Preparations
HLBBF,H. Lundbeck A/S,0.0,-7.82,7,0,47,Healthcare,Drug Manufacturers - Specialty & Generic
MRUWY,MRUWY,-2.76,-0.7,22,4,78,,
M,"Macy's, Inc.",1.05,21.62,74,64,84,Consumer Discretionary,Department/Specialty Retail Stores
ENREF,Energix - Renewable Energies Ltd.,0.0,17.25,41,35,95,Utilities,Utilities - Renewable
WKCMF,Wacker Chemie AG,0.0,-1.83,13,3,80,Basic Materials,Specialty Chemicals
ZETA,Zeta Global Holdings Corp.,2.16,3.05,11,3,56,Technology,Computer Software: Prepackaged Software
ATOGF,AUTO1 Group SE,0.0,9.34,73,52,51,Consumer Cyclical,Auto & Truck Dealerships
KOF,"Coca-Cola FEMSA, S.A.B. de C.V.",1.95,2.85,91,58,65,Consumer Staples,Beverages (Production/Distribution)
OUT,OUTFRONT Media Inc.,0.16,-4.17,18,10,85,Real Estate,Real Estate Investment Trusts
NOVTU,Novanta Inc.,3.8,2.31,31,13,75,Miscellaneous,Industrial Machinery/Components
CHE,Chemed Corporation,0.06,-1.07,60,42,35,Health Care,Medical/Nursing Services
RMSYF,Ramsay Health Care Limited,0.0,-1.44,31,10,42,Healthcare,Medical Care Facilities
EMLZF,Emmi AG,0.0,13.38,84,65,56,Consumer Defensive,Packaged Foods
SMBMY,Seatrium Limited,0.0,-23.08,3,1,29,Energy,Oil & Gas Equipment & Services
BAFBF,Balfour Beatty plc,5.3,3.06,100,97,82,Industrials,Engineering & Construction
TKECF,"Tokyo Electric Power Company Holdings, Incorporated",11.65,-1.43,58,49,19,Utilities,Utilities - Renewable
BYCRF,"Baycurrent, Inc.",0.0,5.78,62,25,1,Industrials,Consulting Services
OBDC,Blue Owl Capital Corporation,0.46,-2.25,0,0,22,Finance,Diversified Financial Services
EUTLF,Eutelsat Communications S.A.,-7.17,-22.51,0,0,44,Communication Services,Telecom Services
NJR,New Jersey Resources Corporation,-0.31,-3.15,56,34,60,Utilities,Oil/Gas Transmission
PIPR,Piper Sandler Companies,1.23,2.46,100,79,49,Finance,Investment Bankers/Brokers/Service
BBRYF,Burberry Group plc,0.0,-2.97,57,35,46,Consumer Cyclical,Luxury Goods
DLKGF,Delek Group Ltd.,0.0,-11.48,6,3,52,Energy,Oil & Gas E&P
PREKF,PrairieSky Royalty Ltd.,-2.13,-11.24,0,0,54,Energy,Oil & Gas E&P
HWC,Hancock Whitney Corporation,0.67,5.82,59,41,63,Finance,Major Banks
BXSL,Blackstone Secured Lending Fund,0.51,-0.46,32,19,25,Finance,Trusts Except Educational Religious and Charitable
PLUG,Plug Power Inc.,7.55,-13.9,12,9,86,Energy,Industrial Machinery/Components
OZKAP,Bank OZK,-0.98,-1.1,16,0,36,Finance,Major Banks
MARA,"MARA Holdings, Inc.",2.16,8.14,80,69,70,Technology,EDP Services
FUPBY,Fuchs SE,0.55,4.86,57,28,43,Basic Materials,Specialty Chemicals
SSMXY,Sysmex Corporation,-2.05,-0.46,1,0,11,Healthcare,Medical Devices
ETCMY,Eutelsat Communications S.A.,-6.12,-15.6,0,0,50,Communication Services,Telecom Services
BC,Brunswick Corporation,3.52,7.33,83,41,73,Industrials,Industrial Machinery/Components
MCY,Mercury General Corporation,1.25,0.06,82,56,74,Finance,Property-Casualty Insurers
LB,LandBridge Company LLC,0.71,-15.5,0,0,41,Energy,Oil & Gas Production
HOMB,"Home BancShares, Inc.",0.69,4.03,66,47,38,Finance,Major Banks
FINN,"First National of Nebraska, Inc.",0.01,0.13,57,39,72,Financial Services,Banks - Regional
THKLY,"THK Co., Ltd.",0.0,4.35,33,24,89,Industrials,Specialty Industrial Machinery
AVAL,Grupo Aval Acciones y Valores S.A.,3.05,36.34,100,100,89,Finance,Commercial Banks
EPAM,"EPAM Systems, Inc.",-12.61,-26.52,0,0,1,Technology,EDP Services
HRSEF,"Hirose Electric Co.,Ltd.",0.0,0.0,31,10,1,Technology,Electronic Components
TKMTY,TKMTY,0.0,-17.81,1,0,5,Industrials,Railroads
CBUMF,China National Building Material Company Limited,0.0,26.1,97,93,90,Basic Materials,Building Materials
RUSHB,"Rush Enterprises, Inc.",2.78,10.07,97,74,72,Consumer Discretionary,Retail-Auto Dealers and Gas Stations
LNNGF,Li Ning Company Limited,-2.73,-17.69,20,15,25,Consumer Cyclical,Leisure
VCTR,"Victory Capital Holdings, Inc.",0.08,4.6,52,31,78,Finance,Investment Managers
NBCLF,"Nitto Boseki Co., Ltd.",-10.67,-12.59,14,7,98,Consumer Cyclical,Textile Manufacturing
EQPT,EquipmentShare.com Inc.,12.67,28.77,100,100,26,Consumer Discretionary,Diversified Commercial Services
IPGDF,IGO Limited,-5.5,-12.31,0,0,83,Basic Materials,Other Industrial Metals & Mining
PSMT,"PriceSmart, Inc.",2.01,9.66,89,73,84,Consumer Discretionary,Department/Specialty Retail Stores
HASI,"HA Sustainable Infrastructure Capital, Inc.",2.82,-2.86,40,23,74,Finance,Finance/Investors Services
RICOY,"Ricoh Company, Ltd.",-3.73,1.42,30,0,40,Industrials,Business Equipment & Supplies
RITM,Rithm Capital Corp.,-0.11,-0.86,44,27,24,Real Estate,Real Estate Investment Trusts
VSECU,VSE Corporation,4.62,25.28,100,100,59,Industrials,Aerospace & Defense
GLBE,Global-E Online Ltd.,2.69,9.5,79,59,27,Technology,Computer Software: Prepackaged Software
HLPPY,Hang Lung Properties Limited,-2.73,-9.38,0,0,22,Real Estate,Real Estate Services
ENGGY,"Enagás, S.A.",0.6,3.17,55,32,70,Utilities,Utilities - Regulated Gas
ACHR,Archer Aviation Inc.,3.92,-3.63,27,22,7,Industrials,Aerospace
BOOT,"Boot Barn Holdings, Inc.",5.13,22.46,85,69,36,Consumer Discretionary,Clothing/Shoe/Accessory Stores
OTF,Blue Owl Technology Finance Corp.,-1.02,-2.38,4,0,11,Financial Services,Asset Management
RNSHF,Renishaw plc,0.0,9.0,71,43,88,Technology,Scientific & Technical Instruments
SEI,"Solaris Energy Infrastructure, Inc.",1.97,16.2,100,97,93,Consumer Discretionary,Oil and Gas Field Machinery
CNVVF,Convatec Group PLC,0.0,-1.44,88,75,12,Healthcare,Medical Instruments & Supplies
TOSCF,Tosoh Corporation,0.0,0.0,31,10,1,Basic Materials,Chemicals
GLNG,Golar LNG Limited,0.3,-10.11,24,4,59,Consumer Discretionary,Marine Transportation
DSVSF,Discovery Silver Corp.,-1.55,-2.52,71,59,84,Basic Materials,Silver
SBRA,"Sabra Health Care REIT, Inc.",0.39,-13.96,19,12,30,Real Estate,Real Estate Investment Trusts
JAN,"Janus Living, Inc.",2.66,-1.14,68,58,54,Real Estate,Real Estate Investment Trusts
VLMTY,Valmet Oyj,0.0,-20.01,5,2,7,Industrials,Specialty Industrial Machinery
BIPC,Brookfield Infrastructure Corporation,0.76,-3.58,0,0,29,Utilities,Oil & Gas Production
MAPGF,Mapletree Logistics Trust,0.0,17.72,94,85,50,Real Estate,REIT - Industrial
TMICY,Trend Micro Incorporated,-0.54,-1.92,17,6,13,Technology,Software - Infrastructure
BTDPY,Barratt Redrow plc,1.03,2.07,53,42,10,Consumer Cyclical,Residential Construction
YKLTY,"Yakult Honsha Co.,Ltd.",-3.73,-13.5,7,2,32,Consumer Defensive,Beverages - Non-Alcoholic
HSYDF,Harmonic Drive Systems Inc.,1.53,23.37,70,63,98,Industrials,Specialty Industrial Machinery
WHITF,Whitehaven Coal Limited,-7.5,-5.45,0,0,53,Energy,Thermal Coal
CVLT,"Commvault Systems, Inc.",2.31,24.38,100,85,58,Technology,Computer Software: Prepackaged Software
HRB,"H&R Block, Inc.",-2.66,-12.67,0,0,18,Consumer Discretionary,Other Consumer Services
COLZF,COLZF,0.0,-4.55,13,5,98,Consumer Defensive,Beverages - Non-Alcoholic
SR,Spire Inc.,-0.28,-10.22,0,0,28,Utilities,Oil/Gas Transmission
OMAB,"Grupo Aeroportuario del Centro Norte, S.A.B. de C.V.",2.21,11.59,100,98,52,Consumer Discretionary,Aerospace
LBRDA,Liberty Broadband Corporation,-4.18,-12.45,0,0,2,Telecommunications,Cable & Other Pay Television Services
SXT,Sensient Technologies Corporation,2.19,-0.53,20,12,70,Industrials,Major Chemicals
HLNE,Hamilton Lane Incorporated,1.76,-2.68,27,19,5,Finance,Investment Managers
PMNXF,Perseus Mining Limited,-11.39,-7.65,40,34,64,Basic Materials,Gold
PAGP,"Plains GP Holdings, L.P.",-1.06,-7.44,0,0,64,Energy,Natural Gas Distribution
PBF,PBF Energy Inc.,-1.27,-10.68,0,0,62,Energy,Integrated oil Companies
ATDRY,Autotrader Group plc,0.66,-6.13,83,59,8,Communication Services,Internet Content & Information
GMVHF,Entain Plc,-10.3,-7.18,0,0,7,Consumer Cyclical,Gambling
HSHZY,Hoshizaki Corporation,0.0,-1.36,43,30,20,Industrials,Specialty Industrial Machinery
LBRT,Liberty Energy Inc.,0.04,-16.69,0,0,87,Energy,Oilfield Services/Equipment
LEGIF,LEG Immobilien SE,0.0,-12.14,4,2,12,Real Estate,Real Estate Services
MOHCY,Motor Oil (Hellas) Corinth Refineries S.A.,0.0,0.0,31,10,85,Energy,Oil & Gas Refining & Marketing
FNCNF,Fincantieri S.p.A.,0.0,5.51,74,59,8,Industrials,Aerospace & Defense
HISEF,"Hisense Home Appliances Group Co., Ltd.",0.0,10.04,75,54,63,Consumer Cyclical,"Furnishings, Fixtures & Appliances"
CAI,"Caris Life Sciences, Inc.",3.42,17.64,100,96,8,Health Care,Medical Specialities
TKC,Turkcell Iletisim Hizmetleri A.S.,2.35,1.66,100,81,37,Telecommunications,Telecommunications Equipment
CHEOF,Cochlear Limited,0.0,13.42,92,80,1,Healthcare,Medical Devices
FFIN,"First Financial Bankshares, Inc.",0.64,2.8,54,37,43,Finance,Major Banks
DEXSF,DEXUS,0.0,-9.15,56,48,27,Real Estate,REIT - Office
LAZ,"Lazard, Inc.",2.55,-6.14,26,8,35,Finance,Investment Managers
WHD,"Cactus, Inc.",-3.61,-11.8,0,0,71,Consumer Discretionary,Oil and Gas Field Machinery
FBIN,"Fortune Brands Innovations, Inc.",4.46,21.95,83,72,22,Basic Materials,Forest Products
ORLA,Orla Mining Ltd.,-6.74,-15.57,9,0,13,Basic Materials,Precious Metals
ACLS,"Axcelis Technologies, Inc.",6.89,25.39,94,92,95,Technology,Industrial Machinery/Components
OCTV,Octave Intelligence plc,0.36,-24.41,0,0,8,Technology,Computer Software: Prepackaged Software
CMZOF,"Corporación Moctezuma, S.A.B. de C.V.",0.0,170.54,95,90,99,Basic Materials,Building Materials
PI,"Impinj, Inc.",4.12,-6.17,16,6,43,Technology,Industrial Machinery/Components
SKBNF,Shikun & Binui Ltd.,0.0,10.06,75,54,91,Industrials,Engineering & Construction
MIR,"Mirion Technologies, Inc.",5.44,3.16,100,85,18,Industrials,Industrial Machinery/Components
BKEAF,"The Bank of East Asia, Limited",0.0,-17.06,5,2,19,Financial Services,Banks - Regional
REYN,Reynolds Consumer Products Inc.,2.31,9.8,89,69,53,Consumer Discretionary,Containers/Packaging
DNPUF,"Sumitomo Pharma Co., Ltd.",0.0,-7.29,41,27,16,Healthcare,Drug Manufacturers - Specialty & Generic
TTCIF,Titan S.A.,4.24,5.04,100,66,56,Basic Materials,Building Materials
RDN,Radian Group Inc.,-0.52,-7.01,39,26,39,Finance,Property-Casualty Insurers
CSW,"CSW Industrials, Inc.",3.41,6.51,64,48,39,Industrials,Home Furnishings
NGXXF,NGEx Minerals Ltd.,-6.8,-1.88,26,17,68,Basic Materials,Other Industrial Metals & Mining
SAIC,Science Applications International Corporation,-4.07,6.06,26,12,38,Technology,EDP Services
SPGDF,Springer Nature AG & Co. KGaA,0.84,8.79,21,7,54,,
AIR,AAR Corp.,2.07,25.46,100,98,88,Industrials,Aerospace
MONDY,Mondi plc,0.79,-3.71,0,0,9,Basic Materials,Paper & Paper Products
SHC,Sotera Health Company,2.33,1.74,51,37,57,Health Care,Misc Health and Biotechnology Services
KNF,Knife River Corporation,3.33,17.3,100,100,51,Industrials,Mining & Quarrying of Nonmetallic Minerals (No Fuels)
FLIDY,FLSmidth & Co. A/S,0.0,-0.13,12,4,58,Industrials,Specialty Industrial Machinery
ACIW,"ACI Worldwide, Inc.",-1.23,1.94,64,51,34,Technology,Computer Software: Prepackaged Software
NPIFF,Northland Power Inc.,-1.22,-0.78,6,0,46,Utilities,Utilities - Renewable
KBR,"KBR, Inc.",-3.24,1.99,16,0,8,Industrials,Military/Government/Technical
MAUTF,Montage Gold Corp.,-2.87,12.4,62,54,94,Basic Materials,Gold
MDU,"MDU Resources Group, Inc.",1.91,-2.58,55,35,64,Industrials,Mining & Quarrying of Nonmetallic Minerals (No Fuels)
PONY,Pony AI Inc.,5.04,-4.58,15,10,4,Technology,EDP Services
MCARY,"Mercari, Inc.",0.0,-7.55,37,28,75,Consumer Cyclical,Internet Retail
LIMAF,Linamar Corporation,0.0,7.89,61,37,76,Consumer Cyclical,Auto Parts
MRVGF,Mirvac Group,0.0,-5.3,18,7,15,Real Estate,REIT - Diversified
EPR,EPR Properties,-0.23,-0.98,35,20,52,Real Estate,Real Estate Investment Trusts
PFSI,"PennyMac Financial Services, Inc.",1.45,-5.41,31,22,11,Finance,Finance: Consumer Services
HNGE,"Hinge Health, Inc.",3.55,26.82,100,100,86,Technology,EDP Services
TCBI,"Texas Capital Bancshares, Inc.",-0.24,0.53,35,14,57,Finance,Major Banks
MAT,"Mattel, Inc.",2.71,-5.71,17,2,12,Consumer Discretionary,Recreational Games/Products/Toys
NRSDY,Nordic Semiconductor ASA,0.0,-8.1,23,9,80,Technology,Semiconductors
VVV,Valvoline Inc.,1.68,14.43,94,83,52,Industrials,Major Chemicals
PVH,PVH Corp.,0.85,-8.93,0,0,54,Industrials,Garments and Clothing
JTKWY,Just Eat Takeaway.com N.V.,0.0,-12.74,6,3,17,,
BCO,The Brink's Company,0.31,-8.42,0,0,27,Industrials,Integrated Freight & Logistics
WING,Wingstop Inc.,7.82,26.26,90,83,5,Consumer Discretionary,Restaurants
AXXTF,Axiata Group Berhad,0.0,-21.47,5,2,26,Communication Services,Telecom Services
FHI,"Federated Hermes, Inc.",-0.37,9.88,85,62,62,Finance,Investment Managers
PLNT,"Planet Fitness, Inc.",5.52,5.45,100,76,2,Consumer Discretionary,Hotels/Resorts
TNL,Travel + Leisure Co.,1.03,19.21,100,90,70,Consumer Discretionary,Hotels/Resorts
APEMY,Aperam S.A.,0.0,9.23,71,43,91,Basic Materials,Steel
HKMPY,Hikma Pharmaceuticals PLC,-0.13,-0.38,23,11,32,Healthcare,Drug Manufacturers - Specialty & Generic
RXO,"RXO, Inc.",2.3,6.46,18,4,90,Consumer Discretionary,Transportation Services
RELY,"Remitly Global, Inc.",3.28,-2.22,79,62,74,Consumer Discretionary,Business Services
LBTYA,Liberty Global Ltd.,-1.84,-5.64,0,0,34,Telecommunications,Cable & Other Pay Television Services
KKKUF,"Kakaku.com, Inc.",0.0,-3.51,14,5,83,Communication Services,Internet Content & Information
SOOBF,Sapporo Holdings Limited,0.0,9.6,71,45,1,Consumer Defensive,Beverages - Brewers
SLMBP,SLM Corporation,0.03,2.07,52,28,40,Finance,Finance: Consumer Services
TWST,Twist Bioscience Corporation,5.66,63.18,100,100,96,Health Care,Biotechnology: Biological Products (No Diagnostic Substances)
TDS,"Telephone and Data Systems, Inc.",0.46,-4.74,33,17,39,Telecommunications,Telecommunications Equipment
FULT,Fulton Financial Corporation,0.93,6.96,73,56,69,Finance,Major Banks
GNNSF,Genscript Biotech Corporation,0.0,-7.25,8,4,19,Healthcare,Biotechnology
FMCCK,Federal Home Loan Mortgage Corporation,0.0,-8.05,12,0,10,Financial Services,Mortgage Finance
FMCCI,Federal Home Loan Mortgage Corporation,0.0,-4.38,55,45,12,Financial Services,Mortgage Finance
FMCC,Federal Home Loan Mortgage Corporation,0.67,-6.71,35,31,20,Financial Services,Mortgage Finance
FMCKK,Federal Home Loan Mortgage Corporation PFD,0.0,-9.94,12,1,14,Unknown,Unknown
FMCKM,Federal Home Loan Mortgage Corporation,0.0,-15.59,5,0,13,Financial Services,Mortgage Finance
FMCCO,Federal Home Loan Mortgage Corporation,0.0,-16.84,1,0,14,Financial Services,Mortgage Finance
FMCCL,Federal Home Loan Mortgage Corporation,0.0,-7.72,33,26,8,Financial Services,Mortgage Finance
ITVPY,ITV plc,-3.73,-3.03,0,0,38,Communication Services,Broadcasting
SRAD,Sportradar Group AG,0.2,12.98,50,41,4,Technology,Computer Software: Programming Data Processing
NCTKF,Nabtesco Corporation,0.0,-13.68,5,2,87,Industrials,Specialty Industrial Machinery
WPP,WPP plc,-2.5,-0.35,43,37,21,Consumer Discretionary,Advertising
JGCCY,JGC Holdings Corporation,0.0,9.7,93,85,88,Industrials,Engineering & Construction
NCTKY,Nabtesco Corporation,-3.86,6.58,59,49,81,Industrials,Specialty Industrial Machinery
NINOF,Nikon Corporation,0.0,-16.58,4,2,1,Consumer Cyclical,Leisure
ESYJY,easyJet plc,-1.63,34.89,89,82,60,Industrials,Airlines
OPLN,"OPENLANE, Inc.",2.28,7.91,70,49,82,Consumer Discretionary,Retail-Auto Dealers and Gas Stations
BBWI,"Bath & Body Works, Inc.",0.39,23.17,88,78,26,Consumer Discretionary,Clothing/Shoe/Accessory Stores
LMGIF,Lumine Group Inc.,-2.58,10.59,60,46,6,Technology,Software - Application
PII,Polaris Inc.,3.98,14.26,96,72,81,Consumer Discretionary,Industrial Specialties
RUM,Rumble Inc.,0.96,-0.14,5,0,57,Technology,Computer Software: Programming Data Processing
GCWOF,"GCC, S.A.B. de C.V.",0.0,1.69,86,64,72,Basic Materials,Building Materials
USAC,"USA Compression Partners, LP",-1.84,-15.51,0,0,36,Utilities,Natural Gas Distribution
NDGPY,Nine Dragons Paper (Holdings) Limited,0.0,18.12,66,55,59,Basic Materials,Paper & Paper Products
SEZL,Sezzle Inc.,11.28,55.61,100,100,93,Finance,Finance: Consumer Services
KTB,"Kontoor Brands, Inc.",4.13,21.01,76,69,58,Industrials,Garments and Clothing
GCPEF,GCL Technology Holdings Limited,0.0,10.0,53,47,11,Technology,Solar
MWA,"Mueller Water Products, Inc.",1.87,2.75,82,55,38,Industrials,Metal Fabrications
BBAR,Banco BBVA Argentina S.A.,4.09,47.16,100,100,89,Finance,Commercial Banks
LRN,"Stride, Inc.",-1.76,-7.03,0,0,16,Real Estate,Other Consumer Services
CRK,"Comstock Resources, Inc.",-0.23,-8.65,17,7,3,Energy,Oil & Gas Production
HLPMF,HELLENiQ ENERGY Holdings S.A.,0.0,5.78,48,34,70,Energy,Oil & Gas Refining & Marketing
VEON,VEON Ltd.,-0.84,-5.59,31,17,45,Telecommunications,Telecommunications Equipment
SNPHY,"Santen Pharmaceutical Co., Ltd.",-3.52,-0.93,46,33,50,Healthcare,Drug Manufacturers - General
TTVSY,TTVSY,-4.64,-17.53,0,0,6,Technology,Software - Application
QLYS,"Qualys, Inc.",-0.78,10.69,84,64,26,Technology,Computer Software: Prepackaged Software
BELFB,Bel Fuse Inc.,-1.15,16.35,84,73,93,Technology,Electronic Components
NPSKY,NSK Ltd.,-0.73,9.08,60,48,73,Consumer Cyclical,Auto Parts
WYNMF,"Wynn Macau, Limited",-1.45,-1.45,10,3,26,Consumer Cyclical,Resorts & Casinos
ATMU,Atmus Filtration Technologies Inc.,1.81,5.88,100,91,48,Consumer Discretionary,Auto Parts:O.E.M.
INDB,Independent Bank Corp.,-0.02,2.69,62,45,61,Finance,Major Banks
MRX,MRX,5.29,18.45,100,92,91,Finance,Investment Bankers/Brokers/Service
WYNMY,"Wynn Macau, Limited",2.77,1.7,44,38,36,Consumer Cyclical,Resorts & Casinos
HAFN,Hafnia Limited,1.26,-15.65,4,0,70,Consumer Discretionary,Transportation Services
GPI,"Group 1 Automotive, Inc.",2.65,-0.47,32,20,13,Consumer Discretionary,Retail-Auto Dealers and Gas Stations
NG,NovaGold Resources Inc.,-3.7,-2.13,53,40,56,Basic Materials,Precious Metals
EE,"Excelerate Energy, Inc.",0.35,-3.0,61,46,64,Utilities,Oil/Gas Transmission
ARIS,Aris Mining Corporation,-2.69,-5.08,60,48,83,Basic Materials,Gold
BOX,"Box, Inc.",-0.4,-3.5,6,0,17,Technology,Computer Software: Prepackaged Software
KNSA,"Kiniksa Pharmaceuticals International, plc",1.66,1.53,100,94,84,Health Care,Biotechnology: Pharmaceutical Preparations
ASMOF,ASMOF,-11.23,23.15,70,65,61,,
EDVGF,Endeavour Group Limited,0.0,-5.91,17,7,13,Consumer Defensive,Beverages - Wineries & Distilleries
STUB,"StubHub Holdings, Inc.",2.46,16.8,100,96,43,Consumer Discretionary,Services-Misc. Amusement & Recreation
PEYUF,Peyto Exploration & Development Corp.,-0.92,-9.9,0,0,44,Energy,Oil & Gas E&P
PALAF,Paladin Energy Ltd,-2.57,-3.36,39,27,68,Energy,Uranium
FG,"F&G Annuities & Life, Inc.",2.61,-0.53,52,41,31,Finance,Life Insurance
SA,Seabridge Gold Inc.,-3.36,-3.26,41,34,81,Basic Materials,Precious Metals
ITRI,"Itron, Inc.",1.96,-0.66,15,7,9,Industrials,Electrical Products
SEYMF,"Solaria Energía y Medio Ambiente, S.A.",0.0,-6.25,10,4,96,Utilities,Utilities - Renewable
PIFMF,PT Indofood Sukses Makmur Tbk,0.0,0.0,31,10,15,Consumer Defensive,Packaged Foods
BBAJF,"Banco del Bajío, S.A., Institución de Banca Múltiple",0.0,-2.52,33,22,1,Financial Services,Banks - Regional
AAP,"Advance Auto Parts, Inc.",3.44,17.29,78,56,68,Consumer Discretionary,Auto & Home Supply Stores
ADOOY,PT Alamtri Resources Indonesia Tbk,-0.3,-0.6,60,40,59,Energy,Thermal Coal
NINOY,Nikon Corporation,-0.15,12.23,92,84,59,Consumer Cyclical,Leisure
FSRPF,Frasers Property Limited,-9.8,5.14,26,16,43,Real Estate,Real Estate - Diversified
HEGIY,Hengan International Group Company Limited,-1.92,-8.04,0,0,23,Consumer Defensive,Household & Personal Products
ZLDPY,Zealand Pharma A/S,0.0,3.12,45,10,27,Healthcare,Biotechnology
BHFAN,"Brighthouse Financial, Inc.",0.57,-0.03,67,41,31,Finance,Life Insurance
BHFAP,"Brighthouse Financial, Inc.",0.4,-0.63,70,39,32,Finance,Life Insurance
AFLYY,Air France-KLM SA,8.53,21.74,100,100,67,Industrials,Airlines
HIMX,"Himax Technologies, Inc.",6.84,-3.26,19,15,94,Technology,Semiconductors
DRXGY,Drax Group plc,0.0,3.04,44,10,58,Utilities,Utilities - Renewable
AFRAF,Air France-KLM SA,0.0,14.16,80,62,57,Industrials,Airlines
RGRNF,Regis Resources Limited,6.63,12.56,100,92,66,Basic Materials,Gold
WGXRF,Westgold Resources Limited,-5.35,-2.61,65,53,65,Basic Materials,Gold
JPSWY,"The Japan Steel Works, Ltd.",4.62,2.47,100,85,21,Industrials,Specialty Industrial Machinery
INFQ,"Infleqtion, Inc.",1.42,21.02,3,0,48,Technology,EDP Services
ORKA,"Oruka Therapeutics, Inc.",2.06,19.24,100,98,97,Health Care,Biotechnology: In Vitro & In Vivo Diagnostic Substances
IIJIY,Internet Initiative Japan Inc.,3.04,2.11,56,41,53,Communication Services,Telecom Services
OGN,Organon & Co.,0.07,-0.22,39,15,91,Health Care,Biotechnology: Pharmaceutical Preparations
DLO,DLocal Limited,0.39,9.1,95,84,39,Consumer Discretionary,Business Services
PBMRY,PT Bumi Resources Tbk,0.0,0.0,31,10,31,Energy,Thermal Coal
ARX,Accelerant Holdings,-0.99,-22.17,2,1,15,Finance,Specialty Insurers
ANF,Abercrombie & Fitch Co.,2.99,16.74,73,65,31,Consumer Discretionary,Clothing/Shoe/Accessory Stores
APLE,"Apple Hospitality REIT, Inc.",2.09,14.71,100,85,83,Real Estate,Real Estate Investment Trusts
FIZZ,National Beverage Corp.,-1.41,2.89,49,32,33,Consumer Staples,Beverages (Production/Distribution)
ARCVF,Arcadis NV,0.0,-1.19,37,15,39,Industrials,Engineering & Construction
BRCTF,BioArctic AB (publ),0.0,11.76,53,46,72,Healthcare,Biotechnology
SMG,The Scotts Miracle-Gro Company,3.16,12.13,100,100,48,Industrials,Agricultural Chemicals
GBDC,"Golub Capital BDC, Inc.",0.0,-2.95,0,0,30,Finance,Finance: Consumer Services
ASO,"Academy Sports and Outdoors, Inc.",4.75,2.72,54,46,41,Consumer Discretionary,Other Specialty Stores
MMTOY,Mitsubishi Motors Corporation,0.0,-12.61,7,2,7,Consumer Cyclical,Auto Manufacturers
SKYW,"SkyWest, Inc.",0.99,11.21,100,88,29,Consumer Discretionary,Air Freight/Delivery Services
BEAM,Beam Therapeutics Inc.,5.11,25.93,100,100,86,Health Care,Biotechnology: Biological Products (No Diagnostic Substances)
ICUI,"ICU Medical, Inc.",1.76,8.55,72,55,45,Health Care,Medical/Dental Instruments
CLZNY,Clariant AG,0.0,6.82,71,51,49,Basic Materials,Specialty Chemicals
HTWSF,Helios Towers plc,-1.9,-8.99,0,0,81,Communication Services,Telecom Services
SXI,Standex International Corporation,6.56,24.12,100,100,85,Industrials,Industrial Machinery/Components
CVI,"CVR Energy, Inc.",-1.01,-18.16,0,0,19,Energy,Integrated oil Companies
IAC,People Inc,0.4,6.47,59,58,58,Technology,Computer Software: Programming Data Processing
WSBCO,"WesBanco, Inc.",-0.47,0.28,58,25,40,Finance,Major Banks
GPK,Graphic Packaging Holding Company,0.56,9.97,54,35,12,Consumer Discretionary,Containers/Packaging
CSQ,Calamos Strategic Total Return Fund,2.14,2.77,100,41,63,Finance,Finance Companies
BTU,Peabody Energy Corporation,-3.35,6.16,3,0,40,Energy,Coal Mining
SNYYF,Sany Heavy Equipment International Holdings Company Limited,-6.68,-25.34,0,0,13,Industrials,Farm & Heavy Construction Machinery
CAKE,The Cheesecake Factory Incorporated,2.21,28.01,100,98,82,Consumer Discretionary,Restaurants
PEGRY,Pennon Group Plc,-1.6,-11.92,0,0,25,Utilities,Utilities - Regulated Water
AAUC,Allied Gold Corporation,0.23,-2.88,18,6,72,Basic Materials,Gold
MMS,"Maximus, Inc.",-6.13,-7.3,0,0,7,Consumer Discretionary,Business Services
UPST,"Upstart Holdings, Inc.",6.47,12.45,79,67,14,Finance,Finance: Consumer Services
FFBC,First Financial Bancorp.,0.48,4.63,68,49,71,Finance,Major Banks
CLCMF,Sinch AB (publ),0.0,-11.81,1,0,67,Communication Services,Telecom Services
THYCY,Taiheiyo Cement Corporation,0.0,13.67,68,50,44,Basic Materials,Building Materials
TDC,Teradata Corporation,-2.71,-6.71,0,0,68,Technology,Computer Software: Prepackaged Software
CNALF,CNALF,-2.58,0.89,28,17,86,,
PRMRY,Paramount Resources Ltd.,-11.11,-10.97,0,0,34,Energy,Oil & Gas E&P
TNGX,"Tango Therapeutics, Inc.",-13.38,32.69,64,61,97,Health Care,Biotechnology: Pharmaceutical Preparations
BATRK,"Atlanta Braves Holdings, Inc.",-1.41,0.3,55,38,66,Consumer Discretionary,Services-Misc. Amusement & Recreation
ERO,Ero Copper Corp.,-2.23,10.31,64,55,84,Basic Materials,Metal Mining
TLX,Telix Pharmaceuticals Limited,1.51,-1.85,84,71,42,Health Care,Biotechnology: Pharmaceutical Preparations
HSAI,Hesai Group,-1.11,-16.59,0,0,7,Industrials,Industrial Machinery/Components
VC,Visteon Corporation,3.09,4.53,23,5,66,Consumer Discretionary,Auto Parts:O.E.M.
CZGZF,Colt CZ Group SE,0.0,-1.24,18,6,87,Industrials,Aerospace & Defense
CRVL,CorVel Corporation,0.67,-8.92,28,19,16,Finance,Specialty Insurers
CGNMF,CGN Mining Company Limited,0.0,-8.75,4,2,40,Energy,Uranium
UNFI,"United Natural Foods, Inc.",4.15,2.64,50,33,89,Consumer Discretionary,Food Distributors
TENB,"Tenable Holdings, Inc.",-0.04,5.37,41,35,50,Technology,Computer Software: Prepackaged Software
PRK,Park National Corporation,1.91,4.66,65,45,55,Finance,Major Banks
VTMX,"Corporación Inmobiliaria Vesta, S.A.B. de C.V.",-1.37,-2.11,19,0,58,Finance,Real Estate
KURRY,"Kuraray Co., Ltd.",0.0,3.2,65,53,21,Basic Materials,Chemicals
YAMCF,Yamaha Corporation,0.0,-6.51,16,6,31,Consumer Cyclical,Leisure
EQGPF,EQB Inc.,1.98,4.94,100,71,70,Financial Services,Banks - Regional
BXMT,"Blackstone Mortgage Trust, Inc.",1.46,0.72,35,13,32,Real Estate,Real Estate Investment Trusts
GRAL,"GRAIL, Inc.",7.22,-3.47,37,30,76,Health Care,Medical Specialities
BKD,Brookdale Senior Living Inc.,0.22,2.32,94,84,82,Health Care,Hospital/Nursing Management
BGSI,Boyd Group Services Inc.,1.08,-14.06,0,0,3,Consumer Cyclical,Auto & Truck Dealerships
WLHSF,WLHSF,0.0,128.87,95,89,98,Industrials,Marine Shipping
ULVAF,"ULVAC, Inc.",0.0,-10.03,4,2,21,Industrials,Specialty Industrial Machinery
JSGRY,LIXIL Corporation,2.76,0.0,45,32,22,Industrials,Building Products & Equipment
HYPMY,Hypera S.A.,-4.03,-14.19,0,0,18,Healthcare,Drug Manufacturers - Specialty & Generic
EFXT,Enerflex Ltd.,1.81,-12.97,13,5,92,Industrials,Industrial Machinery/Components
APAM,Artisan Partners Asset Management Inc.,-0.77,-1.56,24,0,27,Finance,Investment Managers
VGPBF,VGP NV,2.04,-0.19,61,38,27,Real Estate,Real Estate Services
AWR,American States Water Company,0.29,1.51,30,15,44,Utilities,Water Supply
MITFY,Mitie Group plc,0.0,-15.85,0,0,28,Industrials,Specialty Business Services
WRBY,Warby Parker Inc.,7.18,6.18,80,63,43,Health Care,Ophthalmic Goods
BCCLF,"Becle, S.A.B. de C.V.",0.0,9.33,81,52,10,Consumer Defensive,Beverages - Wineries & Distilleries
TTAM,Titan America SA,4.67,19.64,100,100,71,Industrials,Mining & Quarrying of Nonmetallic Minerals (No Fuels)
LFST,"LifeStance Health Group, Inc.",4.3,16.93,100,100,86,Health Care,Medical/Nursing Services
JNPKF,Jenoptik AG,1.44,4.37,30,18,94,Technology,Electronic Components
KALU,Kaiser Aluminum Corporation,1.28,8.17,55,36,93,Industrials,Metal Fabrications
CSAN,Cosan S.A.,-2.21,-22.9,8,5,2,Consumer Discretionary,Retail-Auto Dealers and Gas Stations
BANC,"Banc of California, Inc.",1.31,7.5,92,68,70,Finance,Major Banks
BKFKF,P/F Bakkafrost,0.0,-14.49,4,2,16,Consumer Defensive,Farm Products
TE,T1 Energy Inc.,3.43,7.47,35,30,97,Miscellaneous,Industrial Machinery/Components
ADEA,Adeia Inc.,1.4,20.71,81,73,93,Technology,Computer Software: Prepackaged Software
TNIPF,TNIPF,0.0,3.45,42,25,56,Unknown,Unknown
SGAMY,Sega Sammy Holdings Inc.,-1.46,-7.9,14,10,7,Communication Services,Electronic Gaming & Multimedia
LYSFF,Lerøy Seafood Group ASA,0.23,-12.09,6,3,19,Consumer Defensive,Packaged Foods
EXG,Eaton Vance Tax-Managed Global Diversified Equity Income Fund,0.95,3.72,89,43,57,Finance,Finance Companies
SMIZF,"Meliá Hotels International, S.A.",0.0,1.92,31,10,85,Consumer Cyclical,Lodging
WT,"WisdomTree, Inc.",0.88,-4.73,49,23,84,Finance,Investment Bankers/Brokers/Service
BKV,BKV Corporation,1.74,-15.78,12,9,27,Energy,Oil & Gas Production
RMTHF,Matrix IT Ltd.,-3.06,-11.07,0,0,11,Technology,Information Technology Services
HTGC,"Hercules Capital, Inc.",0.52,-0.96,43,24,32,Finance,Investment Managers
QNTQF,QinetiQ Group plc,0.0,14.13,73,59,33,Industrials,Aerospace & Defense
NHC,National HealthCare Corporation,5.46,1.01,100,87,87,Health Care,Hospital/Nursing Management
TROLB,"Tootsie Roll Industries, Inc.",0.23,-0.36,36,13,34,Consumer Defensive,Confectioners
BOSSY,Hugo Boss AG,0.0,6.12,58,48,33,Consumer Cyclical,Apparel Manufacturing
WOLF,"Wolfspeed, Inc.",17.91,-2.06,47,43,97,Technology,Semiconductors
EOSE,"Eos Energy Enterprises, Inc.",0.66,7.59,48,46,65,Miscellaneous,Industrial Machinery/Components
TCAPF,TP ICAP Group PLC,0.0,12.5,92,82,74,Financial Services,Capital Markets
JPC,Nuveen Preferred & Income Opportunities Fund,0.39,1.2,49,21,38,Finance,Investment Managers
PENG,"Penguin Solutions, Inc.",12.52,40.98,83,80,97,Technology,Semiconductors
UE,Urban Edge Properties,-0.09,2.26,22,13,58,Finance,Real Estate
VBVBF,Verbio SE,0.0,6.74,67,42,96,Basic Materials,Specialty Chemicals
PARR,"Par Pacific Holdings, Inc.",0.08,-16.3,0,0,72,Energy,Oil & Gas Production
NN,NextNav Inc.,-1.78,-21.59,0,0,46,Industrials,Industrial Machinery/Components
RH,RH,9.15,11.21,45,35,21,Consumer Discretionary,Other Specialty Stores
AZLGY,AZLGY,0.0,-9.09,9,3,17,Basic Materials,Specialty Chemicals
GPCR,Structure Therapeutics Inc.,-1.09,20.72,89,82,77,Health Care,Biotechnology: Pharmaceutical Preparations
FRSH,Freshworks Inc.,-1.34,-3.7,0,0,13,Technology,Computer Software: Prepackaged Software
STNE,StoneCo Ltd.,-1.67,-4.16,3,0,15,Technology,EDP Services
AMBBY,Ambu A/S,0.0,-6.76,0,0,7,Healthcare,Medical Devices
NYAX,Nayax Ltd.,3.18,-2.31,12,4,75,Technology,Computer Software: Prepackaged Software
BWIN,"The Baldwin Insurance Group, Inc.",16.79,0.6,90,74,10,Finance,Specialty Insurers
CCC,CCC Intelligent Solutions Holdings Inc.,0.46,-3.92,0,0,2,Technology,Computer Software: Prepackaged Software
SHAK,Shake Shack Inc.,0.49,-6.92,55,48,3,Consumer Discretionary,Restaurants
ELALF,El Al Israel Airlines Ltd.,0.0,4.75,31,10,57,Industrials,Airlines
PASTF,OPmobility SE,0.0,-5.14,6,3,78,Consumer Cyclical,Auto Parts
FPLSF,5N Plus Inc.,1.42,-6.85,29,17,96,Basic Materials,Specialty Chemicals
DK,"Delek US Holdings, Inc.",-2.05,-7.0,0,0,74,Energy,Integrated oil Companies
CURLF,"Curaleaf Holdings, Inc.",-4.89,-16.07,25,23,92,Healthcare,Drug Manufacturers - Specialty & Generic
FBK,FB Financial Corporation,0.94,1.93,56,36,46,Finance,Major Banks
EOGSF,Emerald Resources NL,-2.9,11.17,79,71,81,Basic Materials,Gold
QUBT,Quantum Computing Inc.,10.13,12.55,41,30,37,Technology,Computer Software: Prepackaged Software
RLAY,"Relay Therapeutics, Inc.",2.06,21.97,100,96,97,Health Care,Biotechnology: Biological Products (No Diagnostic Substances)
WLWHY,Woolworths Holdings Limited,0.0,2.37,89,73,53,Consumer Cyclical,Department Stores
CECO,CECO Environmental Corp.,4.17,21.05,100,94,94,Industrials,Pollution Control Equipment
MGRC,McGrath RentCorp,3.89,7.61,100,83,48,Consumer Discretionary,Diversified Commercial Services
APELY,"Alps Alpine Co., Ltd.",0.0,-4.07,7,3,47,Technology,Electronic Components
SMGBF,San Miguel Corporation,0.0,1.85,87,74,24,Industrials,Conglomerates
SMTGY,SMA Solar Technology AG,4.65,-10.29,32,30,93,Technology,Solar
LCII,LCI Industries,2.44,-15.46,6,0,17,Consumer Discretionary,Auto Parts:O.E.M.
WRD,WeRide Inc.,0.63,-11.06,7,1,14,Technology,EDP Services
PLBL,Polibeli Group Ltd,-5.09,7.61,70,68,10,Consumer Discretionary,Consumer Electronics/Appliances
WAFD,"WaFd, Inc.",0.75,3.7,64,45,67,Finance,Major Banks
CESDF,CES Energy Solutions Corp.,-2.71,-21.5,0,0,78,Energy,Oil & Gas Equipment & Services
SAH,"Sonic Automotive, Inc.",3.33,10.09,45,22,66,Consumer Discretionary,Retail-Auto Dealers and Gas Stations
UTF,"Cohen & Steers Infrastructure Fund, Inc",-0.48,1.02,48,22,54,Finance,Finance Companies
PAGS,PagSeguro Digital Ltd.,-1.01,-5.36,24,10,24,Technology,EDP Services
AEMFF,AEM Holdings Ltd.,0.0,12.53,78,59,98,Technology,Semiconductor Equipment & Materials
TRN,"Trinity Industries, Inc.",0.55,2.07,82,65,71,Industrials,Railroads
AAMI,Acadian Asset Management Inc.,-9.15,5.8,32,26,90,Finance,Investment Managers
IFMNF,Dentsu Soken Inc.,0.0,-17.29,6,3,1,Technology,Information Technology Services
GDV,The Gabelli Dividend & Income Trust,0.31,0.34,55,15,56,Finance,Investment Managers
TARS,"Tarsus Pharmaceuticals, Inc.",0.98,-2.52,89,70,52,Health Care,Biotechnology: Biological Products (No Diagnostic Substances)
VERA,"Vera Therapeutics, Inc.",0.23,1.36,90,80,51,Health Care,Biotechnology: Pharmaceutical Preparations
PPAAF,PT Perusahaan Gas Negara (Persero) Tbk,0.0,-100.06,100,100,1,Utilities,Utilities - Regulated Gas
HUBG,"Hub Group, Inc.",1.65,9.15,58,46,69,Industrials,Integrated Freight & Logistics
FRMEP,First Merchants Corporation,-0.8,-0.69,25,6,37,Finance,Major Banks
FRPT,"Freshpet, Inc.",-1.17,13.77,76,66,18,Consumer Staples,Packaged Foods
THUPY,Thule Group AB (publ),-6.69,-11.05,0,0,20,Consumer Cyclical,Leisure
CEPU,Central Puerto S.A.,-0.25,12.25,76,62,69,Utilities,Electric Utilities: Central
SMSOF,Samsonite Group S.A.,0.0,-3.24,16,6,16,Consumer Cyclical,Footwear & Accessories
PENN,"PENN Entertainment, Inc.",0.33,31.73,84,71,81,Consumer Discretionary,Hotels/Resorts
CSPKY,COSCO SHIPPING Ports Limited,0.0,-7.03,6,3,31,Industrials,Marine Shipping
SPNT,SiriusPoint Ltd.,-1.22,-3.89,66,54,58,Finance,Property-Casualty Insurers
KMT,Kennametal Inc.,-0.11,1.57,90,80,79,Industrials,Industrial Machinery/Components
WFRSF,West African Resources Limited,0.0,-7.27,3,2,56,Basic Materials,Gold
WERN,"Werner Enterprises, Inc.",2.03,1.8,14,0,84,Industrials,Trucking Freight/Courier Services
ICHR,"Ichor Holdings, Ltd.",10.24,49.95,100,100,98,Technology,Semiconductors
NMRK,"Newmark Group, Inc.",0.88,2.84,65,46,35,Finance,Real Estate
AERO,AERO,0.17,16.44,92,80,44,Consumer Discretionary,Air Freight/Delivery Services
VVVNF,Vivendi SE,-1.59,-5.7,3,0,26,Communication Services,Electronic Gaming & Multimedia
CALEF,CALEF,1.25,-3.19,11,8,29,,
NIQ,NIQ,1.35,-3.27,19,14,2,Technology,Computer Software: Programming Data Processing
NESR,National Energy Services Reunited Corp.,2.16,-5.98,17,7,94,Energy,Oilfield Services/Equipment
TSRYY,Treasury Wine Estates Limited,0.91,7.07,78,71,28,Consumer Defensive,Beverages - Wineries & Distilleries
BBT,Beacon Financial Corporation,0.71,2.67,58,42,57,Finance,Banks
NZF,Nuveen Municipal Credit Income Fund,0.79,3.74,59,33,46,Finance,Finance Companies
TNK,Teekay Tankers Ltd.,0.7,-4.2,66,48,77,Consumer Discretionary,Marine Transportation
REMYY,Rémy Cointreau SA,3.83,8.88,98,85,55,Consumer Defensive,Beverages - Wineries & Distilleries
AMSC,American Superconductor Corporation,8.15,-11.82,36,28,73,Consumer Discretionary,Metal Fabrications
HMSNF,Hammerson Plc,0.0,-4.43,6,3,38,Real Estate,REIT - Retail
OXINF,Oxford Instruments plc,0.0,12.28,71,48,88,Technology,Scientific & Technical Instruments
ANGGF,Angang Steel Company Limited,0.0,-42.31,31,10,3,Basic Materials,Steel
AMBP,Ardagh Metal Packaging S.A.,-0.23,9.87,90,80,57,Industrials,Containers/Packaging
BOWFF,Boardwalk Real Estate Investment Trust,-1.3,-2.59,0,0,27,Real Estate,REIT - Residential
MTX,Minerals Technologies Inc.,2.26,3.69,96,62,72,Basic Materials,Major Chemicals
ENDTF,Canoe EIT Income Fund,0.41,-3.33,3,0,46,Financial Services,Asset Management
ETY,Eaton Vance Tax-Managed Diversified Equity Income Fund,0.9,-1.01,33,11,39,Finance,Finance Companies
CLBEY,"Calbee, Inc.",-2.09,-8.84,6,1,18,Consumer Defensive,Packaged Foods
BIRDF,Bird Construction Inc.,1.14,4.48,58,50,93,Industrials,Engineering & Construction
ASAIY,Sendas Distribuidora S.A.,-5.58,-12.97,0,0,21,Consumer Defensive,Grocery Stores
SOTDF,Ströer SE & Co. KGaA,0.0,1.25,45,23,19,Communication Services,Advertising Agencies
LCLN,"Lincoln International, Inc.",0.17,5.42,48,32,43,Finance,Investment Managers
TMDX,"TransMedics Group, Inc.",7.61,15.87,100,92,4,Health Care,Biotechnology: Electromedical & Electrotherapeutic Apparatus
AOZOY,"Aozora Bank, Ltd.",0.0,-7.36,7,3,45,Financial Services,Banks - Regional
KYN,"Kayne Anderson Energy Infrastructure Fund, Inc.",-1.04,-6.9,0,0,47,Finance,Finance/Investors Services
BMRRY,B&M European Value Retail plc,0.0,13.86,52,42,30,Consumer Defensive,Discount Stores
NOG,"Northern Oil and Gas, Inc.",0.57,-19.24,0,0,7,Energy,Oil & Gas Production
AVVSY,AVVSY,-3.54,3.24,0,0,26,Industrials,Aerospace & Defense
DCO,Ducommun Incorporated,0.39,14.61,86,74,89,Industrials,Military/Government/Technical
ABM,ABM Industries Incorporated,1.54,11.63,67,58,47,Consumer Discretionary,Diversified Commercial Services
BYLOF,Big Yellow Group Plc,0.79,3.69,58,40,21,Real Estate,REIT - Industrial
GNCGF,Greencore Group plc,-8.0,-23.8,0,0,8,Consumer Defensive,Packaged Foods
TCHBF,Tecan Group AG,0.0,0.31,8,2,41,Healthcare,Medical Instruments & Supplies
SOC,Sable Offshore Corp.,-1.27,-32.76,3,0,9,Energy,Oil & Gas Production
NTB,The Bank of N.T. Butterfield & Son Limited,0.9,3.81,68,47,71,Finance,Commercial Banks
GGGSF,Greggs plc,0.0,-3.53,33,13,33,Consumer Cyclical,Restaurants
CPWHF,Ceres Power Holdings plc,0.13,-7.98,2,0,98,Industrials,Electrical Equipment & Parts
DROSY,DROSY,5.31,-14.51,20,13,15,,
CXT,"Crane NXT, Co.",3.48,20.91,100,100,31,Industrials,Metal Fabrications
IMYSF,Imerys S.A.,0.0,7.53,89,76,32,Basic Materials,Specialty Chemicals
GNNDY,GN Store Nord A/S,0.89,-7.71,0,0,17,Healthcare,Medical Devices
AEGXF,Aecon Group Inc.,0.62,-8.57,0,0,85,Industrials,Engineering & Construction
EFSC,Enterprise Financial Services Corp,0.23,3.33,60,43,59,Finance,Major Banks
EXETF,Extendicare Inc.,2.14,-3.46,78,59,91,Healthcare,Medical Care Facilities
HTH,Hilltop Holdings Inc.,1.5,1.56,62,43,58,Finance,Major Banks
BVNKF,Bavarian Nordic A/S,0.0,-9.94,10,4,24,Healthcare,Biotechnology
NKTR,Nektar Therapeutics,0.1,-12.25,32,22,95,Health Care,Biotechnology: Pharmaceutical Preparations
CENTA,Central Garden & Pet Company,2.25,10.05,93,75,66,Consumer Discretionary,Consumer Specialties
CTOS,"Custom Truck One Source, Inc.",6.22,20.92,100,100,93,Consumer Discretionary,Diversified Commercial Services
ATEN,"A10 Networks, Inc.",1.03,15.97,100,87,91,Telecommunications,Computer Communications Equipment
SIVEF,Sivers Semiconductors AB (publ),-3.53,74.48,89,85,99,Technology,Semiconductors
MBINM,Merchants Bancorp,-0.16,0.79,48,15,44,Finance,Major Banks
VERX,"Vertex, Inc.",-2.63,-17.69,0,0,3,Technology,Computer Software: Prepackaged Software
PSNYW,Polestar Automotive Holding UK PLC,5.05,-3.64,50,40,2,Industrials,Auto Manufacturing
WLY,"John Wiley & Sons, Inc.",2.82,12.91,100,87,75,Consumer Discretionary,Books
FUN,Six Flags Entertainment Corporation,0.28,27.44,96,90,75,Consumer Discretionary,Services-Misc. Amusement & Recreation
BLBD,Blue Bird Corporation,0.87,13.31,99,85,82,Consumer Discretionary,Construction/Ag Equipment/Trucks
BMRPF,B&M European Value Retail plc,0.0,24.04,87,75,38,Consumer Defensive,Discount Stores
ACPIF,Acen Corporation,0.0,-166.67,99,97,1,Utilities,Utilities - Renewable
NGL,NGL Energy Partners LP,1.91,-6.93,20,2,94,Utilities,Natural Gas Distribution
IE,Ivanhoe Electric Inc.,-0.44,-6.02,26,18,50,Basic Materials,Metal Mining
CYD,China Yuchai International Limited,-4.6,-9.24,1,0,83,Industrials,Industrial Machinery/Components
RCAT,"Red Cat Holdings, Inc.",2.14,27.96,42,38,55,Technology,Computer Software: Prepackaged Software
FLOC,FLOC,0.66,-19.15,1,0,62,Consumer Discretionary,Oil and Gas Field Machinery
BDGIF,Badger Infrastructure Solutions Ltd.,2.84,3.28,24,16,82,Industrials,Engineering & Construction
TNET,"TriNet Group, Inc.",-0.64,6.26,43,28,21,Consumer Discretionary,Business Services
NEXT,NextDecade Corporation,-5.77,-15.61,7,0,50,Utilities,Oil & Gas Production
SHLS,"Shoals Technologies Group, Inc.",10.38,7.7,29,24,88,Technology,Semiconductors
SAMHF,Alleima AB (publ),0.0,13.82,90,80,89,Basic Materials,Steel
BAND,Bandwidth Inc.,1.08,-11.34,0,0,97,Technology,Computer Software: Prepackaged Software
DTNOF,DNO ASA,-7.5,-13.15,0,0,61,Energy,Oil & Gas E&P
CGGGF,Coats Group plc,-3.81,-9.01,0,0,25,Consumer Cyclical,Textile Manufacturing
UTI,"Universal Technical Institute, Inc.",4.13,8.82,49,41,73,Real Estate,Other Consumer Services
SEM,Select Medical Holdings Corporation,-0.06,0.12,33,13,55,Health Care,Hospital/Nursing Management
HCM,HUTCHMED (China) Limited,1.58,-13.69,3,0,5,Health Care,Biotechnology: Pharmaceutical Preparations
PCFBY,Pacific Basin Shipping Limited,0.55,-13.95,15,1,64,Industrials,Marine Shipping
EERGF,Energean plc,0.0,-17.28,0,0,12,Energy,Oil & Gas E&P
EVT,Eaton Vance Tax-Advantaged Dividend Income Fund,0.68,1.35,29,0,58,Finance,Finance Companies
THR,"Thermon Group Holdings, Inc.",-8.49,1.07,0,0,91,Energy,Industrial Machinery/Components
KSRYY,KOSE Holdings Corporation,0.0,-1.25,4,0,15,Consumer Defensive,Household & Personal Products
USAS,Americas Gold and Silver Corporation,-6.94,-3.77,40,32,84,Basic Materials,Metal Mining
CGEAF,Cogeco Communications Inc.,-3.74,14.84,63,47,22,Communication Services,Telecom Services
PGNY,"Progyny, Inc.",-0.87,1.72,62,44,71,Health Care,Misc Health and Biotechnology Services
ATEAY,Atea ASA,0.0,0.84,7,3,62,Technology,Information Technology Services
EVCM,EverCommerce Inc.,2.4,-13.53,5,0,11,Technology,Computer Software: Prepackaged Software
TYRA,"Tyra Biosciences, Inc.",-2.58,-15.21,31,24,88,Health Care,Biotechnology: Pharmaceutical Preparations
NFYEF,NFI Group Inc.,23.27,9.75,78,73,77,Consumer Cyclical,Auto Manufacturers
NTST,NETSTREIT Corp.,-1.29,-5.5,0,0,48,Real Estate,Real Estate Investment Trusts
NVCR,NovoCure Limited,-20.0,-19.55,0,0,48,Health Care,Medical/Dental Instruments
CKNHF,Clarkson PLC,-2.55,-11.57,0,0,54,Industrials,Marine Shipping
HCI,"HCI Group, Inc.",-0.55,3.43,85,63,34,Finance,Property-Casualty Insurers
FIGS,"FIGS, Inc.",0.24,1.15,70,59,79,Consumer Discretionary,Apparel
WSR,Whitestone REIT,0.16,0.6,38,15,80,Real Estate,Real Estate Investment Trusts
PBATF,PT Bukit Asam (Persero) Tbk,0.0,29.67,87,75,30,Energy,Thermal Coal
DEI,"Douglas Emmett, Inc.",1.47,1.47,20,10,38,Real Estate,Real Estate Investment Trusts
TAVHY,TAV Havalimanlari Holding A.S.,-1.62,14.19,86,77,37,Industrials,Airports & Air Services
SHWGY,Shandong Weigao Group Medical Polymer Company Limited,6.92,7.76,41,34,3,Healthcare,Medical Instruments & Supplies
OFG,OFG Bancorp,0.24,2.32,58,39,61,Finance,Major Banks
CYRBY,Cyrela Brazil Realty S.A. Empreendimentos e Participações,-5.36,13.33,27,20,20,Consumer Cyclical,Residential Construction
ADDLF,AddLife AB (publ),0.0,0.0,31,10,1,Healthcare,Medical Instruments & Supplies
RBTEF,Robertet SA,-1.26,-0.21,8,0,27,Basic Materials,Chemicals
RBSTF,RBSTF,-6.58,-32.21,0,0,6,,
AMRC,"Ameresco, Inc.",4.95,-2.95,21,12,62,Consumer Discretionary,Engineering & Construction
NUV,"Nuveen Municipal Value Fund, Inc.",0.66,1.14,51,24,42,Finance,Trusts Except Educational Religious and Charitable
PRKS,United Parks & Resorts Inc.,1.66,34.49,95,87,70,Health Care,Biotechnology: Electromedical & Electrotherapeutic Apparatus
WTSHF,Westshore Terminals Investment Corporation,0.0,-5.63,0,0,79,Industrials,Marine Shipping
HMDCF,HUTCHMED (China) Limited,0.0,0.0,31,10,5,Healthcare,Drug Manufacturers - Specialty & Generic
NAC,Nuveen California Quality Municipal Income Fund,0.59,2.21,35,7,47,Finance,Investment Managers
SONO,"Sonos, Inc.",2.73,-2.26,13,2,48,Consumer Staples,Consumer Electronics/Appliances
LKFT,Lakefront Biotherapeutics NV,-0.25,3.28,54,35,21,Health Care,Biotechnology: Pharmaceutical Preparations
ZSHGY,Zhongsheng Group Holdings Limited,-0.16,-24.76,0,0,1,Consumer Cyclical,Auto & Truck Dealerships
OXFYY,OXFYY,0.0,-6.07,5,2,24,Healthcare,Biotechnology
FJLLF,"Fuji Oil Co., Ltd.",-2.31,-2.31,0,0,30,Unknown,Unknown
ASTH,"Astrana Health, Inc.",2.65,1.06,69,55,88,Consumer Discretionary,Professional Services
BVENY,BVENY,0.0,14.19,86,74,15,Energy,Oil & Gas E&P
SMA,"SmartStop Self Storage REIT, Inc.",2.41,6.49,67,51,33,Real Estate,Real Estate Investment Trusts
SURRY,Sun Art Retail Group Limited,0.0,-0.39,29,26,8,Consumer Cyclical,Department Stores
SGHIF,Shanghai Industrial Holdings Limited,0.0,-4.53,56,43,35,Industrials,Conglomerates
SAM,"The Boston Beer Company, Inc.",2.44,-4.0,53,43,11,Consumer Staples,Beverages (Production/Distribution)
ITMPF,ITM Power Plc,0.0,-17.11,5,1,92,Industrials,Specialty Industrial Machinery
KNEVF,KNEVF,-6.83,2.04,12,3,9,Financial Services,Asset Management
NRIX,"Nurix Therapeutics, Inc.",2.51,6.88,96,79,80,Health Care,Biotechnology: Pharmaceutical Preparations
ARCO,Arcos Dorados Holdings Inc.,-0.12,-5.84,36,24,63,Consumer Discretionary,Restaurants
LAC,Lithium Americas Corp.,-1.13,-8.19,6,0,68,Basic Materials,Metal Mining
TRVG,trivago N.V.,3.56,43.08,87,77,85,Technology,EDP Services
TINLF,Teijin Limited,0.0,3.12,41,10,1,Industrials,Conglomerates
SPB,"Spectrum Brands Holdings, Inc.",4.25,13.41,88,70,82,Miscellaneous,Industrial Machinery/Components
ONTTF,Oxford Nanopore Technologies plc,-0.88,-0.25,0,0,20,Healthcare,Biotechnology
PLPC,Preformed Line Products Company,5.49,13.95,100,87,92,Industrials,Water Sewer Pipeline Comm & Power Line Construction
NVAX,"Novavax, Inc.",-3.89,-1.51,17,9,59,Health Care,Biotechnology: Biological Products (No Diagnostic Substances)
NMRSF,NMRSF,0.0,-0.42,52,45,99,Industrials,Aerospace & Defense
RQI,"Cohen & Steers Quality Income Realty Fund, Inc.",-1.37,-6.97,0,0,44,Finance,Trusts Except Educational Religious and Charitable
SKWD,"Skyward Specialty Insurance Group, Inc.",0.1,6.69,89,81,48,Finance,Property-Casualty Insurers
HUPHY,Hutchison Port Holdings Trust,0.0,-2.22,62,49,53,Industrials,Marine Shipping
NKRKY,Nokian Renkaat Oyj,0.57,19.39,97,87,87,Consumer Cyclical,Auto Parts
MBC,"MasterBrand, Inc.",5.1,27.25,84,73,26,Consumer Discretionary,Home Furnishings
BOBS,"Bob's Discount Furniture, Inc.",1.59,12.36,82,70,17,Consumer Discretionary,Other Specialty Stores
NPPNY,"Nippon Shinyaku Co., Ltd.",0.64,-7.46,21,12,17,Healthcare,Drug Manufacturers - Specialty & Generic
ASCLF,Ascletis Pharma Inc.,0.0,-19.16,13,9,18,Healthcare,Biotechnology
GTBIF,Green Thumb Industries Inc.,0.0,5.52,29,17,57,Healthcare,Drug Manufacturers - Specialty & Generic
ELVR,Elevra Lithium Limited,0.35,5.42,46,40,97,Industrials,Mining & Quarrying of Nonmetallic Minerals (No Fuels)
LOB,"Live Oak Bancshares, Inc.",0.71,3.38,68,49,64,Finance,Major Banks
KRP,"Kimbell Royalty Partners, LP",-0.2,-2.31,18,3,60,Energy,Oil & Gas Production
AGRO,Adecoagro S.A.,-4.15,-30.63,0,0,24,Consumer Staples,Farming/Seeds/Milling
PAYO,Payoneer Global Inc.,0.0,41.53,97,92,73,Consumer Discretionary,Business Services
STGW,Stagwell Inc.,0.75,7.88,39,22,70,Consumer Discretionary,Advertising
STRA,"Strategic Education, Inc.",0.21,-5.1,18,12,25,Real Estate,Other Consumer Services
VLXGF,Volex plc,-1.82,-10.02,11,0,86,Industrials,Electrical Equipment & Parts
PEB,Pebblebrook Hotel Trust,3.98,27.66,94,86,90,Real Estate,Real Estate Investment Trusts
CNXC,Concentrix Corporation,-1.34,0.72,0,0,3,Technology,Computer Software: Prepackaged Software
MTASF,MTASF,0.0,-8.79,8,3,15,Industrials,Aerospace & Defense
MQ,"Marqeta, Inc.",0.26,-3.0,14,6,12,Technology,Computer Software: Prepackaged Software
LPG,Dorian LPG Ltd.,-1.15,-17.1,0,0,82,Consumer Discretionary,Marine Transportation
TILE,"Interface, Inc.",5.27,13.37,100,94,75,Consumer Discretionary,Home Furnishings
NVRI,Enviri Corporation,3.97,12.7,100,98,88,Miscellaneous,Diversified Commercial Services
ADUS,Addus HomeCare Corporation,0.38,0.5,77,54,18,Health Care,Medical/Nursing Services
HTZ,"Hertz Global Holdings, Inc.",4.55,3.48,30,17,41,Consumer Discretionary,Rental/Leasing Companies
UFPT,"UFP Technologies, Inc.",5.09,6.47,90,73,58,Health Care,Medical/Dental Instruments
VCEL,Vericel Corporation,2.48,13.28,100,100,62,Health Care,Biotechnology: Biological Products (No Diagnostic Substances)
TFIN,"Triumph Financial, Inc.",1.49,10.01,54,41,71,Finance,Major Banks
TSHA,"Taysha Gene Therapies, Inc.",3.72,16.94,100,100,91,Health Care,Biotechnology: Biological Products (No Diagnostic Substances)
OPRA,Opera Limited,-1.44,6.19,61,42,61,Technology,Computer Software: Prepackaged Software
STEW,"SRH Total Return Fund, Inc.",-0.4,0.17,52,28,39,Finance,Investment Managers
PAEXY,PAEXY,0.0,-9.91,20,13,33,Energy,Oil & Gas E&P
SILA,"Sila Realty Trust, Inc.",0.03,0.17,34,13,74,Real Estate,Real Estate Investment Trusts
NUVB,Nuvation Bio Inc.,4.32,23.28,100,100,89,Health Care,Biotechnology: Pharmaceutical Preparations
VPG,"Vishay Precision Group, Inc.",5.91,40.34,91,87,98,Technology,Electrical Products
PMREF,Primaris Real Estate Investment Trust,-0.58,4.45,77,40,73,Real Estate,REIT - Retail
KOS,Kosmos Energy Ltd.,-2.0,-18.6,0,0,77,Energy,Oil & Gas Production
LNXSY,LANXESS Aktiengesellschaft,-3.77,-15.74,6,0,26,Basic Materials,Specialty Chemicals
VTKLY,Vtech Holdings Limited,-4.41,-11.55,7,0,15,Technology,Communication Equipment
MWTCY,"Manila Water Company, Inc.",0.0,0.0,31,10,54,Utilities,Utilities - Regulated Water
HGRAF,HydroGraph Clean Power Inc.,0.54,-5.29,17,10,99,Basic Materials,Specialty Chemicals
GHRS,GH Research PLC,2.49,-1.33,50,44,90,Health Care,Biotechnology: Pharmaceutical Preparations
LILAK,Liberty Latin America Ltd.,-8.76,-8.19,0,0,27,Telecommunications,Cable & Other Pay Television Services
BDJ,BlackRock Enhanced Equity Dividend Trust,0.11,2.33,63,30,51,Finance,Finance Companies
GPEAF,Great Portland Estates Plc,0.0,1.34,46,23,28,Real Estate,REIT - Office
TCBK,TriCo Bancshares,0.98,2.31,53,38,60,Finance,Major Banks
ANAB,"AnaptysBio, Inc.",1.3,-4.28,67,56,96,Health Care,Biotechnology: Pharmaceutical Preparations
CLVT,Clarivate Plc,-0.97,-17.07,0,0,3,Technology,EDP Services
SESPF,SeSa S.p.A.,0.0,16.85,31,10,31,Technology,Information Technology Services
HOPE,"Hope Bancorp, Inc.",0.71,3.72,62,45,68,Finance,Major Banks
BELGF,Bellevue Gold Limited,-14.66,-8.33,34,28,65,Basic Materials,Gold
OERLY,OC Oerlikon Corporation AG,0.0,7.87,70,47,84,Industrials,Specialty Industrial Machinery
FLNG,FLEX LNG Ltd.,-1.23,-6.86,18,5,61,Consumer Discretionary,Marine Transportation
CET,Central Securities Corporation,0.84,0.54,38,18,49,Finance,Finance/Investors Services
GENI,Genius Sports Limited,-1.61,21.51,53,47,16,Consumer Discretionary,Services-Misc. Amusement & Recreation
SLVM,Sylvamo Corporation,0.18,6.18,40,27,23,Basic Materials,Paper
PTTMF,PT TIMAH Tbk,0.0,0.0,31,10,95,Basic Materials,Other Industrial Metals & Mining
WGS,GeneDx Holdings Corp.,4.59,31.92,80,72,5,Technology,Retail: Computer Software & Peripheral Equipment
AGLFF,AGLFF,-1.74,86.2,0,0,95,Healthcare,Medical Instruments & Supplies
FISK,"Empire State Realty OP, L.P.",-7.56,-8.48,0,0,11,Real Estate,REIT - Office
AGL,"agilon health, inc.",8.72,40.6,89,84,98,Health Care,Misc Health and Biotechnology Services
ABXXF,Abaxx Technologies Inc.,-4.46,-48.21,0,0,77,Technology,Software - Application
FRVWY,Friedrich Vorwerk Group SE,8.46,-4.98,64,53,25,Industrials,Engineering & Construction
PRGO,Perrigo Company plc,0.89,-5.77,0,0,9,Health Care,Biotechnology: Pharmaceutical Preparations
AI,"C3.ai, Inc.",0.1,10.99,43,33,12,Technology,Computer Software: Prepackaged Software
AZLUY,Azul SA,-3.07,-36.32,18,14,1,Industrials,Airlines
CBLUF,China BlueChemical Ltd.,0.0,0.0,31,10,47,Basic Materials,Agricultural Inputs
TPRKY,Travis Perkins plc,-1.94,3.5,56,33,27,Industrials,Industrial Distribution
SLCJY,SLC Agrícola S.A.,-2.14,-19.17,0,0,23,Consumer Defensive,Farm Products
MTRBF,Metro Bank Holdings PLC,2.17,30.56,100,91,88,Financial Services,Banks - Regional
CNOBP,"ConnectOne Bancorp, Inc.",-0.18,0.69,33,12,46,Finance,Major Banks
AMTD,AMTD IDEA Group,-4.5,-6.37,0,0,20,Finance,Finance: Consumer Services
LIND,"Lindblad Expeditions Holdings, Inc.",7.47,34.18,100,100,92,Consumer Discretionary,Transportation Services
XIORF,Xior Student Housing NV,-3.38,-1.15,0,0,26,Real Estate,REIT - Residential
AUSDF,Perenti Limited,0.0,6.67,65,32,44,Basic Materials,Other Industrial Metals & Mining
ARDX,"Ardelyx, Inc.",3.6,-3.51,67,55,63,Health Care,Biotechnology: Pharmaceutical Preparations
STAA,STAAR Surgical Company,-0.34,-11.89,21,17,84,Health Care,Ophthalmic Goods
RLJ,RLJ Lodging Trust,2.97,20.44,100,100,87,Real Estate,Real Estate Investment Trusts
WKC,World Kinect Corporation,-0.45,6.98,68,51,74,Energy,Oil Refining/Marketing
SISXF,Savaria Corporation,0.0,3.41,53,30,76,Industrials,Specialty Industrial Machinery
OBK,"Origin Bancorp, Inc.",1.33,4.18,70,50,76,Finance,Major Banks
IMCR,Immunocore Holdings plc,0.18,-3.18,23,4,19,Health Care,Biotechnology: Biological Products (No Diagnostic Substances)
TNC,Tennant Company,5.68,9.86,100,93,73,Industrials,Industrial Machinery/Components
NKOKF,"Noritsu Koki Co., Ltd.",0.0,0.0,31,10,1,Technology,Consumer Electronics
HLMN,Hillman Solutions Corp.,4.13,11.94,100,100,33,Consumer Discretionary,Industrial Machinery/Components
ARI,"Apollo Commercial Real Estate Finance, Inc.",1.03,-1.37,39,22,55,Real Estate,Real Estate Investment Trusts
KMPR,Kemper Corporation,-0.4,-15.15,32,28,4,Finance,Property-Casualty Insurers
AFXXF,Afry AB,0.0,-4.8,20,8,82,Industrials,Engineering & Construction
XTEPY,Xtep International Holdings Limited,0.0,0.46,38,23,13,Consumer Cyclical,Apparel Retail
ECVT,Ecovyst Inc.,-0.47,-8.3,3,0,76,Industrials,Major Chemicals
NOMD,NOMD,-0.2,-3.84,39,24,16,Consumer Staples,Packaged Foods
IDRSF,Idorsia Ltd,30.43,30.43,100,100,94,Healthcare,Biotechnology
AAT,"American Assets Trust, Inc.",0.84,12.16,62,44,72,Real Estate,Real Estate Investment Trusts
DAO,"Youdao, Inc.",4.24,-2.82,49,36,74,Real Estate,Other Consumer Services
IPX,IperionX Limited,-1.12,-10.58,0,0,40,Basic Materials,Other Metals and Minerals
RBCAA,"Republic Bancorp, Inc.",0.67,8.71,55,40,68,Finance,Major Banks
NFJ,"Virtus Dividend, Interest & Premium Strategy Fund",2.55,8.22,100,80,74,Finance,Finance: Consumer Services
BLKB,"Blackbaud, Inc.",1.01,-12.94,0,0,1,Technology,Computer Software: Prepackaged Software
HYT,"BlackRock Corporate High Yield Fund, Inc.",0.12,1.03,28,5,34,Finance,Finance Companies
CNL,Collective Mining Ltd.,-4.03,-15.73,16,2,47,Basic Materials,Gold
ATRC,"AtriCure, Inc.",6.19,-0.69,93,74,18,Health Care,Medical/Dental Instruments
ITAYY,PT Indo Tambangraya Megah Tbk,0.0,9.7,95,88,30,Energy,Thermal Coal
NCKAF,Nickel Asia Corporation,0.0,0.0,31,10,99,Basic Materials,Other Industrial Metals & Mining
TTI,"TETRA Technologies, Inc.",0.69,-1.73,62,39,89,Energy,Oil & Gas Production
AHCO,AdaptHealth Corp.,1.26,-7.92,13,5,36,Health Care,Medical/Nursing Services
HLX,"Helix Energy Solutions Group, Inc.",-2.03,-15.05,0,0,57,Energy,Oilfield Services/Equipment
PYTCY,Playtech plc,0.0,-2.2,0,0,22,Consumer Cyclical,Gambling
RYGYF,Reysas Gayrimenkul Yatirim Ortakligi A.S.,0.0,3.1,57,33,82,Real Estate,REIT - Industrial
PICS,PicS N.V.,-4.46,-6.17,66,58,4,Finance,Finance: Consumer Services
GRPFF,"Grupo Televisa, S.A.B.",0.0,-0.71,13,5,50,Communication Services,Telecom Services
NEO,"NeoGenomics, Inc.",7.23,25.06,79,65,77,Health Care,Precision Instruments
GIII,"G-III Apparel Group, Ltd.",2.11,17.31,74,61,76,Consumer Discretionary,Apparel
ORC,"Orchid Island Capital, Inc.",1.36,0.26,64,31,41,Real Estate,Real Estate Investment Trusts
WINA,Winmark Corporation,-0.05,11.34,89,65,24,Consumer Discretionary,Other Specialty Stores
BRDNF,BRDNF,0.0,5.6,84,51,10,Basic Materials,Building Materials
ARSTY,ARSTY,0.0,-12.23,9,4,23,Industrials,Building Products & Equipment
ALNT,Allient Inc.,2.31,51.4,100,96,93,Industrials,Electrical Products
PURR,Hyperliquid Strategies Inc.,-5.4,14.29,51,46,94,Finance,Finance: Consumer Services
OI,"O-I Glass, Inc.",1.88,3.24,98,88,8,Consumer Discretionary,Containers/Packaging
GRWXF,Molten Ventures Plc,-5.36,-0.63,50,47,33,,
FDMDF,4DMedical Limited,0.0,8.0,91,77,97,Healthcare,Medical Devices
TBLA,Taboola.com Ltd.,-1.67,-4.67,33,27,79,Technology,Computer Software: Programming Data Processing
DOLE,Dole plc,-0.43,-3.27,37,24,33,Consumer Staples,Farming/Seeds/Milling
UAMY,United States Antimony Corporation,2.48,-5.76,26,22,85,Industrials,Metal Fabrications
BRELY,BRELY,0.0,-3.73,47,43,88,Basic Materials,Other Precious Metals & Mining
ARDT,"Ardent Health, Inc.",-1.87,-5.71,56,51,19,Health Care,Hospital/Nursing Management
NSP,"Insperity, Inc.",-2.74,16.67,74,59,54,Consumer Discretionary,Professional Services
TSIOF,361 Degrees International Limited,-4.14,-11.78,0,0,12,Consumer Cyclical,Footwear & Accessories
MUX,McEwen Inc.,-0.82,-10.07,37,24,75,Basic Materials,Precious Metals
CXM,"Sprinklr, Inc.",-1.56,-4.36,0,0,6,Technology,Computer Software: Prepackaged Software
LADR,Ladder Capital Corp,0.89,1.9,38,24,36,Real Estate,Real Estate Investment Trusts
ITRN,Ituran Location and Control Ltd.,1.71,14.57,81,65,89,Technology,Electronic Components
ATLCZ,Atlanticus Holdings Corporation 9.25% Senior Notes due 2029,-0.04,0.31,25,7,44,Finance,Finance: Consumer Services
FKRAF,Fiskars Oyj Abp,-0.06,-0.68,67,42,47,Consumer Cyclical,"Furnishings, Fixtures & Appliances"
EWIIF,EWIIF,0.27,20.65,95,84,93,Unknown,Unknown
CRSR,"Corsair Gaming, Inc.",5.54,30.09,39,35,79,Technology,Computer peripheral equipment
KDK,"Kodiak AI, Inc.",3.08,-23.09,6,1,7,Technology,EDP Services
ASST,"Strive, Inc.",-3.82,-12.54,16,5,12,Technology,Computer Software: Prepackaged Software
CSIQ,Canadian Solar Inc.,1.69,-2.34,12,0,65,Technology,Semiconductors
SPH,"Suburban Propane Partners, L.P.",-2.07,-18.95,0,0,19,Consumer Discretionary,Other Specialty Stores
PFBC,Preferred Bank,0.66,5.04,55,41,56,Finance,Major Banks
AUTLF,Austal Limited,0.34,2.08,48,39,7,Industrials,Aerospace & Defense
AGZNF,Aegean Airlines S.A.,0.0,-15.73,7,3,21,Industrials,Airlines
NBITF,NBITF,-0.77,-10.09,2,3,23,Unknown,Unknown
GUZOF,"Grupo Herdez, S.A.B. de C.V.",0.0,-19.56,1,0,8,Consumer Defensive,Packaged Foods
TROX,Tronox Holdings plc,-2.25,-7.15,17,0,77,Industrials,Major Chemicals
WVE,Wave Life Sciences Ltd.,3.53,-0.48,61,51,4,Health Care,Biotechnology: Pharmaceutical Preparations
PBTDF,Plover Bay Technologies Limited,0.0,13.35,91,74,90,Technology,Communication Equipment
SHAZ,SharonAI Holdings Inc.,8.99,84.48,100,100,97,Technology,EDP Services
AIIR,AIR Global PLC,1.45,-19.45,10,6,5,Consumer Discretionary,Tobacco
VLTAF,Voltalia SA,0.0,-7.58,6,3,52,Utilities,Utilities - Renewable
PGY,Pagaya Technologies Ltd.,3.93,16.22,89,79,27,Finance,Finance: Consumer Services
OILRF,Oil Refineries Ltd.,-2.89,-21.27,27,24,81,Energy,Oil & Gas Refining & Marketing
MPLT,"MapLight Therapeutics, Inc.",-1.34,3.63,49,40,87,Health Care,Biotechnology: Pharmaceutical Preparations
ENR,"Energizer Holdings, Inc.",7.76,29.72,100,100,53,Miscellaneous,Industrial Machinery/Components
HYLN,Hyliion Holdings Corp.,5.74,98.04,100,100,98,Consumer Discretionary,Construction/Ag Equipment/Trucks
WBTNF,Weebit Nano Limited,2.38,28.36,100,94,96,Technology,Semiconductors
HLF,Herbalife Ltd.,2.41,-5.33,42,31,41,Health Care,Other Pharmaceuticals
AMAL,Amalgamated Financial Corp.,1.81,7.46,76,56,79,Finance,Major Banks
ZMPLF,Zimplats Holdings Limited,0.0,-13.19,0,0,20,Basic Materials,Other Precious Metals & Mining
VTOL,Bristow Group Inc.,-0.19,-1.83,43,29,50,Consumer Discretionary,Transportation Services
ASM,Avino Silver & Gold Mines Ltd.,-4.25,-3.54,53,46,77,Basic Materials,Metal Mining
NPKI,NPK International Inc.,5.23,2.45,99,86,80,Consumer Discretionary,Oil and Gas Field Machinery
CHYCY,Chiyoda Corporation,0.0,-3.26,43,17,79,Industrials,Engineering & Construction
DMZPY,Domino's Pizza Enterprises Limited,0.0,0.16,6,3,16,Consumer Cyclical,Restaurants
EOS,Eaton Vance Enhanced Equity Income Fund II,1.14,-0.66,21,1,41,Finance,Trusts Except Educational Religious and Charitable
CTBI,"Community Trust Bancorp, Inc.",0.4,3.88,52,38,69,Finance,Major Banks
SILXF,Silex Systems Limited,3.54,8.78,45,37,63,Technology,Semiconductors
PSEC,Prospect Capital Corporation,0.45,1.99,0,0,21,Finance,Finance: Consumer Services
GOLD,"Gold.com, Inc.",-1.08,3.02,58,50,80,Industrials,Other Specialty Stores
EVEX,"Eve Holding, Inc.",0.0,-0.7,22,11,14,Industrials,Aerospace
SCL,Stepan Company,0.28,7.13,74,56,57,Consumer Discretionary,Package Goods/Cosmetics
PAHGF,Pets at Home Group Plc,0.0,18.3,59,54,25,Consumer Cyclical,Specialty Retail
ELKEF,Elkem ASA,0.0,11.73,75,52,76,Basic Materials,Specialty Chemicals
ATEC,"Alphatec Holdings, Inc.",6.92,6.92,100,100,4,Health Care,Medical/Dental Instruments
RPGSF,RPGSF,-4.74,-5.19,0,0,27,,
RZLV,Rezolve AI PLC,3.03,9.68,63,53,28,Technology,Computer Software: Programming Data Processing
DPZUF,Domino's Pizza Enterprises Limited,0.0,11.61,77,57,32,Consumer Cyclical,Restaurants
AAVVF,Advantage Energy Ltd.,0.14,-6.83,16,9,11,Energy,Oil & Gas E&P
ATUUF,Tenaz Energy Corp.,-1.99,-16.59,6,0,89,Energy,Oil & Gas E&P
TBN,Tamboran Resources Corporation,-2.75,-2.59,33,29,79,Energy,Oil & Gas Production
BYITY,Bytes Technology Group plc,-7.06,4.0,29,18,20,Technology,Software - Infrastructure
INGEF,Ingenia Communities Group,0.0,-5.51,20,7,22,Real Estate,REIT - Residential
HTLD,"Heartland Express, Inc.",0.77,2.92,2,0,88,Industrials,Trucking Freight/Courier Services
EVLV,"Evolv Technologies Holdings, Inc.",0.53,-4.07,0,0,24,Technology,Computer peripheral equipment
DBVT,DBV Technologies S.A.,-4.61,-16.24,0,0,56,Health Care,Biotechnology: Biological Products (No Diagnostic Substances)
ASTE,"Astec Industries, Inc.",5.55,15.24,100,100,67,Industrials,Construction/Ag Equipment/Trucks
CVHSY,Cablevisión Holding S.A.,0.0,2.04,20,9,60,Communication Services,Telecom Services
BV,"BrightView Holdings, Inc.",3.33,5.24,83,62,36,Consumer Discretionary,Business Services
WYFI,"WhiteFiber, Inc.",14.83,59.12,100,100,95,Finance,Finance: Consumer Services
FCEL,"FuelCell Energy, Inc.",19.96,18.89,77,71,97,Energy,Industrial Machinery/Components
AKTS,"Aktis Oncology, Inc.",2.38,26.59,100,99,63,Health Care,Biotechnology: Pharmaceutical Preparations
FLTCF,Filtronic plc,0.21,-23.65,54,51,95,Technology,Communication Equipment
HQH,Abrdn Healthcare Investors,1.46,4.13,100,86,72,Finance,Finance Companies
PRCH,"Porch Group, Inc.",1.06,27.1,100,94,75,Technology,Computer Software: Prepackaged Software
CIMN,CIMN,0.16,-0.08,29,9,43,Real Estate,Real Estate Investment Trusts
SHPPF,Redcare Pharmacy NV,0.0,43.43,97,92,23,Healthcare,Pharmaceutical Retailers
NWPX,"NWPX Infrastructure, Inc.",0.22,27.08,96,89,96,Industrials,Steel/Iron Ore
CSR,Centerspace,1.38,-17.03,1,0,27,Real Estate,Real Estate Investment Trusts
SVAUF,StorageVault Canada Inc.,0.0,12.0,84,62,36,Real Estate,Real Estate Services
LNRCF,LNRCF,-5.08,0.0,2,0,61,,
KSKGF,Kingsgate Consolidated Limited,-10.01,-3.38,54,49,88,Basic Materials,Gold
AMN,"AMN Healthcare Services, Inc.",-4.32,15.34,75,66,90,Consumer Discretionary,Professional Services
UPBD,"Upbound Group, Inc.",4.93,6.85,63,46,30,Consumer Discretionary,Diversified Commercial Services
MRCHF,"H.U. Group Holdings, Inc.",0.0,0.69,42,27,23,Healthcare,Diagnostics & Research
GRRMF,Gerresheimer AG,0.0,1.68,43,13,27,Healthcare,Medical Instruments & Supplies
MCB,Metropolitan Bank Holding Corp.,-0.05,2.48,59,47,68,Finance,Major Banks
MLKN,"MillerKnoll, Inc.",4.76,10.75,100,91,26,Consumer Discretionary,Office Equipment/Supplies/Services
ACDC,ProFrac Holding Corp.,-5.16,-21.68,2,0,55,Energy,Oilfield Services/Equipment
OPK,"OPKO Health, Inc.",0.71,15.45,69,49,55,Health Care,Biotechnology: Pharmaceutical Preparations
ORRAF,Orora Limited,0.0,0.0,31,10,6,Consumer Cyclical,Packaging & Containers
GPRE,Green Plains Inc.,2.0,-5.3,33,28,85,Industrials,Major Chemicals
GRRMY,Gerresheimer AG,0.0,0.0,31,10,20,Healthcare,Medical Instruments & Supplies
EVO,Evotec SE,-1.92,-9.86,0,0,15,Health Care,Biotechnology: Pharmaceutical Preparations
SBR,Sabine Royalty Trust,0.65,-6.31,12,7,41,Energy,Oil & Gas Production
TSHTY,Toshiba Tec Corporation,-0.75,-5.9,10,4,45,Technology,Computer Hardware
PXED,"Phoenix Education Partners, Inc.",2.07,6.56,49,28,28,Real Estate,Other Consumer Services
TMVWY,TeamViewer SE,0.0,-11.76,0,0,20,Technology,Software - Application
TMVWF,TeamViewer SE,0.0,7.73,72,50,34,Technology,Software - Application
CNMD,CONMED Corporation,1.46,-11.97,3,0,9,Health Care,Biotechnology: Electromedical & Electrotherapeutic Apparatus
LSDAF,Lassonde Industries Inc.,-3.43,-0.81,9,0,34,Consumer Defensive,Beverages - Non-Alcoholic
CII,"BlackRock Enhanced Large Cap Core Fund, Inc.",0.99,-0.68,9,0,67,Finance,Investment Bankers/Brokers/Service
SVRA,Savara Inc.,2.23,8.27,100,96,83,Health Care,Biotechnology: Pharmaceutical Preparations
TNLIY,Trainline plc,0.0,0.0,31,10,21,Consumer Cyclical,Travel Services
CRON,Cronos Group Inc.,1.5,1.5,48,30,52,Health Care,Medicinal Chemicals and Botanical Products
AMC,"AMC Entertainment Holdings, Inc.",6.39,86.18,100,100,91,Consumer Discretionary,Movies/Entertainment
OCSL,Oaktree Specialty Lending Corporation,0.17,1.05,30,16,33,Finance,Finance: Consumer Services
ALVO,Alvotech,0.13,18.79,72,65,9,Health Care,Biotechnology: Biological Products (No Diagnostic Substances)
IGIC,International General Insurance Holdings Ltd.,-2.38,-1.64,35,19,52,Finance,Property-Casualty Insurers
CRVS,"Corvus Pharmaceuticals, Inc.",-0.75,-2.3,33,19,89,Health Care,Biotechnology: Pharmaceutical Preparations
HBT,"HBT Financial, Inc.",1.51,7.56,71,55,66,Finance,Major Banks
BJCHF,Beijing Capital International Airport Company Limited,0.0,-14.29,3,1,2,Industrials,Airports & Air Services
AMPL,"Amplitude, Inc.",0.0,0.62,0,0,6,Technology,Computer Software: Prepackaged Software
JWLLF,Jamieson Wellness Inc.,0.0,7.26,88,72,40,Consumer Defensive,Packaged Foods
SAFT,"Safety Insurance Group, Inc.",-0.37,-1.93,46,31,30,Finance,Property-Casualty Insurers
ODC,Oil-Dri Corporation of America,2.28,28.51,80,70,88,Consumer Discretionary,Miscellaneous manufacturing industries
ETW,Eaton Vance Tax-Managed Global Buy-Write Opportunities Fund,0.43,2.22,74,25,55,Finance,Investment Managers
PLRRF,Polar Capital Holdings Plc,0.0,16.32,82,67,87,Financial Services,Asset Management
RERE,ATRenew Inc.,-1.26,-24.32,0,0,25,Consumer Discretionary,Other Specialty Stores
COGNY,Cogna Educação S.A.,0.0,-22.64,1,0,8,Consumer Defensive,Education & Training Services
BUR,Burford Capital Limited,2.72,-1.68,64,47,1,Finance,Finance: Consumer Services
OXBDF,Oxford Biomedica plc,0.0,-3.73,26,15,63,Healthcare,Biotechnology
KRNGF,Karoon Energy Ltd,0.0,-24.81,0,0,12,Energy,Oil & Gas E&P
GSBD,"Goldman Sachs BDC, Inc.",1.31,4.49,85,53,34,Finance,Investment Managers
VIRDY,VIRDY,0.0,-8.74,12,5,85,Energy,Oil & Gas Equipment & Services
NBN,Northeast Bank,1.47,3.72,67,50,72,Finance,Major Banks
GOOGL,Alphabet Inc,1.17,-5.31,35,25,83,Technology,Computer Software: Programming Data Processing
MSFT,Microsoft Corporation,0.13,-9.7,0,0,16,Technology,Computer Software: Prepackaged Software
TSM,Taiwan Semiconductor Manufacturing Company Limited,6.94,15.33,100,100,89,Technology,Semiconductors
MU,"Micron Technology, Inc.",8.7,54.92,100,100,98,Technology,Semiconductors
JPM,JPMorgan Chase & Co.,-2.47,7.7,74,64,54,Finance,Major Banks
ASML,ASML Holding N.V.,3.31,24.49,100,91,92,Technology,Industrial Machinery/Components
INTC,Intel Corporation,10.64,12.63,100,100,98,Technology,Semiconductors
TCEHY,Tencent Holdings Limited,0.66,-4.35,29,16,11,Communication Services,Internet Content & Information
COST,Costco Wholesale Corporation,-1.46,-11.41,14,6,35,Consumer Discretionary,Department/Specialty Retail Stores
ABBV,AbbVie Inc.,-2.14,1.97,29,15,44,Health Care,Biotechnology: Pharmaceutical Preparations
BACRP,Bank of America Corporation PFD SER B 7%,-0.41,-4.64,18,13,10,Unknown,Unknown
NFLX,Netflix Inc,0.55,-12.16,0,0,7,Consumer Discretionary,Consumer Electronics/Video Chains
IDCBF,Industrial and Commercial Bank of China Limited,0.0,-1.09,91,68,63,Financial Services,Banks - Diversified
GE,GE Aerospace,0.17,19.15,95,84,74,Technology,Consumer Electronics/Appliances
PG,The Procter & Gamble Company,-0.12,5.57,78,55,36,Consumer Discretionary,Package Goods/Cosmetics
ACGBF,Agricultural Bank of China Limited,0.0,-1.33,12,0,56,Financial Services,Banks - Diversified
HD,"The Home Depot, Inc.",2.08,8.44,94,78,28,Consumer Discretionary,RETAIL: Building Materials
GS,"The Goldman Sachs Group, Inc.",-0.23,12.14,89,75,83,Finance,Investment Bankers/Brokers/Service
BABA,Alibaba Group,-0.32,-19.62,0,0,11,Consumer Discretionary,Business Services
AZN,AstraZeneca PLC,-1.66,-6.68,0,0,41,Health Care,Biotechnology: Pharmaceutical Preparations
IBM,International Business Machines Corporation,-5.05,10.71,0,0,26,Technology,Computer Manufacturing
PM,Philip Morris International Inc.,-0.58,-5.42,41,27,49,Health Care,Medicinal Chemicals and Botanical Products
LVMHF,"LVMH Moët Hennessy - Louis Vuitton, Société Européenne",1.7,7.55,77,67,38,Consumer Cyclical,Luxury Goods
RY,Royal Bank of Canada,0.43,7.66,87,59,78,Finance,Commercial Banks
NSRGY,Nestlé S.A.,-0.15,-1.65,35,14,43,Consumer Defensive,Packaged Foods
NSRGF,Nestlé S.A.,1.0,-0.15,42,25,46,Consumer Defensive,Packaged Foods
SNDK,Sandisk Corporation,11.54,56.89,100,100,99,Technology,Electronic Components
RTX,RTX Corporation,-3.62,6.59,61,54,46,Industrials,Aerospace
LRLCY,L'Oréal S.A.,1.49,5.88,61,35,46,Consumer Defensive,Household & Personal Products
SHEL,Shell plc,-1.95,-8.3,0,0,39,Energy,Oil & Gas Production
KXHCF,KXHCF,4.17,99.45,100,100,99,,
KXIAY,KXIAY,9.05,89.71,100,100,99,Technology,Semiconductors
C,Citigroup Inc.,-0.5,14.61,90,80,83,Finance,Major Banks
MUFG,"Mitsubishi UFJ Financial Group, Inc.",1.59,7.55,100,92,79,Finance,Commercial Banks
TMUS,"T-Mobile US, Inc.",0.2,-3.95,40,22,16,Telecommunications,Telecommunications Equipment
ANET,"Arista Networks, Inc.",2.87,20.77,85,78,80,Telecommunications,Computer Communications Equipment
MCD,McDonald's Corporation,-1.84,0.08,41,22,23,Consumer Discretionary,Restaurants
HESAY,Hermès International Société en commandite par actions,2.63,6.79,100,87,18,Consumer Cyclical,Luxury Goods
TTE,TotalEnergies SE,-2.06,-13.09,0,0,60,Energy,Oil & Gas Production
ABBNY,ABB Ltd,2.68,4.63,100,78,86,Industrials,Electrical Equipment & Parts
BCDRF,"Banco Santander, S.A.",2.0,18.81,100,96,82,Financial Services,Banks - Diversified
SAN,"Banco Santander, S.A.",1.28,9.05,100,89,79,Finance,Commercial Banks
APH,Amphenol Corporation,1.77,33.25,100,97,81,Technology,Electrical Products
NEE,"NextEra Energy, Inc.",1.19,-1.0,61,42,50,Technology,EDP Services
RTNTF,Rio Tinto Group,0.0,2.88,38,6,85,Basic Materials,Other Industrial Metals & Mining
SBGSF,Schneider Electric S.E.,4.11,9.15,100,100,68,Industrials,Specialty Industrial Machinery
BLK,"BlackRock, Inc.",-0.69,0.42,77,58,41,Finance,Investment Bankers/Brokers/Service
GILD,"Gilead Sciences, Inc.",-1.35,-4.68,4,0,38,Health Care,Biotechnology: Biological Products (No Diagnostic Substances)
FRCOY,"Fast Retailing Co., Ltd.",1.76,9.78,100,92,84,Consumer Cyclical,Apparel Retail
BUDFF,Anheuser-Busch InBev SA/NV,0.0,0.03,63,42,68,Consumer Defensive,Beverages - Brewers
SCCO,Southern Copper Corporation,0.65,10.82,79,71,87,Basic Materials,Metal Mining
CRM,"Salesforce, Inc.",-2.09,-15.51,0,0,5,Technology,Computer Software: Prepackaged Software
ETN,Eaton Corporation plc,2.96,11.08,100,100,67,Technology,Industrial Machinery/Components
SCHW,The Charles Schwab Corporation,-2.97,1.76,65,53,33,Finance,Investment Bankers/Brokers/Service
HON,Honeywell International Inc.,0.17,5.35,72,54,50,Industrials,Aerospace
RLLCF,Rolls-Royce Holdings plc,0.0,-15.79,33,28,1,Industrials,Aerospace & Defense
PFE,Pfizer Inc.,-2.74,-2.25,4,0,38,Health Care,Biotechnology: Pharmaceutical Preparations
IBKR,"Interactive Brokers Group, Inc.",0.96,14.69,99,90,87,Finance,Investment Bankers/Brokers/Service
DE,Deere & Company,0.13,5.14,92,69,58,Industrials,Industrial Machinery/Components
CSUAY,China Shenhua Energy Company Limited,2.31,-4.7,11,0,41,Energy,Thermal Coal
BX,Blackstone Inc.,-0.98,5.96,79,70,24,Finance,Investment Managers
PNGAY,"Ping An Insurance (Group) Company of China, Ltd.",-2.12,-9.15,0,0,30,Financial Services,Insurance - Life
SMFNF,"Sumitomo Mitsui Financial Group, Inc.",6.54,18.33,100,100,85,Financial Services,Banks - Diversified
DBSDF,DBS Group Holdings Ltd,-1.68,5.16,49,23,66,Financial Services,Banks - Regional
CILJF,China Life Insurance Company Limited,-3.93,-7.09,41,39,62,Financial Services,Insurance - Life
BBVA,"Banco Bilbao Vizcaya Argentaria, S.A.",0.04,7.7,89,76,77,Finance,Commercial Banks
UNCFF,UniCredit S.p.A.,-1.35,9.66,80,67,74,Financial Services,Banks - Regional
DHR,Danaher Corporation,-0.33,3.54,25,11,20,Industrials,Industrial Machinery/Components
SONY,Sony Group Corporation,0.44,-10.91,4,1,14,Consumer Staples,Consumer Electronics/Appliances
IVSBF,Investor AB (publ),1.14,4.22,96,39,71,Financial Services,Asset Management
BNPQF,BNP Paribas SA,-0.72,13.76,89,80,78,Financial Services,Banks - Regional
UL,Unilever PLC,1.11,1.25,65,44,22,Consumer Discretionary,Package Goods/Cosmetics
AIQUF,L'Air Liquide S.A.,-0.27,-6.17,7,0,33,Basic Materials,Specialty Chemicals
CB,Chubb Limited,-1.39,-1.21,53,35,47,Finance,Property-Casualty Insurers
AIQUY,L'Air Liquide S.A.,0.6,-6.45,10,2,32,Basic Materials,Specialty Chemicals
EBBGF,Enbridge Inc.,0.28,1.08,49,22,45,Energy,Oil & Gas Midstream
BNPQY,BNP Paribas SA,0.66,11.19,96,80,72,Financial Services,Banks - Regional
ESOCF,Enel SpA,-0.77,0.26,62,37,59,Utilities,Utilities - Diversified
ISNPY,Intesa Sanpaolo S.p.A.,1.36,6.06,100,87,65,Financial Services,Banks - Regional
SYK,Stryker Corporation,2.21,-4.26,63,43,17,Health Care,Medical/Dental Instruments
MRAAF,"Murata Manufacturing Co., Ltd.",-5.44,83.66,85,82,98,Technology,Electronic Components
BYDDF,BYD Company Limited,-1.05,-10.79,0,0,8,Consumer Cyclical,Auto Manufacturers
ATEYY,Advantest Corporation,4.03,14.86,100,100,92,Technology,Semiconductor Equipment & Materials
VRTX,Vertex Pharmaceuticals Incorporated,-1.6,4.92,73,61,39,Health Care,Biotechnology: Pharmaceutical Preparations
PBR,Petróleo Brasileiro S.A. - Petrobras,-0.24,-14.88,0,0,60,Energy,Oil & Gas Production
MTSUY,Mitsubishi Corporation,-0.63,-18.0,0,0,53,Industrials,Conglomerates
AAIGF,AIA Group Limited,-0.21,-9.03,18,0,32,Financial Services,Insurance - Life
MZHOF,"Mizuho Financial Group, Inc.",6.67,20.46,100,100,87,Financial Services,Banks - Regional
ZURVY,Zurich Insurance Group AG,-0.7,-1.9,56,38,46,Financial Services,Insurance - Diversified
EQIX,"Equinix, Inc.",0.34,2.55,88,51,73,Real Estate,Real Estate Investment Trusts
SNYNF,Sanofi,0.0,0.19,80,58,28,Healthcare,Drug Manufacturers - General
SO,The Southern Company,0.61,-0.57,57,37,40,Utilities,Electric Utilities: Central
SPOT,Spotify Technology S.A.,2.74,8.02,11,2,11,Consumer Discretionary,Broadcasting
CM,Canadian Imperial Bank of Commerce,-1.05,-2.33,62,44,77,Finance,Commercial Banks
MAR,"Marriott International, Inc.",0.4,7.36,73,60,79,Consumer Discretionary,Hotels/Resorts
GPMXY,GPMXY,-11.25,2.12,9,0,39,Basic Materials,Other Industrial Metals & Mining
BNY,BNY,-1.67,4.72,59,38,79,Finance,Major Banks
AXAHF,AXA SA,-0.1,2.03,85,63,41,Financial Services,Insurance - Diversified
BRCFF,BRCFF,0.0,2.12,77,38,51,Financial Services,Asset Management
ITOCY,ITOCHU Corporation,0.43,-6.39,16,10,31,Industrials,Conglomerates
CAIXY,"CaixaBank, S.A.",-1.04,9.47,80,68,81,Financial Services,Banks - Regional
IBN,ICICI Bank Limited,0.18,8.8,93,81,26,Finance,Commercial Banks
ESLOF,EssilorLuxottica Société anonyme,2.92,1.14,57,51,8,Healthcare,Medical Instruments & Supplies
XIACF,Xiaomi Corporation,-1.59,-18.94,0,0,2,Technology,Consumer Electronics
XIACY,Xiaomi Corporation,-1.19,-18.83,0,0,2,Technology,Consumer Electronics
SNPS,"Synopsys, Inc.",-1.35,-8.7,9,4,38,Technology,Computer Software: Prepackaged Software
INTU,Intuit Inc.,-0.77,-30.46,0,0,1,Technology,Computer Software: Prepackaged Software
GLCNF,Glencore plc,-2.33,-0.26,0,0,85,Basic Materials,Other Industrial Metals & Mining
MITSF,"Mitsui & Co., Ltd.",0.0,-19.25,0,0,41,Industrials,Conglomerates
GLNCY,Glencore plc,-1.26,-1.65,0,0,85,Basic Materials,Other Industrial Metals & Mining
MIELF,Mitsubishi Electric Corporation,6.61,-1.5,31,25,79,Industrials,Electrical Equipment & Parts
CMCSA,Comcast Corporation,-1.15,-9.85,0,0,9,Telecommunications,Cable & Other Pay Television Services
SNOW,Snowflake Inc.,-0.95,39.12,60,56,62,Technology,Computer Software: Prepackaged Software
WBKCY,WBKCY,-7.1,-6.69,9,0,16,Financial Services,Banks - Diversified
WMB,"The Williams Companies, Inc.",2.62,-5.42,47,34,61,Utilities,Natural Gas Distribution
ITUB,Itaú Unibanco Holding S.A.,-2.26,-1.85,49,32,52,Finance,Major Banks
ATLFF,Atlas Copco AB (publ),0.0,-1.11,54,36,79,Industrials,Specialty Industrial Machinery
KKR,KKR & Co. Inc.,-0.16,2.83,80,61,17,Finance,Investment Managers
ELV,"Elevance Health, Inc.",-0.71,-1.55,14,7,68,Health Care,Medical Specialities
HOOD,"Robinhood Markets, Inc.",2.8,42.75,100,100,69,Finance,Investment Bankers/Brokers/Service
CSX,CSX Corporation,0.13,-0.37,26,6,75,Industrials,Railroads
ICE,"Intercontinental Exchange, Inc.",-0.53,-11.41,0,0,11,Finance,Investment Bankers/Brokers/Service
RKLB,Rocket Lab Corporation,-0.69,-20.14,8,4,95,Industrials,Military/Government/Technical
NGGTF,National Grid plc,0.32,-6.25,0,0,37,Utilities,Utilities - Regulated Electric
JCI,Johnson Controls International plc,0.84,5.42,73,56,69,Industrials,Industrial Machinery/Components
VCISY,Vinci SA,0.16,2.9,87,69,47,Industrials,Engineering & Construction
BE,Bloom Energy Corporation,15.41,16.51,100,100,98,Energy,Industrial Machinery/Components
EMR,Emerson Electric Co.,1.11,13.4,100,84,61,Technology,Consumer Electronics/Appliances
ABNB,"Airbnb, Inc.",1.33,5.06,100,85,50,Consumer Discretionary,Diversified Commercial Services
CVNA,Carvana Co.,5.89,2.54,35,30,34,Consumer Discretionary,Retail-Auto Dealers and Gas Stations
NGG,National Grid plc,-1.54,-3.77,8,0,44,Utilities,Natural Gas Distribution
LYG,Lloyds Banking Group plc,-0.18,2.03,78,60,65,Finance,Commercial Banks
CHGCF,"Chugai Pharmaceutical Co., Ltd.",-1.46,-10.18,15,11,19,Healthcare,Drug Manufacturers - General
MDLZ,"Mondelez International, Inc.",-1.22,-2.78,0,0,40,Consumer Staples,Packaged Foods
BAM,Brookfield Asset Management Ltd.,-1.13,-0.27,69,51,30,Consumer Discretionary,Other Consumer Services
MPWR,"Monolithic Power Systems, Inc.",7.97,0.67,47,39,90,Technology,Semiconductors
RCL,Royal Caribbean Cruises Ltd.,3.66,23.73,100,91,55,Consumer Discretionary,Marine Transportation
ANZGF,ANZ Group Holdings Limited,0.0,-2.34,31,10,54,Financial Services,Banks - Diversified
ROST,"Ross Stores, Inc.",-0.19,7.1,59,43,80,Consumer Discretionary,Clothing/Shoe/Accessory Stores
SU,Suncor Energy Inc.,-1.69,-17.89,0,0,59,Energy,Integrated oil Companies
CRH,CRH plc,1.67,9.65,89,70,46,Industrials,Building Materials
VOLVF,AB Volvo (publ),0.0,-4.35,10,1,52,Industrials,Farm & Heavy Construction Machinery
CNI,Canadian National Railway Company,-0.47,-0.65,0,0,61,Industrials,Railroads
VLVLY,AB Volvo (publ),1.36,-0.03,26,0,60,Industrials,Farm & Heavy Construction Machinery
OVCHF,Oversea-Chinese Banking Corporation Limited,0.0,4.95,95,88,81,Financial Services,Banks - Regional
TDG,TransDigm Group Incorporated,0.88,10.87,98,85,44,Industrials,Military/Government/Technical
DASH,"DoorDash, Inc.",4.71,7.92,100,100,18,Technology,EDP Services
TRPPF,TRPPF,0.0,-0.4,51,45,50,Unknown,Unknown
JPPTY,"JAPAN POST BANK Co., Ltd.",2.6,2.13,83,59,87,Financial Services,Banks - Regional
NSC,Norfolk Southern Corporation,-0.15,-3.77,0,0,51,Industrials,Railroads
JAPAF,Japan Tobacco Inc.,6.72,0.85,77,64,66,Consumer Defensive,Tobacco
AON,Aon plc,-2.74,-1.06,14,8,26,Finance,Specialty Insurers
MURGY,Münchener Rückversicherungs-Gesellschaft Aktiengesellschaft in München,-0.47,-5.87,47,36,18,Financial Services,Insurance - Reinsurance
SFBQF,SoftBank Corp.,0.0,4.0,37,26,25,Communication Services,Telecom Services
MKKGY,Merck KGaA,0.95,7.25,37,17,67,Healthcare,Drug Manufacturers - Specialty & Generic
NBNKF,Nordea Bank Abp,0.0,-4.76,5,2,38,Financial Services,Banks - Regional
BHKLY,BOC Hong Kong (Holdings) Limited,0.23,2.26,83,51,73,Financial Services,Banks - Regional
REGN,"Regeneron Pharmaceuticals, Inc.",0.33,-6.13,31,17,26,Health Care,Biotechnology: Pharmaceutical Preparations
NWG,NatWest Group plc,0.06,6.41,87,71,61,Finance,Commercial Banks
NU,Nu Holdings Ltd.,-1.4,-0.63,68,55,19,Finance,Finance: Consumer Services
URI,"United Rentals, Inc.",2.65,15.01,80,62,82,Consumer Discretionary,Diversified Commercial Services
PSTVY,"Postal Savings Bank of China Co., Ltd.",0.0,-7.14,52,41,30,Financial Services,Banks - Regional
NNFSF,"Nongfu Spring Co., Ltd.",-2.73,7.01,0,0,51,Consumer Defensive,Beverages - Non-Alcoholic
SMTOY,"Sumitomo Electric Industries, Ltd.",10.19,20.91,79,73,95,Consumer Cyclical,Auto Parts
STM,STMicroelectronics N.V.,6.86,20.73,93,82,96,Technology,Semiconductors
SMTOF,"Sumitomo Electric Industries, Ltd.",7.18,14.06,67,56,85,Consumer Cyclical,Auto Parts
WFAFF,Wesfarmers Limited,0.0,13.63,92,80,49,Consumer Cyclical,Home Improvement Retail
MCQEF,Macquarie Group Limited,0.0,-3.36,25,9,60,Financial Services,Capital Markets
DSDVY,DSV A/S,-1.91,-0.26,0,0,30,Industrials,Integrated Freight & Logistics
LDNXF,London Stock Exchange Group plc,-2.24,-8.67,9,5,31,Financial Services,Financial Data & Stock Exchanges
MBGYY,Mercedes-Benz Group AG,-5.43,-12.47,0,0,19,Consumer Cyclical,Auto Manufacturers
SCBFF,Standard Chartered PLC,-1.91,1.63,71,54,81,Financial Services,Banks - Diversified
SRE,Sempra,0.49,-0.84,59,37,45,Utilities,Natural Gas Distribution
PCAR,PACCAR Inc,1.37,6.55,81,61,58,Consumer Discretionary,Motor Vehicles
NGLOY,Anglo American plc,-1.78,3.56,31,1,85,Basic Materials,Other Industrial Metals & Mining
CRARF,Crédit Agricole S.A.,0.0,11.33,90,73,59,Financial Services,Banks - Regional
DSDVF,DSV A/S,-0.52,3.45,5,0,39,Industrials,Integrated Freight & Logistics
HPE,Hewlett Packard Enterprise Company,-1.64,40.68,63,60,94,Technology,Retail: Computer Software & Peripheral Equipment
NUE,Nucor Corporation,-3.47,8.05,38,24,89,Industrials,Steel/Iron Ore
NTIOF,National Bank of Canada,1.51,2.32,100,83,78,Financial Services,Banks - Diversified
SGAPY,Singapore Telecommunications Limited,-0.51,-15.09,10,6,26,Communication Services,Telecom Services
MSTR,Strategy Inc,-3.46,-32.13,0,0,2,Technology,Computer Software: Prepackaged Software
UCBJY,UCB SA,-0.66,3.14,11,0,60,Healthcare,Biotechnology
ORANY,Orange S.A.,-0.15,-7.85,0,0,61,Communication Services,Telecom Services
KBCSY,KBC Group NV,-0.44,5.45,80,65,65,Financial Services,Banks - Regional
EONGY,E.ON SE,-0.86,-2.95,19,6,49,Utilities,Utilities - Diversified
TRGP,Targa Resources Corp.,-0.83,-4.47,21,8,79,Utilities,Natural Gas Distribution
MARUY,Marubeni Corporation,1.88,-11.27,15,6,57,Industrials,Conglomerates
PCRFF,Panasonic Holdings Corporation,-2.93,29.27,81,73,94,Technology,Consumer Electronics
VWAPY,Volkswagen AG,-1.85,-6.37,0,0,19,Consumer Cyclical,Auto Manufacturers
VST,Vistra Corp.,3.1,13.72,98,83,23,Utilities,Electric Utilities: Central
PSA,Public Storage,1.77,6.01,69,51,60,Real Estate,Real Estate Investment Trusts
SSUMY,Sumitomo Corporation,-0.2,-9.85,12,1,74,Industrials,Conglomerates
CARR,Carrier Global Corporation,3.34,12.93,94,74,66,Industrials,Industrial Machinery/Components
BASFY,BASF SE,-2.32,-7.1,0,0,53,Basic Materials,Chemicals
FJIKY,FJIKY,28.49,30.96,100,100,95,Industrials,Conglomerates
MARUF,Marubeni Corporation,-0.29,-11.48,30,24,57,Industrials,Conglomerates
VLKAF,Volkswagen AG,-5.23,-0.41,9,0,23,Consumer Cyclical,Auto Manufacturers
LOBLY,LOBLY,0.0,5.41,17,11,45,Consumer Defensive,Grocery Stores
DBOEY,Deutsche Börse AG,-1.8,-6.7,5,2,35,Financial Services,Financial Data & Stock Exchanges
NTDOY,"Nintendo Co., Ltd.",-1.34,-7.79,11,1,3,Communication Services,Electronic Gaming & Multimedia
AJG,Arthur J. Gallagher & Co.,-0.94,5.48,54,39,16,Finance,Specialty Insurers
ASMXF,ASM International NV,4.17,24.43,100,100,93,Technology,Semiconductor Equipment & Materials
MT,ArcelorMittal S.A.,-2.49,0.4,0,0,88,Industrials,Steel/Iron Ore
DVN,Devon Energy Corporation,-1.08,-12.46,0,0,48,Energy,Oil & Gas Production
TAK,Takeda Pharmaceutical Company Limited,1.36,-6.29,42,32,30,Health Care,Biotechnology: Pharmaceutical Preparations
ABEV,Ambev S.A.,-0.64,-3.41,20,4,67,Consumer Staples,Beverages (Production/Distribution)
GDERF,GDERF,-7.71,6.67,39,32,61,Healthcare,Drug Manufacturers - Specialty & Generic
RNECY,Renesas Electronics Corporation,5.22,27.08,84,77,94,Technology,Semiconductors
SCGLF,Société Générale Société anonyme,0.0,8.29,92,82,75,Financial Services,Banks - Regional
GALDY,GALDY,-0.76,5.87,78,61,70,Healthcare,Drug Manufacturers - Specialty & Generic
RNECF,Renesas Electronics Corporation,4.6,28.14,64,56,93,Technology,Semiconductors
DRPRF,Dr. Ing. h.c. F. Porsche AG,0.0,4.0,71,42,65,Consumer Cyclical,Auto Manufacturers
INFY,Infosys Limited,-9.66,-15.44,0,0,5,Technology,EDP Services
AU,AngloGold Ashanti plc,-0.05,-0.89,66,51,78,Basic Materials,Precious Metals
ADSK,"Autodesk, Inc.",0.39,-20.44,0,0,5,Technology,Computer Software: Prepackaged Software
WUXIF,"WuXi AppTec Co., Ltd.",0.0,12.61,44,39,85,Healthcare,Diagnostics & Research
EBAY,eBay Inc.,0.32,-8.76,9,1,73,Consumer Discretionary,Business Services
AZO,"AutoZone, Inc.",0.16,-10.38,28,19,16,Consumer Discretionary,Auto & Home Supply Stores
EBKOF,Erste Group Bank AG,2.0,15.36,100,97,78,Financial Services,Banks - Regional
RWEOY,RWE Aktiengesellschaft,-0.06,-4.82,1,0,70,Utilities,Utilities - Diversified
WEICF,"Weichai Power Co., Ltd.",-1.59,-9.36,43,34,93,Consumer Cyclical,Auto Manufacturers
EXC,Exelon Corporation,0.55,3.06,62,36,40,Utilities,Power Generation
TYHOF,Toyota Tsusho Corporation,0.0,0.13,5,2,76,Industrials,Conglomerates
MSCI,MSCI Inc.,-2.63,-0.13,0,0,42,Consumer Discretionary,Business Services
DEO,Diageo plc,2.04,-5.49,28,20,27,Consumer Staples,Beverages (Production/Distribution)
DNBBF,DNB Bank ASA,-0.64,-2.98,47,30,47,Financial Services,Banks - Regional
HINKF,Heineken N.V.,0.0,4.38,64,41,39,Consumer Defensive,Beverages - Brewers
ORLNY,ORLNY,5.27,24.41,100,92,65,Energy,Oil & Gas Integrated
FITBP,Fifth Third Bancorp,0.25,1.53,66,32,36,Finance,Major Banks
GRMN,Garmin Ltd.,1.0,-0.94,35,4,46,Industrials,Industrial Machinery/Components
SEMHF,Siemens Healthineers AG,-0.78,-0.35,38,27,10,Healthcare,Medical Devices
WUXAY,"WuXi AppTec Co., Ltd.",7.05,3.66,100,100,78,Healthcare,Diagnostics & Research
FNV,Franco-Nevada Corporation,-3.38,-2.43,38,22,46,Basic Materials,Precious Metals
DSCSY,Disco Corporation,5.29,38.35,100,100,90,Technology,Semiconductor Equipment & Materials
DKILF,"Daikin Industries,Ltd.",1.6,4.39,78,69,73,Industrials,Building Products & Equipment
ANNSF,"Aena S.M.E., S.A.",1.18,11.03,100,88,53,Industrials,Airports & Air Services
FERG,Ferguson Enterprises Inc.,3.8,5.61,95,65,51,Miscellaneous,Miscellaneous
LZAGY,Lonza Group AG,-0.03,-2.35,0,0,28,Healthcare,Diagnostics & Research
DISPF,Disco Corporation,9.14,41.25,100,100,99,Technology,Semiconductor Equipment & Materials
ERIC,Telefonaktiebolaget LM Ericsson (publ),-0.09,-12.39,0,0,67,Technology,Radio And Television Broadcasting And Communications Equipment
DKILY,"Daikin Industries,Ltd.",0.82,-1.86,67,45,69,Industrials,Building Products & Equipment
BAYRY,Bayer Aktiengesellschaft,-1.4,-6.88,50,40,54,Healthcare,Drug Manufacturers - General
UNVGY,Universal Music Group N.V.,0.19,-9.11,26,20,23,Communication Services,Entertainment
DNKEY,Danske Bank A/S,-1.19,3.29,69,56,74,Financial Services,Banks - Regional
TLGPY,Telstra Group Limited,-0.56,-10.04,10,0,43,Communication Services,Telecom Services
ASAZF,ASSA ABLOY AB (publ),0.0,-10.09,6,3,35,Industrials,Security & Protection Services
VIK,Viking Holdings Ltd,2.6,16.9,100,100,87,Consumer Discretionary,Marine Transportation
CMG,"Chipotle Mexican Grill, Inc.",1.98,-1.43,89,74,16,Consumer Discretionary,Restaurants
IX,ORIX Corporation,1.31,3.93,100,77,85,Finance,Diversified Financial Services
UMGNF,Universal Music Group N.V.,-1.45,-10.28,14,11,19,Communication Services,Entertainment
BDX,"Becton, Dickinson and Company",1.67,-1.33,20,10,31,Health Care,Medical/Dental Instruments
HLNCF,Haleon plc,4.81,1.01,39,28,20,Healthcare,Drug Manufacturers - Specialty & Generic
HLN,Haleon plc,1.01,-3.45,47,31,21,Consumer Discretionary,Package Goods/Cosmetics
TYIDY,Toyota Industries Corporation,0.0,4.5,74,48,49,Industrials,Farm & Heavy Construction Machinery
SLF,Sun Life Financial Inc.,1.3,9.16,100,89,75,Finance,Life Insurance
ORXCF,ORIX Corporation,0.0,-0.52,20,0,83,Financial Services,Financial Conglomerates
PYPL,"PayPal Holdings, Inc.",1.02,-3.89,27,7,8,Industrials,Diversified Commercial Services
AIG,"American International Group, Inc.",-1.0,-4.51,35,25,28,Finance,Life Insurance
TKO,"TKO Group Holdings, Inc.",2.18,2.72,42,30,39,Consumer Discretionary,Services-Misc. Amusement & Recreation
LYV,"Live Nation Entertainment, Inc.",-0.16,4.14,77,57,56,Consumer Discretionary,Services-Misc. Amusement & Recreation
OTSKY,"Otsuka Holdings Co., Ltd.",2.0,-7.48,37,30,58,Healthcare,Drug Manufacturers - General
ADM,Archer-Daniels-Midland Company,-1.83,-3.16,0,0,70,Consumer Staples,Packaged Foods
KR,The Kroger Co.,-8.43,-17.57,0,0,14,Consumer Staples,Food Chains
DCNSF,"Daiichi Life Group, Inc.",0.0,9.73,89,66,70,Financial Services,Insurance - Life
HLBZF,Heidelberg Materials AG,-0.92,9.33,74,65,41,Basic Materials,Building Materials
PWCDF,Power Corporation of Canada,1.11,6.62,100,80,83,Financial Services,Insurance - Life
DLICY,"Daiichi Life Group, Inc.",0.98,7.18,99,87,80,Financial Services,Insurance - Life
DTRUY,Daimler Truck Holding AG,0.84,2.97,33,1,51,Industrials,Farm & Heavy Construction Machinery
SATS,EchoStar Corporation,-2.26,-23.01,0,0,91,Consumer Discretionary,Telecommunications Equipment
UAL,"United Airlines Holdings, Inc.",2.15,20.71,96,89,72,Consumer Discretionary,Air Freight/Delivery Services
ADRNY,Koninklijke Ahold Delhaize N.V.,-1.81,-9.54,0,0,25,Consumer Defensive,Grocery Stores
VMC,Vulcan Materials Company,2.72,15.26,100,93,55,Industrials,Mining & Quarrying of Nonmetallic Minerals (No Fuels)
HUM,Humana Inc.,-0.37,18.6,73,66,90,Health Care,Medical Specialities
PPRUY,Kering SA,5.56,10.79,100,98,59,Consumer Cyclical,Luxury Goods
TSCDY,Tesco PLC,-0.99,-3.75,36,25,36,Consumer Defensive,Grocery Stores
AHODF,Koninklijke Ahold Delhaize N.V.,-3.39,-3.59,56,41,29,Consumer Defensive,Grocery Stores
AXON,"Axon Enterprise, Inc.",0.09,6.26,32,27,6,Industrials,Ordnance And Accessories
NIPNF,NEC Corporation,3.95,-1.57,54,50,18,Technology,Information Technology Services
PUK,Prudential plc,0.0,-14.27,23,11,31,Finance,Life Insurance
FRFHF,Fairfax Financial Holdings Limited,-0.32,-2.23,52,35,22,Financial Services,Insurance - Property & Casualty
NHOLF,"Sompo Holdings, Inc.",0.0,2.57,32,15,56,Financial Services,Insurance - Property & Casualty
PSZKY,Powszechna Kasa Oszczednosci Bank Polski Spólka Akcyjna,4.0,13.86,100,100,82,Financial Services,Banks - Regional
DTGHF,Daimler Truck Holding AG,-1.64,4.61,41,19,51,Industrials,Farm & Heavy Construction Machinery
SHNDY,Schindler Holding AG,0.56,-0.35,61,26,25,Industrials,Specialty Industrial Machinery
JD,"JD.com, Inc.",-1.22,-15.06,0,0,25,Consumer Discretionary,Other Specialty Stores
GFI,Gold Fields Limited,-0.75,-5.09,62,47,50,Basic Materials,Precious Metals
MLM,"Martin Marietta Materials, Inc.",3.05,12.55,100,94,42,Industrials,Mining & Quarrying of Nonmetallic Minerals (No Fuels)
GFIOF,Gold Fields Limited,0.0,-18.64,3,2,84,Basic Materials,Gold
HNDAF,"Honda Motor Co., Ltd.",1.28,-3.0,14,1,23,Consumer Cyclical,Auto Manufacturers
ADYYF,Adyen N.V.,3.58,-9.51,43,34,7,Technology,Software - Infrastructure
BBDO,Banco Bradesco S.A.,0.0,-5.65,0,0,37,Finance,Major Banks
VOD,Vodafone Group Public Limited Company,-1.58,-4.41,0,0,64,Telecommunications,Telecommunications Equipment
SAABF,Saab AB (publ),0.07,-3.29,13,11,24,Industrials,Aerospace & Defense
SHLRF,Schindler Holding AG,0.0,1.66,30,6,22,Industrials,Specialty Industrial Machinery
QSR,Restaurant Brands International Inc.,-0.98,-4.04,46,30,46,Consumer Discretionary,Restaurants
RDDT,"Reddit, Inc.",5.43,19.25,83,72,43,Technology,EDP Services
RBLX,Roblox Corporation,7.31,12.54,100,100,4,Technology,Computer Software: Prepackaged Software
LVS,Las Vegas Sands Corp.,1.23,-1.81,2,0,24,Consumer Discretionary,Hotels/Resorts
GVDBF,Givaudan SA,1.56,18.56,99,83,38,Basic Materials,Specialty Chemicals
HBANP,Huntington Bancshares Incorporated,0.37,-2.52,26,9,27,Finance,Major Banks
HBANL,Huntington Bancshares Incorporated,0.12,0.12,34,11,39,Finance,Major Banks
ALC,Alcon Inc.,0.84,-3.86,24,12,13,Health Care,Ophthalmic Goods
DNZOY,DENSO Corporation,1.18,2.56,82,54,24,Consumer Cyclical,Auto Parts
FNLPF,Fresnillo plc,-7.19,-7.31,30,17,75,Basic Materials,Other Precious Metals & Mining
KYOCF,Kyocera Corporation,0.0,29.3,73,71,92,Industrials,Conglomerates
CMXHF,CSL Limited,1.89,2.99,77,61,4,Healthcare,Biotechnology
TS,Tenaris S.A.,-3.2,-5.72,0,0,79,Industrials,Steel/Iron Ore
KMB,Kimberly-Clark Corporation,1.07,6.58,82,62,29,Consumer Discretionary,Containers/Packaging
MLYBY,Malayan Banking Berhad,0.73,-6.9,68,58,40,Financial Services,Banks - Regional
AVIFY,Advanced Info Service Public Company Limited,0.42,5.5,96,87,68,Communication Services,Telecom Services
SBGOF,Standard Bank Group Limited,0.0,14.24,95,80,78,Financial Services,Banks - Regional
FANDF,FirstRand Limited,0.0,3.13,40,20,98,Financial Services,Banks - Diversified
FANDY,FirstRand Limited,0.0,16.65,91,78,73,Financial Services,Banks - Diversified
DSNKY,"Daiichi Sankyo Company, Limited",4.19,2.36,100,85,11,Healthcare,Drug Manufacturers - General
SXYAY,Sika AG,3.28,14.86,100,100,47,Basic Materials,Specialty Chemicals
ACGLO,Arch Capital Group Ltd.,0.31,-2.19,23,6,29,Finance,Property-Casualty Insurers
SGBLY,Standard Bank Group Limited,2.1,6.84,100,96,79,Financial Services,Banks - Regional
TLLXY,Talanx AG,2.27,-0.27,65,44,34,Financial Services,Insurance - Diversified
TGOPF,3i Group plc,-5.56,-1.12,30,23,4,Financial Services,Asset Management
AJINF,"Ajinomoto Co., Inc.",22.92,10.68,100,100,85,Consumer Defensive,Packaged Foods
NTRS,Northern Trust Corporation,-1.62,4.19,66,49,79,Finance,Major Banks
HENOY,Henkel AG & Co. KGaA,-0.63,7.21,84,71,44,Consumer Defensive,Household & Personal Products
MITEY,"Mitsubishi Estate Co., Ltd.",-1.05,0.63,55,38,42,Real Estate,Real Estate - Diversified
SVNDY,"Seven & i Holdings Co., Ltd.",0.25,-1.71,59,40,18,Consumer Defensive,Grocery Stores
QIHCF,"Haier Smart Home Co., Ltd.",0.0,9.01,71,44,58,Consumer Cyclical,"Furnishings, Fixtures & Appliances"
AMRZ,AMRZ,2.05,10.7,97,78,40,Industrials,Building Materials
VG,VG,-0.27,-21.35,0,0,29,Utilities,Oil/Gas Transmission
NSKFF,Kongsberg Gruppen ASA,3.0,-12.92,14,3,40,Industrials,Aerospace & Defense
SVNLF,Svenska Handelsbanken AB (publ),0.0,2.78,78,54,43,Financial Services,Banks - Diversified
VEOEF,Veolia Environnement SA,-0.7,4.15,58,27,64,Industrials,Waste Management
SVNLY,Svenska Handelsbanken AB (publ),0.27,1.24,79,53,68,Financial Services,Banks - Diversified
GBOOY,"Grupo Financiero Banorte, S.A.B. de C.V.",0.02,6.45,88,71,63,Financial Services,Banks - Regional
DASTY,Dassault Systèmes SE,-0.71,-16.34,0,0,8,Technology,Software - Application
POPMF,POPMF,-3.65,10.8,73,72,4,,
BIIB,Biogen Inc.,-1.05,4.68,62,44,70,Health Care,Biotechnology: Biological Products (No Diagnostic Substances)
SHG,"Shinhan Financial Group Co., Ltd.",-1.39,3.78,55,45,71,Finance,Major Banks
CQP,"Cheniere Energy Partners, L.P.",-2.85,-10.24,0,0,37,Utilities,Oil/Gas Transmission
TSEM,Tower Semiconductor Ltd.,7.34,8.42,98,89,98,Technology,Semiconductors
DXCM,"DexCom, Inc.",1.74,1.44,25,11,36,Health Care,Medical/Dental Instruments
CASY,"Casey's General Stores, Inc.",-1.01,-1.2,51,42,83,Consumer Discretionary,Retail-Auto Dealers and Gas Stations
KHNGF,Kuehne + Nagel International AG,0.0,8.11,48,34,46,Industrials,Integrated Freight & Logistics
HNNMY,H & M Hennes & Mauritz AB (publ),2.64,2.04,46,28,45,Consumer Cyclical,Apparel Manufacturing
REPYY,"Repsol, S.A.",-1.2,-5.8,0,0,71,Energy,Oil & Gas Integrated
SAXPY,Sampo Oyj,-1.8,-3.09,28,11,30,Financial Services,Insurance - Diversified
SYM,Symbotic Inc.,3.76,-16.57,8,3,20,Industrials,Industrial Machinery/Components
VWDRY,Vestas Wind Systems A/S,0.0,-12.48,18,10,72,Industrials,Specialty Industrial Machinery
LDSVF,Chocoladefabriken Lindt & Sprüngli AG,0.0,-6.39,0,0,8,Consumer Defensive,Confectioners
AMADY,"Amadeus IT Group, S.A.",-0.03,-3.58,0,0,18,Technology,Information Technology Services
RMD,ResMed Inc.,1.26,-10.12,28,20,9,Health Care,Medical/Dental Instruments
IMBBF,IMBBF,-1.4,-5.01,8,1,17,Consumer Defensive,Tobacco
PGPHF,Partners Group Holding AG,-0.92,-24.37,0,0,7,Financial Services,Asset Management
KHNGY,Kuehne + Nagel International AG,-0.89,3.02,12,0,48,Industrials,Integrated Freight & Logistics
BRDCY,Bridgestone Corporation,-1.74,1.71,50,15,33,Consumer Cyclical,Auto Parts
SAXPF,Sampo Oyj,0.0,5.55,58,40,31,Financial Services,Insurance - Diversified
SGGKF,Singapore Technologies Engineering Ltd,0.0,7.16,65,33,69,Industrials,Aerospace & Defense
EXPE,"Expedia Group, Inc.",0.6,10.95,92,76,49,Consumer Discretionary,Transportation Services
REPYF,"Repsol, S.A.",-3.39,-9.06,1,0,70,Energy,Oil & Gas Integrated
MDB,"MongoDB, Inc.",-0.58,1.1,37,33,64,Technology,Computer Software: Prepackaged Software
BESVF,BE Semiconductor Industries N.V.,7.52,30.02,100,100,94,Technology,Semiconductor Equipment & Materials
ANPDY,ANTA Sports Products Limited,-0.45,-8.01,0,0,14,Consumer Cyclical,Leisure
YZCAY,Yankuang Energy Group Company Limited,-1.69,-8.72,0,0,54,Energy,Thermal Coal
FTAIM,FTAI Aviation Ltd.,-0.07,1.81,41,17,42,Industrials,Misc Corporate Leasing Services
VWSYF,Vestas Wind Systems A/S,-2.29,-14.48,14,5,70,Industrials,Specialty Industrial Machinery
ANPDF,ANTA Sports Products Limited,0.0,-0.83,22,8,14,Consumer Cyclical,Leisure
P,"Everpure, Inc.",2.67,-4.26,31,19,56,Technology,Electronic Components
WNGRF,George Weston Limited,-1.27,5.87,56,38,51,Consumer Defensive,Grocery Stores
ZTCOF,ZTE Corporation,0.0,40.74,90,81,64,Technology,Communication Equipment
MTSFF,"Mitsui Fudosan Co., Ltd.",0.0,-9.62,70,57,17,Real Estate,Real Estate - Diversified
GELHY,Geely Automobile Holdings Limited,-3.08,-5.04,29,20,45,Consumer Cyclical,Auto Manufacturers
NVZMF,Novozymes A/S,-0.75,4.2,46,30,33,Basic Materials,Specialty Chemicals
ALPMY,Astellas Pharma Inc.,1.13,-7.5,14,8,48,Healthcare,Drug Manufacturers - General
FQVLF,First Quantum Minerals Ltd.,-2.48,18.28,64,57,86,Basic Materials,Copper
CAJPY,Canon Inc.,-0.18,2.56,67,30,27,Technology,Computer Hardware
LNDMY,Lundin Mining Corporation,0.0,-1.78,10,4,28,Basic Materials,Copper
FOXA,Fox Corporation,1.77,-18.56,2,0,19,Industrials,Broadcasting
PHG,Koninklijke Philips N.V.,2.06,0.15,74,53,47,Health Care,Medical Electronics
NTOIF,Neste Oyj,0.0,-7.12,1,0,86,Energy,Oil & Gas Refining & Marketing
NTOIY,Neste Oyj,0.0,-7.48,0,0,83,Energy,Oil & Gas Refining & Marketing
EXXRF,Exor N.V.,0.0,-1.16,6,0,19,Industrials,Farm & Heavy Construction Machinery
BKRKY,PT Bank Rakyat Indonesia (Persero) Tbk,-3.71,-3.82,71,60,10,Financial Services,Banks - Regional
AVVIY,AVVIY,-1.0,0.12,68,47,37,Financial Services,Insurance - Diversified
AFRM,"Affirm Holdings, Inc.",4.51,10.13,94,81,73,Finance,Finance: Consumer Services
SFHOY,SFHOY,-0.81,-10.6,0,0,11,Industrials,Integrated Freight & Logistics
PUBGY,Publicis Groupe S.A.,-1.92,4.24,60,43,49,Communication Services,Advertising Agencies
THNBY,THNBY,1.31,291.41,100,100,98,Unknown,Unknown
NHYKF,Norsk Hydro ASA,-2.14,-8.45,0,0,82,Basic Materials,Aluminum
SZKMY,Suzuki Motor Corporation,0.25,7.83,88,65,25,Consumer Cyclical,Auto Manufacturers
AIBRF,AIB Group plc,0.0,6.89,85,64,74,Financial Services,Banks - Regional
AONNY,"Aeon Co., Ltd.",-2.26,-14.0,3,0,4,Consumer Cyclical,Department Stores
HXGBF,Hexagon AB (publ),0.0,-20.0,20,18,12,Technology,Scientific & Technical Instruments
FUJIF,FUJIFILM Holdings Corporation,0.0,1.91,62,39,32,Industrials,Conglomerates
FMX,"Fomento Económico Mexicano, S.A.B. de C.V.",0.72,4.05,71,59,72,Consumer Staples,Beverages (Production/Distribution)
WRTBY,Wärtsilä Oyj Abp,-0.51,-3.35,34,28,70,Industrials,Specialty Industrial Machinery
BG,Bunge Global SA,-3.07,-5.58,0,0,62,Consumer Staples,Packaged Foods
ATI,ATI Inc.,2.28,30.97,97,88,92,Industrials,Steel/Iron Ore
MTD,Mettler-Toledo International Inc.,1.36,5.74,60,32,24,Industrials,Biotechnology: Laboratory Analytical Instruments
BNNCY,Banco BPM S.p.A.,0.0,22.32,95,88,71,Financial Services,Banks - Regional
CPAY,"Corpay, Inc.",-2.28,-1.48,0,0,57,Consumer Discretionary,Business Services
WTW,Willis Towers Watson Public Limited Company,-1.86,0.45,32,17,14,Finance,Specialty Insurers
NXT,Nextpower Inc.,2.1,0.38,26,17,85,Industrials,Industrial Machinery/Components
LSRCF,Lasertec Corporation,0.0,39.23,97,92,89,Technology,Semiconductor Equipment & Materials
SOFI,"SoFi Technologies, Inc.",2.81,14.15,84,74,24,Finance,Finance: Consumer Services
NRSCF,"Nomura Holdings, Inc.",0.0,6.14,90,77,67,Financial Services,Capital Markets
AER,AerCap Holdings N.V.,0.65,4.02,96,82,57,Consumer Discretionary,Diversified Commercial Services
INSM,Insmed Incorporated,-2.69,-11.22,6,0,5,Health Care,Biotechnology: Pharmaceutical Preparations
ALFVY,Alfa Laval AB (publ),0.98,-1.08,68,46,65,Industrials,Specialty Industrial Machinery
SZKMF,Suzuki Motor Corporation,0.0,8.12,34,12,27,Consumer Cyclical,Auto Manufacturers
CJPRF,Central Japan Railway Company,0.0,-17.78,6,3,98,Industrials,Railroads
IHG,InterContinental Hotels Group PLC,0.21,10.26,93,81,80,Consumer Discretionary,Hotels/Resorts
WRTBF,Wärtsilä Oyj Abp,0.0,2.77,24,12,71,Industrials,Specialty Industrial Machinery
HPGLY,Hapag-Lloyd Aktiengesellschaft,-0.05,-0.73,31,15,13,Industrials,Marine Shipping
AKRBY,Aker BP ASA,-4.99,-9.85,0,0,60,Energy,Oil & Gas E&P
FCNCN,"First Citizens BancShares, Inc. Depositary Shares, each representing a 1/40th interest in a share of 6.625% Non-Cumulative Perpetual Preferred Stock, Series E",0.56,2.81,65,31,41,Finance,Major Banks
IREN,IREN Limited,3.18,13.75,47,36,96,Technology,EDP Services
CLLNY,"Cellnex Telecom, S.A.",-1.04,-4.26,17,6,31,Real Estate,Real Estate Services
ZS,"Zscaler, Inc.",0.38,-28.43,0,0,3,Technology,EDP Services
SGSOY,SGSOY,1.53,1.43,70,40,50,Industrials,Consulting Services
CMS,CMS Energy Corporation,0.1,0.59,61,41,38,Utilities,Power Generation
CAOVF,China Overseas Land & Investment Limited,0.0,0.0,31,10,69,Real Estate,Real Estate - Development
TRUMF,Terumo Corporation,0.0,26.03,78,66,39,Healthcare,Medical Instruments & Supplies
NNGPF,NN Group N.V.,0.0,2.09,46,30,71,Financial Services,Insurance - Diversified
EMBVF,"Arca Continental, S.A.B. de C.V.",0.0,-2.51,27,20,58,Consumer Defensive,Beverages - Non-Alcoholic
BDRXF,Bombardier Inc.,0.0,-2.72,85,76,42,Industrials,Aerospace & Defense
FUWAF,"Furukawa Electric Co., Ltd.",0.0,-18.51,3,2,98,Industrials,Electrical Equipment & Parts
NI,NiSource Inc.,1.05,0.51,76,48,56,Utilities,Power Generation
IPOAF,"Industrias Peñoles, S.A.B. de C.V.",0.0,-7.51,26,19,76,Basic Materials,Other Industrial Metals & Mining
BDRAF,Bombardier Inc.,-4.11,3.64,11,0,90,Industrials,Aerospace & Defense
LPLA,LPL Financial Holdings Inc.,-3.46,3.68,69,59,21,Finance,Investment Bankers/Brokers/Service
CAOVY,China Overseas Land & Investment Limited,-16.75,-14.2,0,0,41,Real Estate,Real Estate - Development
PPERF,PT Bank Mandiri (Persero) Tbk,0.0,-21.35,10,6,4,Financial Services,Banks - Regional
FFIV,"F5, Inc.",0.16,0.8,24,3,78,Telecommunications,Computer Communications Equipment
DGX,Quest Diagnostics Incorporated,-1.4,0.65,26,13,44,Health Care,Medical Specialities
SW,Smurfit Westrock Plc,1.8,19.04,100,91,58,Consumer Discretionary,Containers/Packaging
VIV,Telefônica Brasil S.A.,-2.85,-7.26,0,0,35,Telecommunications,Telecommunications Equipment
LH,Labcorp Holdings Inc.,-1.44,-0.35,10,0,30,Health Care,Medical Specialities
SHWDY,Resonac Holdings Corporation,6.66,17.96,100,100,97,Basic Materials,Chemicals
VONOY,Vonovia SE,0.43,-4.14,25,4,18,Real Estate,Real Estate Services
FOJCF,Fortum Oyj,-1.5,-3.49,0,0,62,Utilities,Utilities - Renewable
NXGPF,NEXT plc,3.17,11.65,100,76,46,Consumer Cyclical,Apparel Retail
SNX,TD SYNNEX Corporation,0.26,23.36,96,88,93,Technology,Retail: Computer Software & Peripheral Equipment
FOJCY,Fortum Oyj,1.56,-4.19,4,0,53,Utilities,Utilities - Renewable
CCHGY,Coca-Cola HBC AG,-0.79,6.31,72,55,62,Consumer Defensive,Beverages - Non-Alcoholic
WWD,"Woodward, Inc.",-1.09,20.79,91,85,85,Energy,Industrial Machinery/Components
ALB,Albemarle Corporation,-3.73,-5.55,36,23,88,Industrials,Major Chemicals
EXPD,"Expeditors International of Washington, Inc.",0.44,2.36,40,24,66,Industrials,Integrated Freight & Logistics
AS,"Amer Sports, Inc.",4.93,5.71,100,82,41,Consumer Discretionary,Apparel
TLSNF,Telia Company AB (publ),0.0,-1.29,31,10,72,Communication Services,Telecom Services
TLSNY,Telia Company AB (publ),-1.57,-7.58,0,0,65,Communication Services,Telecom Services
BURL,"Burlington Stores, Inc.",1.87,8.63,79,67,70,Consumer Discretionary,Department/Specialty Retail Stores
KUBTY,Kubota Corporation,0.22,4.56,70,51,75,Industrials,Farm & Heavy Construction Machinery
ELCPF,"EDP, S.A.",3.12,2.9,39,26,50,Utilities,Utilities - Diversified
VLTO,Veralto Corporation,1.51,-2.52,44,26,18,Industrials,Electrical Products
LSCC,Lattice Semiconductor Corporation,9.91,10.8,100,99,94,Technology,Semiconductors
BSBR,Banco Santander (Brasil) S.A.,-3.17,-5.97,0,0,25,Finance,Commercial Banks
ULS,UL Solutions Inc.,-2.94,-10.3,0,0,66,Health Care,Precision Instruments
LGGNY,Legal & General Group Plc,0.57,6.98,94,77,70,Financial Services,Asset Management
CDE,"Coeur Mining, Inc.",-0.11,-1.13,50,36,64,Basic Materials,Precious Metals
LGGNF,Legal & General Group Plc,-4.18,11.21,55,37,47,Financial Services,Asset Management
FYGGY,"Fuyao Glass Industry Group Co., Ltd.",5.74,-0.57,58,40,30,Consumer Cyclical,Auto Parts
DD,"DuPont de Nemours, Inc.",-0.5,0.97,43,9,77,Industrials,Major Chemicals
RBA,"RB Global, Inc.",3.03,6.07,99,80,47,Consumer Discretionary,Business Services
CXMSF,"CEMEX, S.A.B. de C.V.",0.0,0.0,72,56,79,Basic Materials,Building Materials
JMHLY,Jardine Matheson Holdings Limited,1.8,-9.84,16,3,39,Industrials,Conglomerates
KNRRY,Knorr-Bremse AG,0.68,0.74,93,61,61,Consumer Cyclical,Auto Parts
IFF,International Flavors & Fragrances Inc.,1.41,3.62,72,58,60,Industrials,Major Chemicals
SAUHY,Straumann Holding AG,3.02,17.7,100,100,66,Healthcare,Medical Instruments & Supplies
SNA,Snap-on Incorporated,1.57,6.59,81,55,60,Consumer Discretionary,Industrial Machinery/Components
HLDCY,Henderson Land Development Company Limited,-0.61,-18.14,0,0,21,Real Estate,Real Estate - Diversified
WSPOF,WSP Global Inc.,-0.65,-10.61,0,0,5,Industrials,Engineering & Construction
NPSCY,Nippon Steel Corporation,1.14,1.72,81,60,8,Basic Materials,Steel
BCH,Banco de Chile,-0.1,5.96,89,77,70,Finance,Commercial Banks
NATKY,National Atomic Company Kazatomprom JSC,0.0,1.89,22,9,62,Energy,Uranium
IVBXF,"Innovent Biologics, Inc.",4.18,-3.3,38,29,24,Healthcare,Biotechnology
KGHPF,KGHM Polska Miedz S.A.,0.0,7.46,91,78,93,Basic Materials,Copper
CABGY,Carlsberg A/S,-0.86,-4.17,15,5,37,Consumer Defensive,Beverages - Brewers
GXYEF,Galaxy Entertainment Group Limited,6.22,1.13,45,34,21,Consumer Cyclical,Resorts & Casinos
ARXS,"Arxis, Inc.",7.81,26.11,75,69,55,Industrials,Military/Government/Technical
WLMIF,Wilmar International Limited,-2.15,-7.14,29,20,59,Consumer Defensive,Packaged Foods
HALFF,HAL Trust,-1.84,-2.47,0,0,55,Financial Services,Asset Management
CIB,Grupo Cibest S.A.,1.89,24.28,96,87,84,Finance,Commercial Banks
TIIAY,Telecom Italia S.p.A.,-0.73,30.0,93,88,93,Communication Services,Telecom Services
GIS,"General Mills, Inc.",0.18,-0.59,52,34,9,Consumer Staples,Packaged Foods
KAJMY,Kajima Corporation,0.32,4.93,68,64,57,Industrials,Engineering & Construction
VDMCY,Vodacom Group Limited,2.2,-0.09,61,29,61,Communication Services,Telecom Services
AMCR,Amcor plc,0.76,9.65,94,78,38,Consumer Discretionary,Miscellaneous manufacturing industries
APG,APi Group Corporation,1.75,1.19,58,40,57,Consumer Discretionary,Engineering & Construction
DNGFF,Dongfang Electric Corporation Limited,4.88,-34.45,8,5,91,Industrials,Specialty Industrial Machinery
BR,"Broadridge Financial Solutions, Inc.",-1.45,-7.15,0,0,4,Consumer Discretionary,Business Services
UFGSY,Unipol Assicurazioni S.p.A.,-10.32,6.19,49,45,75,Financial Services,Insurance - Property & Casualty
PL,Planet Labs PBC,0.04,-33.83,0,0,95,Technology,Radio And Television Broadcasting And Communications Equipment
SOAGY,Sartorius Aktiengesellschaft,-3.9,-6.16,0,0,34,Healthcare,Medical Instruments & Supplies
WY,Weyerhaeuser Company,-0.04,5.54,59,37,40,Real Estate,Real Estate Investment Trusts
SIELF,"Shanghai Electric Group Co., Ltd.",0.0,-13.45,8,4,75,Industrials,Specialty Industrial Machinery
BDNNY,Boliden AB (publ),-0.93,5.74,59,45,80,Basic Materials,Other Industrial Metals & Mining
WLMIY,Wilmar International Limited,0.54,-3.88,80,53,54,Consumer Defensive,Packaged Foods
ESS,"Essex Property Trust, Inc.",-0.25,-0.48,16,1,48,Real Estate,Real Estate Investment Trusts
GXYYY,Galaxy Entertainment Group Limited,-1.37,-7.41,0,0,15,Consumer Cyclical,Resorts & Casinos
ITT,ITT Inc.,3.0,2.0,76,56,56,Industrials,Fluid Controls
KAOOY,Kao Corporation,-0.39,2.28,76,45,23,Consumer Defensive,Household & Personal Products
WXIBF,WuXi Biologics (Cayman) Inc.,-9.09,-4.31,0,0,27,Healthcare,Biotechnology
AARTY,Airtel Africa Plc,0.86,9.3,94,71,96,Communication Services,Telecom Services
BKZHY,Erste Bank Polska S.A.,0.0,5.4,93,85,83,Unknown,Unknown
AAFRF,Airtel Africa Plc,6.02,18.07,100,100,84,Communication Services,Telecom Services
GH,"Guardant Health, Inc.",2.07,14.62,81,57,92,Health Care,Medical Specialities
YAHOF,LY Corporation,0.0,-11.39,0,0,14,Consumer Cyclical,Internet Retail
H,H,0.1,16.78,94,82,81,Consumer Discretionary,Hotels/Resorts
JBARF,Julius Bär Gruppe AG,0.0,-3.25,57,39,66,Financial Services,Asset Management
KGSPF,Kingspan Group plc,0.0,17.57,94,84,68,Industrials,Building Products & Equipment
WES,"Western Midstream Partners, LP",-1.65,-6.65,14,0,58,Utilities,Natural Gas Distribution
CLPXY,China Longyuan Power Group Corporation Limited,-8.77,-14.21,0,0,7,Utilities,Utilities - Renewable
EWBC,"East West Bancorp, Inc.",-0.35,2.86,52,39,69,Finance,Major Banks
SINGY,Singapore Airlines Limited,0.36,10.02,92,70,52,Industrials,Airlines
ZTO,ZTO Express (Cayman) Inc.,-1.03,-5.25,9,0,44,Industrials,Trucking Freight/Courier Services
SGIOF,"Shionogi & Co., Ltd.",0.0,6.33,94,86,32,Healthcare,Drug Manufacturers - Specialty & Generic
SGIOY,"Shionogi & Co., Ltd.",0.0,-8.74,11,5,24,Healthcare,Drug Manufacturers - Specialty & Generic
KGSPY,Kingspan Group plc,0.29,18.06,95,82,67,Industrials,Building Products & Equipment
BBY,"Best Buy Co., Inc.",3.59,24.18,80,71,56,Consumer Discretionary,Consumer Electronics/Video Chains
SINGF,Singapore Airlines Limited,2.02,10.32,94,89,48,Industrials,Airlines
GNRC,Generac Holdings Inc.,4.08,13.85,89,81,90,Consumer Discretionary,Metal Fabrications
CG,The Carlyle Group Inc.,-1.95,-1.15,60,50,17,Finance,Investment Managers
EUXTF,Euronext N.V.,0.0,-2.45,39,26,42,Financial Services,Financial Data & Stock Exchanges
AGESY,ageas SA/NV,-0.3,0.02,73,50,61,Financial Services,Insurance - Diversified
XPNGF,XPeng Inc.,5.68,-9.83,15,9,5,Consumer Cyclical,Auto Manufacturers
RBRK,RBRK,1.42,4.98,26,19,48,Technology,Computer Software: Prepackaged Software
KONMY,Konami Group Corporation,0.0,-5.7,20,5,14,Communication Services,Electronic Gaming & Multimedia
LDOS,"Leidos Holdings, Inc.",-1.43,-13.58,0,0,3,Technology,EDP Services
CDW,CDW Corporation,1.32,21.58,66,60,23,Technology,Retail: Computer Software & Peripheral Equipment
NDSN,Nordson Corporation,2.25,7.44,100,70,70,Industrials,Industrial Machinery/Components
NVMI,Nova Ltd.,3.77,16.45,80,77,91,Technology,Electronic Components
ZBH,"Zimmer Biomet Holdings, Inc.",0.93,3.03,68,47,28,Health Care,Industrial Specialties
SONVF,Sonova Holding AG,-0.49,-6.95,2,0,25,Healthcare,Medical Devices
BOLSY,"B3 S.A. - Brasil, Bolsa, Balcão",-5.39,-19.51,0,0,32,Financial Services,Financial Data & Stock Exchanges
WOLTF,Wolters Kluwer N.V.,3.66,0.84,28,17,5,Industrials,Specialty Business Services
AGESF,ageas SA/NV,-0.15,9.22,72,51,52,Financial Services,Insurance - Diversified
CVCCF,CVC Capital Partners plc,0.0,15.54,80,61,34,Financial Services,Asset Management
JDHIY,JD Health International Inc.,0.0,-22.19,13,8,10,Healthcare,Pharmaceutical Retailers
LULU,lululemon athletica inc.,0.01,-10.72,0,0,3,Consumer Discretionary,Apparel
GLPEF,"Galp Energia, SGPS, S.A.",0.0,-4.03,52,38,52,Energy,Oil & Gas Integrated
KAEPF,"The Kansai Electric Power Company, Incorporated",0.0,2.09,77,50,43,Utilities,Utilities - Renewable
LTM,LTM,2.4,10.88,100,99,65,Consumer Discretionary,Air Freight/Delivery Services
NPPHY,"Nippon Paint Holdings Co., Ltd.",-2.7,9.09,83,76,50,Basic Materials,Specialty Chemicals
SOUHY,South32 Limited,-3.5,0.0,0,0,77,Basic Materials,Other Industrial Metals & Mining
WSE,Wise Group plc,-2.95,-13.97,12,7,6,Industrials,Diversified Commercial Services
PZAKY,Powszechny Zaklad Ubezpieczen SA,0.0,-8.16,7,4,43,Financial Services,Insurance - Property & Casualty
SUI,"Sun Communities, Inc.",-2.82,-3.68,0,0,26,Real Estate,Real Estate Investment Trusts
BKNIY,"Bankinter, S.A.",0.23,7.44,91,78,64,Financial Services,Banks - Regional
EDVMF,Endeavour Mining plc,-3.95,-6.36,47,36,75,Basic Materials,Gold
TOST,"Toast, Inc.",1.02,5.75,35,25,7,Technology,EDP Services
MAA,"Mid-America Apartment Communities, Inc.",-0.46,1.72,34,22,37,Real Estate,Real Estate Investment Trusts
BKIMF,"Bankinter, S.A.",0.0,1.74,46,16,57,Financial Services,Banks - Regional
WSO,"Watsco, Inc.",4.33,3.74,100,94,45,Consumer Discretionary,Industrial Machinery/Components
ENLT,Enlight Renewable Energy Ltd,7.39,-3.06,20,16,95,Utilities,Electric Utilities: Central
EVVTY,Evolution AB (publ),-0.51,-5.35,0,0,39,Consumer Cyclical,Gambling
SGI,Somnigroup International Inc.,1.39,14.62,100,89,31,Consumer Discretionary,Home Furnishings
BMBOY,"Grupo Bimbo, S.A.B. de C.V.",0.0,-3.13,48,15,43,Consumer Defensive,Packaged Foods
MPFRF,"Mapfre, S.A.",0.0,-0.15,41,10,71,Financial Services,Insurance - Diversified
BSAC,Banco Santander-Chile,-0.55,4.41,79,66,66,Finance,Commercial Banks
NCBDY,BANDAI NAMCO Holdings Inc.,0.18,-8.59,16,8,9,Consumer Cyclical,Leisure
KPCPY,Kasikornbank Public Company Limited,-0.86,2.79,67,32,68,Financial Services,Banks - Regional
LFCBY,Lifco AB (publ),0.0,10.0,90,68,33,Industrials,Conglomerates
COVTY,Covestro AG,3.77,2.27,53,25,36,Basic Materials,Specialty Chemicals
SNLAY,Sino Land Company Limited,-1.55,-13.9,7,0,50,Real Estate,Real Estate - Development
AUR,"Aurora Innovation, Inc.",3.8,-11.8,14,8,79,Technology,EDP Services
KPELF,Keppel Ltd.,0.0,1.73,31,10,62,Industrials,Conglomerates
CRERF,Carrefour SA,0.0,-0.51,45,29,70,Consumer Defensive,Grocery Stores
MPFRY,"Mapfre, S.A.",0.0,-4.06,63,54,63,Financial Services,Insurance - Diversified
OBYCF,Obayashi Corporation,3.5,-10.27,65,54,1,Industrials,Engineering & Construction
SWGAY,The Swatch Group AG,0.92,1.0,42,11,80,Consumer Cyclical,Luxury Goods
REG,Regency Centers Corporation,-0.63,-0.17,35,21,50,Real Estate,Real Estate Investment Trusts
J,Jacobs Solutions Inc.,-1.53,6.62,47,25,23,Industrials,Military/Government/Technical
CHKP,Check Point Software Technologies Ltd.,0.36,-4.68,4,0,5,Technology,Computer Software: Prepackaged Software
ARMK,Aramark,-0.3,3.49,48,11,81,Consumer Discretionary,Restaurants
ASND,Ascendis Pharma A/S,-0.14,-4.35,55,41,55,Health Care,Biotechnology: Pharmaceutical Preparations
WCPRF,Whitecap Resources Inc.,-2.94,-11.06,0,0,73,Energy,Oil & Gas E&P
CLPBY,Coloplast A/S,-0.35,-9.78,0,0,6,Healthcare,Medical Instruments & Supplies
CJEWY,Chow Tai Fook Jewellery Group Limited,0.0,2.85,38,10,11,Consumer Cyclical,Luxury Goods
KNBWY,"Kirin Holdings Company, Limited",1.4,0.06,76,57,60,Consumer Defensive,Beverages - Brewers
NTNX,"Nutanix, Inc.",0.93,4.15,18,6,20,Technology,Computer Software: Prepackaged Software
AKESF,"Akeso, Inc.",0.0,-21.72,0,0,9,Healthcare,Biotechnology
PTAIF,PT Astra International Tbk,0.0,-18.97,16,13,16,Industrials,Conglomerates
XJNGF,"Goldwind Science&Technology Co., Ltd.",0.0,-28.57,1,0,25,Industrials,Specialty Industrial Machinery
KRYAY,Kerry Group plc,-0.04,-3.78,24,11,31,Consumer Defensive,Packaged Foods
OGFGF,Origin Energy Limited,0.0,-3.18,31,10,38,Utilities,Utilities - Diversified
AMIGY,AMIGY,-1.54,-2.62,29,24,40,Financial Services,Insurance - Property & Casualty
SEGXF,SEGRO Plc,7.46,9.04,91,75,50,Real Estate,REIT - Industrial
RPM,RPM International Inc.,0.92,9.63,87,54,40,Consumer Discretionary,Paints/Coatings
APLD,Applied Digital Corporation,2.24,17.89,71,60,95,Finance,Finance: Consumer Services
SKHSY,"Sekisui House, Ltd.",0.05,-4.24,25,10,23,Consumer Cyclical,Residential Construction
FIG,"Figma, Inc.",1.23,-16.39,11,7,2,Technology,Computer Software: Prepackaged Software
UUGWF,United Utilities Group PLC,0.0,-5.0,9,4,45,Utilities,Utilities - Regulated Water
RRX,Regal Rexnord Corporation,2.37,16.18,100,99,84,Consumer Discretionary,Metal Fabrications
OSCUF,"Japan Exchange Group, Inc.",-0.27,25.95,94,86,75,Financial Services,Financial Data & Stock Exchanges
RYKKF,"Ryohin Keikaku Co., Ltd.",0.0,-11.46,0,0,98,Consumer Cyclical,Department Stores
AEOXF,Aeroports de Paris SA,8.58,8.64,100,72,42,Industrials,Airports & Air Services
NPNYY,Nippon Yusen Kabushiki Kaisha,-2.26,-8.07,3,0,20,Industrials,Marine Shipping
SUN,Sunoco LP,1.08,-11.78,1,0,60,Energy,Integrated oil Companies
DSECF,Daiwa Securities Group Inc.,0.0,-0.92,20,6,72,Financial Services,Capital Markets
IGIFF,IGM Financial Inc.,-1.48,1.58,56,28,84,Financial Services,Asset Management
EVR,Evercore Inc.,1.28,10.41,96,81,74,Finance,Investment Managers
RGA,"Reinsurance Group of America, Incorporated",-0.61,-1.68,73,57,48,Finance,Life Insurance
ALLY,Ally Financial Inc.,-0.02,6.73,91,81,60,Finance,Major Banks
DELHY,Delivery Hero SE,-1.63,13.71,58,40,93,Consumer Cyclical,Internet Retail
SCRNY,"SCREEN Holdings Co., Ltd.",0.0,16.53,95,88,78,Technology,Semiconductor Equipment & Materials
BBIO,"BridgeBio Pharma, Inc.",-1.66,-2.86,42,30,58,Health Care,Biotechnology: Pharmaceutical Preparations
ACCYY,Accor SA,2.27,10.89,99,82,64,Consumer Cyclical,Lodging
GWRE,"Guidewire Software, Inc.",-2.98,-22.85,0,0,2,Technology,Computer Software: Prepackaged Software
ATZAF,Aritzia Inc.,0.8,14.78,69,60,90,Consumer Cyclical,Apparel Retail
SWRAY,Swire Pacific Limited,0.96,-3.56,41,17,59,Industrials,Conglomerates
EG,"Everest Group, Ltd.",-0.56,-5.8,50,40,41,Finance,Property-Casualty Insurers
ERFSF,Eurofins Scientific SE,2.18,1.17,47,35,36,Healthcare,Diagnostics & Research
IMPUY,Impala Platinum Holdings Limited,-4.57,-15.13,31,21,48,Basic Materials,Other Precious Metals & Mining
MKC,"McCormick & Company, Incorporated",0.32,-0.13,20,11,8,Consumer Staples,Packaged Foods
AETUF,ARC Resources Ltd.,-1.52,-7.19,0,0,47,Energy,Oil & Gas E&P
ROHCF,"ROHM Co., Ltd.",0.0,17.84,59,49,94,Technology,Semiconductors
SNNUF,Smith & Nephew plc,0.0,-9.26,0,0,17,Healthcare,Medical Devices
CNH,CNH Industrial N.V.,1.75,0.97,60,43,34,Industrials,Construction/Ag Equipment/Trucks
IONS,"Ionis Pharmaceuticals, Inc.",-0.26,-1.25,46,28,71,Health Care,Biotechnology: Pharmaceutical Preparations
RXEEY,Rexel S.A.,1.21,6.42,100,80,76,Technology,Electronics & Computer Distribution
DPMAY,Diploma PLC,2.0,1.81,62,38,75,Industrials,Industrial Distribution
SAIA,"Saia, Inc.",2.17,-6.72,8,0,82,Industrials,Trucking Freight/Courier Services
JPXGY,"Japan Exchange Group, Inc.",2.78,19.9,100,100,72,Financial Services,Financial Data & Stock Exchanges
PEN,"Penumbra, Inc.",0.33,-3.11,19,3,47,Health Care,Medical/Dental Instruments
MSLOY,"Mitsui O.S.K. Lines, Ltd.",-1.83,-9.38,4,0,24,Industrials,Marine Shipping
RCDTF,Recordati Industria Chimica e Farmaceutica S.p.A.,-3.33,3.79,30,1,27,Healthcare,Drug Manufacturers - General
OLYMY,Olympus Corporation,3.1,-13.87,12,3,28,Healthcare,Medical Devices
SAPIF,Saputo Inc.,0.27,-4.43,0,0,55,Consumer Defensive,Packaged Foods
KNX,Knight-Swift Transportation Holdings Inc.,1.56,4.7,29,15,87,Industrials,Trucking Freight/Courier Services
CCRDF,"Yokohama Financial Group, Inc.",0.0,3.29,16,6,1,Financial Services,Banks - Regional
NYT,The New York Times Company,-1.88,-1.71,0,0,52,Consumer Discretionary,Newspapers/Magazines
HII,"Huntington Ingalls Industries, Inc.",-3.86,-10.95,0,0,22,Industrials,Marine Transportation
YASKF,YASKAWA Electric Corporation,0.0,11.76,76,53,92,Industrials,Electrical Equipment & Parts
ATGAF,ATGAF,0.0,7.3,87,57,57,Energy,Oil & Gas Midstream
GFL,GFL Environmental Inc.,0.26,-4.28,42,29,9,Utilities,Environmental Services
DLAKF,Deutsche Lufthansa AG,0.88,19.08,99,88,68,Industrials,Airlines
CPYYF,Centrica plc,-0.85,-4.51,0,0,28,Utilities,Utilities - Independent Power Producers
ELS,"Equity LifeStyle Properties, Inc.",-1.0,-1.3,35,20,35,Real Estate,Real Estate Investment Trusts
BTSG,"BrightSpring Health Services, Inc.",2.82,13.07,100,100,94,Health Care,Medical/Nursing Services
AGNC,AGNC Investment Corp.,0.78,2.43,68,35,54,Real Estate,Real Estate Investment Trusts
AGNCN,AGNC Investment Corp.,-0.11,0.39,34,14,44,Real Estate,Real Estate Investment Trusts
AGNCL,AGNCL,-0.48,0.0,26,7,41,Real Estate,Real Estate Investment Trusts
SVTRF,Severn Trent PLC,0.0,-3.53,15,6,33,Utilities,Utilities - Regulated Water
PAC,"Grupo Aeroportuario del Pacífico, S.A.B. de C.V.",2.3,1.39,100,98,45,Consumer Discretionary,Aerospace
GL,Globe Life Inc.,-0.29,10.55,91,81,72,Finance,Life Insurance
TXRH,"Texas Roadhouse, Inc.",2.43,0.1,85,72,40,Consumer Discretionary,Restaurants
LFUS,"Littelfuse, Inc.",2.87,8.92,96,80,91,Energy,Electrical Products
WSOUF,WHSP Holdings Limited,0.0,-0.32,35,12,76,Financial Services,Capital Markets
SCAFF,SCAFF,-13.23,-8.99,0,0,84,,
HKTTY,HKT Trust and HKT Limited,0.0,-0.78,62,51,47,Communication Services,Telecom Services
GRPTF,Getlink SE,0.0,0.47,31,10,53,Industrials,Railroads
ISMAY,"Indra Sistemas, S.A.",-4.5,-0.03,23,16,73,Technology,Information Technology Services
RVTY,"Revvity, Inc.",2.23,5.49,40,17,54,Industrials,Biotechnology: Laboratory Analytical Instruments
OKLO,Oklo Inc.,4.0,-2.25,33,23,23,Utilities,Electric Utilities: Central
MHGVY,Mowi ASA,-0.2,-8.01,0,0,23,Consumer Defensive,Farm Products
MINBY,MINEBEA MITSUMI Inc.,-7.1,5.95,35,26,88,Technology,Electronic Components
AMH,American Homes 4 Rent,-0.38,-0.54,15,5,40,Real Estate,Real Estate Investment Trusts
GLXY,Galaxy Digital,3.51,23.15,100,98,86,Finance,Investment Bankers/Brokers/Service
FMS,Fresenius Medical Care AG,0.08,10.55,94,85,38,Health Care,Misc Health and Biotechnology Services
AAON,"AAON, Inc.",2.52,2.28,53,41,91,Industrials,Industrial Machinery/Components
NRXXY,Nordex SE,4.63,-8.94,47,38,89,Industrials,Specialty Industrial Machinery
LPGCY,LPGCY,-0.44,-3.48,30,24,5,Consumer Cyclical,Luxury Goods
GOFPY,Allwyn AG,0.51,13.95,71,59,14,Consumer Cyclical,Gambling
PTAIY,PT Astra International Tbk,1.7,-23.29,11,2,11,Industrials,Conglomerates
SBMFF,Sino Biopharmaceutical Limited,-4.9,-13.01,0,0,6,Healthcare,Biotechnology
GIL,Gildan Activewear Inc.,-2.33,-9.2,15,7,27,Consumer Discretionary,Apparel
PINS,"Pinterest, Inc.",-0.44,7.76,37,20,12,Technology,Computer Software: Programming Data Processing
ALLE,Allegion plc,2.6,3.77,80,57,19,Consumer Discretionary,Diversified Commercial Services
WLK,Westlake Corporation,-3.83,-8.74,0,0,23,Industrials,Major Chemicals
YSHLF,Yangzijiang Shipbuilding (Holdings) Ltd.,0.0,-15.97,6,2,43,Industrials,Aerospace & Defense
AR,Antero Resources Corporation,-2.01,-12.53,0,0,17,Energy,Oil & Gas Production
NGKIF,NGK Corporation,11.45,22.63,100,100,95,Industrials,Specialty Industrial Machinery
TKGBY,Turkiye Garanti Bankasi A.S.,-1.59,4.03,80,72,31,Financial Services,Banks - Regional
SJM,The J. M. Smucker Company,-1.86,10.33,54,44,56,Consumer Staples,Packaged Foods
IKTSY,Intertek Group plc,0.8,5.03,97,70,81,Industrials,Specialty Business Services
ARWR,"Arrowhead Pharmaceuticals, Inc.",0.96,6.07,99,90,96,Health Care,Biotechnology: Pharmaceutical Preparations
FUJHY,Subaru Corporation,-3.51,-0.77,42,22,14,Consumer Cyclical,Auto Manufacturers
ASEKY,Aisin Corporation,0.0,-6.67,24,19,21,Consumer Cyclical,Auto Parts
BJ,"BJ's Wholesale Club Holdings, Inc.",-1.81,-10.62,11,0,16,Consumer Discretionary,Department/Specialty Retail Stores
NEXOY,"NEXON Co., Ltd.",-0.15,-6.54,26,15,5,Communication Services,Electronic Gaming & Multimedia
SPXC,"SPX Technologies, Inc.",3.26,18.2,100,100,73,Industrials,Industrial Machinery/Components
FRVO,Fervo Energy Company,-3.84,-7.68,14,7,28,Utilities,Electric Utilities: Central
IDKOY,"Idemitsu Kosan Co.,Ltd.",-4.18,-8.88,19,7,36,Energy,Oil & Gas Refining & Marketing
EQX,Equinox Gold Corp.,-4.71,-15.28,14,4,38,Basic Materials,Precious Metals
PLCQF,PLCQF,0.0,167.61,98,99,96,Unknown,Unknown
PUGBY,PUGBY,1.0,-6.45,49,36,44,Consumer Defensive,Household & Personal Products
CR,Crane Company,2.75,24.1,100,100,66,Industrials,Metal Fabrications
IAG,IAMGOLD Corporation,-3.98,1.56,57,41,79,Basic Materials,Precious Metals
WYNN,"Wynn Resorts, Limited",3.15,7.62,67,48,33,Consumer Discretionary,Hotels/Resorts
TSGTF,Tsingtao Brewery Company Limited,0.0,-6.31,17,8,25,Consumer Defensive,Beverages - Brewers
AES,The AES Corporation,0.07,-0.75,24,5,62,Utilities,Electric Utilities: Central
RKUNF,"Rakuten Group, Inc.",0.0,-11.09,13,0,13,Consumer Cyclical,Internet Retail
AG,First Majestic Silver Corp.,-2.96,-9.73,38,28,80,Basic Materials,Precious Metals
ASMVY,ASMPT Limited,1.23,16.69,100,93,96,Technology,Semiconductor Equipment & Materials
AVAV,"AeroVironment, Inc.",1.5,3.5,11,1,8,Industrials,Aerospace
ESI,Element Solutions Inc,1.59,13.58,100,91,90,Industrials,Major Chemicals
CPCAY,Cathay Pacific Airways Limited,3.29,-1.75,40,22,53,Industrials,Airlines
UHAL,U-Haul Holding Company,1.57,23.79,93,77,70,Consumer Discretionary,Rental/Leasing Companies
CPCAF,Cathay Pacific Airways Limited,-8.28,0.65,10,0,51,Industrials,Airlines
PTRRY,Prio S.A.,-7.52,-20.18,2,1,66,Energy,Oil & Gas E&P
DOCU,"DocuSign, Inc.",2.09,-12.59,3,0,6,Technology,Computer Software: Prepackaged Software
BZLFY,Bunzl plc,-1.78,3.0,48,36,53,Consumer Defensive,Food Distribution
QABSY,Qantas Airways Limited,2.91,15.59,100,98,53,Industrials,Airlines
WTFC,Wintrust Financial Corporation,0.1,2.87,57,40,64,Finance,Major Banks
BKKLY,Bangkok Bank Public Company Limited,-0.97,4.92,73,57,60,Financial Services,Banks - Regional
SMGKF,Smiths Group plc,0.0,4.05,83,61,55,Industrials,Specialty Industrial Machinery
VMI,"Valmont Industries, Inc.",0.88,13.3,99,84,86,Industrials,Metal Fabrications
UNCHF,Unicharm Corporation,0.0,-4.09,41,23,21,Consumer Defensive,Household & Personal Products
BZZUY,Buzzi S.p.A.,-0.93,7.15,83,71,43,Basic Materials,Building Materials
BZLYF,Beazley plc,0.0,-2.34,31,10,72,Financial Services,Insurance - Specialty
UMBF,UMB Financial Corporation,0.37,2.55,69,50,67,Finance,Major Banks
AM,Antero Midstream Corporation,1.5,-1.68,68,43,55,Utilities,Natural Gas Distribution
GTLS,"Chart Industries, Inc.",0.53,0.24,37,15,51,Industrials,Metal Fabrications
ERIE,Erie Indemnity Company,-0.23,-0.42,48,36,10,Finance,Specialty Insurers
JPNPY,"Japan Post Insurance Co., Ltd.",4.32,4.32,100,67,13,Financial Services,Insurance - Life
APAJF,APA Group,0.0,7.69,88,74,80,Utilities,Utilities - Regulated Gas
HRZRF,HRZRF,0.58,-37.98,1,0,2,,
MNBEF,MINEBEA MITSUMI Inc.,0.0,9.66,36,30,3,Technology,Electronic Components
ENSG,"The Ensign Group, Inc.",-1.41,-13.81,18,13,16,Health Care,Hospital/Nursing Management
SCTBF,Securitas AB (publ),0.0,-3.85,2,0,32,Industrials,Security & Protection Services
FORM,"FormFactor, Inc.",6.86,19.34,95,94,97,Technology,Semiconductors
ASRMF,"Grupo Aeroportuario del Sureste, S. A. B. de C. V.",0.0,-2.41,71,59,21,Industrials,Airports & Air Services
JKHY,"Jack Henry & Associates, Inc.",1.62,-9.31,5,0,7,Technology,EDP Services
FLS,Flowserve Corporation,3.51,19.65,100,100,77,Industrials,Fluid Controls
CTRE,"CareTrust REIT, Inc.",1.87,-10.68,6,3,47,Real Estate,Real Estate Investment Trusts
FROG,JFrog Ltd.,1.68,12.65,72,64,91,Technology,Computer Software: Prepackaged Software
BPOPO,"Popular, Inc.",0.0,1.24,56,31,41,Financial Services,Banks - Regional
SRGHY,SRGHY,3.5,3.56,88,67,62,Consumer Cyclical,Department Stores
W,Wayfair Inc.,8.49,36.77,100,100,67,Consumer Discretionary,Catalog/Specialty Distribution
ALV,"Autoliv, Inc.",1.65,0.32,5,0,48,Consumer Discretionary,Auto Parts:O.E.M.
SCTBY,Securitas AB (publ),0.0,3.29,89,67,66,Industrials,Security & Protection Services
DCI,"Donaldson Company, Inc.",0.2,3.48,75,50,45,Industrials,Pollution Control Equipment
SAPMF,Saipem SpA,-5.26,-8.36,42,36,88,Energy,Oil & Gas Equipment & Services
SNAP,Snap Inc.,-1.69,-17.08,0,0,8,Technology,Computer Software: Programming Data Processing
HPIFF,Huadian Power International Corporation Limited,0.0,0.0,31,10,53,Utilities,Utilities - Regulated Electric
DAR,Darling Ingredients Inc.,-0.2,-8.99,0,0,74,Consumer Staples,Packaged Foods
EQUEY,Equatorial S.A.,0.0,-3.62,13,0,37,Utilities,Utilities - Regulated Electric
MUSA,Murphy USA Inc.,-3.6,-0.79,39,30,74,Consumer Discretionary,Retail-Auto Dealers and Gas Stations
AGX,"Argan, Inc.",2.69,17.18,100,100,95,Consumer Discretionary,Engineering & Construction
FLGZY,Flughafen Zürich AG,0.0,10.76,87,71,44,Industrials,Airports & Air Services
ONB,Old National Bancorp,0.77,4.97,77,59,61,Finance,Major Banks
RDEIY,"Redeia Corporación, S.A.",0.81,1.75,56,32,28,Utilities,Utilities - Regulated Electric
SCRPF,Sembcorp Industries Ltd,0.0,-6.73,9,4,35,Utilities,Utilities - Diversified
CEF,Sprott Physical Gold and Silver Trust,-0.92,-9.28,9,0,51,Financial Services,Asset Management
CHWY,"Chewy, Inc.",2.48,-9.72,6,0,3,Consumer Discretionary,Catalog/Specialty Distribution
XROLF,Xero Limited,-0.1,-5.14,6,2,5,Technology,Software - Application
ZION,"Zions Bancorporation, National Association",0.03,7.23,77,58,70,Finance,Major Banks
JCYGY,Jardine Cycle & Carriage Limited,0.0,-11.8,4,2,30,Industrials,Conglomerates
EVKIY,Evonik Industries AG,-5.58,-11.15,0,0,35,Basic Materials,Specialty Chemicals
KRYS,"Krystal Biotech, Inc.",1.87,15.23,100,96,92,Health Care,Biotechnology: Biological Products (No Diagnostic Substances)
TEM,"Tempus AI, Inc.",4.2,10.81,78,64,13,Technology,Computer Software: Programming Data Processing
ADRZY,Andritz AG,0.0,8.04,89,66,75,Industrials,Specialty Industrial Machinery
MOH,"Molina Healthcare, Inc.",-0.08,7.2,68,55,58,Health Care,Medical Specialities
LLYVK,"Liberty Live Holdings, Inc.",-0.93,0.22,61,47,52,Consumer Discretionary,Services-Misc. Amusement & Recreation
PRMB,Primo Brands Corporation,2.41,8.12,84,66,64,Consumer Staples,Beverages (Production/Distribution)
ALTB,Alpine Auto Brokers Inc.,0.0,-10.0,74,68,94,Consumer Cyclical,Auto & Truck Dealerships
CMHHF,China Merchants Port Holdings Company Limited,-13.85,-13.91,0,0,17,Industrials,Marine Shipping
KIKOF,Kikkoman Corporation,0.0,0.0,31,10,48,Consumer Defensive,Packaged Foods
SMNNY,Shimano Inc.,-0.38,-1.31,81,60,27,Consumer Cyclical,Leisure
ACM,AECOM,-0.88,-3.72,4,0,5,Consumer Discretionary,Military/Government/Technical
JEXYY,Jiangsu Expressway Company Limited,5.55,11.52,100,91,61,Industrials,Infrastructure Operations
TKR,The Timken Company,2.12,21.47,100,95,90,Industrials,Metal Fabrications
BVN,Compañía de Minas Buenaventura S.A.A.,-4.85,-3.87,33,23,81,Basic Materials,Metal Mining
EGO,Eldorado Gold Corporation,-3.11,3.58,73,60,60,Basic Materials,Gold
GWKSY,GWKSY,1.57,3.76,62,45,69,Consumer Cyclical,Leisure
GZPZF,Gaztransport & Technigaz SA,0.0,-1.06,11,4,77,Energy,Oil & Gas Equipment & Services
FRHC,Freedom Holdings Corp.,7.09,-2.5,38,28,33,Finance,Investment Bankers/Brokers/Service
SHMDF,Shimano Inc.,0.0,1.52,74,41,24,Consumer Cyclical,Leisure
MBLY,Mobileye Global Inc.,-3.09,-13.41,0,0,12,Technology,Computer Software: Prepackaged Software
TBVPF,Thai Beverage Public Company Limited,0.0,13.44,78,57,31,Consumer Defensive,Beverages - Wineries & Distilleries
HDALF,Haidilao International Holding Ltd.,0.0,-11.23,24,16,16,Consumer Cyclical,Restaurants
AKBLF,ALK-Abelló A/S,0.0,4.53,85,67,78,Healthcare,Biotechnology
PTCAY,PT Chandra Asri Pacific Tbk,0.0,-56.3,1,1,1,Basic Materials,Specialty Chemicals
SBYSF,Sibanye Stillwater Limited,0.0,-15.33,25,18,45,Basic Materials,Other Precious Metals & Mining
STN,Stantec Inc.,-2.94,-9.61,0,0,5,Consumer Discretionary,Military/Government/Technical
TYCMY,Tingyi (Cayman Islands) Holding Corp.,-1.81,-11.77,0,0,19,Consumer Defensive,Packaged Foods
COLB,"Columbia Banking System, Inc.",1.66,4.27,67,54,68,Finance,Major Banks
ELPC,ELPC,0.53,-6.75,6,1,59,Utilities,Electric Utilities: Central
TKAMY,thyssenkrupp AG,-3.81,-3.51,0,0,62,Industrials,Conglomerates
GZPZY,Gaztransport & Technigaz SA,0.0,4.56,85,55,61,Energy,Oil & Gas Equipment & Services
SFOSF,"Shanghai Fosun Pharmaceutical (Group) Co., Ltd.",0.0,-16.7,4,2,10,Healthcare,Drug Manufacturers - Specialty & Generic
NNN,"NNN REIT, Inc.",-0.29,-0.66,46,30,49,Real Estate,Real Estate Investment Trusts
CWEN,"Clearway Energy, Inc.",1.77,1.34,8,0,58,Utilities,Electric Utilities: Central
ORA,"Ormat Technologies, Inc.",1.24,-3.11,1,0,74,Utilities,Electric Utilities: Central
CIBEY,Commercial International Bank Egypt (CIB) S.A.E.,-0.39,5.76,82,68,74,Financial Services,Banks - Regional
WEIGF,The Weir Group PLC,0.0,-7.09,9,4,20,Industrials,Specialty Industrial Machinery
SALRY,SalMar ASA,-3.03,-10.1,16,4,37,Consumer Defensive,Farm Products
STBFY,Suntory Beverage & Food Limited,1.52,3.96,74,43,22,Consumer Defensive,Beverages - Non-Alcoholic
CIADY,China Mengniu Dairy Company Limited,-0.8,-6.97,7,0,36,Consumer Defensive,Packaged Foods
CNRAF,Vicinity Centres,0.0,-5.0,37,14,70,Real Estate,REIT - Retail
CSCCF,Capstone Copper Corp.,1.28,16.85,70,61,86,Basic Materials,Copper
CAE,CAE Inc.,-2.57,-6.21,47,29,23,Miscellaneous,Industrial Machinery/Components
BIRK,Birkenstock Holding plc,-1.79,38.84,66,56,51,Consumer Discretionary,Shoe Manufacturing
DFRYF,Avolta AG,0.0,-2.68,73,58,59,Consumer Cyclical,Specialty Retail
FBBPF,FIBRA Prologis,-2.8,0.02,0,0,57,Real Estate,REIT - Industrial
AEMMY,A2A S.p.A.,0.0,-13.07,5,2,36,Utilities,Utilities - Diversified
FNMFO,Federal National Mortgage Association,-6.25,-12.18,0,0,14,Financial Services,Mortgage Finance
FNMAI,Federal National Mortgage Association,0.0,-13.04,16,2,10,Financial Services,Mortgage Finance
FNMAJ,Federal National Mortgage Association,-0.11,-11.92,17,9,10,Financial Services,Mortgage Finance
FNMAP,Federal National Mortgage Association,1.95,-8.17,27,15,8,Financial Services,Mortgage Finance
FNMAL,Federal National Mortgage Association,0.0,-11.82,0,0,9,Financial Services,Mortgage Finance
VFS,VinFast Auto Ltd.,0.0,-15.56,0,0,29,Industrials,Auto Manufacturing
TYEKF,thyssenkrupp AG,0.0,2.08,16,3,64,Industrials,Conglomerates
CDNTF,"Canadian Tire Corporation, Limited",0.0,0.0,31,10,46,Consumer Cyclical,Specialty Retail
TECH,Bio-Techne Corporation,5.35,24.07,100,100,53,Health Care,Biotechnology: Biological Products (No Diagnostic Substances)
MYTKY,MYTKY,-4.88,-1.53,0,0,10,Communication Services,Telecom Services
SDXAY,Sodexo S.A.,1.1,11.21,100,81,49,Industrials,Specialty Business Services
Z,"Zillow Group, Inc.",0.31,-11.96,0,0,2,Consumer Discretionary,Business Services
REXR,"Rexford Industrial Realty, Inc.",2.0,-8.08,8,0,21,Real Estate,Real Estate Investment Trusts
IGGHY,IG Group Holdings plc,0.0,14.94,93,84,87,Financial Services,Capital Markets
JHG,Janus Henderson Group plc,0.25,0.15,37,13,60,Finance,Investment Managers
NXPRF,Nexans S.A.,-1.23,0.07,12,0,75,Industrials,Electrical Equipment & Parts
CPXWF,Capital Power Corporation,-0.52,11.84,86,71,63,Utilities,Utilities - Independent Power Producers
FKKFY,"Fukuoka Financial Group, Inc.",1.28,4.58,89,61,81,Financial Services,Banks - Regional
ELEEF,Element Fleet Management Corp.,-1.24,-1.28,69,52,14,Industrials,Rental & Leasing Services
NIABY,NIBE Industrier AB (publ),0.0,-12.04,0,0,33,Industrials,Building Products & Equipment
ZWS,Zurn Elkay Water Solutions Corporation,3.33,4.52,100,85,61,Industrials,Industrial Machinery/Components
DVCMY,Davide Campari-Milano N.V.,2.13,-0.32,26,17,25,Consumer Defensive,Beverages - Wineries & Distilleries
WJRYF,West Japan Railway Company,0.0,0.63,91,76,12,Industrials,Railroads
FIGR,"Figure Technology Solutions, Inc.",4.2,-21.57,12,6,13,Finance,Finance: Consumer Services
BOKF,BOK Financial Corporation,-0.39,0.3,56,37,61,Finance,Major Banks
SFM,"Sprouts Farmers Market, Inc.",1.04,-9.01,28,20,11,Consumer Staples,Food Chains
JINFF,China Gold International Resources Corp. Ltd.,-8.27,-10.16,19,3,69,Basic Materials,Other Precious Metals & Mining
GAP,"The Gap, Inc.",1.0,-5.16,11,6,21,Consumer Discretionary,Clothing/Shoe/Accessory Stores
FRO,Frontline plc,5.35,9.69,100,100,90,Consumer Discretionary,Marine Transportation
ELMUY,Elisa Oyj,5.57,-25.86,13,9,24,Communication Services,Telecom Services
NXE,NexGen Energy Ltd.,1.53,0.57,40,31,65,Basic Materials,Other Metals and Minerals
VLYPO,Valley National Bancorp,0.65,1.27,59,28,41,Finance,Major Banks
CBSH,"Commerce Bancshares, Inc.",0.02,5.26,72,52,45,Finance,Major Banks
MOS,The Mosaic Company,1.73,5.82,72,57,12,Industrials,Agricultural Chemicals
ESE,ESCO Technologies Inc.,2.93,15.87,100,100,87,Telecommunications,Telecommunications Equipment
HCXLY,Hiscox Ltd,-2.31,-4.33,37,15,58,Financial Services,Insurance - Property & Casualty
JAPSY,"Japan Airlines Co., Ltd.",-1.26,7.1,75,64,26,Industrials,Airlines
SOBO,South Bow Corporation,-0.69,-4.35,9,0,69,Energy,Natural Gas Distribution
ALBBY,Alibaba Health Information Technology Limited,0.0,-20.43,46,30,2,Healthcare,Pharmaceutical Retailers
EGIEY,Engie Brasil Energia S.A.,-5.23,1.52,30,13,65,Utilities,Utilities - Renewable
TAP,Molson Coors Beverage Company,0.9,-6.75,32,19,19,Consumer Staples,Beverages (Production/Distribution)
LOTMY,LOTMY,-0.21,-0.07,24,9,54,Consumer Cyclical,Gambling
GMINF,G Mining Ventures Corp.,-5.42,-8.19,67,58,80,Basic Materials,Gold
PCVX,"Vaxcyte, Inc.",1.52,9.05,100,90,71,Health Care,Biotechnology: Pharmaceutical Preparations
SLOIY,Soitec SA,-5.64,-27.88,0,0,97,Technology,Semiconductor Equipment & Materials
SLOIF,Soitec SA,-7.17,-27.5,0,0,97,Technology,Semiconductor Equipment & Materials
SM,SM Energy Company,-3.38,-21.5,0,0,52,Energy,Oil & Gas Production
NFG,National Fuel Gas Company,-0.07,-7.71,8,0,18,Utilities,Oil/Gas Transmission
ZJLMF,ZJLMF,0.87,-16.4,5,0,6,Consumer Cyclical,Auto Manufacturers
RHP,"Ryman Hospitality Properties, Inc.",2.29,12.76,100,88,79,Real Estate,Real Estate Investment Trusts
STKAF,Stockland,0.0,1.69,95,88,11,Real Estate,REIT - Diversified
MYRG,MYR Group Inc.,3.76,3.45,74,56,94,Industrials,Water Sewer Pipeline Comm & Power Line Construction
BCKIY,Babcock International Group PLC,-1.02,-2.54,0,0,12,Industrials,Engineering & Construction
ST,Sensata Technologies Holding plc,2.37,6.05,53,36,88,Industrials,Industrial Machinery/Components
LEA,Lear Corporation,1.33,5.38,11,0,76,Consumer Discretionary,Auto Parts:O.E.M.
VSOGF,"Vista Energy, S.A.B. de C.V.",0.0,0.0,31,10,85,Energy,Oil & Gas E&P
AVT,"Avnet, Inc.",1.85,8.38,91,78,90,Technology,Electronic Components
UBTRF,UBTRF,12.37,-0.6,65,51,30,,
CHYM,"Chime Financial, Inc.",6.02,-0.4,38,27,8,Finance,Finance: Consumer Services
VIST,"Vista Energy, S.A.B. de C.V.",0.04,-8.95,6,3,75,Energy,Oil & Gas Production
OPHLY,"Ono Pharmaceutical Co., Ltd.",0.65,-8.68,31,25,47,Healthcare,Drug Manufacturers - General
ZLNDY,Zalando SE,0.94,20.09,67,55,30,Consumer Cyclical,Internet Retail
KNSL,"Kinsale Capital Group, Inc.",-0.12,-0.83,58,44,11,Finance,Property-Casualty Insurers
DITTF,"Daito Trust Construction Co.,Ltd.",0.0,-20.73,2,0,5,Real Estate,Real Estate - Diversified
AXS,AXIS Capital Holdings Limited,-2.16,0.44,68,55,36,Finance,Property-Casualty Insurers
TRNO,Terreno Realty Corporation,0.77,-2.75,31,16,50,Finance,Real Estate
PB,"Prosperity Bancshares, Inc.",0.58,4.0,77,52,49,Finance,Major Banks
OR,OR Royalties Inc.,-3.33,-3.3,55,33,45,Basic Materials,Precious Metals
MORN,"Morningstar, Inc.",-6.46,-10.94,0,0,6,Finance,Investment Managers
LKQ,LKQ Corporation,3.12,0.94,34,20,16,Consumer Discretionary,Motor Vehicles
HR,Healthcare Realty Trust Incorporated,-1.15,-3.32,30,19,65,Real Estate,Real Estate Investment Trusts
DCCPY,DCC plc,0.0,2.27,50,19,81,Energy,Oil & Gas Refining & Marketing
DIFTY,"Daito Trust Construction Co.,Ltd.",-1.05,-13.63,21,14,16,Real Estate,Real Estate - Diversified
VIPS,Vipshop Holdings Limited,-0.3,-6.26,0,0,13,Consumer Discretionary,Catalog/Specialty Distribution
PRIM,Primoris Services Corporation,-0.35,-5.05,16,11,18,Industrials,Water Sewer Pipeline Comm & Power Line Construction
SZCRF,SCOR SE,0.0,-8.81,10,3,35,Financial Services,Insurance - Reinsurance
BBUC,Brookfield Business Corporation,3.7,0.83,51,21,43,Consumer Discretionary,Engineering & Construction
DOX,Amdocs Limited,-6.33,-17.81,0,0,5,Technology,EDP Services
ZLDSF,Zalando SE,0.0,14.39,79,59,16,Consumer Cyclical,Internet Retail
FAF,First American Financial Corporation,1.25,1.52,100,71,59,Finance,Specialty Insurers
LNC,Lincoln National Corporation,-0.59,4.76,84,72,42,Finance,Life Insurance
AWI,"Armstrong World Industries, Inc.",2.59,0.34,83,51,24,Industrials,Plastic Products
PPC,Pilgrim's Pride Corporation,-3.63,-4.64,0,0,5,Consumer Staples,Meat/Poultry/Fish
MRCY,"Mercury Systems, Inc.",-1.38,20.15,69,61,89,Technology,Electrical Products
VLOUF,Vallourec S.A.,0.0,-1.93,41,17,84,Basic Materials,Steel
KCDMF,"Kimberly-Clark de México, S. A. B. de C. V.",0.0,-9.73,0,0,31,Consumer Defensive,Household & Personal Products
MTDR,Matador Resources Company,-1.67,-16.73,0,0,35,Energy,Oil & Gas Production
TEX,Terex Corporation,4.11,16.31,100,100,73,Industrials,Construction/Ag Equipment/Trucks
GRFS,"Grifols, S.A.",-0.8,-9.65,0,0,17,Health Care,Biotechnology: Pharmaceutical Preparations
EPRT,"Essential Properties Realty Trust, Inc.",-0.54,-6.23,1,0,27,Real Estate,Real Estate Investment Trusts
HRIBF,"HORIBA, Ltd.",0.0,-3.84,23,9,16,Technology,Scientific & Technical Instruments
AXTA,Axalta Coating Systems Ltd.,2.29,21.02,100,98,68,Consumer Discretionary,Paints/Coatings
LNWO,LNWO,0.47,12.26,96,86,46,Consumer Cyclical,Gambling
ONDS,Ondas Inc.,1.64,-0.96,4,0,94,Technology,Radio And Television Broadcasting And Communications Equipment
TFPM,Triple Flag Precious Metals Corp.,-1.67,-5.09,53,32,37,Industrials,Precious Metals
BCUCY,Brunello Cucinelli S.p.A.,0.4,1.42,72,56,32,Consumer Cyclical,Luxury Goods
THG,"The Hanover Insurance Group, Inc.",-0.87,2.23,77,55,60,Finance,Property-Casualty Insurers
NPO,Enpro Inc.,4.41,24.42,100,100,90,Industrials,Metal Fabrications
BZ,BZ,1.71,-2.63,41,23,11,Technology,Computer Software: Programming Data Processing
TRSBF,3SBio Inc.,0.0,-13.73,32,23,7,Healthcare,Biotechnology
LNTH,"Lantheus Holdings, Inc.",0.65,8.09,82,68,86,Health Care,Biotechnology: In Vitro & In Vivo Diagnostic Substances
ASAAF,AT & S Austria Technologie & Systemtechnik Aktiengesellschaft,14.59,107.3,100,100,99,Technology,Electronic Components
SCRYY,SCOR SE,5.52,-2.05,89,73,66,Financial Services,Insurance - Reinsurance
YACAF,Yancoal Australia Ltd,-3.61,-17.18,0,0,23,Energy,Thermal Coal
MSA,MSA Safety Incorporated,2.62,-2.7,36,19,32,Health Care,Industrial Specialties
BTG,B2Gold Corp.,-2.49,-7.46,43,25,40,Basic Materials,Precious Metals
FMOCF,"Fomento de Construcciones y Contratas, S.A.",0.0,31.07,88,77,77,Industrials,Waste Management
SBFFY,SBM Offshore N.V.,0.0,-7.45,8,4,80,Energy,Oil & Gas Equipment & Services
SULZF,Sulzer AG,0.0,-2.49,43,21,33,Industrials,Specialty Industrial Machinery
EFGIF,EFG International AG,0.0,-6.67,15,6,45,Financial Services,Banks - Diversified
KMX,"CarMax, Inc.",13.14,43.74,100,100,54,Consumer Discretionary,Retail-Auto Dealers and Gas Stations
PSN,Parsons Corporation,-4.76,1.08,0,0,16,Technology,EDP Services
FOVSY,Ford Otomotiv Sanayi A.S.,0.0,-22.12,10,7,12,Consumer Cyclical,Auto Manufacturers
BSDGY,Bosideng International Holdings Limited,0.0,-2.58,1,0,22,Consumer Cyclical,Apparel Manufacturing
SOMMY,"Sumitomo Chemical Company, Limited",-0.74,-5.03,30,20,65,Basic Materials,Chemicals
WDPSF,Warehouses De Pauw SA,0.0,0.35,31,10,36,Real Estate,REIT - Industrial
COMP,"Compass, Inc.",6.49,20.02,100,100,68,Technology,EDP Services
ZGN,Ermenegildo Zegna N.V.,-0.29,3.66,29,8,84,Consumer Discretionary,Apparel
NVTS,Navitas Semiconductor Corporation,7.52,4.48,27,21,97,Technology,Semiconductors
APGE,"Apogee Therapeutics, Inc.",2.21,11.05,97,86,90,Health Care,Biotechnology: Biological Products (No Diagnostic Substances)
GBCI,"Glacier Bancorp, Inc.",0.58,1.06,58,48,55,Finance,Major Banks
TKCOF,"Toho Co., Ltd.",0.0,-13.7,86,69,1,Communication Services,Entertainment
BYD,Boyd Gaming Corporation,0.95,7.07,53,28,41,Consumer Discretionary,Hotels/Resorts
KTWIF,Kurita Water Industries Ltd.,0.0,0.17,13,5,70,Industrials,Pollution & Treatment Controls
MSM,"MSC Industrial Direct Co., Inc.",2.89,11.62,97,68,81,Industrials,Industrial Machinery/Components
CDEVY,City Developments Limited,0.0,-0.16,24,10,64,Real Estate,Real Estate - Development
VSNT,"Versant Media Group, Inc.",0.21,-8.76,0,0,25,Industrials,Broadcasting
IMCDY,IMCD N.V.,-2.22,-9.91,0,0,38,Basic Materials,Specialty Chemicals
AZIHF,Azimut Holding S.p.A.,0.0,2.63,84,63,68,Financial Services,Asset Management
RYTM,"Rhythm Pharmaceuticals, Inc.",1.0,6.79,100,90,53,Health Care,Biotechnology: Pharmaceutical Preparations
GRGDF,GRGDF,1.24,-45.36,12,9,63,Consumer Cyclical,Apparel Retail
REECF,Reece Limited,0.0,38.03,89,79,73,Industrials,Industrial Distribution
GIGNF,Genting Singapore Limited,0.0,4.0,93,84,36,Consumer Cyclical,Resorts & Casinos
GATX,GATX Corporation,2.24,4.09,99,72,49,Consumer Discretionary,Transportation Services
GVA,Granite Construction Incorporated,2.32,12.18,100,89,78,Industrials,Military/Government/Technical
ENIC,Enel Chile S.A.,-0.44,5.54,84,72,67,Utilities,Electric Utilities: Central
PEGA,Pegasystems Inc.,-0.46,-12.45,0,0,3,Technology,EDP Services
SFGYY,SFGYY,0.0,-5.46,26,15,18,Financial Services,Insurance - Life
CZR,"Caesars Entertainment, Inc.",0.03,6.06,48,16,54,Consumer Discretionary,Hotels/Resorts
SRRK,Scholar Rock Holding Corporation,0.81,-2.17,45,38,69,Health Care,Biotechnology: Biological Products (No Diagnostic Substances)
MONOY,"MonotaRO Co., Ltd.",-1.48,-9.67,22,9,10,Consumer Cyclical,Internet Retail
SEKEY,Seiko Epson Corporation,0.93,11.51,56,49,80,Technology,Computer Hardware
AROC,"Archrock, Inc.",4.2,-0.86,91,74,77,Utilities,Natural Gas Distribution
VOPKF,Koninklijke Vopak N.V.,0.0,0.0,42,11,44,Energy,Oil & Gas Midstream
SFRRF,Sandfire Resources Limited,0.0,-4.19,8,4,71,Basic Materials,Copper
VOPKY,Koninklijke Vopak N.V.,0.0,-1.39,15,5,51,Energy,Oil & Gas Midstream
HROEY,"Hirose Electric Co.,Ltd.",0.0,25.81,86,73,82,Technology,Electronic Components
PACS,"PACS Group, Inc.",3.83,-1.11,38,26,92,Health Care,Hospital/Nursing Management
OTEX,Open Text Corporation,-1.8,-8.71,0,0,8,Technology,EDP Services
GXO,"GXO Logistics, Inc.",1.16,2.27,39,5,31,Consumer Discretionary,Transportation Services
TMNSF,Temenos AG,0.0,-20.17,1,0,18,Technology,Software - Application
CTXAY,Ampol Limited,-0.91,-7.75,10,2,57,Energy,Oil & Gas Refining & Marketing
IFS,Intercorp Financial Services Inc.,-0.47,15.95,92,84,82,Finance,Commercial Banks
APPF,"AppFolio, Inc.",1.96,-7.28,5,0,7,Technology,Computer Software: Prepackaged Software
RGLXY,RTL Group S.A.,0.0,9.86,38,31,49,Communication Services,Broadcasting
TKECY,"Tokyo Electric Power Company Holdings, Incorporated",5.68,-6.94,37,31,15,Utilities,Utilities - Renewable
AMTM,"Amentum Holdings, Inc.",0.74,-3.73,0,0,15,Consumer Discretionary,Business Services
ABCB,Ameris Bancorp,1.84,3.31,71,52,69,Finance,Major Banks
IBP,"Installed Building Products, Inc.",3.28,1.27,100,75,24,Consumer Discretionary,Homebuilding
MNTHY,Minth Group Limited,-2.69,-18.5,0,0,35,Consumer Cyclical,Auto Parts
SLFPF,Aberdeen Group Plc,0.0,-2.27,17,6,60,Financial Services,Asset Management
PCCWY,PCCW Limited,0.0,3.22,15,5,47,Communication Services,Telecom Services
KMRRF,KMRRF,-3.82,-2.37,0,0,30,,
IVCGF,Iveco Group N.V.,-1.58,-0.61,31,2,8,Industrials,Farm & Heavy Construction Machinery
SFGRF,SFGRF,0.0,-4.41,24,16,1,Financial Services,Insurance - Life
G,Genpact Limited,-6.8,-11.54,0,0,5,Consumer Discretionary,Professional Services
BTLCY,British Land Company PLC,0.5,4.17,45,31,55,Real Estate,REIT - Diversified
UGP,Ultrapar Participações S.A.,2.13,-17.1,10,4,63,Utilities,Oil/Gas Transmission
PECO,"Phillips Edison & Company, Inc.",0.49,2.01,50,36,59,Real Estate,Real Estate Investment Trusts
GNGBY,Getinge AB (publ),0.64,-4.27,37,23,34,Healthcare,Medical Devices
FND,"Floor & Decor Holdings, Inc.",5.89,12.73,81,69,14,Consumer Discretionary,RETAIL: Building Materials
BKH,Black Hills Corporation,0.99,-1.48,66,38,59,Utilities,Electric Utilities: Central
QS,QuantumScape Corporation,16.52,4.82,52,46,59,Miscellaneous,Industrial Machinery/Components
SSMXF,Sysmex Corporation,0.0,5.86,60,24,17,Healthcare,Medical Devices
LQDA,Liquidia Corporation,3.53,15.06,91,85,96,Health Care,Biotechnology: Pharmaceutical Preparations
OZK,Bank OZK,0.53,2.01,39,25,48,Finance,Major Banks
MC,Moelis & Company,1.28,4.59,24,5,56,Finance,Investment Managers
IRDM,Iridium Communications Inc.,-1.07,-1.26,15,6,93,Telecommunications,Telecommunications Equipment
SKSUY,"Sekisui Chemical Co., Ltd.",0.0,-13.22,21,16,15,Industrials,Conglomerates
NXST,"Nexstar Media Group, Inc.",-1.0,-13.32,0,0,13,Industrials,Broadcasting
TMICF,Trend Micro Incorporated,0.0,-17.01,3,2,9,Technology,Software - Infrastructure
CRSP,CRISPR Therapeutics AG,1.88,11.41,63,51,49,Health Care,Biotechnology: Biological Products (No Diagnostic Substances)
RANJY,Randstad N.V.,1.97,6.51,45,20,29,Industrials,Staffing & Employment Services
WFG,West Fraser Timber Co. Ltd.,-0.27,15.12,89,76,48,Basic Materials,Forest Products
TTBXF,Tritax Big Box REIT plc,0.0,1.54,23,11,72,,
ARKAY,Arkema S.A.,-2.31,-1.3,0,0,52,Basic Materials,Specialty Chemicals
LYFT,"Lyft, Inc.",0.92,6.97,66,49,19,Consumer Discretionary,Business Services
LPL,"LG Display Co., Ltd.",1.98,6.18,14,2,59,Technology,Industrial Machinery/Components
ESNT,Essent Group Ltd.,-1.03,-5.23,46,35,31,Finance,Property-Casualty Insurers
KLIC,"Kulicke and Soffa Industries, Inc.",4.78,20.6,100,100,96,Technology,Semiconductors
PCWLF,PCCW Limited,-2.9,-9.71,0,0,31,Communication Services,Telecom Services
SYNA,Synaptics Incorporated,5.51,8.53,72,58,93,Technology,Semiconductors
HLHLY,HLHLY,0.0,4.75,29,11,74,Basic Materials,Paper & Paper Products
BRLAF,British Land Company PLC,0.0,7.75,85,68,60,Real Estate,REIT - Diversified
WTBDY,Whitbread plc,0.38,-0.98,47,32,27,Consumer Cyclical,Lodging
PRM,"Perimeter Solutions, Inc.",6.0,12.78,100,100,92,Industrials,Major Chemicals
MAAS,Maase Inc.,5.35,85.48,100,100,98,Finance,Investment Managers
BLSH,Bullish,1.01,-34.81,0,0,2,Finance,Finance: Consumer Services
RICOF,"Ricoh Company, Ltd.",0.0,6.49,66,41,1,Industrials,Business Equipment & Supplies
MGY,Magnolia Oil & Gas Corporation,-1.68,-11.26,0,0,40,Energy,Oil & Gas Production
GOLF,Acushnet Holdings Corp.,7.2,21.24,100,100,77,Consumer Discretionary,Recreational Games/Products/Toys
JDDSF,JD Sports Fashion Plc,0.0,28.86,88,76,55,Consumer Cyclical,Apparel Retail
NICE,NICE Ltd.,1.84,-9.69,5,0,4,Technology,Computer Software: Prepackaged Software
MUR,Murphy Oil Corporation,-2.78,-12.03,0,0,56,Energy,Oil & Gas Production
SIGI,"Selective Insurance Group, Inc.",-0.35,3.46,79,58,64,Finance,Property-Casualty Insurers
MTPOF,Metropolitan Bank & Trust Company,0.0,30.43,86,84,25,Financial Services,Banks - Regional
GNTX,Gentex Corporation,2.25,12.73,94,76,58,Consumer Discretionary,Auto Parts:O.E.M.
NFPDF,"Nissin Foods Holdings Co.,Ltd.",0.0,0.0,31,10,20,Consumer Defensive,Packaged Foods
BLFBY,BLFBY,-4.03,-4.61,67,56,74,Industrials,Engineering & Construction
WTM,"White Mountains Insurance Group, Ltd.",0.49,-6.13,12,0,39,Finance,Property-Casualty Insurers
STVN,Stevanato Group S.p.A.,2.81,-0.83,49,36,22,Health Care,Medical/Dental Instruments
DNTH,"Dianthus Therapeutics, Inc.",0.73,-7.02,34,25,94,Health Care,Biotechnology: Pharmaceutical Preparations
LEGN,Legend Biotech Corporation,-16.68,-0.68,24,21,66,Health Care,Biotechnology: Pharmaceutical Preparations
WEX,WEX Inc.,0.53,-11.58,0,0,13,Consumer Discretionary,Business Services
ALH,Alliance Laundry Holdings Inc.,3.5,11.58,100,81,69,Industrials,Industrial Machinery/Components
BGC,"BGC Group, Inc.",-0.17,7.5,93,86,73,Finance,Investment Bankers/Brokers/Service
ACLLF,ATCO Ltd.,0.0,0.23,55,36,72,Utilities,Utilities - Diversified
OLLI,"Ollie's Bargain Outlet Holdings, Inc.",-0.72,-6.49,29,20,5,Consumer Discretionary,Department/Specialty Retail Stores
SPHR,Sphere Entertainment Co.,3.27,17.06,100,100,95,Consumer Discretionary,Services-Misc. Amusement & Recreation
CHH,"Choice Hotels International, Inc.",1.06,2.44,92,76,52,Consumer Discretionary,Hotels/Resorts
AX,"Axos Financial, Inc.",0.1,2.44,57,39,48,Finance,Savings Institutions
ADT,ADT Inc.,1.54,-4.95,7,1,19,Consumer Discretionary,Diversified Commercial Services
LGMMY,LEG Immobilien SE,0.0,92.46,94,88,21,Real Estate,Real Estate Services
UWMC,UWM Holdings Corporation,1.83,-22.86,2,0,2,Finance,Finance: Consumer Services
RDW,Redwire Corporation,-0.07,-2.84,7,5,87,Industrials,Military/Government/Technical
TGS,Transportadora de Gas del Sur S.A.,-0.03,10.37,52,39,51,Utilities,Natural Gas Distribution
SEB,Seaboard Corporation,-1.49,-4.01,0,0,65,Industrials,Farming/Seeds/Milling
OPEN,Opendoor Technologies Inc.,0.45,1.59,11,1,94,Finance,Real Estate
BDVSY,The Bidvest Group Limited,-0.13,3.6,78,58,59,Industrials,Conglomerates
LBRDB,Liberty Broadband Corporation,-4.0,-11.76,0,0,2,Communication Services,Telecom Services
CWSRF,Chartwell Retirement Residences,1.6,1.98,60,43,47,Real Estate,REIT - Healthcare Facilities
TCCHF,Technogym S.p.A.,0.0,0.0,31,10,91,Consumer Cyclical,Leisure
CIGI,Colliers International Group Inc.,-1.7,-5.44,0,0,6,Finance,Real Estate
MAQAF,Atlas Arteria Limited,0.0,-0.59,29,17,36,Industrials,Infrastructure Operations
SON,Sonoco Products Company,0.04,5.58,85,64,51,Consumer Discretionary,Containers/Packaging
PSMMY,Persimmon Plc,-1.84,1.06,49,29,20,Consumer Cyclical,Residential Construction
PMMAF,PUMA SE,5.77,5.6,100,87,74,Consumer Cyclical,Footwear & Accessories
JMPLY,Johnson Matthey Plc,-3.02,2.4,34,17,60,Basic Materials,Specialty Chemicals
XXI,"Twenty One Capital, Inc.",-2.13,-29.14,0,0,2,Finance,Finance: Consumer Services
MAIN,Main Street Capital Corporation,0.71,0.01,38,16,21,Finance,Finance/Investors Services
ATDRF,Autotrader Group plc,-0.96,-6.33,55,45,10,Communication Services,Internet Content & Information
REZI,"Resideo Technologies, Inc.",4.93,10.3,92,72,37,Industrials,Wholesale Distributors
KEN,Kenon Holdings Ltd.,3.24,-20.1,5,2,75,Utilities,Electric Utilities: Central
GHC,Graham Holdings Company,1.71,3.71,59,38,48,Real Estate,Other Consumer Services
CRNLF,Capricorn Metals Ltd,0.0,4.69,76,72,76,Basic Materials,Gold
CLSK,"CleanSpark, Inc.",2.74,11.95,58,47,90,Finance,Finance: Consumer Services
POWI,"Power Integrations, Inc.",7.9,26.32,100,94,93,Technology,Semiconductors
CSTM,Constellium SE,0.95,5.82,47,24,92,Industrials,Metal Fabrications
WSC,WillScot Holdings Corporation,3.59,21.71,100,99,84,Industrials,Misc Corporate Leasing Services
LGND,Ligand Pharmaceuticals Incorporated,4.46,26.24,100,100,89,Health Care,Biotechnology: Pharmaceutical Preparations
SEDG,"SolarEdge Technologies, Inc.",6.16,3.26,13,9,93,Technology,Semiconductors
MTPOY,Metropolitan Bank & Trust Company,0.0,7.15,91,80,26,Financial Services,Banks - Regional
MKTX,MarketAxess Holdings Inc.,0.36,-12.67,13,1,4,Finance,Investment Bankers/Brokers/Service
ASB,Associated Banc-Corp,0.9,5.23,80,64,65,Finance,Major Banks
BKEAY,"The Bank of East Asia, Limited",-2.84,-9.04,5,0,45,Financial Services,Banks - Regional
NPTVF,"Nippon Television Holdings, Inc.",0.0,-16.29,7,3,1,Communication Services,Broadcasting
TRKNY,Türk Telekomünikasyon Anonim Sirketi,0.0,40.35,97,93,73,Communication Services,Telecom Services
MTRN,Materion Corporation,4.19,33.54,100,100,96,Industrials,Industrial Specialties
MEOH,Methanex Corporation,-3.61,-11.87,0,0,68,Industrials,Major Chemicals
SGBAF,SES S.A.,-3.45,-13.4,1,0,73,Communication Services,Broadcasting
BLLN,"BillionToOne, Inc.",5.81,26.11,100,91,63,Health Care,Medical Specialities
WYGPY,Worley Limited,0.0,-4.11,17,4,46,Energy,Oil & Gas Equipment & Services
CUYTY,Colruyt Group N.V.,0.0,6.69,88,72,38,Consumer Defensive,Grocery Stores
CBT,Cabot Corporation,3.79,17.95,100,100,76,Industrials,Major Chemicals
CYAGF,"CyberAgent, Inc.",0.0,4.57,55,16,1,Communication Services,Advertising Agencies
CMBT,Cmb.Tech NV,-1.97,-12.89,6,0,82,Consumer Discretionary,Marine Transportation
MIAX,"Miami International Holdings, Inc.",-0.4,-27.58,0,0,34,Finance,Investment Bankers/Brokers/Service
LAUR,"Laureate Education, Inc.",1.08,8.42,70,61,68,Real Estate,Other Consumer Services
SPGNY,Springer Nature AG & Co. KGaA,0.0,7.61,68,38,47,Communication Services,Publishing
CNR,"Core Natural Resources, Inc.",-3.5,0.72,0,0,28,Energy,Coal Mining
LMND,"Lemonade, Inc.",2.72,2.58,82,72,39,Finance,Property-Casualty Insurers
RMLRF,Ramelius Resources Limited,0.0,0.0,64,55,30,Basic Materials,Gold
RTMVF,Rightmove plc,0.0,7.09,47,27,12,Communication Services,Internet Content & Information
MMYT,MakeMyTrip Limited,2.79,8.83,96,84,7,Consumer Discretionary,Transportation Services
TNEYF,Tamarack Valley Energy Ltd.,-4.11,-8.38,0,0,89,Energy,Oil & Gas E&P
MBRFY,MBRF Global Foods Company S.A.,-1.0,-16.85,16,2,9,Consumer Defensive,Packaged Foods
ANIOY,"Acerinox, S.A.",0.0,17.54,91,81,86,Basic Materials,Steel
TLPFY,Teleperformance SE,-3.77,-22.59,0,0,26,Industrials,Specialty Business Services
AYALY,Ayala Corporation,0.0,-8.59,3,1,6,Industrials,Conglomerates
TVTX,"Travere Therapeutics, Inc.",1.87,26.81,100,97,95,Health Care,Biotechnology: Pharmaceutical Preparations
VSCO,Victoria's Secret & Co,0.13,68.62,99,99,95,Consumer Discretionary,Clothing/Shoe/Accessory Stores
FTDR,"Frontdoor, Inc.",4.1,13.5,100,99,68,Consumer Discretionary,Diversified Commercial Services
MRP,"Millrose Properties, Inc.",1.21,2.68,44,30,34,Finance,Real Estate
NDCVF,Nordic Semiconductor ASA,-0.51,-7.14,15,4,76,Technology,Semiconductors
TCBIO,"Texas Capital Bancshares, Inc.",0.1,-0.17,38,8,34,Finance,Major Banks
CAAP,Corporación América Airports S.A.,1.4,10.87,90,73,69,Consumer Discretionary,Aerospace
WNDLF,Wendel,0.0,0.19,31,10,43,Financial Services,Asset Management
TREX,"Trex Company, Inc.",3.7,23.22,100,91,56,Basic Materials,Forest Products
CNO,"CNO Financial Group, Inc.",-0.78,8.02,86,71,74,Finance,Accident &Health Insurance
TORXF,Torex Gold Resources Inc.,-3.09,-1.14,64,50,48,Basic Materials,Gold
MNDY,monday.com Ltd.,-2.52,-9.63,0,0,3,Technology,Computer Software: Prepackaged Software
RBSFY,Rubis,-5.93,-4.25,0,0,49,Energy,Oil & Gas Refining & Marketing
BKGFF,The Berkeley Group Holdings plc,0.0,2.22,31,10,17,Consumer Cyclical,Residential Construction
BTDR,Bitdeer Technologies Group,0.06,35.02,66,62,90,Finance,Finance: Consumer Services
HKMPF,Hikma Pharmaceuticals PLC,0.0,0.99,26,7,29,Healthcare,Drug Manufacturers - Specialty & Generic
YSS,"York Space Systems, Inc.",1.65,19.15,40,33,70,Industrials,Military/Government/Technical
DOO,BRP Inc.,-0.72,8.36,62,39,32,Consumer Discretionary,Industrial Specialties
CITAF,"COSCO SHIPPING Development Co., Ltd.",0.0,-5.88,3,2,16,Industrials,Aerospace & Defense
MZDAF,Mazda Motor Corporation,0.14,5.07,40,27,35,Consumer Cyclical,Auto Manufacturers
LBTYB,Liberty Global Ltd.,-1.49,-14.56,0,0,62,Telecommunications,Cable & Other Pay Television Services
AMRX,"Amneal Pharmaceuticals, Inc.",-0.43,32.54,91,85,87,Health Care,Biotechnology: Pharmaceutical Preparations
LASR,"nLIGHT, Inc.",0.28,-9.21,1,0,92,Technology,Semiconductors
LION,Lionsgate Studios Corp.,0.91,22.94,75,66,93,Consumer Discretionary,Movies/Entertainment
POST,"Post Holdings, Inc.",-0.62,-9.33,7,0,17,Consumer Staples,Packaged Foods
ANDG,ANDG,-3.13,-0.91,40,24,84,Consumer Discretionary,Business Services
FULTP,Fulton Financial Corporation,-0.43,-1.92,38,19,35,Finance,Major Banks
FMCKL,Federal Home Loan Mortgage Corporation,0.0,-10.24,22,10,12,Financial Services,Mortgage Finance
FMCKJ,Federal Home Loan Mortgage Corporation,0.28,-11.27,23,4,14,Financial Services,Mortgage Finance
FMCCM,Federal Home Loan Mortgage Corporation,-0.21,-0.29,60,52,17,Financial Services,Mortgage Finance
FMCKO,Federal Home Loan Mortgage Corporation,0.0,-11.0,40,30,14,Financial Services,Mortgage Finance
FMCCN,Federal Home Loan Mortgage Corporation,0.0,-15.18,1,0,8,Financial Services,Mortgage Finance
FMCKP,Federal Home Loan Mortgage Corporation,-0.51,-10.14,33,22,13,Financial Services,Mortgage Finance
FMCCP,Federal Home Loan Mortgage Corporation,0.77,-10.68,7,0,13,Financial Services,Mortgage Finance
FMCKI,Federal Home Loan Mortgage Corporation,-3.76,-13.53,0,0,9,Financial Services,Mortgage Finance
AGLXY,AGL Energy Limited,0.0,-7.13,35,28,29,Utilities,Utilities - Independent Power Producers
CYGIY,"CyberAgent, Inc.",0.0,8.13,34,28,13,Communication Services,Advertising Agencies
BDC,Belden Inc.,2.72,16.87,100,100,44,Industrials,Telecommunications Equipment
GTMEF,"Globe Telecom, Inc.",0.0,0.0,31,10,4,Communication Services,Telecom Services
AZZ,AZZ Inc.,3.4,14.72,100,100,83,Industrials,Industrial Specialties
KLBAY,Klabin S.A.,-0.9,-0.3,33,3,21,Basic Materials,Paper & Paper Products
BRC,Brady Corporation,2.23,-0.23,66,49,49,Consumer Discretionary,Miscellaneous manufacturing industries
SKY,"Champion Homes, Inc.",3.37,19.48,100,100,57,Consumer Discretionary,Homebuilding
AGLNF,AGL Energy Limited,0.0,0.0,31,10,28,Utilities,Utilities - Independent Power Producers
PHI,PLDT Inc.,0.17,-9.06,0,0,15,Telecommunications,Telecommunications Equipment
ENVA,"Enova International, Inc.",2.66,23.06,100,100,88,Finance,Finance: Consumer Services
PSUS,"Pershing Square USA, Ltd.",0.96,-5.37,48,34,30,Financial Services,Asset Management
EMAT,Evolution Metals & Technologies Corp.,2.06,-1.59,46,36,4,Basic Materials,Other Industrial Metals & Mining
VNT,Vontier Corporation,3.0,5.34,100,73,11,Industrials,Industrial Machinery/Components
RUN,Sunrun Inc.,8.68,-1.24,29,25,66,Miscellaneous,Industrial Machinery/Components
DSRLF,DiaSorin S.p.A.,-11.71,10.82,36,25,18,Healthcare,Diagnostics & Research
CDPYF,Canadian Apartment Properties Real Estate Investment Trust,-0.28,-2.21,14,2,20,Real Estate,REIT - Residential
SPASF,SATS Ltd.,0.0,6.8,31,10,51,Industrials,Airports & Air Services
SNNRF,SNNRF,-2.24,-13.4,3,3,45,,
TSPCF,Cleanaway Waste Management Limited,-0.3,6.57,73,67,34,Industrials,Waste Management
NAMS,NewAmsterdam Pharma Company N.V.,-1.06,-16.56,0,0,56,Health Care,Biotechnology: Pharmaceutical Preparations
IRT,"Independence Realty Trust, Inc.",-1.0,-5.27,11,4,31,Real Estate,Real Estate Investment Trusts
DOCS,"Doximity, Inc.",0.05,3.02,36,25,2,Technology,EDP Services
SOUN,"SoundHound AI, Inc.",2.3,-15.74,7,2,9,Technology,Computer Software: Prepackaged Software
NP,Neptune Insurance Holdings Inc.,1.49,5.26,100,95,66,Finance,Specialty Insurers
CATY,Cathay General Bancorp,0.07,3.99,57,39,73,Finance,Major Banks
VLEEF,Valeo SE,0.0,20.67,39,30,81,Consumer Cyclical,Auto Parts
BFLBF,Bilfinger SE,0.0,2.79,31,10,33,Industrials,Engineering & Construction
ATHOF,Athabasca Oil Corporation,-1.32,-15.44,0,0,80,Energy,Oil & Gas E&P
DAN,Dana Incorporated,2.71,-13.87,6,1,71,Consumer Discretionary,Auto Parts:O.E.M.
CPRX,"Catalyst Pharmaceuticals, Inc.",-0.06,0.42,37,14,81,Health Care,Biotechnology: Pharmaceutical Preparations
WAY,Waystar Holding Corp.,1.21,-3.85,4,0,3,Technology,EDP Services
OII,"Oceaneering International, Inc.",1.58,-6.09,4,0,78,Energy,Oilfield Services/Equipment
BFLBY,Bilfinger SE,-2.74,-6.0,41,28,22,Industrials,Engineering & Construction
HHH,Howard Hughes Holdings Inc.,0.59,4.42,72,51,26,Real Estate,Real Estate Investment Trusts
KAI,Kadant Inc.,3.92,-1.51,42,31,37,Industrials,Industrial Machinery/Components
MMSI,"Merit Medical Systems, Inc.",3.03,4.23,79,61,15,Health Care,Medical/Dental Instruments
RNST,Renasant Corporation,1.19,1.97,67,49,64,Finance,Major Banks
CRNX,"Crinetics Pharmaceuticals, Inc.",0.34,-1.1,71,58,32,Health Care,Biotechnology: Pharmaceutical Preparations
TWODY,Taylor Wimpey plc,0.94,-0.49,51,37,13,Consumer Cyclical,Residential Construction
MMTOF,Mitsubishi Motors Corporation,0.0,-2.88,3,1,11,Consumer Cyclical,Auto Manufacturers
WSFS,WSFS Financial Corporation,0.79,3.26,69,49,75,Finance,Major Banks
FBP,First BanCorp.,1.08,5.3,77,57,69,Finance,Major Banks
BANF,BancFirst Corporation,0.58,0.24,44,31,32,Finance,Major Banks
SMSMY,Sims Limited,-2.0,30.17,88,81,91,Basic Materials,Steel
BILL,"BILL Holdings, Inc.",0.87,-15.31,0,0,6,Technology,EDP Services
EWTX,"Edgewise Therapeutics, Inc.",5.72,12.16,58,50,92,Health Care,Biotechnology: Pharmaceutical Preparations
MJPNF,"Micronics Japan Co., Ltd.",0.0,29.67,7,3,1,Technology,Semiconductor Equipment & Materials
CCKRF,CCKRF,0.0,-3.4,25,9,42,Healthcare,Pharmaceutical Retailers
SSLLF,Siltronic AG,0.0,11.61,68,57,94,Technology,Semiconductors
UNLRY,PT Unilever Indonesia Tbk,7.2,3.91,100,100,17,Consumer Defensive,Household & Personal Products
SECCF,Serco Group plc,0.0,-12.49,7,5,29,Industrials,Specialty Business Services
OTTR,Otter Tail Corporation,0.89,1.28,50,34,45,Utilities,Electric Utilities: Central
RNG,"RingCentral, Inc.",-1.46,-19.39,0,0,50,Technology,EDP Services
MANU,MANU,2.57,14.6,64,54,80,Consumer Discretionary,Services-Misc. Amusement & Recreation
BTE,Baytex Energy Corp.,-2.69,-23.05,0,0,78,Energy,Oil & Gas Production
SMGSY,SMGSY,0.0,-14.43,4,2,15,Communication Services,Internet Content & Information
BFH,"Bread Financial Holdings, Inc.",0.97,17.09,96,85,87,Consumer Discretionary,Business Services
TXG,"10x Genomics, Inc.",8.17,44.93,100,100,95,Industrials,Biotechnology: Laboratory Analytical Instruments
BHFAM,"Brighthouse Financial, Inc.",1.79,-0.43,53,20,29,Finance,Life Insurance
CVBF,CVB Financial Corp.,1.17,2.51,60,41,53,Finance,Major Banks
LEU,Centrus Energy Corp.,12.38,13.04,89,85,23,Industrials,Mining & Quarrying of Nonmetallic Minerals (No Fuels)
CMTOY,Cementos Argos S.A.,0.0,11.73,94,86,70,Basic Materials,Building Materials
CWYUF,SmartCentres Real Estate Investment Trust,-0.75,2.66,53,28,58,Real Estate,REIT - Retail
ELRXF,AB Electrolux (publ),0.0,7.21,13,10,1,Consumer Cyclical,"Furnishings, Fixtures & Appliances"
NHI,"National Health Investors, Inc.",0.37,-8.6,34,23,23,Real Estate,Real Estate Investment Trusts
PEGRF,Pennon Group Plc,0.0,-6.62,3,1,22,Utilities,Utilities - Regulated Water
CHCLY,"Citizen Watch Co., Ltd.",-4.12,0.1,22,11,94,Consumer Cyclical,Footwear & Accessories
EUZOF,Eurazeo SE,0.0,-4.0,5,2,18,Financial Services,Asset Management
GPGI,"GPGI, Inc.",2.12,20.07,99,97,13,Finance,Finance: Consumer Services
CGAU,Centerra Gold Inc.,-4.82,-0.53,57,38,84,Basic Materials,Precious Metals
FRTAY,freenet AG,0.0,-7.06,6,2,20,Communication Services,Telecom Services
SLG,SL Green Realty Corp.,3.39,21.95,78,62,47,Real Estate,Real Estate Investment Trusts
FUL,H.B. Fuller Company,0.14,9.8,93,81,65,Industrials,Home Furnishings
FLNC,"Fluence Energy, Inc.",5.89,30.94,69,67,95,Miscellaneous,Industrial Machinery/Components
ZLDPF,Zealand Pharma A/S,-0.58,-8.47,47,37,13,Healthcare,Biotechnology
EXTR,"Extreme Networks, Inc.",1.78,33.65,98,90,92,Telecommunications,Computer Communications Equipment
FIBK,"First Interstate BancSystem, Inc.",2.22,3.55,70,50,65,Finance,Major Banks
LIF,"Life360, Inc.",4.21,23.73,100,98,21,Technology,EDP Services
PRBZF,Premium Brands Holdings Corporation,0.71,-6.67,0,0,29,Consumer Defensive,Packaged Foods
KEEL,Keel Infrastructure Corp.,5.36,48.7,100,100,98,Finance,Finance: Consumer Services
AVA,Avista Corporation,0.91,-3.4,0,0,46,Utilities,Power Generation
PIFMY,PT Indofood Sukses Makmur Tbk,1.31,-0.91,46,34,22,Consumer Defensive,Packaged Foods
PHPRF,Primary Health Properties Plc,0.0,10.08,75,54,36,Real Estate,REIT - Healthcare Facilities
AMFPY,Amplifon S.p.A.,0.0,-21.79,31,10,3,Healthcare,Medical Distribution
PPTA,Perpetua Resources Corp.,-2.33,-11.6,47,31,66,Basic Materials,Precious Metals
MMED,"MiniMed Group, Inc.",4.23,27.0,81,76,12,Health Care,Medical/Dental Instruments
BKU,"BankUnited, Inc.",1.41,2.7,53,36,65,Finance,Savings Institutions
SUNC,SunocoCorp LLC,0.67,-12.21,0,0,66,Energy,Integrated oil Companies
CLCGY,Clicks Group Limited,1.57,-5.18,6,0,7,Healthcare,Pharmaceutical Retailers
SENGF,"SINOPEC Engineering (Group) Co., Ltd.",0.0,11.34,83,69,66,Industrials,Engineering & Construction
ETOR,eToro Group Ltd.,1.66,-1.26,19,3,44,Finance,Investment Bankers/Brokers/Service
WSBC,"WesBanco, Inc.",2.54,7.38,80,63,59,Finance,Major Banks
ELF,"e.l.f. Beauty, Inc.",3.08,26.58,84,77,6,Consumer Discretionary,Package Goods/Cosmetics
XNYIF,Xinyi Solar Holdings Limited,0.0,-10.35,4,2,22,Technology,Solar
BFAM,Bright Horizons Family Solutions Inc.,0.48,-4.87,58,47,5,Consumer Discretionary,Other Consumer Services
KGDEY,Kingdee International Software Group Company Limited,5.71,-12.64,16,11,2,Technology,Software - Application
GEF,"Greif, Inc.",-1.42,10.09,82,73,51,Consumer Cyclical,Packaging & Containers
GNW,"Genworth Financial, Inc.",-0.22,-3.87,64,50,54,Finance,Life Insurance
CNK,"Cinemark Holdings, Inc.",1.96,28.26,91,81,71,Consumer Discretionary,Movies/Entertainment
CHFLF,China Feihe Limited,0.0,54.46,94,87,80,Consumer Defensive,Packaged Foods
AVNT,Avient Corporation,2.94,12.19,96,82,61,Industrials,Major Chemicals
KREVF,Keppel REIT,0.0,-11.14,6,3,19,Real Estate,REIT - Office
TLPPF,Telix Pharmaceuticals Limited,0.0,2.97,93,84,43,Healthcare,Biotechnology
NSIT,"Insight Enterprises, Inc.",1.38,17.64,60,52,66,Consumer Discretionary,Catalog/Specialty Distribution
SECYF,SECURE Waste Infrastructure Corp.,0.2,-4.79,38,24,58,Industrials,Waste Management
KN,Knowles Corporation,2.83,17.39,100,100,92,Consumer Staples,Consumer Electronics/Appliances
DYN,"Dyne Therapeutics, Inc.",3.12,12.76,100,100,76,Health Care,Biotechnology: Pharmaceutical Preparations
CON,"Concentra Group Holdings Parent, Inc.",0.63,12.35,97,88,80,Health Care,Medical Specialities
PRMRF,Paramount Resources Ltd.,-2.99,-17.82,0,0,49,Energy,Oil & Gas E&P
BATRA,"Atlanta Braves Holdings, Inc.",-1.14,1.49,55,37,65,Consumer Discretionary,Services-Misc. Amusement & Recreation
SVYSF,Solvay SA,0.0,12.07,91,72,54,Basic Materials,Chemicals
ALHC,"Alignment Healthcare, Inc.",2.05,31.21,100,99,72,Health Care,Medical Specialities
SLVYY,Solvay SA,0.64,8.3,94,74,50,Basic Materials,Chemicals
ISLMF,ISLMF,16.59,-25.54,31,26,4,,
TOWN,TowneBank,0.61,0.29,55,39,46,Finance,Major Banks
VGNT,Versigent PLC,1.62,7.75,53,42,86,Consumer Cyclical,Auto Parts
CHEF,"The Chefs' Warehouse, Inc.",3.28,23.35,100,100,86,Consumer Discretionary,Food Distributors
KXSCF,Kinaxis Inc.,-4.09,-2.66,8,0,18,Technology,Software - Application
SFNC,Simmons First National Corporation,0.88,3.95,70,51,63,Finance,Major Banks
REDLF,REDLF,13.67,9.47,100,100,74,Basic Materials,Gold
SBLK,Star Bulk Carriers Corp.,-3.51,-1.48,0,0,79,Consumer Discretionary,Marine Transportation
CTRRF,CT Real Estate Investment Trust,-3.78,-4.19,29,11,55,Real Estate,REIT - Retail
CLMT,"Calumet, Inc.",-1.54,2.26,1,0,86,Energy,Integrated oil Companies
TGSNF,TGS ASA,-1.25,-14.54,0,0,86,Energy,Oil & Gas Equipment & Services
HAE,Haemonetics Corporation,1.98,24.53,62,50,65,Health Care,Medical/Dental Instruments
CURB,Curbline Properties Corp.,0.07,5.7,59,45,73,Finance,Real Estate
HAWK,"HawkEye 360, Inc.",-7.44,-25.46,0,0,4,Technology,EDP Services
HAYW,"Hayward Holdings, Inc.",2.88,9.33,100,75,41,Industrials,Industrial Machinery/Components
MPT,"Medical Properties Trust, Inc.",-2.58,-9.63,0,0,34,Real Estate,Real Estate Investment Trusts
STLJF,Stella-Jones Inc.,0.0,12.21,92,71,27,Basic Materials,Lumber & Wood Production
FSK,FS KKR Capital Corp.,0.49,-2.5,0,0,13,Finance,Investment Managers
ARCB,ArcBest Corporation,-0.91,15.6,38,30,92,Industrials,Trucking Freight/Courier Services
BOH,Bank of Hawaii Corporation,0.71,0.44,58,41,60,Finance,Major Banks
ATS,ATS Corporation,-1.02,-13.46,10,3,26,Industrials,Industrial Machinery/Components
GPOR,Gulfport Energy Corporation,-0.57,-12.72,2,0,12,Energy,Oil & Gas Production
IPAR,"Interparfums, Inc.",2.59,10.64,81,70,39,Consumer Discretionary,Package Goods/Cosmetics
RHI,Robert Half Inc.,-2.08,23.11,80,70,60,Consumer Discretionary,Professional Services
WDOFF,Wesdome Gold Mines Ltd.,-4.29,-9.32,17,0,60,Basic Materials,Gold
YUEIY,Yue Yuen Industrial (Holdings) Limited,-0.35,-3.98,18,2,33,Consumer Cyclical,Footwear & Accessories
TATYY,Tate & Lyle plc,-0.98,4.97,81,65,81,Consumer Defensive,Packaged Foods
NIC,"Nicolet Bankshares, Inc.",1.59,3.44,84,67,54,Finance,Major Banks
JTCPF,JTC PLC,0.0,-3.21,16,6,52,Financial Services,Asset Management
KLRA,"Kailera Therapeutics, Inc.",4.03,-0.85,32,25,8,Health Care,Biotechnology: Pharmaceutical Preparations
HMNKF,HMS Networks AB (publ),0.0,35.95,89,79,85,Technology,Communication Equipment
BWLP,BW LPG Limited,-3.52,-17.4,0,0,78,Consumer Discretionary,Transportation Services
PAY,"Paymentus Holdings, Inc.",0.62,-13.75,9,2,6,Consumer Discretionary,Business Services
EXK,Endeavour Silver Corp.,-2.82,-8.01,43,33,65,Basic Materials,Precious Metals
OLN,Olin Corporation,-4.3,-16.34,0,0,30,Industrials,Major Chemicals
AKR,AKR,-0.19,-1.35,0,0,48,Real Estate,Real Estate Investment Trusts
SDRL,Seadrill Limited,-4.15,-28.36,0,0,50,Energy,Oil & Gas Production
VOYG,"Voyager Technologies, Inc.",-2.52,-5.91,0,0,73,Industrials,Military/Government/Technical
WSIOF,Wasion Holdings Limited,0.0,16.99,31,10,97,Industrials,Electrical Equipment & Parts
VAC,Marriott Vacations Worldwide Corporation,4.27,33.95,100,100,85,Finance,Real Estate
OPMXF,"Operadora de Sites Mexicanos, S.A.B. de C.V.",-3.66,109.01,92,89,95,Industrials,Engineering & Construction
GRBK,"Green Brick Partners, Inc.",4.51,13.56,100,90,60,Consumer Discretionary,Homebuilding
IMPJY,Webuild S.p.A.,0.0,-3.52,34,18,15,Industrials,Engineering & Construction
BRZE,"Braze, Inc.",-0.55,-12.09,0,0,11,Technology,Computer Software: Prepackaged Software
LGDDF,Lagardere SA,0.0,-0.59,31,10,24,Consumer Cyclical,Specialty Retail
DRTGF,Jet2 plc,0.0,21.45,95,86,36,Consumer Cyclical,Travel Services
TR,"Tootsie Roll Industries, Inc.",-2.29,-10.06,0,0,28,Consumer Staples,Specialty Foods
VNET,"VNET Group, Inc.",-5.2,-14.3,0,0,45,Technology,Computer Software: Programming Data Processing
ACOPF,The a2 Milk Company Limited,0.0,-27.0,6,3,3,Consumer Defensive,Packaged Foods
PHIN,PHINIA Inc.,3.1,8.79,56,43,84,Consumer Discretionary,Auto Parts:O.E.M.
MGEE,"MGE Energy, Inc.",0.25,0.77,50,33,28,Energy,Electric Utilities: Central
IPCFF,International Petroleum Corporation,-4.15,-18.79,0,0,52,Energy,Oil & Gas E&P
ZIM,ZIM Integrated Shipping Services Ltd.,1.5,-3.26,34,22,71,Consumer Discretionary,Marine Transportation
JTTRY,"Japan Airport Terminal Co., Ltd.",0.0,-4.95,47,34,37,Industrials,Airports & Air Services
ACOPY,The a2 Milk Company Limited,0.0,-8.33,21,16,3,Consumer Defensive,Packaged Foods
VISN,"Vistance Networks, Inc.",0.72,8.86,81,56,94,Technology,Radio And Television Broadcasting And Communications Equipment
KD,"Kyndryl Holdings, Inc.",-3.93,-9.32,0,0,2,Technology,EDP Services
YUEIF,Yue Yuen Industrial (Holdings) Limited,0.0,1.12,95,87,38,Consumer Cyclical,Footwear & Accessories
ATKR,Atkore Inc.,5.64,7.68,52,28,79,Miscellaneous,Industrial Machinery/Components
WK,Workiva Inc.,-1.37,-2.45,20,8,4,Technology,Computer Software: Prepackaged Software
GMRS,GMR Solutions Inc.,10.32,13.44,89,77,26,Consumer Discretionary,Transportation Services
IHS,IHS Holding Limited,-0.73,-1.57,0,0,57,Telecommunications,Telecommunications Equipment
FSLY,"Fastly, Inc.",2.81,4.56,35,27,87,Technology,Computer Software: Prepackaged Software
TRMD,TORM plc,1.34,-7.97,49,37,80,Consumer Discretionary,Marine Transportation
CALY,Callaway Golf Company,5.93,17.1,100,100,90,Consumer Discretionary,Recreational Games/Products/Toys
DRMKY,dormakaba Holding AG,-13.47,1.29,18,15,15,Industrials,Building Products & Equipment
BRLXF,Boralex Inc.,0.0,31.01,95,83,78,Utilities,Utilities - Renewable
BICEY,Société BIC SA,0.79,2.23,93,48,56,Consumer Defensive,Household & Personal Products
SUEZY,Südzucker AG,0.0,0.0,31,10,68,Consumer Defensive,Packaged Foods
FCPT,"Four Corners Property Trust, Inc.",0.2,-2.08,36,19,35,Real Estate,Real Estate Investment Trusts
NMIH,"NMI Holdings, Inc.",-0.95,-2.01,76,52,30,Finance,Property-Casualty Insurers
SRAIF,Stadler Rail AG,0.0,6.83,64,44,58,Industrials,Railroads
TGB,Taseko Mines Limited,-3.9,8.02,34,25,89,Basic Materials,Precious Metals
NVG,Nuveen AMT-Free Municipal Credit Income Fund,0.88,3.74,53,24,45,Finance,Investment Managers
CZMWY,Carl Zeiss Meditec AG,-0.59,-5.02,0,0,7,Healthcare,Medical Instruments & Supplies
HUN,Huntsman Corporation,-5.18,-13.67,0,0,58,Industrials,Major Chemicals
MLFNF,Maple Leaf Foods Inc.,2.33,6.45,93,66,47,Consumer Defensive,Packaged Foods
SUPN,"Supernus Pharmaceuticals, Inc.",1.84,-8.85,15,10,37,Health Care,Biotechnology: Pharmaceutical Preparations
SMTGF,SMA Solar Technology AG,0.0,-20.53,2,1,91,Technology,Solar
HTFL,"Heartflow, Inc.",2.44,22.86,100,91,66,Health Care,Medical/Dental Instruments
MXCHY,"Orbia Advance Corporation, S.A.B. de C.V.",0.0,-5.62,0,0,81,Industrials,Conglomerates
IRON,"Disc Medicine, Inc.",0.83,5.61,94,74,59,Health Care,Biotechnology: Pharmaceutical Preparations
AEO,"American Eagle Outfitters, Inc.",4.15,8.6,65,57,51,Consumer Discretionary,Clothing/Shoe/Accessory Stores
NDVLY,New World Development Company Limited,2.44,-12.5,4,0,25,Real Estate,Real Estate - Diversified
BRAI,Braiin Limited,-8.65,22.32,22,20,9,Technology,EDP Services
WAFDP,"WaFd, Inc.",0.39,1.38,77,45,42,Finance,Major Banks
TMC,TMC the metals company Inc.,0.39,0.59,10,0,20,Basic Materials,Metal Mining
FXCNF,FXCNF,0.0,-18.06,4,2,85,Technology,Consumer Electronics
VVX,"V2X, Inc.",-3.46,19.33,68,59,85,Consumer Discretionary,Diversified Commercial Services
IDYA,"IDEAYA Biosciences, Inc.",-0.1,5.33,85,73,52,Health Care,Biotechnology: Pharmaceutical Preparations
IVT,InvenTrust Properties Corp.,0.38,5.7,61,43,62,Real Estate,Real Estate Investment Trusts
HKUOY,Hakuhodo DY Holdings Inc,0.0,-5.5,11,4,35,Communication Services,Advertising Agencies
ZNKKY,"ZENKOKU HOSHO Co.,Ltd.",0.0,-5.75,26,12,21,Financial Services,Credit Services
PDIYF,Predictive Discovery Limited,-1.5,-0.16,88,82,90,Basic Materials,Gold
LCID,"Lucid Group, Inc.",4.28,-5.63,30,21,1,Industrials,Auto Manufacturing
USNZY,Usinas Siderúrgicas de Minas Gerais S.A.,-5.98,-6.49,0,0,89,Basic Materials,Steel
ELUXY,AB Electrolux (publ),-0.85,8.59,31,24,19,Consumer Cyclical,"Furnishings, Fixtures & Appliances"
CUBI,"Customers Bancorp, Inc.",1.11,0.46,55,40,64,Finance,Major Banks
WU,The Western Union Company,-0.7,-14.33,0,0,15,Consumer Discretionary,Business Services
FRME,First Merchants Corporation,0.32,2.47,58,42,53,Finance,Major Banks
CALX,"Calix, Inc.",1.09,-1.09,6,0,6,Consumer Discretionary,Telecommunications Equipment
IMOS,ChipMOS TECHNOLOGIES INC.,12.85,37.31,85,80,96,Technology,Semiconductors
FURCF,Forvia SE,0.0,0.39,21,15,31,Consumer Cyclical,Auto Parts
CSIOY,"Casio Computer Co.,Ltd.",5.9,6.54,77,63,80,Technology,Consumer Electronics
DGII,Digi International Inc.,2.49,10.94,94,64,90,Telecommunications,Computer Communications Equipment
BW,"Babcock & Wilcox Enterprises, Inc.",1.28,-9.34,41,31,98,Industrials,Building Products
CHRYY,Chorus Limited,-0.88,-3.69,34,22,45,Communication Services,Telecom Services
SRBEF,Vusion S.A.,0.0,11.32,54,37,33,Technology,Software - Application
KWR,Quaker Chemical Corporation,1.4,7.04,100,85,66,Industrials,Major Chemicals
COHU,"Cohu, Inc.",6.04,54.29,100,100,97,Industrials,Electrical Products
EKTAF,Elekta AB (publ),0.0,-22.46,0,0,16,Healthcare,Medical Devices
PPAAY,PT Perusahaan Gas Negara (Persero) Tbk,0.0,-12.32,31,16,17,Utilities,Utilities - Regulated Gas
UAA,"Under Armour, Inc.",6.32,17.67,94,82,53,Consumer Discretionary,Apparel
IMNM,"Immunome, Inc.",1.13,-12.96,16,13,79,Health Care,Biotechnology: Pharmaceutical Preparations
MRPLY,Mr Price Group Limited,5.25,10.37,100,90,30,Consumer Cyclical,Apparel Retail
IWGFF,International Workplace Group plc,0.2,-4.09,34,2,28,Real Estate,Real Estate Services
BCC,Boise Cascade Company,5.44,11.32,100,100,33,Consumer Discretionary,RETAIL: Building Materials
TALO,Talos Energy Inc.,-1.57,-15.0,1,0,67,Energy,Oil & Gas Production
AEBZY,Anadolu Efes Biracilik ve Malt Sanayii Anonim Sirketi,8.33,-7.14,51,39,51,Consumer Defensive,Beverages - Non-Alcoholic
PK,Park Hotels & Resorts Inc.,1.52,29.24,100,94,83,Consumer Discretionary,Hotels/Resorts
ILKAY,Iluka Resources Limited,3.42,1.24,70,59,87,Basic Materials,Other Industrial Metals & Mining
CHA,Chagee Holdings Limited,1.13,14.44,60,55,13,Consumer Discretionary,Restaurants
OVHFF,OVH Groupe S.A.,0.0,40.1,90,81,90,Technology,Software - Infrastructure
HTO,H2O America,0.48,-0.39,26,15,51,Utilities,Water Supply
BBAI,"BigBear.ai Holdings, Inc.",1.03,-3.92,0,0,18,Technology,Computer Software: Prepackaged Software
ELVN,"Enliven Therapeutics, Inc.",0.53,7.74,88,82,93,Health Care,Biotechnology: Pharmaceutical Preparations
NBTB,NBT Bancorp Inc.,0.71,3.26,49,34,58,Finance,Major Banks
HNWAF,"Hanwa Co., Ltd.",0.0,0.0,55,40,1,Industrials,Conglomerates
NSHBY,Nisshinbo Holdings Inc.,0.0,0.0,31,10,94,Industrials,Conglomerates
ALSSF,"Alsea, S.A.B. de C.V.",0.0,-5.0,25,9,25,Consumer Cyclical,Restaurants
NGVT,Ingevity Corporation,2.31,11.08,100,94,76,Industrials,Major Chemicals
AKRTF,Aker Solutions ASA,-7.47,-5.85,0,0,78,Energy,Oil & Gas Equipment & Services
ATUSF,Altius Minerals Corporation,-0.75,14.62,81,68,89,Basic Materials,Other Industrial Metals & Mining
PRRFY,Premier Foods plc,0.0,-2.24,31,10,37,Consumer Defensive,Packaged Foods
DNOW,DNOW Inc.,-0.15,2.27,53,35,35,Consumer Discretionary,Oil and Gas Field Machinery
RNW,ReNew Energy Global Plc,2.1,13.87,71,48,47,Utilities,Electric Utilities: Central
ZZHGY,"ZhongAn Online P & C Insurance Co., Ltd.",0.0,-15.19,4,2,4,Financial Services,Insurance - Property & Casualty
BUSEP,First Busey Corporation,0.25,1.77,49,16,36,Finance,Major Banks
AVPT,"AvePoint, Inc.",-3.16,0.58,29,16,10,Technology,Computer Software: Prepackaged Software
JBFCY,Jollibee Foods Corporation,-2.16,0.33,47,28,4,Consumer Cyclical,Restaurants
MH,"McGraw Hill, Inc.",-4.16,-21.17,0,0,4,Consumer Discretionary,Publishing
KOD,Kodiak Sciences Inc.,1.2,-0.22,80,68,98,Health Care,Biotechnology: Biological Products (No Diagnostic Substances)
HE,"Hawaiian Electric Industries, Inc.",-0.69,-5.31,3,0,43,Utilities,Electric Utilities: Central
SWONF,SoftwareOne Holding AG,0.0,9.21,72,51,63,Technology,Software - Application
DRVN,Driven Brands Holdings Inc.,1.04,-2.39,0,0,27,Consumer Discretionary,Automotive Aftermarket
DRD,DRDGOLD Limited,-0.33,-8.66,39,23,48,Basic Materials,Precious Metals
IMYSY,Imerys S.A.,0.0,4.79,62,30,39,Basic Materials,Specialty Chemicals
RAMP,"LiveRamp Holdings, Inc.",0.35,0.03,41,17,77,Technology,EDP Services
DRH,DiamondRock Hospitality Company,3.71,14.41,100,92,83,Real Estate,Real Estate Investment Trusts
AKRYY,Aker Solutions ASA,0.0,6.32,93,84,93,Energy,Oil & Gas Equipment & Services
HNI,HNI Corporation,7.56,15.8,100,100,20,Consumer Discretionary,Office Equipment/Supplies/Services
PCT,"PureCycle Technologies, Inc.",0.93,-26.64,9,7,42,Industrials,Major Chemicals
MNR,MNR,-0.16,-11.76,0,0,34,Energy,Oil & Gas Production
ALZCF,AlzChem Group AG,0.0,4.65,50,36,71,Basic Materials,Specialty Chemicals
CRPHY,Ceres Power Holdings plc,-1.84,-9.34,0,0,98,Industrials,Electrical Equipment & Parts
NMZ,Nuveen Municipal High Income Opportunity Fund,0.97,3.94,72,38,41,Finance,Finance/Investors Services
EFSCP,Enterprise Financial Services Corp,0.0,-1.79,33,8,41,Finance,Major Banks
CCU,Compañía Cervecerías Unidas S.A.,-1.31,-3.01,23,9,25,Consumer Staples,Beverages (Production/Distribution)
EKTAY,Elekta AB (publ),-0.2,-21.53,0,0,22,Healthcare,Medical Devices
SPKKY,Spark New Zealand Limited,1.85,-4.34,43,26,15,Communication Services,Telecom Services
CDGLY,ComfortDelGro Corporation Limited,6.16,14.21,100,78,33,Industrials,Railroads
ODFJF,ODFJF,0.0,-13.14,0,0,90,Energy,Oil & Gas Drilling
MBIN,Merchants Bancorp,0.64,6.88,67,51,80,Finance,Major Banks
MBINN,Merchants Bancorp,-0.88,-0.43,53,17,44,Finance,Major Banks
MLCO,Melco Resorts & Entertainment Limited,1.65,2.41,21,16,13,Consumer Discretionary,Hotels/Resorts
DRDGF,DRDGOLD Limited,0.0,0.0,31,10,51,Basic Materials,Gold
WLYB,"John Wiley & Sons, Inc.",0.0,9.97,91,76,71,Consumer Discretionary,Books
PLUS,ePlus inc.,1.85,-1.0,25,20,46,Technology,Retail: Computer Software & Peripheral Equipment
WS,"Worthington Steel, Inc.",3.9,4.39,32,12,77,Industrials,Steel/Iron Ore
RPBPF,RPBPF,3.68,33.88,48,43,95,Technology,Electronic Components
GMOYF,"GMO internet group, Inc.",0.0,-8.28,10,3,22,Communication Services,Telecom Services
ACHC,"Acadia Healthcare Company, Inc.",5.83,3.32,65,47,70,Health Care,Medical Specialities
ABBRF,AbraSilver Resource Corp.,-7.82,-22.15,0,0,91,Basic Materials,Other Precious Metals & Mining
ARR,"ARMOUR Residential REIT, Inc.",0.48,3.21,46,1,57,Real Estate,Real Estate Investment Trusts
SYBT,"Stock Yards Bancorp, Inc.",1.19,3.48,60,43,48,Finance,Major Banks
ATHM,Autohome Inc.,1.01,6.85,77,71,11,Technology,EDP Services
OKCTF,Okinawa Cellular Telephone Company,0.0,0.0,31,10,1,Communication Services,Telecom Services
XRAY,DENTSPLY SIRONA Inc.,2.99,4.98,71,54,14,Health Care,Medical/Dental Instruments
CLBK,"Columbia Financial, Inc.",0.96,-0.79,22,12,70,Finance,Savings Institutions
AESI,Atlas Energy Solutions Inc.,0.75,-17.97,0,0,77,Industrials,Mining & Quarrying of Nonmetallic Minerals (No Fuels)
SPSC,"SPS Commerce, Inc.",0.55,-1.14,4,0,4,Technology,Computer Software: Prepackaged Software
GEBHF,Genting Berhad,0.0,-18.18,15,6,10,Consumer Cyclical,Resorts & Casinos
MKMLF,"Makino Milling Machine Co., Ltd.",0.0,6.4,66,41,1,Industrials,Specialty Industrial Machinery
SLDE,"Slide Insurance Holdings, Inc.",-1.54,-11.24,25,17,32,Finance,Property-Casualty Insurers
LC,LendingClub Corporation,2.13,20.97,100,97,77,Finance,Finance: Consumer Services
IOSP,Innospec Inc.,-0.46,5.17,42,29,55,Industrials,Major Chemicals
MHD,"BlackRock MuniHoldings Fund, Inc.",0.69,3.15,58,22,42,Finance,Investment Bankers/Brokers/Service
PRDO,Perdoceo Education Corporation,0.82,-4.82,3,0,31,Real Estate,Other Consumer Services
PTKFY,PT Kalbe Farma Tbk.,0.0,-6.22,35,24,3,Healthcare,Drug Manufacturers - General
FORTY,Formula Systems (1985) Ltd.,-5.21,-14.1,0,0,22,Technology,EDP Services
LCSHF,Lancashire Holdings Limited,0.0,3.04,50,19,35,Financial Services,Insurance - Specialty
TRVI,"Trevi Therapeutics, Inc.",5.13,23.99,100,100,93,Health Care,Biotechnology: Pharmaceutical Preparations
OMCL,"Omnicell, Inc.",1.43,-12.68,14,3,61,Technology,Computer Manufacturing
TAVHF,TAV Havalimanlari Holding A.S.,0.0,-10.65,12,6,16,Industrials,Airports & Air Services
BHC,Bausch Health Companies Inc.,0.21,-13.27,0,0,12,Health Care,Biotechnology: Pharmaceutical Preparations
CMGMY,Chemring Group PLC,-3.63,7.97,26,18,26,Industrials,Aerospace & Defense
HRUFF,H&R Real Estate Investment Trust,1.94,4.86,59,48,39,Real Estate,REIT - Diversified
GNL,"Global Net Lease, Inc.",1.1,-2.33,15,6,58,Real Estate,Real Estate Investment Trusts
FLYW,Flywire Corporation,2.79,-0.38,77,62,73,Consumer Discretionary,Business Services
NMM,Navios Maritime Partners L.P.,-3.08,-6.74,22,9,78,Consumer Discretionary,Marine Transportation
OCUL,"Ocular Therapeutix, Inc.",-2.18,17.43,80,72,29,Health Care,Biotechnology: Pharmaceutical Preparations
SESMF,SUSS MicroTec SE,2.61,18.0,100,100,96,Technology,Semiconductor Equipment & Materials
NTLA,"Intellia Therapeutics, Inc.",3.09,27.81,100,100,81,Health Care,Biotechnology: In Vitro & In Vivo Diagnostic Substances
UHOIF,Ushio Inc.,0.0,12.89,94,86,92,Industrials,Specialty Industrial Machinery
BLX,"Banco Latinoamericano de Comercio Exterior, S. A.",1.91,8.92,88,74,76,Finance,Commercial Banks
NEOG,Neogen Corporation,4.26,5.44,82,57,81,Health Care,Biotechnology: In Vitro & In Vivo Diagnostic Substances
PDFS,"PDF Solutions, Inc.",7.02,45.96,100,97,96,Technology,Computer Software: Prepackaged Software
ALKT,"Alkami Technology, Inc.",-2.72,-12.83,0,0,6,Technology,Computer Software: Prepackaged Software
SION,"Sionna Therapeutics, Inc.",1.55,-5.57,36,28,84,Health Care,Biotechnology: Pharmaceutical Preparations
STOK,"Stoke Therapeutics, Inc.",2.45,2.33,88,73,79,Health Care,Biotechnology: Pharmaceutical Preparations
PFFVF,Pfeiffer Vacuum Technology AG,0.0,-2.51,30,10,43,Industrials,Specialty Industrial Machinery
SKYT,"SkyWater Technology, Inc.",1.67,4.1,28,0,96,Technology,Semiconductors
JPEVF,JPEVF,0.0,0.0,31,10,1,Industrials,Specialty Business Services
PLAB,"Photronics, Inc.",8.45,-32.51,16,12,67,Technology,Semiconductors
STEL,"Stellar Bancorp, Inc.",0.39,3.1,71,45,68,Finance,Major Banks
BLDP,Ballard Power Systems Inc.,5.05,-8.19,11,10,93,Energy,Industrial Machinery/Components
RAPP,"Rapport Therapeutics, Inc.",1.27,4.54,56,48,91,Health Care,Biotechnology: Pharmaceutical Preparations
AGM,Federal Agricultural Mortgage Corporation,0.14,5.58,88,62,59,Finance,Finance Companies
ABCL,AbCellera Biologics Inc.,1.65,21.01,35,29,87,Health Care,Biotechnology: Pharmaceutical Preparations
PDO,Pimco Dynamic Income Opportunities Fund,0.78,1.7,51,17,39,Finance,Trusts Except Educational Religious and Charitable
FBYD,"Falcon's Beyond Global, Inc.",3.47,17.38,47,41,94,Consumer Discretionary,Services-Misc. Amusement & Recreation
TY,Tri-Continental Corporation,0.0,2.87,67,25,55,Finance,Finance Companies
LGYRF,Landis+Gyr Group AG,0.0,11.34,75,51,34,Industrials,Electrical Equipment & Parts
PUMP,ProPetro Holding Corp.,-0.74,-13.39,0,0,91,Energy,Oilfield Services/Equipment
SGML,Sigma Lithium Corporation,-7.77,-11.02,8,0,92,Basic Materials,Metal Mining
FIVN,"Five9, Inc.",0.18,-12.99,0,0,28,Technology,EDP Services
CMRE,Costamare Inc.,-0.65,-12.75,0,0,56,Consumer Discretionary,Marine Transportation
GUYGF,G2 Goldfields Inc.,-0.63,-4.33,82,69,95,Basic Materials,Gold
ADMA,"ADMA Biologics, Inc.",-1.31,-2.92,65,51,2,Health Care,Biotechnology: Biological Products (No Diagnostic Substances)
QFIN,"Qfin Holdings, Inc.",1.2,21.1,70,66,14,Finance,Finance: Consumer Services
KNCAF,"Konica Minolta, Inc.",0.0,13.31,78,57,71,Industrials,Business Equipment & Supplies
BLRDF,Billerud AB (publ),0.0,46.67,91,81,53,Basic Materials,Paper & Paper Products
AIN,Albany International Corp.,1.01,18.44,91,79,76,Consumer Discretionary,Textiles
CTS,CTS Corporation,3.52,12.78,78,61,86,Technology,Electrical Products
GDNGY,PT Gudang Garam Tbk,-2.79,-7.2,51,35,67,Consumer Defensive,Tobacco
HRMY,"Harmony Biosciences Holdings, Inc.",-1.45,6.05,49,38,44,Health Care,Biotechnology: Pharmaceutical Preparations
ASAN,"Asana, Inc.",-2.54,4.22,21,16,6,Technology,Computer Software: Prepackaged Software
DETRF,Deterra Royalties Limited,-7.77,-3.96,21,13,62,Basic Materials,Other Industrial Metals & Mining
SFRGY,Salvatore Ferragamo S.p.A.,-8.39,29.85,63,57,87,Consumer Cyclical,Luxury Goods
ECO,Okeanis Eco Tankers Corp.,2.84,-3.97,76,60,88,Consumer Discretionary,Marine Transportation
TIC,"TIC Solutions, Inc.",3.82,-1.98,67,42,21,Consumer Discretionary,Business Services
PRLB,"Proto Labs, Inc.",1.87,13.96,100,95,89,Industrials,Metal Fabrications
BKSY,BlackSky Technology Inc.,-1.8,-36.4,1,0,88,Technology,Radio And Television Broadcasting And Communications Equipment
ADNT,Adient plc,1.52,0.73,3,0,38,Consumer Discretionary,Auto Parts:O.E.M.
TBNGY,PT Bukit Asam (Persero) Tbk,0.0,-4.05,6,3,25,Energy,Thermal Coal
ANIP,"ANI Pharmaceuticals, Inc.",-1.28,-3.06,54,41,40,Health Care,Biotechnology: Pharmaceutical Preparations
CBZ,"CBIZ, Inc.",-5.27,-1.55,0,0,9,Consumer Discretionary,Business Services
INTA,"Intapp, Inc.",0.05,5.15,45,40,3,Technology,Computer Software: Prepackaged Software
NNWWF,The North West Company Inc.,0.23,-7.0,14,9,28,Consumer Defensive,Grocery Stores
SREMF,Sunrise Energy Metals Limited,1.36,45.63,100,96,99,Industrials,Pollution & Treatment Controls
BEPTF,Beach Energy Limited,0.0,-11.11,6,3,21,Energy,Oil & Gas E&P
RUPRF,Rupert Resources Ltd.,2.41,-16.15,24,14,84,Basic Materials,Gold
CMPS,COMPASS Pathways plc,4.94,15.27,44,35,95,Health Care,Biotechnology: Pharmaceutical Preparations
WIPKF,WIPKF,0.31,0.17,21,6,21,Consumer Cyclical,Packaging & Containers
CHCO,City Holding Company,0.4,2.62,45,28,46,Finance,Major Banks
AGIO,"Agios Pharmaceuticals, Inc.",3.26,19.86,100,100,57,Health Care,Biotechnology: Pharmaceutical Preparations
FSHYF,Shougang Fushan Resources Group Limited,-13.56,-8.21,0,0,76,Basic Materials,Coking Coal
HURN,Huron Consulting Group Inc.,-14.73,-15.53,0,0,4,Consumer Discretionary,Professional Services
ETV,Eaton Vance Tax-Managed Buy-Write Opportunities Fund,1.29,2.81,87,23,55,Finance,Investment Bankers/Brokers/Service
CASH,"Pathward Financial, Inc.",1.3,-0.58,63,49,37,Finance,Major Banks
CAPR,"Capricor Therapeutics, Inc.",1.54,-2.17,67,52,93,Health Care,Biotechnology: Pharmaceutical Preparations
NKRKF,Nokian Renkaat Oyj,0.0,-0.25,31,10,75,Consumer Cyclical,Auto Parts
BCAUF,BCAUF,0.0,-3.33,32,12,7,Unknown,Unknown
BL,"BlackLine, Inc.",-0.11,-13.2,0,0,2,Technology,Computer Software: Prepackaged Software
WD,"Walker & Dunlop, Inc.",1.88,5.93,70,53,25,Finance,Finance: Consumer Services
USA,Liberty All-Star Equity Fund,0.87,0.69,42,3,36,Finance,Finance Companies
MGPPF,Megaport Limited,0.0,80.79,92,82,91,Technology,Software - Infrastructure
APPN,Appian Corporation,-2.83,-1.83,0,0,6,Technology,Computer Software: Prepackaged Software
SOIEF,Stolt-Nielsen Limited,0.0,1.28,58,28,42,Industrials,Marine Shipping
FMC,FMC Corporation,-3.59,-8.98,17,4,3,Industrials,Major Chemicals
SLSR,Solaris Resources Inc.,-6.09,-8.95,17,4,82,Basic Materials,Other Precious Metals & Mining
AMBQ,AMBQ,14.36,18.1,100,100,97,Technology,Semiconductors
EFC,Ellington Financial Inc.,0.15,0.52,23,12,58,Finance,Real Estate
CRRSF,CRRSF,7.33,3.43,61,51,70,,
CMOPF,Cosmo N.V.,-5.95,-15.31,0,0,24,Healthcare,Drug Manufacturers - General
DALXF,Spartan Delta Corp.,-4.47,-22.36,0,0,87,Energy,Oil & Gas E&P
XPRO,Expro Group Holdings N.V.,-4.23,-18.56,0,0,45,Energy,Oilfield Services/Equipment
LWLG,"Lightwave Logic, Inc.",5.39,-16.34,11,6,97,Industrials,Containers/Packaging
SYAXF,Elevra Lithium Limited,2.17,7.19,72,61,97,Basic Materials,Other Industrial Metals & Mining
IIPR,"Innovative Industrial Properties, Inc.",1.62,6.05,50,38,60,Finance,Real Estate
XFABF,X-FAB Silicon Foundries SE,-1.07,42.97,34,31,92,Technology,Semiconductors
WBTN,WEBTOON Entertainment Inc.,-0.61,-1.29,21,13,49,Consumer Discretionary,Publishing
LMPMY,Lee & Man Paper Manufacturing Limited,0.0,-7.5,8,4,45,Basic Materials,Paper & Paper Products
AIP,"Arteris, Inc.",4.67,26.21,100,100,98,Technology,Semiconductors
HCTPF,Hutchison Port Holdings Trust,0.0,-5.56,6,3,37,Industrials,Marine Shipping
GEAHF,Great Eagle Holdings Limited,0.0,-10.2,10,5,63,Real Estate,Real Estate - Diversified
BOEUF,Bonesupport Holding AB (publ),0.0,-12.69,1,0,29,Healthcare,Medical Instruments & Supplies
IMKTA,"Ingles Markets, Incorporated",0.41,1.06,12,4,66,Consumer Staples,Food Chains
GABC,"German American Bancorp, Inc.",0.67,4.48,56,40,60,Finance,Major Banks
TSLX,"Sixth Street Specialty Lending, Inc.",0.67,-2.33,33,18,14,Finance,Investment Managers
STMRF,Stanmore Resources Limited,0.0,-0.56,22,6,66,Basic Materials,Coking Coal
DXC,DXC Technology Company,-4.12,-5.49,0,0,3,Technology,EDP Services
TNIEF,tonies SE,0.0,6.57,93,83,78,Consumer Cyclical,Leisure
KSS,Kohl's Corporation,3.98,42.39,82,77,76,Consumer Discretionary,Department/Specialty Retail Stores
VIR,"Vir Biotechnology, Inc.",-1.51,3.15,67,56,82,Health Care,Biotechnology: Biological Products (No Diagnostic Substances)
XHR,"Xenia Hotels & Resorts, Inc.",2.51,18.46,100,100,83,Consumer Discretionary,Hotels/Resorts
AMLX,"Amylyx Pharmaceuticals, Inc.",2.75,15.14,100,100,86,Health Care,Biotechnology: Pharmaceutical Preparations
RHUHF,Richelieu Hardware Ltd.,0.0,-1.42,7,0,33,Industrials,Tools & Accessories
INVA,"Innoviva, Inc.",-0.66,1.12,54,39,47,Health Care,Biotechnology: Pharmaceutical Preparations
VRNO,Verano Holdings Corp,-0.87,4.64,40,31,65,Healthcare,Drug Manufacturers - Specialty & Generic
FSUN,FirstSun Capital Bancorp,2.12,0.47,61,44,34,Finance,Major Banks
BFC,Bank First Corporation,0.91,-0.26,56,39,55,Finance,Major Banks
PGEN,"Precigen, Inc.",1.9,12.88,100,98,91,Health Care,Biotechnology: Pharmaceutical Preparations
IMTX,Immatics N.V.,2.73,-12.83,27,20,69,Health Care,Biotechnology: Biological Products (No Diagnostic Substances)
BORR,Borr Drilling Limited,-1.17,-31.72,0,0,69,Energy,Oil & Gas Production
OGCP,"Empire State Realty OP, L.P.",0.0,11.04,81,64,27,Real Estate,REIT - Office
LZB,La-Z-Boy Incorporated,-1.44,12.29,82,72,58,Consumer Discretionary,Home Furnishings
IMDXF,Imdex Limited,0.0,-2.69,46,17,79,Industrials,Farm & Heavy Construction Machinery
DMRA,"Damora Therapeutics, Inc.",-0.89,-12.09,22,20,97,Health Care,Biotechnology: Pharmaceutical Preparations
LWSCF,Sienna Senior Living Inc.,0.59,-3.98,46,32,45,Healthcare,Medical Care Facilities
JPDYY,Japan Display Inc.,0.0,11.76,89,77,93,Technology,Electronic Components
LNDAF,"Línea Directa Aseguradora, S.A., Compañía de Seguros y Reaseguros",0.0,-1.41,31,10,27,Financial Services,Insurance - Property & Casualty
CCS,"Century Communities, Inc.",5.61,26.19,100,100,50,Consumer Discretionary,Homebuilding
NHNKY,Nihon Kohden Corporation,0.54,-10.2,23,19,11,Healthcare,Medical Devices
TRINZ,Trinity Capital Inc. 7.875% Notes due 2029,0.08,1.26,55,25,42,Finance,Finance: Consumer Services
SNIRF,Senior plc,0.0,-2.85,52,33,79,Industrials,Aerospace & Defense
CNOB,"ConnectOne Bancorp, Inc.",0.78,8.64,84,66,75,Finance,Major Banks
WACLY,Wacoal Holdings Corp.,0.0,-0.46,38,23,20,Consumer Cyclical,Apparel Manufacturing
NNE,NANO Nuclear Energy Inc.,11.46,16.04,74,68,40,Utilities,Electric Utilities: Central
ACKAY,Arçelik Anonim Sirketi,0.0,-6.46,61,41,12,Consumer Cyclical,"Furnishings, Fixtures & Appliances"
MBX,"MBX Biosciences, Inc.",3.46,36.91,100,100,96,Health Care,Biotechnology: Pharmaceutical Preparations
ALKEF,Alkane Resources Ltd,-0.89,3.74,85,69,86,Basic Materials,Gold
CBL,"CBL & Associates Properties, Inc.",0.34,0.59,21,12,84,Real Estate,Real Estate Investment Trusts
RYZ,Ryerson Holding Corporation,-1.21,11.01,43,30,75,Industrials,Metal Fabrications
BTT,Blackrock Municipal 2030 Target Term Trust,0.09,0.38,28,12,38,Finance,Investment Managers
KARO,Karooooo Ltd.,2.11,0.62,32,13,31,Technology,Computer Software: Prepackaged Software
MAN,ManpowerGroup Inc.,-2.16,23.76,84,74,54,Consumer Discretionary,Professional Services
EBRCZ,EBRCZ,48.56,-25.28,49,46,2,Healthcare,Medical Devices
WEN,The Wendy's Company,-2.16,-10.63,12,4,14,Consumer Discretionary,Restaurants
ASCUF,Arizona Sonoran Copper Company Inc.,-2.06,12.31,45,38,96,Basic Materials,Copper
GBX,"The Greenbrier Companies, Inc.",0.81,3.52,97,82,44,Industrials,Railroads
FTRE,Fortrea Holdings Inc.,-0.07,11.75,54,45,90,Health Care,Medical Specialities
KMPB,KMPB,-0.17,0.85,46,16,46,Finance,Property-Casualty Insurers
CRLFF,Cardinal Energy Ltd.,-1.96,-18.81,0,0,68,Energy,Oil & Gas E&P
FUGRF,Fugro N.V.,0.0,0.99,43,31,63,Energy,Oil & Gas Equipment & Services
CSWC,Capital Southwest Corporation,0.61,-0.04,25,8,54,Consumer Discretionary,Textiles
WZZZY,Wizz Air Holdings Plc,0.0,10.28,95,87,46,Industrials,Airlines
PLTK,Playtika Holding Corp.,0.0,0.0,62,54,40,Technology,EDP Services
BCAX,Bicara Therapeutics Inc.,1.35,13.71,100,93,89,Health Care,Biotechnology: Pharmaceutical Preparations
CRI,"Carter's, Inc.",2.95,15.41,89,76,76,Consumer Discretionary,Apparel
ALMR,"Alamar Biosciences, Inc.",8.71,8.93,84,72,34,Industrials,Biotechnology: Laboratory Analytical Instruments
HCSG,"Healthcare Services Group, Inc.",2.55,10.18,100,99,77,Health Care,Hospital/Nursing Management
AVBP,"ArriVent BioPharma, Inc.",1.21,16.61,84,77,83,Health Care,Biotechnology: Pharmaceutical Preparations
TRRSF,Trisura Group Ltd.,-1.29,0.76,44,29,32,Financial Services,Insurance - Specialty
BORAY,"Bora Pharmaceuticals Co., Ltd.",15.11,-23.82,24,19,2,,
BAK,Braskem S.A.,-12.5,-39.0,0,0,10,Industrials,Major Chemicals
FOR,Forestar Group Inc.,3.13,12.6,95,71,67,Finance,Real Estate
ARRY,"Array Technologies, Inc.",4.44,-3.15,44,35,45,Consumer Discretionary,Miscellaneous manufacturing industries
HBNB,Hotel101 Global Holdings Corp.,0.37,-10.62,28,21,18,Consumer Discretionary,Hotels/Resorts
IDT,IDT Corporation,2.95,5.22,65,43,35,Telecommunications,Telecommunications Equipment
SVV,"Savers Value Village, Inc.",5.07,28.48,100,93,47,Consumer Discretionary,Other Specialty Stores
NRP,Natural Resource Partners L.P.,0.49,-1.67,7,0,26,Energy,Coal Mining
WBI,WaterBridge Infrastructure LLC,8.08,9.11,100,97,83,Energy,Oilfield Services/Equipment
TDOC,"Teladoc Health, Inc.",6.32,24.54,100,100,69,Health Care,Medical/Nursing Services
OLPX,"Olaplex Holdings, Inc.",0.0,0.99,39,19,85,Consumer Discretionary,Package Goods/Cosmetics
NBR,Nabors Industries Ltd.,-2.34,-18.29,0,0,90,Energy,Oil & Gas Production
CRML,Critical Metals Corp.,0.79,-5.58,27,18,91,Basic Materials,Metal Mining
SWDHY,Skyworth Group Limited,0.0,-10.04,6,3,91,Technology,Consumer Electronics
AOSL,Alpha and Omega Semiconductor Limited,11.33,18.33,66,61,94,Technology,Semiconductors
ATVDY,"Atresmedia Corporación de Medios de Comunicación, S.A.",0.0,-4.63,56,39,30,Communication Services,Entertainment
MUC,"BlackRock MuniHoldings California Quality Fund, Inc.",0.74,2.98,52,23,43,Finance,Investment Bankers/Brokers/Service
MALJF,Magellan Aerospace Corporation,1.64,12.77,39,23,88,Industrials,Aerospace & Defense
MYI,"BlackRock MuniYield Quality Fund III, Inc.",0.73,2.95,53,22,43,Finance,Investment Bankers/Brokers/Service
LIFZF,Labrador Iron Ore Royalty Corporation,-1.07,0.55,34,5,33,Basic Materials,Steel
NSSC,"Napco Security Technologies, Inc.",3.69,2.25,94,69,30,Telecommunications,Telecommunications Equipment
NVGS,Navigator Holdings Ltd.,-1.23,-8.74,11,0,73,Consumer Discretionary,Marine Transportation
CCEC,Capital Clean Energy Carriers Corp.,-2.53,-7.05,0,0,30,Consumer Discretionary,Marine Transportation
LSPD,Lightspeed Commerce Inc.,0.86,4.91,68,48,20,Technology,Computer Software: Prepackaged Software
COAG,"Hemab Therapeutics Holdings, Inc.",10.55,10.46,100,100,16,Health Care,Biotechnology: Biological Products (No Diagnostic Substances)
KELTF,Kelt Exploration Ltd.,-4.62,-14.86,0,0,45,Energy,Oil & Gas E&P
GCT,GigaCloud Technology Inc.,3.0,-9.0,29,22,50,Consumer Discretionary,Catalog/Specialty Distribution
CHNFF,CHNFF,0.0,77.58,98,94,86,Consumer Defensive,Beverages - Non-Alcoholic
TUYA,Tuya Inc.,-3.11,-9.66,0,0,11,Technology,Computer Software: Prepackaged Software
RDWR,Radware Ltd.,-0.84,-5.54,0,0,44,Consumer Discretionary,Business Services
MSDL,Morgan Stanley Direct Lending Fund,1.39,2.54,43,23,34,Financial Services,Asset Management
ENOV,Enovis Corporation,5.37,-16.97,29,24,14,Health Care,Industrial Specialties
PBT,Permian Basin Royalty Trust,-1.69,-18.74,0,0,84,Energy,Oil & Gas Production
ATLC,Atlanticus Holdings Corporation,4.54,22.41,100,100,90,Finance,Finance: Consumer Services
WABC,Westamerica Bancorporation,-0.05,4.11,76,49,66,Finance,Major Banks
TRIP,"Tripadvisor, Inc.",2.85,30.61,100,99,45,Technology,Computer Software: Programming Data Processing
GILT,Gilat Satellite Networks Ltd.,-2.87,-15.45,0,0,63,Technology,Radio And Television Broadcasting And Communications Equipment
TWOD,Two Harbors Investment Corp.,0.02,0.32,26,7,33,Real Estate,Real Estate Investment Trusts
UVV,Universal Corporation,-1.23,-4.8,26,10,32,Industrials,Farming/Seeds/Milling
RXT,"Rackspace Technology, Inc.",-4.12,80.5,89,85,98,Technology,Computer Software: Programming Data Processing
LYPHF,Luye Pharma Group Ltd.,0.0,-37.74,1,1,3,Healthcare,Drug Manufacturers - Specialty & Generic
MNSAF,Mineros S.A.,-2.39,22.28,68,57,88,Basic Materials,Gold
TV,"Grupo Televisa, S.A.B.",-0.66,5.65,89,81,48,Industrials,Broadcasting
UAN,"CVR Partners, LP",0.11,-8.58,6,3,57,Industrials,Agricultural Chemicals
LUCK,Lucky Strike Entertainment Corporation,-5.36,-11.76,13,12,20,Consumer Discretionary,Services-Misc. Amusement & Recreation
SQZZF,Serica Energy plc,0.0,-12.62,3,2,64,Energy,Oil & Gas E&P
RMIX,"Suncrete, Inc.",6.06,53.24,100,100,95,Industrials,Building Materials
DSL,DoubleLine Income Solutions Fund,-0.09,-0.28,32,10,35,Finance,Trusts Except Educational Religious and Charitable
DFDDF,DFDS A/S,0.0,21.4,76,67,75,Industrials,Marine Shipping
XPEL,"XPEL, Inc.",0.46,0.53,42,26,63,Industrials,Industrial Specialties
XZO,"Exzeo Group, Inc.",0.99,3.35,43,36,6,Finance,Property-Casualty Insurers
TMLDF,TMLDF,-2.05,63.16,94,87,80,,
TUFBY,Thai Union Group Public Company Limited,-2.91,1.12,11,0,51,Consumer Defensive,Packaged Foods
FLTLF,Flow Traders Ltd.,2.09,-11.19,30,25,29,Financial Services,Capital Markets
FGROY,FirstGroup plc,0.0,-5.56,5,3,10,Industrials,Railroads
PAHC,Phibro Animal Health Corporation,3.27,-5.4,69,58,13,Health Care,Biotechnology: Pharmaceutical Preparations
DSGR,"Distribution Solutions Group, Inc.",4.45,5.26,100,77,38,Consumer Discretionary,Industrial Specialties
ICFI,"ICF International, Inc.",-7.88,-2.75,0,0,15,Consumer Discretionary,Professional Services
ACNDF,CapitaLand India Trust,6.41,5.06,82,62,33,Real Estate,Real Estate Services
MRVI,"Maravai LifeSciences Holdings, Inc.",-0.38,17.38,91,77,92,Health Care,Biotechnology: Pharmaceutical Preparations
VIA,VIA,3.17,5.38,43,34,4,Technology,Computer Software: Prepackaged Software
BCCMY,BAIC Motor Corporation Limited,0.0,-10.92,10,4,4,Consumer Cyclical,Auto Manufacturers
AFMJF,Alphamin Resources Corp.,0.99,6.69,69,60,85,Basic Materials,Other Industrial Metals & Mining
JFR,Nuveen Floating Rate Income Fund,0.26,1.83,49,24,42,Finance,Trusts Except Educational Religious and Charitable
FQVTF,Fevertree Drinks PLC,0.0,10.71,92,72,34,Consumer Defensive,Beverages - Non-Alcoholic
OPFI,OppFi Inc.,1.08,-0.35,60,49,15,Finance,Finance: Consumer Services
ARYTF,Aryt Industries Ltd.,0.0,-8.33,27,20,1,Industrials,Aerospace & Defense
VULNF,Vulcan Energy Resources Limited,0.0,-6.0,20,9,35,Basic Materials,Other Industrial Metals & Mining
ORZCF,Orezone Gold Corporation,-2.82,2.38,46,32,84,Basic Materials,Gold
HKEPF,"Hokkaido Electric Power Company, Incorporated",0.0,-16.69,6,3,1,Utilities,Utilities - Renewable
SBET,"Sharplink, Inc.",-1.31,-16.43,2,0,2,Technology,Computer Software: Prepackaged Software
BRETF,Brazilian Rare Earths Limited,0.0,-11.51,0,0,20,Basic Materials,Other Precious Metals & Mining
EMO,ClearBridge Energy Midstream Opportunity Fund Inc,0.35,-5.92,0,0,45,Finance,Investment Managers
QKIE,QKIE,0.0,20.63,64,26,91,Financial Services,Shell Companies
BMCLF,BAIC Motor Corporation Limited,0.0,-21.39,3,1,2,Consumer Cyclical,Auto Manufacturers
PSNL,"Personalis, Inc.",8.1,32.58,61,56,87,Health Care,Medical Specialities
INSP,"Inspire Medical Systems, Inc.",3.62,-3.47,51,39,2,Health Care,Medical/Dental Instruments
BVHMY,BVHMY,11.6,-5.14,48,41,2,Consumer Cyclical,Residential Construction
LIFE,Ethos Technologies Inc.,0.88,-19.73,6,1,67,Finance,Specialty Insurers
BOMXF,"Bolsa Mexicana de Valores, S.A.B. de C.V.",-4.15,-1.42,23,12,33,Financial Services,Financial Data & Stock Exchanges
CDNA,"CareDx, Inc.",11.5,23.78,100,100,85,Health Care,Medical Specialities
FMBH,"First Mid Bancshares, Inc.",0.68,5.99,63,46,64,Finance,Major Banks
TBNRL,Tamboran Resources Corporation,0.0,2.78,80,47,91,Energy,Oil & Gas E&P
ALGGY,"Alliance Global Group, Inc.",0.0,-7.41,8,4,30,Industrials,Conglomerates
GIC,Global Industrial Company,3.26,12.01,100,77,51,Industrials,Industrial Machinery/Components
REAL,"The RealReal, Inc.",9.31,31.89,100,100,82,Consumer Discretionary,Other Specialty Stores
IRMD,IRADIMED CORPORATION,1.22,1.99,35,23,59,Health Care,Medical/Dental Instruments
SVC,Service Properties Trust,5.63,-4.52,58,44,9,Real Estate,Real Estate Investment Trusts
PDS,Precision Drilling Corporation,-2.49,-14.6,0,0,66,Energy,Oil & Gas Production
WZZAF,Wizz Air Holdings Plc,0.0,0.0,31,10,9,Industrials,Airlines
AGBK,AGI Inc,-3.21,-1.14,60,40,5,Finance,Commercial Banks
HIVE,HIVE Digital Technologies Ltd.,7.3,10.08,60,52,92,Finance,Finance: Consumer Services
ACVA,ACV Auctions Inc.,5.54,8.72,92,79,23,Consumer Discretionary,Business Services
ROCK,"Gibraltar Industries, Inc.",0.94,16.36,91,77,15,Industrials,Steel/Iron Ore
MOGLF,Mongolian Mining Corporation,-2.15,-9.0,0,0,7,Basic Materials,Coking Coal
NSUKF,NSUKF,0.0,31.84,88,76,1,Unknown,Unknown
CHRHF,Chervon Holdings Limited,0.0,-13.68,4,2,26,Industrials,Tools & Accessories
EYPT,"EyePoint, Inc.",3.27,8.64,100,98,44,Industrials,Biotechnology: Laboratory Analytical Instruments
UFCS,"United Fire Group, Inc.",0.65,0.98,85,67,83,Finance,Property-Casualty Insurers
LNN,Lindsay Corporation,2.58,9.79,100,88,28,Industrials,Industrial Machinery/Components
INDI,"indie Semiconductor, Inc.",8.14,8.42,24,19,79,Technology,Semiconductors
LQDT,"Liquidity Services, Inc.",3.69,9.99,75,50,80,Consumer Discretionary,Business Services
DQ,Daqo New Energy Corp.,-1.94,-18.97,0,0,4,Technology,Semiconductors
PZZA,"Papa John's International, Inc.",0.14,12.77,94,85,26,Consumer Discretionary,Restaurants
HFWA,Heritage Financial Corporation,1.45,2.76,45,33,62,Finance,Banks
HSLV,Highlander Silver Corp.,-0.82,-13.9,39,30,12,Basic Materials,Silver
DEA,"Easterly Government Properties, Inc.",0.74,-2.44,0,0,47,Real Estate,Real Estate Investment Trusts
DLX,Deluxe Corporation,-2.09,-3.08,18,10,56,Consumer Discretionary,Publishing
TPLKF,PVA TePla AG,0.0,14.85,93,80,93,Industrials,Specialty Industrial Machinery
ABR,"Arbor Realty Trust, Inc.",1.96,-7.37,12,8,3,Real Estate,Real Estate Investment Trusts
MEQYF,Mainstreet Equity Corp.,0.0,-0.41,69,38,21,Real Estate,Real Estate Services
AOD,Abrdn Total Dynamic Dividend Fund,0.87,0.1,62,0,64,Finance,Investment Managers
NMAX,NMAX,3.73,6.43,17,8,15,Industrials,Broadcasting
OSBC,"Old Second Bancorp, Inc.",1.06,4.39,59,43,62,Finance,Major Banks
MGAWY,Megaworld Corporation,0.0,-3.79,48,32,22,Real Estate,Real Estate - Development
NAT,Nordic American Tankers Limited,5.03,8.97,100,100,89,Consumer Discretionary,Marine Transportation
EVV,Eaton Vance Limited Duration Income Fund,-0.33,0.12,20,1,32,Finance,Finance/Investors Services
GLGDF,GoGold Resources Inc.,2.97,4.74,76,57,77,Basic Materials,Other Precious Metals & Mining
OCFC,OceanFirst Financial Corp.,-0.28,-4.1,46,34,38,Finance,Major Banks
AORT,"Artivion, Inc.",-0.05,-6.53,35,28,2,Health Care,Medical/Dental Instruments
BNGRF,Savencia SA,0.0,17.14,66,45,78,Consumer Defensive,Packaged Foods
SAFE,Safehold Inc.,3.16,4.64,46,32,45,Real Estate,Real Estate Investment Trusts
OMDA,"Omada Health, Inc.",2.26,6.78,62,46,57,Health Care,Medical/Nursing Services
LPTH,"LightPath Technologies, Inc.",3.77,10.99,23,16,96,Technology,Semiconductors
THRM,Gentherm Incorporated,0.34,15.16,71,58,62,Consumer Discretionary,Auto Parts:O.E.M.
TGONF,Tetragon Financial Group Limited,5.43,0.0,91,67,12,,
CHY,Calamos Convertible and High Income Fund,2.05,9.92,100,88,72,Finance,Investment Managers
PBSFY,ProSiebenSat 1 Media SE,0.0,-4.85,48,33,6,Communication Services,Broadcasting
UTZ,"Utz Brands, Inc.",0.43,-8.68,30,20,6,Consumer Staples,Packaged Foods
GNK,Genco Shipping & Trading Limited,1.5,-1.74,23,1,77,Consumer Discretionary,Marine Transportation
DEC,Diversified Energy Company,0.08,-18.95,0,0,22,Energy,Oil & Gas Integrated
IVA,Inventiva S.A.,1.13,-30.54,0,0,6,Health Care,Biotechnology: Pharmaceutical Preparations
PDM,"Piedmont Realty Trust, Inc.",2.41,11.89,63,46,62,Real Estate,Building operators
MNXMF,FireFly Metals Ltd,0.0,7.71,25,19,82,Basic Materials,Other Industrial Metals & Mining
PGUUF,"Prosegur Cash, S.A.",0.0,17.47,82,67,66,Industrials,Integrated Freight & Logistics
RSTCF,"RS Technologies Co., Ltd.",10.9,14.36,81,65,47,Technology,Semiconductors
INNV,InnovAge Holding Corp.,-1.97,19.44,86,80,88,Health Care,Medical/Nursing Services
WTBFB,W.T.B. Financial Corporation,0.0,-0.28,33,17,64,Financial Services,Banks - Regional
MHPSY,MHP SE,0.0,-1.03,41,15,82,Consumer Defensive,Farm Products
PAKTY,PAKTY,0.0,55.21,92,84,90,Consumer Cyclical,Specialty Retail
LINIF,LINIF,0.0,19.73,90,83,97,Unknown,Unknown
ARAFF,Arafura Rare Earths Limited,-5.26,-21.74,7,0,67,Basic Materials,Other Industrial Metals & Mining
MJDLF,Major Drilling Group International Inc.,-5.2,-2.62,0,0,72,Basic Materials,Other Industrial Metals & Mining
CWAFF,China Water Affairs Group Limited,0.0,-1.59,31,10,17,Utilities,Utilities - Regulated Water
YRCCF,Yurtec Corporation,0.0,-14.25,8,3,1,Industrials,Engineering & Construction
RNP,"Cohen & Steers REIT and Preferred Income Fund, Inc.",-0.25,-3.93,0,0,32,Finance,Investment Managers
JVTSF,Juventus Football Club S.p.A.,-5.6,5.39,45,33,15,Communication Services,Entertainment
GOOG,Alphabet Inc.,1.48,-4.47,44,32,82,Technology,Computer Software: Programming Data Processing
AMZN,Amazon.com Inc,2.9,-7.78,14,3,55,Consumer Discretionary,Catalog/Specialty Distribution
TSLA,Tesla Inc,1.04,-4.02,15,0,38,Industrials,Auto Manufacturing
LLY,Eli Lilly and Company,-1.21,7.82,38,27,72,Health Care,Biotechnology: Pharmaceutical Preparations
WMT,Walmart Inc.,-0.8,-10.45,44,30,46,Consumer Discretionary,Department/Specialty Retail Stores
ORCL,Oracle Corporation,0.41,-2.06,0,0,30,Technology,Computer Software: Prepackaged Software
V,Visa Inc.,-0.95,-1.06,72,48,34,Consumer Discretionary,Business Services
JNJ,Johnson & Johnson,-2.48,0.17,33,21,62,Health Care,Biotechnology: Pharmaceutical Preparations
CSCO,"Cisco Systems, Inc.",1.88,4.54,17,1,89,Telecommunications,Computer Communications Equipment
CAT,Caterpillar Inc.,3.13,12.98,100,100,93,Industrials,Construction/Ag Equipment/Trucks
ARM,Arm Holdings plc,4.91,71.18,100,100,97,Technology,Semiconductors
BAC,Bank of America Corporation,-0.58,10.27,87,72,61,Finance,Major Banks
IDCBY,Industrial and Commercial Bank of China Limited,-2.45,-0.4,42,29,57,Financial Services,Banks - Diversified
UNH,UnitedHealth Group,0.36,5.2,64,47,77,Health Care,Medical Specialities
RHHVF,Roche Holding AG,-2.98,-6.18,30,21,50,Healthcare,Drug Manufacturers - General
MS,Morgan Stanley,-0.8,12.84,84,71,84,Finance,Investment Bankers/Brokers/Service
HSBC,HSBC Holdings plc,-0.27,3.24,83,53,80,Finance,Savings Institutions
HBCYF,HSBC Holdings plc,-1.86,-0.77,58,34,74,Financial Services,Banks - Diversified
CTATF,CTATF,0.0,3.67,46,38,94,,
MRK,"Merck & Co., Inc.",-1.36,1.49,11,4,68,Health Care,Biotechnology: Pharmaceutical Preparations
PCCYF,PetroChina Company Limited,-5.65,-17.02,0,0,47,Energy,Oil & Gas Integrated
TXN,Texas Instruments Incorporated,6.95,5.9,97,82,91,Technology,Semiconductors
DELL,Dell Technologies Inc.,-2.34,68.57,75,73,97,Technology,Computer Manufacturing
LVMUY,"LVMH Moët Hennessy - Louis Vuitton, Société Européenne",0.93,6.32,77,67,38,Consumer Cyclical,Luxury Goods
QCOM,QUALCOMM Incorporated,6.17,12.07,57,46,86,Technology,Radio And Television Broadcasting And Communications Equipment
GEV,GE Vernova Inc.,5.8,8.37,100,100,89,Industrials,Specialty Industrial Machinery
BACHF,Bank of China Limited,-4.48,-4.48,23,10,54,Financial Services,Banks - Diversified
TM,Toyota Motor Corporation,0.68,-8.42,0,0,17,Industrials,Auto Manufacturing
SIEGY,Siemens Aktiengesellschaft,1.34,3.05,89,45,70,Industrials,Specialty Industrial Machinery
WFC,Wells Fargo & Company,-1.92,8.43,70,50,42,Finance,Major Banks
LIN,Linde plc,-0.72,1.41,60,41,51,Basic Materials,Major Chemicals
RYDAF,Shell plc,-2.83,-9.21,0,0,35,Energy,Oil & Gas Integrated
BHPLF,BHP Group Limited,-0.45,5.74,49,29,87,Basic Materials,Other Industrial Metals & Mining
SAPGF,SAP SE,-1.57,-13.29,0,0,5,Technology,Software - Application
MBFJF,"Mitsubishi UFJ Financial Group, Inc.",5.2,12.6,100,100,81,Financial Services,Banks - Diversified
NVO,Novo Nordisk A/S,-0.76,-4.17,46,30,25,Health Care,Biotechnology: Pharmaceutical Preparations
VZ,Verizon Communications Inc.,-1.03,-5.12,23,10,42,Telecommunications,Telecommunications Equipment
NONOF,Novo Nordisk A/S,-1.39,-0.23,55,33,27,Healthcare,Drug Manufacturers - General
STX,Seagate Technology Holdings plc,0.39,42.49,97,91,98,Technology,Electronic Components
IDEXY,"Industria de Diseño Textil, S.A.",0.37,9.69,80,61,59,Consumer Cyclical,Apparel Retail
TD,The Toronto-Dominion Bank,0.67,8.86,96,75,82,Finance,Commercial Banks
CRWD,"CrowdStrike Holdings, Inc.",0.28,5.35,32,24,85,Technology,Computer Software: Prepackaged Software
WDC,Western Digital Corporation,4.79,62.4,100,100,98,Technology,Electronic Components
BA,The Boeing Company,-1.29,0.23,69,59,49,Industrials,Aerospace
MRVL,"Marvell Technology, Inc.",7.27,66.26,98,95,98,Technology,Semiconductors
SBGSY,Schneider Electric S.E.,3.88,8.46,100,100,70,Industrials,Specialty Industrial Machinery
T,AT&T Inc.,-1.92,-11.71,0,0,12,Telecommunications,Telecommunications Equipment
ALIZF,Allianz SE,-1.16,0.6,64,45,56,Financial Services,Insurance - Diversified
EADSF,Airbus SE,2.46,8.26,100,100,52,Industrials,Aerospace & Defense
SMERY,SMERY,6.64,-3.51,68,58,85,Industrials,Specialty Industrial Machinery
DTEGF,Deutsche Telekom AG,-0.73,-8.57,0,0,19,Communication Services,Telecom Services
BUD,Anheuser-Busch InBev SA/NV,0.07,-2.15,53,32,69,Consumer Staples,Beverages (Production/Distribution)
UNP,Union Pacific Corporation,-0.45,-2.85,0,0,57,Industrials,Railroads
TOELF,Tokyo Electron Limited,7.01,70.4,100,100,96,Technology,Semiconductor Equipment & Materials
IBDRY,"Iberdrola, S.A.",0.57,4.03,88,62,61,Utilities,Utilities - Diversified
RYCEF,Rolls-Royce Holdings plc,-0.16,14.86,89,75,72,Industrials,Aerospace & Defense
ISRG,"Intuitive Surgical, Inc.",1.14,-9.41,22,13,13,Health Care,Industrial Specialties
ABT,Abbott Laboratories,-0.1,0.03,46,26,7,Health Care,Biotechnology: Pharmaceutical Preparations
SAFRF,Safran SA,3.69,19.93,100,100,61,Industrials,Aerospace & Defense
HTHIF,"Hitachi, Ltd.",0.3,-6.35,19,15,40,Industrials,Conglomerates
CIHKY,"China Merchants Bank Co., Ltd.",-1.63,2.03,36,15,26,Financial Services,Banks - Regional
UBS,UBS Group AG,2.15,7.47,100,90,80,Finance,Major Banks
PIAIF,"Ping An Insurance (Group) Company of China, Ltd.",-13.5,-15.38,0,0,21,Financial Services,Insurance - Life
SMFG,"Sumitomo Mitsui Financial Group, Inc.",2.81,10.46,100,100,82,Finance,Commercial Banks
PLD,"Prologis, Inc.",-0.28,-2.16,33,17,64,Real Estate,Real Estate Investment Trusts
BTI,British American Tobacco p.l.c.,-0.97,-9.79,19,10,50,Health Care,Medicinal Chemicals and Botanical Products
SNEJF,Sony Group Corporation,-0.39,-6.42,0,0,15,Technology,Consumer Electronics
UNCRY,UniCredit S.p.A.,1.61,9.58,100,91,76,Financial Services,Banks - Regional
HNHPF,"Hon Hai Precision Industry Co., Ltd.",1.28,10.89,45,37,81,Technology,Electronic Components
CFRHF,Compagnie Financière Richemont SA,-0.06,13.88,91,78,68,Consumer Cyclical,Luxury Goods
SPGI,S&P Global Inc.,-1.7,-1.23,5,1,17,Finance,Finance: Consumer Services
UNLYF,Unilever PLC,-0.77,2.09,61,41,18,Consumer Defensive,Household & Personal Products
LMT,Lockheed Martin Corporation,-4.01,-1.59,10,2,31,Industrials,Military/Government/Technical
IVSXF,Investor AB (publ),0.0,1.58,46,26,64,Financial Services,Asset Management
LOW,"Lowe's Companies, Inc.",2.27,0.52,90,66,27,Consumer Discretionary,RETAIL: Building Materials
EBBNF,Enbridge Inc.,0.16,0.19,36,14,43,Energy,Oil & Gas Midstream
EBGEF,Enbridge Inc.,-1.21,-1.3,14,2,40,Energy,Oil & Gas Midstream
HDB,HDFC Bank Limited,1.21,1.75,92,74,10,Finance,Commercial Banks
IITSF,Intesa Sanpaolo S.p.A.,0.0,7.41,87,69,58,Financial Services,Banks - Regional
ZIJMY,Zijin Mining Group Company Limited,-3.15,-5.57,25,5,52,Basic Materials,Gold
COF,Capital One Financial Corporation,0.33,7.64,95,85,36,Finance,Major Banks
MO,"Altria Group, Inc.",0.25,-4.33,31,18,60,Health Care,Medicinal Chemicals and Botanical Products
BYDDY,BYD Company Limited,-0.96,-10.4,0,0,8,Consumer Cyclical,Auto Manufacturers
BMO,Bank of Montreal,0.58,8.24,93,66,79,Finance,Commercial Banks
SBUX,Starbucks Corporation,0.83,-5.49,64,47,56,Consumer Discretionary,Restaurants
MRAAY,"Murata Manufacturing Co., Ltd.",2.41,85.03,100,100,98,Technology,Electronic Components
MFG,"Mizuho Financial Group, Inc.",1.58,13.81,100,93,85,Finance,Major Banks
MSBHF,Mitsubishi Corporation,1.25,-15.25,1,0,61,Industrials,Conglomerates
PWR,"Quanta Services, Inc.",-1.76,-1.08,44,25,87,Industrials,Engineering & Construction
SNY,Sanofi,-0.28,-5.13,9,4,28,Health Care,Biotechnology: Pharmaceutical Preparations
ADBE,Adobe Inc.,-0.57,-22.97,0,0,3,Technology,Computer Software: Prepackaged Software
GLAXF,GSK plc,-2.06,0.0,61,52,56,Healthcare,Drug Manufacturers - General
CDNS,"Cadence Design Systems, Inc.",-0.57,10.4,53,38,72,Technology,Computer Software: Prepackaged Software
BN,Brookfield Corporation,-0.67,-1.83,36,21,47,Real Estate,Building operators
GSK,GSK plc,-2.84,-0.22,44,34,55,Health Care,Biotechnology: Pharmaceutical Preparations
TT,Trane Technologies plc,2.3,7.26,100,80,62,Industrials,Auto Parts:O.E.M.
BNS,The Bank of Nova Scotia,0.76,10.23,98,85,78,Finance,Major Banks
GMBXF,"Grupo México, S.A.B. de C.V.",1.21,5.93,75,64,87,Basic Materials,Other Industrial Metals & Mining
DUK,Duke Energy Corporation,0.11,0.04,52,31,40,Utilities,Power Generation
STOHF,Equinor ASA,0.0,-3.55,10,4,71,Energy,Oil & Gas Integrated
CNQ,Canadian Natural Resources Limited,-3.23,-15.85,0,0,49,Energy,Oil & Gas Production
FCX,Freeport-McMoRan Inc.,-0.55,12.83,76,65,83,Basic Materials,Metal Mining
CHDRY,Christian Dior SE,-11.52,2.5,24,16,29,Consumer Cyclical,Luxury Goods
GD,General Dynamics Corporation,-3.53,3.02,51,40,48,Industrials,Marine Transportation
SHECF,"Shin-Etsu Chemical Co., Ltd.",2.7,10.29,71,59,82,Basic Materials,Chemicals
RCRRF,"Recruit Holdings Co., Ltd.",1.39,9.1,68,53,82,Communication Services,Internet Content & Information
EQNR,Equinor ASA,-4.09,-16.89,0,0,56,Energy,Integrated oil Companies
CIXPF,"CaixaBank, S.A.",0.0,1.26,22,8,73,Financial Services,Banks - Regional
PROSY,Prosus N.V.,1.24,-5.59,9,0,12,Consumer Cyclical,Internet Retail
RCRUY,"Recruit Holdings Co., Ltd.",3.95,12.76,76,58,84,Communication Services,Internet Content & Information
ATLKY,Atlas Copco AB (publ),1.94,8.97,100,87,69,Industrials,Specialty Industrial Machinery
MCK,McKesson Corporation,-3.74,-0.43,28,17,26,Health Care,Other Pharmaceuticals
WEBNF,Westpac Banking Corporation,-0.16,-2.34,12,5,30,Financial Services,Banks - Diversified
PNC,"The PNC Financial Services Group, Inc.",-0.47,7.01,70,50,65,Finance,Major Banks
MGCOF,MGCOF,-7.5,0.59,34,32,34,Unknown,Unknown
DDOG,"Datadog, Inc.",-1.6,5.07,6,0,90,Technology,Computer Software: Prepackaged Software
TKOMF,"Tokio Marine Holdings, Inc.",0.0,-10.72,52,42,57,Financial Services,Insurance - Property & Casualty
BKFCF,"Bank of Communications Co., Ltd.",0.0,4.55,61,35,41,Financial Services,Banks - Diversified
MIELY,Mitsubishi Electric Corporation,3.45,2.15,45,34,79,Industrials,Electrical Equipment & Parts
MELI,"MercadoLibre, Inc.",0.2,-0.97,30,4,13,Consumer Discretionary,Business Services
ASX,"ASE Technology Holding Co., Ltd.",8.33,27.99,100,95,96,Technology,Semiconductors
TKOMY,"Tokio Marine Holdings, Inc.",0.29,-7.94,44,30,61,Financial Services,Insurance - Property & Casualty
HCA,"HCA Healthcare, Inc.",-3.35,-5.23,46,32,15,Health Care,Hospital/Nursing Management
BCS,Barclays PLC,-0.08,10.22,89,73,74,Finance,Commercial Banks
NOKBF,Nokia Oyj,-2.53,-1.46,0,0,95,Technology,Communication Equipment
CIEN,Ciena Corporation,-1.95,-22.81,0,0,96,Utilities,Telecommunications Equipment
SLB,SLB N.V.,-4.45,-15.6,0,0,67,Energy,Oilfield Services/Equipment
NOK,Nokia Oyj,-2.46,-0.95,0,0,94,Technology,Radio And Television Broadcasting And Communications Equipment
NPPXF,"NTT, Inc.",0.0,-5.15,32,22,21,Communication Services,Telecom Services
VCISF,Vinci SA,0.0,5.43,82,60,49,Industrials,Engineering & Construction
MHVIY,MHVIY,2.67,-4.64,77,64,1,Industrials,Specialty Industrial Machinery
NOC,Northrop Grumman Corporation,-5.21,-5.14,0,0,17,Industrials,Industrial Machinery/Components
MHVYF,"Mitsubishi Heavy Industries, Ltd.",6.17,-3.85,86,71,23,Industrials,Specialty Industrial Machinery
BAESY,BAE Systems plc,-1.71,-6.22,1,0,21,Industrials,Aerospace & Defense
CP,Canadian Pacific Kansas City Limited,0.49,-0.36,0,0,54,Industrials,Railroads
ENGIY,Engie SA,-0.81,-3.42,20,2,71,Utilities,Utilities - Diversified
NTES,"NetEase, Inc.",0.36,4.47,45,22,27,Technology,Computer Software: Prepackaged Software
E,Eni S.p.A.,-1.59,-10.02,0,0,69,Energy,Oil & Gas Production
EIPAF,Eni S.p.A.,0.0,-15.49,1,0,69,Energy,Oil & Gas Integrated
GM,General Motors Company,-0.36,4.36,22,0,69,Industrials,Auto Manufacturing
HLT,Hilton Worldwide Holdings Inc.,-0.13,7.76,87,63,72,Consumer Discretionary,Hotels/Resorts
CI,The Cigna Group,-2.04,-0.78,32,24,34,Health Care,Medical Specialities
MPC,Marathon Petroleum Corporation,-0.69,-5.98,0,0,70,Energy,Integrated oil Companies
ECL,Ecolab Inc.,0.02,8.53,85,70,40,Consumer Discretionary,Package Goods/Cosmetics
BSX,Boston Scientific Corporation,0.76,-20.08,0,0,2,Health Care,Medical/Dental Instruments
ITW,Illinois Tool Works Inc.,0.76,5.31,95,77,42,Industrials,Industrial Machinery/Components
COHR,Coherent Corp.,2.83,8.67,51,45,96,Technology,Electronic Components
RNMBY,Rheinmetall AG,0.44,-6.1,20,16,6,Industrials,Aerospace & Defense
RNMBF,Rheinmetall AG,0.55,-5.88,22,7,6,Industrials,Aerospace & Defense
TNCAF,TC Energy Corporation,0.0,1.15,42,18,50,Energy,Oil & Gas Midstream
ARZGY,Assicurazioni Generali S.p.A.,-0.33,11.25,87,70,77,Financial Services,Insurance - Diversified
JAPAY,Japan Tobacco Inc.,-0.11,-5.7,18,5,52,Consumer Defensive,Tobacco
NKE,"NIKE, Inc.",2.29,3.2,59,44,8,Consumer Discretionary,Shoe Manufacturing
MURGF,Münchener Rückversicherungs-Gesellschaft Aktiengesellschaft in München,-0.09,-10.01,67,45,21,Financial Services,Insurance - Reinsurance
MKGAF,Merck KGaA,2.61,9.87,50,37,64,Healthcare,Drug Manufacturers - Specialty & Generic
DLR,"Digital Realty Trust, Inc.",0.57,-0.65,53,36,54,Real Estate,Real Estate Investment Trusts
LITE,Lumentum Holdings Inc.,-2.3,-2.08,9,0,98,Telecommunications,Telecommunications Equipment
ET,Energy Transfer LP,0.0,-6.99,0,0,50,Utilities,Natural Gas Distribution
NRDBY,Nordea Bank Abp,-0.21,-0.11,56,33,65,Financial Services,Banks - Regional
RBSPF,NatWest Group plc,3.54,8.85,100,100,63,Financial Services,Banks - Regional
SOBKY,SoftBank Corp.,-0.31,-9.3,4,0,21,Communication Services,Telecom Services
HKXCF,Hong Kong Exchanges and Clearing Limited,-1.53,-7.12,0,0,24,Financial Services,Financial Data & Stock Exchanges
BKR,Baker Hughes Company,-2.76,-12.55,0,0,65,Consumer Discretionary,Oil and Gas Field Machinery
CMCLF,CMOC Group Limited,0.39,13.33,95,85,87,Basic Materials,Other Industrial Metals & Mining
TRV,"The Travelers Companies, Inc.",0.57,0.7,82,57,50,Finance,Property-Casualty Insurers
KDDIY,KDDI Corporation,-0.59,-4.32,37,18,32,Communication Services,Telecom Services
KDDIF,KDDI Corporation,0.0,-4.57,5,1,44,Communication Services,Telecom Services
DB,Deutsche Bank Aktiengesellschaft,0.63,11.21,97,86,60,Finance,Major Banks
SNGNF,Singapore Telecommunications Limited,0.0,-10.94,65,52,32,Communication Services,Telecom Services
MPNGF,Meituan,0.11,-10.07,0,0,8,Consumer Cyclical,Internet Retail
LSEGY,London Stock Exchange Group plc,-6.97,-12.73,0,0,22,Financial Services,Financial Data & Stock Exchanges
ALAB,"Astera Labs, Inc.",11.31,45.08,100,100,97,Technology,Semiconductors
SCBFY,Standard Chartered PLC,1.49,3.39,83,72,82,Financial Services,Banks - Diversified
LTOUF,Larsen & Toubro Limited,0.0,3.46,49,20,57,Industrials,Engineering & Construction
MBGAF,Mercedes-Benz Group AG,-3.88,-10.83,0,0,20,Consumer Cyclical,Auto Manufacturers
NBIS,NBIS,2.06,49.46,100,98,97,Technology,Computer Software: Programming Data Processing
KEYS,"Keysight Technologies, Inc.",3.7,6.31,100,100,91,Industrials,Industrial Machinery/Components
UMC,United Microelectronics Corporation,10.66,37.13,100,100,97,Technology,Semiconductors
AAUKF,Anglo American plc,0.0,10.18,77,68,87,Basic Materials,Other Industrial Metals & Mining
HOCPY,HOYA Corporation,4.11,4.72,100,100,65,Healthcare,Medical Instruments & Supplies
OXY,Occidental Petroleum Corporation,-2.3,-11.57,0,0,46,Energy,Oil & Gas Production
STRD,Strategy Inc,-5.56,-12.18,0,0,16,Technology,Computer Software: Prepackaged Software
STRC,Strategy Inc,-0.46,-9.75,0,0,29,Technology,Computer Software: Prepackaged Software
CIIHY,CITIC Securities Company Limited,0.0,-2.25,33,19,37,Financial Services,Capital Markets
HOCPF,HOYA Corporation,0.0,4.03,62,44,54,Healthcare,Medical Instruments & Supplies
SE,Sea Limited,0.48,5.47,73,62,11,Consumer Discretionary,Other Consumer Services
FLEX,Flex Ltd.,3.13,12.23,54,46,96,Technology,Electrical Products
KBCSF,KBC Group NV,0.0,-9.3,7,3,51,Financial Services,Banks - Regional
ENAKF,E.ON SE,0.0,-4.65,14,8,39,Utilities,Utilities - Diversified
VLKPF,Volkswagen AG,14.16,16.25,68,60,34,Consumer Cyclical,Auto Manufacturers
PCRHY,PCRHY,3.4,31.33,100,100,94,Technology,Consumer Electronics
FANG,"Diamondback Energy, Inc.",-1.07,-10.19,0,0,59,Energy,Oil & Gas Production
UCBJF,UCB SA,-1.87,4.72,44,29,60,Healthcare,Biotechnology
HCMLY,Holcim AG,0.37,4.86,76,45,66,Basic Materials,Building Materials
WMMVF,"Wal-Mart de México, S.A.B. de C.V.",-2.65,-6.07,22,12,24,Consumer Defensive,Discount Stores
WMMVY,"Wal-Mart de México, S.A.B. de C.V.",-3.04,-9.82,0,0,22,Consumer Defensive,Discount Stores
COR,"Cencora, Inc.",-1.9,2.67,37,25,16,Health Care,Other Pharmaceuticals
NDAQ,"Nasdaq, Inc.",-1.26,-8.3,0,0,24,Finance,Investment Bankers/Brokers/Service
LBLCF,Loblaw Companies Limited,0.0,2.39,40,28,46,Consumer Defensive,Grocery Stores
ANCTF,Alimentation Couche-Tard Inc.,-1.17,0.92,45,27,49,Consumer Cyclical,Specialty Retail
AME,"AMETEK, Inc.",2.66,5.81,100,85,67,Industrials,Industrial Machinery/Components
BMWKY,BMWKY,-3.44,-21.15,0,0,9,Consumer Cyclical,Auto Manufacturers
HCMLF,Holcim AG,0.0,2.22,40,16,39,Basic Materials,Building Materials
DBOEF,Deutsche Börse AG,0.79,-2.67,30,19,35,Financial Services,Financial Data & Stock Exchanges
MCHPP,Microchip Technology Incorporated,5.36,6.08,100,99,83,Technology,Semiconductors
PRYMF,Prysmian S.p.A.,1.55,3.22,39,12,92,Industrials,Electrical Equipment & Parts
ASMIY,ASM International NV,4.5,23.63,100,100,93,Technology,Semiconductor Equipment & Materials
FAST,Fastenal Company,2.25,5.06,61,38,43,Consumer Discretionary,RETAIL: Building Materials
PRYMY,Prysmian S.p.A.,2.51,1.03,47,21,92,Industrials,Electrical Equipment & Parts
ROK,"Rockwell Automation, Inc.",3.29,8.61,100,73,79,Industrials,Industrial Machinery/Components
FSUMF,Fortescue Ltd,0.0,-8.36,10,0,59,Basic Materials,Other Industrial Metals & Mining
COIN,"Coinbase Global, Inc.",-1.01,-14.65,21,8,5,Finance,Finance: Consumer Services
XEL,Xcel Energy Inc.,-0.06,-2.34,43,24,46,Utilities,Power Generation
FSUGY,Fortescue Ltd,-1.42,-11.55,0,0,55,Basic Materials,Other Industrial Metals & Mining
JHPCY,JHPCY,0.0,-24.44,4,2,10,Healthcare,Drug Manufacturers - Specialty & Generic
CTPCY,CITIC Limited,0.0,-0.83,13,5,63,Industrials,Conglomerates
SUHJY,Sun Hung Kai Properties Limited,-1.29,-17.17,0,0,50,Real Estate,Real Estate - Development
UOVEY,United Overseas Bank Limited,0.85,4.04,97,68,55,Financial Services,Banks - Regional
CRZBF,Commerzbank AG,7.24,8.77,100,100,69,Financial Services,Banks - Regional
TKPHF,Takeda Pharmaceutical Company Limited,0.0,3.7,54,45,48,Healthcare,Drug Manufacturers - Specialty & Generic
EBKDY,Erste Group Bank AG,1.2,16.32,100,91,78,Financial Services,Banks - Regional
ON,ON Semiconductor Corporation,7.7,10.35,50,41,95,Technology,Semiconductors
ODFL,"Old Dominion Freight Line, Inc.",1.23,5.48,27,13,79,Industrials,Trucking Freight/Courier Services
BAIDF,"Baidu, Inc.",-15.08,-25.68,0,0,18,Communication Services,Internet Content & Information
TYHOY,Toyota Tsusho Corporation,-5.68,-10.75,0,0,72,Industrials,Conglomerates
DANOY,Danone S.A.,0.07,2.1,58,39,24,Consumer Defensive,Packaged Foods
DNBBY,DNB Bank ASA,-0.23,-3.05,14,6,54,Financial Services,Banks - Regional
FANUY,Fanuc Corporation,2.46,-0.17,47,35,84,Industrials,Specialty Industrial Machinery
SMMNY,Siemens Healthineers AG,-0.2,-1.25,29,18,11,Healthcare,Medical Devices
FITB,Fifth Third Bancorp,0.3,7.94,66,55,69,Finance,Major Banks
FITBM,Fifth Third Bancorp,0.37,0.68,50,17,37,Finance,Major Banks
XYZ,"Block, Inc.",2.66,5.49,95,82,62,Technology,Computer Software: Prepackaged Software
SWZCF,Swisscom AG,-5.97,-8.57,0,0,39,Communication Services,Telecom Services
CHPXF,"China Pacific Insurance (Group) Co., Ltd.",0.0,-12.05,1,0,18,Financial Services,Insurance - Life
IDXX,"IDEXX Laboratories, Inc.",2.93,1.54,43,26,25,Health Care,Biotechnology: In Vitro & In Vivo Diagnostic Substances
WAB,Westinghouse Air Brake Technologies Corporation,0.72,5.8,96,79,74,Industrials,Railroads
SCMWY,Swisscom AG,0.09,-10.5,0,0,42,Communication Services,Telecom Services
PINXF,The People's Insurance Company (Group) of China Limited,1.54,-2.12,30,18,20,Financial Services,Insurance - Property & Casualty
CRDO,Credo Technology Group Holding Ltd,9.02,48.56,100,98,96,Technology,Semiconductors
CNSWF,Constellation Software Inc.,-4.15,-3.2,6,0,12,Technology,Software - Application
GMGSF,Goodman Group,6.95,-4.24,56,48,50,Real Estate,REIT - Diversified
ELEZY,"Endesa, S.A.",1.77,3.68,77,54,71,Utilities,Utilities - Regulated Electric
SSREF,Swiss Re AG,2.64,-5.39,68,53,21,Financial Services,Insurance - Reinsurance
TTRAF,TTRAF,0.0,-2.56,52,44,53,Communication Services,Telecom Services
DHI,"D.R. Horton, Inc.",3.5,11.32,100,89,54,Consumer Discretionary,Homebuilding
PINXY,The People's Insurance Company (Group) of China Limited,0.0,0.36,5,0,26,Financial Services,Insurance - Property & Casualty
HHUSF,Hua Hong Grace Semiconductor Limited,0.0,21.97,42,31,96,Technology,Semiconductors
ESLT,Elbit Systems Ltd.,-4.09,2.52,12,0,76,Industrials,Military/Government/Technical
HEI,HEICO Corporation,-0.07,11.81,82,67,57,Industrials,Aerospace
RKT,"Rocket Companies, Inc.",9.08,5.8,100,92,21,Finance,Finance: Consumer Services
KDP,Keurig Dr Pepper Inc.,-0.42,7.22,47,23,51,Consumer Staples,Beverages (Production/Distribution)
SSREY,Swiss Re AG,-0.13,-5.41,60,44,26,Financial Services,Insurance - Reinsurance
IBIDF,"Ibiden Co.,Ltd.",0.0,35.04,92,87,99,Technology,Electronic Components
IBIDY,"Ibiden Co.,Ltd.",5.03,58.83,100,100,98,Technology,Electronic Components
ALNY,"Alnylam Pharmaceuticals, Inc.",-1.64,-6.83,0,0,10,Health Care,Biotechnology: Pharmaceutical Preparations
AMP,"Ameriprise Financial, Inc.",-0.96,2.22,77,64,35,Finance,Investment Managers
NPSNY,Naspers Limited,2.18,-4.45,14,3,16,Consumer Cyclical,Internet Retail
ASAZY,ASSA ABLOY AB (publ),0.85,-0.67,66,42,39,Industrials,Security & Protection Services
SVKEF,Skandinaviska Enskilda Banken AB (publ),0.0,6.84,61,39,42,Financial Services,Banks - Regional
MAHMF,Mahindra & Mahindra Limited,0.0,-10.29,6,3,18,Consumer Cyclical,Auto Manufacturers
PBCRY,PT Bank Central Asia Tbk,-1.84,1.98,88,82,10,Financial Services,Banks - Regional
HDLMY,HDLMY,-1.85,6.47,68,51,33,Basic Materials,Building Materials
ED,"Consolidated Edison, Inc.",-0.64,0.06,47,28,41,Utilities,Power Generation
ACSAY,"ACS, Actividades de Construcción y Servicios, S.A.",1.53,2.07,100,74,89,Industrials,Engineering & Construction
BLMIF,Bank Leumi le-Israel B.M.,0.0,-8.56,5,2,53,Financial Services,Banks - Regional
A,A,2.2,11.67,54,40,44,Industrials,Biotechnology: Laboratory Analytical Instruments
ACSAF,"ACS, Actividades de Construcción y Servicios, S.A.",0.0,0.99,82,47,88,Industrials,Engineering & Construction
LNVGY,Lenovo Group Limited,-0.57,80.01,84,81,96,Technology,Computer Hardware
WCN,"Waste Connections, Inc.",-0.74,-1.92,41,27,20,Utilities,Environmental Services
WAT,Waters Corporation,-0.44,4.14,42,27,52,Industrials,Biotechnology: Laboratory Analytical Instruments
PSZKF,Powszechna Kasa Oszczednosci Bank Polski Spólka Akcyjna,0.0,8.14,25,17,79,Financial Services,Banks - Regional
TSCDF,Tesco PLC,0.0,-6.03,10,0,35,Consumer Defensive,Grocery Stores
JDCMF,"JD.com, Inc.",-2.36,-13.89,0,0,23,Consumer Cyclical,Internet Retail
SDZNY,Sandoz Group AG,-1.3,0.96,74,60,74,Healthcare,Drug Manufacturers - Specialty & Generic
CHHQF,China Hongqiao Group Limited,0.0,41.61,50,45,91,Basic Materials,Aluminum
CBRE,"CBRE Group, Inc.",0.58,0.33,56,39,23,Finance,Real Estate
FINMY,Leonardo S.p.a.,-3.24,-2.31,13,9,28,Industrials,Aerospace & Defense
SDZXF,Sandoz Group AG,0.0,8.8,89,73,75,Healthcare,Drug Manufacturers - Specialty & Generic
SYY,Sysco Corporation,-0.38,4.29,72,50,36,Consumer Discretionary,Food Distributors
AMKBF,A.P. Møller - Mærsk A/S,0.0,16.7,61,50,61,Industrials,Marine Shipping
WDAY,"Workday, Inc.",-4.02,-7.65,0,0,4,Technology,EDP Services
KGC,Kinross Gold Corporation,-2.24,-6.68,41,28,61,Basic Materials,Precious Metals
AMKBY,A.P. Møller - Mærsk A/S,-2.9,-1.68,1,0,39,Industrials,Marine Shipping
KB,KB Financial Group Inc.,0.34,2.59,48,37,64,Finance,Commercial Banks
FJTSF,Fujitsu Limited,1.87,8.03,33,23,19,Technology,Information Technology Services
UI,Ubiquiti Inc.,4.73,-1.63,58,36,36,Technology,Radio And Television Broadcasting And Communications Equipment
SHLAF,Schindler Holding AG,2.67,4.61,82,55,33,Industrials,Specialty Industrial Machinery
CHHQY,China Hongqiao Group Limited,0.0,-5.79,34,15,65,Basic Materials,Aluminum
NECPY,NECPY,-0.03,-3.06,20,7,14,Technology,Information Technology Services
PRU,"Prudential Financial, Inc.",-0.45,4.61,71,52,49,Finance,Life Insurance
DLMAY,DLMAY,0.0,14.79,36,33,47,Consumer Defensive,Discount Stores
IFCZF,Intact Financial Corporation,-0.48,-1.05,46,28,36,Financial Services,Insurance - Property & Casualty
ADDYY,adidas AG,3.12,17.81,90,75,55,Consumer Cyclical,Footwear & Accessories
ADYEY,Adyen N.V.,3.4,-6.76,57,48,9,Technology,Software - Infrastructure
CKHUY,CK Hutchison Holdings Limited,0.92,-1.23,57,13,76,Industrials,Conglomerates
EQT,EQT Corporation,-0.8,-12.29,5,2,19,Energy,Oil & Gas Production
EPIAF,Epiroc AB (publ),-4.44,4.12,29,7,71,Industrials,Farm & Heavy Construction Machinery
EPOAY,EPOAY,1.19,3.22,58,17,73,Industrials,Farm & Heavy Construction Machinery
ONC,BeOne Medicines AG,2.84,-12.5,14,6,25,Health Care,Biotechnology: Pharmaceutical Preparations
DNNGY,Ørsted A/S,-1.6,-12.54,0,0,15,Utilities,Utilities - Renewable
DOGEF,Ørsted A/S,-3.46,-14.56,0,0,27,,
CKHUF,CK Hutchison Holdings Limited,0.0,2.37,83,48,75,Industrials,Conglomerates
HBANM,Huntington Bancshares Incorporated,-0.18,-6.37,10,5,28,Finance,Major Banks
HBAN,Huntington Bancshares Incorporated,0.06,7.54,67,56,45,Finance,Major Banks
SAABY,Saab AB (publ),-1.35,-6.51,0,0,19,Industrials,Aerospace & Defense
FSLR,"First Solar, Inc.",1.14,8.34,11,0,76,Technology,Semiconductors
CICOF,"COSCO SHIPPING Holdings Co., Ltd.",0.0,-2.63,16,5,39,Industrials,Marine Shipping
AAVMY,ABN AMRO Bank N.V.,1.61,12.61,100,92,84,Financial Services,Banks - Diversified
Q,"Qnity Electronics, Inc.",7.82,10.47,100,100,91,Technology,Semiconductors
ZTS,Zoetis Inc.,1.88,-1.25,40,26,3,Health Care,Biotechnology: Pharmaceutical Preparations
TECK,Teck Resources Limited,-2.13,5.27,34,8,85,Industrials,Mining & Quarrying of Nonmetallic Minerals (No Fuels)
SUNB,"Sunbelt Rentals Holdings, Inc.",5.56,15.7,100,88,68,Consumer Discretionary,Diversified Commercial Services
BMDPF,Banca Monte dei Paschi di Siena S.p.A.,0.0,22.48,90,82,82,Financial Services,Banks - Regional
NTRA,"Natera, Inc.",2.19,12.93,100,94,65,Health Care,Medical Specialities
DSKYF,"Daiichi Sankyo Company, Limited",2.72,2.72,61,50,9,Healthcare,Drug Manufacturers - General
MTB,M&T Bank Corporation,-0.32,7.73,65,50,62,Finance,Major Banks
CPRT,"Copart, Inc.",2.41,-8.5,8,1,9,Consumer Discretionary,Retail-Auto Dealers and Gas Stations
CICOY,"COSCO SHIPPING Holdings Co., Ltd.",-3.93,-9.13,0,0,28,Industrials,Marine Shipping
ACGL,Arch Capital Group Ltd.,-1.29,-5.84,46,33,33,Finance,Property-Casualty Insurers
TGOPY,3i Group plc,0.69,2.87,70,55,5,Financial Services,Asset Management
KNYJY,KONE Oyj,-0.11,-5.85,8,1,18,Industrials,Specialty Industrial Machinery
KYOCY,Kyocera Corporation,0.74,23.32,83,84,89,Industrials,Conglomerates
LNTCY,LNTCY,22.65,3.88,100,100,40,Technology,Electronic Components
HENKY,Henkel AG & Co. KGaA,0.74,5.76,96,70,47,Consumer Defensive,Household & Personal Products
RYAAY,Ryanair Holdings plc,0.99,7.65,86,71,38,Consumer Discretionary,Air Freight/Delivery Services
IQV,IQVIA Holdings Inc.,-1.7,-2.17,22,11,27,Health Care,Biotechnology: Commercial Physical & Biological Resarch
AJNMY,"Ajinomoto Co., Inc.",10.04,12.58,100,100,82,Consumer Defensive,Packaged Foods
FISV,"Fiserv, Inc.",-1.87,-15.16,3,1,3,Consumer Discretionary,Business Services
STLA,Stellantis N.V.,-2.01,-15.8,0,0,8,Industrials,Auto Manufacturing
MTZ,"MasTec, Inc.",1.27,-1.18,73,48,90,Industrials,Water Sewer Pipeline Comm & Power Line Construction
CPNG,"Coupang, Inc.",-4.41,15.24,72,64,8,Consumer Discretionary,Catalog/Specialty Distribution
DTE,DTE Energy Company,0.25,3.36,75,49,48,Utilities,Electric Utilities: Central
RSHGY,RSHGY,4.26,7.56,100,93,81,Financial Services,Banks - Regional
TPR,"Tapestry, Inc.",-1.62,5.98,54,41,71,Consumer Discretionary,Apparel
PMRTY,Pop Mart International Group Limited,-4.11,8.19,43,31,7,Consumer Cyclical,Leisure
BTGOF,BT Group plc,-1.11,-13.27,26,20,37,Communication Services,Telecom Services
FICO,Fair Isaac Corporation,-2.69,-10.87,0,0,9,Consumer Discretionary,Business Services
TWLO,Twilio Inc.,-1.03,-1.67,10,3,86,Technology,Computer Software: Prepackaged Software
TDY,Teledyne Technologies Incorporated,0.69,0.88,57,29,53,Industrials,Industrial Machinery/Components
ALMMF,Aluminum Corporation of China Limited,-10.16,-19.01,0,0,41,Basic Materials,Aluminum
KHC,The Kraft Heinz Company,-1.64,-1.26,33,21,33,Consumer Staples,Packaged Foods
VEEV,Veeva Systems Inc.,-1.0,-7.07,0,0,5,Technology,Computer Software: Prepackaged Software
NRG,"NRG Energy, Inc.",2.22,0.81,68,50,15,Utilities,Electric Utilities: Central
BPXXY,BPER Banca SpA,0.0,9.84,95,88,85,Financial Services,Banks - Regional
TEFOF,"Telefónica, S.A.",0.0,-5.85,27,20,34,Communication Services,Telecom Services
CRCL,Circle Internet Group,-0.45,-28.12,4,1,4,Finance,Finance: Consumer Services
AMADF,"Amadeus IT Group, S.A.",-0.84,-3.8,2,0,16,Technology,Information Technology Services
RJF,"Raymond James Financial, Inc.",-1.83,2.49,77,65,39,Finance,Investment Bankers/Brokers/Service
CCOZY,China Coal Energy Company Limited,-12.77,-12.77,0,0,45,Energy,Thermal Coal
CHLSY,Chocoladefabriken Lindt & Sprüngli AG,2.15,-2.06,19,0,11,Consumer Defensive,Confectioners
SMCI,"Super Micro Computer, Inc.",10.37,-8.37,12,10,17,Technology,Computer Manufacturing
RSMDF,ResMed Inc.,0.0,-5.24,10,4,5,Healthcare,Medical Instruments & Supplies
CW,Curtiss-Wright Corporation,-0.69,6.27,82,69,80,Technology,Industrial Machinery/Components
SMECF,SMC Corporation,5.19,12.8,100,100,73,Industrials,Specialty Industrial Machinery
TEAM,Atlassian Corporation,-1.98,-4.07,0,0,6,Technology,Computer Software: Prepackaged Software
FTI,TechnipFMC plc,-2.75,-9.8,0,0,81,Consumer Discretionary,Oil and Gas Field Machinery
OTIS,Otis Worldwide Corporation,0.76,2.81,96,69,16,Technology,Consumer Electronics/Appliances
TTNDY,Techtronic Industries Company Limited,-0.57,3.85,83,70,71,Industrials,Tools & Accessories
IPXHY,Inpex Corporation,1.08,-13.91,17,7,42,Energy,Oil & Gas E&P
HSHCY,"Haier Smart Home Co., Ltd.",-1.71,-0.77,43,29,12,Consumer Cyclical,"Furnishings, Fixtures & Appliances"
NVT,nVent Electric plc,3.56,9.37,100,100,91,Industrials,Industrial Machinery/Components
EIX,Edison International,1.4,3.08,59,37,69,Utilities,Electric Utilities: Central
HMRZF,H & M Hennes & Mauritz AB (publ),0.0,3.63,44,34,37,Consumer Cyclical,Apparel Manufacturing
KUASF,Kuaishou Technology,0.0,-10.38,53,45,8,Communication Services,Internet Content & Information
FTAI,FTAI Aviation Ltd.,-0.43,15.12,91,82,87,Industrials,Misc Corporate Leasing Services
PPLC,PPL Corporation,-0.5,0.5,45,21,28,Utilities,Electric Utilities: Central
CTSH,Cognizant Technology Solutions Corporation,-10.49,-14.81,0,0,3,Technology,EDP Services
MTSFY,"Mitsui Fudosan Co., Ltd.",-0.74,-2.9,32,21,16,Real Estate,Real Estate - Diversified
CFG,"Citizens Financial Group, Inc.",0.45,6.76,86,73,76,Finance,Major Banks
GELYF,Geely Automobile Holdings Limited,-4.07,-8.53,0,0,40,Consumer Cyclical,Auto Manufacturers
MTRJF,MTR Corporation Limited,0.0,2.79,91,79,78,Industrials,Railroads
XYL,Xylem Inc.,1.02,3.36,79,43,17,Industrials,Fluid Controls
TELFY,"Telefónica, S.A.",0.24,-4.83,8,0,30,Communication Services,Telecom Services
ICAGY,International Consolidated Airlines Group S.A.,3.19,14.02,100,95,74,Industrials,Airlines
MGDDF,Compagnie Générale des Établissements Michelin Société en commandite par actions,1.14,5.21,36,23,59,Unknown,Unknown
SNMRF,Snam S.p.A.,-6.68,-7.69,30,21,56,Utilities,Utilities - Regulated Gas
RYLPF,Koninklijke Philips N.V.,0.0,-3.17,32,19,30,Healthcare,Medical Devices
KSHTY,Kuaishou Technology,-0.87,-5.37,66,45,7,Communication Services,Internet Content & Information
BABWF,International Consolidated Airlines Group S.A.,0.0,13.32,79,62,64,Industrials,Airlines
MGDDY,Compagnie Générale des Établissements Michelin Société en commandite par actions,0.42,9.72,77,59,59,Unknown,Unknown
PPG,"PPG Industries, Inc.",0.95,13.28,82,64,61,Consumer Discretionary,Paints/Coatings
FUJIY,FUJIFILM Holdings Corporation,1.53,6.95,57,39,37,Industrials,Conglomerates
AIBGY,AIB Group plc,0.0,5.88,82,62,77,Financial Services,Banks - Regional
HRNNF,Hydro One Limited,-0.32,-6.11,13,6,39,Utilities,Utilities - Regulated Electric
CLPHY,CLP Holdings Limited,1.07,-3.07,19,8,48,Utilities,Utilities - Regulated Electric
PGPEF,Publicis Groupe S.A.,0.0,6.56,74,54,52,Communication Services,Advertising Agencies
SNMRY,Snam S.p.A.,2.78,2.64,100,69,60,Utilities,Utilities - Regulated Gas
ALFVF,Alfa Laval AB (publ),0.0,-5.26,2,0,56,Industrials,Specialty Industrial Machinery
CINF,Cincinnati Financial Corporation,-0.74,0.99,83,65,52,Finance,Property-Casualty Insurers
QBEIF,QBE Insurance Group Limited,0.0,6.28,54,25,54,Financial Services,Insurance - Property & Casualty
EJPRY,East Japan Railway Company,0.1,-12.53,15,10,19,Industrials,Railroads
EJPRF,EJPRF,0.0,4.36,71,48,26,Industrials,Railroads
AXIA,AXIA Energia SA,-3.11,-9.6,11,1,40,Utilities,Electric Utilities: Central
AWK,"American Water Works Company, Inc.",-0.27,2.21,50,30,24,Utilities,Water Supply
SYF,Synchrony Financial,1.55,4.46,100,86,51,Finance,Finance: Consumer Services
WSM,"Williams-Sonoma, Inc.",2.61,25.89,100,89,73,Consumer Discretionary,Home Furnishings
SUTNY,"Sumitomo Mitsui Trust Group, Inc.",1.87,5.1,100,76,74,Financial Services,Banks - Regional
HLAGF,Hapag-Lloyd Aktiengesellschaft,-2.98,1.49,44,28,16,Industrials,Marine Shipping
HLMAF,Halma plc,1.62,-12.25,2,0,52,Industrials,Conglomerates
TW,Tradeweb Markets Inc.,-1.27,-6.64,29,18,12,Finance,Investment Bankers/Brokers/Service
UTHR,United Therapeutics Corporation,-2.7,-4.85,10,1,72,Health Care,Biotechnology: Pharmaceutical Preparations
FSNUY,Fresenius SE & Co. KGaA,1.53,-2.09,75,57,17,Healthcare,Medical Care Facilities
OMVKY,OMV Aktiengesellschaft,-0.93,-5.83,0,0,63,Energy,Oil & Gas Integrated
FN,Fabrinet,-1.82,-13.36,0,0,83,Utilities,Telecommunications Equipment
VACNY,VAT Group AG,1.83,11.62,98,85,91,Industrials,Specialty Industrial Machinery
CRS,Carpenter Technology Corporation,1.91,38.97,100,98,93,Industrials,Steel/Iron Ore
NMR,"Nomura Holdings, Inc.",-1.43,10.06,82,72,68,Finance,Investment Bankers/Brokers/Service
KEY,KeyCorp,-0.04,6.56,87,69,70,Finance,Major Banks
TEZNY,Terna S.p.A.,0.73,2.64,81,55,56,Utilities,Utilities - Regulated Electric
FUWAY,"Furukawa Electric Co., Ltd.",8.99,2.57,48,41,98,Industrials,Electrical Equipment & Parts
BDORY,Banco do Brasil S.A.,-2.05,-8.2,7,0,22,Financial Services,Banks - Regional
ROL,"Rollins, Inc.",-0.38,-15.6,6,2,11,Consumer Discretionary,Diversified Commercial Services
WST,"West Pharmaceutical Services, Inc.",1.35,7.35,60,42,79,Health Care,Medical/Dental Instruments
MKL,Markel Group Inc.,-1.14,-0.62,69,45,26,Finance,Property-Casualty Insurers
FCNCP,"First Citizens BancShares, Inc.",0.17,1.43,80,38,35,Finance,Major Banks
FCNCO,"First Citizens BancShares, Inc.",0.75,-0.65,50,18,31,Finance,Major Banks
CHD,"Church & Dwight Co., Inc.",-1.83,-0.51,38,26,41,Consumer Discretionary,Package Goods/Cosmetics
BOUYY,Bouygues SA,0.04,-1.46,58,25,66,Industrials,Engineering & Construction
FWONK,Formula One Group,0.45,0.35,85,55,31,Industrials,Broadcasting
PHM,"PulteGroup, Inc.",4.17,9.44,100,90,49,Consumer Discretionary,Homebuilding
TROW,"T. Rowe Price Group, Inc.",-0.43,6.98,79,54,62,Finance,Investment Bankers/Brokers/Service
DLTR,"Dollar Tree, Inc.",4.92,19.44,79,70,42,Consumer Discretionary,Department/Specialty Retail Stores
TELNY,Telenor ASA,-0.53,-14.07,0,0,28,Communication Services,Telecom Services
TRUMY,Terumo Corporation,0.29,-5.66,17,8,26,Healthcare,Medical Instruments & Supplies
EXE,Expand Energy Corporation,-0.55,-12.01,0,0,12,Energy,Oil & Gas Production
FIS,"Fidelity National Information Services, Inc.",-0.96,-9.47,0,0,4,Consumer Discretionary,Business Services
CMAKY,"China Minsheng Banking Corp., Ltd.",0.0,-6.32,17,12,11,Financial Services,Banks - Regional
CTOWY,China Tower Corporation Limited,0.0,-3.01,17,7,57,Communication Services,Telecom Services
AGPPF,Valterra Platinum Limited,0.0,-1.05,86,76,75,Basic Materials,Other Precious Metals & Mining
SGSOF,SGS SA,0.0,-2.99,51,32,42,Industrials,Consulting Services
SURYY,"Sumitomo Realty & Development Co., Ltd.",0.0,-27.75,48,26,31,Real Estate,Real Estate Services
RL,Ralph Lauren Corporation,2.27,25.44,100,97,75,Industrials,Garments and Clothing
OKTA,"Okta, Inc.",4.23,32.31,59,56,78,Technology,Computer Software: Prepackaged Software
ROIV,Roivant Sciences Ltd.,0.74,-3.02,97,85,90,Health Care,Biotechnology: Pharmaceutical Preparations
LYB,LyondellBasell Industries N.V.,-2.82,-14.87,0,0,45,Industrials,Major Chemicals
TNABF,Tenaga Nasional Berhad,-0.14,-5.07,20,9,55,Utilities,Utilities - Regulated Electric
PPERY,PT Bank Mandiri (Persero) Tbk,1.42,5.48,99,88,27,Financial Services,Banks - Regional
TQLCF,TQLCF,0.0,0.0,31,10,34,Basic Materials,Other Industrial Metals & Mining
ENTG,"Entegris, Inc.",13.62,39.99,100,100,92,Industrials,Plastic Products
TSN,"Tyson Foods, Inc.",-1.32,-15.92,0,0,32,Consumer Staples,Meat/Poultry/Fish
NNGRY,NN Group N.V.,0.64,-0.12,58,39,68,Financial Services,Insurance - Diversified
CHKGF,CK Asset Holdings Limited,0.0,-5.39,18,5,64,Real Estate,Real Estate - Development
RCI,Rogers Communications Inc.,1.1,4.98,34,14,50,Telecommunications,Cable & Other Pay Television Services
STE,STERIS plc,1.61,-5.91,6,0,17,Health Care,Industrial Specialties
MDIBY,Mediobanca Banca di Credito Finanziario S.p.A.,-0.27,24.57,94,87,87,Financial Services,Banks - Regional
GBERY,Geberit AG,0.85,2.4,95,53,23,Industrials,Building Products & Equipment
GPN,Global Payments Inc.,0.78,-5.15,26,5,20,Consumer Discretionary,Business Services
CLEGF,Coles Group Limited,0.0,-2.84,40,15,42,Consumer Defensive,Grocery Stores
AA,Alcoa Corporation,-3.82,-7.44,0,0,83,Industrials,Aluminum
CAPMF,Capgemini SE,-11.26,-13.87,0,0,6,Technology,Information Technology Services
DKS,"DICK'S Sporting Goods, Inc.",3.62,6.91,100,83,65,Consumer Discretionary,Other Specialty Stores
NESRF,Northern Star Resources Limited,-2.95,5.47,70,56,41,Basic Materials,Gold
VNNVF,Vonovia SE,0.0,-1.4,87,72,23,Real Estate,Real Estate Services
GBERF,Geberit AG,0.0,4.92,88,67,21,Industrials,Building Products & Equipment
CGEMY,Capgemini SE,-7.59,-10.73,0,0,7,Technology,Information Technology Services
NJDCY,Nidec Corporation,7.59,8.7,33,28,53,Industrials,Specialty Industrial Machinery
SDMHF,Sartorius Stedim Biotech S.A.,-5.88,1.25,0,0,22,Healthcare,Medical Instruments & Supplies
JARLF,Jardine Matheson Holdings Limited,0.0,-10.12,4,0,33,Industrials,Conglomerates
CX,"CEMEX, S.A.B. de C.V.",1.03,0.71,58,32,79,Industrials,Building Materials
GNENY,"Ganfeng Lithium Group Co., Ltd.",1.49,-14.67,35,28,88,Basic Materials,Chemicals
HKHHF,Heineken Holding N.V.,0.0,3.79,89,72,38,Consumer Defensive,Beverages - Brewers
JIAXF,Jiangxi Copper Company Limited,0.0,-8.3,5,2,71,Basic Materials,Copper
EFX,Equifax Inc.,-0.59,-6.31,0,0,6,Finance,Finance: Consumer Services
MTUAY,MTU Aero Engines AG,3.38,16.99,100,100,35,Industrials,Aerospace & Defense
TRATF,Traton SE,0.0,4.33,83,57,59,Industrials,Farm & Heavy Construction Machinery
SBS,Companhia de Saneamento Básico do Estado de São Paulo - SABESP,-2.42,-10.41,0,0,42,Utilities,Water Supply
RCIAF,Rogers Communications Inc.,0.0,5.65,73,54,50,Communication Services,Telecom Services
BKRIY,Bank of Ireland Group plc,1.1,6.32,100,80,76,Financial Services,Banks - Regional
BEKE,KE Holdings Inc.,-3.93,-17.49,0,0,17,Finance,Real Estate
SAUHF,Straumann Holding AG,3.32,21.79,100,100,68,Healthcare,Medical Instruments & Supplies
RGLD,"Royal Gold, Inc.",-1.65,-3.71,52,22,42,Industrials,Precious Metals
NISTF,Nippon Steel Corporation,3.24,1.45,35,27,2,Basic Materials,Steel
EVRG,"Evergy, Inc.",-0.42,0.04,51,28,56,Utilities,Power Generation
SITM,SiTime Corporation,7.65,4.6,89,74,95,Technology,Semiconductors
MRNA,"Moderna, Inc.",3.5,32.92,100,100,93,Health Care,Biotechnology: Biological Products (No Diagnostic Substances)
GWLLY,Great Wall Motor Company Limited,-0.94,-4.06,28,9,8,Consumer Cyclical,Auto Manufacturers
MMSMY,"Mitsui Kinzoku Company, Limited",-0.02,5.12,62,56,98,Industrials,Conglomerates
LNT,Alliant Energy Corporation,0.25,0.69,65,42,55,Utilities,Power Generation
MONRF,Moncler S.p.A.,0.0,-2.32,1,0,38,Consumer Cyclical,Apparel Manufacturing
GWLLF,Great Wall Motor Company Limited,0.0,-15.13,0,0,8,Consumer Cyclical,Auto Manufacturers
HUNGF,"Huaneng Power International, Inc.",0.0,11.93,78,60,86,Utilities,Utilities - Independent Power Producers
SSLZY,Santos Limited,0.96,-9.81,2,0,43,Energy,Oil & Gas E&P
MGA,Magna International Inc.,0.71,7.2,43,9,81,Consumer Discretionary,Auto Parts:O.E.M.
TTMI,"TTM Technologies, Inc.",6.78,27.8,100,100,98,Technology,Electrical Products
USFD,US Foods Holding Corp.,-1.96,13.3,81,73,55,Consumer Discretionary,Food Distributors
STOSF,Santos Limited,1.18,-11.64,1,0,37,Energy,Oil & Gas E&P
AMCCF,Amcor plc,0.0,2.5,46,13,23,Consumer Cyclical,Packaging & Containers
CABJF,Carlsberg A/S,-0.81,0.39,0,0,37,Consumer Defensive,Beverages - Brewers
EDRVF,"EDP Renewables, S.A.",0.0,0.83,31,10,76,Utilities,Utilities - Renewable
SOMLF,"SECOM CO., LTD.",0.0,0.0,31,10,58,Industrials,Security & Protection Services
IP,International Paper Company,1.83,21.01,100,94,29,Basic Materials,Paper
SUVPF,Sartorius Aktiengesellschaft,-15.4,-4.61,0,0,28,Healthcare,Medical Instruments & Supplies
SOMLY,"SECOM CO., LTD.",-1.2,-1.79,14,3,43,Industrials,Security & Protection Services
EVMNY,Evolution Mining Limited,-0.63,8.17,85,74,76,Basic Materials,Gold
MONRY,Moncler S.p.A.,1.11,4.12,20,0,40,Consumer Cyclical,Apparel Manufacturing
WCC,"WESCO International, Inc.",3.83,4.55,77,61,89,Consumer Discretionary,Telecommunications Equipment
TLN,Talen Energy Corporation,6.46,26.66,100,100,72,Utilities,Electric Utilities: Central
RAIFF,Raiffeisen Bank International AG,0.0,5.19,64,43,89,Financial Services,Banks - Regional
LII,Lennox International Inc.,3.16,7.93,91,64,44,Industrials,Industrial Machinery/Components
DAIUF,"Daifuku Co., Ltd.",0.0,-6.12,62,53,90,Industrials,Specialty Industrial Machinery
VODAF,Vodacom Group Limited,0.0,0.0,31,10,72,Communication Services,Telecom Services
DQJCY,Pan Pacific International Holdings Corporation,-0.48,-6.36,22,12,11,Consumer Defensive,Discount Stores
HKHGF,Hongkong Land Holdings Limited,0.0,-0.99,31,10,67,Real Estate,Real Estate - Development
SN,"SharkNinja, Inc.",5.45,31.44,100,100,80,Consumer Discretionary,Consumer Electronics/Appliances
PEXNY,PTT Exploration and Production Public Company Limited,0.0,-10.76,2,0,71,Energy,Oil & Gas E&P
ASBFY,Associated British Foods plc,1.48,2.84,44,27,31,Consumer Defensive,Packaged Foods
KAOCF,Kao Corporation,0.0,7.81,67,36,21,Consumer Defensive,Household & Personal Products
HOKCY,The Hong Kong and China Gas Company Limited,0.0,-7.71,28,19,39,Utilities,Utilities - Regulated Gas
KWHIF,"Kawasaki Heavy Industries, Ltd.",6.17,14.13,92,85,1,Industrials,Specialty Industrial Machinery
JDEPY,JDEPY,-2.93,-0.82,30,16,31,Consumer Defensive,Packaged Foods
FLUT,Flutter Entertainment plc,0.18,5.25,36,26,3,Technology,Computer Software: Programming Data Processing
TLK,Perusahaan Perseroan (Persero) PT Telekomunikasi Indonesia Tbk,1.72,-7.56,61,49,16,Telecommunications,Telecommunications Equipment
BPCGY,"Banco Comercial Português, S.A.",0.0,13.78,47,44,80,Financial Services,Banks - Regional
URMCY,Unibail-Rodamco-Westfield SE,9.47,2.38,100,100,72,Real Estate,REIT - Retail
FPS,"Forgent Power Solutions, Inc.",2.41,41.73,97,93,93,Energy,Industrial Machinery/Components
KEP,Korea Electric Power Corporation,-1.44,1.8,55,38,21,Utilities,Electric Utilities: Central
TSCO,Tractor Supply Company,1.65,-3.8,46,32,3,Consumer Discretionary,RETAIL: Building Materials
NVR,"NVR, Inc.",3.43,8.36,85,62,23,Consumer Discretionary,Homebuilding
PHYS,Sprott Physical Gold Trust,-0.38,-7.5,2,0,38,Financial Services,Asset Management
ACXIF,"Acciona, S.A.",-0.36,8.42,84,66,83,Industrials,Engineering & Construction
TPG,TPG Inc.,-1.2,3.42,41,33,16,Finance,Investment Managers
HGKGY,Power Assets Holdings Limited,0.14,-11.43,30,20,41,Utilities,Utilities - Independent Power Producers
BMBLF,Brambles Limited,0.0,22.07,81,73,13,Industrials,Specialty Business Services
DOCN,"DigitalOcean Holdings, Inc.",-2.55,8.22,78,68,98,Technology,Computer Software: Programming Data Processing
KIM,Kimco Realty Corporation,-0.45,3.51,42,29,59,Real Estate,Real Estate Investment Trusts
LUGDF,Lundin Gold Inc.,-0.42,-3.34,40,25,24,Basic Materials,Gold
TYNPF,Nippon Sanso Holdings Corporation,-8.83,-13.41,14,4,99,Basic Materials,Chemicals
WTKWY,Wolters Kluwer N.V.,-2.32,-7.04,0,0,5,Industrials,Specialty Business Services
PTC,PTC Inc.,-1.87,-22.45,2,1,5,Technology,Computer Software: Prepackaged Software
GLPEY,"Galp Energia, SGPS, S.A.",0.57,-7.06,3,0,45,Energy,Oil & Gas Integrated
TXT,Textron Inc.,-3.47,-0.03,16,2,44,Industrials,Aerospace
NBIX,"Neurocrine Biosciences, Inc.",-0.45,2.34,37,24,62,Health Care,Biotechnology: Biological Products (No Diagnostic Substances)
PS,Pershing Square Inc.,-3.61,-13.96,0,0,80,Finance,Investment Managers
PAA,"Plains All American Pipeline, L.P.",-1.11,-8.53,0,0,62,Energy,Natural Gas Distribution
DECK,Deckers Outdoor Corporation,3.21,11.06,45,22,37,Consumer Discretionary,Shoe Manufacturing
OUKPY,Metso Oyj,0.74,-0.28,37,17,66,Industrials,Farm & Heavy Construction Machinery
OVV,Ovintiv Inc.,-2.24,-11.5,0,0,61,Energy,Oil & Gas Production
RMBS,Rambus Inc.,8.51,5.7,26,21,89,Technology,Semiconductors
KAEPY,"The Kansai Electric Power Company, Incorporated",-0.26,6.81,88,62,39,Utilities,Utilities - Renewable
IEX,IDEX Corporation,0.55,8.43,95,71,74,Industrials,Fluid Controls
GEN,Gen Digital Inc.,1.04,-3.28,0,0,32,Technology,Computer Software: Prepackaged Software
LAMR,Lamar Advertising Company,0.37,-0.38,39,19,68,Real Estate,Real Estate Investment Trusts
PFGC,Performance Food Group Company,0.2,9.5,84,71,58,Consumer Discretionary,Food Distributors
BNT,Brookfield Wealth Solutions Ltd.,-0.54,-1.59,42,26,43,Finance,Property-Casualty Insurers
PSLV,Sprott Physical Silver Trust,-2.19,-14.22,7,0,64,Financial Services,Asset Management
VICR,Vicor Corporation,1.91,25.42,82,73,98,Technology,Industrial Machinery/Components
SONVY,Sonova Holding AG,-1.59,-6.43,0,0,24,Healthcare,Medical Devices
GPFOF,"Grupo Financiero Inbursa, S.A.B. de C.V.",0.0,-6.72,13,0,91,Financial Services,Banks - Regional
THC,Tenet Healthcare Corporation,-3.32,-7.92,55,45,21,Health Care,Hospital/Nursing Management
IPSEY,Ipsen S.A.,0.0,-9.11,26,19,65,Healthcare,Drug Manufacturers - Specialty & Generic
EVGGF,Evolution AB (publ),0.0,-3.1,22,14,42,Consumer Cyclical,Gambling
AHCHY,Anhui Conch Cement Company Limited,-0.7,-2.68,1,0,14,Basic Materials,Building Materials
NWSA,News Corporation,-2.69,-1.9,0,0,29,Consumer Discretionary,Newspapers/Magazines
AHKSF,Asahi Kasei Corporation,0.0,17.83,47,23,76,Industrials,Conglomerates
CRWOF,China Railway Group Limited,0.0,-24.54,4,2,10,Industrials,Engineering & Construction
CLH,"Clean Harbors, Inc.",0.47,-0.96,64,43,57,Industrials,Environmental Services
WHGLY,WH Group Limited,-2.76,-8.08,0,0,38,Consumer Defensive,Packaged Foods
KPELY,Keppel Ltd.,-1.44,24.06,83,71,67,Industrials,Conglomerates
BWA,BorgWarner Inc.,1.84,14.39,61,48,89,Consumer Discretionary,Auto Parts:O.E.M.
PILBF,PLS Group Limited,-0.74,-0.51,31,18,96,Basic Materials,Other Industrial Metals & Mining
FUTU,Futu Holdings Limited,0.0,-22.51,19,11,4,Finance,Investment Bankers/Brokers/Service
YRAIF,Yara International ASA,0.0,-16.62,0,0,50,Basic Materials,Agricultural Inputs
NCBDF,BANDAI NAMCO Holdings Inc.,0.0,-2.09,31,10,10,Consumer Cyclical,Leisure
CPT,Camden Property Trust,-0.33,2.54,31,21,44,Real Estate,Real Estate Investment Trusts
WF,Woori Financial Group Inc.,-0.41,0.18,54,42,50,Finance,Commercial Banks
TISCY,TISCY,0.68,-7.32,58,53,54,Industrials,Engineering & Construction
TIGO,Millicom International Cellular S.A.,-5.08,0.36,14,2,90,Telecommunications,Telecommunications Equipment
DTM,"DT Midstream, Inc.",1.7,-3.07,50,35,67,Utilities,Natural Gas Distribution
MLI,"Mueller Industries, Inc.",-0.68,2.74,85,72,81,Industrials,Metal Fabrications
MAS,Masco Corporation,2.42,12.08,94,77,64,Industrials,Industrial Specialties
REGCP,Regency Centers Corporation,0.0,-0.13,54,26,40,Real Estate,Real Estate Investment Trusts
SKM,"SK Telecom Co., Ltd.",0.42,-4.61,0,0,86,Telecommunications,Telecommunications Equipment
CPAMF,CapitaLand Integrated Commercial Trust,0.0,5.68,56,42,41,Real Estate,REIT - Retail
LKREF,Link Real Estate Investment Trust,-7.0,-8.46,0,0,30,Real Estate,REIT - Retail
CSL,Carlisle Companies Incorporated,5.51,9.72,100,89,47,Industrials,Specialty Chemicals
OHI,"Omega Healthcare Investors, Inc.",-0.25,-9.1,25,14,46,Real Estate,Real Estate Investment Trusts
FELTY,"Fuji Electric Co., Ltd.",2.35,1.5,33,23,84,Industrials,Electrical Equipment & Parts
LYSDY,Lynas Rare Earths Limited,-2.34,-6.37,32,11,77,Basic Materials,Other Industrial Metals & Mining
BAWAY,BAWAY,-0.22,15.34,92,83,89,Unknown,Unknown
TRU,TransUnion,0.25,-6.12,0,0,11,Finance,Finance: Consumer Services
STGPF,Scentre Group,0.0,2.83,37,22,46,Real Estate,REIT - Retail
KRYAF,Kerry Group plc,0.0,-4.99,15,5,20,Consumer Defensive,Packaged Foods
SMMT,Summit Therapeutics Inc.,-2.27,-23.14,11,5,10,Health Care,Biotechnology: Pharmaceutical Preparations
GPC,Genuine Parts Company,2.43,15.7,100,99,29,Consumer Discretionary,Automotive Aftermarket
IFPJF,Informa plc,0.0,6.13,86,69,34,Communication Services,Publishing
DOC,"Healthpeak Properties, Inc.",0.82,-0.02,38,24,62,Real Estate,Real Estate Investment Trusts
IESC,"IES Holdings, Inc.",3.97,8.62,57,42,92,Industrials,Engineering & Construction
JHX,James Hardie Industries plc,1.14,20.79,85,75,67,Industrials,Building Materials
SKHSF,"Sekisui House, Ltd.",9.71,5.49,83,73,33,Consumer Cyclical,Residential Construction
SYIEF,Symrise AG,0.0,6.35,57,33,47,Basic Materials,Specialty Chemicals
BVVBY,Bureau Veritas SA,0.48,-1.37,61,41,33,Industrials,Consulting Services
TMTNF,Toromont Industries Ltd.,8.13,4.63,100,100,83,Industrials,Industrial Distribution
SOLS,"Solstice Advanced Materials, Inc.",0.51,1.38,91,65,86,Industrials,Aerospace
OSGSY,"Osaka Gas Co., Ltd.",-1.01,-6.78,47,33,67,Utilities,Utilities - Regulated Gas
JBS,JBS N.V.,-2.37,-7.52,10,6,17,Consumer Staples,Meat/Poultry/Fish
GLPI,"Gaming and Leisure Properties, Inc.",-1.48,-3.92,0,0,34,Real Estate,Real Estate Investment Trusts
UNM,Unum Group,-1.79,7.34,69,50,67,Finance,Accident &Health Insurance
AMIGF,Admiral Group plc,0.0,8.72,74,55,59,Financial Services,Insurance - Property & Casualty
SNMCY,Suncorp Group Limited,0.38,2.17,76,54,51,Financial Services,Insurance - Property & Casualty
PRBKY,PRBKY,-5.64,14.92,39,31,73,Financial Services,Banks - Regional
TRMB,Trimble Inc.,0.59,-12.17,0,0,5,Industrials,Industrial Machinery/Components
TOL,"Toll Brothers, Inc.",4.02,14.2,100,100,66,Consumer Discretionary,Homebuilding
AKZOY,Akzo Nobel N.V.,1.61,16.11,51,42,54,Basic Materials,Specialty Chemicals
DRS,"Leonardo DRS, Inc.",-1.07,3.41,21,12,53,Industrials,Industrial Machinery/Components
BLMOY,BLMOY,-7.61,22.33,65,58,79,Industrials,Building Products & Equipment
TME,Tencent Music Entertainment Group,0.46,-4.59,0,0,3,Consumer Discretionary,Broadcasting
BLHWF,BELIMO Holding AG,0.0,21.43,94,87,71,Industrials,Building Products & Equipment
APA,APA Corporation,-2.65,-16.0,0,0,70,Energy,Oil & Gas Production
ONTO,Onto Innovation Inc.,4.65,26.85,100,99,95,Industrials,Industrial Machinery/Components
ARXCY,ARXCY,0.0,-4.62,0,0,41,Energy,Oil & Gas E&P
MXUBY,MXUBY,-0.61,-8.89,29,23,4,,
DSEEY,Daiwa Securities Group Inc.,0.49,6.45,86,64,67,Financial Services,Capital Markets
NIOIF,NIO Inc.,0.0,-10.19,6,3,31,Consumer Cyclical,Auto Manufacturers
SNN,Smith & Nephew plc,0.03,-3.0,39,24,26,Health Care,Industrial Specialties
TFII,TFI International Inc.,0.57,-0.97,0,0,86,Industrials,Trucking Freight/Courier Services
SNLAF,Sino Land Company Limited,0.0,-23.34,4,2,88,Real Estate,Real Estate - Development
TDHOY,"T&D Holdings, Inc.",7.31,28.86,97,89,76,Financial Services,Insurance - Life
NIO,NIO Inc.,-0.59,-10.2,2,0,29,Industrials,Auto Manufacturing
HKTTF,HKT Trust and HKT Limited,0.0,5.77,66,42,63,Communication Services,Telecom Services
FIVE,"Five Below, Inc.",1.46,-11.74,14,5,55,Consumer Discretionary,Department/Specialty Retail Stores
ALGN,"Align Technology, Inc.",4.93,11.45,100,83,55,Health Care,Industrial Specialties
QXO,"QXO, Inc.",7.25,3.08,100,98,16,Consumer Discretionary,RETAIL: Building Materials
DT,"Dynatrace, Inc.",0.41,3.89,47,37,24,Technology,Computer Software: Prepackaged Software
SWK,"Stanley Black & Decker, Inc.",5.19,16.93,100,100,72,Consumer Discretionary,Industrial Machinery/Components
CRBG,"Corebridge Financial, Inc.",-0.55,6.94,89,80,46,Finance,Life Insurance
OCPNF,Olympus Corporation,0.0,-10.47,0,0,26,Healthcare,Medical Devices
VARRY,Vår Energi ASA,-8.35,-4.89,40,32,81,Energy,Oil & Gas E&P
ACRFF,Accor SA,0.0,11.04,92,81,62,Consumer Cyclical,Lodging
AVY,Avery Dennison Corporation,-0.55,0.87,69,40,27,Consumer Discretionary,Containers/Packaging
PRDSF,Prada S.p.A.,0.38,12.99,95,85,40,Consumer Cyclical,Luxury Goods
ATGFF,AltaGas Ltd.,-1.6,-2.15,0,0,66,Energy,Oil & Gas Midstream
PNW,Pinnacle West Capital Corporation,-0.06,0.38,60,40,56,Utilities,Electric Utilities: Central
KTOS,"Kratos Defense & Security Solutions, Inc.",-3.47,-2.88,0,0,9,Industrials,Military/Government/Technical
DLAKY,Deutsche Lufthansa AG,3.06,12.26,100,98,69,Industrials,Airlines
SBHGF,"SBI Holdings, Inc.",-3.61,-8.17,12,7,7,Financial Services,Financial Conglomerates
SITIY,SITC International Holdings Company Limited,0.0,-4.49,34,16,58,Industrials,Marine Shipping
BTSGU,"BrightSpring Health Services, Inc.",2.6,12.63,100,100,93,Health Care,Medical/Nursing Services
AGNCO,AGNC Investment Corp.,0.08,0.12,34,12,44,Real Estate,Real Estate Investment Trusts
AGNCZ,AGNC Investment Corp.,0.31,1.31,45,18,41,Real Estate,REIT - Mortgage
SVTMF,SM Investments Corporation,0.0,1.99,82,57,13,Consumer Cyclical,Department Stores
HL,Hecla Mining Company,-0.62,-7.08,47,33,78,Industrials,Mining & Quarrying of Nonmetallic Minerals (No Fuels)
SKFRY,AB SKF (publ),1.38,1.98,32,11,51,Industrials,Tools & Accessories
VIAV,VIAV,-3.2,-1.93,4,0,97,Technology,Semiconductors
YASKY,YASKAWA Electric Corporation,4.61,14.95,95,85,91,Industrials,Electrical Equipment & Parts
TDHOF,"T&D Holdings, Inc.",0.0,40.79,96,91,1,Financial Services,Insurance - Life
BDWBY,Budweiser Brewing Company APAC Limited,-0.29,-10.93,4,0,27,Consumer Defensive,Beverages - Brewers
MIUFY,Mitsubishi HC Capital Inc.,0.0,-11.6,36,28,33,Financial Services,Credit Services
JOBY,"Joby Aviation, Inc.",6.5,-0.7,28,20,24,Industrials,Aerospace
SOTGY,Sunny Optical Technology (Group) Company Limited,3.93,33.18,70,63,74,Technology,Electronic Components
POAHY,Porsche Automobil Holding SE,-0.58,-6.32,0,0,17,Consumer Cyclical,Auto Manufacturers
BDWBF,Budweiser Brewing Company APAC Limited,0.0,-13.0,13,10,16,Consumer Defensive,Beverages - Brewers
CRDIY,"Yokohama Financial Group, Inc.",1.37,6.12,95,84,86,Financial Services,Banks - Regional
ZBRA,Zebra Technologies Corporation,1.29,-3.08,37,18,27,Industrials,Industrial Machinery/Components
HBM,Hudbay Minerals Inc.,-2.06,12.69,45,38,92,Basic Materials,Metal Mining
HNSDF,Hensoldt AG,0.07,-8.76,1,0,13,Industrials,Aerospace & Defense
COKE,"Coca-Cola Consolidated, Inc.",-1.14,3.02,46,33,68,Consumer Staples,Beverages (Production/Distribution)
FHN,FHN,0.32,3.1,75,51,60,Finance,Major Banks
MDGL,"Madrigal Pharmaceuticals, Inc.",1.18,-1.5,74,65,69,Health Care,Biotechnology: Pharmaceutical Preparations
CPYYY,Centrica plc,-2.2,-12.32,0,0,30,Utilities,Utilities - Independent Power Producers
GDDY,GoDaddy Inc.,1.22,-16.48,5,0,5,Technology,EDP Services
CACI,CACI International Inc,-5.76,-5.37,0,0,16,Technology,EDP Services
GBLBY,Groupe Bruxelles Lambert SA,0.0,-31.56,21,19,71,Financial Services,Asset Management
ASEKF,Aisin Corporation,7.29,5.25,76,59,1,Consumer Cyclical,Auto Parts
KLPEF,Klépierre SA,0.0,0.77,70,46,40,Real Estate,REIT - Retail
AIT,"Applied Industrial Technologies, Inc.",2.45,10.35,100,99,79,Consumer Discretionary,Industrial Specialties
MGM,MGM Resorts International,-0.21,28.29,74,68,75,Consumer Discretionary,Hotels/Resorts
GBLBF,Groupe Bruxelles Lambert SA,0.0,0.6,9,4,53,Financial Services,Asset Management
SKBSY,Skanska AB (publ),3.48,1.21,81,54,49,Industrials,Engineering & Construction
BMRN,BioMarin Pharmaceutical Inc.,-0.6,8.94,37,23,35,Health Care,Biotechnology: Pharmaceutical Preparations
SIEVF,D'Ieteren Group SA,0.0,6.29,47,37,34,Consumer Cyclical,Auto & Truck Dealerships
TRYIY,"Toray Industries, Inc.",0.54,8.34,94,76,50,Consumer Cyclical,Textile Manufacturing
PAG,"Penske Automotive Group, Inc.",2.26,11.16,61,37,54,Consumer Discretionary,Retail-Auto Dealers and Gas Stations
BMNR,"Bitmine Immersion Technologies, Inc.",2.8,-16.76,7,1,56,Finance,Finance: Consumer Services
QBCRF,Quebecor Inc.,0.0,2.08,36,0,79,Communication Services,Telecom Services
CGNX,Cognex Corporation,2.05,4.45,73,52,89,Industrials,Industrial Machinery/Components
SKUFF,AB SKF (publ),0.0,0.0,31,10,28,Industrials,Tools & Accessories
CLX,The Clorox Company,0.87,1.63,54,43,18,Consumer Discretionary,Specialty Chemicals
IT,"Gartner, Inc.",-4.56,-19.54,0,0,2,Consumer Discretionary,Other Consumer Services
GSAT,"Globalstar, Inc.",0.5,-2.47,18,0,93,Consumer Discretionary,Telecommunications Equipment
JEF,Jefferies Financial Group Inc.,0.36,20.35,96,88,75,Finance,Investment Bankers/Brokers/Service
OBICY,OBICY,1.53,-9.04,12,1,12,Technology,Software - Application
AKAAF,Aker ASA,0.0,-5.5,6,3,97,Industrials,Conglomerates
CCK,"Crown Holdings, Inc.",-0.41,4.28,87,74,38,Industrials,Containers/Packaging
CLILF,CapitaLand Investment Limited,0.0,-4.23,17,6,33,Real Estate,Real Estate Services
SGGEF,The Sage Group plc,-7.34,-3.12,0,0,11,Technology,Software - Application
ORKLY,Orkla ASA,-1.45,-12.72,0,0,25,Consumer Defensive,Packaged Foods
EHC,Encompass Health Corporation,0.14,-7.51,0,0,21,Health Care,Hospital/Nursing Management
EMBJ,EMBJ,-0.99,7.47,83,73,43,Industrials,Aerospace
SKSBF,Skanska AB (publ),0.0,2.72,86,72,38,Industrials,Engineering & Construction
MAEOY,Manila Electric Company,0.0,-1.93,24,17,34,Utilities,Utilities - Regulated Electric
FRT,Federal Realty Investment Trust,-0.07,3.73,31,15,67,Real Estate,Real Estate Investment Trusts
SUZ,Suzano S.A.,1.33,-0.71,78,51,19,Basic Materials,Paper
SLLDY,Sanlam Limited,-0.27,2.31,88,77,52,Financial Services,Insurance - Life
DPZ,"Domino's Pizza, Inc.",-0.6,-0.5,47,30,8,Consumer Discretionary,Food Distributors
WTS,"Watts Water Technologies, Inc.",2.25,15.19,100,98,71,Industrials,Metal Fabrications
TMXXF,TMX Group Limited,-0.12,-11.6,16,12,23,Financial Services,Financial Data & Stock Exchanges
KHOLY,Koç Holding A.S.,-1.56,-5.76,18,5,36,Industrials,Conglomerates
BMXXY,bioMérieux S.A.,-8.81,-11.41,0,0,3,Healthcare,Diagnostics & Research
SGPYY,The Sage Group plc,-3.12,-12.47,0,0,11,Technology,Software - Application
RKUNY,"Rakuten Group, Inc.",-1.79,-8.25,3,0,16,Consumer Cyclical,Internet Retail
SFD,"Smithfield Foods, Inc.",-0.36,-4.37,0,0,51,Consumer Staples,Meat/Poultry/Fish
WTFCN,Wintrust Financial Corporation,0.0,-0.76,36,13,40,Finance,Major Banks
ISUZY,Isuzu Motors Limited,0.94,0.0,58,48,34,Consumer Cyclical,Auto Manufacturers
MGYOY,MOL Magyar Olaj- és Gázipari Nyilvánosan Muködo Részvénytársaság,0.49,-7.07,19,10,74,Energy,Oil & Gas Refining & Marketing
SNTMF,SenseTime Group Inc.,0.0,-25.96,1,0,4,Technology,Software - Application
AAVXF,ABIVAX Société Anonyme,0.0,-12.45,55,51,98,Healthcare,Biotechnology
FINGF,Finning International Inc.,0.04,0.2,13,5,81,Industrials,Industrial Distribution
CHBAY,"The Chiba Bank, Ltd.",0.0,0.91,37,10,82,Financial Services,Banks - Regional
UMBFO,UMB Financial Corporation,0.3,0.11,75,40,43,Finance,Major Banks
SMGZY,Smiths Group plc,0.64,2.98,94,66,50,Industrials,Specialty Industrial Machinery
SIRI,Sirius XM Holdings Inc.,0.36,3.62,33,25,75,Consumer Discretionary,Broadcasting
MICC,The Magnum Ice Cream Company N.V.,-1.81,3.9,42,29,51,Consumer Staples,Specialty Foods
ALBKY,Alpha Bank S.A.,-0.84,14.56,87,76,78,Financial Services,Banks - Regional
BDOUY,"BDO Unibank, Inc.",-3.31,16.05,76,69,28,Financial Services,Banks - Regional
HLI,"Houlihan Lokey, Inc.",-0.43,-5.47,23,16,17,Finance,Investment Managers
KAIKY,"Kawasaki Kisen Kaisha, Ltd.",0.0,9.62,76,56,53,Industrials,Marine Shipping
SNCAF,AtkinsRéalis Group Inc.,-0.48,-2.11,9,3,15,Industrials,Engineering & Construction
OGE,OGE Energy Corp.,-0.08,-1.25,54,33,46,Utilities,Electric Utilities: Central
R,"Ryder System, Inc.",-1.03,12.17,52,38,84,Consumer Discretionary,Rental/Leasing Companies
PSHZF,"Pershing Square Holdings, Ltd.",-2.67,-7.1,0,0,19,,
AAL,American Airlines Group Inc.,3.7,23.47,100,100,79,Consumer Discretionary,Air Freight/Delivery Services
SPIIY,SPIIY,7.07,24.98,82,68,68,Industrials,Engineering & Construction
FCFS,"FirstCash Holdings, Inc.",1.3,0.21,78,60,82,Consumer Discretionary,Other Specialty Stores
KKOYY,Kesko Oyj,-1.0,-7.92,0,0,36,Consumer Defensive,Grocery Stores
BXP,"BXP, Inc.",2.6,8.01,68,52,41,Real Estate,Real Estate Investment Trusts
BROS,Dutch Bros Inc.,7.61,28.33,100,100,69,Consumer Discretionary,Restaurants
MTLHY,Mitsubishi Chemical Group Corporation,0.0,10.97,75,51,70,Basic Materials,Specialty Chemicals
LUNR,"Intuitive Machines, Inc.",0.57,-32.14,0,0,92,Industrials,Industrial Machinery/Components
GME,GameStop Corp.,0.05,-4.57,36,24,22,Consumer Discretionary,Electronics Distribution
BAH,Booz Allen Hamilton Holding Corporation,-6.67,-13.67,0,0,8,Consumer Discretionary,Professional Services
TRYIF,"Toray Industries, Inc.",0.0,13.83,95,81,64,Consumer Cyclical,Textile Manufacturing
MKTAY,Makita Corporation,1.81,1.95,100,94,59,Industrials,Tools & Accessories
HLLGY,HELLA GmbH & Co. KGaA,0.0,0.12,31,10,23,Consumer Cyclical,Auto Parts
NCLTY,"Nitori Holdings Co., Ltd.",-5.58,-3.06,0,0,14,Consumer Cyclical,"Furnishings, Fixtures & Appliances"
CART,Maplebear Inc.,4.04,7.87,100,94,49,Consumer Discretionary,Business Services
MASI,Masimo Corporation,0.0,0.9,57,50,56,Health Care,Biotechnology: Electromedical & Electrotherapeutic Apparatus
SIMO,Silicon Motion Technology Corporation,4.73,24.66,100,100,97,Technology,Semiconductors
ONBPP,Old National Bancorp,-0.24,0.51,33,9,39,Finance,Major Banks
SSB,SouthState Bank Corporation,0.71,2.08,61,42,45,Finance,Major Banks
ASGLY,AGC Inc.,1.22,16.73,58,52,81,Industrials,Conglomerates
ACLIF,Accelleron Industries AG,0.0,-9.83,31,10,77,Industrials,Specialty Industrial Machinery
MAKSF,Marks and Spencer Group plc,0.0,-11.84,9,4,25,Consumer Cyclical,Department Stores
DDS,"Dillard's, Inc.",-0.7,2.85,7,0,36,Consumer Discretionary,Department/Specialty Retail Stores
SUMCF,Sumco Corporation,9.2,40.02,79,77,97,Technology,Semiconductor Equipment & Materials
RRC,Range Resources Corporation,-0.74,-13.29,0,0,22,Energy,Oil & Gas Production
IESFY,Interconexión Eléctrica S.A. E.S.P.,0.0,-16.57,13,9,74,Utilities,Utilities - Regulated Electric
NRKBF,NKT A/S,0.0,25.23,87,75,84,Industrials,Electrical Equipment & Parts
JSNSF,J Sainsbury plc,0.0,3.46,94,86,51,Consumer Defensive,Grocery Stores
CUBE,CUBE,1.3,2.5,43,31,46,Real Estate,Real Estate Investment Trusts
LGN,Legence Corp.,0.54,3.77,61,30,94,Consumer Discretionary,Engineering & Construction
GMWKF,GMWKF,-0.33,1.87,64,47,66,Consumer Cyclical,Leisure
MSGS,Madison Square Garden Sports Corp.,2.3,4.8,34,10,86,Consumer Discretionary,Services-Misc. Amusement & Recreation
SNEX,StoneX Group Inc.,4.79,23.1,100,100,94,Finance,Investment Bankers/Brokers/Service
BRKR,Bruker Corporation,4.57,29.3,70,67,88,Industrials,Biotechnology: Laboratory Analytical Instruments
INPOY,InPost S.A.,0.28,0.0,31,5,66,Industrials,Integrated Freight & Logistics
DTCWY,Deutsche Wohnen SE,0.0,3.06,65,41,37,Real Estate,Real Estate Services
LEVI,Levi Strauss & Co.,1.33,11.06,66,47,68,Consumer Discretionary,Apparel
ALGM,"Allegro MicroSystems, Inc.",9.3,33.09,100,100,93,Technology,Semiconductors
SHZHY,Shenzhou International Group Holdings Limited,0.19,-4.1,0,0,8,Consumer Cyclical,Textile Manufacturing
PSORF,Pearson plc,0.0,-1.2,31,10,57,Communication Services,Publishing
NSANF,"Nissan Motor Co., Ltd.",-1.35,4.76,11,8,20,Consumer Cyclical,Auto Manufacturers
ALNPY,ANA Holdings Inc.,0.0,9.54,90,77,34,Industrials,Airlines
WTCHF,WiseTech Global Limited,0.0,-10.99,2,0,3,Technology,Software - Application
TKHVY,Türk Hava Yollari Anonim Ortakligi,0.0,8.35,94,84,38,Industrials,Airlines
INPOF,InPost S.A.,0.0,-1.74,31,10,80,Industrials,Integrated Freight & Logistics
NUVL,"Nuvalent, Inc.",0.06,20.63,90,80,81,Health Care,Biotechnology: Pharmaceutical Preparations
SPHXF,"SM Prime Holdings, Inc.",0.0,-8.72,10,3,1,Real Estate,Real Estate - Diversified
NSANY,"Nissan Motor Co., Ltd.",-1.6,-5.91,11,0,22,Consumer Cyclical,Auto Manufacturers
EMN,Eastman Chemical Company,0.51,3.76,39,18,49,Industrials,Major Chemicals
RTLLF,RATIONAL Aktiengesellschaft,0.0,0.73,8,0,23,Industrials,Specialty Industrial Machinery
NCLTF,"Nitori Holdings Co., Ltd.",0.0,12.25,45,32,3,Consumer Cyclical,"Furnishings, Fixtures & Appliances"
XP,XP Inc.,-0.78,-12.39,2,0,13,Finance,Investment Bankers/Brokers/Service
PSPSF,PSP Swiss Property AG,-3.57,-4.54,0,0,33,Real Estate,Real Estate Services
WIGBY,WiseTech Global Limited,0.0,0.28,50,46,2,Technology,Software - Application
ICL,ICL Group Ltd,-1.91,-19.53,0,0,25,Industrials,Agricultural Chemicals
GGAL,Grupo Financiero Galicia S.A.,1.48,34.15,100,93,80,Finance,Commercial Banks
CFR,"Cullen/Frost Bankers, Inc.",0.08,5.02,80,61,60,Finance,Major Banks
WRFRF,Wharf Real Estate Investment Company Limited,-6.9,-22.3,0,0,61,Real Estate,Real Estate Services
FR,"First Industrial Realty Trust, Inc.",1.81,-0.75,53,32,58,Real Estate,Real Estate Investment Trusts
KT,KT Corporation,0.33,-0.87,52,27,20,Telecommunications,Telecommunications Equipment
ACKDF,Auckland International Airport Limited,0.0,-0.4,81,55,37,Industrials,Airports & Air Services
CMC,Commercial Metals Company,-1.17,1.8,14,0,69,Industrials,Steel/Iron Ore
NCLH,Norwegian Cruise Line Holdings Ltd.,3.08,27.51,100,95,32,Consumer Discretionary,Marine Transportation
BRRLY,Barry Callebaut AG,0.07,-12.52,0,0,30,Consumer Defensive,Confectioners
HLTOY,Hellenic Telecommunications Organization S.A.,1.37,0.64,62,48,56,Communication Services,Telecom Services
RYAN,"Ryan Specialty Holdings, Inc.",-0.88,5.87,81,68,9,Finance,Specialty Insurers
AIXXF,AIXTRON SE,-0.27,12.34,91,80,97,Technology,Semiconductor Equipment & Materials
ENS,EnerSys,0.23,6.36,18,5,92,Technology,Industrial Machinery/Components
NEMKY,Nemetschek SE,-4.53,-14.14,0,0,2,Technology,Software - Application
BYCBF,Barry Callebaut AG,0.0,-6.39,10,4,29,Consumer Defensive,Confectioners
AIIXY,AIXTRON SE,-0.74,9.59,62,47,97,Technology,Semiconductor Equipment & Materials
YAMHF,"Yamaha Motor Co., Ltd.",0.0,-7.74,4,2,32,Consumer Cyclical,Auto Manufacturers
NEMTF,Nemetschek SE,0.0,-4.53,19,8,4,Technology,Software - Application
BLDR,"Builders FirstSource, Inc.",5.84,13.14,100,92,11,Consumer Discretionary,RETAIL: Building Materials
FNMAN,Federal National Mortgage Association,0.0,-17.71,10,3,11,Financial Services,Mortgage Finance
FNMAK,Federal National Mortgage Association,1.5,-11.11,11,0,18,Financial Services,Mortgage Finance
FNMAT,Federal National Mortgage Association,1.49,-11.26,21,3,9,Financial Services,Mortgage Finance
FNMFM,Federal National Mortgage Association,0.0,-7.12,42,33,9,Financial Services,Mortgage Finance
FNMAS,Federal National Mortgage Association,1.71,-9.92,30,9,15,Financial Services,Mortgage Finance
XNGSF,ENN Energy Holdings Limited,0.0,-18.04,12,6,6,Utilities,Utilities - Regulated Gas
KBDCF,Kingboard Holdings Limited,0.0,273.09,99,97,99,Industrials,Conglomerates
AGCO,AGCO Corporation,1.51,-0.97,38,18,44,Industrials,Industrial Machinery/Components
FITGF,FIT Hon Teng Limited,1.0,-9.82,23,17,91,Technology,Electronic Components
NEXNY,Nexans S.A.,0.73,0.87,37,29,76,Industrials,Electrical Equipment & Parts
MLSPF,Melrose Industries PLC,-10.05,-8.09,0,0,14,Industrials,Specialty Industrial Machinery
STJPF,St. James's Place plc,0.0,-4.26,20,7,32,Financial Services,Asset Management
AMG,"Affiliated Managers Group, Inc.",-0.78,17.11,89,81,83,Finance,Investment Managers
WILYY,Demant A/S,0.0,6.65,46,30,65,Healthcare,Medical Devices
SKPJY,SKY Perfect JSAT Corporation,0.0,-12.47,12,4,98,Communication Services,Broadcasting
SKPJF,SKY Perfect JSAT Corporation,0.0,219.64,73,72,1,Communication Services,Broadcasting
KLYCY,Kunlun Energy Company Limited,-2.91,-8.07,0,0,12,Energy,Oil & Gas Refining & Marketing
HALO,"Halozyme Therapeutics, Inc.",-0.03,-0.62,43,29,48,Health Care,Biotechnology: Biological Products (No Diagnostic Substances)
IBRX,"ImmunityBio, Inc.",5.29,-8.57,55,45,94,Health Care,Biotechnology: Biological Products (No Diagnostic Substances)
CAMT,Camtek Ltd.,9.55,22.46,97,91,91,Technology,Electronic Components
SSL,Sasol Limited,0.28,-17.34,0,0,82,Energy,Oil & Gas Production
TOTDF,TOTO LTD.,0.0,23.53,74,61,90,Industrials,Building Products & Equipment
TOPPY,TOPPAN Holdings Inc.,0.0,1.26,64,52,30,Industrials,Conglomerates
SDXOF,Sodexo S.A.,0.0,14.24,86,67,34,Industrials,Specialty Business Services
VIRT,"Virtu Financial, Inc.",3.96,17.86,100,100,90,Finance,Investment Bankers/Brokers/Service
ALBHF,Alibaba Health Information Technology Limited,4.99,-17.45,16,9,3,Healthcare,Pharmaceutical Retailers
CLF,Cleveland-Cliffs Inc.,-3.15,18.76,40,33,77,Basic Materials,Metal Mining
PDI,PIMCO Dynamic Income Fund,-0.12,-0.89,21,0,31,Finance,Trusts Except Educational Religious and Charitable
PTBRY,PT Bank Negara Indonesia (Persero) Tbk,9.47,-2.85,82,78,16,Financial Services,Banks - Regional
SCABY,Svenska Cellulosa Aktiebolaget SCA (publ),-6.11,8.35,30,25,18,Basic Materials,Paper & Paper Products
VLVCY,Volvo Car AB (publ.),0.0,-15.31,0,0,17,Consumer Cyclical,Auto Manufacturers
VLYPP,Valley National Bancorp,0.57,-0.07,46,19,40,Finance,Major Banks
VLY,Valley National Bancorp,1.29,6.26,61,48,78,Finance,Major Banks
VLVOF,Volvo Car AB (publ.),0.0,-14.69,0,0,23,Consumer Cyclical,Auto Manufacturers
ECG,"Everus Construction Group, Inc.",2.24,6.02,100,97,91,Consumer Discretionary,Homebuilding
RGEDF,Gedeon Richter PLC,-2.55,-106.68,100,100,1,Healthcare,Drug Manufacturers - Specialty & Generic
KEX,Kirby Corporation,0.3,-5.41,20,0,73,Consumer Discretionary,Marine Transportation
WJRYY,West Japan Railway Company,0.87,-6.16,45,32,8,Industrials,Railroads
PLLIF,Pirelli & C. S.p.A.,-0.85,2.19,53,28,41,Consumer Cyclical,Auto Parts
UGI,UGI Corporation,0.57,-2.66,35,19,28,Utilities,Natural Gas Distribution
CHOLF,China Oilfield Services Limited,0.0,-16.98,0,0,21,Energy,Oil & Gas Equipment & Services
CORT,Corcept Therapeutics Incorporated,-2.25,35.3,81,75,87,Health Care,Biotechnology: Pharmaceutical Preparations
FLY,Firefly Aerospace Inc.,-0.64,-29.66,0,0,49,Industrials,Military/Government/Technical
CHRD,Chord Energy Corporation,-3.03,-15.41,0,0,57,Energy,Oil & Gas Production
NE,Noble Corporation plc,-3.14,-21.94,0,0,70,Energy,Oil & Gas Production
ATR,"AptarGroup, Inc.",0.28,4.39,91,77,24,Industrials,Plastic Products
VOYA,"Voya Financial, Inc.",-0.36,10.13,83,66,75,Finance,Life Insurance
HQY,"HealthEquity, Inc.",-1.3,-2.67,8,4,27,Consumer Discretionary,Business Services
HULCF,"Hulic Co., Ltd.",0.0,-14.5,3,0,1,Real Estate,Real Estate Services
THNPY,Technip Energies N.V.,-2.53,0.52,51,38,46,Energy,Oil & Gas Equipment & Services
CWAN,"Clearwater Analytics Holdings, Inc.",0.12,-0.45,24,8,53,Technology,Computer Software: Prepackaged Software
CDP,COPT Defense Properties,0.81,5.28,58,44,57,Real Estate,Real Estate Investment Trusts
STAG,"STAG Industrial, Inc.",1.42,-1.31,56,36,42,Real Estate,Real Estate Investment Trusts
JXN,Jackson Financial Inc.,-1.46,-2.87,66,41,53,Finance,Life Insurance
PLXS,Plexus Corp.,2.02,16.1,100,92,92,Technology,Electrical Products
NOV,NOV Inc.,-3.32,-10.99,0,0,68,Consumer Discretionary,Oil and Gas Field Machinery
SHTDF,Sinopharm Group Co. Ltd.,0.0,-2.55,29,10,25,Healthcare,Medical Distribution
TSUKF,"Toyo Suisan Kaisha, Ltd.",0.0,-19.95,1,0,48,Consumer Defensive,Packaged Foods
NEU,NewMarket Corporation,2.18,10.54,45,27,62,Industrials,Major Chemicals
UMICY,Umicore SA,0.75,-5.06,29,12,90,Industrials,Waste Management
CIG,Companhia Energética de Minas Gerais - CEMIG,-0.49,-10.48,0,0,36,Utilities,Electric Utilities: Central
ESAIY,"Eisai Co., Ltd.",3.39,-8.96,38,30,11,Healthcare,Drug Manufacturers - Specialty & Generic
SPXSF,Spirax Group plc,0.0,-10.04,6,3,40,Industrials,Specialty Industrial Machinery
SNROF,"Sanrio Company, Ltd.",-11.69,-2.5,0,0,1,Consumer Cyclical,Specialty Retail
MIDD,The Middleby Corporation,4.55,20.13,100,100,68,Industrials,Industrial Machinery/Components
JBTM,JBT Marel Corporation,2.38,3.08,83,63,34,Industrials,Industrial Machinery/Components
SHMXY,SHMXY,0.0,-5.14,56,47,24,Technology,Scientific & Technical Instruments
CEVMY,CTS Eventim AG & Co. KGaA,0.0,-3.84,34,30,5,Communication Services,Entertainment
LGFRY,Longfor Group Holdings Limited,-7.31,-17.72,0,0,7,Real Estate,Real Estate - Development
RIG,Transocean Ltd.,-4.84,-27.66,0,0,70,Energy,Oil & Gas Production
SPXSY,Spirax Group plc,3.23,0.73,100,78,52,Industrials,Specialty Industrial Machinery
TTAN,"ServiceTitan, Inc.",2.85,2.31,14,4,6,Technology,Computer Software: Prepackaged Software
MTLPF,MTLPF,-0.21,29.11,100,91,22,,
EXP,Eagle Materials Inc.,5.32,12.28,100,87,57,Industrials,Building Materials
DKDRF,NewMed Energy - Limited Partnership,0.0,-4.39,8,4,54,Energy,Oil & Gas E&P
SNROY,SNROY,-8.0,2.61,41,33,5,Consumer Cyclical,Specialty Retail
SRUUF,Sprott Physical Uranium Trust Fund,-0.14,-2.93,16,0,37,Energy,Uranium
AACAY,AAC Technologies Holdings Inc.,2.15,17.5,100,97,77,Technology,Communication Equipment
HXL,Hexcel Corporation,-2.22,13.76,79,68,83,Industrials,Major Chemicals
UEC,Uranium Energy Corp.,5.17,-5.8,42,37,54,Basic Materials,Other Metals and Minerals
ASXFF,ASX Limited,0.0,-13.75,40,33,24,Financial Services,Financial Data & Stock Exchanges
KGS,"Kodiak Gas Services, Inc.",3.95,-5.69,50,37,91,Utilities,Natural Gas Distribution
SHTDY,Sinopharm Group Co. Ltd.,1.79,-4.35,23,7,15,Healthcare,Medical Distribution
VFC,V.F. Corporation,3.77,7.48,70,58,58,Industrials,Garments and Clothing
KIGRY,KION GROUP AG,2.37,-5.07,68,54,16,Industrials,Farm & Heavy Construction Machinery
PUODY,"Promotora y Operadora de Infraestructura, S. A. B. de C. V.",1.49,-1.45,61,42,63,Industrials,Infrastructure Operations
PNDRY,PNDRY,2.54,17.7,97,85,41,Consumer Cyclical,Luxury Goods
PAYC,"Paycom Software, Inc.",0.91,-9.27,0,0,9,Technology,Computer Software: Prepackaged Software
LAD,"Lithia Motors, Inc.",0.62,8.76,45,25,35,Consumer Discretionary,Retail-Auto Dealers and Gas Stations
RKGRY,RKGRY,0.0,-5.32,0,0,15,Industrials,Aerospace & Defense
POOL,Pool Corporation,2.39,9.44,100,85,13,Consumer Discretionary,Industrial Specialties
KCDMY,"Kimberly-Clark de México, S. A. B. de C. V.",-2.73,-4.72,18,0,41,Consumer Defensive,Household & Personal Products
ROAD,"Construction Partners, Inc.",2.1,9.12,100,93,48,Industrials,Military/Government/Technical
FBASF,Fibra UNO,-2.71,-2.31,40,24,51,Real Estate,REIT - Diversified
YTLCF,YTLCF,0.0,32.62,73,64,41,Utilities,Utilities - Diversified
INGM,Ingram Micro Holding Corporation,-0.67,10.29,45,34,78,Technology,Retail: Computer Software & Peripheral Equipment
CENX,Century Aluminum Company,-4.79,-12.03,0,0,90,Industrials,Aluminum
FSS,Federal Signal Corporation,4.12,5.6,100,100,49,Industrials,Auto Manufacturing
KGFHY,Kingfisher plc,-1.84,-1.27,19,2,37,Consumer Cyclical,Home Improvement Retail
SSRM,SSR Mining Inc.,-2.58,0.68,83,75,87,Industrials,Precious Metals
ASXFY,ASX Limited,-1.53,-17.51,25,21,28,Financial Services,Financial Data & Stock Exchanges
DELHF,De'Longhi S.p.A.,0.0,4.03,56,27,63,Consumer Cyclical,"Furnishings, Fixtures & Appliances"
ETSY,"Etsy, Inc.",1.54,21.45,100,94,77,Consumer Discretionary,Business Services
HBRIY,Harbour Energy plc,-0.6,-14.47,0,0,37,Energy,Oil & Gas E&P
PTGX,"Protagonist Therapeutics, Inc.",1.27,11.88,100,94,84,Health Care,Biotechnology: Pharmaceutical Preparations
INGR,Ingredion Incorporated,-0.92,-2.75,0,0,14,Consumer Staples,Packaged Foods
FLR,Fluor Corporation,3.35,23.56,100,100,63,Industrials,Military/Government/Technical
SYRE,"Spyre Therapeutics, Inc.",0.97,22.83,100,94,98,Health Care,Biotechnology: Pharmaceutical Preparations
KIROY,Kumba Iron Ore Limited,-0.8,-1.9,16,0,41,Basic Materials,Steel
VNO,Vornado Realty Trust,3.7,19.65,77,62,62,Real Estate,Real Estate Investment Trusts
MSSMY,MISUMI Group Inc.,0.0,18.81,95,87,85,Industrials,Tools & Accessories
NNCHY,Nissan Chemical Corporation,0.0,-7.02,6,3,72,Basic Materials,Chemicals
MAC,The Macerich Company,2.74,6.06,50,42,79,Real Estate,Real Estate Investment Trusts
DFILF,DFI Retail Group Holdings Limited,0.0,-21.51,8,1,56,Consumer Defensive,Grocery Stores
AN,"AutoNation, Inc.",1.28,2.2,22,3,28,Consumer Discretionary,Retail-Auto Dealers and Gas Stations
WWNTY,Want Want China Holdings Limited,0.0,1.76,24,8,10,Consumer Defensive,Packaged Foods
USAR,"USA Rare Earth, Inc.",4.63,9.17,39,33,88,Basic Materials,Metal Mining
AVTR,"Avantor, Inc.",1.27,21.57,77,64,30,Industrials,Biotechnology: Laboratory Analytical Instruments
FNB,F.N.B. Corporation,0.72,4.71,70,53,62,Finance,Major Banks
CAR,"Avis Budget Group, Inc.",4.17,23.32,87,69,87,Consumer Discretionary,Rental/Leasing Companies
MIRM,"Mirum Pharmaceuticals, Inc.",4.99,10.5,100,100,85,Health Care,Biotechnology: Pharmaceutical Preparations
KTWIY,Kurita Water Industries Ltd.,9.34,11.1,100,100,99,Industrials,Pollution & Treatment Controls
PCTY,Paylocity Holding Corporation,0.55,-10.38,0,0,7,Technology,Computer Software: Prepackaged Software
GTX,Garrett Motion Inc.,1.66,12.07,94,80,95,Consumer Discretionary,Auto Parts:O.E.M.
YPHDF,Ypsomed Holding AG,0.0,0.0,31,10,19,Healthcare,Medical Instruments & Supplies
EAT,"Brinker International, Inc.",3.84,25.7,100,100,50,Consumer Discretionary,Restaurants
RRR,"Red Rock Resorts, Inc.",3.72,17.41,76,57,46,Consumer Discretionary,Hotels/Resorts
BMA,Banco Macro S.A.,3.2,41.86,100,100,88,Finance,Commercial Banks
MTHRY,"M3, Inc.",2.24,13.8,80,65,12,Healthcare,Health Information Services
PHJMF,PT Hanjaya Mandala Sampoerna Tbk,-16.67,0.0,44,38,31,Consumer Defensive,Tobacco
HIMS,"Hims & Hers Health, Inc.",11.23,53.95,100,100,40,Health Care,Medical/Nursing Services
LOAR,Loar Holdings Inc.,5.51,17.8,100,100,37,Industrials,Military/Government/Technical
GLAPF,Glanbia plc,3.05,4.0,78,60,86,Consumer Defensive,Packaged Foods
SCCTY,Scout24 SE,2.05,5.97,90,67,23,Communication Services,Internet Content & Information
CACC,Credit Acceptance Corporation,2.91,3.91,100,72,69,Finance,Finance: Consumer Services
UBSI,"United Bankshares, Inc.",0.52,3.84,62,44,65,Finance,Major Banks
LNSPF,LondonMetric Property Plc,1.66,-9.36,21,14,29,Real Estate,REIT - Industrial
LW,"Lamb Weston Holdings, Inc.",2.32,7.39,84,65,25,Consumer Staples,Packaged Foods
SLFPY,Aberdeen Group Plc,0.0,0.86,49,21,73,Financial Services,Asset Management
TVAVF,The Tel-Aviv Stock Exchange Ltd.,-7.97,-12.46,0,0,88,Financial Services,Financial Data & Stock Exchanges
RSI,"Rush Street Interactive, Inc.",2.86,5.21,84,70,87,Consumer Discretionary,Services-Misc. Amusement & Recreation
SIGCY,SIG Group AG,-1.61,0.36,63,39,39,Consumer Cyclical,Packaging & Containers
TAL,TAL Education Group,0.0,-12.23,5,0,12,Real Estate,Other Consumer Services
FLG,"Flagstar Bank, National Association",0.34,7.24,71,54,66,Finance,Banks
SQNNY,"Square Enix Holdings Co., Ltd.",2.64,-11.14,34,25,15,Communication Services,Electronic Gaming & Multimedia
JBHIF,JB Hi-Fi Limited,0.0,-14.92,4,2,11,Consumer Cyclical,Specialty Retail
ACT,"Enact Holdings, Inc.",-0.59,-1.86,58,40,53,Finance,Specialty Insurers
BEPC,Brookfield Renewable Corporation,4.0,2.31,36,23,41,Utilities,Electric Utilities: Central
POR,Portland General Electric Company,0.76,0.95,52,32,52,Utilities,Electric Utilities: Central
BLTE,"Belite Bio, Inc",-1.5,1.93,78,67,84,Health Care,Biotechnology: Pharmaceutical Preparations
DFYFF,DFYFF,0.0,-3.8,28,13,23,Financial Services,Insurance - Property & Casualty
ACMR,"ACM Research, Inc.",14.22,53.45,100,100,97,Technology,Industrial Machinery/Components
NSA,National Storage Affiliates Trust,1.88,5.76,69,51,80,Real Estate,Real Estate Investment Trusts
COIHY,Croda International Plc,2.05,9.44,92,58,63,Basic Materials,Specialty Chemicals
TFX,Teleflex Incorporated,1.63,-5.81,25,15,51,Health Care,Medical/Dental Instruments
COCSF,"Coca-Cola FEMSA, S.A.B. de C.V.",0.0,6.81,62,23,61,Consumer Defensive,Beverages - Non-Alcoholic
BURBY,Burberry Group plc,1.88,-0.85,21,8,39,Consumer Cyclical,Luxury Goods
NOVT,Novanta Inc.,2.56,1.11,17,1,76,Miscellaneous,Industrial Machinery/Components
GIGNY,Genting Singapore Limited,0.0,-4.03,51,35,24,Consumer Cyclical,Resorts & Casinos
SBSNY,Vend Marketplaces ASA,-7.09,-9.22,16,11,13,Communication Services,Internet Content & Information
S,"SentinelOne, Inc.",1.49,-16.42,2,0,26,Technology,Computer Software: Prepackaged Software
ESAB,ESAB Corporation,7.07,17.36,100,100,32,Industrials,Industrial Machinery/Components
TKMSF,TKMS AG & Co KGaA,4.75,-24.47,13,12,37,Unknown,Unknown
DELKY,Delek Group Ltd.,0.52,-12.99,0,0,57,Energy,Oil & Gas E&P
ARGTF,Artemis Gold Inc.,-5.57,1.87,31,21,36,Basic Materials,Other Precious Metals & Mining
XYIGY,Xinyi Glass Holdings Limited,-1.74,0.35,0,0,37,Basic Materials,Building Materials
SKSUF,"Sekisui Chemical Co., Ltd.",0.0,-0.02,31,10,1,Industrials,Conglomerates
BLCO,Bausch + Lomb Corporation,0.07,-8.21,7,4,33,Health Care,Ophthalmic Goods
NSLYF,NSLYF,0.0,-12.97,8,4,55,Consumer Defensive,Packaged Foods
KRG,Kite Realty Group Trust,-1.13,5.24,42,29,67,Real Estate,Real Estate Investment Trusts
LINRF,Liontown Limited,0.0,-0.03,32,22,95,Basic Materials,Other Industrial Metals & Mining
HPHTY,Hamamatsu Photonics K.K.,0.0,-6.75,4,2,84,Technology,Electronic Components
ZEGLF,ZEGLF,0.0,0.41,53,34,39,Communication Services,Telecom Services
SRTTY,"ZOZO, Inc.",0.0,-3.17,72,59,10,Consumer Cyclical,Internet Retail
ALM,Almonty Industries Inc.,2.9,6.63,64,55,95,Basic Materials,Other Metals and Minerals
CGON,"CG Oncology, Inc.",1.08,-5.68,64,54,85,Health Care,Biotechnology: Biological Products (No Diagnostic Substances)
MATX,"Matson, Inc.",-1.2,1.39,49,37,86,Consumer Discretionary,Marine Transportation
AUOTY,AUO Corporation,8.06,48.24,87,83,93,Technology,Electronic Components
TMSNY,Temenos AG,-3.03,-12.96,0,0,24,Technology,Software - Application
TMHC,Taylor Morrison Home Corporation,-0.01,24.55,86,73,63,Consumer Discretionary,Homebuilding
JDSPY,JD Sports Fashion Plc,1.0,10.5,77,61,57,Consumer Cyclical,Apparel Retail
WILWY,Wallenius Wilhelmsen ASA,0.0,19.6,94,85,86,Industrials,Marine Shipping
NAVN,"Navan, Inc.",4.38,18.18,75,65,91,Technology,Computer Software: Prepackaged Software
AUB,Atlantic Union Bankshares Corporation,1.24,4.96,67,57,63,Finance,Major Banks
HPHTF,Hamamatsu Photonics K.K.,-2.6,1.46,61,53,85,Technology,Electronic Components
GAERF,"Grupo Aeroportuario del Centro Norte, S.A.B. de C.V.",0.0,131.41,98,93,96,Industrials,Airports & Air Services
RANJF,Randstad N.V.,0.0,3.38,65,43,15,Industrials,Staffing & Employment Services
LPX,Louisiana-Pacific Corporation,3.02,10.71,100,87,30,Basic Materials,Forest Products
MTG,MGIC Investment Corporation,-0.72,-1.03,76,49,30,Finance,Property-Casualty Insurers
GCHEF,"Grupo Comercial Chedraui, S.A.B. de C.V.",0.0,-8.85,7,3,33,Consumer Defensive,Grocery Stores
RUSHA,"Rush Enterprises, Inc.",3.21,0.23,72,56,69,Consumer Discretionary,Retail-Auto Dealers and Gas Stations
CNVVY,Convatec Group PLC,0.46,-5.75,55,34,14,Healthcare,Medical Instruments & Supplies
XENE,Xenon Pharmaceuticals Inc.,-0.55,-3.24,45,24,71,Health Care,Biotechnology: Pharmaceutical Preparations
DLB,"Dolby Laboratories, Inc.",2.15,-3.31,12,0,10,Miscellaneous,Multi-Sector Companies
BB,BlackBerry Limited,-5.1,35.16,48,43,95,Technology,Computer Software: Prepackaged Software
CRC,California Resources Corporation,-0.09,-10.02,0,0,41,Energy,Oil & Gas Production
ZHEXF,"Zhejiang Expressway Co., Ltd.",0.0,0.0,47,26,29,Industrials,Infrastructure Operations
GTLB,GitLab Inc.,0.34,-0.52,10,0,13,Technology,Computer Software: Prepackaged Software
CWST,"Casella Waste Systems, Inc.",1.02,-0.49,45,31,25,Utilities,Environmental Services
SMFRF,"Sumitomo Forestry Co., Ltd.",0.0,6.85,57,35,1,Consumer Cyclical,Residential Construction
VSEC,VSE Corporation,5.31,28.58,100,100,77,Consumer Discretionary,Military/Government/Technical
ARKAF,Arkema S.A.,0.0,1.12,49,17,54,Basic Materials,Specialty Chemicals
DUOL,"Duolingo, Inc.",1.76,17.54,90,80,9,Technology,Computer Software: Prepackaged Software
IIDDY,IGO Limited,0.0,11.98,76,52,87,Basic Materials,Other Industrial Metals & Mining
SIGIP,"Selective Insurance Group, Inc.",0.21,-1.55,37,17,31,Finance,Property-Casualty Insurers
CGHOF,China Gas Holdings Limited,0.0,-3.06,26,10,32,Utilities,Utilities - Regulated Gas
AUTSF,AUTSF,-11.43,5.98,12,0,80,Unknown,Unknown
ALK,"Alaska Air Group, Inc.",2.05,23.61,100,93,49,Consumer Discretionary,Air Freight/Delivery Services
DLPTF,"Liaoning Port Co., Ltd.",0.0,0.0,31,10,54,Industrials,Marine Shipping
KYSEF,"Kyushu Electric Power Company, Incorporated",0.0,-4.12,12,5,1,Utilities,Utilities - Independent Power Producers
USSJY,"USS Co., Ltd.",0.0,18.77,91,81,54,Consumer Cyclical,Auto & Truck Dealerships
SMBMF,Seatrium Limited,0.0,-10.81,40,34,27,Energy,Oil & Gas Equipment & Services
BCPC,Balchem Corporation,0.94,2.93,86,60,41,Industrials,Major Chemicals
TCLHF,TCL Electronics Holdings Limited,0.0,-12.32,24,17,73,Technology,Consumer Electronics
XMTR,"Xometry, Inc.",4.97,1.62,90,81,94,Consumer Discretionary,Business Services
IEP,Icahn Enterprises L.P.,0.0,-3.95,9,1,42,Consumer Discretionary,Auto Parts:O.E.M.
HCC,"Warrior Met Coal, Inc.",-4.72,6.99,26,17,75,Energy,Coal Mining
PUMSY,PUMA SE,-0.63,4.62,45,39,73,Consumer Cyclical,Footwear & Accessories
KOTMY,"Koito Manufacturing Co., Ltd.",0.0,4.43,61,34,64,Consumer Cyclical,Auto Parts
NNNN,Anbio Biotechnology,4.92,-47.74,5,3,14,Health Care,Biotechnology: In Vitro & In Vivo Diagnostic Substances
NTSK,"Netskope, Inc.",3.78,-22.98,8,7,3,Technology,Computer Software: Prepackaged Software
PAM,Pampa Energía S.A.,0.67,8.99,65,48,54,Utilities,Electric Utilities: Central
BECTY,Bechtle AG,2.06,10.13,100,87,31,Technology,Information Technology Services
DNTUY,Dentsu Group Inc.,0.0,7.11,12,5,30,Communication Services,Advertising Agencies
OGS,"ONE Gas, Inc.",0.93,-7.29,22,10,32,Utilities,Oil/Gas Transmission
GBTG,"Global Business Travel Group, Inc.",0.0,-0.53,34,9,84,Consumer Discretionary,Transportation Services
KYSEY,"Kyushu Electric Power Company, Incorporated",-6.06,-12.47,7,2,37,Utilities,Utilities - Independent Power Producers
IPGP,IPG Photonics Corporation,3.85,-2.4,75,50,78,Technology,Semiconductors
LBRDP,Liberty Broadband Corporation,0.67,0.3,52,24,25,Telecommunications,Cable & Other Pay Television Services
LBRDK,LBRDK,-4.05,-12.44,0,0,2,Telecommunications,Cable & Other Pay Television Services
DIOD,Diodes Incorporated,9.8,22.96,100,100,94,Technology,Semiconductors
XNDU,Xanadu Quantum Technologies Limited,-1.47,-5.38,25,21,89,Technology,Computer Manufacturing
AMVIF,AMVIF,1.26,12.29,79,65,48,,
CGHLY,China Gas Holdings Limited,0.0,-12.18,0,0,12,Utilities,Utilities - Regulated Gas
SITE,"SiteOne Landscape Supply, Inc.",4.38,-3.34,58,45,16,Consumer Discretionary,Professional and commerical equipment
EIFZF,Exchange Income Corporation,0.0,17.28,93,77,88,Industrials,Airlines
NEXXY,Nexi S.p.A.,0.0,2.56,71,49,41,Technology,Software - Infrastructure
AYYLF,Ayala Corporation,0.0,-8.39,4,2,6,Industrials,Conglomerates
CNX,CNX Resources Corporation,-0.52,-10.57,3,0,21,Energy,Oil & Gas Production
MTN,"Vail Resorts, Inc.",11.43,14.44,100,98,38,Consumer Discretionary,Services-Misc. Amusement & Recreation
KVYO,"Klaviyo, Inc.",-1.56,-12.31,0,0,2,Technology,Computer Software: Prepackaged Software
QNTPF,XtalPi Holdings Limited,-6.69,-27.53,0,0,6,,
DNLZY,Dyno Nobel Limited,-5.05,6.46,63,55,77,Basic Materials,Specialty Chemicals
ATAT,Atour Lifestyle Holdings Limited,-0.54,-8.95,31,12,22,Consumer Discretionary,Hotels/Resorts
CHEOY,Cochlear Limited,3.31,16.36,100,100,2,Healthcare,Medical Devices
NNI,"Nelnet, Inc.",0.96,1.81,44,26,41,Finance,Finance: Consumer Services
AMVOY,AMVOY,-2.31,14.54,63,50,36,Consumer Cyclical,Auto Parts
PUTKY,PT United Tractors Tbk,-2.45,-9.66,48,34,11,Basic Materials,Other Industrial Metals & Mining
SEPLF,SEPLF,0.0,24.16,86,74,96,Energy,Oil & Gas E&P
RIOCF,RioCan Real Estate Investment Trust,-1.41,4.59,40,19,67,Real Estate,REIT - Retail
GSISF,Genesis Minerals Limited,0.0,5.3,93,84,57,Basic Materials,Gold
SMR,NuScale Power Corporation,13.54,12.99,52,47,4,Industrials,Metal Fabrications
FCN,"FTI Consulting, Inc.",-3.33,-5.75,0,0,17,Consumer Discretionary,Professional Services
UNF,UniFirst Corporation,0.49,-1.13,7,0,74,Consumer Discretionary,Other Consumer Services
RLI,RLI Corp.,0.64,5.31,62,43,19,Finance,Property-Casualty Insurers
GMVHY,Entain Plc,-0.27,0.69,29,18,11,Consumer Cyclical,Gambling
KNTNF,K92 Mining Inc.,-1.26,-8.34,25,6,65,Basic Materials,Gold
UFPI,"UFP Industries, Inc.",3.1,8.72,100,87,26,Basic Materials,Forest Products
SMDPY,"Sumitomo Pharma Co., Ltd.",2.21,-15.39,13,10,25,Healthcare,Drug Manufacturers - Specialty & Generic
EBC,"Eastern Bankshares, Inc.",2.23,4.61,76,55,65,Finance,Savings Institutions
UUUU,Energy Fuels Inc.,8.24,-1.31,47,41,81,Industrials,Mining & Quarrying of Nonmetallic Minerals (No Fuels)
MZDAY,Mazda Motor Corporation,-1.14,3.58,54,25,37,Consumer Cyclical,Auto Manufacturers
AQN,Algonquin Power & Utilities Corp.,0.34,0.0,35,19,32,Utilities,Electric Utilities: Central
HSSKY,HASEKO Corporation,0.0,0.0,31,10,38,Consumer Cyclical,Residential Construction
ACDVF,Air Canada,5.3,19.41,100,100,74,Industrials,Airlines
IBOC,International Bancshares Corporation,-0.04,1.57,46,30,52,Finance,Major Banks
YADGF,Yadea Group Holdings Ltd.,0.0,-6.58,8,3,49,Consumer Cyclical,Auto Manufacturers
COLD,"Americold Realty Trust, Inc.",-0.57,-2.36,0,0,56,Real Estate,Real Estate Investment Trusts
TFSL,TFS Financial Corporation,0.92,6.19,60,43,74,Finance,Savings Institutions
TBBB,BBB Foods Inc.,-1.03,13.2,92,86,82,Consumer Staples,Food Chains
FRMI,Fermi Inc.,9.7,56.25,100,100,10,Real Estate,Real Estate Investment Trusts
HRI,Herc Holdings Inc.,6.91,17.57,100,94,78,Industrials,Misc Corporate Leasing Services
EXLS,"ExlService Holdings, Inc.",-6.93,-11.89,0,0,5,Consumer Discretionary,Business Services
NHKGF,"NHK Spring Co., Ltd.",0.0,73.09,93,86,1,Consumer Cyclical,Auto Parts
CUZ,Cousins Properties Incorporated,2.06,7.24,57,42,55,Real Estate,Real Estate Investment Trusts
ACRXF,"Acerinox, S.A.",0.0,11.36,77,57,89,Basic Materials,Steel
KPDCF,Keppel DC REIT,0.0,0.0,31,10,31,Real Estate,REIT - Office
AD,"Array Digital Infrastructure, Inc.",-0.38,-4.0,0,0,63,Telecommunications,Telecommunications Equipment
INDV,"Indivior Pharmaceuticals, Inc.",0.98,1.89,83,67,88,Health Care,Biotechnology: Pharmaceutical Preparations
AVEX,AEVEX Corp.,-7.67,-30.34,0,0,5,Industrials,Aerospace
RDNT,"RadNet, Inc.",1.74,-0.87,26,20,12,Health Care,Medical Specialities
KRNTY,Krones AG,0.0,3.65,72,42,27,Industrials,Specialty Industrial Machinery
MTH,Meritage Homes Corporation,4.53,19.71,100,98,63,Consumer Discretionary,Homebuilding
FELE,"Franklin Electric Co., Inc.",0.92,7.31,96,69,57,Consumer Discretionary,Metal Fabrications
NWE,"NorthWestern Energy Group, Inc.",0.92,-1.39,68,39,63,Utilities,Power Generation
UPCHY,Uni-President China Holdings Ltd,-7.83,-4.99,5,0,18,Consumer Defensive,Beverages - Non-Alcoholic
OLED,OLED,5.23,-1.37,40,23,9,Technology,Electrical Products
SZGPY,Salzgitter AG,-11.47,-4.39,0,0,91,Basic Materials,Steel
COCO,"The Vita Coco Company, Inc.",0.45,7.88,96,86,92,Consumer Staples,Beverages (Production/Distribution)
BKGFY,The Berkeley Group Holdings plc,-0.32,6.22,80,55,22,Consumer Cyclical,Residential Construction
TLPFF,Teleperformance SE,-4.36,-26.95,0,0,22,Industrials,Specialty Business Services
SFBS,"ServisFirst Bancshares, Inc.",0.97,4.22,67,50,49,Finance,Major Banks
ELFIF,E-L Financial Corporation Limited,0.58,-1.63,14,3,44,Financial Services,Insurance - Life
PTEN,"Patterson-UTI Energy, Inc.",-2.52,-17.51,0,0,82,Energy,Oil & Gas Production
GRTUF,Granite Real Estate Investment Trust,-0.23,-2.56,0,0,65,Real Estate,REIT - Industrial
BETA,"BETA Technologies, Inc.",2.09,7.69,15,5,5,Industrials,Aerospace
TAC,TransAlta Corporation,1.33,5.86,64,55,51,Utilities,Electric Utilities: Central
MANE,MANE,2.18,-10.87,21,10,94,Health Care,Biotechnology: Pharmaceutical Preparations
RMVEY,RMVEY,-1.07,-0.8,14,0,8,Communication Services,Internet Content & Information
LBTYK,Liberty Global Ltd.,-1.1,-6.58,0,0,28,Telecommunications,Cable & Other Pay Television Services
WYGPF,Worley Limited,0.0,8.2,52,39,54,Energy,Oil & Gas Equipment & Services
SLM,SLM Corporation,0.35,5.22,82,60,29,Finance,Finance: Consumer Services
HCHDF,Hochschild Mining plc,-7.14,-3.03,56,48,85,Basic Materials,Other Precious Metals & Mining
THO,"THOR Industries, Inc.",0.64,-3.18,0,0,14,Industrials,Homebuilding
HGV,Hilton Grand Vacations Inc.,1.31,8.12,100,86,70,Consumer Discretionary,Hotels/Resorts
SKT,Tanger Inc.,1.16,9.82,71,55,64,Real Estate,Real Estate Investment Trusts
FMCCG,Federal Home Loan Mortgage Corporation,0.0,-7.82,40,27,12,Financial Services,Mortgage Finance
FMCCH,Federal Home Loan Mortgage Corporation,0.0,-5.96,6,0,12,Financial Services,Mortgage Finance
FMCCS,Federal Home Loan Mortgage Corporation,0.0,-10.97,6,3,10,Financial Services,Mortgage Finance
FREJP,Federal Home Loan Mortgage Corporation PFD 5.30%,0.0,-8.33,8,3,15,Unknown,Unknown
FMCCJ,Federal Home Loan Mortgage Corporation,0.0,-9.16,12,2,8,Financial Services,Mortgage Finance
FMCCT,Federal Home Loan Mortgage Corporation,1.04,-13.16,0,0,10,Financial Services,Mortgage Finance
FREJN,Federal Home Loan Mortgage Corporation,0.0,-3.49,15,5,15,Financial Services,Mortgage Finance
FMCKN,Federal Home Loan Mortgage Corporation,0.0,-7.88,8,4,14,Financial Services,Mortgage Finance
CVCO,"Cavco Industries, Inc.",2.64,21.49,94,84,69,Consumer Discretionary,Homebuilding
MWH,"SOLV Energy, Inc.",-1.38,-11.65,39,27,58,Industrials,Military/Government/Technical
MNSO,MINISO Group Holding Limited,-1.73,-14.16,0,0,4,Consumer Discretionary,Department/Specialty Retail Stores
PSKRF,Protector Forsikring ASA,0.04,-1.78,14,5,98,Financial Services,Insurance - Specialty
PSKRY,PSKRY,-0.5,-7.81,9,2,74,Financial Services,Insurance - Specialty
VEMLY,Venture Corporation Limited,0.0,1.56,31,10,78,Technology,Electronic Components
LIVN,LivaNova PLC,0.0,6.5,75,59,80,Health Care,Biotechnology: Electromedical & Electrotherapeutic Apparatus
BCHHF,Bucher Industries AG,0.0,0.0,31,10,14,Industrials,Specialty Industrial Machinery
GFF,Griffon Corporation,2.58,9.59,57,49,73,Industrials,Building Products
KRC,Kilroy Realty Corporation,1.83,7.47,53,41,52,Real Estate,Real Estate Investment Trusts
SOHVY,"Sumitomo Heavy Industries, Ltd.",0.0,-9.28,13,4,68,Industrials,Specialty Industrial Machinery
CVSA,Covista Inc.,1.47,-5.51,14,9,42,Real Estate,Other Consumer Services
DNP,DNP Select Income Fund Inc.,-0.28,-0.32,44,21,53,Finance,Investment Managers
ERAS,"Erasca, Inc.",-2.22,22.93,79,72,98,Health Care,Biotechnology: Pharmaceutical Preparations
NDGPF,Nine Dragons Paper (Holdings) Limited,0.0,7.14,88,73,74,Basic Materials,Paper & Paper Products
LOPE,"Grand Canyon Education, Inc.",-0.61,-10.82,0,0,10,Real Estate,Other Consumer Services
SLGN,Silgan Holdings Inc.,-0.53,9.96,90,81,32,Industrials,Containers/Packaging
TUIFF,TUI AG,0.0,-1.02,31,10,20,Consumer Cyclical,Travel Services
PJT,PJT Partners Inc.,0.3,0.28,33,14,39,Finance,Investment Managers
UCB,"United Community Banks, Inc.",0.89,-0.63,38,24,53,Finance,Major Banks
APNHY,Aspen Pharmacare Holdings Limited,0.0,7.0,63,41,77,Healthcare,Drug Manufacturers - Specialty & Generic
VRNS,"Varonis Systems, Inc.",0.91,7.33,59,50,35,Technology,Computer Software: Prepackaged Software
SZGPF,Salzgitter AG,-11.98,14.1,32,27,92,Basic Materials,Steel
SMMBF,SMMBF,-13.19,0.0,68,59,34,,
BNL,"Broadstone Net Lease, Inc.",0.98,0.73,45,29,63,Real Estate,Real Estate Investment Trusts
STNG,Scorpio Tankers Inc.,3.25,-0.75,97,71,82,Consumer Discretionary,Marine Transportation
RGAKF,RGAKF,1.03,10.83,18,11,96,,
BELFA,Bel Fuse Inc.,0.04,14.75,92,82,93,Technology,Electronic Components
UCTT,"Ultra Clean Holdings, Inc.",8.66,51.18,100,100,98,Technology,Semiconductors
NVST,Envista Holdings Corporation,4.22,9.0,100,100,62,Health Care,Medical/Dental Instruments
INSW,"International Seaways, Inc.",3.73,3.17,100,100,91,Consumer Discretionary,Marine Transportation
CRGY,Crescent Energy Company,-3.15,-22.9,0,0,47,Energy,Oil & Gas Production
HP,"Helmerich & Payne, Inc.",-2.26,-14.46,0,0,81,Energy,Oil & Gas Production
VKTX,"Viking Therapeutics, Inc.",0.3,3.19,46,35,37,Health Care,Biotechnology: Pharmaceutical Preparations
VLEEY,Valeo SE,-4.22,12.91,30,24,79,Consumer Cyclical,Auto Parts
TCMFF,Telecom Argentina S.A.,0.0,-16.67,31,10,98,Communication Services,Telecom Services
TPC,Tutor Perini Corporation,0.13,1.38,91,77,73,Consumer Discretionary,General Bldg Contractors - Nonresidential Bldgs
PAFRY,Pan African Resources PLC,0.0,-22.75,23,18,86,Basic Materials,Gold
IRTC,"iRhythm Holdings, Inc.",2.81,-10.56,11,3,7,Health Care,Medical/Dental Instruments
UTG,Reaves Utility Income Fund,2.23,2.43,77,35,59,Finance,Investment Managers
MNGPF,Man Group Plc,0.0,-1.03,82,67,80,Financial Services,Asset Management
TWODF,Taylor Wimpey plc,0.0,0.0,56,46,11,Consumer Cyclical,Residential Construction
ACAD,ACADIA Pharmaceuticals Inc.,0.09,3.2,65,42,26,Health Care,Biotechnology: Pharmaceutical Preparations
DORM,"Dorman Products, Inc.",2.35,7.38,58,28,43,Consumer Discretionary,Auto Parts:O.E.M.
VCYT,"Veracyte, Inc.",4.56,18.68,100,100,89,Health Care,Medical Specialities
SKE,Skeena Resources Limited,-4.33,-2.41,59,45,80,Basic Materials,Precious Metals
CLBT,Cellebrite DI Ltd.,2.89,-4.25,8,2,10,Technology,Computer Software: Prepackaged Software
AHEXY,Adecco Group AG,-0.51,-1.63,0,0,9,Industrials,Staffing & Employment Services
SLTCY,Siltronic AG,0.0,-0.21,13,0,93,Technology,Semiconductors
TDW,Tidewater Inc.,-4.49,-23.52,0,0,50,Consumer Discretionary,Marine Transportation
JOE,The St. Joe Company,3.88,1.74,86,54,58,Real Estate,Homebuilding
JUMSY,Jumbo S.A.,0.0,-2.33,72,60,21,Consumer Cyclical,Specialty Retail
YETI,"YETI Holdings, Inc.",3.66,9.63,65,50,80,Consumer Discretionary,Recreational Games/Products/Toys
KFY,Korn Ferry,-0.29,7.85,51,26,51,Consumer Discretionary,Diversified Commercial Services
FCXXF,First Capital Real Estate Investment Trust,-1.28,-3.72,0,0,61,Real Estate,REIT - Retail
BMI,"Badger Meter, Inc.",0.63,15.16,96,84,9,Industrials,Industrial Machinery/Components
TKKHF,Tikehau Capital,0.0,0.0,31,10,58,Financial Services,Asset Management
KC,Kingsoft Cloud Holdings Limited,-3.36,-27.94,0,0,7,Technology,Computer Software: Prepackaged Software
BHF,"Brighthouse Financial, Inc.",0.05,1.18,51,26,53,Finance,Life Insurance
BHFAO,"Brighthouse Financial, Inc.",0.58,-1.98,62,35,33,Finance,Life Insurance
DAVE,Dave Inc.,10.01,28.97,100,100,86,Finance,Finance: Consumer Services
CNS,"Cohen & Steers, Inc.",0.71,4.61,64,46,59,Finance,Investment Managers
GBNXF,Gibson Energy Inc.,-1.62,-1.9,7,0,52,Energy,Oil & Gas Midstream
OSIS,"OSI Systems, Inc.",2.42,5.4,65,49,17,Technology,Semiconductors
TPZEF,Topaz Energy Corp.,-1.69,-10.07,0,0,45,Energy,Oil & Gas Midstream
TSYHF,TravelSky Technology Limited,-5.22,-19.26,0,0,9,Technology,Information Technology Services
SPTJF,Sinopec Shanghai Petrochemical Company Limited,3.33,10.64,67,50,22,Energy,Oil & Gas Refining & Marketing
CALM,"Cal-Maine Foods, Inc.",-0.73,-0.68,52,36,19,Consumer Staples,Farming/Seeds/Milling
FOUR,"Shift4 Payments, Inc.",0.59,-6.64,33,19,4,Consumer Discretionary,Business Services
VECO,Veeco Instruments Inc.,5.11,40.63,90,88,97,Technology,Industrial Machinery/Components
HGTY,"Hagerty, Inc.",0.37,-1.63,74,55,32,Finance,Specialty Insurers
NHPEF,New Hope Corporation Limited,0.0,0.5,26,12,73,Energy,Thermal Coal
ABG,"Asbury Automotive Group, Inc.",3.64,7.78,63,43,22,Consumer Discretionary,Retail-Auto Dealers and Gas Stations
QNTQY,QinetiQ Group plc,-0.59,2.26,0,0,19,Industrials,Aerospace & Defense
AB,AllianceBernstein Holding L.P.,-0.58,-7.03,8,2,31,Finance,Investment Managers
ARCAY,Arcadis NV,0.0,0.45,26,10,37,Industrials,Engineering & Construction
SIG,Signet Jewelers Limited,2.02,12.37,56,38,37,Consumer Discretionary,Consumer Specialties
NEA,Nuveen AMT-Free Quality Municipal Income Fund,0.61,3.54,50,24,44,Finance,Finance/Investors Services
TSYHY,TravelSky Technology Limited,-2.72,-12.2,0,0,9,Technology,Information Technology Services
AYAAF,"Ayala Land, Inc.",0.0,0.0,87,60,5,Real Estate,Real Estate - Development
INOD,Innodata Inc.,-6.85,0.83,21,16,93,Technology,EDP Services
MCHB,Mechanics Bancorp,0.07,3.85,35,24,60,Finance,Major Banks
BULL,Webull Corporation,-0.56,1.29,93,86,27,Finance,Investment Bankers/Brokers/Service
JOYY,JOYY Inc.,-1.05,15.54,70,57,63,Technology,EDP Services
OLGPF,Olam Group Limited,0.0,25.72,95,88,82,Consumer Defensive,Food Distribution
COLM,Columbia Sportswear Company,3.88,10.55,80,55,65,Consumer Discretionary,Apparel
SII,Sprott Inc.,-4.99,-3.85,39,21,78,Finance,Finance: Consumer Services
MHO,"M/I Homes, Inc.",4.42,16.97,100,100,64,Consumer Discretionary,Homebuilding
NPEGF,"Nippon Electric Glass Co., Ltd.",0.0,-12.78,29,24,65,Technology,Electronic Components
CBU,"Community Financial System, Inc.",1.8,-1.48,29,19,53,Finance,Major Banks
DNLI,Denali Therapeutics Inc.,-0.77,23.79,92,84,83,Health Care,Biotechnology: Biological Products (No Diagnostic Substances)
MSGE,Madison Square Garden Entertainment Corp.,0.59,5.53,69,44,86,Consumer Discretionary,Services-Misc. Amusement & Recreation
CC,The Chemours Company,-1.14,-2.25,52,32,86,Industrials,Major Chemicals
PTRN,Pattern Group Inc.,4.45,20.54,99,83,89,Consumer Discretionary,Catalog/Specialty Distribution
KYIV,Kyivstar Group Ltd.,1.87,0.78,63,46,73,Telecommunications,Telecommunications Equipment
NATL,NCR Atleos Corporation,1.0,-3.41,0,0,63,Miscellaneous,Office Equipment/Supplies/Services
AGO,Assured Guaranty Ltd.,-0.94,-2.92,58,42,23,Finance,Property-Casualty Insurers
FHB,"First Hawaiian, Inc.",0.61,2.84,62,45,62,Finance,Major Banks
OPCH,"Option Care Health, Inc.",1.29,-1.08,97,70,6,Health Care,Medical/Nursing Services
USLM,"United States Lime & Minerals, Inc.",2.93,9.17,100,91,29,Industrials,Mining & Quarrying of Nonmetallic Minerals (No Fuels)
OUTKY,Outokumpu Oyj,-4.97,2.85,16,0,77,Basic Materials,Steel
AMFPF,Amplifon S.p.A.,0.0,-4.76,52,10,22,Healthcare,Medical Distribution
HWKN,"Hawkins, Inc.",1.96,4.21,100,77,56,Consumer Discretionary,Specialty Chemicals
YAMCY,Yamaha Corporation,0.0,-3.66,48,35,32,Consumer Cyclical,Leisure
TBCCF,TBC Bank Group PLC,4.6,1.11,79,54,46,Financial Services,Banks - Regional
TGSGY,TGS ASA,-3.02,-13.84,0,0,85,Energy,Oil & Gas Equipment & Services
ARLP,"Alliance Resource Partners, L.P.",-3.21,-5.73,0,0,28,Energy,Coal Mining
RCUS,"Arcus Biosciences, Inc.",0.79,2.4,59,35,88,Health Care,Biotechnology: Pharmaceutical Preparations
SMUPF,Sims Limited,0.0,27.88,95,88,92,Basic Materials,Steel
SHOO,"Steven Madden, Ltd.",3.15,9.69,53,32,81,Consumer Discretionary,Shoe Manufacturing
NICMF,Nickel Industries Limited,-2.55,-10.81,34,18,74,Basic Materials,Other Industrial Metals & Mining
GARPF,Golden Agri-Resources Ltd,0.0,9.52,45,37,47,Consumer Defensive,Farm Products
SKLTY,SEEK Limited,-3.71,-6.06,50,36,6,Communication Services,Internet Content & Information
AMBA,"Ambarella, Inc.",6.21,-15.7,19,12,57,Technology,Semiconductors
DNN,Denison Mines Corp.,1.21,5.68,62,53,72,Basic Materials,Other Metals and Minerals
TOEAF,"Toei Animation Co.,Ltd.",0.0,-20.05,5,3,1,Communication Services,Entertainment
TMRAF,Tomra Systems ASA,-1.6,-6.91,0,0,6,Industrials,Waste Management
ATRO,Astronics Corporation,0.62,-5.21,65,57,89,Industrials,Military/Government/Technical
XISHY,Xinyi Solar Holdings Limited,-0.42,-14.0,0,0,7,Technology,Solar
SOCNF,SOCNF,11.43,0.0,41,39,14,Industrials,Electrical Equipment & Parts
CTRI,"Centuri Holdings, Inc.",-0.67,0.88,30,0,61,Utilities,Oil & Gas Production
TMRAY,Tomra Systems ASA,-2.27,-6.69,0,0,7,Industrials,Waste Management
ADX,"Adams Diversified Equity Fund, Inc.",1.16,1.89,87,1,65,Finance,Investment Managers
KPLUY,K+S Aktiengesellschaft,-3.75,-7.12,0,0,24,Basic Materials,Agricultural Inputs
WIX,Wix.com Ltd.,1.05,-22.45,0,0,1,Technology,Computer Software: Programming Data Processing
WBRBY,Wienerberger AG,-0.57,-1.33,24,10,17,Basic Materials,Building Materials
MAURY,"Marui Group Co., Ltd.",0.0,-8.3,34,25,10,Financial Services,Credit Services
MZTI,The Marzetti Company,1.34,-3.5,27,13,5,Consumer Staples,Packaged Foods
KBH,KB Home,3.4,15.2,86,73,30,Consumer Discretionary,Homebuilding
FSM,Fortuna Mining Corp.,-1.8,-1.8,57,43,52,Basic Materials,Precious Metals
UNLRF,PT Unilever Indonesia Tbk,0.0,-26.0,10,8,6,Consumer Defensive,Household & Personal Products
LXP,LXP Industrial Trust,1.47,1.84,74,51,62,Real Estate,Real Estate Investment Trusts
ATROB,Astronics Corporation,1.57,-3.28,63,47,89,Industrials,Aerospace & Defense
ITGR,Integer Holdings Corporation,1.63,-0.58,35,15,35,Health Care,Biotechnology: Electromedical & Electrotherapeutic Apparatus
BHE,"Benchmark Electronics, Inc.",1.23,10.45,100,86,93,Technology,Electrical Products
GEO,"The GEO Group, Inc.",1.46,26.04,100,90,87,Consumer Discretionary,Homebuilding
HYMC,Hycroft Mining Holding Corporation,1.72,-23.65,23,15,97,Basic Materials,Precious Metals
RTOXF,Rotork plc,0.0,3.7,86,76,27,Industrials,Specialty Industrial Machinery
AYA,Aya Gold & Silver Inc.,-1.58,17.22,72,65,89,Basic Materials,Precious Metals
MITFF,Mitie Group plc,-11.74,-19.12,0,0,25,Industrials,Specialty Business Services
BBAGF,BB Biotech AG,0.0,0.0,31,10,39,Healthcare,Biotechnology
PATK,"Patrick Industries, Inc.",2.06,-3.17,27,17,14,Consumer Discretionary,Auto Parts:O.E.M.
NTCT,"NetScout Systems, Inc.",1.15,2.43,1,0,84,Technology,EDP Services
NIPOF,Japan Hotel REIT Investment Corporation,0.0,0.05,31,10,1,Real Estate,REIT - Hotel & Motel
QTWO,"Q2 Holdings, Inc.",-2.1,-8.98,0,0,4,Technology,Computer Software: Prepackaged Software
CPK,Chesapeake Utilities Corporation,0.47,-4.43,24,10,30,Utilities,Oil & Gas Production
CSMYF,COSMOS Pharmaceutical Corporation,0.0,-8040.63,97,94,1,Healthcare,Pharmaceutical Retailers
SBCF,Seacoast Banking Corporation of Florida,0.78,1.32,59,49,48,Finance,Major Banks
TATYF,Tate & Lyle plc,2.39,10.97,95,76,83,Consumer Defensive,Packaged Foods
HG,"Hamilton Insurance Group, Ltd.",-1.63,-3.12,71,55,75,Finance,Property-Casualty Insurers
DBRG,"DigitalBridge Group, Inc.",0.38,0.38,44,18,68,Real Estate,Real Estate Investment Trusts
OUST,"Ouster, Inc.",14.37,50.86,100,95,94,Industrials,Industrial Machinery/Components
PHPPY,Signify N.V.,0.0,-0.32,27,15,48,Industrials,Electrical Equipment & Parts
CWK,Cushman & Wakefield Limited,-0.23,0.31,34,21,34,Finance,Real Estate
AEHR,"Aehr Test Systems, Inc.",2.38,40.03,100,95,98,Industrials,Electrical Products
EXALF,Exail Technologies,0.0,-10.25,2,1,39,Industrials,Aerospace & Defense
PFS,"Provident Financial Services, Inc.",0.49,2.57,54,40,67,Finance,Savings Institutions
SSSAF,Shurgard Self Storage Ltd,3.27,3.78,100,84,13,Real Estate,REIT - Specialty
BSM,"Black Stone Minerals, L.P.",1.45,0.57,78,46,42,Energy,Oil & Gas Production
HIW,"Highwoods Properties, Inc.",2.31,15.0,65,51,64,Real Estate,Real Estate Investment Trusts
AMPX,"Amprius Technologies, Inc.",7.8,7.3,14,11,92,Miscellaneous,Industrial Machinery/Components
DREUF,Dream Industrial Real Estate Investment Trust,-2.39,-1.6,0,0,54,Real Estate,REIT - Industrial
CFNCF,Compagnie Financière Tradition SA,0.0,2.2,35,10,88,Financial Services,Capital Markets
FPAFF,FPAFF,1.52,-4.29,46,26,20,Consumer Defensive,Packaged Foods
HOEGF,Höegh Autoliners ASA,-4.29,-5.79,11,8,76,Industrials,Marine Shipping
PLMR,"Palomar Holdings, Inc.",-2.38,-3.55,68,54,20,Finance,Property-Casualty Insurers
EXPO,"Exponent, Inc.",-0.21,-1.79,6,0,13,Consumer Discretionary,Professional Services
PLXNF,PLXNF,0.0,-0.19,3,0,18,Industrials,Specialty Business Services
DX,"Dynex Capital, Inc.",0.08,2.83,75,37,53,Real Estate,Real Estate Investment Trusts
WHR,Whirlpool Corporation,0.57,-6.38,0,0,2,Consumer Discretionary,Consumer Electronics/Appliances
DBD,"Diebold Nixdorf, Incorporated",3.61,17.36,100,78,77,Miscellaneous,Office Equipment/Supplies/Services
KNKZF,KWS SAAT SE & Co. KGaA,0.0,-5.74,17,7,51,Basic Materials,Agricultural Inputs
WOR,"Worthington Enterprises, Inc.",2.3,10.85,100,84,55,Industrials,Steel/Iron Ore
SVM,Silvercorp Metals Inc.,-4.71,-9.78,46,38,90,Basic Materials,Precious Metals
HMDPF,Hammond Power Solutions Inc.,4.4,11.23,100,95,95,Industrials,Electrical Equipment & Parts
NAD,Nuveen Quality Municipal Income Fund,0.84,3.81,68,34,43,Finance,Investment Managers
FPAFY,First Pacific Company Limited,-0.92,-4.42,0,0,16,Consumer Defensive,Packaged Foods
PTON,"Peloton Interactive, Inc.",4.34,11.61,47,37,49,Consumer Discretionary,Recreational Games/Products/Toys
EEFT,"Euronet Worldwide, Inc.",-1.78,-2.86,0,0,14,Finance,Investment Bankers/Brokers/Service
ALMS,Alumis Inc.,1.56,6.22,81,73,97,Health Care,Biotechnology: Pharmaceutical Preparations
HLIO,"Helios Technologies, Inc.",6.96,14.31,100,100,91,Industrials,Metal Fabrications
FA,First Advantage Corporation,1.77,5.17,54,37,65,Technology,EDP Services
GARPY,Golden Agri-Resources Ltd,1.14,-4.34,68,56,40,Consumer Defensive,Farm Products
CSPKF,COSCO SHIPPING Ports Limited,0.0,-0.36,31,10,69,Industrials,Marine Shipping
UNIT,Uniti Group Inc.,-0.43,6.3,35,27,88,Real Estate,Real Estate Investment Trusts
INTR,"Inter & Co, Inc.",-2.16,-11.97,0,0,4,Finance,Commercial Banks
PRVA,"Privia Health Group, Inc.",1.11,2.11,99,80,44,Health Care,Medical/Nursing Services
CWT,California Water Service Group,0.44,4.29,45,27,38,Utilities,Water Supply
CARG,"CarGurus, Inc.",2.25,6.42,97,84,16,Technology,EDP Services
WDFC,WD-40 Company,0.65,9.23,93,75,43,Industrials,Major Chemicals
ARQT,"Arcutis Biotherapeutics, Inc.",-0.04,28.04,95,89,78,Health Care,Biotechnology: Pharmaceutical Preparations
ALFRY,Alfresa Holdings Corporation,0.0,-4.17,22,8,19,Healthcare,Medical Distribution
VIVHY,Vivendi SE,-0.41,-6.51,0,0,29,Communication Services,Electronic Gaming & Multimedia
HSQVY,Husqvarna AB (publ),0.37,-12.11,0,0,20,Industrials,Tools & Accessories
CZMWF,Carl Zeiss Meditec AG,0.0,-0.2,28,20,10,Healthcare,Medical Instruments & Supplies
ASH,Ashland Inc.,5.53,22.19,100,89,78,Consumer Discretionary,Specialty Chemicals
FBGGF,Fabege AB (publ),0.0,0.0,31,10,72,Real Estate,Real Estate Services
DFTX,"Definium Therapeutics, Inc.",0.2,17.3,80,66,94,Health Care,Medicinal Chemicals and Botanical Products
DHT,"DHT Holdings, Inc.",4.31,6.84,100,100,81,Consumer Discretionary,Marine Transportation
DKL,"Delek Logistics Partners, LP",2.61,-1.66,27,17,53,Energy,Natural Gas Distribution
AFBOF,African Rainbow Minerals Limited,0.0,-24.69,1,0,96,Basic Materials,Other Industrial Metals & Mining
IPEU,IPE Universal Inc.,0.0,-14.29,50,44,72,Technology,Software - Application
MLYS,"Mineralys Therapeutics, Inc.",-1.99,-13.37,22,16,42,Health Care,Biotechnology: Pharmaceutical Preparations
TRMK,Trustmark Corporation,0.81,1.5,51,36,60,Finance,Major Banks
KPLIF,Keppel Infrastructure Trust,0.0,-0.68,31,10,83,Basic Materials,Specialty Chemicals
DJT,Trump Media & Technology Group Corp.,4.81,5.33,42,34,7,Technology,Computer Software: Programming Data Processing
SMSGY,Samsonite Group S.A.,4.06,13.88,100,100,31,Consumer Cyclical,Footwear & Accessories
MXCHF,"Orbia Advance Corporation, S.A.B. de C.V.",0.0,4.55,87,69,84,Industrials,Conglomerates
HXPLF,HEXPOL AB (publ),-1.92,-1.66,11,4,19,Basic Materials,Specialty Chemicals
AUKUF,ams-OSRAM AG,0.0,-5.35,0,0,94,Technology,Semiconductors
HOG,"Harley-Davidson, Inc.",1.02,8.46,86,70,69,Consumer Discretionary,Motor Vehicles
AMSSY,ams-OSRAM AG,-0.72,-8.62,29,22,95,Technology,Semiconductors
SPXX,Nuveen S&P 500 Dynamic Overwrite Fund,1.85,3.57,100,31,54,Finance,Trusts Except Educational Religious and Charitable
HNLGY,Hang Lung Group Limited,0.0,-11.08,4,2,26,Real Estate,Real Estate Services
SHCAY,Sharp Corporation,0.0,0.0,19,5,15,Technology,Consumer Electronics
AMR,"Alpha Metallurgical Resources, Inc.",-3.93,6.4,30,19,56,Energy,Coal Mining
ROG,Rogers Corporation,2.65,22.32,100,97,92,Industrials,Major Chemicals
WTTR,"Select Water Solutions, Inc.",-1.88,-11.06,0,0,88,Energy,Oilfield Services/Equipment
PTY,PIMCO Corporate & Income Opportunity Fund,0.08,0.51,42,14,29,Finance,Investment Managers
BGAOY,Proximus PLC,0.0,-5.84,0,0,20,Communication Services,Telecom Services
RLX,RLX Technology Inc.,-3.66,-12.38,0,0,10,Health Care,Medicinal Chemicals and Botanical Products
RUSMF,Russel Metals Inc.,0.0,8.11,67,35,82,Industrials,Industrial Distribution
OCDDY,Ocado Group plc,-1.2,-7.82,0,0,14,Consumer Defensive,Grocery Stores
ILKAF,Iluka Resources Limited,-4.02,-6.75,29,15,84,Basic Materials,Other Industrial Metals & Mining
JBFCF,Jollibee Foods Corporation,-7.33,-12.24,0,0,3,Consumer Cyclical,Restaurants
CDLR,Cadeler A/S,-1.59,-20.12,0,0,34,Consumer Discretionary,Marine Transportation
UA,"Under Armour, Inc.",6.15,16.7,91,79,53,Consumer Discretionary,Apparel
CLDX,"Celldex Therapeutics, Inc.",-1.52,4.95,82,74,72,Health Care,Biotechnology: In Vitro & In Vivo Diagnostic Substances
ALGT,Allegiant Travel Company,5.08,30.7,100,100,83,Consumer Discretionary,Air Freight/Delivery Services
SOTDY,Ströer SE & Co. KGaA,-1.14,5.55,55,37,30,Communication Services,Advertising Agencies
GRDN,"Guardian Pharmacy Services, Inc.",-2.28,12.7,74,61,86,Consumer Staples,Retail-Drug Stores and Proprietary Stores
ULIHF,The United Laboratories International Holdings Limited,0.0,-3.12,26,10,9,Healthcare,Drug Manufacturers - Specialty & Generic
HYSNY,Hysan Development Company Limited,0.0,-11.97,7,3,38,Real Estate,Real Estate Services
AGYS,"Agilysys, Inc.",-0.17,7.55,56,42,30,Technology,EDP Services
KRKKF,KRUK Spólka Akcyjna,0.0,63.08,92,84,90,Financial Services,Credit Services
FBNC,First Bancorp,0.78,2.57,66,47,68,Finance,Major Banks
ADPT,Adaptive Biotechnologies Corporation,4.47,25.57,72,66,79,Health Care,Biotechnology: Biological Products (No Diagnostic Substances)
TRRVF,TerraVest Industries Inc.,-0.94,-14.34,12,6,9,Energy,Oil & Gas Equipment & Services
OSW,OneSpaWorld Holdings Limited,2.88,15.38,100,100,75,Consumer Discretionary,Hotels/Resorts
XIFR,"XPLR Infrastructure, LP",1.63,4.79,25,20,70,Utilities,Electric Utilities: Central
ANDE,"The Andersons, Inc.",3.56,0.81,29,17,82,Industrials,Farming/Seeds/Milling
CMPR,Cimpress plc,0.3,-13.14,10,8,80,Consumer Discretionary,Publishing
KGTHY,Krungthai Card Public Company Limited,0.0,5.51,80,50,39,Financial Services,Credit Services
BKE,"The Buckle, Inc.",2.26,-6.09,30,24,23,Consumer Discretionary,Clothing/Shoe/Accessory Stores
RARE,Ultragenyx Pharmaceutical Inc.,1.97,17.42,100,98,40,Health Care,Biotechnology: Pharmaceutical Preparations
GGGSY,Greggs plc,0.0,-0.94,25,11,36,Consumer Cyclical,Restaurants
TSRYF,Treasury Wine Estates Limited,2.94,23.67,100,100,28,Consumer Defensive,Beverages - Wineries & Distilleries
MPJPY,Metaplanet Inc.,-7.01,-23.56,9,0,3,,
LU,Lufax Holding Ltd,-7.41,-30.17,0,0,1,Finance,Finance: Consumer Services
MTPLF,MTPLF,-9.24,-25.59,1,0,1,Consumer Cyclical,Restaurants
WOSGF,Watches of Switzerland Group PLC,0.0,7.26,21,0,88,Consumer Cyclical,Luxury Goods
BUSE,First Busey Corporation,0.86,5.38,61,43,65,Finance,Major Banks
CROMF,Crombie Real Estate Investment Trust,-0.57,0.61,19,2,54,Real Estate,REIT - Diversified
BVNRY,Bavarian Nordic A/S,-0.11,-10.26,0,0,25,Healthcare,Biotechnology
AVVOF,AVVOF,-3.65,4.67,11,3,33,Industrials,Aerospace & Defense
TBBK,"The Bancorp, Inc.",1.59,2.31,71,61,28,Finance,Major Banks
OCDGF,OCDGF,0.0,0.39,9,4,20,Consumer Defensive,Grocery Stores
NZTCF,Spark New Zealand Limited,0.0,-9.17,29,23,16,Communication Services,Telecom Services
BCRX,"BioCryst Pharmaceuticals, Inc.",0.45,2.86,88,74,37,Health Care,Biotechnology: Biological Products (No Diagnostic Substances)
ASRHF,ASRHF,4.07,-24.7,3,2,85,,
PBH,Prestige Consumer Healthcare Inc.,1.8,-0.47,35,24,6,Health Care,Biotechnology: Pharmaceutical Preparations
DXPE,"DXP Enterprises, Inc.",5.35,18.42,100,100,88,Industrials,Industrial Machinery/Components
GEBHY,Genting Berhad,2.49,-7.1,31,23,13,Consumer Cyclical,Resorts & Casinos
PCTTU,"PureCycle Technologies, Inc.",-9.78,57.74,38,35,43,Industrials,Major Chemicals
ALRM,"Alarm.com Holdings, Inc.",-1.88,0.77,16,0,17,Technology,Computer Software: Prepackaged Software
CDNL,Cardinal Infrastructure Group Inc.,8.69,56.18,100,100,97,Industrials,Military/Government/Technical
GRND,Grindr Inc.,0.53,1.83,98,91,22,Technology,Computer Software: Programming Data Processing
RVT,"Royce Small-Cap Trust, Inc.",1.01,1.46,51,19,63,Finance,Trusts Except Educational Religious and Charitable
DRSHF,DroneShield Limited,-3.79,-6.53,0,0,26,Industrials,Aerospace & Defense
BANR,Banner Corporation,0.11,0.28,42,27,45,Finance,Major Banks
MTTRY,Ceconomy AG,0.0,-25.27,19,15,10,Consumer Cyclical,Specialty Retail
CENT,Central Garden & Pet Company,2.35,13.04,99,80,69,Consumer Discretionary,Consumer Specialties
PBI,Pitney Bowes Inc.,0.69,14.38,97,76,90,Miscellaneous,Office Equipment/Supplies/Services
CLM,"Cornerstone Strategic Investment Fund, Inc.",0.81,0.31,55,14,46,Finance,Finance/Investors Services
SRRLF,Sirius Real Estate Limited,0.0,-5.57,18,7,52,Real Estate,Real Estate Services
MBINL,Merchants Bancorp,-0.42,1.56,68,29,52,Finance,Major Banks
LMAT,"LeMaitre Vascular, Inc.",1.89,-7.15,37,25,36,Health Care,Medical/Dental Instruments
PSNY,Polestar Automotive Holding UK PLC,-2.1,-8.86,31,28,42,Industrials,Auto Manufacturing
OSHDF,Oshidori International Holdings Limited,0.0,761.11,97,93,99,Financial Services,Capital Markets
GCMG,GCM Grosvenor Inc.,3.43,16.85,100,100,52,Finance,Investment Managers
JPFAF,JPFAF,0.0,39.32,90,79,1,Consumer Defensive,Farm Products
BSTZ,BlackRock Science and Technology Term Trust,2.95,12.43,89,80,86,Finance,Trusts Except Educational Religious and Charitable
CDDRF,Headwater Exploration Inc.,-3.38,-11.19,0,0,75,Energy,Oil & Gas E&P
MCRI,"Monarch Casino & Resort, Inc.",2.27,12.76,96,70,80,Consumer Discretionary,Hotels/Resorts
CPRI,Capri Holdings Limited,2.99,13.9,66,58,38,Consumer Discretionary,Apparel
DSITF,Currys plc,0.0,19.76,65,28,58,Consumer Cyclical,Specialty Retail
BRSL,Brightstar Lottery PLC,1.89,8.14,39,22,14,Consumer Discretionary,Services-Misc. Amusement & Recreation
VAIAF,Vaisala Oyj,0.0,-2.4,30,10,59,Technology,Scientific & Technical Instruments
CMPNF,Champion Real Estate Investment Trust,0.0,9.68,87,74,70,Real Estate,REIT - Retail
AXGN,"Axogen, Inc.",0.61,5.04,97,88,95,Health Care,Biotechnology: Electromedical & Electrotherapeutic Apparatus
CLOV,"Clover Health Investments, Corp.",4.17,39.28,97,86,94,Health Care,Medical Specialities
PHVS,Pharvaris N.V.,-1.83,11.38,82,74,83,Health Care,Biotechnology: Pharmaceutical Preparations
CXW,"CoreCivic, Inc.",2.59,35.11,100,100,83,Real Estate,Real Estate Investment Trusts
ESTA,Establishment Labs Holdings Inc.,2.94,21.09,92,85,89,Health Care,Industrial Specialties
GENSY,Genus plc,0.0,-19.48,7,3,36,Healthcare,Biotechnology
NWBI,"Northwest Bancshares, Inc.",0.91,4.25,59,41,67,Finance,Major Banks
EBLMY,Etablissements Maurel & Prom S.A.,-9.46,-3.63,0,0,82,Energy,Oil & Gas E&P
MGNI,"Magnite, Inc.",-1.92,36.98,88,83,56,Technology,Computer Software: Programming Data Processing
NWN,Northwest Natural Holding Company,0.31,-1.8,41,23,48,Utilities,Oil/Gas Transmission
JBLU,JetBlue Airways Corporation,10.72,20.08,100,100,73,Consumer Discretionary,Air Freight/Delivery Services
DBMBF,FIBRA Macquarie México,2.09,-4.44,24,11,71,Real Estate,REIT - Industrial
SHO,"Sunstone Hotel Investors, Inc.",1.45,12.89,100,78,77,Consumer Discretionary,Hotels/Resorts
DHC,Diversified Healthcare Trust,3.14,-2.96,72,52,91,Real Estate,Real Estate Investment Trusts
ZLAB,Zai Lab Limited,1.68,-3.35,58,42,11,Health Care,Biotechnology: Pharmaceutical Preparations
ZIZTF,Zip Co Limited,0.0,49.32,97,93,85,Financial Services,Credit Services
NBTX,Nanobiotix S.A.,0.55,-15.96,25,17,97,Health Care,Biotechnology: Pharmaceutical Preparations
NEXA,Nexa Resources S.A.,-0.7,1.86,50,41,94,Basic Materials,Metal Mining
FRHLF,Freehold Royalties Ltd.,-1.36,-9.22,0,0,49,Energy,Oil & Gas E&P
TINLY,Teijin Limited,0.0,-4.88,10,4,43,Industrials,Conglomerates
PKCOY,"PARK24 Co., Ltd.",0.0,18.39,83,75,38,Industrials,Infrastructure Operations
MESO,Mesoblast Limited,2.86,-1.03,45,34,31,Health Care,Biotechnology: Biological Products (No Diagnostic Substances)
GRC,The Gorman-Rupp Company,1.19,20.55,100,93,92,Industrials,Fluid Controls
STC,Stewart Information Services Corporation,1.47,-1.65,75,55,40,Finance,Specialty Insurers
AUPH,Aurinia Pharmaceuticals Inc.,1.98,3.52,100,82,79,Health Care,Biotechnology: Pharmaceutical Preparations
GTY,Getty Realty Corp.,0.31,-2.74,31,19,55,Finance,Real Estate
YLLXF,Yellow Cake plc,0.0,7.47,92,78,49,Energy,Uranium
SNWGF,Snowline Gold Corp.,-1.53,-16.78,15,3,44,Basic Materials,Gold
SXGCF,Southern Cross Gold Consolidated Ltd.,-1.46,1.35,27,21,72,Basic Materials,Gold
CELJF,Cellcom Israel Ltd.,0.0,-16.68,0,0,76,Communication Services,Telecom Services
VRDN,"Viridian Therapeutics, Inc.",-0.48,-5.67,45,34,7,Health Care,Medical Specialities
DEUZF,DEUTZ Aktiengesellschaft,0.0,-0.07,16,13,49,Industrials,Specialty Industrial Machinery
FCF,First Commonwealth Financial Corporation,0.72,4.44,64,43,65,Finance,Major Banks
GRGCF,Georgia Capital PLC,0.0,0.5,82,50,88,Financial Services,Financial Conglomerates
EZPW,"EZCORP, Inc.",4.2,-4.69,38,21,89,Consumer Discretionary,Other Specialty Stores
LTC,"LTC Properties, Inc.",0.86,-6.29,42,29,40,Real Estate,Real Estate Investment Trusts
TGLS,Tecnoglass Inc.,1.86,12.45,100,93,16,Consumer Discretionary,Electronic Components
RXRX,"Recursion Pharmaceuticals, Inc.",3.86,9.12,34,28,11,Health Care,Biotechnology: Biological Products (No Diagnostic Substances)
NWARF,Norwegian Air Shuttle ASA,0.62,10.27,44,35,40,Industrials,Airlines
FFXDF,Fairfax India Holdings Corporation,-3.93,-0.49,0,0,31,Financial Services,Asset Management
SRPT,"Sarepta Therapeutics, Inc.",3.36,2.39,94,84,26,Health Care,Biotechnology: Pharmaceutical Preparations
HVBVF,HVBVF,-1.4,11.58,43,23,67,,
CMGMF,Chemring Group PLC,0.0,4.01,38,22,32,Industrials,Aerospace & Defense
POET,POET Technologies Inc.,1.67,-17.79,28,21,95,Technology,Semiconductors
COTY,Coty Inc.,2.63,0.0,31,25,4,Consumer Discretionary,Package Goods/Cosmetics
NBHC,National Bank Holdings Corporation,1.9,2.64,60,41,58,Finance,Major Banks
PAX,Patria Investments Limited,-1.56,2.34,50,29,19,Finance,Investment Managers
ASPHF,Ascentage Pharma Group International,0.0,-46.58,6,3,2,Healthcare,Biotechnology
WB,Weibo Corporation,-1.21,-11.26,0,0,10,Technology,Computer Software: Programming Data Processing
AAPG,AAPG,0.18,-13.45,4,0,3,Health Care,Biotechnology: Pharmaceutical Preparations
MNHFF,Mayr-Melnhof Karton AG,0.0,-6.47,16,6,60,Consumer Cyclical,Packaging & Containers
ZYME,Zymeworks Inc.,0.0,-6.84,21,9,69,Health Care,Biotechnology: Pharmaceutical Preparations
HMN,Horace Mann Educators Corporation,0.12,4.86,81,59,58,Finance,Property-Casualty Insurers
PLGO,PLGO,-1.46,-0.7,68,53,75,Finance,Property-Casualty Insurers
GEL,"Genesis Energy, L.P.",2.05,-11.5,7,4,19,Energy,Oil Refining/Marketing
INVX,"Innovex International, Inc.",-2.22,-17.41,0,0,72,Consumer Discretionary,Oil and Gas Field Machinery
ALG,Alamo Group Inc.,3.32,6.04,100,100,19,Industrials,Industrial Machinery/Components
IOVA,"Iovance Biotherapeutics, Inc.",-0.51,10.45,29,21,85,Health Care,Biotechnology: Biological Products (No Diagnostic Substances)
ERMAY,ERAMET S.A.,0.0,-1.75,41,29,48,Basic Materials,Other Industrial Metals & Mining
WLTH,Wealthfront Corporation,0.12,-27.12,1,0,11,Finance,Finance: Consumer Services
CIAFF,Champion Iron Limited,-3.98,-18.37,0,0,18,Basic Materials,Steel
GOF,Guggenheim Strategic Opportunities Fund,-0.83,-2.51,2,0,25,Finance,Finance/Investors Services
ILPMF,Permanent TSB Group Holdings plc,0.0,7.79,68,39,55,Financial Services,Banks - Regional
WMK,"Weis Markets, Inc.",0.38,6.51,39,26,55,Consumer Staples,Food Chains
ASTVF,Austevoll Seafood ASA,0.0,-15.52,7,3,24,Consumer Defensive,Farm Products
MAWHY,Man Wah Holdings Limited,0.0,-6.21,27,21,9,Consumer Cyclical,"Furnishings, Fixtures & Appliances"
RMGGF,Resolute Mining Limited,11.27,-14.13,42,39,74,Basic Materials,Gold
TCNNF,Trulieve Cannabis Corp.,6.88,26.41,46,41,90,Healthcare,Drug Manufacturers - Specialty & Generic
QURE,uniQure N.V.,-3.88,88.17,90,87,97,Health Care,Biotechnology: Pharmaceutical Preparations
ETG,Eaton Vance Tax-Advantaged Global Dividend Income Fund,0.61,2.56,64,19,59,Finance,Investment Managers
SRCE,1st Source Corporation,0.55,4.67,61,43,67,Finance,Major Banks
AEVA,"Aeva Technologies, Inc.",3.83,15.54,36,28,84,Consumer Discretionary,Auto Parts:O.E.M.
RLLWF,Reliance Worldwide Corporation Limited,0.0,15.77,78,65,63,Industrials,Building Products & Equipment
MD,"Pediatrix Medical Group, Inc.",0.25,5.07,71,57,77,Health Care,Hospital/Nursing Management
BSMAF,Bursa Malaysia Berhad,0.0,-1.8,31,10,92,Financial Services,Financial Data & Stock Exchanges
NCNO,"nCino, Inc.",-4.45,-4.33,8,5,6,Technology,Computer Software: Prepackaged Software
CNXN,"PC Connection, Inc.",1.34,9.22,50,32,63,Consumer Discretionary,Catalog/Specialty Distribution
GT,The Goodyear Tire & Rubber Company,0.49,10.93,63,58,10,Consumer Discretionary,Automotive Aftermarket
SID,Companhia Siderúrgica Nacional,-8.04,-17.6,0,0,7,Industrials,Steel/Iron Ore
GAB,The Gabelli Equity Trust Inc.,1.48,1.62,55,18,37,Finance,Investment Managers
ENVX,Enovix Corporation,5.83,11.32,34,27,44,Miscellaneous,Industrial Machinery/Components
TH,Target Hospitality Corp.,4.02,10.41,100,100,95,Consumer Discretionary,Hotels/Resorts
SNDX,"Syndax Pharmaceuticals, Inc.",-0.21,-5.61,64,48,59,Health Care,Biotechnology: Pharmaceutical Preparations
SLS,"SELLAS Life Sciences Group, Inc.",3.74,-10.26,37,24,97,Health Care,Biotechnology: Pharmaceutical Preparations
PLSE,"Pulse Biosciences, Inc.",0.59,-1.88,50,41,84,Health Care,Medical/Dental Instruments
EPAC,Enerpac Tool Group Corp.,3.3,8.19,100,98,25,Technology,Industrial Machinery/Components
RNDOF,Round One Corporation,0.0,10.32,80,64,99,Consumer Cyclical,Leisure
MQY,"BlackRock MuniYield Quality Fund, Inc.",0.7,3.12,56,21,41,Finance,Investment Bankers/Brokers/Service
THQQF,Embracer Group AB (publ),0.0,-17.55,1,0,22,Communication Services,Electronic Gaming & Multimedia
BST,BlackRock Science and Technology Trust,1.44,6.4,70,35,76,Finance,Finance Companies
AJMPF,Ashmore Group Plc,0.0,0.26,67,43,54,Financial Services,Asset Management
ECPG,"Encore Capital Group, Inc.",0.5,2.99,88,62,88,Finance,Finance Companies
VSTS,Vestis Corporation,0.62,10.09,65,47,94,Consumer Discretionary,Consumer Specialties
LAR,Lithium Argentina AG,-4.0,-4.3,32,22,96,Basic Materials,Metal Mining
VET,Vermilion Energy Inc.,-3.44,-21.3,0,0,38,Energy,Oil & Gas Production
PVLA,"Palvella Therapeutics, Inc.",0.42,-2.08,70,57,94,Health Care,Biotechnology: Pharmaceutical Preparations
MDCOY,MDCOY,0.0,5.42,65,40,43,Energy,Oil & Gas E&P
GENB,"Generate Biomedicines, Inc.",4.47,11.29,96,84,60,Health Care,Biotechnology: Pharmaceutical Preparations
KRKNF,Kraken Robotics Inc.,9.36,-3.14,55,49,84,Technology,Scientific & Technical Instruments
SNDA,"Sonida Senior Living, Inc.",3.69,-1.83,61,49,69,Health Care,Hospital/Nursing Management
SJMHF,SJM Holdings Limited,0.0,-8.0,5,3,7,Consumer Cyclical,Resorts & Casinos
PARXF,Parex Resources Inc.,-0.8,-7.07,20,8,69,Energy,Oil & Gas E&P
ATAI,AtaiBeckley Inc.,-0.25,-0.73,26,24,64,Health Care,Biotechnology: Pharmaceutical Preparations
GLUE,"Monte Rosa Therapeutics, Inc.",-0.54,-1.82,59,43,93,Health Care,Biotechnology: Biological Products (No Diagnostic Substances)
EOPSF,Electro Optic Systems Holdings Limited,13.4,21.8,46,42,57,Industrials,Aerospace & Defense
ZD,"Ziff Davis, Inc.",3.86,8.74,74,49,68,Telecommunications,Telecommunications Equipment
BHVN,Biohaven Ltd.,-0.37,53.33,96,91,68,Health Care,Biotechnology: Pharmaceutical Preparations
SVNBY,"Seven Bank, Ltd.",0.0,-27.07,4,2,7,Financial Services,Banks - Regional
DCOM,"Dime Commercial Bancshares, Inc.",0.62,6.06,64,47,75,Finance,Major Banks
TPB,"Turning Point Brands, Inc.",3.2,-9.98,14,4,22,Consumer Discretionary,Tobacco
LILA,Liberty Latin America Ltd.,-9.43,-6.04,0,0,29,Telecommunications,Cable & Other Pay Television Services
HLIT,Harmonic Inc.,1.55,22.5,53,46,88,Technology,Radio And Television Broadcasting And Communications Equipment
LSHGF,LSHGF,-24.0,-1.94,0,0,43,,
STBA,"S&T Bancorp, Inc.",0.62,4.18,62,45,67,Finance,Major Banks
TGLVY,Top Glove Corporation Bhd.,0.0,-12.68,33,27,71,Healthcare,Medical Instruments & Supplies
FLO,"Flowers Foods, Inc.",6.14,9.21,88,63,8,Consumer Staples,Packaged Foods
GLP,Global Partners LP,-1.89,-17.67,0,0,21,Energy,Oil Refining/Marketing
KMMPF,Killam Apartment REIT,0.0,4.86,58,36,54,Real Estate,REIT - Residential
SFL,SFL Corporation Ltd.,-1.46,-13.44,0,0,70,Consumer Discretionary,Marine Transportation
PWP,Perella Weinberg Partners,-0.81,-10.14,22,19,17,Finance,Finance: Consumer Services
AMVMF,AMG Critical Materials N.V.,1.44,6.23,28,18,81,Basic Materials,Other Industrial Metals & Mining
DCH,Dauch Corporation,2.27,7.86,16,0,60,Consumer Discretionary,Auto Parts:O.E.M.
CNPPF,China Overseas Property Holdings Limited,0.0,-9.77,11,5,12,Real Estate,Real Estate Services
AVAH,Aveanna Healthcare Holdings Inc.,3.32,1.43,100,90,63,Health Care,Medical/Nursing Services
QQQX,Nuveen Nasdaq 100 Dynamic Overwrite Fund,1.56,1.2,19,0,62,Finance,Finance Companies
GRGTF,Grainger plc,0.0,0.94,31,10,13,Real Estate,Real Estate Services
COUR,"Coursera, Inc.",0.94,1.9,20,15,6,Technology,Computer Software: Prepackaged Software
ESBA,"Empire State Realty OP, L.P.",-4.53,-7.88,0,0,12,Real Estate,REIT - Office
REX,REX American Resources Corporation,1.32,-10.13,19,14,79,Industrials,Major Chemicals
CASBF,CanSino Biologics Inc.,-7.74,-26.48,0,0,5,Healthcare,Drug Manufacturers - Specialty & Generic
KW,"Kennedy-Wilson Holdings, Inc.",-0.09,0.37,57,50,70,Finance,Real Estate
FDP,Del Monte Corporation,-1.15,-16.55,0,0,7,Consumer Staples,Farming/Seeds/Milling
SNLRF,Sanlorenzo S.p.A.,0.0,2.87,30,7,71,Consumer Cyclical,Recreational Vehicles
INBX,"Inhibrx Biosciences, Inc.",-1.22,-15.42,20,8,96,Health Care,Biotechnology: Biological Products (No Diagnostic Substances)
QCRH,"QCR Holdings, Inc.",0.56,4.11,63,45,68,Finance,Major Banks
UMAC,"Unusual Machines, Inc.",2.17,73.83,56,54,93,Technology,Radio And Television Broadcasting And Communications Equipment
MLLGF,Mullen Group Ltd.,0.0,-0.68,33,18,84,Industrials,Trucking
TRIN,Trinity Capital Inc.,0.36,0.77,45,14,69,Finance,Finance: Consumer Services
PLFRF,Palfinger AG,0.0,0.06,31,10,33,Industrials,Farm & Heavy Construction Machinery
LKFN,Lakeland Financial Corporation,-0.38,0.15,37,24,40,Finance,Major Banks
EVTC,"EVERTEC, Inc.",-4.07,4.51,70,63,13,Technology,EDP Services
BY,"Byline Bancorp, Inc.",0.26,7.13,81,58,69,Finance,Major Banks
PRCT,PROCEPT BioRobotics Corporation,3.87,-22.73,7,3,4,Health Care,Medical/Dental Instruments
GAM,"General American Investors Company, Inc.",0.58,0.47,59,23,57,Finance,Investment Managers
DV,"DoubleVerify Holdings, Inc.",-0.39,10.13,70,47,20,Technology,Computer Software: Programming Data Processing
LOMA,Loma Negra Compañía Industrial Argentina Sociedad Anónima,2.03,11.94,61,48,67,Industrials,Building Materials
JNNDF,Japan Display Inc.,-18.98,-37.78,0,0,83,Technology,Electronic Components
SFRGF,Salvatore Ferragamo S.p.A.,0.0,-12.32,31,10,59,Consumer Cyclical,Luxury Goods
PRG,"PROG Holdings, Inc.",2.15,13.87,87,76,75,Consumer Discretionary,Diversified Commercial Services
LINC,Lincoln Educational Services Corporation,4.15,2.11,71,63,91,Real Estate,Other Consumer Services
RES,"RPC, Inc.",-1.05,-6.93,3,0,64,Energy,Oilfield Services/Equipment
TRS,TriMas Corporation,2.7,11.63,100,100,77,Industrials,Industrial Specialties
MAZE,"Maze Therapeutics, Inc.",3.38,2.6,76,60,29,Health Care,Biotechnology: Biological Products (No Diagnostic Substances)
TOWCF,TOWA Corporation,7.31,21.3,100,100,1,Technology,Semiconductor Equipment & Materials
DPBSF,Dampskibsselskabet Norden A/S,0.0,7.29,20,6,74,Industrials,Marine Shipping
PRXXF,Paradox Interactive AB (publ),0.0,-1.58,77,55,78,Communication Services,Electronic Gaming & Multimedia
ARLO,"Arlo Technologies, Inc.",2.92,0.08,40,25,14,Consumer Staples,Consumer Electronics/Appliances
NWL,Newell Brands Inc.,-1.01,42.16,94,91,67,Industrials,Plastic Products
FGETF,Flight Centre Travel Group Limited,0.0,-3.1,26,10,17,Consumer Cyclical,Travel Services
WWW,"Wolverine World Wide, Inc.",5.39,15.18,68,58,25,Consumer Discretionary,Shoe Manufacturing
KALV,"KalVista Pharmaceuticals, Inc.",0.0,0.9,53,47,90,Health Care,Biotechnology: Pharmaceutical Preparations
JJSF,J&J Snack Foods Corp.,0.11,2.55,23,11,15,Consumer Staples,Specialty Foods
YSWY,"Yesway, Inc.",0.94,-11.51,13,10,28,Consumer Staples,Food Chains
DFH,"Dream Finders Homes, Inc.",7.44,11.99,100,93,15,Consumer Discretionary,Homebuilding
MLTX,MoonLake Immunotherapeutics,0.1,12.67,90,76,18,Health Care,Biotechnology: Pharmaceutical Preparations
SATL,Satellogic Inc.,-2.27,-37.96,0,0,94,Technology,Radio And Television Broadcasting And Communications Equipment
MRTN,"Marten Transport, Ltd.",1.57,3.09,10,0,82,Industrials,Trucking Freight/Courier Services
FRRFF,4imprint Group plc,0.0,0.92,51,22,51,Communication Services,Advertising Agencies
RVLV,"Revolve Group, Inc.",5.52,16.84,100,100,24,Consumer Discretionary,Catalog/Specialty Distribution
LEG,"Leggett & Platt, Incorporated",2.04,12.9,100,96,56,Consumer Discretionary,Home Furnishings
IAUX,i-80 Gold Corp.,1.97,4.73,67,52,84,Basic Materials,Precious Metals
ULCC,"Frontier Group Holdings, Inc.",8.73,53.94,100,100,92,Consumer Discretionary,Air Freight/Delivery Services
PRGS,Progress Software Corporation,-1.33,1.61,9,0,7,Technology,Computer Software: Prepackaged Software
HMMCF,HMMCF,-3.46,1.56,57,42,99,Basic Materials,Gold
IRS,IRSA Inversiones y Representaciones Sociedad Anónima,1.16,20.96,83,72,65,Real Estate,Homebuilding
SLTMF,SLTMF,-99.95,-99.93,0,0,1,Unknown,Unknown
WLDN,"Willdan Group, Inc.",-3.97,-3.89,0,0,55,Consumer Discretionary,Military/Government/Technical
SUPIF,Supermarket Income REIT plc,0.0,0.0,31,10,76,Industrials,Consulting Services
URGN,UroGen Pharma Ltd.,2.32,11.09,100,99,92,Health Care,Biotechnology: Pharmaceutical Preparations
PKCPY,PT AKR Corporindo Tbk,0.0,-2.98,3,1,35,Energy,Oil & Gas Refining & Marketing
SEPN,"Septerna, Inc.",1.03,29.13,99,91,94,Health Care,Biotechnology: Pharmaceutical Preparations
VZLA,Vizsla Silver Corp.,-0.84,4.72,32,20,29,Basic Materials,Precious Metals
CGIFF,Chemtrade Logistics Income Fund,-0.88,-5.46,0,0,58,Basic Materials,Chemicals
AIOSF,"Atresmedia Corporación de Medios de Comunicación, S.A.",0.0,3.45,82,58,38,Communication Services,Entertainment
SNMSF,Spin Master Corp.,0.3,-3.9,0,0,19,Consumer Cyclical,Leisure
OGPIF,OGPIF,0.0,-17.78,3,1,74,Basic Materials,Gold
EYE,"National Vision Holdings, Inc.",2.94,-0.36,42,35,3,Health Care,Ophthalmic Goods
ADTN,"ADTRAN Holdings, Inc.",0.6,4.91,14,5,88,Utilities,Telecommunications Equipment
CMP,"Compass Minerals International, Inc.",-1.64,3.7,24,0,86,Industrials,Mining & Quarrying of Nonmetallic Minerals (No Fuels)
LLESY,Lendlease Group,-10.0,-19.92,17,6,3,Real Estate,Real Estate - Diversified
CDRE,"Cadre Holdings, Inc.",0.28,-2.99,0,0,13,Health Care,Industrial Specialties
BCTCF,OSL Group Limited,0.0,-27.88,49,26,18,Financial Services,Capital Markets
TAOFF,IperionX Limited,0.0,-23.53,0,0,18,Basic Materials,Other Industrial Metals & Mining
EDN,Empresa Distribuidora y Comercializadora Norte Sociedad Anónima,1.68,14.41,80,67,51,Utilities,Electric Utilities: Central
NAK,Northern Dynasty Minerals Ltd.,-1.87,6.06,44,32,90,Basic Materials,Precious Metals
HROW,"Harrow, Inc.",2.22,38.92,100,99,62,Health Care,Biotechnology: Pharmaceutical Preparations
GSL,"Global Ship Lease, Inc.",-0.24,-7.15,40,26,63,Consumer Discretionary,Marine Transportation
DMLP,"Dorchester Minerals, L.P.",-3.21,-8.73,0,0,37,Energy,Oil & Gas Production
SPRPY,SPRPY,0.0,1.35,31,10,37,Utilities,Utilities - Regulated Gas
LRCDF,Laurentian Bank of Canada,-1.68,-2.52,0,0,50,Financial Services,Banks - Regional
ATLCP,Atlanticus Holdings Corporation,2.15,2.47,67,34,46,Finance,Finance: Consumer Services
AHG,Akso Health Group,8.94,-16.25,43,40,9,Consumer Discretionary,Business Services
SUUIF,Superior Plus Corp.,0.0,6.2,38,16,52,Utilities,Utilities - Regulated Gas
OCS,Oculis Holding AG,-0.71,-59.8,2,1,2,Health Care,Biotechnology: Pharmaceutical Preparations
TWO,Two Harbors Investment Corp.,0.24,-1.52,31,14,73,Real Estate,Real Estate Investment Trusts
SATA,"Strive, Inc.",-2.25,-1.01,43,20,54,Financial Services,Asset Management
SNSNF,"Sansan, Inc.",0.0,58.28,92,84,47,Technology,Software - Application
BLGFF,Baillie Gifford US Growth Trust PLC,3.41,-1.52,20,25,89,,
SLCVF,SLCVF,0.0,-20.69,3,2,66,Industrials,Engineering & Construction
BIREF,Birchcliff Energy Ltd.,0.0,-9.31,6,3,17,Energy,Oil & Gas E&P
BHRB,Burke & Herbert Financial Services Corp.,0.68,3.66,59,42,48,Finance,Major Banks
UMH,"UMH Properties, Inc.",0.8,-2.08,34,20,37,Real Estate,Real Estate Investment Trusts
FINV,FinVolution Group,-2.91,-2.1,17,4,9,Finance,Finance: Consumer Services
OMGGF,Omai Gold Mines Corp.,-3.24,-8.27,28,16,94,Basic Materials,Gold
SBH,"Sally Beauty Holdings, Inc.",5.98,9.94,93,83,48,Consumer Discretionary,Other Specialty Stores
CHFHY,China Foods Limited,0.0,-9.67,48,40,40,Consumer Defensive,Beverages - Non-Alcoholic
TTNNF,Toho Titanium Co Ltd,0.0,13.49,18,15,99,Basic Materials,Other Industrial Metals & Mining
AFYA,Afya Limited,1.88,-1.05,24,10,25,Real Estate,Other Consumer Services
ALX,"Alexander's, Inc.",1.67,4.97,48,35,60,Real Estate,Real Estate Investment Trusts
YELP,Yelp Inc.,1.55,1.82,32,24,10,Consumer Discretionary,Other Consumer Services
TNGRF,Thungela Resources Limited,0.0,-4.11,15,10,57,Energy,Thermal Coal
PEBO,Peoples Bancorp Inc.,1.4,5.44,71,50,67,Finance,Major Banks
IART,Integra LifeSciences Holdings Corporation,2.21,14.23,80,65,88,Health Care,Medical/Dental Instruments
WLFC,Willis Lease Finance Corporation,6.68,15.43,100,100,79,Consumer Discretionary,Industrial Specialties
LEFUF,Leon's Furniture Limited,-0.81,-1.78,11,4,20,Consumer Cyclical,Specialty Retail
KMTS,"Kestra Medical Technologies, Ltd.",4.45,-4.0,43,34,32,Health Care,Medical/Dental Instruments
TMP,Tompkins Financial Corporation,1.56,4.49,63,47,75,Finance,Major Banks
PRA,ProAssurance Corporation,0.28,0.2,57,34,39,Finance,Property-Casualty Insurers
CPPKF,Faraday Copper Corp.,-5.3,0.15,25,11,97,Basic Materials,Copper
SILXY,Silex Systems Limited,-2.11,3.42,34,27,61,Technology,Semiconductors
CCO,"Clear Channel Outdoor Holdings, Inc.",0.42,0.42,31,11,83,Consumer Discretionary,Advertising
GSHD,"Goosehead Insurance, Inc.",4.98,-10.84,32,27,3,Finance,Specialty Insurers
PRSU,"Pursuit Attractions and Hospitality, Inc.",4.64,15.98,100,100,85,Consumer Discretionary,Business Services
BLFS,"BioLife Solutions, Inc.",1.8,8.5,52,37,64,Health Care,Biotechnology: Electromedical & Electrotherapeutic Apparatus
SIFY,Sify Technologies Limited,-0.39,-6.86,19,0,89,Technology,Computer Software: Programming Data Processing
ASA,ASA Gold and Precious Metals Limited,-0.22,-3.93,54,38,72,Industrials,Precious Metals
PKPYY,Pick n Pay Stores Limited,0.0,-18.67,6,3,13,Consumer Cyclical,Department Stores
DTTLF,Datatec Limited,0.0,25.19,31,10,95,Technology,Information Technology Services
AVLN,Avalyn Pharma Inc.,7.3,12.2,100,100,45,Health Care,Biotechnology: Pharmaceutical Preparations
ABTC,American Bitcoin Corp,0.83,-23.42,6,1,1,Technology,EDP Services
ATEX,Anterix Inc.,-5.85,22.38,62,55,96,Telecommunications,Telecommunications Equipment
CFPZF,Canfor Corporation,-1.56,13.79,77,64,50,Basic Materials,Lumber & Wood Production
AGTEF,AGTech Holdings Limited,0.0,21.18,3,2,97,Consumer Cyclical,Gambling
PNTG,"The Pennant Group, Inc.",-3.3,-5.32,71,58,60,Health Care,Medical/Nursing Services
BFLY,"Butterfly Network, Inc.",55.87,102.73,100,100,97,Health Care,Medical Electronics
CBLNY,Mersen S.A.,0.0,37.2,96,91,94,Industrials,Electrical Equipment & Parts
SG,"Sweetgreen, Inc.",5.28,-0.44,59,55,74,Consumer Discretionary,Restaurants
TNDM,"Tandem Diabetes Care, Inc.",-0.65,1.73,16,10,9,Health Care,Medical/Dental Instruments
JKS,"JinkoSolar Holding Co., Ltd.",1.09,-14.45,28,16,14,Technology,Semiconductors
GHM,Graham Corporation,-4.45,15.37,73,65,91,Industrials,Industrial Machinery/Components
MNKD,MannKind Corporation,0.51,21.23,96,88,53,Health Care,Biotechnology: Pharmaceutical Preparations
ZBIO,ZBIO,6.46,1.12,93,78,44,Health Care,Biotechnology: Pharmaceutical Preparations
AVNS,"Avanos Medical, Inc.",0.28,0.81,32,7,93,Health Care,Industrial Specialties
CVSGF,CVS Group plc,0.0,0.3,31,10,34,Healthcare,Medical Care Facilities
BVHMF,Vistry Group PLC,8.47,-5.09,35,31,1,Consumer Cyclical,Residential Construction
NDTAF,Northern Data AG,0.0,-48.0,25,24,3,Technology,Information Technology Services
OLMA,"Olema Pharmaceuticals, Inc.",0.74,-31.88,7,4,39,Health Care,Biotechnology: Pharmaceutical Preparations
VITBF,VITBF,1.63,-13.15,5,4,2,,
FCELB,"FuelCell Energy, Inc.",-1.64,-3.22,0,0,76,Industrials,Electrical Equipment & Parts
ENHA,Enhanced Group Inc.,11.03,-9.78,59,55,1,Consumer Discretionary,Services-Misc. Amusement & Recreation
ELE,Elemental Royalty Corporation,-4.51,-4.51,38,22,32,Basic Materials,Precious Metals
TDAY,"USA TODAY Co., Inc.",-0.51,5.77,47,32,88,Consumer Discretionary,Newspapers/Magazines
MGRT,Mega Fortune Company Limited,-5.33,-41.26,0,0,99,Technology,EDP Services
CIM,Chimera Investment Corporation,0.08,0.23,39,20,46,Real Estate,Real Estate Investment Trusts
IRPSY,IRPC Public Company Limited,0.0,18.29,72,53,90,Energy,Oil & Gas Refining & Marketing
TTAPY,TTW Public Company Limited,0.0,7.82,46,19,42,Utilities,Utilities - Regulated Water
SDGR,"Schrödinger, Inc.",1.48,27.92,100,94,35,Health Care,Biotechnology: Pharmaceutical Preparations
TOLWF,Trican Well Service Ltd.,-1.02,-16.65,0,0,55,Energy,Oil & Gas Equipment & Services
EKZRF,Eckert & Ziegler SE,0.0,-0.55,31,10,33,Healthcare,Medical Devices
MRNFF,Meren Energy Inc.,-2.82,-17.51,0,0,36,Energy,Oil & Gas E&P
FHNGY,The Foschini Group Limited,0.0,19.21,94,86,11,Consumer Cyclical,Department Stores
FBAK,First National Bank Alaska,0.0,-3.33,3,0,60,Financial Services,Banks - Regional
FPF,First Trust Intermediate Duration Preferred & Income Fund,0.22,1.1,38,13,37,Finance,Trusts Except Educational Religious and Charitable
CEVA,"CEVA, Inc.",10.71,30.74,100,99,95,Technology,Computer Software: Programming Data Processing
LGIH,"LGI Homes, Inc.",8.29,28.83,100,95,74,Consumer Discretionary,Homebuilding
TEN,Tsakos Energy Navigation Limited,1.27,-13.19,26,19,84,Consumer Discretionary,Marine Transportation
ASGTF,Altus Group Limited,0.0,4.54,49,31,16,Real Estate,Real Estate Services
MPZZF,MPC Container Ships ASA,0.0,-2.99,48,39,79,Industrials,Marine Shipping
IQ,"iQIYI, Inc.",-0.97,-7.27,0,0,3,Consumer Discretionary,Consumer Electronics/Video Chains
UVSP,Univest Financial Corporation,0.41,6.77,67,48,77,Finance,Major Banks
SMSSY,"SMS Co., Ltd.",0.0,2.98,56,32,71,Healthcare,Health Information Services
FUBO,FuboTV Inc.,3.6,0.66,10,4,1,Consumer Discretionary,Movies/Entertainment
COLL,"Collegium Pharmaceutical, Inc.",-0.42,-1.99,60,48,23,Health Care,Biotechnology: Pharmaceutical Preparations
UPWK,Upwork Inc.,-0.25,-7.04,0,0,2,Technology,EDP Services
CCB,Coastal Financial Corporation,1.86,1.52,63,48,11,Finance,Major Banks
LZ,"LegalZoom.com, Inc.",-1.26,-14.46,0,0,5,Technology,EDP Services
DYLLF,Deep Yellow Limited,2.0,-0.88,67,58,30,Energy,Uranium
BOPCF,BioPharma Credit PLC,7.99,7.33,45,30,57,,
MNXBF,"Monex Group, Inc.",0.0,-8.3,6,3,1,Financial Services,Capital Markets
MMI,"Marcus & Millichap, Inc.",1.17,2.7,43,25,42,Finance,Real Estate
FMBL,Farmers & Merchants Bank of Long Beach,0.46,3.64,70,38,66,Financial Services,Banks - Regional
XERS,"Xeris Biopharma Holdings, Inc.",0.72,11.56,93,84,63,Health Care,Biotechnology: Pharmaceutical Preparations
IRCUF,Irish Continental Group plc,0.0,6.99,88,74,50,Industrials,Marine Shipping
APPS,"Digital Turbine, Inc.",-0.12,89.23,68,63,93,Miscellaneous,Multi-Sector Companies
AZTA,"Azenta, Inc.",2.78,25.53,90,84,20,Technology,Industrial Machinery/Components
ABSI,Absci Corporation,3.2,49.7,100,100,96,Health Care,Biotechnology: Commercial Physical & Biological Resarch
SAEYY,Redcare Pharmacy NV,0.0,-8.26,13,5,20,Healthcare,Pharmaceutical Retailers
KOPN,Kopin Corporation,1.44,4.45,12,1,95,Technology,Semiconductors
SMPL,The Simply Good Foods Company,4.04,12.97,77,60,4,Consumer Staples,Packaged Foods
JBIO,"Jade Biosciences, Inc.",-0.3,-27.93,19,15,87,Health Care,Biotechnology: Pharmaceutical Preparations
MDEVF,Melco International Development Limited,2.17,-6.0,33,22,12,Consumer Cyclical,Resorts & Casinos
UVE,"Universal Insurance Holdings, Inc.",0.71,-4.56,61,46,75,Finance,Property-Casualty Insurers
CHI,Calamos Convertible Opportunities and Income Fund,2.08,11.08,100,92,75,Finance,Investment Managers
PLOW,"Douglas Dynamics, Inc.",2.92,13.21,100,100,83,Industrials,Construction/Ag Equipment/Trucks
CMRF,"CIM Real Estate Finance Trust, Inc.",0.0,-9.55,4,2,99,Real Estate,REIT - Diversified
TOETF,TOETF,0.0,-14.71,7,3,1,Real Estate,Real Estate - Diversified
NLST,"Netlist, Inc.",12.65,17.28,47,42,97,Technology,Electronics & Computer Distribution
APYRF,Allied Properties Real Estate Investment Trust,0.0,-1.19,37,19,11,Real Estate,REIT - Office
TWFG,"TWFG, Inc.",3.34,18.16,78,66,24,Finance,Specialty Insurers
HEPS,D-Market Elektronik Hizmetler ve Ticaret A.S.,0.0,2.56,70,54,40,Consumer Discretionary,Catalog/Specialty Distribution
CGEM,"Cullinan Therapeutics, Inc.",4.09,4.88,68,60,88,Health Care,Biotechnology: Biological Products (No Diagnostic Substances)
SDTHF,Sdiptech AB (publ),0.0,23.26,86,74,65,Industrials,Conglomerates
RCKHF,Rockhopper Exploration plc,-1.06,-2.11,0,0,35,Energy,Oil & Gas E&P
CTYMF,Catalyst Metals Limited,0.0,6.33,94,85,31,Basic Materials,Gold
