ticker,name,daily_pct,one_month_pct,rs_sts_spy,rs_sts_qqq,ibd_rs,sector,industry
NVDA,NVIDIA Corporation,2.65,-1.29,11,47,36,Technology,Semiconductors
AAPL,Apple Inc,-1.41,13.27,71,70,83,Technology,Computer Manufacturing
AVGO,Broadcom Inc,4.73,5.01,78,100,54,Technology,Semiconductors
META,Meta Platforms Inc,-7.95,-12.05,0,0,10,Technology,Computer Software: Programming Data Processing
AMD,Advanced Micro Devices,13.0,-10.26,44,46,96,Technology,Semiconductors
ASMLF,ASML Holding N.V.,6.4,-10.18,30,27,90,Technology,Semiconductor Equipment & Materials
XOM,ExxonMobil Holdings Corporation,0.14,15.18,90,85,71,Energy,Integrated oil Companies
TCTZF,Tencent Holdings Limited,3.12,9.04,95,99,17,Communication Services,Internet Content & Information
MA,Mastercard Incorporated,2.49,10.7,100,95,49,Consumer Discretionary,Business Services
LRCX,Lam Research Corporation,17.98,-23.91,44,48,94,Technology,Industrial Machinery/Components
PLTR,Palantir Technologies Inc.,-0.6,-2.76,0,22,10,Technology,Computer Software: Prepackaged Software
CVX,Chevron Corporation,0.23,16.07,89,85,62,Energy,Integrated oil Companies
AMAT,"Applied Materials, Inc.",14.97,-22.91,37,40,95,Technology,Semiconductors
KO,The Coca-Cola Company,-0.66,8.86,78,75,72,Consumer Staples,Beverages (Production/Distribution)
RHHBY,Roche Holding AG,0.55,9.84,82,80,71,Healthcare,Drug Manufacturers - General
RHHBF,Roche Holding AG,-5.03,1.21,41,48,52,Healthcare,Drug Manufacturers - General
ACGBY,Agricultural Bank of China Limited,3.24,22.01,100,100,62,Financial Services,Banks - Diversified
BABAF,Alibaba Group Holding Limited,2.24,16.28,88,90,13,Consumer Cyclical,Internet Retail
CYATY,CYATY,1.37,-12.1,48,74,35,Industrials,Electrical Equipment & Parts
CICHY,China Construction Bank Corporation,2.01,19.27,100,94,64,Financial Services,Banks - Diversified
CICHF,China Construction Bank Corporation,6.42,13.73,94,90,60,Financial Services,Banks - Diversified
SFTBF,SoftBank Group Corp.,12.08,-11.16,31,32,8,Communication Services,Telecom Services
NVS,Novartis AG,-0.25,2.79,77,74,70,Health Care,Biotechnology: Pharmaceutical Preparations
SFTBY,SoftBank Group Corp.,8.89,-12.82,22,21,51,Communication Services,Telecom Services
NVSEF,Novartis AG,0.0,3.35,85,79,67,Healthcare,Drug Manufacturers - General
BACHY,Bank of China Limited,2.26,13.55,100,95,68,Financial Services,Banks - Diversified
KLAC,KLA Corporation,5.96,-32.26,12,9,82,Technology,Electronic Components
TOYOF,Toyota Motor Corporation,1.0,13.02,94,87,27,Consumer Cyclical,Auto Manufacturers
LRLCF,L'Oréal S.A.,6.3,5.48,100,100,47,Consumer Defensive,Household & Personal Products
SMAWF,Siemens Aktiengesellschaft,4.38,3.06,100,100,55,Industrials,Specialty Industrial Machinery
PANW,"Palo Alto Networks, Inc.",3.67,-7.49,18,41,94,Technology,Computer peripheral equipment
BHP,BHP Group Limited,3.36,4.48,100,100,84,Energy,Coal Mining
AXP,American Express Company,1.82,-2.75,34,53,40,Finance,Finance: Consumer Services
SAP,SAP SE,-2.75,13.65,80,77,15,Technology,Computer Software: Prepackaged Software
APP,AppLovin Corporation,1.1,-28.47,7,10,16,Technology,Computer Software: Programming Data Processing
ADI,"Analog Devices, Inc.",3.76,-5.74,25,35,74,Technology,Semiconductors
HESAF,Hermès International Société en commandite par actions,1.41,-3.24,0,21,9,Consumer Cyclical,Luxury Goods
CMWAY,Commonwealth Bank of Australia,3.21,15.39,100,99,58,Financial Services,Banks - Diversified
PEP,"PepsiCo, Inc.",-2.3,-0.68,56,59,25,Consumer Staples,Beverages (Production/Distribution)
IDEXF,"Industria de Diseño Textil, S.A.",2.67,1.67,93,95,59,Consumer Cyclical,Apparel Retail
ABLZF,ABB Ltd,8.77,-5.76,59,85,76,Industrials,Electrical Equipment & Parts
RIO,Rio Tinto Group,3.76,4.1,100,100,73,Basic Materials,Metal Mining
TMO,Thermo Fisher Scientific Inc.,0.05,12.36,88,82,60,Industrials,Industrial Machinery/Components
AMGN,Amgen Inc.,0.0,7.28,85,80,73,Health Care,Biotechnology: Biological Products (No Diagnostic Substances)
RTPPF,Rio Tinto Group,0.0,-1.4,80,75,69,Basic Materials,Other Industrial Metals & Mining
DIS,The Walt Disney Company,-2.36,0.47,42,52,19,Consumer Discretionary,Services-Misc. Amusement & Recreation
TJX,"The TJX Companies, Inc.",-1.47,5.23,68,68,56,Consumer Discretionary,Clothing/Shoe/Accessory Stores
ALIZY,Allianz SE,2.51,5.91,100,92,72,Financial Services,Insurance - Diversified
EADSY,Airbus SE,1.9,4.79,77,75,56,Industrials,Aerospace & Defense
SMEGF,Siemens Energy AG,2.39,-14.03,8,4,43,Industrials,Specialty Industrial Machinery
DTEGY,Deutsche Telekom AG,-0.57,13.01,79,76,26,Communication Services,Telecom Services
FRCOF,"Fast Retailing Co., Ltd.",0.1,-1.06,52,68,78,Consumer Cyclical,Apparel Retail
GLW,Corning Incorporated,9.0,-38.71,13,13,85,Industrials,Telecommunications Equipment
SHOP,Shopify Inc.,-5.24,0.63,52,52,21,Technology,Computer Software: Prepackaged Software
IBDSF,"Iberdrola, S.A.",-2.34,-6.45,0,33,55,Utilities,Utilities - Diversified
RYCEY,Rolls-Royce Holdings plc,6.04,2.34,89,100,82,Industrials,Aerospace & Defense
TOELY,Tokyo Electron Limited,15.67,-23.23,29,31,90,Technology,Semiconductor Equipment & Materials
SAFRY,Safran SA,1.82,-0.6,78,88,71,Industrials,Aerospace & Defense
HTHIY,"Hitachi, Ltd.",3.38,21.76,100,100,46,Industrials,Conglomerates
WELL,Welltower Inc.,-2.26,2.36,32,52,76,Real Estate,Real Estate Investment Trusts
UBER,"Uber Technologies, Inc.",-1.17,-3.15,53,59,16,Consumer Discretionary,Business Services
CIHHF,"China Merchants Bank Co., Ltd.",0.0,9.85,76,78,36,Financial Services,Banks - Regional
DBSDY,DBS Group Holdings Ltd,0.82,15.27,93,86,87,Financial Services,Banks - Regional
COP,ConocoPhillips,0.82,15.32,91,88,61,Energy,Integrated oil Companies
PLDGP,"Prologis, Inc.",-0.1,-3.07,17,53,34,Real Estate,REIT - Industrial
BBVXF,"Banco Bilbao Vizcaya Argentaria, S.A.",5.17,9.81,100,100,85,Financial Services,Banks - Diversified
BTAFF,British American Tobacco p.l.c.,-1.41,-2.14,53,63,57,Consumer Defensive,Tobacco
BKNG,Booking Holdings Inc.,-4.0,5.8,64,65,34,Consumer Discretionary,Transportation Services
NOW,"ServiceNow, Inc.",-4.92,4.04,70,67,19,Technology,Computer Software: Prepackaged Software
CFRUY,Compagnie Financière Richemont SA,3.38,5.81,86,89,79,Consumer Cyclical,Luxury Goods
IFNNF,Infineon Technologies AG,5.52,-26.08,10,7,81,Technology,Semiconductors
IFNNY,Infineon Technologies AG,10.74,-23.1,23,24,86,Technology,Semiconductors
KYCCF,Keyence Corporation,7.64,-1.9,89,100,75,Technology,Scientific & Technical Instruments
VRT,Vertiv Holdings Co,2.0,-26.95,1,0,52,Technology,Industrial Machinery/Components
PDD,PDD Holdings Inc.,-1.0,5.96,70,69,11,Technology,EDP Services
ENNPF,Enbridge Inc.,0.0,0.25,100,100,49,Energy,Oil & Gas Midstream
ZIJMF,Zijin Mining Group Company Limited,-7.66,19.45,45,51,27,Basic Materials,Gold
ENB,Enbridge Inc.,0.53,4.02,62,76,63,Energy,Natural Gas Distribution
ADTTF,Advantest Corporation,7.15,-8.61,67,76,89,Technology,Semiconductor Equipment & Materials
NEM,Newmont Corporation,4.84,2.64,85,100,45,Basic Materials,Precious Metals
BMY,Bristol-Myers Squibb Company,2.79,16.22,100,97,81,Health Care,Biotechnology: Pharmaceutical Preparations
CVS,CVS Health Corporation,-0.66,1.01,54,63,88,Consumer Staples,Retail-Drug Stores and Proprietary Stores
ACN,Accenture plc,-5.71,26.02,70,70,8,Consumer Discretionary,Business Services
ENLAY,Enel SpA,1.87,3.89,100,84,60,Utilities,Utilities - Diversified
PGR,The Progressive Corporation,-3.05,-5.29,38,56,39,Finance,Property-Casualty Insurers
AAGIY,AIA Group Limited,3.59,11.73,100,100,39,Financial Services,Insurance - Life
BP,BP p.l.c.,2.08,22.32,100,94,66,Energy,Integrated oil Companies
PH,Parker-Hannifin Corporation,1.23,-0.11,49,62,60,Industrials,Metal Fabrications
BPAQF,BP p.l.c.,0.0,20.0,86,86,60,Energy,Oil & Gas Integrated
ZFSVF,Zurich Insurance Group AG,-1.59,0.85,34,57,44,Financial Services,Insurance - Diversified
CEG,Constellation Energy Corporation,2.17,11.44,66,76,13,Utilities,Electric Utilities: Central
HWM,Howmet Aerospace Inc.,1.65,3.69,46,64,81,Industrials,Metal Fabrications
BAMGF,Brookfield Corporation,0.0,0.0,100,100,63,Financial Services,Asset Management
FTNT,"Fortinet, Inc.",0.67,-2.98,28,56,95,Technology,Computer peripheral equipment
CME,CME Group Inc.,0.67,15.68,93,87,30,Finance,Investment Bankers/Brokers/Service
FDX,FedEx Corporation,-0.02,-1.7,20,60,80,Consumer Discretionary,Air Freight/Delivery Services
SHECY,"Shin-Etsu Chemical Co., Ltd.",6.54,-16.96,15,13,48,Basic Materials,Chemicals
AXAHY,AXA SA,0.99,4.89,88,79,67,Financial Services,Insurance - Diversified
MDT,Medtronic plc,-2.09,8.22,69,69,32,Health Care,Biotechnology: Electromedical & Electrotherapeutic Apparatus
CHDRF,Christian Dior SE,0.0,-9.59,16,85,18,Consumer Cyclical,Luxury Goods
ESLOY,EssilorLuxottica Société anonyme,1.08,-3.77,31,60,7,Healthcare,Medical Instruments & Supplies
ITOCF,ITOCHU Corporation,6.18,7.36,100,100,5,Industrials,Conglomerates
MITSY,"Mitsui & Co., Ltd.",2.96,10.21,100,98,50,Industrials,Conglomerates
SBKFF,State Bank of India,12.51,5.62,100,100,36,Financial Services,Banks - Regional
INGVF,ING Groep N.V.,3.76,11.69,100,100,85,Financial Services,Banks - Diversified
AEM,Agnico Eagle Mines Limited,4.38,-2.65,86,100,20,Basic Materials,Precious Metals
UPS,"United Parcel Service, Inc.",0.68,-3.9,0,11,56,Industrials,Trucking Freight/Courier Services
PROSF,Prosus N.V.,0.0,-2.44,73,70,11,Consumer Cyclical,Internet Retail
ATLPF,Atlas Copco AB (publ),0.0,-0.1,100,100,76,Industrials,Specialty Industrial Machinery
ATLCY,Atlas Copco AB (publ),5.01,5.79,100,100,67,Industrials,Specialty Industrial Machinery
CMI,Cummins Inc.,4.45,-7.23,31,18,78,Industrials,Industrial Machinery/Components
MGCLY,MGCLY,1.22,18.68,100,100,71,Consumer Cyclical,"Furnishings, Fixtures & Appliances"
ADP,"Automatic Data Processing, Inc.",-3.48,11.94,66,67,49,Industrials,Diversified Commercial Services
ING,ING Groep N.V.,7.47,10.99,100,100,85,Finance,Commercial Banks
BCMXY,"Bank of Communications Co., Ltd.",0.0,3.11,51,64,28,Financial Services,Banks - Diversified
AMT,American Tower Corporation,-2.68,5.05,65,66,26,Real Estate,Real Estate Investment Trusts
SNPMF,China Petroleum & Chemical Corporation,-7.02,6.0,39,46,17,Energy,Oil & Gas Integrated
MNST,Monster Beverage Corporation,0.43,0.31,77,70,85,Consumer Staples,Beverages (Production/Distribution)
NET,"Cloudflare, Inc.",4.81,15.05,100,100,86,Technology,Computer Software: Prepackaged Software
USB,U.S. Bancorp,0.13,1.52,58,66,74,Finance,Major Banks
WM,"Waste Management, Inc.",-4.34,1.0,2,35,35,Utilities,Environmental Services
BCLYF,Barclays PLC,3.58,-2.64,17,38,67,Financial Services,Banks - Diversified
AMXOF,"América Móvil, S.A.B. de C.V.",0.0,25.34,78,91,92,Communication Services,Telecom Services
OVCHY,Oversea-Chinese Banking Corporation Limited,-1.33,19.02,83,79,91,Financial Services,Banks - Regional
NABZY,National Australia Bank Limited,3.59,14.49,100,100,51,Financial Services,Banks - Diversified
CHGCY,"Chugai Pharmaceutical Co., Ltd.",3.41,-0.67,50,74,19,Healthcare,Drug Manufacturers - General
NXPI,NXP Semiconductors N.V.,1.73,-12.19,0,0,33,Technology,Semiconductors
LLDTF,Lloyds Banking Group plc,0.0,-3.45,10,29,68,Financial Services,Banks - Regional
RACE,Ferrari N.V.,3.12,6.16,100,99,48,Industrials,Auto Manufacturing
BAESF,BAE Systems plc,1.35,10.32,98,89,48,Industrials,Aerospace & Defense
NTTYY,"NTT, Inc.",1.56,12.03,99,89,35,Communication Services,Telecom Services
MMM,3M Company,-1.06,10.07,78,77,66,Health Care,Medical/Dental Instruments
EPD,Enterprise Products Partners L.P.,-1.42,4.38,64,67,63,Utilities,Natural Gas Distribution
MCO,Moody's Corporation,-0.2,2.96,23,53,33,Finance,Finance: Consumer Services
AMX,"América Móvil, S.A.B. de C.V.",1.81,0.05,12,63,60,Telecommunications,Telecommunications Equipment
MRSH,"Marsh & McLennan Companies, Inc.",-3.08,11.88,68,68,48,Finance,Specialty Insurers
ENGQF,Engie SA,-0.14,-5.91,0,1,53,Utilities,Utilities - Diversified
ANZGY,ANZ Group Holdings Limited,2.11,12.1,100,92,61,Financial Services,Banks - Diversified
SHW,The Sherwin-Williams Company,0.28,-0.35,77,74,44,Consumer Discretionary,RETAIL: Building Materials
APO,"Apollo Global Management, Inc.",0.4,1.53,39,54,24,Finance,Investment Managers
VLO,Valero Energy Corporation,3.45,15.69,97,100,94,Energy,Integrated oil Companies
CL,Colgate-Palmolive Company,-2.02,-0.68,40,55,56,Consumer Discretionary,Package Goods/Cosmetics
ORLY,"O'Reilly Automotive, Inc.",-3.61,-5.75,56,58,21,Consumer Discretionary,Auto & Home Supply Stores
B,B,3.69,3.43,90,100,61,Basic Materials,Precious Metals
EOG,"EOG Resources, Inc.",-0.29,14.0,87,82,72,Energy,Oil & Gas Production
PSX,Phillips 66,1.83,20.69,100,93,89,Energy,Integrated oil Companies
F,Ford Motor Company,-2.75,8.94,70,69,73,Industrials,Auto Manufacturing
TRP,TC Energy Corporation,1.2,3.76,42,66,75,Utilities,Natural Gas Distribution
KMI,"Kinder Morgan, Inc.",-0.6,-0.19,22,58,55,Utilities,Natural Gas Distribution
AEP,"American Electric Power Company, Inc.",-1.25,-5.38,0,21,48,Utilities,Electric Utilities: Central
CTAS,Cintas Corporation,-4.5,18.69,70,70,55,Industrials,Garments and Clothing
VALE,Vale S.A.,2.32,0.6,100,92,65,Basic Materials,Metal Mining
WBD,"Warner Bros. Discovery, Inc.",-0.66,-5.0,6,43,69,Consumer Discretionary,Services-Misc. Amusement & Recreation
MSI,"Motorola Solutions, Inc.",-0.78,2.84,74,71,38,Technology,Radio And Television Broadcasting And Communications Equipment
DHLGY,Deutsche Post AG,2.27,9.2,100,90,85,Industrials,Integrated Freight & Logistics
SPG,"Simon Property Group, Inc.",-2.19,3.34,63,65,79,Real Estate,Real Estate Investment Trusts
DPSTF,Deutsche Post AG,0.0,9.02,67,70,78,Industrials,Integrated Freight & Logistics
WFAFY,Wesfarmers Limited,1.09,3.03,65,80,65,Consumer Cyclical,Home Improvement Retail
HKXCY,Hong Kong Exchanges and Clearing Limited,-0.04,10.72,85,79,27,Financial Services,Financial Data & Stock Exchanges
FIX,"Comfort Systems USA, Inc.",11.7,-8.97,52,53,91,Industrials,Engineering & Construction
MFC,Manulife Financial Corporation,1.43,9.41,97,87,79,Finance,Life Insurance
MQBKY,Macquarie Group Limited,0.74,2.79,60,70,68,Financial Services,Capital Markets
TEL,TE Connectivity plc,-0.18,2.55,59,64,29,Technology,Electronic Components
APD,"Air Products and Chemicals, Inc.",2.02,-2.02,48,85,51,Basic Materials,Major Chemicals
RSG,"Republic Services, Inc.",-3.46,-1.29,0,36,29,Utilities,Environmental Services
STMEF,STMicroelectronics N.V.,5.82,-25.8,10,7,92,Technology,Semiconductors
WPM,Wheaton Precious Metals Corp.,3.58,1.74,85,100,33,Basic Materials,Precious Metals
TFC,Truist Financial Corporation,-0.57,2.2,69,68,56,Finance,Major Banks
CRWV,"CoreWeave, Inc.",21.51,-13.75,44,47,3,Technology,Computer Software: Prepackaged Software
D,"Dominion Energy, Inc.",-1.16,2.86,40,57,66,Utilities,Electric Utilities: Central
LHX,"L3Harris Technologies, Inc.",-8.61,-6.96,0,10,18,Industrials,Industrial Machinery/Components
TER,"Teradyne, Inc.",14.43,-14.47,82,93,97,Industrials,Electrical Products
CRARY,Crédit Agricole S.A.,3.35,9.31,100,100,66,Financial Services,Banks - Regional
GWW,"W.W. Grainger, Inc.",-0.25,1.29,27,53,78,Industrials,Office Equipment/Supplies/Services
RELX,RELX PLC,-4.24,16.67,69,69,22,Consumer Discretionary,Business Services
MPNGY,Meituan,1.88,33.71,100,95,31,Consumer Cyclical,Internet Retail
TGT,Target Corporation,-0.95,10.91,84,80,84,Consumer Discretionary,Department/Specialty Retail Stores
THLLY,Thales S.A.,0.09,8.16,88,83,38,Industrials,Aerospace & Defense
O,Realty Income Corporation,-1.69,4.22,51,59,53,Real Estate,Real Estate Investment Trusts
RLXXF,RELX PLC,-4.47,17.48,68,68,22,Industrials,Specialty Business Services
THLEF,Thales S.A.,-0.32,9.91,88,82,35,Industrials,Aerospace & Defense
SSUMF,Sumitomo Corporation,1.32,0.5,54,75,1,Industrials,Conglomerates
STRF,Strategy Inc,1.09,3.41,89,78,32,Technology,Computer Software: Prepackaged Software
STRK,Strategy Inc,0.19,3.86,79,75,10,Technology,Computer Software: Prepackaged Software
ANFGF,Antofagasta plc,7.66,4.31,100,100,82,Basic Materials,Copper
MPLX,MPLX LP,-0.31,3.02,57,63,58,Energy,Natural Gas Distribution
CMPGF,Compass Group PLC,-5.45,1.76,38,43,37,Consumer Cyclical,Restaurants
FNCTF,Orange S.A.,2.8,3.38,100,97,70,Communication Services,Telecom Services
CMPGY,Compass Group PLC,-2.56,-0.34,50,50,41,Consumer Cyclical,Restaurants
FKURF,Fujikura Ltd.,8.01,-34.34,12,10,99,Industrials,Conglomerates
VWAGY,Volkswagen AG,1.38,5.88,97,87,16,Consumer Cyclical,Auto Manufacturers
DAL,"Delta Air Lines, Inc.",2.71,-4.57,64,81,89,Consumer Discretionary,Air Freight/Delivery Services
SCGLY,Société Générale Société anonyme,6.92,6.49,100,100,81,Financial Services,Banks - Regional
MET,"MetLife, Inc.",0.05,11.32,83,79,77,Finance,Life Insurance
ALL,The Allstate Corporation,-3.28,9.16,69,67,84,Finance,Property-Casualty Insurers
OKE,"ONEOK, Inc.",-1.03,3.9,37,62,59,Utilities,Oil & Gas Production
GWLIF,Great-West Lifeco Inc.,1.48,13.42,60,78,89,Financial Services,Insurance - Life
CTVA,"Corteva, Inc.",-1.29,6.94,71,71,73,Consumer Staples,Farming/Seeds/Milling
BAMXF,Bayerische Motoren Werke Aktiengesellschaft,6.45,-4.18,59,83,5,Consumer Cyclical,Auto Manufacturers
CBRS,Cerebras Systems Inc.,19.88,-8.23,63,70,4,Technology,Semiconductors
CVE,Cenovus Energy Inc.,4.3,23.76,100,100,91,Energy,Oil & Gas Production
SDVKF,Sandvik AB (publ),0.0,-11.75,6,28,49,Industrials,Specialty Industrial Machinery
ARGNF,argenx SE,0.0,-3.89,30,83,67,Healthcare,Biotechnology
ARGX,argenx SE,-1.13,-4.06,30,56,64,Health Care,Biotechnology: Biological Products (No Diagnostic Substances)
BFFAF,BASF SE,0.87,9.18,92,84,49,Basic Materials,Chemicals
MCHP,Microchip Technology Incorporated,5.1,-15.42,17,13,31,Technology,Semiconductors
NTDOF,"Nintendo Co., Ltd.",-4.41,7.96,60,60,7,Communication Services,Electronic Gaming & Multimedia
SDVKY,Sandvik AB (publ),5.08,-7.92,43,60,56,Industrials,Specialty Industrial Machinery
EA,Electronic Arts Inc.,0.33,2.02,71,71,57,Consumer Discretionary,Services-Misc. Amusement & Recreation
TTDKF,TDK Corporation,-9.93,-28.42,0,0,98,Technology,Electronic Components
CTPCF,CITIC Limited,0.0,0.0,51,64,27,Industrials,Conglomerates
ETR,Entergy Corporation,0.22,-4.28,0,5,51,Utilities,Electric Utilities: Central
EW,Edwards Lifesciences Corporation,1.35,-5.51,36,55,49,Health Care,Industrial Specialties
DRPRY,Dr. Ing. h.c. F. Porsche AG,-0.39,1.0,40,66,45,Consumer Cyclical,Auto Manufacturers
CCJ,Cameco Corporation,4.33,-9.41,30,53,16,Basic Materials,Other Metals and Minerals
TTDKY,TDK Corporation,11.1,-17.62,30,32,74,Technology,Electronic Components
FER,Ferrovial N.V.,4.13,-3.18,59,100,42,Industrials,Military/Government/Technical
CRZBY,Commerzbank AG,2.68,1.91,78,91,63,Financial Services,Banks - Regional
AMSYF,ArcelorMittal S.A.,0.0,12.17,88,83,91,Basic Materials,Steel
UOVEF,United Overseas Bank Limited,0.0,13.75,89,84,77,Financial Services,Banks - Regional
MDLN,Medline Inc.,-2.4,-6.25,36,57,22,Health Care,Medical/Dental Instruments
RWNFF,RWE Aktiengesellschaft,1.9,2.31,39,71,65,Utilities,Utilities - Diversified
LNG,"Cheniere Energy, Inc.",-0.21,5.8,50,69,52,Utilities,Oil/Gas Transmission
LGRVF,Legrand SA,0.0,-5.04,30,52,29,Industrials,Electrical Equipment & Parts
FANUF,Fanuc Corporation,0.15,-12.54,8,30,60,Industrials,Specialty Industrial Machinery
CAH,"Cardinal Health, Inc.",-0.89,-4.48,43,58,74,Health Care,Other Pharmaceuticals
DGEAF,Diageo plc,-1.61,10.86,76,74,33,Consumer Defensive,Beverages - Wineries & Distilleries
BIDU,"Baidu, Inc.",2.1,-8.87,20,37,20,Technology,Computer Software: Programming Data Processing
GPDNF,Danone S.A.,-4.1,-4.84,0,18,29,Consumer Defensive,Packaged Foods
ERIXF,Telefonaktiebolaget LM Ericsson (publ),0.0,-12.01,16,33,29,Technology,Communication Equipment
FITBO,Fifth Third Bancorp,-0.55,-0.61,93,100,33,Finance,Major Banks
FITBI,Fifth Third Bancorp,0.16,0.2,100,100,35,Finance,Major Banks
LGRDY,Legrand SA,2.86,-8.0,23,23,23,Industrials,Electrical Equipment & Parts
CODYY,Compagnie de Saint-Gobain S.A.,3.29,-49.96,6,9,2,Industrials,Building Products & Equipment
GFS,GLOBALFOUNDRIES Inc.,5.99,-35.4,9,7,48,Technology,Semiconductors
LZAGF,Lonza Group AG,-2.46,-1.61,50,55,39,Healthcare,Diagnostics & Research
CLS,Celestica Inc.,7.36,-2.5,89,97,65,Technology,Electrical Products
CODGF,Compagnie de Saint-Gobain S.A.,0.15,-1.68,50,75,19,Industrials,Building Products & Equipment
ASTS,"AST SpaceMobile, Inc.",10.2,-32.13,15,18,10,Consumer Discretionary,Telecommunications Equipment
ANYYY,"Aena S.M.E., S.A.",2.61,1.72,74,80,60,Industrials,Airports & Air Services
CNSWY,CNSWY,-3.89,10.61,70,67,29,Technology,Software - Application
STT,State Street Corporation,3.85,7.75,80,89,88,Finance,Major Banks
HEINY,Heineken N.V.,0.02,8.15,83,79,68,Consumer Defensive,Beverages - Brewers
VTR,"Ventas, Inc.",-5.94,2.53,24,42,72,Real Estate,Real Estate Investment Trusts
WOPEF,Woodside Energy Group Ltd,0.0,14.53,92,88,79,Energy,Oil & Gas E&P
WDS,Woodside Energy Group Ltd,0.65,20.95,95,89,74,Energy,Oil & Gas Production
TTWO,"Take-Two Interactive Software, Inc.",0.41,-1.15,66,76,50,Consumer Discretionary,Services-Misc. Amusement & Recreation
PPCCY,PICC Property and Casualty Company Limited,-6.03,13.44,64,64,42,Financial Services,Insurance - Property & Casualty
SWDBY,Swedbank AB (publ),3.31,8.41,100,100,81,Financial Services,Banks - Regional
HOCFF,HOCHTIEF Aktiengesellschaft,6.93,-9.0,49,63,90,Industrials,Engineering & Construction
BAYZF,Bayer Aktiengesellschaft,3.8,0.98,42,67,88,Healthcare,Drug Manufacturers - General
SWDBF,Swedbank AB (publ),-1.38,4.54,65,67,69,Financial Services,Banks - Regional
YUM,"Yum! Brands, Inc.",3.34,-2.84,55,78,43,Consumer Discretionary,Restaurants
TEVA,Teva Pharmaceutical Industries Limited,2.02,5.89,100,93,87,Health Care,Biotechnology: Pharmaceutical Preparations
RBGPF,Reckitt Benckiser Group plc,0.0,5.49,73,72,29,Consumer Defensive,Household & Personal Products
CCEP,Coca-Cola Europacific Partners PLC,0.55,5.29,88,80,72,Consumer Staples,Beverages (Production/Distribution)
CCI,Crown Castle Inc.,-3.26,-0.03,39,52,15,Real Estate,Real Estate Investment Trusts
SSEZF,SSE plc,-0.66,1.71,8,16,43,Utilities,Utilities - Diversified
MSADY,"MS&AD Insurance Group Holdings, Inc.",2.02,16.82,100,93,84,Financial Services,Insurance - Property & Casualty
HSY,The Hershey Company,-3.63,-0.81,50,54,27,Consumer Staples,Specialty Foods
RBGLY,Reckitt Benckiser Group plc,-0.35,7.78,81,76,39,Consumer Defensive,Household & Personal Products
PEG,Public Service Enterprise Group Incorporated,-0.26,-3.39,18,51,27,Utilities,Power Generation
CCL,Carnival Corporation Ltd.,-0.14,-2.63,82,77,37,Consumer Discretionary,Marine Transportation
JBL,Jabil Inc.,7.45,-17.8,35,40,68,Technology,Electrical Products
TRI,Thomson Reuters Corporation,-7.06,16.39,58,59,13,Consumer Discretionary,Publishing
LNVGF,Lenovo Group Limited,-2.38,1.41,51,62,97,Technology,Computer Hardware
IRM,Iron Mountain Incorporated,3.22,2.25,70,80,72,Real Estate,Real Estate Investment Trusts
EQBBF,EQT AB (publ),0.0,8.84,100,100,58,Financial Services,Asset Management
SSEZY,SSE plc,3.02,1.68,33,71,51,Utilities,Utilities - Diversified
MSADF,"MS&AD Insurance Group Holdings, Inc.",0.0,15.73,92,87,83,Financial Services,Insurance - Property & Casualty
STLD,"Steel Dynamics, Inc.",0.06,13.86,82,80,90,Industrials,Steel/Iron Ore
KMTUY,Komatsu Ltd.,3.51,16.68,100,100,66,Industrials,Farm & Heavy Construction Machinery
PBCRF,PT Bank Central Asia Tbk,1.73,13.5,48,58,11,Financial Services,Banks - Regional
EME,"EMCOR Group, Inc.",19.32,-0.19,100,100,49,Industrials,Engineering & Construction
FJTSY,Fujitsu Limited,-0.3,15.06,90,84,41,Technology,Information Technology Services
WEGZY,WEG S.A.,1.88,4.84,100,91,57,Industrials,Electrical Equipment & Parts
JPPHY,"Japan Post Holdings Co., Ltd.",0.0,25.94,100,100,93,Financial Services,Banks - Regional
PPRUF,Kering SA,0.0,10.48,92,87,60,Consumer Cyclical,Luxury Goods
WEC,"WEC Energy Group, Inc.",-1.11,-5.31,0,31,33,Utilities,Power Generation
FINMF,Leonardo S.p.a.,-2.61,5.34,57,61,27,Industrials,Aerospace & Defense
KMTUF,Komatsu Ltd.,0.47,11.06,91,85,58,Industrials,Farm & Heavy Construction Machinery
PCG,PG&E Corporation,0.4,7.3,84,78,63,Utilities,Power Generation
VODPF,Vodafone Group Public Limited Company,9.33,19.71,100,100,76,Communication Services,Telecom Services
HMC,"Honda Motor Co., Ltd.",0.13,12.69,88,83,55,Industrials,Auto Manufacturing
ADDDF,adidas AG,-7.25,-6.99,0,4,38,Consumer Cyclical,Footwear & Accessories
BKHPF,Bank Hapoalim B.M.,0.0,-14.66,19,56,52,Financial Services,Banks - Regional
TEVJF,Teva Pharmaceutical Industries Limited,0.0,-13.94,5,20,81,Healthcare,Drug Manufacturers - Specialty & Generic
AMKAF,A.P. Møller - Mærsk A/S,1.41,9.55,97,86,61,Industrials,Marine Shipping
DLMAF,Dollarama Inc.,0.0,-1.67,62,66,38,Consumer Defensive,Discount Stores
CBOE,"Cboe Global Markets, Inc.",-3.67,19.7,77,75,57,Finance,Investment Bankers/Brokers/Service
HIG,"The Hartford Insurance Group, Inc.",-1.81,6.84,68,67,56,Finance,Property-Casualty Insurers
PAYX,"Paychex, Inc.",-4.75,14.44,63,64,54,Industrials,Diversified Commercial Services
BBD,Banco Bradesco S.A.,1.41,5.3,67,83,46,Finance,Major Banks
SMPNY,"Sompo Holdings, Inc.",1.34,15.54,97,89,87,Financial Services,Insurance - Property & Casualty
NTAP,"NetApp, Inc.",0.43,11.59,91,84,93,Technology,Electronic Components
DNZOF,DENSO Corporation,-13.63,4.17,35,36,23,Consumer Cyclical,Auto Parts
GVDNY,Givaudan SA,1.68,-3.91,42,71,46,Basic Materials,Specialty Chemicals
TRAUF,Transurban Group,-9.92,-13.11,3,20,30,Industrials,Infrastructure Operations
CHT,"Chunghwa Telecom Co., Ltd.",-1.04,0.78,63,66,41,Telecommunications,Telecommunications Equipment
BKHYY,Bank Hapoalim B.M.,4.65,5.36,81,88,47,Financial Services,Banks - Regional
RVMD,"Revolution Medicines, Inc.",6.22,2.49,100,100,98,Health Care,Biotechnology: Biological Products (No Diagnostic Substances)
KVUE,Kenvue Inc.,-2.43,-0.1,54,57,59,Consumer Discretionary,Specialty Chemicals
HBANZ,Huntington Bancshares Incorporated,0.25,0.3,62,67,26,Finance,Major Banks
CSLLY,CSL Limited,2.34,10.78,100,94,10,Healthcare,Biotechnology
NTR,Nutrien Ltd.,0.18,11.25,87,82,49,Industrials,Agricultural Chemicals
ROP,"Roper Technologies, Inc.",-4.61,10.02,68,66,28,Technology,Computer Software: Programming Data Processing
HVRRF,Hannover Rück SE,0.0,0.0,100,100,23,Financial Services,Insurance - Reinsurance
BMPSY,BMPSY,2.14,6.95,95,90,76,Financial Services,Banks - Regional
HVRRY,Hannover Rück SE,-0.68,4.85,69,70,40,Financial Services,Insurance - Reinsurance
HAL,Halliburton Company,1.44,-4.15,10,13,38,Energy,Oilfield Services/Equipment
TCKRF,Teck Resources Limited,8.29,3.01,100,100,82,Basic Materials,Other Industrial Metals & Mining
EL,The Estée Lauder Companies Inc.,0.89,2.92,89,80,27,Consumer Discretionary,Package Goods/Cosmetics
RPRX,Royalty Pharma plc,-0.27,5.81,78,74,88,Health Care,Biotechnology: Pharmaceutical Preparations
GASNY,"Naturgy Energy Group, S.A.",0.58,12.97,92,85,62,Utilities,Utilities - Regulated Gas
PUTRY,PTT Public Company Limited,0.0,0.0,100,100,37,Energy,Oil & Gas Integrated
CKHGY,Capitec Bank Holdings Limited,2.65,-0.23,70,91,70,Financial Services,Banks - Regional
KBGGY,Kongsberg Gruppen ASA,-0.39,1.19,60,93,53,Industrials,Aerospace & Defense
ACGLN,Arch Capital Group Ltd.,0.12,1.11,73,72,30,Finance,Property-Casualty Insurers
SVNDF,"Seven & i Holdings Co., Ltd.",0.0,5.02,63,76,27,Consumer Defensive,Grocery Stores
TCOM,Trip.com Group Limited,1.04,13.15,95,88,9,Consumer Discretionary,Business Services
EXPGY,Experian plc,-4.0,16.15,67,67,29,Industrials,Consulting Services
SZLMY,Swiss Life Holding AG,3.4,8.29,100,100,58,Financial Services,Insurance - Diversified
NTRSO,Northern Trust Corporation,0.3,-2.22,32,60,29,Finance,Major Banks
HENOF,Henkel AG & Co. KGaA,0.0,12.1,45,64,46,Consumer Defensive,Household & Personal Products
EXR,Extra Space Storage Inc.,-3.04,0.62,51,58,46,Real Estate,Real Estate Investment Trusts
WOLWF,Woolworths Group Limited,5.8,2.19,100,100,88,Consumer Defensive,Grocery Stores
VICI,VICI Properties Inc.,-3.02,0.15,37,51,21,Real Estate,Real Estate Investment Trusts
EXPGF,Experian plc,0.0,20.09,90,85,35,Industrials,Consulting Services
EC,Ecopetrol S.A.,3.9,17.92,100,100,92,Energy,Oil & Gas Production
AEE,Ameren Corporation,-1.11,-3.07,0,38,43,Utilities,Power Generation
ZM,"Zoom Communications, Inc.",-0.1,2.43,84,79,43,Technology,Computer Software: Programming Data Processing
VEOEY,Veolia Environnement SA,3.32,2.21,52,90,65,Industrials,Waste Management
CNC,Centene Corporation,-1.59,-10.99,0,0,93,Health Care,Medical Specialities
SWSDF,Swiss Life Holding AG,0.0,5.79,100,100,60,Financial Services,Insurance - Diversified
MITEF,"Mitsubishi Estate Co., Ltd.",0.0,0.16,59,64,44,Real Estate,Real Estate - Diversified
DASTF,Dassault Systèmes SE,-3.84,10.66,73,72,15,Technology,Software - Application
RSNHF,"Resona Holdings, Inc.",2.47,12.53,48,58,82,Financial Services,Banks - Regional
DUAVF,Dassault Aviation société anonyme,-5.68,7.37,72,81,41,Industrials,Aerospace & Defense
GBOOF,"Grupo Financiero Banorte, S.A.B. de C.V.",-4.87,3.89,46,48,46,Financial Services,Banks - Regional
ARES,Ares Management Corporation,-0.39,9.23,65,69,23,Finance,Investment Managers
DOV,Dover Corporation,3.07,-6.04,33,57,39,Industrials,Industrial Machinery/Components
GEHC,GE HealthCare Technologies Inc.,-2.73,7.89,74,72,36,Health Care,Medical Electronics
ATO,Atmos Energy Corporation,-1.92,0.71,29,52,39,Utilities,Oil/Gas Transmission
BRDCF,Bridgestone Corporation,-0.15,22.8,93,89,35,Consumer Cyclical,Auto Parts
SKFOF,Sika AG,0.0,6.63,86,80,49,Basic Materials,Specialty Chemicals
FTS,Fortis Inc.,-0.16,1.45,45,65,55,Utilities,Electric Utilities: Central
IR,Ingersoll Rand Inc.,-0.34,4.28,78,78,42,Industrials,Industrial Machinery/Components
IMBBY,Imperial Brands PLC,-1.66,4.34,72,71,38,Consumer Defensive,Tobacco
MTSI,"MACOM Technology Solutions Holdings, Inc.",8.74,-29.07,18,17,79,Technology,Semiconductors
IPXHF,Inpex Corporation,0.0,0.0,51,64,40,Energy,Oil & Gas E&P
CNP,"CenterPoint Energy, Inc.",-1.82,-3.61,6,37,45,Utilities,Electric Utilities: Central
ALPMF,Astellas Pharma Inc.,0.0,8.48,91,87,80,Healthcare,Drug Manufacturers - General
BPERF,BPERF,0.0,-3.6,28,76,53,Financial Services,Banks - Regional
ICTEF,"International Container Terminal Services, Inc.",-1.02,-0.32,28,48,1,Industrials,Marine Shipping
TTNDF,Techtronic Industries Company Limited,1.18,-3.58,52,75,75,Industrials,Tools & Accessories
BAP,Credicorp Ltd.,4.78,3.95,100,100,89,Finance,Commercial Banks
SMCAY,SMC Corporation,7.15,-8.93,34,41,43,Industrials,Specialty Industrial Machinery
TPL,Texas Pacific Land Corporation,1.24,-5.0,20,49,50,Energy,Oil & Gas Production
PBA,Pembina Pipeline Corporation,0.04,10.09,79,79,76,Energy,Oil & Gas Production
HRSHF,"Haier Smart Home Co., Ltd.",0.0,3.25,22,38,15,Consumer Cyclical,"Furnishings, Fixtures & Appliances"
NVZMY,Novozymes A/S,3.69,4.19,100,100,48,Basic Materials,Specialty Chemicals
IONQ,"IonQ, Inc.",11.82,-30.41,20,21,10,Technology,EDP Services
FE,FirstEnergy Corp.,-0.85,3.48,55,64,48,Utilities,Electric Utilities: Central
BESIY,BE Semiconductor Industries N.V.,5.91,-28.15,12,10,64,Technology,Semiconductor Equipment & Materials
FTAIN,FTAI Aviation Ltd,0.0,0.0,44,15,35,Industrials,Misc Corporate Leasing Services
PPL,PPL Corporation,-0.39,-0.17,29,59,28,Utilities,Electric Utilities: Central
STRL,"Sterling Infrastructure, Inc.",17.5,-25.22,36,35,92,Industrials,Military/Government/Technical
CAJFF,Canon Inc.,8.41,18.42,100,100,42,Technology,Computer Hardware
NWWCF,New China Life Insurance Company Ltd.,2.16,72.3,100,98,96,Financial Services,Insurance - Life
CEBCF,China Everbright Bank Company Limited,0.0,8.34,41,60,61,Financial Services,Banks - Regional
JBHT,"J.B. Hunt Transport Services, Inc.",-2.51,-7.19,0,25,87,Industrials,Trucking Freight/Courier Services
VRSN,"VeriSign, Inc.",-1.49,11.99,77,75,53,Technology,EDP Services
YZCHF,Yankuang Energy Group Company Limited,-14.09,-14.09,0,0,54,Energy,Thermal Coal
HLVTY,Helvetia Baloise Holding AG,0.0,-5.06,59,100,54,Financial Services,Insurance - Diversified
ES,Eversource Energy,-1.23,2.27,42,58,52,Utilities,Electric Utilities: Central
LUNMF,Lundin Mining Corporation,3.22,6.29,72,89,89,Basic Materials,Copper
FOX,Fox Corporation,-0.74,8.1,78,76,23,Industrials,Broadcasting
AVB,"AvalonBay Communities, Inc.",-2.43,-1.39,10,44,41,Real Estate,Real Estate Investment Trusts
CLPHF,CLP Holdings Limited,0.0,10.52,86,80,60,Utilities,Utilities - Regulated Electric
AIVAF,Aviva plc,0.0,3.67,76,73,41,Financial Services,Insurance - Diversified
XPO,"XPO, Inc.",-0.06,-3.77,0,24,76,Consumer Discretionary,Transportation Services
HUBB,Hubbell Incorporated,2.76,-3.35,16,40,32,Technology,Electrical Products
HPQ,HP Inc.,-5.46,21.98,71,70,76,Technology,Computer Manufacturing
HXGBY,Hexagon AB (publ),1.21,21.07,98,91,50,Technology,Scientific & Technical Instruments
ILMN,"Illumina, Inc.",5.27,11.53,100,100,95,Health Care,Medical Specialities
EQR,Equity Residential,-2.51,-2.2,2,41,48,Real Estate,Real Estate Investment Trusts
OMVJF,OMV Aktiengesellschaft,0.0,11.91,88,83,78,Energy,Oil & Gas Integrated
DG,Dollar General Corporation,-0.92,11.24,80,77,58,Consumer Discretionary,Department/Specialty Retail Stores
DOW,Dow Inc.,-1.18,11.36,76,76,39,Industrials,Major Chemicals
BNTX,BioNTech SE,-0.11,-1.14,46,69,16,Health Care,Biotechnology: Biological Products (No Diagnostic Substances)
QBIEY,QBE Insurance Group Limited,0.73,3.35,82,76,76,Financial Services,Insurance - Property & Casualty
AIPUY,Airports of Thailand Public Company Limited,0.0,-5.67,12,36,74,Industrials,Airports & Air Services
BNCZF,Banco BPM S.p.A.,0.0,3.01,100,100,76,Financial Services,Banks - Regional
FMXUF,"Fomento Económico Mexicano, S.A.B. de C.V.",0.0,3.8,74,73,76,Consumer Defensive,Beverages - Brewers
PAAS,Pan American Silver Corp.,3.48,-0.68,55,90,44,Basic Materials,Precious Metals
NHYDY,Norsk Hydro ASA,3.96,4.79,89,100,59,Basic Materials,Aluminum
STZ,"Constellation Brands, Inc.",-0.26,-4.0,30,63,16,Consumer Staples,Beverages (Production/Distribution)
RF,Regions Financial Corporation,-0.29,0.16,50,66,67,Finance,Major Banks
HALMY,Halma plc,6.08,-8.27,33,58,26,Industrials,Conglomerates
WRB,W. R. Berkley Corporation,-3.0,3.85,57,59,50,Finance,Property-Casualty Insurers
OLCLY,"Oriental Land Co., Ltd.",5.75,29.3,100,100,58,Consumer Cyclical,Leisure
BCEFF,BCE Inc.,0.0,0.0,100,100,59,Communication Services,Telecom Services
CCOZF,China Coal Energy Company Limited,0.0,-4.9,67,68,24,Energy,Thermal Coal
BCE,BCE Inc.,-2.82,3.24,52,59,24,Telecommunications,Telecommunications Equipment
DRI,"Darden Restaurants, Inc.",-2.48,3.31,63,63,50,Consumer Discretionary,Restaurants
OEZVY,VERBUND AG,-4.36,18.1,71,70,30,Utilities,Utilities - Renewable
MTNOY,MTN Group Limited,0.36,1.74,77,72,85,Communication Services,Telecom Services
SQM,Sociedad Química y Minera de Chile S.A.,1.3,-7.8,34,58,61,Industrials,Mining & Quarrying of Nonmetallic Minerals (No Fuels)
TELNF,Telenor ASA,0.0,-1.86,0,29,18,Communication Services,Telecom Services
UNPRF,Uniper SE,0.0,-9.0,31,97,69,Utilities,Utilities - Regulated Gas
VRSK,"Verisk Analytics, Inc.",-6.01,9.05,53,56,22,Industrials,Diversified Commercial Services
JXAMY,JXAMY,2.02,-15.26,12,14,14,,
AKRBF,Aker BP ASA,1.44,17.11,72,83,65,Energy,Oil & Gas E&P
LSRCY,Lasertec Corporation,11.55,-20.56,27,27,81,Technology,Semiconductor Equipment & Materials
FCNCA,"First Citizens BancShares, Inc.",-0.72,1.63,64,69,57,Finance,Major Banks
FCNCB,"First Citizens BancShares, Inc.",-1.6,-1.12,49,58,58,Financial Services,Banks - Regional
STMZF,Scottish Mortgage Investment Trust PLC,-0.26,-11.24,12,23,49,,
ICHGF,InterContinental Hotels Group PLC,3.72,-9.85,28,42,70,Consumer Cyclical,Lodging
FWONA,Formula One Group,-1.61,1.71,63,66,56,Industrials,Broadcasting
CHWRF,China Tower Corporation Limited,0.0,0.0,100,100,53,Communication Services,Telecom Services
PFG,"Principal Financial Group, Inc.",0.68,4.61,85,75,80,Finance,Accident &Health Insurance
WIT,Wipro Limited,-1.02,5.46,77,73,13,Technology,EDP Services
CLNXF,"Cellnex Telecom, S.A.",0.0,-1.91,100,100,22,Real Estate,Real Estate Services
SNHIY,SNHIY,0.0,-15.11,18,44,15,Industrials,Farm & Heavy Construction Machinery
BDRPF,Bombardier Inc.,0.0,0.0,100,100,70,Industrials,Aerospace & Defense
BDRBF,Bombardier Inc.,-7.26,3.35,29,41,92,Industrials,Aerospace & Defense
ULTA,"Ulta Beauty, Inc.",1.7,13.62,100,92,26,Consumer Discretionary,Other Specialty Stores
JXHLY,"ENEOS Holdings, Inc.",8.7,13.57,100,100,76,Energy,Oil & Gas Refining & Marketing
LEN,Lennar Corporation,-0.96,-3.23,40,49,11,Consumer Discretionary,Homebuilding
MKSI,MKS Inc.,13.85,-28.65,31,32,94,Industrials,Industrial Machinery/Components
YPF,YPF Sociedad Anónima,3.64,15.99,100,100,85,Energy,Integrated oil Companies
AKAM,"Akamai Technologies, Inc.",5.9,0.83,24,45,78,Consumer Discretionary,Business Services
ANGPY,Valterra Platinum Limited,7.48,11.61,100,100,60,Basic Materials,Other Precious Metals & Mining
IHICF,IHI Corporation,9.8,13.04,100,100,8,Industrials,Specialty Industrial Machinery
SBAC,SBA Communications Corporation,-2.36,0.64,54,52,18,Real Estate,Real Estate Investment Trusts
JXHGF,"ENEOS Holdings, Inc.",0.0,17.08,90,85,67,Energy,Oil & Gas Refining & Marketing
SURDF,"Sumitomo Realty & Development Co., Ltd.",0.0,-4.47,58,70,5,Real Estate,Real Estate Services
L,Loews Corporation,-2.16,1.97,56,59,60,Finance,Property-Casualty Insurers
ASCCY,ASICS Corporation,3.76,14.01,95,100,64,Consumer Cyclical,Footwear & Accessories
CNGKY,CK Asset Holdings Limited,-7.74,4.24,47,54,56,Real Estate,Real Estate - Development
CHRW,"C.H. Robinson Worldwide, Inc.",-15.44,-23.19,0,0,36,Industrials,Integrated Freight & Logistics
EDPFY,"EDP, S.A.",0.14,0.55,53,69,49,Utilities,Utilities - Diversified
LUV,Southwest Airlines Co.,2.75,-9.65,13,36,81,Consumer Discretionary,Air Freight/Delivery Services
TNABY,Tenaga Nasional Berhad,0.0,5.28,91,85,61,Utilities,Utilities - Regulated Electric
CJPRY,Central Japan Railway Company,0.7,24.81,95,89,40,Industrials,Railroads
PKX,POSCO Holdings Inc.,11.94,8.96,100,100,14,Industrials,Steel/Iron Ore
OMC,Omnicom Group Inc.,-3.6,4.6,17,35,47,Consumer Discretionary,Advertising
ARLUF,Aristocrat Leisure Limited,0.0,12.56,84,79,71,Consumer Cyclical,Gambling
RIVN,"Rivian Automotive, Inc.",3.06,-2.04,23,31,63,Industrials,Auto Manufacturing
KUBTF,Kubota Corporation,0.11,9.15,86,81,80,Industrials,Farm & Heavy Construction Machinery
IOT,Samsara Inc.,-7.61,4.74,54,53,52,Technology,EDP Services
MZTFF,Mizrahi Tefahot Bank Ltd.,0.0,0.0,100,100,77,Financial Services,Banks - Regional
NXGPY,NEXT plc,0.0,4.41,68,73,69,Consumer Cyclical,Apparel Retail
SRTOY,Sartorius Stedim Biotech S.A.,-0.41,-5.09,29,41,23,Healthcare,Medical Instruments & Supplies
CCHBF,Coca-Cola HBC AG,0.0,7.22,81,76,85,Consumer Defensive,Beverages - Non-Alcoholic
DSFIY,DSFIY,12.79,16.0,100,100,86,Basic Materials,Specialty Chemicals
DSMFF,DSM-Firmenich AG,0.0,3.54,49,79,63,Basic Materials,Specialty Chemicals
MTUAF,MTU Aero Engines AG,6.43,2.72,100,100,52,Industrials,Aerospace & Defense
HKHHY,Heineken Holding N.V.,0.7,11.16,91,84,74,Consumer Defensive,Beverages - Brewers
CHTR,"Charter Communications, Inc.",-2.2,1.54,76,72,7,Telecommunications,Cable & Other Pay Television Services
GNENF,"Ganfeng Lithium Group Co., Ltd.",-4.53,-28.99,0,4,5,Basic Materials,Chemicals
KKPNY,Koninklijke KPN N.V.,-0.82,1.25,35,58,38,Communication Services,Telecom Services
KKPNF,Koninklijke KPN N.V.,-0.42,3.23,41,64,33,Communication Services,Telecom Services
MDIBF,Mediobanca Banca di Credito Finanziario S.p.A.,0.0,0.0,100,100,79,Financial Services,Banks - Regional
TU,TELUS Corporation,-3.23,2.38,55,60,11,Telecommunications,Telecommunications Equipment
PKG,Packaging Corporation of America,-0.32,4.5,80,80,69,Consumer Discretionary,Containers/Packaging
RS,"Reliance, Inc.",-0.64,7.69,69,71,77,Industrials,Metal Fabrications
INCY,Incyte Corporation,-3.23,8.07,58,62,83,Health Care,Biotechnology: Commercial Physical & Biological Resarch
DWAHF,"Daiwa House Industry Co., Ltd.",0.0,3.54,100,100,1,Real Estate,Real Estate - Development
ROKU,"Roku, Inc.",-0.17,3.26,72,71,88,Telecommunications,Cable & Other Pay Television Services
BRO,"Brown & Brown, Inc.",-5.34,5.21,53,54,30,Finance,Specialty Insurers
BKRIF,Bank of Ireland Group plc,2.99,2.01,81,85,69,Financial Services,Banks - Regional
VTRS,Viatris Inc.,-0.34,9.77,83,79,91,Health Care,Biotechnology: Pharmaceutical Preparations
RAIFY,Raiffeisen Bank International AG,2.94,6.99,97,97,94,Financial Services,Banks - Regional
IHICY,IHI Corporation,5.46,7.7,53,85,12,Industrials,Specialty Industrial Machinery
SPXCF,Singapore Exchange Limited,0.0,-8.5,47,67,77,Financial Services,Financial Data & Stock Exchanges
PRNDY,Pernod Ricard SA,0.51,15.11,92,86,25,Consumer Defensive,Beverages - Wineries & Distilleries
SHWDF,Resonac Holdings Corporation,7.79,-28.59,17,17,97,Basic Materials,Chemicals
IVBIY,IVBIY,0.0,10.47,100,100,34,Healthcare,Biotechnology
SPXCY,Singapore Exchange Limited,1.89,0.85,99,85,83,Financial Services,Financial Data & Stock Exchanges
HLDVF,Henderson Land Development Company Limited,1.56,0.62,16,20,17,Real Estate,Real Estate - Diversified
PDRDF,Pernod Ricard SA,5.6,20.24,100,100,28,Consumer Defensive,Beverages - Wineries & Distilleries
RBC,RBC Bearings Incorporated,2.11,-9.44,6,9,66,Industrials,Metal Fabrications
NURAF,"Nomura Research Institute, Ltd.",0.0,8.51,100,100,1,Technology,Information Technology Services
BIP,Brookfield Infrastructure Partners L.P.,-0.54,17.75,86,81,78,Consumer Discretionary,Marine Transportation
BDRFF,Beiersdorf Aktiengesellschaft,0.0,5.44,67,73,20,Consumer Defensive,Household & Personal Products
ASUUY,ASUSTeK Computer Inc.,0.0,5.98,100,100,87,Technology,Computer Hardware
BWXT,"BWX Technologies, Inc.",5.18,-13.42,16,13,15,Industrials,Industrial Machinery/Components
NRILY,"Nomura Research Institute, Ltd.",-2.02,15.39,73,70,37,Technology,Information Technology Services
FTV,Fortive Corporation,-1.78,-5.37,0,12,48,Industrials,Industrial Machinery/Components
TRMLF,Tourmaline Oil Corp.,-3.07,7.67,62,64,30,Energy,Oil & Gas E&P
SARTF,Sartorius Aktiengesellschaft,0.0,0.0,100,100,35,Healthcare,Medical Instruments & Supplies
SSSGY,Sartorius Aktiengesellschaft,0.0,0.0,100,100,41,Healthcare,Medical Instruments & Supplies
YAHOY,LY Corporation,-0.7,8.99,75,73,38,Consumer Cyclical,Internet Retail
DWAHY,"Daiwa House Industry Co., Ltd.",0.9,11.35,92,84,23,Real Estate,Real Estate - Development
WXXWY,WuXi Biologics (Cayman) Inc.,-3.96,8.1,57,59,52,Healthcare,Biotechnology
BNDSF,"Banco de Sabadell, S.A.",0.0,5.91,100,100,66,Financial Services,Banks - Diversified
DQJCF,Pan Pacific International Holdings Corporation,0.0,-2.51,72,95,1,Consumer Defensive,Discount Stores
BDRFY,Beiersdorf Aktiengesellschaft,-0.32,7.05,80,77,24,Consumer Defensive,Household & Personal Products
CAHPF,Evolution Mining Limited,-5.56,-4.98,39,48,39,Basic Materials,Gold
INVH,Invitation Homes Inc.,-1.46,-2.24,42,57,47,Finance,Real Estate
DFKCY,"Daifuku Co., Ltd.",3.91,-20.06,8,3,48,Industrials,Specialty Industrial Machinery
KSPI,Joint Stock Company Kaspi.kz,2.18,0.79,90,85,57,Technology,Software - Infrastructure
CF,"CF Industries Holdings, Inc.",-1.24,16.28,81,77,75,Industrials,Agricultural Chemicals
AMKR,"Amkor Technology, Inc.",12.94,-39.67,17,17,62,Technology,Semiconductors
LOGI,Logitech International S.A.,-1.38,7.32,44,50,44,Technology,Computer peripheral equipment
AGI,Alamos Gold Inc.,-0.63,-6.3,14,36,11,Basic Materials,Precious Metals
BOIVF,Bolloré SE,-1.31,-2.38,55,59,8,Communication Services,Entertainment
BNCDY,Banca Mediolanum S.p.A.,2.18,6.12,92,86,81,Financial Services,Banks - Regional
BNDSY,"Banco de Sabadell, S.A.",5.06,9.32,100,100,75,Financial Services,Banks - Diversified
ERBKY,Eurobank S.A.,9.27,27.23,100,100,13,,
CTTAF,Continental Aktiengesellschaft,-1.69,-2.07,89,100,51,Consumer Cyclical,Auto Parts
NPXYY,NPXYY,-0.77,-4.66,9,66,42,Basic Materials,Chemicals
JBAXY,Julius Bär Gruppe AG,3.98,3.14,63,94,73,Financial Services,Asset Management
UNBLF,Unibail-Rodamco-Westfield SE,0.24,5.79,80,75,51,Real Estate,REIT - Retail
CTTAY,Continental Aktiengesellschaft,3.12,-1.2,60,95,55,Consumer Cyclical,Auto Parts
WPC,W. P. Carey Inc.,-0.84,4.62,60,70,57,Real Estate,Real Estate Investment Trusts
KWHIY,"Kawasaki Heavy Industries, Ltd.",4.3,1.65,31,56,33,Industrials,Specialty Industrial Machinery
WMG,Warner Music Group Corp.,-5.62,-0.51,30,39,25,Consumer Discretionary,Services-Misc. Amusement & Recreation
SWOBY,Swedish Orphan Biovitrum AB (publ),0.0,-0.66,16,71,80,Healthcare,Drug Manufacturers - Specialty & Generic
ERNXY,Euronext N.V.,0.0,1.1,84,98,56,Financial Services,Financial Data & Stock Exchanges
HNGKY,Hongkong Land Holdings Limited,-1.02,15.06,83,80,61,Real Estate,Real Estate - Development
VNOM,"Viper Energy, Inc.",0.65,5.43,65,76,47,Energy,Oil & Gas Production
EBCOY,Ebara Corporation,8.44,-16.47,24,24,65,Industrials,Specialty Industrial Machinery
SSNC,"SS&C Technologies Holdings, Inc.",-1.46,20.75,84,81,34,Technology,Computer Software: Prepackaged Software
STMNF,"Sumitomo Metal Mining Co., Ltd.",0.0,-8.38,13,30,48,Basic Materials,Other Industrial Metals & Mining
BEN,"Franklin Resources, Inc.",2.41,-2.61,53,76,81,Finance,Investment Managers
PR,Permian Resources Corporation,1.2,17.12,87,90,82,Energy,Oil & Gas Production
OWL,Blue Owl Capital Inc.,6.39,17.59,100,100,14,Finance,Investment Managers
NLY,"Annaly Capital Management, Inc.",0.13,3.96,70,69,58,Real Estate,Real Estate Investment Trusts
DIDIY,DiDi Global Inc.,3.5,5.34,49,100,10,Technology,Software - Application
BXBLY,Brambles Limited,3.6,4.8,100,100,20,Industrials,Specialty Business Services
ASRRF,ASRRF,0.0,3.06,100,100,68,Financial Services,Insurance - Diversified
SCHYY,Sands China Ltd.,1.05,14.03,96,89,16,Consumer Cyclical,Resorts & Casinos
GMAB,Genmab A/S,0.42,3.62,57,72,47,Health Care,Biotechnology: Pharmaceutical Preparations
EMA,Emera Incorporated,0.17,3.52,70,73,53,Utilities,Electric Utilities: Central
NBGRY,National Bank of Greece S.A.,1.89,5.97,100,91,48,Financial Services,Banks - Regional
HST,"Host Hotels & Resorts, Inc.",-1.76,7.45,74,72,89,Real Estate,Real Estate Investment Trusts
SMMYY,"Sumitomo Metal Mining Co., Ltd.",8.55,6.07,96,100,71,Basic Materials,Other Industrial Metals & Mining
NBGIF,National Bank of Greece S.A.,6.44,8.57,100,100,74,Financial Services,Banks - Regional
XPEV,XPeng Inc.,-0.61,-4.56,40,54,6,Industrials,Auto Manufacturing
ARNNY,ASR Nederland N.V.,1.24,5.74,100,100,62,Financial Services,Insurance - Diversified
UPMKF,UPM-Kymmene Oyj,-1.44,-11.01,49,61,24,Basic Materials,Paper & Paper Products
MMLTF,MMG Limited,0.0,12.67,83,99,73,Basic Materials,Copper
UPMMY,UPM-Kymmene Oyj,2.11,4.84,93,89,29,Basic Materials,Paper & Paper Products
DY,"Dycom Industries, Inc.",12.16,-11.34,61,65,77,Industrials,Water Sewer Pipeline Comm & Power Line Construction
AHKSY,Asahi Kasei Corporation,3.19,4.83,84,99,85,Industrials,Conglomerates
RTO,Rentokil Initial plc,-17.6,-16.44,0,0,12,Consumer Discretionary,Other Consumer Services
CSDXF,"COSCO SHIPPING Energy Transportation Co., Ltd.",0.0,0.0,51,64,86,Energy,Oil & Gas Midstream
BPCGF,"Banco Comercial Português, S.A.",0.0,11.43,88,82,77,Financial Services,Banks - Regional
LI,Li Auto Inc.,-2.25,10.3,76,74,5,Industrials,Auto Manufacturing
GNMSF,Genmab A/S,0.0,5.15,79,75,50,Healthcare,Biotechnology
SHTLF,South32 Limited,0.0,-0.07,74,71,63,Basic Materials,Other Industrial Metals & Mining
NWS,News Corporation,-2.57,8.72,61,64,40,Consumer Discretionary,Newspapers/Magazines
FNBKY,FinecoBank Banca Fineco S.p.A.,0.0,6.67,100,100,58,Financial Services,Banks - Regional
OUKPF,Metso Oyj,0.0,0.0,100,100,88,Industrials,Farm & Heavy Construction Machinery
JAZZ,Jazz Pharmaceuticals plc,0.94,8.79,93,84,94,Health Care,Biotechnology: Pharmaceutical Preparations
YUMC,"Yum China Holdings, Inc.",1.35,13.45,97,88,32,Consumer Discretionary,Restaurants
PNFP,"Pinnacle Financial Partners, Inc.",0.1,3.99,84,77,60,Finance,Major Banks
MOD,Modine Manufacturing Company,8.91,-20.69,18,16,68,Consumer Discretionary,Auto Parts:O.E.M.
GIB,CGI Inc.,-1.69,11.87,78,75,23,Consumer Discretionary,Professional Services
BALL,Ball Corporation,-0.8,5.77,77,74,64,Industrials,Containers/Packaging
GRAB,Grab Holdings Limited,1.49,-12.6,14,28,8,Consumer Discretionary,Business Services
CMSQF,Computershare Limited,0.78,9.2,52,59,63,Financial Services,Capital Markets
CJEWF,Chow Tai Fook Jewellery Group Limited,0.0,0.0,51,64,16,Consumer Cyclical,Luxury Goods
APTV,Aptiv PLC,0.21,-3.63,55,59,15,Consumer Discretionary,Auto Parts:O.E.M.
CMSQY,Computershare Limited,1.84,7.83,100,88,77,Financial Services,Capital Markets
ASBRF,"Asahi Group Holdings, Ltd.",0.0,3.69,83,74,25,Consumer Defensive,Beverages - Brewers
GRBMF,"Grupo Bimbo, S.A.B. de C.V.",0.0,10.76,91,86,46,Consumer Defensive,Packaged Foods
SMTC,Semtech Corporation,10.68,-22.05,27,25,91,Technology,Semiconductors
REGCO,Regency Centers Corporation,-0.81,0.93,36,57,33,Real Estate,Real Estate Investment Trusts
LECO,"Lincoln Electric Holdings, Inc.",-3.01,-3.0,29,46,39,Industrials,Industrial Machinery/Components
EFGSY,Eiffage SA,-0.29,-11.27,20,64,25,Industrials,Engineering & Construction
HUT,Hut 8 Corp.,22.78,2.34,65,71,98,Finance,Finance: Consumer Services
RPGRY,REA Group Limited,0.94,20.32,100,100,17,Communication Services,Internet Content & Information
WCRIY,WCRIY,0.0,12.69,100,100,38,Energy,Oil & Gas E&P
SANM,Sanmina Corporation,11.98,-25.53,32,30,65,Technology,Electrical Products
YARIY,Yara International ASA,0.81,10.92,82,82,50,Basic Materials,Agricultural Inputs
LYSCF,Lynas Rare Earths Limited,3.12,-22.17,5,0,21,Basic Materials,Other Industrial Metals & Mining
SNMYF,Suncorp Group Limited,0.0,0.0,51,64,55,Financial Services,Insurance - Property & Casualty
GJNSY,Gjensidige Forsikring ASA,0.0,6.71,60,72,47,Financial Services,Insurance - Property & Casualty
IFJPY,Informa plc,-0.32,2.55,73,72,52,Communication Services,Publishing
ROHCY,"ROHM Co., Ltd.",7.33,-23.48,14,12,91,Technology,Semiconductors
ARCC,Ares Capital Corporation,0.64,0.91,69,74,33,Finance,Finance: Consumer Services
CLPBF,Coloplast A/S,1.59,15.57,99,89,15,Healthcare,Medical Instruments & Supplies
CRRFY,Carrefour SA,3.36,5.63,76,100,67,Consumer Defensive,Grocery Stores
BBSEY,BB Seguridade Participações S.A.,0.25,9.74,64,79,79,Financial Services,Insurance - Diversified
HTHT,H World Group Limited,-2.31,-0.45,60,60,37,Consumer Discretionary,Hotels/Resorts
ONON,On Holding AG,-2.14,4.33,59,57,20,Consumer Discretionary,Shoe Manufacturing
JHIUF,James Hardie Industries plc,0.0,1.88,72,70,64,Basic Materials,Building Materials
MTRAF,Metro Inc.,1.63,-11.65,39,59,32,Consumer Defensive,Grocery Stores
TMTNY,TMTNY,-2.8,-11.34,3,26,30,Industrials,Industrial Distribution
SWGAF,The Swatch Group AG,0.0,-19.47,0,0,30,Consumer Cyclical,Luxury Goods
UUGRY,United Utilities Group PLC,2.05,7.73,100,88,65,Utilities,Utilities - Regulated Water
OGFGY,Origin Energy Limited,-1.54,-5.09,45,64,23,Utilities,Utilities - Diversified
TKGSY,"Tokyo Gas Co.,Ltd.",2.57,4.38,100,96,39,Utilities,Utilities - Regulated Gas
JRONY,"Jerónimo Martins, SGPS, S.A.",-1.06,6.2,77,74,16,Consumer Defensive,Food Distribution
U,Unity Software Inc.,4.06,10.43,100,100,45,Technology,Computer Software: Prepackaged Software
RYKKY,"Ryohin Keikaku Co., Ltd.",-2.24,22.88,84,81,59,Consumer Cyclical,Department Stores
TYL,"Tyler Technologies, Inc.",-3.06,7.17,72,69,9,Technology,Computer Software: Prepackaged Software
CHUEF,"Chubu Electric Power Company, Incorporated",-3.44,-3.44,0,79,1,Utilities,Utilities - Diversified
AKZOF,Akzo Nobel N.V.,0.0,0.0,51,64,42,Basic Materials,Specialty Chemicals
CSGP,"CoStar Group, Inc.",-1.24,0.34,71,70,2,Finance,Real Estate
JLL,Jones Lang LaSalle Incorporated,6.39,13.62,100,100,58,Finance,Real Estate
PAYP,PayPay Corporation,8.42,10.13,100,100,14,Consumer Discretionary,Business Services
SOLV,Solventum Corporation,-1.95,10.81,79,76,73,Health Care,Medical/Dental Instruments
TLTZY,Tele2 AB (publ),0.69,3.81,90,81,37,Communication Services,Telecom Services
CHKIF,China Southern Airlines Company Limited,0.0,-4.26,86,81,9,Industrials,Airlines
SYIEY,Symrise AG,4.23,3.53,100,100,68,Basic Materials,Specialty Chemicals
DLVHF,Delivery Hero SE,-5.71,-0.2,32,46,93,Consumer Cyclical,Internet Retail
IAUGY,Insurance Australia Group Limited,-2.34,-5.04,0,41,53,Financial Services,Insurance - Property & Casualty
HRL,Hormel Foods Corporation,-1.67,3.19,66,68,57,Consumer Staples,Meat/Poultry/Fish
MEDP,"Medpace Holdings, Inc.",-1.13,6.39,66,74,71,Health Care,Biotechnology: Commercial Physical & Biological Resarch
FNF,"Fidelity National Financial, Inc.",-2.6,8.62,63,66,33,Finance,Specialty Insurers
AEG,Aegon Ltd.,4.66,10.28,100,100,77,Finance,Life Insurance
AAOI,"Applied Optoelectronics, Inc.",17.76,-35.17,27,28,96,Technology,Semiconductors
EXEL,"Exelixis, Inc.",1.16,3.72,68,74,85,Health Care,Biotechnology: Biological Products (No Diagnostic Substances)
WULF,TeraWulf Inc.,18.09,-24.43,33,35,92,Technology,EDP Services
IVPAF,Ivanhoe Mines Ltd.,-0.51,-2.82,77,71,12,Basic Materials,Other Industrial Metals & Mining
IVZ,Invesco Ltd.,4.81,9.65,75,82,72,Finance,Investment Managers
DINRF,"SCREEN Holdings Co., Ltd.",0.0,23.25,38,46,18,Technology,Semiconductor Equipment & Materials
DINO,HF Sinclair Corporation,2.71,27.4,100,98,94,Energy,Natural Gas Distribution
RXLSF,Rexel S.A.,0.0,4.5,66,74,68,Technology,Electronics & Computer Distribution
GGG,Graco Inc.,-1.5,7.33,76,74,31,Industrials,Fluid Controls
DVA,DaVita Inc.,-0.87,4.75,67,69,95,Health Care,Misc Health and Biotechnology Services
RICFY,Recordati Industria Chimica e Farmaceutica S.p.A.,0.0,2.24,48,61,31,Healthcare,Drug Manufacturers - General
JDLGF,"JD Logistics, Inc.",0.0,3.88,100,100,53,Industrials,Integrated Freight & Logistics
AIZ,"Assurant, Inc.",0.52,3.03,80,73,81,Finance,Property-Casualty Insurers
IMPUF,Impala Platinum Holdings Limited,0.0,-6.78,0,0,9,Basic Materials,Other Precious Metals & Mining
GPAEF,"Grupo Aeroportuario del Pacífico, S.A.B. de C.V.",0.0,-14.64,18,46,29,Industrials,Airports & Air Services
HAS,"Hasbro, Inc.",-0.67,16.04,89,85,58,Consumer Discretionary,Recreational Games/Products/Toys
DKNG,DraftKings Inc.,-3.38,-7.95,24,40,12,Consumer Discretionary,Services-Misc. Amusement & Recreation
NRDXF,Nordex SE,0.0,-9.17,0,0,81,Industrials,Specialty Industrial Machinery
NDEKY,Nitto Denko Corporation,0.55,11.14,91,85,45,Basic Materials,Specialty Chemicals
AXSM,"Axsome Therapeutics, Inc.",3.17,-2.5,50,74,92,Health Care,Biotechnology: Pharmaceutical Preparations
STRNY,Severn Trent PLC,1.22,5.8,91,81,52,Utilities,Utilities - Regulated Water
AGRPY,Absa Group Limited,4.64,3.81,100,100,60,Financial Services,Banks - Regional
UDR,"UDR, Inc.",-3.58,-5.37,0,27,45,Real Estate,Real Estate Investment Trusts
PRDSY,Prada S.p.A.,-4.72,-5.01,0,0,22,Consumer Cyclical,Luxury Goods
RNR,RenaissanceRe Holdings Ltd.,-4.28,0.48,45,50,67,Finance,Property-Casualty Insurers
AGNCM,AGNC Investment Corp.,0.02,0.77,54,65,45,Real Estate,Real Estate Investment Trusts
AGNCP,AGNC Investment Corp.,0.08,1.34,52,64,45,Real Estate,Real Estate Investment Trusts
COO,"The Cooper Companies, Inc.",-0.56,0.97,76,73,45,Health Care,Ophthalmic Goods
ELAN,Elanco Animal Health Incorporated,0.27,9.84,85,80,82,Health Care,Biotechnology: Pharmaceutical Preparations
HAGHY,Hensoldt AG,1.14,21.75,97,90,34,Industrials,Aerospace & Defense
PSKY,Paramount Skydance Corporation,-1.76,-23.21,0,0,4,Industrials,Broadcasting
RGC,Regencell Bioscience Holdings Limited,5.13,-26.03,70,82,1,Health Care,Medicinal Chemicals and Botanical Products
WBS,Webster Financial Corporation,1.91,0.87,100,83,72,Finance,Major Banks
BLD,TopBuild Corp.,0.0,0.0,100,100,35,Consumer Discretionary,Engineering & Construction
SWKS,"Skyworks Solutions, Inc.",2.11,-5.23,75,75,31,Technology,Semiconductors
ITGGF,Italgas S.p.A.,0.0,0.74,100,100,60,Utilities,Utilities - Regulated Gas
TYOYY,"Taiyo Yuden Co., Ltd.",8.8,-56.69,6,5,97,Technology,Electronic Components
POAHF,Porsche Automobil Holding SE,1.07,4.87,94,85,12,Consumer Cyclical,Auto Manufacturers
EQH,"Equitable Holdings, Inc.",1.1,10.96,86,82,52,Finance,Specialty Insurers
SFFLY,Schaeffler AG,3.75,-4.8,12,22,55,Consumer Cyclical,Auto Parts
KEYUF,Keyera Corp.,2.66,6.38,95,95,80,Energy,Oil & Gas Midstream
IKTSF,Intertek Group plc,0.0,1.84,53,65,69,Industrials,Specialty Business Services
MNHVF,Mowi ASA,0.0,5.58,51,64,18,Consumer Defensive,Farm Products
MP,MP Materials Corp.,9.34,-23.25,20,20,4,Basic Materials,Metal Mining
AEIS,"Advanced Energy Industries, Inc.",8.62,-23.04,29,27,65,Technology,Industrial Machinery/Components
PNR,Pentair plc,-0.63,-12.99,36,50,6,Industrials,Industrial Machinery/Components
HMY,Harmony Gold Mining Company Limited,3.99,6.39,100,100,32,Basic Materials,Precious Metals
CNA,CNA Financial Corporation,-3.44,7.29,59,60,71,Finance,Property-Casualty Insurers
BEP,Brookfield Renewable Partners L.P.,3.19,-4.98,54,84,57,Utilities,Electric Utilities: Central
RDY,Dr. Reddy's Laboratories Limited,0.6,-14.84,19,29,15,Health Care,Biotechnology: Pharmaceutical Preparations
LUMN,"Lumen Technologies, Inc.",5.13,-8.25,72,100,16,Telecommunications,Telecommunications Equipment
HUBS,"HubSpot, Inc.",-7.18,24.17,65,65,8,Technology,Computer Software: Prepackaged Software
GAILF,GAIL (India) Limited,0.0,-12.84,0,12,14,Utilities,Utilities - Regulated Gas
ASMVF,ASMPT Limited,0.0,-5.41,39,92,97,Technology,Semiconductor Equipment & Materials
QBTS,D-Wave Quantum Inc.,11.12,-23.49,28,33,14,Technology,EDP Services
GMED,"Globus Medical, Inc.",-1.42,5.66,68,68,53,Health Care,Medical/Dental Instruments
FUJHF,Subaru Corporation,0.0,17.06,90,85,27,Consumer Cyclical,Auto Manufacturers
CCDBF,CCL Industries Inc.,-1.4,1.83,66,68,56,Consumer Cyclical,Packaging & Containers
MRPRF,"MERLIN Properties SOCIMI, S.A.",0.0,-2.09,53,54,56,Real Estate,REIT - Office
CSPCY,CSPC Pharmaceutical Group Limited,-0.68,23.94,85,80,36,Healthcare,Drug Manufacturers - General
AIAGY,Aurubis AG,0.0,-5.9,51,75,79,Industrials,Metal Fabrication
ARW,"Arrow Electronics, Inc.",3.85,1.55,83,96,90,Technology,Electronic Components
IAFNF,iA Financial Corporation Inc.,0.0,5.33,64,66,73,Financial Services,Insurance - Diversified
VSAT,"Viasat, Inc.",10.56,-6.53,65,84,97,Technology,Radio And Television Broadcasting And Communications Equipment
XE,"X-Energy, Inc.",11.66,-8.14,77,93,2,Industrials,Metal Fabrications
UNICY,Unicharm Corporation,-0.63,11.35,82,78,35,Consumer Defensive,Household & Personal Products
EGP,"EastGroup Properties, Inc.",0.54,2.01,23,58,65,Real Estate,Real Estate Investment Trusts
AFG,"American Financial Group, Inc.",-1.26,1.33,60,61,59,Finance,Property-Casualty Insurers
SF,Stifel Financial Corp.,0.87,15.0,82,80,48,Finance,Investment Bankers/Brokers/Service
SAIL,"SailPoint, Inc.",1.76,5.62,100,93,42,Technology,Computer Software: Prepackaged Software
WMS,"Advanced Drainage Systems, Inc.",-0.54,-8.87,0,29,31,Consumer Discretionary,Containers/Packaging
ORKLF,Orkla ASA,0.0,0.47,52,64,27,Consumer Defensive,Packaged Foods
SEIC,SEI Investments Company,0.16,14.43,88,83,68,Finance,Investment Bankers/Brokers/Service
ABVX,ABIVAX Société Anonyme,4.62,-6.21,15,10,81,Health Care,Biotechnology: Pharmaceutical Preparations
SIETY,D'Ieteren Group SA,0.0,8.89,85,80,37,Consumer Cyclical,Auto & Truck Dealerships
GEAGF,GEA Group Aktiengesellschaft,0.0,8.89,85,80,26,Industrials,Specialty Industrial Machinery
WTRG,"Essential Utilities, Inc.",-0.86,6.1,75,71,46,Utilities,Water Supply
TSGTY,Tsingtao Brewery Company Limited,0.0,-1.46,51,64,19,Consumer Defensive,Beverages - Brewers
ICLR,ICON Public Limited Company,-7.1,-5.44,7,29,56,Health Care,Biotechnology: Commercial Physical & Biological Resarch
SCI,Service Corporation International,-0.46,11.13,84,80,45,Consumer Discretionary,Other Consumer Services
POWL,"Powell Industries, Inc.",12.29,-20.98,35,36,91,Energy,Electrical Products
TIMB,TIM S.A.,0.37,-10.36,0,0,15,Telecommunications,Telecommunications Equipment
MALRY,Mineral Resources Limited,5.66,-4.36,60,79,79,Basic Materials,Other Industrial Metals & Mining
MALRF,Mineral Resources Limited,0.0,0.0,51,64,90,Basic Materials,Other Industrial Metals & Mining
RIOT,"Riot Platforms, Inc.",21.27,-7.68,68,74,83,Finance,Finance: Consumer Services
SSAAY,SSAB AB (publ),3.51,14.74,100,100,90,Basic Materials,Steel
AHR,"American Healthcare REIT, Inc.",-3.11,3.88,53,59,75,Real Estate,Real Estate Investment Trusts
NXSNF,"NextVision Stabilized Systems, Ltd.",0.0,-2.89,23,50,49,Industrials,Security & Protection Services
TTD,"The Trade Desk, Inc.",-4.24,-4.54,52,54,2,Technology,Computer Software: Programming Data Processing
OC,Owens Corning,1.8,-7.3,21,55,57,Industrials,Industrial Machinery/Components
LINE,"Lineage, Inc.",-3.36,-1.7,43,45,62,Real Estate,Real Estate Investment Trusts
ALEUY,ALEUY,9.52,24.46,100,100,76,Unknown,Unknown
VLPNY,Voestalpine AG,0.0,9.75,83,78,78,Basic Materials,Steel
PODD,Insulet Corporation,-2.9,3.69,55,60,8,Health Care,Medical/Dental Instruments
CRHKY,China Resources Beer (Holdings) Company Limited,1.43,18.4,98,91,27,Consumer Defensive,Beverages - Brewers
RNLSY,Renault SA,-2.14,6.83,75,74,23,Consumer Cyclical,Auto Manufacturers
PMCUF,Pro Medicus Limited,0.0,-24.1,10,11,17,Healthcare,Health Information Services
BLSFY,BlueScope Steel Limited,0.0,-11.93,0,15,69,Basic Materials,Steel
CDUAF,Canadian Utilities Limited,3.2,8.04,100,99,79,Utilities,Utilities - Diversified
BSY,"Bentley Systems, Incorporated",-4.73,12.56,71,68,17,Technology,Computer Software: Prepackaged Software
PMDIY,PMDIY,0.0,20.7,100,100,48,Healthcare,Health Information Services
MDBKY,MDBKY,0.0,5.82,79,100,92,Financial Services,Insurance - Specialty
BMXMF,bioMérieux S.A.,0.0,1.36,38,67,10,Healthcare,Diagnostics & Research
APHBF,APHBF,0.0,-6.72,66,75,55,,
PRAX,"Praxis Precision Medicines, Inc.",5.75,-3.71,33,40,96,Health Care,Biotechnology: Pharmaceutical Preparations
SUBCY,Subsea 7 S.A.,3.22,-5.79,24,25,85,Energy,Oil & Gas Equipment & Services
BAX,Baxter International Inc.,7.99,23.33,100,100,83,Health Care,Medical/Dental Instruments
MAKSY,Marks and Spencer Group plc,2.69,11.91,100,96,67,Consumer Cyclical,Department Stores
CIFR,Cipher Digital Inc.,28.07,-0.81,61,66,95,Finance,Finance: Consumer Services
MGPUF,M&G plc,0.0,4.55,67,74,72,Financial Services,Asset Management
CNM,"Core & Main, Inc.",2.74,-4.14,23,64,11,Consumer Discretionary,Durable Goods
BPOP,"Popular, Inc.",1.69,3.93,100,85,86,Finance,Major Banks
ADDHY,Addtech AB (publ.),4.72,3.43,100,100,46,Industrials,Industrial Distribution
CYTK,"Cytokinetics, Incorporated",2.59,-5.68,19,52,91,Health Care,Biotechnology: Pharmaceutical Preparations
SARO,"StandardAero, Inc.",0.87,-3.4,63,68,48,Industrials,Aerospace
BNTGY,Brenntag SE,1.46,18.26,98,90,64,Basic Materials,Specialty Chemicals
BNTGF,Brenntag SE,0.0,6.03,87,81,62,Basic Materials,Specialty Chemicals
TX,Ternium S.A.,2.18,18.19,96,92,80,Industrials,Steel/Iron Ore
SAPMY,Saipem SpA,-1.11,-8.25,9,6,75,Energy,Oil & Gas Equipment & Services
ALSN,"Allison Transmission Holdings, Inc.",0.68,-1.72,37,53,57,Consumer Discretionary,Auto Parts:O.E.M.
UZAPF,Flughafen Zürich AG,2.35,-4.1,29,48,33,Industrials,Airports & Air Services
BRX,Brixmor Property Group Inc.,-0.51,1.87,49,65,63,Real Estate,Real Estate Investment Trusts
BZZUF,Buzzi S.p.A.,0.0,-10.19,22,57,15,Basic Materials,Building Materials
IFUUF,Infratil Limited,0.0,-3.93,35,100,88,Industrials,Conglomerates
ACLLY,Accelleron Industries AG,5.91,-9.07,28,30,32,Industrials,Specialty Industrial Machinery
ONBPO,Old National Bancorp,0.02,0.52,57,65,42,Finance,Major Banks
SEOAY,Stora Enso Oyj,1.85,12.56,100,91,42,Consumer Cyclical,Packaging & Containers
AYI,Acuity Inc.,1.23,-8.02,45,72,53,Consumer Discretionary,Building Products
ALSMY,Alstom SA,-1.09,8.38,75,73,10,Industrials,Railroads
LKNCY,Luckin Coffee Inc.,2.46,14.71,97,93,21,Consumer Cyclical,Restaurants
MDDNF,Meridian Energy Limited,0.0,-2.73,78,100,37,Utilities,Utilities - Renewable
ZIONP,"Zions Bancorporation, National Association",-0.68,-1.24,100,100,21,Finance,Major Banks
AOMFF,Alstom SA,0.0,9.24,84,79,10,Industrials,Railroads
YMM,Full Truck Alliance Co. Ltd.,-0.83,14.11,84,80,29,Technology,Computer Software: Prepackaged Software
QRVO,"Qorvo, Inc.",1.39,-0.15,89,85,48,Technology,Semiconductors
ORI,Old Republic International Corporation,-2.71,5.75,66,65,64,Finance,Property-Casualty Insurers
ACDSF,CapitaLand Ascendas REIT,0.0,-1.03,69,67,27,Real Estate,REIT - Industrial
CAVA,"CAVA Group, Inc.",1.65,-16.72,31,45,16,Consumer Discretionary,Restaurants
LLYVA,"Liberty Live Holdings, Inc.",2.04,-1.69,83,88,67,Consumer Discretionary,Services-Misc. Amusement & Recreation
ENPH,"Enphase Energy, Inc.",6.59,-20.2,20,18,53,Technology,Semiconductors
PSO,Pearson plc,-1.3,6.22,73,69,76,Consumer Discretionary,Books
BRKRP,Bruker Corporation,4.15,4.63,100,100,94,Industrials,Biotechnology: Laboratory Analytical Instruments
FDS,FactSet Research Systems Inc.,-6.74,7.12,51,55,28,Technology,Computer Software: Programming Data Processing
LZRFY,Localiza Rent a Car S.A.,2.71,4.91,27,46,25,Industrials,Rental & Leasing Services
IMIUY,IMI plc,3.98,-0.98,72,82,55,Industrials,Specialty Industrial Machinery
ADC,Agree Realty Corporation,-2.46,2.79,40,54,50,Real Estate,Real Estate Investment Trusts
ASR,"Grupo Aeroportuario del Sureste, S. A. B. de C. V.",1.69,-10.5,19,41,20,Consumer Discretionary,Aerospace
MANH,"Manhattan Associates, Inc.",-6.4,30.44,72,70,61,Technology,Computer Software: Prepackaged Software
UHS,"Universal Health Services, Inc.",-2.9,8.44,73,72,20,Health Care,Hospital/Nursing Management
JSAIY,J Sainsbury plc,0.78,9.1,91,83,62,Consumer Defensive,Grocery Stores
SUOPY,Sumco Corporation,11.86,-30.28,12,12,96,Technology,Semiconductor Equipment & Materials
CRPAY,CRPAY,0.24,-3.9,69,100,23,Utilities,Utilities - Renewable
HSIC,"Henry Schein, Inc.",-0.77,0.77,50,63,70,Health Care,Medical Specialities
TTC,The Toro Company,-0.82,-5.57,2,43,54,Consumer Discretionary,Tools/Hardware
CRL,"Charles River Laboratories International, Inc.",-0.08,2.41,74,73,80,Health Care,Biotechnology: Commercial Physical & Biological Resarch
WAL,Western Alliance Bancorporation,0.68,-2.68,54,62,37,Finance,Major Banks
ARE,"Alexandria Real Estate Equities, Inc.",-2.38,-0.98,72,71,34,Real Estate,Real Estate Investment Trusts
WARFY,The Wharf (Holdings) Limited,8.35,19.34,100,100,18,Real Estate,Real Estate - Development
NWOEF,NWOEF,0.0,0.0,100,100,17,Consumer Defensive,Education & Training Services
WARFF,The Wharf (Holdings) Limited,0.0,0.0,51,64,49,Real Estate,Real Estate - Development
CRUS,"Cirrus Logic, Inc.",-1.65,-9.94,0,12,32,Technology,Semiconductors
BYDIF,BYD Electronic (International) Company Limited,-5.16,9.7,59,60,7,Technology,Electronic Components
DUFRY,Avolta AG,2.94,-6.8,53,68,67,Consumer Cyclical,Specialty Retail
CORZ,"Core Scientific, Inc.",20.36,-8.01,60,62,72,Finance,Finance: Consumer Services
CELH,"Celsius Holdings, Inc.",1.63,-7.91,37,51,5,Consumer Staples,Beverages (Production/Distribution)
RGTI,"Rigetti Computing, Inc.",12.41,-20.45,32,34,10,Technology,EDP Services
WEGRY,The Weir Group PLC,5.58,11.28,100,100,22,Industrials,Specialty Industrial Machinery
KIKOY,Kikkoman Corporation,0.0,-3.08,39,59,52,Consumer Defensive,Packaged Foods
SBSW,Sibanye Stillwater Limited,6.32,6.82,100,100,10,Basic Materials,Precious Metals
MTCH,"Match Group, Inc.",-0.23,3.32,76,74,65,Technology,Computer Software: Programming Data Processing
PRI,"Primerica, Inc.",-0.03,10.87,83,79,72,Finance,Life Insurance
BIO,"Bio-Rad Laboratories, Inc.",-0.16,9.97,88,83,62,Industrials,Biotechnology: Laboratory Analytical Instruments
KUNUF,Kunlun Energy Company Limited,0.0,-6.19,22,59,17,Energy,Oil & Gas Refining & Marketing
BYDIY,BYD Electronic (International) Company Limited,1.36,24.47,80,93,9,Technology,Electronic Components
NXDCF,NEXTDC Limited,0.0,-4.88,65,100,30,Technology,Information Technology Services
MXL,"MaxLinear, Inc.",16.89,-40.46,24,25,98,Technology,Semiconductors
DNOPY,Dino Polska S.A.,2.12,8.78,100,95,7,Consumer Defensive,Grocery Stores
GGB,Gerdau S.A.,2.06,23.38,100,95,82,Industrials,Steel/Iron Ore
GNZUF,"Guangzhou Automobile Group Co., Ltd.",0.0,0.0,14,43,4,Consumer Cyclical,Auto Manufacturers
CMHHY,China Merchants Port Holdings Company Limited,-2.17,10.94,76,73,36,Industrials,Marine Shipping
KYKOY,"Kyowa Kirin Co., Ltd.",0.0,1.54,100,100,32,Healthcare,Drug Manufacturers - Specialty & Generic
FNMAO,Federal National Mortgage Association,2.44,-0.4,84,95,8,Financial Services,Mortgage Finance
FNMAH,Federal National Mortgage Association,-0.14,-17.55,46,75,6,Financial Services,Mortgage Finance
FNMAM,Federal National Mortgage Association,0.0,-9.73,43,59,5,Financial Services,Mortgage Finance
FNMA,Federal National Mortgage Association,0.67,-4.31,46,65,6,Financial Services,Mortgage Finance
FNMAG,Federal National Mortgage Association,1.78,-14.06,1,13,5,Financial Services,Mortgage Finance
FNMFN,Federal National Mortgage Association,-0.64,-10.14,36,60,6,Financial Services,Mortgage Finance
PPRQF,Choice Properties Real Estate Investment Trust,0.0,2.28,67,70,51,Real Estate,REIT - Retail
ASGLF,AGC Inc.,0.0,0.0,100,100,1,Industrials,Conglomerates
OSK,Oshkosh Corporation,0.07,-1.24,22,41,40,Industrials,Auto Manufacturing
SHBBF,SHBBF,0.0,11.55,85,80,57,Basic Materials,Chemicals
BPHLY,Bank of the Philippine Islands,5.28,1.37,59,97,36,Financial Services,Banks - Regional
ZG,"Zillow Group, Inc.",-0.79,4.29,84,78,3,Consumer Discretionary,Business Services
TONPF,TOPPAN Holdings Inc.,0.0,-6.25,0,20,46,Industrials,Conglomerates
SSDOF,"Shiseido Company, Limited",0.0,0.0,51,64,24,Consumer Defensive,Household & Personal Products
EDU,New Oriental Education & Technology Group Inc.,-3.41,18.62,77,74,46,Real Estate,Other Consumer Services
EMLAF,Empire Company Limited,-2.03,4.82,72,71,46,Consumer Defensive,Grocery Stores
CCOEY,"Capcom Co., Ltd.",-2.25,29.2,84,81,36,Communication Services,Electronic Gaming & Multimedia
XNGSY,ENN Energy Holdings Limited,0.7,14.82,93,86,8,Utilities,Utilities - Regulated Gas
ESALF,"Eisai Co., Ltd.",18.45,24.04,100,100,56,Healthcare,Drug Manufacturers - Specialty & Generic
HCXLF,Hiscox Ltd,0.0,2.0,44,64,84,Financial Services,Insurance - Property & Casualty
KNCRY,Konecranes Plc,0.0,-6.79,0,2,26,Industrials,Farm & Heavy Construction Machinery
YMHAY,"Yamaha Motor Co., Ltd.",-0.67,11.17,84,80,70,Consumer Cyclical,Auto Manufacturers
AOS,A. O. Smith Corporation,-3.59,-3.75,27,45,19,Consumer Discretionary,Consumer Electronics/Appliances
SSD,"Simpson Manufacturing Co., Inc.",-1.48,-8.1,18,39,40,Consumer Discretionary,Industrial Machinery/Components
DVDCF,Davide Campari-Milano N.V.,0.0,1.47,13,41,17,Consumer Defensive,Beverages - Wineries & Distilleries
IDA,"IDACORP, Inc.",-1.73,-5.48,0,19,47,Utilities,Electric Utilities: Central
ELMUF,Elisa Oyj,0.0,1.25,100,100,46,Communication Services,Telecom Services
FPRUY,Fraport AG,0.0,6.96,82,78,36,Industrials,Airports & Air Services
HESM,Hess Midstream LP,-0.44,6.56,75,73,59,Energy,Oil & Gas Production
ACI,"Albertsons Companies, Inc.",-3.81,-14.74,14,16,5,Consumer Staples,Food Chains
KNTK,Kinetik Holdings Inc.,-1.15,6.76,73,72,69,Utilities,Natural Gas Distribution
TOTDY,TOTO LTD.,6.08,-14.69,17,14,89,Industrials,Building Products & Equipment
VLYPN,Valley National Bancorp,-0.35,0.67,56,63,41,Finance,Major Banks
KRMN,Karman Holdings Inc.,3.58,-14.04,22,36,4,Industrials,Military/Government/Technical
OCLDY,Orica Limited,0.0,0.59,51,64,67,Basic Materials,Specialty Chemicals
IDTRY,IDTRY,0.0,29.62,100,100,45,Industrials,Industrial Distribution
QGEN,Qiagen N.V.,-0.86,6.88,77,74,32,Health Care,Biotechnology: Biological Products (No Diagnostic Substances)
JPNRF,"Japan Airlines Co., Ltd.",0.0,11.37,100,100,1,Industrials,Airlines
DNPLY,"Dai Nippon Printing Co., Ltd.",0.65,7.1,24,52,49,Industrials,Conglomerates
UMICF,Umicore SA,0.0,5.62,50,75,65,Industrials,Waste Management
PCOR,"Procore Technologies, Inc.",7.24,27.65,100,100,14,Technology,Computer Software: Prepackaged Software
KNCRF,Konecranes Plc,0.0,-1.31,51,60,3,Industrials,Farm & Heavy Construction Machinery
WFRD,Weatherford International plc,2.92,5.61,60,67,42,Consumer Discretionary,Oil and Gas Field Machinery
BCKIF,Babcock International Group PLC,0.0,11.85,72,76,22,Industrials,Engineering & Construction
ICGUF,ICG plc,0.0,0.0,51,64,20,Financial Services,Asset Management
YOU,"Clear Secure, Inc.",-3.92,0.79,56,56,91,Technology,Computer Software: Prepackaged Software
DPMLF,DPM Metals Inc.,6.52,15.21,99,100,88,Basic Materials,Gold
LTH,"Life Time Group Holdings, Inc.",-3.28,10.39,61,64,93,Consumer Discretionary,Hotels/Resorts
BCHMY,Bachem Holding AG,4.62,0.11,50,70,66,Healthcare,Biotechnology
IVTJY,Investec Group,0.0,-2.51,88,100,69,Financial Services,Capital Markets
WILLF,Demant A/S,1.29,9.55,96,87,76,Healthcare,Medical Devices
YORUF,"The Yokohama Rubber Company, Limited",0.0,0.0,51,64,93,Consumer Cyclical,Auto Parts
BILI,Bilibili Inc.,0.92,7.29,92,84,8,Technology,EDP Services
THNPF,Technip Energies N.V.,0.0,-5.35,25,59,22,Energy,Oil & Gas Equipment & Services
NDBKY,Nedbank Group Limited,3.97,4.42,100,100,64,Financial Services,Banks - Regional
SLAB,Silicon Laboratories Inc.,0.23,-0.66,45,63,84,Technology,Semiconductors
TSUKY,"Toyo Suisan Kaisha, Ltd.",1.46,12.69,98,89,42,Consumer Defensive,Packaged Foods
TTEK,"Tetra Tech, Inc.",-3.94,11.21,59,61,26,Consumer Discretionary,Military/Government/Technical
AKBTY,Akbank T.A.S.,-2.65,-21.65,0,0,12,Financial Services,Banks - Regional
OMRNY,OMRON Corporation,4.52,-10.31,19,21,61,Technology,Electronic Components
VSH,"Vishay Intertechnology, Inc.",12.78,-34.02,22,22,93,Technology,Electrical Products
SSDOY,"Shiseido Company, Limited",-0.75,29.5,89,85,66,Consumer Defensive,Household & Personal Products
ALKS,Alkermes plc,3.5,-3.27,16,26,93,Health Care,Biotechnology: Pharmaceutical Preparations
LSTR,"Landstar System, Inc.",-4.77,-18.33,0,0,56,Industrials,Trucking Freight/Courier Services
IFSUF,Infrastrutture Wireless Italiane S.p.A.,0.0,-0.27,100,100,12,Real Estate,Real Estate Services
RGEN,Repligen Corporation,1.68,3.32,78,78,53,Health Care,Biotechnology: Biological Products (No Diagnostic Substances)
GGDVY,Guangdong Investment Limited,0.0,-3.13,25,64,46,Utilities,Utilities - Regulated Water
HTCMY,"Hitachi Construction Machinery Co., Ltd.",0.0,0.0,51,64,41,Industrials,Farm & Heavy Construction Machinery
RAL,Ralliant Corporation,0.04,-6.52,19,49,90,Industrials,Industrial Machinery/Components
SKHHY,Sonic Healthcare Limited,0.26,9.61,85,79,43,Healthcare,Diagnostics & Research
KLAR,KLAR,2.04,-7.05,69,88,19,Finance,Finance: Consumer Services
SEOJF,Stora Enso Oyj,0.0,0.0,100,100,17,Consumer Cyclical,Packaging & Containers
STHRF,Strathcona Resources Ltd.,-0.69,11.74,84,81,66,Energy,Oil & Gas E&P
IMVT,"Immunovant, Inc.",2.25,3.51,56,81,95,Health Care,Biotechnology: Biological Products (No Diagnostic Substances)
CDNAF,"Canadian Tire Corporation, Limited",-0.03,6.95,86,80,59,Consumer Cyclical,Specialty Retail
CBC,"Central Bancompany, Inc.",0.49,4.69,86,79,84,Financial Services,Banks - Regional
OGC,OceanaGold Corporation,2.72,-0.48,71,96,43,Basic Materials,Gold
THNOF,Technology One Limited,0.0,2.95,100,100,75,Technology,Software - Application
CEVMF,CTS Eventim AG & Co. KGaA,0.0,17.46,100,100,15,Communication Services,Entertainment
AXTI,"AXT, Inc.",26.97,-27.82,37,40,99,Technology,Semiconductors
VBREY,VBREY,3.5,26.42,100,100,90,Consumer Cyclical,Specialty Retail
CSXXY,CAR Group Limited,7.04,11.58,100,100,19,Communication Services,Internet Content & Information
UOLGY,UOLGY,3.25,5.01,100,100,50,Real Estate,Real Estate - Development
KGFHF,Kingfisher plc,0.0,5.7,83,78,41,Consumer Cyclical,Home Improvement Retail
KYMR,"Kymera Therapeutics, Inc.",1.67,-6.3,6,11,94,Health Care,Biotechnology: Biological Products (No Diagnostic Substances)
ESTC,Elastic N.V.,-0.29,9.92,84,79,36,Technology,Computer Software: Prepackaged Software
GIFLF,"Grifols, S.A.",0.0,-1.91,60,65,16,Healthcare,Drug Manufacturers - General
PMOIF,Harbour Energy plc,-9.09,2.39,17,34,24,Energy,Oil & Gas E&P
GIKLY,"Grifols, S.A.",0.0,0.93,51,64,14,Healthcare,Drug Manufacturers - General
GDS,GDS Holdings Limited,8.08,1.14,73,96,10,Technology,Computer Software: Programming Data Processing
TEO,Telecom Argentina S.A.,2.58,9.71,92,94,71,Telecommunications,Telecommunications Equipment
GPTGF,The GPT Group,0.0,-5.8,23,63,35,Real Estate,REIT - Diversified
GTES,Gates Industrial Corporation Ltd.,3.45,-5.05,24,52,44,Industrials,Industrial Machinery/Components
TXNM,"TXNM Energy, Inc.",0.49,2.2,76,74,37,Utilities,Electric Utilities: Central
MHK,"Mohawk Industries, Inc.",5.45,-0.25,100,100,47,Consumer Discretionary,Home Furnishings
VLOWY,Vallourec S.A.,1.23,8.57,55,69,51,Basic Materials,Steel
IDCC,"InterDigital, Inc.",16.16,7.74,100,100,28,Miscellaneous,Multi-Sector Companies
RNKGF,RNKGF,8.12,13.88,100,100,11,Industrials,Aerospace & Defense
CELC,Celcuity Inc.,5.26,-16.13,16,18,59,Health Care,Medical Specialities
AUGO,Aura Minerals Inc.,4.5,-5.87,42,54,81,Basic Materials,Gold
SBFFF,SBM Offshore N.V.,0.0,0.0,51,64,67,Energy,Oil & Gas Equipment & Services
RADLY,Raia Drogasil S.A.,0.85,-0.8,48,56,29,Healthcare,Pharmaceutical Retailers
EDNMY,Edenred SE,0.0,30.43,93,88,86,Financial Services,Credit Services
VAL,Valaris Limited,1.89,4.31,41,61,58,Energy,Oil & Gas Production
MNESP,MSA Safety Incorporated,0.0,0.0,100,100,32,Industrials,Security & Protection Services
OTGLY,CD Projekt S.A.,3.58,14.52,100,100,21,Communication Services,Electronic Gaming & Multimedia
OMF,"OneMain Holdings, Inc.",0.73,4.98,92,84,57,Finance,Finance: Consumer Services
GGPSF,GGPSF,17.75,-7.38,76,100,99,Basic Materials,Gold
CAG,"Conagra Brands, Inc.",-1.92,6.31,78,76,27,Consumer Staples,Packaged Foods
DSGX,The Descartes Systems Group Inc.,-4.42,5.09,64,61,19,Technology,Computer Software: Prepackaged Software
STWD,"Starwood Property Trust, Inc.",-1.76,-0.61,0,45,23,Real Estate,Real Estate Investment Trusts
SGHC,Super Group (SGHC) Limited,-5.44,0.79,0,14,74,Consumer Discretionary,Services-Misc. Amusement & Recreation
RYN,Rayonier Inc.,-3.56,0.47,40,52,33,Real Estate,Real Estate Investment Trusts
CPB,The Campbell's Company,-3.83,-4.33,41,52,19,Consumer Staples,Packaged Foods
LDSCY,Land Securities Group Plc,3.46,14.88,100,100,77,Real Estate,REIT - Diversified
BSDGF,Bosideng International Holdings Limited,-3.24,18.75,66,66,57,Consumer Cyclical,Apparel Manufacturing
SWX,"Southwest Gas Holdings, Inc.",-1.63,2.02,47,59,51,Utilities,Oil & Gas Production
ACA,"Arcosa, Inc.",0.25,0.43,58,66,87,Industrials,Metal Fabrications
URBN,"Urban Outfitters, Inc.",0.45,7.33,90,84,50,Consumer Discretionary,Clothing/Shoe/Accessory Stores
MDA,MDA Space Ltd.,5.29,-23.34,8,8,36,Consumer Discretionary,Electronic Components
SNDR,"Schneider National, Inc.",-3.18,-6.21,0,10,76,Industrials,Trucking Freight/Courier Services
FSV,FirstService Corporation,1.52,1.06,73,86,25,Finance,Real Estate
CNTA,Centessa Pharmaceuticals plc,0.0,0.0,0,0,35,Health Care,Biotechnology: Pharmaceutical Preparations
PTCT,"PTC Therapeutics, Inc.",1.38,-7.17,0,12,70,Health Care,Biotechnology: Pharmaceutical Preparations
SATLF,"ZOZO, Inc.",0.0,-1.85,100,100,1,Consumer Cyclical,Internet Retail
PATH,"UiPath, Inc.",-1.75,7.1,83,78,34,Technology,Computer Software: Prepackaged Software
ONEXF,Onex Corporation,-2.78,1.98,35,51,19,Financial Services,Asset Management
CHDN,Churchill Downs Incorporated,-6.6,-7.25,13,28,11,Consumer Discretionary,Services-Misc. Amusement & Recreation
GKOS,Glaukos Corporation,4.24,22.5,100,100,94,Health Care,Medical/Dental Instruments
TOITF,Topicus.com Inc.,-2.56,12.46,76,73,13,Technology,Software - Infrastructure
DBX,"Dropbox, Inc.",-3.66,13.02,69,69,73,Technology,Computer Software: Prepackaged Software
TOKUY,Tokyu Corporation,0.0,2.16,84,79,25,Consumer Cyclical,Department Stores
BRTHY,"Brother Industries, Ltd.",0.0,6.85,83,78,83,Industrials,Business Equipment & Supplies
WH,"Wyndham Hotels & Resorts, Inc.",0.7,-8.96,28,55,27,Consumer Discretionary,Hotels/Resorts
LNNGY,Li Ning Company Limited,0.66,3.62,88,81,12,Consumer Cyclical,Leisure
VCX,"Fundrise Growth Tech Fund, LLC",0.63,-59.82,3,2,1,,
COGT,"Cogent Biosciences, Inc.",4.52,7.48,100,100,96,Health Care,Biotechnology: Pharmaceutical Preparations
EDNMF,Edenred SE,0.0,0.0,51,64,53,Financial Services,Credit Services
SKHCF,Sonic Healthcare Limited,0.0,23.51,92,88,45,Healthcare,Diagnostics & Research
OSCR,"Oscar Health, Inc.",2.16,-2.1,78,86,96,Health Care,Medical Specialities
CROX,"Crocs, Inc.",-7.38,-0.41,12,30,82,Consumer Discretionary,Shoe Manufacturing
STEP,StepStone Group Inc.,1.47,7.32,71,73,8,Finance,Investment Managers
CPA,"Copa Holdings, S.A.",4.37,-7.07,36,66,74,Consumer Discretionary,Air Freight/Delivery Services
MNTHF,Minth Group Limited,0.0,60.85,91,100,80,Consumer Cyclical,Auto Parts
GLAPY,Glanbia plc,0.0,-3.93,9,33,92,Consumer Defensive,Packaged Foods
SQNXF,"Square Enix Holdings Co., Ltd.",0.0,-3.44,36,59,8,Communication Services,Electronic Gaming & Multimedia
CE,Celanese Corporation,2.0,-0.8,27,34,13,Industrials,Major Chemicals
TGTX,"TG Therapeutics, Inc.",0.09,0.02,21,50,93,Health Care,Biotechnology: Pharmaceutical Preparations
HLBBF,H. Lundbeck A/S,11.97,5.3,100,100,47,Healthcare,Drug Manufacturers - Specialty & Generic
MRUWY,MRUWY,10.98,-23.3,22,21,11,,
M,"Macy's, Inc.",0.69,6.4,92,85,88,Consumer Discretionary,Department/Specialty Retail Stores
ENREF,Energix - Renewable Energies Ltd.,0.0,0.0,100,100,96,Utilities,Utilities - Renewable
WKCMF,Wacker Chemie AG,0.0,2.13,67,69,67,Basic Materials,Specialty Chemicals
ZETA,Zeta Global Holdings Corp.,-3.22,2.54,67,61,69,Technology,Computer Software: Prepackaged Software
ATOGF,AUTO1 Group SE,0.0,4.63,75,100,42,Consumer Cyclical,Auto & Truck Dealerships
KOF,"Coca-Cola FEMSA, S.A.B. de C.V.",1.94,4.26,97,90,67,Consumer Staples,Beverages (Production/Distribution)
OUT,OUTFRONT Media Inc.,-2.18,-2.83,15,40,89,Real Estate,Real Estate Investment Trusts
NOVTU,Novanta Inc.,-0.07,-12.93,0,6,64,Miscellaneous,Industrial Machinery/Components
CHE,Chemed Corporation,-0.85,11.21,82,78,74,Health Care,Medical/Nursing Services
RMSYF,Ramsay Health Care Limited,0.0,7.72,16,57,70,Healthcare,Medical Care Facilities
EMLZF,Emmi AG,0.0,-0.92,100,100,56,Consumer Defensive,Packaged Foods
SMBMY,Seatrium Limited,0.0,4.0,75,73,17,Energy,Oil & Gas Equipment & Services
BAFBF,Balfour Beatty plc,0.0,-1.79,51,60,70,Industrials,Engineering & Construction
TKECF,"Tokyo Electric Power Company Holdings, Incorporated",0.0,9.68,93,88,17,Utilities,Utilities - Renewable
BYCRF,"Baycurrent, Inc.",13.98,34.04,100,100,1,Industrials,Consulting Services
OBDC,Blue Owl Capital Corporation,0.09,-0.09,42,64,23,Finance,Diversified Financial Services
EUTLF,Eutelsat Communications S.A.,0.42,-14.75,14,18,6,Communication Services,Telecom Services
NJR,New Jersey Resources Corporation,-1.46,4.23,62,66,71,Utilities,Oil/Gas Transmission
PIPR,Piper Sandler Companies,3.2,5.6,80,79,20,Finance,Investment Bankers/Brokers/Service
BBRYF,Burberry Group plc,0.0,-3.75,57,72,18,Consumer Cyclical,Luxury Goods
DLKGF,Delek Group Ltd.,0.0,-89.92,0,0,1,Energy,Oil & Gas E&P
PREKF,PrairieSky Royalty Ltd.,0.17,10.24,89,83,71,Energy,Oil & Gas E&P
HWC,Hancock Whitney Corporation,-0.9,0.83,59,63,73,Finance,Major Banks
BXSL,Blackstone Secured Lending Fund,0.56,-2.89,33,68,24,Finance,Trusts Except Educational Religious and Charitable
PLUG,Plug Power Inc.,10.0,-20.83,23,22,12,Energy,Industrial Machinery/Components
OZKAP,Bank OZK,0.18,3.25,73,72,37,Finance,Major Banks
MARA,"MARA Holdings, Inc.",17.61,-11.59,57,64,23,Technology,EDP Services
FUPBY,Fuchs SE,1.05,9.73,93,84,45,Basic Materials,Specialty Chemicals
SSMXY,Sysmex Corporation,1.37,15.7,97,89,39,Healthcare,Medical Devices
ETCMY,Eutelsat Communications S.A.,1.48,-17.36,5,7,9,Communication Services,Telecom Services
BC,Brunswick Corporation,-0.88,-2.24,67,69,53,Industrials,Industrial Machinery/Components
MCY,Mercury General Corporation,-1.51,-1.67,58,58,79,Finance,Property-Casualty Insurers
LB,LandBridge Company LLC,2.12,5.81,71,87,74,Energy,Oil & Gas Production
HOMB,"Home BancShares, Inc.",-0.86,7.82,79,76,63,Finance,Major Banks
FINN,"First National of Nebraska, Inc.",0.0,1.33,69,67,75,Financial Services,Banks - Regional
THKLY,"THK Co., Ltd.",1.11,-15.54,0,0,76,Industrials,Specialty Industrial Machinery
AVAL,Grupo Aval Acciones y Valores S.A.,5.1,1.38,100,100,81,Finance,Commercial Banks
EPAM,"EPAM Systems, Inc.",-3.02,21.61,81,78,6,Technology,EDP Services
HRSEF,"Hirose Electric Co.,Ltd.",0.0,0.0,100,100,1,Technology,Electronic Components
TKMTY,TKMTY,0.0,6.23,100,100,8,Industrials,Railroads
CBUMF,China National Building Material Company Limited,1.74,-31.75,7,13,31,Basic Materials,Building Materials
RUSHB,"Rush Enterprises, Inc.",-1.08,3.91,69,67,80,Consumer Discretionary,Retail-Auto Dealers and Gas Stations
LNNGF,Li Ning Company Limited,2.56,14.29,100,96,13,Consumer Cyclical,Leisure
VCTR,"Victory Capital Holdings, Inc.",1.05,14.87,84,82,88,Finance,Investment Managers
NBCLF,"Nitto Boseki Co., Ltd.",-4.18,-42.86,0,0,98,Consumer Cyclical,Textile Manufacturing
EQPT,EquipmentShare.com Inc.,4.73,-4.76,82,83,5,Consumer Discretionary,Diversified Commercial Services
IPGDF,IGO Limited,0.0,-21.23,0,0,30,Basic Materials,Other Industrial Metals & Mining
PSMT,"PriceSmart, Inc.",-0.09,-1.48,72,70,89,Consumer Discretionary,Department/Specialty Retail Stores
HASI,"HA Sustainable Infrastructure Capital, Inc.",0.82,-0.64,57,68,65,Finance,Finance/Investors Services
RICOY,"Ricoh Company, Ltd.",0.0,5.02,81,75,54,Industrials,Business Equipment & Supplies
RITM,Rithm Capital Corp.,-1.2,8.34,76,73,28,Real Estate,Real Estate Investment Trusts
VSECU,VSE Corporation,3.87,-11.74,12,25,52,Industrials,Aerospace & Defense
GLBE,Global-E Online Ltd.,-0.97,11.28,83,77,68,Technology,Computer Software: Prepackaged Software
HLPPY,Hang Lung Properties Limited,1.71,6.97,83,88,20,Real Estate,Real Estate Services
ENGGY,"Enagás, S.A.",-0.41,1.04,50,65,65,Utilities,Utilities - Regulated Gas
ACHR,Archer Aviation Inc.,5.8,-3.66,35,45,3,Industrials,Aerospace
BOOT,"Boot Barn Holdings, Inc.",2.31,-4.81,44,63,17,Consumer Discretionary,Clothing/Shoe/Accessory Stores
OTF,Blue Owl Technology Finance Corp.,-0.8,-7.41,0,37,13,Financial Services,Asset Management
RNSHF,Renishaw plc,-1.2,-1.2,99,100,89,Technology,Scientific & Technical Instruments
SEI,"Solaris Energy Infrastructure, Inc.",18.1,-30.16,27,28,35,Consumer Discretionary,Oil and Gas Field Machinery
CNVVF,Convatec Group PLC,0.0,8.06,100,100,24,Healthcare,Medical Instruments & Supplies
TOSCF,Tosoh Corporation,0.0,0.0,100,100,2,Basic Materials,Chemicals
GLNG,Golar LNG Limited,1.88,-2.94,3,53,49,Consumer Discretionary,Marine Transportation
DSVSF,Discovery Mining Ltd.,7.24,9.21,98,100,90,Basic Materials,Silver
SBRA,"Sabra Health Care REIT, Inc.",-3.31,8.33,65,66,64,Real Estate,Real Estate Investment Trusts
JAN,"Janus Living, Inc.",-3.06,5.03,60,63,76,Real Estate,Real Estate Investment Trusts
VLMTY,Valmet Oyj,0.0,0.0,100,100,10,Industrials,Specialty Industrial Machinery
BIPC,Brookfield Infrastructure Corporation,-1.48,11.46,74,73,51,Utilities,Oil & Gas Production
MAPGF,Mapletree Logistics Trust,0.0,-9.52,6,36,27,Real Estate,REIT - Industrial
TMICY,Trend Micro Incorporated,0.77,12.26,93,85,32,Technology,Software - Infrastructure
BTDPY,Barratt Redrow plc,2.72,7.66,100,96,25,Consumer Cyclical,Residential Construction
YKLTY,"Yakult Honsha Co.,Ltd.",7.72,3.1,74,100,39,Consumer Defensive,Beverages - Non-Alcoholic
HSYDF,Harmonic Drive Systems Inc.,-4.2,-33.78,0,0,98,Industrials,Specialty Industrial Machinery
WHITF,Whitehaven Coal Limited,-1.96,-3.85,95,95,29,Energy,Thermal Coal
CVLT,"Commvault Systems, Inc.",-3.23,-20.81,0,0,30,Technology,Computer Software: Prepackaged Software
HRB,"H&R Block, Inc.",-6.13,12.58,63,64,62,Consumer Discretionary,Other Consumer Services
COLZF,COLZF,0.0,0.0,100,100,99,Consumer Defensive,Beverages - Non-Alcoholic
LBRDA,Liberty Broadband Corporation,-2.14,1.83,77,72,7,Telecommunications,Cable & Other Pay Television Services
SXT,Sensient Technologies Corporation,1.11,1.14,83,87,65,Industrials,Major Chemicals
HLNE,Hamilton Lane Incorporated,0.29,13.08,89,83,10,Finance,Investment Managers
PMNXF,Perseus Mining Limited,-0.29,-3.12,97,97,42,Basic Materials,Gold
PAGP,"Plains GP Holdings, L.P.",-0.26,10.15,84,80,83,Energy,Natural Gas Distribution
PBF,PBF Energy Inc.,15.39,52.16,100,100,97,Energy,Integrated oil Companies
ATDRY,Autotrader Group plc,0.58,4.85,90,82,15,Communication Services,Internet Content & Information
GMVHF,Entain Plc,-4.12,-1.47,9,28,8,Consumer Cyclical,Gambling
HSHZY,Hoshizaki Corporation,0.0,3.29,100,100,38,Industrials,Specialty Industrial Machinery
LBRT,Liberty Energy Inc.,5.03,-26.16,13,14,17,Energy,Oilfield Services/Equipment
LEGIF,LEG Immobilien SE,0.0,0.0,100,100,13,Real Estate,Real Estate Services
MOHCY,Motor Oil (Hellas) Corinth Refineries S.A.,0.0,0.0,100,100,87,Energy,Oil & Gas Refining & Marketing
FNCNF,Fincantieri S.p.A.,-1.27,24.46,99,100,10,Industrials,Aerospace & Defense
HISEF,"Hisense Home Appliances Group Co., Ltd.",0.0,4.17,100,100,97,Consumer Cyclical,"Furnishings, Fixtures & Appliances"
CAI,"Caris Life Sciences, Inc.",3.21,-14.19,28,45,6,Health Care,Medical Specialities
TKC,Turkcell Iletisim Hizmetleri A.S.,0.37,-8.14,0,18,18,Telecommunications,Telecommunications Equipment
CHEOF,Cochlear Limited,0.41,5.15,87,79,10,Healthcare,Medical Devices
FFIN,"First Financial Bankshares, Inc.",-0.91,-1.5,49,61,53,Finance,Major Banks
DEXSF,DEXUS,0.0,-0.06,100,100,18,Real Estate,REIT - Office
LAZ,"Lazard, Inc.",3.15,1.52,35,55,15,Finance,Investment Managers
WHD,"Cactus, Inc.",18.5,27.13,100,100,76,Consumer Discretionary,Oil and Gas Field Machinery
FBIN,"Fortune Brands Innovations, Inc.",0.26,-8.98,16,50,44,Basic Materials,Forest Products
ORLA,Orla Mining Ltd.,5.59,-3.58,54,76,9,Basic Materials,Precious Metals
ACLS,"Axcelis Technologies, Inc.",11.74,-29.79,38,39,80,Technology,Industrial Machinery/Components
OCTV,Octave Intelligence plc,2.39,5.64,98,95,12,Technology,Computer Software: Prepackaged Software
CMZOF,"Corporación Moctezuma, S.A.B. de C.V.",0.0,0.0,100,100,99,Basic Materials,Building Materials
PI,"Impinj, Inc.",5.88,2.7,100,100,42,Technology,Industrial Machinery/Components
SKBNF,Shikun & Binui Ltd.,0.0,0.0,100,100,91,Industrials,Engineering & Construction
MIR,"Mirion Technologies, Inc.",1.85,-17.14,1,0,5,Industrials,Industrial Machinery/Components
BKEAF,"The Bank of East Asia, Limited",0.0,26.95,93,89,58,Financial Services,Banks - Regional
REYN,Reynolds Consumer Products Inc.,-1.71,-6.89,0,34,69,Consumer Discretionary,Containers/Packaging
DNPUF,"Sumitomo Pharma Co., Ltd.",0.0,-10.63,13,39,10,Healthcare,Drug Manufacturers - Specialty & Generic
TTCIF,Titan S.A.,0.0,1.82,100,100,60,Basic Materials,Building Materials
RDN,Radian Group Inc.,-2.27,2.89,61,63,60,Finance,Property-Casualty Insurers
CSW,"CSW Industrials, Inc.",14.96,14.69,100,100,60,Industrials,Home Furnishings
NGXXF,NGEx Minerals Ltd.,1.26,5.12,77,85,47,Basic Materials,Other Industrial Metals & Mining
SAIC,Science Applications International Corporation,-1.1,10.08,48,57,66,Technology,EDP Services
AIR,AAR Corp.,3.01,-2.3,85,84,91,Industrials,Aerospace
MONDY,Mondi plc,13.02,30.51,100,100,38,Basic Materials,Paper & Paper Products
SHC,Sotera Health Company,1.83,0.56,70,81,65,Health Care,Misc Health and Biotechnology Services
KNF,Knife River Corporation,-4.16,-11.85,0,0,26,Industrials,Mining & Quarrying of Nonmetallic Minerals (No Fuels)
FLIDY,FLSmidth & Co. A/S,0.0,12.9,88,82,37,Industrials,Specialty Industrial Machinery
ACIW,"ACI Worldwide, Inc.",-4.14,9.82,49,54,80,Technology,Computer Software: Prepackaged Software
NPIFF,Northland Power Inc.,1.83,-1.08,85,84,28,Utilities,Utilities - Renewable
KBR,"KBR, Inc.",-4.34,-0.87,8,26,15,Industrials,Military/Government/Technical
MAUTF,Montage Gold Corp.,4.09,4.96,98,100,96,Basic Materials,Gold
MDU,"MDU Resources Group, Inc.",-0.2,-3.57,0,36,37,Industrials,Mining & Quarrying of Nonmetallic Minerals (No Fuels)
PONY,Pony AI Inc.,3.66,8.92,100,100,3,Technology,EDP Services
MCARY,"Mercari, Inc.",1.92,20.72,78,81,87,Consumer Cyclical,Internet Retail
LIMAF,Linamar Corporation,0.38,5.27,89,82,81,Consumer Cyclical,Auto Parts
MRVGF,Mirvac Group,0.0,0.0,100,100,21,Real Estate,REIT - Diversified
EPR,EPR Properties,0.13,10.86,85,80,71,Real Estate,Real Estate Investment Trusts
PFSI,"PennyMac Financial Services, Inc.",-11.82,-10.56,0,0,7,Finance,Finance: Consumer Services
HNGE,"Hinge Health, Inc.",1.42,-11.71,4,7,95,Technology,EDP Services
TCBI,"Texas Capital Bancshares, Inc.",0.33,-5.55,0,29,47,Finance,Major Banks
MAT,"Mattel, Inc.",-1.04,10.7,85,81,19,Consumer Discretionary,Recreational Games/Products/Toys
NRSDY,Nordic Semiconductor ASA,0.0,-6.91,24,51,50,Technology,Semiconductors
VVV,Valvoline Inc.,-3.18,0.63,32,49,63,Industrials,Major Chemicals
PVH,PVH Corp.,-1.51,14.79,81,78,55,Industrials,Garments and Clothing
JTKWY,Just Eat Takeaway.com N.V.,0.0,4.0,59,75,18,,
BCO,The Brink's Company,-3.48,18.92,73,71,54,Industrials,Integrated Freight & Logistics
WING,Wingstop Inc.,-3.66,-23.22,1,10,3,Consumer Discretionary,Restaurants
AXXTF,Axiata Group Berhad,0.0,0.0,100,100,19,Communication Services,Telecom Services
FHI,"Federated Hermes, Inc.",-1.02,7.5,66,67,62,Finance,Investment Managers
PLNT,"Planet Fitness, Inc.",-0.37,6.24,84,79,5,Consumer Discretionary,Hotels/Resorts
TNL,Travel + Leisure Co.,-3.27,-0.03,43,52,68,Consumer Discretionary,Hotels/Resorts
APEMY,Aperam S.A.,0.0,14.56,89,84,86,Basic Materials,Steel
HKMPY,Hikma Pharmaceuticals PLC,0.0,5.51,85,80,40,Healthcare,Drug Manufacturers - Specialty & Generic
RXO,"RXO, Inc.",-7.72,-25.85,0,0,70,Consumer Discretionary,Transportation Services
RELY,"Remitly Global, Inc.",0.69,2.18,36,56,83,Consumer Discretionary,Business Services
LBTYA,Liberty Global Ltd.,-0.85,-7.61,47,63,28,Telecommunications,Cable & Other Pay Television Services
KKKUF,"Kakaku.com, Inc.",0.0,9.86,86,81,90,Communication Services,Internet Content & Information
SOOBF,Sapporo Breweries Limited,0.0,14.92,100,100,1,Consumer Defensive,Beverages - Brewers
SLMBP,SLM Corporation,-0.15,0.63,63,68,42,Finance,Finance: Consumer Services
TWST,Twist Bioscience Corporation,6.86,-10.68,37,61,97,Health Care,Biotechnology: Biological Products (No Diagnostic Substances)
TDS,"Telephone and Data Systems, Inc.",-1.09,-9.46,18,50,11,Telecommunications,Telecommunications Equipment
FULT,Fulton Financial Corporation,-0.49,-0.49,60,64,77,Finance,Major Banks
GNNSF,Genscript Biotech Corporation,0.0,25.0,100,100,61,Healthcare,Biotechnology
FMCCK,Federal Home Loan Mortgage Corporation,1.96,-13.62,34,50,5,Financial Services,Mortgage Finance
FMCCI,Federal Home Loan Mortgage Corporation,-1.02,-8.21,56,72,6,Financial Services,Mortgage Finance
FMCC,Federal Home Loan Mortgage Corporation,0.36,-5.28,59,75,8,Financial Services,Mortgage Finance
FMCKK,Federal Home Loan Mortgage Corporation PFD,1.21,-10.36,32,51,6,Unknown,Unknown
FMCKM,Federal Home Loan Mortgage Corporation,5.77,-5.64,68,90,8,Financial Services,Mortgage Finance
FMCCO,Federal Home Loan Mortgage Corporation,0.0,-12.62,18,35,4,Financial Services,Mortgage Finance
FMCCL,Federal Home Loan Mortgage Corporation,3.01,-10.32,31,51,5,Financial Services,Mortgage Finance
ITVPY,ITV plc,0.39,-6.73,55,77,35,Communication Services,Broadcasting
SRAD,Sportradar Group AG,-1.67,-2.78,28,51,13,Technology,Computer Software: Programming Data Processing
NCTKF,Nabtesco Corporation,0.0,-12.02,0,0,79,Industrials,Specialty Industrial Machinery
WPP,WPP plc,-5.41,25.75,72,71,33,Consumer Discretionary,Advertising
JGCCY,JGC Holdings Corporation,0.0,-24.06,5,18,75,Industrials,Engineering & Construction
NCTKY,Nabtesco Corporation,2.4,-19.17,2,0,44,Industrials,Specialty Industrial Machinery
NINOF,Nikon Corporation,0.0,-1.81,100,100,1,Consumer Cyclical,Leisure
ESYJY,easyJet plc,0.61,10.75,51,63,89,Industrials,Airlines
OPLN,"OPENLANE, Inc.",0.17,0.77,77,70,88,Consumer Discretionary,Retail-Auto Dealers and Gas Stations
BBWI,"Bath & Body Works, Inc.",1.27,-10.82,25,54,22,Consumer Discretionary,Clothing/Shoe/Accessory Stores
LMGIF,Lumine Group Inc.,-1.26,13.61,84,79,19,Technology,Software - Application
PII,Polaris Inc.,1.35,5.35,44,53,48,Consumer Discretionary,Industrial Specialties
RUM,RUM Group Inc.,4.24,-6.05,32,59,15,Technology,Computer Software: Programming Data Processing
GCWOF,"GCC, S.A.B. de C.V.",0.0,0.61,58,66,52,Basic Materials,Building Materials
USAC,"USA Compression Partners, LP",2.67,2.11,80,94,52,Utilities,Natural Gas Distribution
NDGPY,Nine Dragons Paper (Holdings) Limited,0.0,10.39,87,82,78,Basic Materials,Paper & Paper Products
SEZL,Sezzle Inc.,1.58,-11.46,2,5,96,Finance,Finance: Consumer Services
KTB,"Kontoor Brands, Inc.",-1.57,0.04,21,45,76,Industrials,Garments and Clothing
GCPEF,GCL Technology Holdings Limited,0.0,0.0,51,64,3,Technology,Solar
MWA,"Mueller Water Products, Inc.",-0.87,-0.64,38,54,25,Industrials,Metal Fabrications
BBAR,Banco BBVA Argentina S.A.,4.99,2.22,48,76,79,Finance,Commercial Banks
LRN,"Stride, Inc.",-14.98,-6.21,6,17,10,Real Estate,Other Consumer Services
CRK,"Comstock Resources, Inc.",0.71,-13.49,14,28,4,Energy,Oil & Gas Production
HLPMF,HELLENiQ ENERGY Holdings S.A.,15.94,29.05,100,100,92,Energy,Oil & Gas Refining & Marketing
VEON,VEON Ltd.,4.37,0.92,72,100,40,Telecommunications,Telecommunications Equipment
SNPHY,"Santen Pharmaceutical Co., Ltd.",-0.84,-13.35,7,18,50,Healthcare,Drug Manufacturers - General
TTVSY,TTVSY,5.91,10.62,100,100,15,Technology,Software - Application
QLYS,"Qualys, Inc.",4.87,-1.21,27,39,79,Technology,Computer Software: Prepackaged Software
BELFB,Bel Fuse Inc.,4.53,-20.31,17,28,85,Technology,Electronic Components
NPSKY,NSK Ltd.,0.0,-4.65,6,28,55,Consumer Cyclical,Auto Parts
WYNMF,"Wynn Macau, Limited",0.0,10.61,90,84,27,Consumer Cyclical,Resorts & Casinos
ATMU,Atmus Filtration Technologies Inc.,2.34,4.01,44,55,39,Consumer Discretionary,Auto Parts:O.E.M.
INDB,Independent Bank Corp.,-0.64,-0.73,56,63,68,Finance,Major Banks
MRX,Marex Group Limited,4.4,1.07,63,93,93,Finance,Investment Bankers/Brokers/Service
WYNMY,"Wynn Macau, Limited",0.0,12.85,89,83,27,Consumer Cyclical,Resorts & Casinos
HAFN,Hafnia Limited,1.45,17.23,98,88,73,Consumer Discretionary,Transportation Services
GPI,"Group 1 Automotive, Inc.",-17.11,3.53,12,22,9,Consumer Discretionary,Retail-Auto Dealers and Gas Stations
NG,NovaGold Resources Inc.,4.84,0.0,72,90,10,Basic Materials,Precious Metals
EE,"Excelerate Energy, Inc.",2.58,0.63,34,67,80,Utilities,Oil/Gas Transmission
ARIS,Aris Mining Corporation,2.52,-2.53,32,49,66,Basic Materials,Gold
BOX,"Box, Inc.",-4.1,13.26,64,64,58,Technology,Computer Software: Prepackaged Software
KNSA,"Kiniksa Pharmaceuticals International, plc",-3.36,24.35,81,79,96,Health Care,Biotechnology: Pharmaceutical Preparations
EDVGF,Endeavour Group Limited,0.0,0.0,100,100,23,Consumer Defensive,Beverages - Wineries & Distilleries
STUB,"StubHub Holdings, Inc.",-0.12,-33.75,5,6,8,Consumer Discretionary,Services-Misc. Amusement & Recreation
PEYUF,Peyto Exploration & Development Corp.,-0.65,9.0,80,77,58,Energy,Oil & Gas E&P
PALAF,Paladin Energy Ltd,3.87,-0.92,41,53,32,Energy,Uranium
FG,"F&G Annuities & Life, Inc.",-1.29,6.82,31,49,37,Finance,Life Insurance
SA,Seabridge Gold Inc.,6.46,2.95,81,100,61,Basic Materials,Precious Metals
ITRI,"Itron, Inc.",-3.4,17.0,67,67,29,Industrials,Electrical Products
SEYMF,"Solaria Energía y Medio Ambiente, S.A.",0.0,0.0,100,100,97,Utilities,Utilities - Renewable
PIFMF,PT Indofood Sukses Makmur Tbk,0.0,-2.38,47,64,13,Consumer Defensive,Packaged Foods
BBAJF,"Banco del Bajío, S.A., Institución de Banca Múltiple",0.0,6.45,100,100,1,Financial Services,Banks - Regional
AAP,"Advance Auto Parts, Inc.",-3.83,-10.43,51,61,42,Consumer Discretionary,Auto & Home Supply Stores
ADOOY,PT Alamtri Resources Indonesia Tbk,0.0,7.88,88,83,63,Energy,Thermal Coal
NINOY,Nikon Corporation,-2.74,-16.55,0,0,43,Consumer Cyclical,Leisure
FSRPF,Frasers Property Limited,-3.84,-3.84,0,73,47,Real Estate,Real Estate - Diversified
HEGIY,Hengan International Group Company Limited,2.27,18.36,100,95,36,Consumer Defensive,Household & Personal Products
ZLDPY,Zealand Pharma A/S,0.0,9.79,100,100,15,Healthcare,Biotechnology
BHFAN,"Brighthouse Financial, Inc.",0.26,-5.41,21,52,19,Finance,Life Insurance
BHFAP,"Brighthouse Financial, Inc.",0.22,-5.89,19,49,20,Finance,Life Insurance
AFLYY,Air France-KLM SA,4.51,-6.71,47,62,71,Industrials,Airlines
HIMX,"Himax Technologies, Inc.",7.73,-11.94,19,18,80,Technology,Semiconductors
DRXGY,Drax Group plc,0.0,-14.68,0,0,21,Utilities,Utilities - Renewable
AFRAF,Air France-KLM SA,0.0,10.16,81,80,71,Industrials,Airlines
RGRNF,Regis Resources Limited,0.0,9.29,81,85,47,Basic Materials,Gold
WGXRF,Westgold Resources Limited,1.63,3.69,87,86,46,Basic Materials,Gold
JPSWY,"The Japan Steel Works, Ltd.",2.63,-5.26,25,41,8,Industrials,Specialty Industrial Machinery
INFQ,"Infleqtion, Inc.",13.02,-22.82,31,40,6,Technology,EDP Services
ORKA,"Oruka Therapeutics, Inc.",11.12,4.9,100,100,98,Health Care,Biotechnology: In Vitro & In Vivo Diagnostic Substances
IIJIY,Internet Initiative Japan Inc.,1.85,20.3,100,91,84,Communication Services,Telecom Services
OGN,Organon & Co.,0.07,0.15,58,65,86,Health Care,Biotechnology: Pharmaceutical Preparations
DLO,DLocal Limited,2.6,2.04,91,92,63,Consumer Discretionary,Business Services
PBMRY,PT Bumi Resources Tbk,0.0,0.0,51,64,52,Energy,Thermal Coal
ARX,Accelerant Holdings,-9.68,-12.77,0,0,8,Finance,Specialty Insurers
ANF,Abercrombie & Fitch Co.,-2.18,8.6,78,75,64,Consumer Discretionary,Clothing/Shoe/Accessory Stores
APLE,"Apple Hospitality REIT, Inc.",-1.19,0.79,56,61,87,Real Estate,Real Estate Investment Trusts
FIZZ,National Beverage Corp.,-1.93,14.41,73,72,32,Consumer Staples,Beverages (Production/Distribution)
ARCVF,Arcadis NV,-3.23,21.28,78,76,43,Industrials,Engineering & Construction
BRCTF,BioArctic AB (publ),0.0,-9.2,30,74,63,Healthcare,Biotechnology
SMG,The Scotts Miracle-Gro Company,-2.87,-0.38,51,57,60,Industrials,Agricultural Chemicals
GBDC,"Golub Capital BDC, Inc.",0.31,0.0,47,68,31,Finance,Finance: Consumer Services
ASO,"Academy Sports and Outdoors, Inc.",-1.47,2.33,66,68,22,Consumer Discretionary,Other Specialty Stores
MMTOY,Mitsubishi Motors Corporation,0.0,0.0,100,100,21,Consumer Cyclical,Auto Manufacturers
SKYW,"SkyWest, Inc.",-1.28,10.08,71,71,64,Consumer Discretionary,Air Freight/Delivery Services
BEAM,Beam Therapeutics Inc.,1.81,-20.88,11,12,36,Health Care,Biotechnology: Biological Products (No Diagnostic Substances)
ICUI,"ICU Medical, Inc.",1.11,13.42,95,86,85,Health Care,Medical/Dental Instruments
CLZNY,Clariant AG,10.52,8.72,100,100,61,Basic Materials,Specialty Chemicals
HTWSF,Helios Towers plc,4.56,5.72,100,100,81,Communication Services,Telecom Services
SXI,Standex International Corporation,4.66,-17.57,17,12,79,Industrials,Industrial Machinery/Components
CVI,"CVR Energy, Inc.",9.99,32.91,100,100,76,Energy,Integrated oil Companies
WSBCO,"WesBanco, Inc.",0.04,1.31,60,66,42,Finance,Major Banks
GPK,Graphic Packaging Holding Company,-3.27,3.3,57,62,14,Consumer Discretionary,Containers/Packaging
CSQ,Calamos Strategic Total Return Fund,2.46,-2.41,32,80,52,Finance,Finance Companies
BTU,Peabody Energy Corporation,2.79,-3.6,8,0,15,Energy,Coal Mining
SNYYF,Sany Heavy Equipment International Holdings Company Limited,0.0,9.42,88,83,8,Industrials,Farm & Heavy Construction Machinery
CAKE,The Cheesecake Factory Incorporated,0.17,27.21,94,90,94,Consumer Discretionary,Restaurants
PEGRY,Pennon Group Plc,2.12,5.76,88,89,25,Utilities,Utilities - Regulated Water
AAUC,Allied Gold Corporation,4.76,-24.76,7,4,12,Basic Materials,Gold
MMS,"Maximus, Inc.",-4.01,12.65,60,62,12,Consumer Discretionary,Business Services
UPST,"Upstart Holdings, Inc.",1.65,-24.34,0,2,4,Finance,Finance: Consumer Services
FFBC,First Financial Bancorp.,-0.09,-2.54,23,57,79,Finance,Major Banks
CLCMF,Sinch AB (publ),0.0,0.0,25,85,80,Communication Services,Telecom Services
THYCY,Taiheiyo Cement Corporation,0.0,-8.5,0,0,36,Basic Materials,Building Materials
TDC,Teradata Corporation,-0.23,-11.32,33,42,74,Technology,Computer Software: Prepackaged Software
CNALF,CNALF,-0.44,5.78,29,17,91,,
PRMRY,Paramount Resources Ltd.,0.0,1.18,100,100,38,Energy,Oil & Gas E&P
TNGX,"Tango Therapeutics, Inc.",6.65,-4.04,30,34,98,Health Care,Biotechnology: Pharmaceutical Preparations
BATRK,"Atlanta Braves Holdings, Inc.",-0.8,-1.65,37,55,64,Consumer Discretionary,Services-Misc. Amusement & Recreation
ERO,Ero Copper Corp.,7.0,5.17,100,100,73,Basic Materials,Metal Mining
TLX,Telix Pharmaceuticals Limited,-0.4,-15.03,2,4,29,Health Care,Biotechnology: Pharmaceutical Preparations
HSAI,Hesai Group,1.35,-9.22,73,87,7,Industrials,Industrial Machinery/Components
VC,Visteon Corporation,-1.56,6.1,56,57,37,Consumer Discretionary,Auto Parts:O.E.M.
CZGZF,Colt CZ Group SE,0.0,176.89,100,100,98,Industrials,Aerospace & Defense
CRVL,CorVel Corporation,-4.43,-7.75,18,32,18,Finance,Specialty Insurers
CGNMF,CGN Mining Company Limited,0.0,-13.72,10,14,7,Energy,Uranium
UNFI,"United Natural Foods, Inc.",-0.86,8.87,77,74,80,Consumer Discretionary,Food Distributors
TENB,"Tenable Holdings, Inc.",3.4,-14.12,11,14,82,Technology,Computer Software: Prepackaged Software
PRK,Park National Corporation,-2.55,10.69,75,73,80,Finance,Major Banks
VTMX,"Corporación Inmobiliaria Vesta, S.A.B. de C.V.",-0.72,0.45,61,66,54,Finance,Real Estate
KURRY,"Kuraray Co., Ltd.",0.0,2.39,71,71,30,Basic Materials,Chemicals
YAMCF,Yamaha Corporation,0.0,0.0,51,64,31,Consumer Cyclical,Leisure
EQGPF,EQB Inc.,2.95,8.53,68,90,80,Financial Services,Banks - Regional
BXMT,"Blackstone Mortgage Trust, Inc.",-8.72,-11.73,0,0,13,Real Estate,Real Estate Investment Trusts
GRAL,"GRAIL, Inc.",12.14,4.45,65,92,81,Health Care,Medical Specialities
BKD,Brookdale Senior Living Inc.,-1.62,-7.59,34,55,85,Health Care,Hospital/Nursing Management
BGSI,Boyd Group Services Inc.,-6.24,7.88,48,54,7,Consumer Cyclical,Auto & Truck Dealerships
WLHSF,WLHSF,0.0,0.0,100,100,99,Industrials,Marine Shipping
ULVAF,"ULVAC, Inc.",0.0,19.32,100,100,1,Industrials,Specialty Industrial Machinery
JSGRY,LIXIL Corporation,0.0,2.67,82,78,45,Industrials,Building Products & Equipment
HYPMY,Hypera S.A.,1.71,2.97,100,87,21,Healthcare,Drug Manufacturers - Specialty & Generic
EFXT,Enerflex Ltd.,4.45,-6.36,21,30,90,Industrials,Industrial Machinery/Components
APAM,Artisan Partners Asset Management Inc.,-1.69,16.75,76,74,38,Finance,Investment Managers
VGPBF,VGP NV,2.08,-0.35,100,100,22,Real Estate,Real Estate Services
AWR,American States Water Company,-2.16,3.14,54,60,64,Utilities,Water Supply
MITFY,Mitie Group plc,0.82,39.37,96,93,82,Industrials,Specialty Business Services
WRBY,Warby Parker Inc.,-0.04,-11.41,35,53,63,Health Care,Ophthalmic Goods
BCCLF,"Becle, S.A.B. de C.V.",0.56,11.11,91,85,13,Consumer Defensive,Beverages - Wineries & Distilleries
TTAM,Titan America SA,-0.38,-13.53,0,0,39,Industrials,Mining & Quarrying of Nonmetallic Minerals (No Fuels)
LFST,"LifeStance Health Group, Inc.",-1.1,-6.04,27,51,95,Health Care,Medical/Nursing Services
JNPKF,Jenoptik AG,0.0,-23.64,5,9,91,Technology,Electronic Components
KALU,Kaiser Aluminum Corporation,5.47,-13.17,21,35,87,Industrials,Metal Fabrications
CSAN,Cosan S.A.,3.27,11.66,100,100,8,Consumer Discretionary,Retail-Auto Dealers and Gas Stations
BANC,"Banc of California, Inc.",1.34,-8.37,0,0,51,Finance,Major Banks
BKFKF,P/F Bakkafrost,0.0,12.24,90,84,37,Consumer Defensive,Farm Products
TE,T1 Energy Inc.,14.78,-53.49,10,10,81,Miscellaneous,Industrial Machinery/Components
ADEA,Adeia Inc.,9.59,-20.81,33,36,80,Technology,Computer Software: Prepackaged Software
TNIPF,TNIPF,7.05,17.26,56,59,61,Unknown,Unknown
SGAMY,Sega Sammy Holdings Inc.,1.82,26.91,100,95,49,Communication Services,Electronic Gaming & Multimedia
LYSFF,Lerøy Seafood Group ASA,0.0,0.0,51,64,18,Consumer Defensive,Packaged Foods
EXG,Eaton Vance Tax-Managed Global Diversified Equity Income Fund,2.1,0.47,100,83,55,Finance,Finance Companies
SMIZF,"Meliá Hotels International, S.A.",0.0,0.0,51,64,80,Consumer Cyclical,Lodging
WT,"WisdomTree, Inc.",3.07,6.76,33,57,79,Finance,Investment Bankers/Brokers/Service
BKV,BKV Corporation,3.26,-11.51,15,13,25,Energy,Oil & Gas Production
RMTHF,Matrix IT Ltd.,-6.31,-4.22,0,16,11,Technology,Information Technology Services
HTGC,"Hercules Capital, Inc.",-0.19,0.13,59,67,32,Finance,Investment Managers
QNTQF,QinetiQ Group plc,0.0,16.09,90,85,36,Industrials,Aerospace & Defense
NHC,National HealthCare Corporation,0.14,7.64,87,81,95,Health Care,Hospital/Nursing Management
TROLB,"Tootsie Roll Industries, Inc.",0.0,0.0,51,64,38,Consumer Defensive,Confectioners
BOSSY,Hugo Boss AG,0.0,0.0,51,64,26,Consumer Cyclical,Apparel Manufacturing
WOLF,"Wolfspeed, Inc.",18.59,-46.61,17,17,38,Technology,Semiconductors
EOSE,"Eos Energy Enterprises, Inc.",14.97,-34.95,21,21,1,Miscellaneous,Industrial Machinery/Components
TCAPF,TP ICAP Group PLC,0.0,0.0,100,100,77,Financial Services,Capital Markets
JPC,Nuveen Preferred & Income Opportunities Fund,-0.13,-1.38,0,54,36,Finance,Investment Managers
PENG,"Penguin Solutions, Inc.",17.69,-25.26,20,20,97,Technology,Semiconductors
UE,Urban Edge Properties,-0.74,0.75,37,61,62,Finance,Real Estate
VBVBF,Verbio SE,0.0,0.0,100,100,97,Basic Materials,Specialty Chemicals
PARR,"Par Pacific Holdings, Inc.",3.42,46.11,100,100,96,Energy,Oil & Gas Production
NN,NextNav Inc.,2.36,-24.39,20,25,16,Industrials,Industrial Machinery/Components
RH,RH,-5.64,1.32,22,37,35,Consumer Discretionary,Other Specialty Stores
AZLGY,AZLGY,0.0,0.0,100,100,12,Basic Materials,Specialty Chemicals
GPCR,Structure Therapeutics Inc.,4.48,-5.08,37,49,91,Health Care,Biotechnology: Pharmaceutical Preparations
FRSH,Freshworks Inc.,-3.01,8.17,73,69,55,Technology,Computer Software: Prepackaged Software
STNE,StoneCo Ltd.,4.29,4.0,100,100,24,Technology,EDP Services
AMBBY,Ambu A/S,0.0,11.96,88,83,13,Healthcare,Medical Devices
NYAX,Nayax Ltd.,-2.04,-1.67,53,67,73,Technology,Computer Software: Prepackaged Software
BWIN,"The Baldwin Insurance Group, Inc.",-5.42,-0.82,46,48,46,Finance,Specialty Insurers
CCC,CCC Intelligent Solutions Holdings Inc.,0.17,12.64,79,84,21,Technology,Computer Software: Prepackaged Software
SHAK,Shake Shack Inc.,0.03,11.06,90,85,3,Consumer Discretionary,Restaurants
ELALF,El Al Israel Airlines Ltd.,0.0,5.49,78,100,74,Industrials,Airlines
PASTF,OPmobility SE,0.0,0.0,100,100,82,Consumer Cyclical,Auto Parts
FPLSF,5N Plus Inc.,3.03,-27.82,4,2,92,Basic Materials,Specialty Chemicals
DK,"Delek US Holdings, Inc.",4.3,27.42,100,100,96,Energy,Integrated oil Companies
CURLF,"Curaleaf Holdings, Inc.",4.55,-16.92,14,9,74,Healthcare,Drug Manufacturers - Specialty & Generic
FBK,FB Financial Corporation,0.69,6.26,89,82,59,Finance,Major Banks
EOGSF,Emerald Resources NL,0.0,-4.99,100,100,41,Basic Materials,Gold
QUBT,Quantum Computing Inc.,9.86,-14.95,33,43,7,Technology,Computer Software: Prepackaged Software
RLAY,"Relay Therapeutics, Inc.",5.88,9.52,53,91,98,Health Care,Biotechnology: Biological Products (No Diagnostic Substances)
WLWHY,Woolworths Holdings Limited,0.0,-13.64,0,1,15,Consumer Cyclical,Department Stores
CECO,CECO Environmental Corp.,9.56,-23.39,21,21,58,Industrials,Pollution Control Equipment
MGRC,McGrath RentCorp,-1.71,-3.68,34,53,30,Consumer Discretionary,Diversified Commercial Services
APELY,"Alps Alpine Co., Ltd.",-1.03,1.64,71,73,38,Technology,Electronic Components
SMGBF,San Miguel Corporation,0.0,0.0,51,64,16,Industrials,Conglomerates
SMTGY,SMA Solar Technology AG,0.0,11.05,62,80,95,Technology,Solar
LCII,LCI Industries,-3.66,0.6,37,50,24,Consumer Discretionary,Auto Parts:O.E.M.
WRD,WeRide Inc.,2.94,4.2,83,97,5,Technology,EDP Services
PLBL,Polibeli Group Ltd,-8.42,-41.13,0,0,3,Consumer Discretionary,Consumer Electronics/Appliances
WAFD,"WaFd, Inc.",-0.57,-6.69,0,37,64,Finance,Major Banks
CESDF,CES Energy Solutions Corp.,-3.89,-6.22,44,54,84,Energy,Oil & Gas Equipment & Services
SAH,"Sonic Automotive, Inc.",-10.94,20.82,54,56,90,Consumer Discretionary,Retail-Auto Dealers and Gas Stations
UTF,"Cohen & Steers Infrastructure Fund, Inc",0.61,2.89,72,73,58,Finance,Finance Companies
PAGS,PagSeguro Digital Ltd.,3.14,8.73,100,99,39,Technology,EDP Services
AEMFF,AEM Holdings Ltd.,0.0,-14.07,27,43,99,Technology,Semiconductor Equipment & Materials
TRN,"Trinity Industries, Inc.",-6.49,2.17,20,31,74,Industrials,Railroads
AAMI,Acadian Asset Management Inc.,3.86,16.63,100,100,93,Finance,Investment Managers
IFMNF,Dentsu Soken Inc.,0.0,0.0,100,100,98,Technology,Information Technology Services
GDV,The Gabelli Dividend & Income Trust,0.54,1.49,68,70,54,Finance,Investment Managers
TARS,"Tarsus Pharmaceuticals, Inc.",1.74,-2.22,29,43,44,Health Care,Biotechnology: Biological Products (No Diagnostic Substances)
VERA,"Vera Therapeutics, Inc.",1.66,-22.53,0,0,45,Health Care,Biotechnology: Pharmaceutical Preparations
PPAAF,PT Perusahaan Gas Negara (Persero) Tbk,0.0,11.29,100,100,1,Utilities,Utilities - Regulated Gas
HUBG,"Hub Group, Inc.",-4.78,1.41,10,32,59,Industrials,Integrated Freight & Logistics
FRMEP,First Merchants Corporation,0.27,0.67,35,56,42,Finance,Major Banks
FRPT,"Freshpet, Inc.",-1.94,8.46,78,76,22,Consumer Staples,Packaged Foods
THUPY,Thule Group AB (publ),-0.13,8.47,83,78,16,Consumer Cyclical,Leisure
CEPU,Central Puerto S.A.,7.79,6.9,100,100,52,Utilities,Electric Utilities: Central
SMSOF,Samsonite Group S.A.,3.45,2.27,100,100,24,Consumer Cyclical,Footwear & Accessories
PENN,"PENN Entertainment, Inc.",-3.21,-4.51,30,50,73,Consumer Discretionary,Hotels/Resorts
CSPKY,COSCO SHIPPING Ports Limited,0.0,10.44,71,94,19,Industrials,Marine Shipping
SPNT,SiriusPoint Ltd.,-8.33,-0.38,0,17,61,Finance,Property-Casualty Insurers
KMT,Kennametal Inc.,-0.69,-0.89,21,42,57,Industrials,Industrial Machinery/Components
WFRSF,West African Resources Limited,0.0,-3.74,4,14,30,Basic Materials,Gold
WERN,"Werner Enterprises, Inc.",0.63,-15.56,0,0,65,Industrials,Trucking Freight/Courier Services
ICHR,"Ichor Holdings, Ltd.",20.43,-32.92,33,35,97,Technology,Semiconductors
NMRK,"Newmark Group, Inc.",1.28,-2.52,34,46,22,Finance,Real Estate
AERO,AERO,2.79,-11.98,23,39,16,Consumer Discretionary,Air Freight/Delivery Services
VVVNF,Vivendi SE,0.0,-15.99,35,49,10,Communication Services,Electronic Gaming & Multimedia
NIQ,NIQ,-4.93,18.3,68,68,12,Technology,Computer Software: Programming Data Processing
NESR,National Energy Services Reunited Corp.,8.32,-8.19,40,43,96,Energy,Oilfield Services/Equipment
TSRYY,Treasury Wine Estates Limited,0.58,9.15,92,86,27,Consumer Defensive,Beverages - Wineries & Distilleries
BBT,Beacon Financial Corporation,2.65,-0.75,89,92,60,Finance,Banks
NZF,Nuveen Municipal Credit Income Fund,0.33,-2.46,10,58,43,Finance,Finance Companies
TNK,Teekay Tankers Ltd.,-1.05,20.25,82,79,78,Consumer Discretionary,Marine Transportation
REMYY,Rémy Cointreau SA,-2.47,18.96,78,76,54,Consumer Defensive,Beverages - Wineries & Distilleries
AMSC,American Superconductor Corporation,10.55,-26.23,22,23,4,Consumer Discretionary,Metal Fabrications
HMSNF,Hammerson Plc,0.0,2.06,69,70,65,Real Estate,REIT - Retail
OXINF,Oxford Instruments plc,0.0,-5.59,43,100,79,Technology,Scientific & Technical Instruments
ANGGF,Angang Steel Company Limited,0.0,0.0,51,64,3,Basic Materials,Steel
AMBP,Ardagh Metal Packaging S.A.,-2.22,3.41,57,61,79,Industrials,Containers/Packaging
BOWFF,Boardwalk Real Estate Investment Trust,2.03,4.4,100,89,30,Real Estate,REIT - Residential
MTX,Minerals Technologies Inc.,-1.67,-1.72,35,55,60,Basic Materials,Major Chemicals
ENDTF,Canoe EIT Income Fund,0.16,4.96,79,75,57,Financial Services,Asset Management
ETY,Eaton Vance Tax-Managed Diversified Equity Income Fund,1.21,-1.8,7,66,30,Finance,Finance Companies
CLBEY,"Calbee, Inc.",0.0,6.9,87,81,37,Consumer Defensive,Packaged Foods
BIRDF,Bird Construction Inc.,3.23,2.49,30,42,96,Industrials,Engineering & Construction
ASAIY,Sendas Distribuidora S.A.,3.85,1.09,78,100,32,Consumer Defensive,Grocery Stores
SOTDF,Ströer SE & Co. KGaA,0.0,0.0,100,100,18,Communication Services,Advertising Agencies
LCLN,"Lincoln International, Inc.",-7.05,-16.54,0,0,20,Finance,Investment Managers
TMDX,"TransMedics Group, Inc.",-2.4,12.2,70,69,5,Health Care,Biotechnology: Electromedical & Electrotherapeutic Apparatus
AOZOY,"Aozora Bank, Ltd.",0.0,22.27,92,87,62,Financial Services,Banks - Regional
KYN,"Kayne Anderson Energy Infrastructure Fund, Inc.",1.12,6.04,61,78,66,Finance,Finance/Investors Services
BMRRY,B&M European Value Retail plc,0.0,21.25,91,86,81,Consumer Defensive,Discount Stores
NOG,"Northern Oil and Gas, Inc.",-0.95,18.68,78,83,13,Energy,Oil & Gas Production
AVVSY,AVVSY,6.44,-2.13,42,55,16,Industrials,Aerospace & Defense
DCO,Ducommun Incorporated,8.17,-3.58,87,98,94,Industrials,Military/Government/Technical
ABM,ABM Industries Incorporated,-3.57,7.57,59,62,58,Consumer Discretionary,Diversified Commercial Services
BYLOF,Big Yellow Group Plc,0.1,-1.11,61,74,19,Real Estate,REIT - Industrial
GNCGF,Greencore Group plc,0.0,27.67,93,88,30,Consumer Defensive,Packaged Foods
TCHBF,Tecan Group AG,0.0,13.96,100,100,78,Healthcare,Medical Instruments & Supplies
SOC,Sable Offshore Corp.,2.75,1.82,72,78,1,Energy,Oil & Gas Production
NTB,The Bank of N.T. Butterfield & Son Limited,1.3,2.44,91,80,79,Finance,Commercial Banks
GGGSF,Greggs plc,12.84,19.57,100,100,63,Consumer Cyclical,Restaurants
CPWHF,Ceres Power Holdings plc,17.72,-31.01,23,24,72,Industrials,Electrical Equipment & Parts
DROSY,DROSY,-18.35,-49.41,0,0,2,,
CXT,"Crane NXT, Co.",-0.77,-0.69,47,55,38,Industrials,Metal Fabrications
IMYSF,Imerys S.A.,0.0,-0.78,100,100,15,Basic Materials,Specialty Chemicals
GNNDY,GN Store Nord A/S,-0.83,9.13,79,77,21,Healthcare,Medical Devices
AEGXF,Aecon Group Inc.,2.02,0.84,2,0,88,Industrials,Engineering & Construction
EFSC,Enterprise Financial Services Corp,-0.36,-1.42,54,65,68,Finance,Major Banks
EXETF,Extendicare Inc.,-4.98,5.83,21,41,95,Healthcare,Medical Care Facilities
HTH,Hilltop Holdings Inc.,-0.38,0.03,70,70,63,Finance,Major Banks
BVNKF,Bavarian Nordic A/S,0.0,0.0,51,64,14,Healthcare,Biotechnology
NKTR,Nektar Therapeutics,1.09,10.96,70,83,93,Health Care,Biotechnology: Pharmaceutical Preparations
CENTA,Central Garden & Pet Company,-1.91,-1.78,51,58,69,Consumer Discretionary,Consumer Specialties
CTOS,"Custom Truck One Source, Inc.",2.06,-10.14,30,43,86,Consumer Discretionary,Diversified Commercial Services
ATEN,"A10 Networks, Inc.",4.07,-21.18,8,4,89,Telecommunications,Computer Communications Equipment
SIVEF,Sivers Semiconductors AB (publ),-8.78,-59.7,0,0,91,Technology,Semiconductors
MBINM,Merchants Bancorp,0.06,0.77,57,66,47,Finance,Major Banks
VERX,"Vertex, Inc.",-5.41,0.64,64,62,6,Technology,Computer Software: Prepackaged Software
PSNYW,Polestar Automotive Holding UK PLC,6.9,2.9,10,12,3,Industrials,Auto Manufacturing
WLY,"John Wiley & Sons, Inc.",-5.8,3.61,48,53,88,Consumer Discretionary,Books
FUN,Six Flags Entertainment Corporation,-3.54,-13.49,15,28,14,Consumer Discretionary,Services-Misc. Amusement & Recreation
BLBD,Blue Bird Corporation,3.15,-4.21,13,24,87,Consumer Discretionary,Construction/Ag Equipment/Trucks
BMRPF,B&M European Value Retail plc,0.0,13.32,89,84,70,Consumer Defensive,Discount Stores
ACPIF,Acen Corporation,0.0,0.0,100,100,1,Utilities,Utilities - Renewable
NGL,NGL Energy Partners LP,3.74,2.42,97,100,96,Utilities,Natural Gas Distribution
IE,Ivanhoe Electric Inc.,7.1,-0.74,91,100,5,Basic Materials,Metal Mining
CYD,China Yuchai International Limited,7.09,6.46,100,100,86,Industrials,Industrial Machinery/Components
RCAT,"Red Cat Holdings, Inc.",9.01,-30.05,14,13,4,Technology,Computer Software: Prepackaged Software
FLOC,FLOC,1.75,-4.55,47,70,30,Consumer Discretionary,Oil and Gas Field Machinery
BDGIF,Badger Infrastructure Solutions Ltd.,-3.59,-6.85,0,14,80,Industrials,Engineering & Construction
TNET,"TriNet Group, Inc.",2.05,34.74,100,96,86,Consumer Discretionary,Business Services
NEXT,NextDecade Corporation,6.15,-11.1,30,31,25,Utilities,Oil & Gas Production
SHLS,"Shoals Technologies Group, Inc.",12.09,-12.06,26,25,62,Technology,Semiconductors
SAMHF,Alleima AB (publ),0.0,0.0,100,100,94,Basic Materials,Steel
BAND,Bandwidth Inc.,5.09,-39.13,3,2,97,Technology,Computer Software: Prepackaged Software
DTNOF,DNO ASA,0.0,16.15,88,83,64,Energy,Oil & Gas E&P
CGGGF,Coats Group plc,-3.6,4.24,77,88,25,Consumer Cyclical,Textile Manufacturing
UTI,"Universal Technical Institute, Inc.",-2.39,-14.8,29,36,73,Real Estate,Other Consumer Services
HCM,HUTCHMED (China) Limited,-5.44,-0.09,0,28,7,Health Care,Biotechnology: Pharmaceutical Preparations
PCFBY,Pacific Basin Shipping Limited,0.0,29.2,93,89,80,Industrials,Marine Shipping
EERGF,Energean plc,0.0,15.96,100,100,25,Energy,Oil & Gas E&P
EVT,Eaton Vance Tax-Advantaged Dividend Income Fund,1.48,1.62,96,83,64,Finance,Finance Companies
KSRYY,KOSE Holdings Corporation,0.0,17.53,92,87,38,Consumer Defensive,Household & Personal Products
USAS,USAS,7.65,-16.88,21,30,20,Basic Materials,Metal Mining
ATEAY,Atea ASA,0.0,-9.55,63,100,57,Technology,Information Technology Services
EVCM,EverCommerce Inc.,0.17,13.99,92,87,43,Technology,Computer Software: Prepackaged Software
TYRA,"Tyra Biosciences, Inc.",6.27,12.41,100,100,93,Health Care,Biotechnology: Pharmaceutical Preparations
NFYEF,NFI Group Inc.,0.0,6.86,80,79,86,Consumer Cyclical,Auto Manufacturers
NTST,NETSTREIT Corp.,-1.51,2.42,50,56,61,Real Estate,Real Estate Investment Trusts
NVCR,NovoCure Limited,0.2,-3.49,0,9,76,Health Care,Medical/Dental Instruments
CKNHF,Clarkson PLC,0.0,8.42,68,76,62,Industrials,Marine Shipping
HCI,"HCI Group, Inc.",-0.75,1.89,71,68,63,Finance,Property-Casualty Insurers
FIGS,"FIGS, Inc.",-0.66,4.38,83,77,42,Consumer Discretionary,Apparel
PBATF,PT Bukit Asam (Persero) Tbk,0.0,0.0,100,100,1,Energy,Thermal Coal
DEI,"Douglas Emmett, Inc.",-1.79,-0.91,43,57,45,Real Estate,Real Estate Investment Trusts
TAVHY,TAV Havalimanlari Holding A.S.,-1.94,-6.69,53,63,18,Industrials,Airports & Air Services
SHWGY,Shandong Weigao Group Medical Polymer Company Limited,0.0,0.0,51,64,7,Healthcare,Medical Instruments & Supplies
OFG,OFG Bancorp,0.29,4.67,85,79,78,Finance,Major Banks
CYRBY,Cyrela Brazil Realty S.A. Empreendimentos e Participações,-6.54,-1.15,25,39,13,Consumer Cyclical,Residential Construction
ADDLF,AddLife AB (publ),0.0,0.0,100,100,1,Healthcare,Medical Instruments & Supplies
RBTEF,Robertet SA,0.0,-1.49,83,100,24,Basic Materials,Chemicals
RBSTF,RBSTF,2.89,-18.57,35,81,3,,
AMRC,"Ameresco, Inc.",11.62,-22.13,23,24,8,Consumer Discretionary,Engineering & Construction
NUV,"Nuveen Municipal Value Fund, Inc.",0.22,-0.84,57,66,43,Finance,Trusts Except Educational Religious and Charitable
PRKS,United Parks & Resorts Inc.,-2.19,-3.35,31,48,65,Health Care,Biotechnology: Electromedical & Electrotherapeutic Apparatus
WTSHF,Westshore Terminals Investment Corporation,0.0,17.31,88,87,87,Industrials,Marine Shipping
HMDCF,HUTCHMED (China) Limited,0.0,0.0,100,100,6,Healthcare,Drug Manufacturers - Specialty & Generic
NAC,Nuveen California Quality Municipal Income Fund,-0.08,-2.8,10,52,45,Finance,Investment Managers
SONO,"Sonos, Inc.",-17.64,7.69,23,30,37,Consumer Staples,Consumer Electronics/Appliances
LKFT,Lakefront Biotherapeutics NV,-0.29,-6.62,0,0,20,Health Care,Biotechnology: Pharmaceutical Preparations
ZSHGY,Zhongsheng Group Holdings Limited,12.29,-1.7,68,91,2,Consumer Cyclical,Auto & Truck Dealerships
OXFYY,OXFYY,0.0,-8.15,23,63,18,Healthcare,Biotechnology
ASTH,"Astrana Health, Inc.",0.47,-26.36,0,0,80,Consumer Discretionary,Professional Services
BVENY,BVENY,0.0,3.12,100,100,10,Energy,Oil & Gas E&P
SMA,"SmartStop Self Storage REIT, Inc.",-3.89,0.84,43,53,41,Real Estate,Real Estate Investment Trusts
SURRY,Sun Art Retail Group Limited,0.0,0.0,51,64,2,Consumer Cyclical,Department Stores
SGHIF,Shanghai Industrial Holdings Limited,0.0,-14.62,9,27,15,Industrials,Conglomerates
SAM,"The Boston Beer Company, Inc.",-0.94,4.32,79,76,12,Consumer Staples,Beverages (Production/Distribution)
ITMPF,ITM Power Plc,5.47,-21.97,13,10,69,Industrials,Specialty Industrial Machinery
KNEVF,KNEVF,0.0,-3.18,13,57,5,Financial Services,Asset Management
NRIX,"Nurix Therapeutics, Inc.",-0.08,-1.38,58,68,93,Health Care,Biotechnology: Pharmaceutical Preparations
ARCO,Arcos Dorados Holdings Inc.,-1.09,1.87,37,53,46,Consumer Discretionary,Restaurants
LAC,Lithium Americas Corp.,6.64,-24.54,13,11,3,Basic Materials,Metal Mining
TRVG,trivago N.V.,-1.83,-1.29,35,57,95,Technology,EDP Services
TINLF,Teijin Limited,0.0,0.0,100,100,1,Industrials,Conglomerates
SPB,"Spectrum Brands Holdings, Inc.",0.56,3.04,80,78,86,Miscellaneous,Industrial Machinery/Components
ONTTF,Oxford Nanopore Technologies plc,0.0,-12.94,16,19,9,Healthcare,Biotechnology
PLPC,Preformed Line Products Company,29.96,-6.37,100,100,92,Industrials,Water Sewer Pipeline Comm & Power Line Construction
NVAX,"Novavax, Inc.",1.36,-21.35,3,0,21,Health Care,Biotechnology: Biological Products (No Diagnostic Substances)
NMRSF,NMRSF,0.0,4.47,100,100,99,Industrials,Aerospace & Defense
RQI,"Cohen & Steers Quality Income Realty Fund, Inc.",-0.87,2.6,64,67,44,Finance,Trusts Except Educational Religious and Charitable
SKWD,"Skyward Specialty Insurance Group, Inc.",-4.24,0.6,52,55,80,Finance,Property-Casualty Insurers
HUPHY,Hutchison Port Holdings Trust,0.0,-6.82,55,99,28,Industrials,Marine Shipping
NKRKY,Nokian Renkaat Oyj,1.15,29.31,98,92,93,Consumer Cyclical,Auto Parts
MBC,"MasterBrand, Inc.",-3.89,-18.34,0,8,9,Consumer Discretionary,Home Furnishings
BOBS,"Bob's Discount Furniture, Inc.",-2.55,1.42,73,71,70,Consumer Discretionary,Other Specialty Stores
NPPNY,"Nippon Shinyaku Co., Ltd.",0.0,1.83,100,100,21,Healthcare,Drug Manufacturers - Specialty & Generic
ASCLF,Ascletis Pharma Inc.,0.0,-11.11,6,15,7,Healthcare,Biotechnology
GTBIF,Green Thumb Industries Inc.,1.89,-7.89,21,49,31,Healthcare,Drug Manufacturers - Specialty & Generic
ELVR,Elevra Lithium Limited,2.58,-19.68,3,0,83,Industrials,Mining & Quarrying of Nonmetallic Minerals (No Fuels)
LOB,"Live Oak Bancshares, Inc.",-0.59,1.6,70,69,69,Finance,Major Banks
KRP,"Kimbell Royalty Partners, LP",-0.14,1.72,50,68,52,Energy,Oil & Gas Production
AGRO,Adecoagro S.A.,4.63,7.17,43,60,31,Consumer Staples,Farming/Seeds/Milling
SGRY,"Surgery Partners, Inc.",-3.11,-4.22,44,59,26,Health Care,Hospital/Nursing Management
GLOB,Globant S.A.,-4.61,15.93,74,73,4,Technology,EDP Services
PAYO,Payoneer Global Inc.,0.56,0.99,70,71,75,Consumer Discretionary,Business Services
STGW,Stagwell Inc.,5.07,12.01,100,100,89,Consumer Discretionary,Advertising
STRA,"Strategic Education, Inc.",-2.9,7.44,74,71,48,Real Estate,Other Consumer Services
VLXGF,Volex plc,-4.69,-10.16,24,64,56,Industrials,Electrical Equipment & Parts
PEB,Pebblebrook Hotel Trust,-2.75,0.65,54,59,92,Real Estate,Real Estate Investment Trusts
CNXC,Concentrix Corporation,-6.25,3.71,68,68,8,Technology,Computer Software: Prepackaged Software
MTASF,MTASF,0.0,14.67,100,100,20,Industrials,Aerospace & Defense
MQ,"Marqeta, Inc.",-3.87,6.2,70,69,25,Technology,Computer Software: Prepackaged Software
LPG,Dorian LPG Ltd.,1.18,34.52,98,93,92,Consumer Discretionary,Marine Transportation
TILE,"Interface, Inc.",0.84,-5.95,51,73,78,Consumer Discretionary,Home Furnishings
NVRI,Enviri Corporation,0.09,-4.35,45,61,91,Miscellaneous,Diversified Commercial Services
ADUS,Addus HomeCare Corporation,-2.06,14.11,73,72,57,Health Care,Medical/Nursing Services
HTZ,"Hertz Global Holdings, Inc.",-0.9,-24.77,0,0,1,Consumer Discretionary,Rental/Leasing Companies
UFPT,"UFP Technologies, Inc.",-0.02,-5.08,63,81,73,Health Care,Medical/Dental Instruments
VCEL,Vericel Corporation,2.12,5.45,98,89,84,Health Care,Biotechnology: Biological Products (No Diagnostic Substances)
TFIN,"Triumph Financial, Inc.",-2.71,-6.91,0,28,65,Finance,Major Banks
TSHA,"Taysha Gene Therapies, Inc.",4.72,-11.65,47,65,83,Health Care,Biotechnology: Biological Products (No Diagnostic Substances)
OPRA,Opera Limited,-0.43,-5.03,30,54,69,Technology,Computer Software: Prepackaged Software
STEW,"SRH Total Return Fund, Inc.",0.87,3.47,86,78,49,Finance,Investment Managers
PAEXY,PAEXY,0.0,0.0,100,100,33,Energy,Oil & Gas E&P
NUVB,Nuvation Bio Inc.,1.67,23.62,100,93,94,Health Care,Biotechnology: Pharmaceutical Preparations
VPG,"Vishay Precision Group, Inc.",8.2,-38.95,14,12,97,Technology,Electrical Products
PMREF,Primaris Real Estate Investment Trust,0.0,-9.64,43,64,85,Real Estate,REIT - Retail
KOS,Kosmos Energy Ltd.,3.23,26.11,72,80,72,Energy,Oil & Gas Production
LNXSY,LANXESS Aktiengesellschaft,0.0,-3.95,68,78,11,Basic Materials,Specialty Chemicals
VTKLY,Vtech Holdings Limited,1.06,17.34,71,82,20,Technology,Communication Equipment
MWTCY,"Manila Water Company, Inc.",0.0,0.0,51,64,22,Utilities,Utilities - Regulated Water
HGRAF,HydroGraph Clean Power Inc.,7.65,-1.88,57,69,95,Basic Materials,Specialty Chemicals
GHRS,GH Research PLC,1.43,7.42,89,89,95,Health Care,Biotechnology: Pharmaceutical Preparations
LILAK,Liberty Latin America Ltd.,-4.65,1.27,63,64,91,Telecommunications,Cable & Other Pay Television Services
BDJ,BlackRock Enhanced Equity Dividend Trust,0.83,1.9,76,73,57,Finance,Finance Companies
GPEAF,Great Portland Estates Plc,0.0,0.0,100,100,27,Real Estate,REIT - Office
TCBK,TriCo Bancshares,0.05,5.42,66,80,77,Finance,Major Banks
ANAB,"AnaptysBio, Inc.",5.56,-15.88,25,32,95,Health Care,Biotechnology: Pharmaceutical Preparations
CLVT,Clarivate Plc,-6.51,-9.46,10,16,3,Technology,EDP Services
SESPF,SeSa S.p.A.,0.0,0.0,100,100,36,Technology,Information Technology Services
HOPE,"Hope Bancorp, Inc.",-0.64,0.5,75,72,77,Finance,Major Banks
BELGF,Bellevue Gold Limited,0.0,6.48,100,100,46,Basic Materials,Gold
OERLY,OC Oerlikon Corporation AG,6.53,31.5,100,100,95,Industrials,Specialty Industrial Machinery
FLNG,FLEX LNG Ltd.,-0.54,8.67,77,75,69,Consumer Discretionary,Marine Transportation
CET,Central Securities Corporation,0.4,-1.02,51,65,43,Finance,Finance/Investors Services
GENI,Genius Sports Limited,-4.51,9.75,67,67,47,Consumer Discretionary,Services-Misc. Amusement & Recreation
SLVM,Sylvamo Corporation,-1.88,1.38,28,47,14,Basic Materials,Paper
PTTMF,PT TIMAH Tbk,0.0,0.0,100,100,1,Basic Materials,Other Industrial Metals & Mining
WGS,GeneDx Holdings Corp.,8.28,-3.83,100,100,13,Technology,Retail: Computer Software & Peripheral Equipment
AGLFF,AGLFF,0.0,14.25,86,100,98,Healthcare,Medical Instruments & Supplies
FISK,"Empire State Realty OP, L.P.",-13.28,-16.22,0,0,7,Real Estate,REIT - Office
AGL,"agilon health, inc.",4.41,-13.42,7,3,98,Health Care,Misc Health and Biotechnology Services
ABXXF,Abaxx Technologies Inc.,2.07,-10.45,54,68,14,Technology,Software - Application
FRVWY,Friedrich Vorwerk Group SE,0.0,-6.21,43,100,12,Industrials,Engineering & Construction
PRGO,Perrigo Company plc,-1.15,0.0,41,65,6,Health Care,Biotechnology: Pharmaceutical Preparations
AI,"C3.ai, Inc.",2.49,-3.82,91,94,7,Technology,Computer Software: Prepackaged Software
AZLUY,Azul SA,-1.17,-1.4,7,24,26,Industrials,Airlines
CBLUF,China BlueChemical Ltd.,0.0,0.0,51,64,9,Basic Materials,Agricultural Inputs
TPRKY,Travis Perkins plc,1.07,2.07,100,100,30,Industrials,Industrial Distribution
SLCJY,SLC Agrícola S.A.,-1.85,0.0,42,58,18,Consumer Defensive,Farm Products
MTRBF,Metro Bank Holdings PLC,1.94,-10.64,47,78,71,Financial Services,Banks - Regional
CNOBP,"ConnectOne Bancorp, Inc.",0.17,0.97,61,67,48,Finance,Major Banks
AMTD,AMTD IDEA Group,-1.83,-22.04,0,0,7,Finance,Finance: Consumer Services
LIND,"Lindblad Expeditions Holdings, Inc.",0.13,11.36,91,86,96,Consumer Discretionary,Transportation Services
XIORF,Xior Student Housing NV,0.0,4.27,100,100,33,Real Estate,REIT - Residential
AUSDF,Perenti Limited,0.0,0.0,51,64,71,Basic Materials,Other Industrial Metals & Mining
ARDX,"Ardelyx, Inc.",0.8,-2.33,0,44,19,Health Care,Biotechnology: Pharmaceutical Preparations
STAA,STAAR Surgical Company,1.47,-13.96,26,25,48,Health Care,Ophthalmic Goods
RLJ,RLJ Lodging Trust,-0.65,5.3,82,77,94,Real Estate,Real Estate Investment Trusts
WKC,World Kinect Corporation,-1.29,19.13,85,82,91,Energy,Oil Refining/Marketing
SISXF,Savaria Corporation,0.0,9.0,83,80,74,Industrials,Specialty Industrial Machinery
OBK,"Origin Bancorp, Inc.",-0.71,5.13,78,74,85,Finance,Major Banks
IMCR,Immunocore Holdings plc,1.35,7.01,58,76,53,Health Care,Biotechnology: Biological Products (No Diagnostic Substances)
TNC,Tennant Company,-2.0,-3.94,0,24,42,Industrials,Industrial Machinery/Components
NKOKF,"Noritsu Koki Co., Ltd.",0.0,0.0,100,100,1,Technology,Consumer Electronics
HLMN,Hillman Solutions Corp.,-1.0,-2.95,42,63,21,Consumer Discretionary,Industrial Machinery/Components
ARI,"Apollo Commercial Real Estate Finance, Inc.",-1.52,-4.27,1,43,34,Real Estate,Real Estate Investment Trusts
KMPR,Kemper Corporation,-5.49,3.01,52,54,7,Finance,Property-Casualty Insurers
AFXXF,Afry AB,0.0,0.0,100,100,92,Industrials,Engineering & Construction
XTEPY,Xtep International Holdings Limited,0.0,-4.31,65,99,9,Consumer Cyclical,Apparel Retail
ECVT,Ecovyst Inc.,0.5,0.75,33,59,61,Industrials,Major Chemicals
NOMD,Nomad Foods Limited,-2.21,10.31,70,70,56,Consumer Staples,Packaged Foods
IDRSF,Idorsia Ltd,0.0,8.11,91,100,96,Healthcare,Biotechnology
AAT,"American Assets Trust, Inc.",1.31,-4.72,0,33,77,Real Estate,Real Estate Investment Trusts
DAO,"Youdao, Inc.",4.47,36.42,100,100,92,Real Estate,Other Consumer Services
IPX,IperionX Limited,6.37,-25.54,12,9,2,Basic Materials,Other Metals and Minerals
RBCAA,"Republic Bancorp, Inc.",-1.31,6.07,80,77,87,Finance,Major Banks
NFJ,"Virtus Dividend, Interest & Premium Strategy Fund",1.27,-0.26,79,75,69,Finance,Finance: Consumer Services
BLKB,"Blackbaud, Inc.",-4.98,33.16,81,78,11,Technology,Computer Software: Prepackaged Software
HYT,"BlackRock Corporate High Yield Fund, Inc.",0.84,-1.2,52,67,30,Finance,Finance Companies
CNL,Collective Mining Ltd.,5.71,6.05,84,100,24,Basic Materials,Gold
ATRC,"AtriCure, Inc.",-1.81,35.05,86,82,78,Health Care,Medical/Dental Instruments
ITAYY,PT Indo Tambangraya Megah Tbk,6.09,-8.16,51,73,35,Energy,Thermal Coal
NCKAF,Nickel Asia Corporation,0.0,0.0,100,100,99,Basic Materials,Other Industrial Metals & Mining
TTI,"TETRA Technologies, Inc.",4.24,-25.66,18,17,44,Energy,Oil & Gas Production
AHCO,AdaptHealth Corp.,-1.02,0.75,57,62,36,Health Care,Medical/Nursing Services
HLX,"Helix Energy Solutions Group, Inc.",1.43,8.11,52,62,66,Energy,Oilfield Services/Equipment
PYTCY,Playtech plc,0.0,31.38,100,100,24,Consumer Cyclical,Gambling
RYGYF,Reysas Gayrimenkul Yatirim Ortakligi A.S.,0.0,-2.87,86,100,65,Real Estate,REIT - Industrial
PICS,PicS N.V.,6.35,14.77,100,100,14,Finance,Finance: Consumer Services
GRPFF,"Grupo Televisa, S.A.B.",0.0,0.0,51,64,43,Communication Services,Telecom Services
NEO,"NeoGenomics, Inc.",3.99,6.08,100,100,96,Health Care,Precision Instruments
GIII,"G-III Apparel Group, Ltd.",0.41,9.29,88,82,82,Consumer Discretionary,Apparel
ORC,"Orchid Island Capital, Inc.",1.07,-4.19,30,59,32,Real Estate,Real Estate Investment Trusts
WINA,Winmark Corporation,-0.86,-21.12,0,0,14,Consumer Discretionary,Other Specialty Stores
BRDNF,BRDNF,0.0,-1.75,48,100,17,Basic Materials,Building Materials
ARSTY,ARSTY,0.0,0.47,100,100,22,Industrials,Building Products & Equipment
ALNT,Allient Inc.,9.17,-12.59,67,83,91,Industrials,Electrical Products
PURR,Hyperliquid Strategies Inc.,5.53,-23.26,9,6,85,Finance,Finance: Consumer Services
OI,"O-I Glass, Inc.",-4.55,-23.36,0,0,4,Consumer Discretionary,Containers/Packaging
GRWXF,Molten Ventures Plc,0.63,0.0,55,76,35,,
FDMDF,4DMedical Limited,0.0,-15.67,14,45,98,Healthcare,Medical Devices
TBLA,Taboola.com Ltd.,-1.35,-1.92,39,58,87,Technology,Computer Software: Programming Data Processing
DOLE,Dole plc,-0.97,4.22,58,64,35,Consumer Staples,Farming/Seeds/Milling
UAMY,United States Antimony Corporation,6.31,-32.21,9,7,9,Industrials,Metal Fabrications
BRELY,BRELY,0.0,-14.31,31,54,22,Basic Materials,Other Precious Metals & Mining
ARDT,"Ardent Health, Inc.",-1.83,5.92,59,62,44,Health Care,Hospital/Nursing Management
NSP,"Insperity, Inc.",1.6,22.6,100,93,82,Consumer Discretionary,Professional Services
TSIOF,361 Degrees International Limited,0.0,0.0,51,64,4,Consumer Cyclical,Footwear & Accessories
MUX,McEwen Inc.,5.61,-1.67,54,79,30,Basic Materials,Precious Metals
CXM,"Sprinklr, Inc.",-3.88,16.54,71,70,30,Technology,Computer Software: Prepackaged Software
LADR,Ladder Capital Corp,-1.12,-2.81,27,55,26,Real Estate,Real Estate Investment Trusts
ITRN,Ituran Location and Control Ltd.,2.0,-8.86,37,81,77,Technology,Electronic Components
ATLCZ,Atlanticus Holdings Corporation 9.25% Senior Notes due 2029,-0.31,0.99,50,63,46,Finance,Finance: Consumer Services
FKRAF,Fiskars Oyj Abp,-2.88,2.71,48,57,33,Consumer Cyclical,"Furnishings, Fixtures & Appliances"
EWIIF,EWIIF,-7.96,-6.02,0,0,89,Unknown,Unknown
CRSR,"Corsair Gaming, Inc.",3.45,12.37,94,90,91,Technology,Computer peripheral equipment
KDK,"Kodiak AI, Inc.",4.98,-23.69,11,9,2,Technology,EDP Services
ASST,"Strive, Inc.",7.96,-0.67,38,51,2,Technology,Computer Software: Prepackaged Software
CSIQ,Canadian Solar Inc.,7.58,-5.69,63,81,30,Technology,Semiconductors
SPH,"Suburban Propane Partners, L.P.",2.14,6.95,90,85,34,Consumer Discretionary,Other Specialty Stores
PFBC,Preferred Bank,-0.31,-2.41,42,59,66,Finance,Major Banks
AUTLF,Austal Limited,1.58,-12.29,25,40,5,Industrials,Aerospace & Defense
AGZNF,Aegean Airlines S.A.,0.0,0.0,100,100,19,Industrials,Airlines
NBITF,NBITF,-1.32,-11.53,0,0,14,Unknown,Unknown
GUZOF,"Grupo Herdez, S.A.B. de C.V.",0.0,2.04,32,56,12,Consumer Defensive,Packaged Foods
TROX,Tronox Holdings plc,3.3,-2.8,64,81,41,Industrials,Major Chemicals
WVE,Wave Life Sciences Ltd.,-0.86,-1.37,22,41,6,Health Care,Biotechnology: Pharmaceutical Preparations
PBTDF,Plover Bay Technologies Limited,0.0,-5.31,81,100,89,Technology,Communication Equipment
SHAZ,SharonAI Holdings Inc.,21.65,-38.35,21,22,85,Technology,EDP Services
AIIR,AIR Global PLC,0.34,-15.22,14,23,2,Consumer Discretionary,Tobacco
VLTAF,Voltalia SA,0.0,0.0,100,100,55,Utilities,Utilities - Renewable
PGY,Pagaya Technologies Ltd.,8.96,-6.02,67,97,27,Finance,Finance: Consumer Services
OILRF,Oil Refineries Ltd.,-11.86,9.24,53,57,94,Energy,Oil & Gas Refining & Marketing
MPLT,"MapLight Therapeutics, Inc.",-6.59,-61.11,14,15,3,Health Care,Biotechnology: Pharmaceutical Preparations
ENR,"Energizer Holdings, Inc.",-1.77,-4.15,57,64,43,Miscellaneous,Industrial Machinery/Components
HYLN,Hyliion Holdings Corp.,11.73,-21.65,32,34,96,Consumer Discretionary,Construction/Ag Equipment/Trucks
WBTNF,Weebit Nano Limited,5.67,-41.19,5,3,78,Technology,Semiconductors
HLF,Herbalife Ltd.,-0.56,-4.23,49,63,40,Health Care,Other Pharmaceuticals
AMAL,Amalgamated Financial Corp.,0.28,5.0,87,80,89,Finance,Major Banks
ZMPLF,Zimplats Holdings Limited,0.0,-11.3,9,29,6,Basic Materials,Other Precious Metals & Mining
VTOL,Bristow Group Inc.,-0.45,9.99,69,75,45,Consumer Discretionary,Transportation Services
ASM,Avino Silver & Gold Mines Ltd.,4.93,-13.05,14,20,38,Basic Materials,Metal Mining
NPKI,NPK International Inc.,3.4,-12.87,8,1,29,Consumer Discretionary,Oil and Gas Field Machinery
CHYCY,Chiyoda Corporation,0.0,-8.31,13,51,70,Industrials,Engineering & Construction
DMZPY,Domino's Pizza Enterprises Limited,0.0,4.96,79,75,31,Consumer Cyclical,Restaurants
EOS,Eaton Vance Enhanced Equity Income Fund II,1.5,-4.14,0,46,26,Finance,Trusts Except Educational Religious and Charitable
CTBI,"Community Trust Bancorp, Inc.",-0.36,5.4,82,78,84,Finance,Major Banks
SILXF,Silex Systems Limited,4.22,-11.57,12,23,6,Technology,Semiconductors
PSEC,Prospect Capital Corporation,-0.46,-5.85,37,59,14,Finance,Finance: Consumer Services
GOLD,"Gold.com, Inc.",4.81,-1.06,72,98,74,Industrials,Other Specialty Stores
EVEX,"Eve Holding, Inc.",4.48,-7.17,28,39,3,Industrials,Aerospace
SCL,Stepan Company,-1.62,16.59,82,79,82,Consumer Discretionary,Package Goods/Cosmetics
PAHGF,Pets at Home Group Plc,0.0,0.38,100,100,22,Consumer Cyclical,Specialty Retail
ELKEF,Elkem ASA,0.0,0.0,100,100,73,Basic Materials,Specialty Chemicals
ATEC,"Alphatec Holdings, Inc.",0.1,9.03,92,86,13,Health Care,Medical/Dental Instruments
RZLV,Rezolve AI PLC,6.25,-22.73,23,29,11,Technology,Computer Software: Programming Data Processing
DPZUF,Domino's Pizza Enterprises Limited,0.0,16.41,90,85,50,Consumer Cyclical,Restaurants
AAVVF,Advantage Energy Ltd.,0.0,5.94,60,73,31,Energy,Oil & Gas E&P
ATUUF,Tenaz Energy Corp.,0.0,17.89,73,80,93,Energy,Oil & Gas E&P
TBN,Tamboran Resources Corporation,3.36,4.79,39,57,67,Energy,Oil & Gas Production
BYITY,Bytes Technology Group plc,0.0,15.84,100,100,56,Technology,Software - Infrastructure
INGEF,Ingenia Communities Group,0.0,-4.69,33,100,17,Real Estate,REIT - Residential
HTLD,"Heartland Express, Inc.",-2.0,-16.03,0,0,78,Industrials,Trucking Freight/Courier Services
EVLV,"Evolv Technologies Holdings, Inc.",-1.26,-13.97,21,34,9,Technology,Computer peripheral equipment
DBVT,DBV Technologies S.A.,0.58,-12.21,8,17,14,Health Care,Biotechnology: Biological Products (No Diagnostic Substances)
ASTE,"Astec Industries, Inc.",0.78,-14.5,0,0,40,Industrials,Construction/Ag Equipment/Trucks
CVHSY,Cablevisión Holding S.A.,0.0,0.0,51,64,62,Communication Services,Telecom Services
BV,"BrightView Holdings, Inc.",-0.98,-8.4,0,0,37,Consumer Discretionary,Business Services
WYFI,"WhiteFiber, Inc.",27.55,-24.87,31,32,87,Finance,Finance: Consumer Services
FCEL,"FuelCell Energy, Inc.",30.64,-25.93,53,61,98,Energy,Industrial Machinery/Components
AKTS,"Aktis Oncology, Inc.",2.72,-25.54,3,0,59,Health Care,Biotechnology: Pharmaceutical Preparations
FLTCF,Filtronic plc,-6.61,-13.01,0,33,79,Technology,Communication Equipment
HQH,Abrdn Healthcare Investors,1.01,1.29,91,80,78,Finance,Finance Companies
PRCH,"Porch Group, Inc.",16.02,-10.26,77,93,83,Technology,Computer Software: Prepackaged Software
CIMN,CIMN,0.12,0.34,57,66,44,Real Estate,Real Estate Investment Trusts
SHPPF,Redcare Pharmacy NV,0.0,0.0,100,100,33,Healthcare,Pharmaceutical Retailers
NWPX,"NWPX Infrastructure, Inc.",2.97,-12.08,10,14,96,Industrials,Steel/Iron Ore
CSR,Centerspace,-1.09,-0.53,53,61,21,Real Estate,Real Estate Investment Trusts
SVAUF,StorageVault Canada Inc.,0.0,6.09,72,74,33,Real Estate,Real Estate Services
LNRCF,LNRCF,-5.56,-17.42,27,40,38,,
KSKGF,Kingsgate Consolidated Limited,7.13,-13.97,20,34,39,Basic Materials,Gold
AMN,"AMN Healthcare Services, Inc.",0.03,4.42,86,81,94,Consumer Discretionary,Professional Services
UPBD,"Upbound Group, Inc.",-3.96,-2.94,13,35,38,Consumer Discretionary,Diversified Commercial Services
MRCHF,"H.U. Group Holdings, Inc.",0.0,-1.75,11,42,24,Healthcare,Diagnostics & Research
GRRMF,Gerresheimer AG,0.0,0.26,33,75,25,Healthcare,Medical Instruments & Supplies
MCB,Metropolitan Bank Holding Corp.,0.26,-7.71,31,50,65,Finance,Major Banks
MLKN,"MillerKnoll, Inc.",-1.88,6.14,72,72,83,Consumer Discretionary,Office Equipment/Supplies/Services
ACDC,ProFrac Holding Corp.,2.77,-32.42,2,0,3,Energy,Oilfield Services/Equipment
OPK,"OPKO Health, Inc.",-2.19,-12.42,35,37,49,Health Care,Biotechnology: Pharmaceutical Preparations
ORRAF,Orora Limited,0.0,10.99,87,82,11,Consumer Cyclical,Packaging & Containers
GPRE,Green Plains Inc.,5.56,8.95,49,60,88,Industrials,Major Chemicals
GRRMY,Gerresheimer AG,2.59,12.16,62,100,61,Healthcare,Medical Instruments & Supplies
EVO,Evotec SE,0.0,-32.28,0,5,2,Health Care,Biotechnology: Pharmaceutical Preparations
SBR,Sabine Royalty Trust,-0.11,0.55,45,64,44,Energy,Oil & Gas Production
TSHTY,Toshiba Tec Corporation,0.0,-1.42,57,89,38,Technology,Computer Hardware
PXED,"Phoenix Education Partners, Inc.",-1.36,-13.01,21,34,27,Real Estate,Other Consumer Services
TMVWY,TeamViewer SE,0.0,24.23,92,88,48,Technology,Software - Application
TMVWF,TeamViewer SE,0.0,3.52,75,73,41,Technology,Software - Application
CNMD,CNMD,8.72,43.41,100,100,63,Health Care,Biotechnology: Electromedical & Electrotherapeutic Apparatus
SVRA,Savara Inc.,4.92,-8.58,20,25,83,Health Care,Biotechnology: Pharmaceutical Preparations
TNLIY,Trainline plc,0.0,0.0,100,100,20,Consumer Cyclical,Travel Services
CRON,Cronos Group Inc.,1.05,1.05,92,82,69,Health Care,Medicinal Chemicals and Botanical Products
AMC,"AMC Entertainment Holdings, Inc.",0.73,43.52,98,94,91,Consumer Discretionary,Movies/Entertainment
OCSL,Oaktree Specialty Lending Corporation,-1.68,-3.62,6,47,26,Finance,Finance: Consumer Services
ALVO,Alvotech,1.13,-0.28,95,87,7,Health Care,Biotechnology: Biological Products (No Diagnostic Substances)
IGIC,International General Insurance Holdings Ltd.,-1.54,2.15,44,53,67,Finance,Property-Casualty Insurers
CRVS,"Corvus Pharmaceuticals, Inc.",1.15,-10.64,7,10,88,Health Care,Biotechnology: Pharmaceutical Preparations
HBT,"HBT Financial, Inc.",-1.78,9.53,78,76,86,Finance,Major Banks
BJCHF,Beijing Capital International Airport Company Limited,0.0,0.0,11,37,3,Industrials,Airports & Air Services
AMPL,"Amplitude, Inc.",-3.15,0.7,30,39,27,Technology,Computer Software: Prepackaged Software
JWLLF,Jamieson Wellness Inc.,0.0,4.08,75,73,73,Consumer Defensive,Packaged Foods
SAFT,"Safety Insurance Group, Inc.",0.09,35.31,95,91,89,Finance,Property-Casualty Insurers
ODC,Oil-Dri Corporation of America,-0.37,-3.58,37,57,93,Consumer Discretionary,Miscellaneous manufacturing industries
ETW,Eaton Vance Tax-Managed Global Buy-Write Opportunities Fund,2.05,-0.57,69,81,51,Finance,Investment Managers
PLRRF,Polar Capital Holdings Plc,0.0,3.07,100,100,90,Financial Services,Asset Management
RERE,ATRenew Inc.,-1.42,2.21,69,68,33,Consumer Discretionary,Other Specialty Stores
COGNY,Cogna Educação S.A.,-11.11,-13.04,0,17,4,Consumer Defensive,Education & Training Services
BUR,Burford Capital Limited,0.96,1.2,66,64,2,Finance,Finance: Consumer Services
OXBDF,Oxford Biomedica plc,0.0,0.95,19,49,37,Healthcare,Biotechnology
KRNGF,Karoon Energy Ltd,0.0,32.02,94,90,21,Energy,Oil & Gas E&P
GSBD,"Goldman Sachs BDC, Inc.",-2.26,-10.63,20,52,24,Finance,Investment Managers
VIRDY,VIRDY,0.0,-5.59,40,51,12,Energy,Oil & Gas Equipment & Services
NBN,Northeast Bank,1.42,-10.62,0,0,55,Finance,Major Banks
GOOGL,Alphabet Inc,-0.91,-7.63,32,50,66,Technology,Computer Software: Programming Data Processing
MSFT,Microsoft Corporation,15.51,17.39,100,100,28,Technology,Computer Software: Prepackaged Software
TSM,Taiwan Semiconductor Manufacturing Company Limited,7.64,-9.21,34,40,77,Technology,Semiconductors
MU,"Micron Technology, Inc.",18.36,-15.26,51,52,98,Technology,Semiconductors
JPM,JPMorgan Chase & Co.,1.78,5.5,76,76,65,Finance,Major Banks
ASML,ASML Holding N.V.,6.5,-10.28,32,28,90,Technology,Industrial Machinery/Components
INTC,Intel Corporation,11.3,-28.26,21,21,97,Technology,Semiconductors
TCEHY,Tencent Holdings Limited,2.28,7.74,89,93,18,Communication Services,Internet Content & Information
COST,Costco Wholesale Corporation,-2.04,3.35,61,64,33,Consumer Discretionary,Department/Specialty Retail Stores
ABBV,AbbVie Inc.,-2.24,3.26,63,65,77,Health Care,Biotechnology: Pharmaceutical Preparations
BACRP,Bank of America Corporation PFD SER B 7%,0.0,-4.57,58,98,21,Unknown,Unknown
NFLX,Netflix Inc,-0.62,-1.37,57,71,8,Consumer Discretionary,Consumer Electronics/Video Chains
IDCBF,Industrial and Commercial Bank of China Limited,0.0,20.51,92,87,64,Financial Services,Banks - Diversified
GE,GE Aerospace,1.26,-5.19,46,67,75,Technology,Consumer Electronics/Appliances
PG,The Procter & Gamble Company,-1.46,-1.62,12,48,30,Consumer Discretionary,Package Goods/Cosmetics
ACGBF,Agricultural Bank of China Limited,0.0,24.19,92,87,55,Financial Services,Banks - Diversified
HD,"The Home Depot, Inc.",-1.45,-4.99,24,46,26,Consumer Discretionary,RETAIL: Building Materials
GS,"The Goldman Sachs Group, Inc.",4.5,0.51,21,39,73,Finance,Investment Bankers/Brokers/Service
BABA,Alibaba Group,1.12,18.71,84,91,12,Consumer Discretionary,Business Services
AZN,AstraZeneca PLC,-1.13,-6.81,28,49,34,Health Care,Biotechnology: Pharmaceutical Preparations
IBM,International Business Machines Corporation,-2.08,-22.54,18,23,16,Technology,Computer Manufacturing
PM,Philip Morris International Inc.,-3.25,8.05,65,66,70,Health Care,Medicinal Chemicals and Botanical Products
LVMHF,"LVMH Moët Hennessy - Louis Vuitton, Société Européenne",3.2,-0.15,55,72,25,Consumer Cyclical,Luxury Goods
RY,Royal Bank of Canada,1.78,1.48,67,76,85,Finance,Commercial Banks
NSRGY,Nestlé S.A.,0.7,-0.34,64,73,52,Consumer Defensive,Packaged Foods
NSRGF,Nestlé S.A.,3.3,1.91,68,88,52,Consumer Defensive,Packaged Foods
SNDK,Sandisk Corporation,25.99,-37.02,29,31,99,Technology,Electronic Components
RTX,RTX Corporation,-0.4,11.78,83,79,74,Industrials,Aerospace
LRLCY,L'Oréal S.A.,2.23,4.22,100,90,46,Consumer Defensive,Household & Personal Products
SHEL,Shell plc,2.46,18.21,100,96,64,Energy,Oil & Gas Production
KXHCF,KXHCF,30.36,-46.98,18,19,98,,
KXIAY,KXIAY,31.81,-40.07,27,28,98,Technology,Semiconductors
C,Citigroup Inc.,4.08,-5.57,27,61,71,Finance,Major Banks
MUFG,"Mitsubishi UFJ Financial Group, Inc.",2.55,11.0,74,81,87,Finance,Commercial Banks
TMUS,"T-Mobile US, Inc.",-4.51,0.16,9,21,14,Telecommunications,Telecommunications Equipment
ANET,"Arista Networks, Inc.",8.26,2.64,48,77,61,Telecommunications,Computer Communications Equipment
MCD,McDonald's Corporation,-1.13,-0.37,41,57,20,Consumer Discretionary,Restaurants
HESAY,Hermès International Société en commandite par actions,2.05,-1.51,3,17,11,Consumer Cyclical,Luxury Goods
TTE,TotalEnergies SE,0.32,16.35,91,85,71,Energy,Oil & Gas Production
ABBNY,ABB Ltd,6.61,-6.99,36,57,73,Industrials,Electrical Equipment & Parts
BCDRF,"Banco Santander, S.A.",4.76,0.79,69,78,81,Financial Services,Banks - Diversified
SAN,"Banco Santander, S.A.",5.46,2.17,92,97,82,Finance,Commercial Banks
APH,Amphenol Corporation,6.33,-7.2,76,100,70,Technology,Electrical Products
NEE,"NextEra Energy, Inc.",-0.6,1.81,47,62,43,Technology,EDP Services
RTNTF,Rio Tinto Group,0.0,-10.64,22,48,58,Basic Materials,Other Industrial Metals & Mining
SBGSF,Schneider Electric S.E.,11.84,3.96,100,100,56,Industrials,Specialty Industrial Machinery
BLK,"BlackRock, Inc.",1.78,12.04,100,90,39,Finance,Investment Bankers/Brokers/Service
GILD,"Gilead Sciences, Inc.",-1.09,4.22,48,61,46,Health Care,Biotechnology: Biological Products (No Diagnostic Substances)
FRCOY,"Fast Retailing Co., Ltd.",1.69,-2.08,39,60,79,Consumer Cyclical,Apparel Retail
BUDFF,Anheuser-Busch InBev SA/NV,2.83,4.48,100,97,75,Consumer Defensive,Beverages - Brewers
SCCO,Southern Copper Corporation,5.43,9.6,67,85,84,Basic Materials,Metal Mining
CRM,"Salesforce, Inc.",-4.07,10.71,68,66,13,Technology,Computer Software: Prepackaged Software
ETN,Eaton Corporation plc,6.91,-6.17,39,36,37,Technology,Industrial Machinery/Components
SCHW,The Charles Schwab Corporation,-0.13,8.93,80,76,55,Finance,Investment Bankers/Brokers/Service
HON,Honeywell International Inc.,0.33,9.09,81,79,57,Industrials,Aerospace
RLLCF,Rolls-Royce Holdings plc,0.0,-23.53,0,0,1,Industrials,Aerospace & Defense
PFE,Pfizer Inc.,-0.95,6.14,74,73,40,Health Care,Biotechnology: Pharmaceutical Preparations
IBKR,"Interactive Brokers Group, Inc.",4.89,-2.97,35,56,76,Finance,Investment Bankers/Brokers/Service
DE,Deere & Company,-1.88,-4.49,36,49,63,Industrials,Industrial Machinery/Components
CSUAY,China Shenhua Energy Company Limited,0.72,12.58,89,83,44,Energy,Thermal Coal
BX,Blackstone Inc.,-1.03,7.13,63,65,23,Finance,Investment Managers
PNGAY,"Ping An Insurance (Group) Company of China, Ltd.",2.37,15.5,100,95,35,Financial Services,Insurance - Life
SMFNF,"Sumitomo Mitsui Financial Group, Inc.",-0.05,4.37,55,71,86,Financial Services,Banks - Diversified
DBSDF,DBS Group Holdings Ltd,0.61,10.36,93,87,83,Financial Services,Banks - Regional
CILJF,China Life Insurance Company Limited,1.65,5.73,65,69,51,Financial Services,Insurance - Life
BBVA,"Banco Bilbao Vizcaya Argentaria, S.A.",7.56,10.49,100,100,87,Finance,Commercial Banks
UNCFF,UniCredit S.p.A.,2.6,3.38,93,91,74,Financial Services,Banks - Regional
DHR,Danaher Corporation,-0.16,1.26,72,78,31,Industrials,Industrial Machinery/Components
SONY,Sony Group Corporation,-2.15,12.67,73,71,37,Consumer Staples,Consumer Electronics/Appliances
IVSBF,Investor AB (publ),0.55,2.53,85,78,68,Financial Services,Asset Management
BNPQF,BNP Paribas SA,5.48,2.63,100,100,82,Financial Services,Banks - Regional
UL,Unilever PLC,-1.11,7.19,74,72,45,Consumer Discretionary,Package Goods/Cosmetics
AIQUF,L'Air Liquide S.A.,1.23,-1.72,42,76,33,Basic Materials,Specialty Chemicals
CB,Chubb Limited,-3.25,-0.45,51,55,67,Finance,Property-Casualty Insurers
AIQUY,L'Air Liquide S.A.,1.07,-1.17,28,71,35,Basic Materials,Specialty Chemicals
EBBGF,Enbridge Inc.,0.0,0.82,61,67,48,Energy,Oil & Gas Midstream
BNPQY,BNP Paribas SA,3.6,9.1,100,100,84,Financial Services,Banks - Regional
ESOCF,Enel SpA,0.34,3.62,83,78,62,Utilities,Utilities - Diversified
ISNPY,Intesa Sanpaolo S.p.A.,2.43,9.68,100,93,69,Financial Services,Banks - Regional
SYK,Stryker Corporation,-1.2,11.06,80,77,34,Health Care,Medical/Dental Instruments
MRAAF,"Murata Manufacturing Co., Ltd.",14.56,-39.46,18,18,96,Technology,Electronic Components
BYDDF,BYD Company Limited,0.67,20.75,94,88,15,Consumer Cyclical,Auto Manufacturers
ATEYY,Advantest Corporation,14.63,3.01,100,100,89,Technology,Semiconductor Equipment & Materials
VRTX,Vertex Pharmaceuticals Incorporated,-0.34,-3.28,23,54,53,Health Care,Biotechnology: Pharmaceutical Preparations
PBR,Petróleo Brasileiro S.A. - Petrobras,2.85,19.57,100,98,75,Energy,Oil & Gas Production
MTSUY,Mitsubishi Corporation,2.65,12.39,97,96,66,Industrials,Conglomerates
AAIGF,AIA Group Limited,-1.02,5.0,57,67,27,Financial Services,Insurance - Life
MZHOF,"Mizuho Financial Group, Inc.",7.93,10.8,64,72,90,Financial Services,Banks - Regional
ZURVY,Zurich Insurance Group AG,1.4,3.04,86,77,61,Financial Services,Insurance - Diversified
EQIX,"Equinix, Inc.",3.92,3.35,60,74,65,Real Estate,Real Estate Investment Trusts
SNYNF,Sanofi,-8.71,1.98,2,22,17,Healthcare,Drug Manufacturers - General
SO,The Southern Company,-1.78,-0.82,29,47,41,Utilities,Electric Utilities: Central
SPOT,Spotify Technology S.A.,-0.27,10.61,84,79,36,Consumer Discretionary,Broadcasting
CM,Canadian Imperial Bank of Commerce,1.76,1.9,64,76,83,Finance,Commercial Banks
MAR,"Marriott International, Inc.",-1.48,1.94,59,63,73,Consumer Discretionary,Hotels/Resorts
GPMXY,GPMXY,-2.57,-3.14,64,96,36,Basic Materials,Other Industrial Metals & Mining
BNY,BNY,2.35,7.31,72,88,84,Finance,Major Banks
AXAHF,AXA SA,0.0,2.57,64,68,55,Financial Services,Insurance - Diversified
BRCFF,BRCFF,0.0,0.0,100,100,55,Financial Services,Asset Management
ITOCY,ITOCHU Corporation,3.17,11.1,100,99,50,Industrials,Conglomerates
CAIXY,"CaixaBank, S.A.",3.04,0.85,35,49,81,Financial Services,Banks - Regional
IBN,ICICI Bank Limited,1.68,4.45,98,86,41,Finance,Commercial Banks
ESLOF,EssilorLuxottica Société anonyme,0.37,-3.78,19,44,5,Healthcare,Medical Instruments & Supplies
XIACF,Xiaomi Corporation,-1.01,42.86,91,87,14,Technology,Consumer Electronics
XIACY,Xiaomi Corporation,-2.13,40.6,87,84,13,Technology,Consumer Electronics
SNPS,"Synopsys, Inc.",-0.36,-18.08,0,12,7,Technology,Computer Software: Prepackaged Software
INTU,Intuit Inc.,-5.29,18.65,67,67,3,Technology,Computer Software: Prepackaged Software
GLCNF,Glencore plc,2.88,5.46,91,96,75,Basic Materials,Other Industrial Metals & Mining
MITSF,"Mitsui & Co., Ltd.",-0.07,10.12,84,79,48,Industrials,Conglomerates
GLNCY,Glencore plc,5.13,8.41,100,100,79,Basic Materials,Other Industrial Metals & Mining
MIELF,Mitsubishi Electric Corporation,3.06,-16.92,6,0,33,Industrials,Electrical Equipment & Parts
CMCSA,Comcast Corporation,-3.82,-0.25,55,54,16,Telecommunications,Cable & Other Pay Television Services
SNOW,Snowflake Inc.,5.37,14.13,100,100,93,Technology,Computer Software: Prepackaged Software
WBKCY,WBKCY,-0.7,10.06,30,42,27,Financial Services,Banks - Diversified
WMB,"The Williams Companies, Inc.",1.11,-2.56,13,37,55,Utilities,Natural Gas Distribution
ITUB,Itaú Unibanco Holding S.A.,3.56,3.85,93,100,64,Finance,Major Banks
ATLFF,Atlas Copco AB (publ),0.0,0.0,100,100,78,Industrials,Specialty Industrial Machinery
KKR,KKR & Co. Inc.,1.71,9.1,82,80,18,Finance,Investment Managers
ELV,"Elevance Health, Inc.",0.11,-9.56,15,33,57,Health Care,Medical Specialities
HOOD,"Robinhood Markets, Inc.",-3.61,-20.29,0,0,24,Finance,Investment Bankers/Brokers/Service
CSX,CSX Corporation,-1.08,3.85,39,57,80,Industrials,Railroads
ICE,"Intercontinental Exchange, Inc.",1.29,23.31,98,90,26,Finance,Investment Bankers/Brokers/Service
RKLB,Rocket Lab Corporation,10.38,-35.37,13,12,30,Industrials,Military/Government/Technical
NGGTF,National Grid plc,-1.0,-2.46,18,55,34,Utilities,Utilities - Regulated Electric
JCI,Johnson Controls International plc,3.2,-0.64,98,99,69,Industrials,Industrial Machinery/Components
VCISY,Vinci SA,4.62,1.25,91,100,37,Industrials,Engineering & Construction
BE,Bloom Energy Corporation,26.49,-28.46,33,35,97,Energy,Industrial Machinery/Components
EMR,Emerson Electric Co.,2.0,6.54,82,80,48,Technology,Consumer Electronics/Appliances
ABNB,"Airbnb, Inc.",-0.61,3.24,80,73,58,Consumer Discretionary,Diversified Commercial Services
CVNA,Carvana Co.,-7.36,-9.47,10,22,12,Consumer Discretionary,Retail-Auto Dealers and Gas Stations
NGG,National Grid plc,1.91,0.26,5,54,41,Utilities,Natural Gas Distribution
LYG,Lloyds Banking Group plc,6.47,5.93,100,100,78,Finance,Commercial Banks
CHGCF,"Chugai Pharmaceutical Co., Ltd.",10.92,7.28,74,79,22,Healthcare,Drug Manufacturers - General
MDLZ,"Mondelez International, Inc.",-2.94,6.28,65,66,42,Consumer Staples,Packaged Foods
BAM,Brookfield Asset Management Ltd.,1.29,5.64,73,82,26,Consumer Discretionary,Other Consumer Services
MPWR,"Monolithic Power Systems, Inc.",5.4,-1.17,38,58,67,Technology,Semiconductors
RCL,Royal Caribbean Cruises Ltd.,-0.51,5.11,86,81,60,Consumer Discretionary,Marine Transportation
ANZGF,ANZ Group Holdings Limited,0.0,4.39,100,100,68,Financial Services,Banks - Diversified
ROST,"Ross Stores, Inc.",0.24,19.19,92,87,87,Consumer Discretionary,Clothing/Shoe/Accessory Stores
SU,Suncor Energy Inc.,1.41,24.57,99,92,83,Energy,Integrated oil Companies
CRH,CRH plc,-3.72,-8.74,0,0,15,Industrials,Building Materials
VOLVF,AB Volvo (publ),0.34,13.26,91,85,70,Industrials,Farm & Heavy Construction Machinery
CNI,Canadian National Railway Company,-2.09,6.1,59,63,79,Industrials,Railroads
VLVLY,AB Volvo (publ),2.13,14.49,100,93,74,Industrials,Farm & Heavy Construction Machinery
OVCHF,Oversea-Chinese Banking Corporation Limited,0.0,14.02,75,76,91,Financial Services,Banks - Regional
TDG,TransDigm Group Incorporated,-1.16,-4.53,41,56,28,Industrials,Military/Government/Technical
DASH,"DoorDash, Inc.",2.07,4.59,100,93,29,Technology,EDP Services
JPPTY,"JAPAN POST BANK Co., Ltd.",1.79,3.21,31,50,92,Financial Services,Banks - Regional
NSC,Norfolk Southern Corporation,-0.54,4.68,47,64,63,Industrials,Railroads
JAPAF,Japan Tobacco Inc.,2.92,7.15,100,98,61,Consumer Defensive,Tobacco
AON,Aon plc,-2.81,6.7,51,57,55,Finance,Specialty Insurers
MURGY,Münchener Rückversicherungs-Gesellschaft Aktiengesellschaft in München,0.84,7.6,89,81,35,Financial Services,Insurance - Reinsurance
SFBQF,SoftBank Corp.,-1.99,2.95,78,75,42,Communication Services,Telecom Services
MKKGY,Merck KGaA,0.73,0.58,85,81,77,Healthcare,Drug Manufacturers - Specialty & Generic
NBNKF,Nordea Bank Abp,1.73,-2.33,70,85,49,Financial Services,Banks - Regional
BHKLY,BOC Hong Kong (Holdings) Limited,1.16,23.05,98,92,85,Financial Services,Banks - Regional
REGN,"Regeneron Pharmaceuticals, Inc.",6.17,18.19,100,100,62,Health Care,Biotechnology: Pharmaceutical Preparations
NWG,NatWest Group plc,5.4,3.0,100,100,72,Finance,Commercial Banks
NU,Nu Holdings Ltd.,3.21,8.22,85,82,30,Finance,Finance: Consumer Services
URI,"United Rentals, Inc.",1.28,-3.88,45,56,66,Consumer Discretionary,Diversified Commercial Services
PSTVY,"Postal Savings Bank of China Co., Ltd.",0.0,17.22,81,80,31,Financial Services,Banks - Regional
NNFSF,"Nongfu Spring Co., Ltd.",0.0,-0.96,100,100,43,Consumer Defensive,Beverages - Non-Alcoholic
SMTOY,"Sumitomo Electric Industries, Ltd.",-4.03,-23.92,6,12,91,Consumer Cyclical,Auto Parts
STM,STMicroelectronics N.V.,9.72,-24.97,18,18,92,Technology,Semiconductors
SMTOF,"Sumitomo Electric Industries, Ltd.",-8.82,-33.83,0,0,2,Consumer Cyclical,Auto Parts
WFAFF,Wesfarmers Limited,0.0,0.0,51,64,53,Consumer Cyclical,Home Improvement Retail
MCQEF,Macquarie Group Limited,0.0,9.58,86,81,65,Financial Services,Capital Markets
DSDVY,DSV A/S,0.27,-10.43,12,15,18,Industrials,Integrated Freight & Logistics
LDNXF,London Stock Exchange Group plc,-6.23,5.66,34,44,20,Financial Services,Financial Data & Stock Exchanges
MBGYY,Mercedes-Benz Group AG,1.57,9.49,99,89,22,Consumer Cyclical,Auto Manufacturers
SCBFF,Standard Chartered PLC,3.09,8.04,100,98,84,Financial Services,Banks - Diversified
SRE,Sempra,0.86,-1.96,0,40,39,Utilities,Natural Gas Distribution
PCAR,PACCAR Inc,-0.08,10.33,76,76,72,Consumer Discretionary,Motor Vehicles
NGLOY,Anglo American plc,6.88,4.27,100,100,77,Basic Materials,Other Industrial Metals & Mining
CRARF,Crédit Agricole S.A.,4.05,8.78,100,100,65,Financial Services,Banks - Regional
DSDVF,DSV A/S,2.87,-10.56,19,28,18,Industrials,Integrated Freight & Logistics
HPE,Hewlett Packard Enterprise Company,6.08,7.26,78,87,96,Technology,Retail: Computer Software & Peripheral Equipment
NUE,Nucor Corporation,0.4,17.36,81,80,91,Industrials,Steel/Iron Ore
NTIOF,National Bank of Canada,2.1,2.21,68,80,83,Financial Services,Banks - Diversified
SGAPY,Singapore Telecommunications Limited,0.14,4.08,80,76,44,Communication Services,Telecom Services
MSTR,Strategy Inc,4.73,4.66,66,89,2,Technology,Computer Software: Prepackaged Software
UCBJY,UCB SA,-12.61,-15.01,0,0,28,Healthcare,Biotechnology
ORANY,Orange S.A.,-2.38,7.7,66,68,55,Communication Services,Telecom Services
KBCSY,KBC Group NV,3.48,4.43,100,100,68,Financial Services,Banks - Regional
EONGY,E.ON SE,1.97,8.12,58,78,55,Utilities,Utilities - Diversified
TRGP,Targa Resources Corp.,1.39,4.08,36,59,86,Utilities,Natural Gas Distribution
MARUY,Marubeni Corporation,4.59,-88.77,1,2,1,Industrials,Conglomerates
PCRFF,Panasonic Holdings Corporation,30.23,-5.53,78,92,96,Technology,Consumer Electronics
VWAPY,Volkswagen AG,1.98,9.94,100,91,16,Consumer Cyclical,Auto Manufacturers
VST,Vistra Corp.,4.07,-2.96,14,17,16,Utilities,Electric Utilities: Central
PSA,Public Storage,-3.64,-1.73,37,45,57,Real Estate,Real Estate Investment Trusts
SSUMY,Sumitomo Corporation,3.37,3.9,100,100,73,Industrials,Conglomerates
CARR,Carrier Global Corporation,2.45,-14.51,5,0,35,Industrials,Industrial Machinery/Components
BASFY,BASF SE,1.72,11.76,100,90,56,Basic Materials,Chemicals
FJIKY,FJIKY,14.89,-25.91,29,30,78,Industrials,Conglomerates
MARUF,Marubeni Corporation,1.37,1.8,36,47,44,Industrials,Conglomerates
VLKAF,Volkswagen AG,1.14,5.3,93,83,11,Consumer Cyclical,Auto Manufacturers
LOBLY,LOBLY,-1.52,3.47,34,49,56,Consumer Defensive,Grocery Stores
DBOEY,Deutsche Börse AG,-1.75,11.88,70,70,52,Financial Services,Financial Data & Stock Exchanges
NTDOY,"Nintendo Co., Ltd.",-0.83,11.82,83,78,9,Communication Services,Electronic Gaming & Multimedia
AJG,Arthur J. Gallagher & Co.,-4.63,7.01,48,50,47,Finance,Specialty Insurers
ASMXF,ASM International NV,-3.53,-25.9,0,0,62,Technology,Semiconductor Equipment & Materials
MT,ArcelorMittal S.A.,5.54,17.01,100,100,91,Industrials,Steel/Iron Ore
DVN,Devon Energy Corporation,-0.65,9.74,76,77,56,Energy,Oil & Gas Production
TAK,Takeda Pharmaceutical Company Limited,-2.82,8.15,58,61,57,Health Care,Biotechnology: Pharmaceutical Preparations
ABEV,Ambev S.A.,0.65,0.32,82,75,72,Consumer Staples,Beverages (Production/Distribution)
GDERF,GDERF,0.65,-5.48,88,85,70,Healthcare,Drug Manufacturers - Specialty & Generic
RNECY,Renesas Electronics Corporation,12.54,-29.88,20,20,89,Technology,Semiconductors
SCGLF,Société Générale Société anonyme,7.05,4.65,100,100,72,Financial Services,Banks - Regional
GALDY,GALDY,4.36,2.09,100,100,74,Healthcare,Drug Manufacturers - Specialty & Generic
RNECF,Renesas Electronics Corporation,9.17,-31.96,16,16,90,Technology,Semiconductors
DRPRF,Dr. Ing. h.c. F. Porsche AG,0.0,1.0,100,100,41,Consumer Cyclical,Auto Manufacturers
INFY,Infosys Limited,-5.16,12.21,59,61,12,Technology,EDP Services
AU,AngloGold Ashanti plc,5.73,1.78,79,100,59,Basic Materials,Precious Metals
ADSK,"Autodesk, Inc.",-4.19,17.63,70,68,17,Technology,Computer Software: Prepackaged Software
WUXIF,"WuXi AppTec Co., Ltd.",-0.05,2.36,65,87,97,Healthcare,Diagnostics & Research
EBAY,eBay Inc.,-1.54,2.01,49,54,71,Consumer Discretionary,Business Services
AZO,"AutoZone, Inc.",-4.32,-6.57,32,47,11,Consumer Discretionary,Auto & Home Supply Stores
EBKOF,Erste Group Bank AG,0.0,-0.42,62,68,68,Financial Services,Banks - Regional
RWEOY,RWE Aktiengesellschaft,2.77,2.72,51,75,68,Utilities,Utilities - Diversified
WEICF,"Weichai Power Co., Ltd.",-2.21,-11.33,7,15,84,Consumer Cyclical,Auto Manufacturers
EXC,Exelon Corporation,-3.08,-1.47,22,40,36,Utilities,Power Generation
TYHOF,Toyota Tsusho Corporation,0.0,9.88,86,81,86,Industrials,Conglomerates
MSCI,MSCI Inc.,-1.23,-1.08,30,45,34,Consumer Discretionary,Business Services
DEO,Diageo plc,-0.11,13.16,86,81,40,Consumer Staples,Beverages (Production/Distribution)
DNBBF,DNB Bank ASA,1.33,2.87,88,81,52,Financial Services,Banks - Regional
HINKF,Heineken N.V.,0.0,7.46,84,79,66,Consumer Defensive,Beverages - Brewers
ORLNY,ORLNY,0.0,9.58,92,100,57,Energy,Oil & Gas Integrated
FITBP,Fifth Third Bancorp,-0.13,-0.0,100,100,35,Finance,Major Banks
GRMN,Garmin Ltd.,0.92,25.21,97,91,77,Industrials,Industrial Machinery/Components
SEMHF,Siemens Healthineers AG,0.0,7.57,87,82,20,Healthcare,Medical Devices
WUXAY,"WuXi AppTec Co., Ltd.",-0.58,-0.55,50,69,80,Healthcare,Diagnostics & Research
FNV,Franco-Nevada Corporation,3.26,6.17,100,100,48,Basic Materials,Precious Metals
DSCSY,Disco Corporation,13.82,-26.56,23,24,20,Technology,Semiconductor Equipment & Materials
DKILF,"Daikin Industries,Ltd.",4.74,3.28,30,52,70,Industrials,Building Products & Equipment
ANNSF,"Aena S.M.E., S.A.",1.73,1.67,100,84,55,Industrials,Airports & Air Services
FERG,Ferguson Enterprises Inc.,0.07,-1.24,41,63,22,Miscellaneous,Miscellaneous
LZAGY,Lonza Group AG,1.8,2.23,97,88,51,Healthcare,Diagnostics & Research
DISPF,Disco Corporation,-4.91,-38.57,0,0,99,Technology,Semiconductor Equipment & Materials
ERIC,Telefonaktiebolaget LM Ericsson (publ),-0.2,-10.12,18,28,37,Technology,Radio And Television Broadcasting And Communications Equipment
DKILY,"Daikin Industries,Ltd.",3.34,-2.37,27,57,65,Industrials,Building Products & Equipment
BAYRY,Bayer Aktiengesellschaft,2.42,0.87,41,63,88,Healthcare,Drug Manufacturers - General
UNVGY,Universal Music Group N.V.,-11.27,-6.28,0,5,12,Communication Services,Entertainment
DNKEY,Danske Bank A/S,3.6,7.04,100,100,81,Financial Services,Banks - Regional
TLGPY,Telstra Group Limited,0.62,2.42,86,79,43,Communication Services,Telecom Services
ASAZF,ASSA ABLOY AB (publ),-1.35,5.23,100,100,45,Industrials,Security & Protection Services
VIK,Viking Holdings Ltd,1.74,2.4,98,88,92,Consumer Discretionary,Marine Transportation
CMG,"Chipotle Mexican Grill, Inc.",12.5,10.06,100,100,40,Consumer Discretionary,Restaurants
IX,ORIX Corporation,3.27,5.21,97,100,89,Finance,Diversified Financial Services
UMGNF,Universal Music Group N.V.,-6.52,-2.2,24,38,14,Communication Services,Entertainment
BDX,"Becton, Dickinson and Company",-1.75,8.21,74,73,61,Health Care,Medical/Dental Instruments
HLNCF,Haleon plc,-0.4,11.28,79,74,47,Healthcare,Drug Manufacturers - Specialty & Generic
HLN,Haleon plc,-1.65,7.55,61,65,48,Consumer Discretionary,Package Goods/Cosmetics
TYIDY,Toyota Industries Corporation,0.0,-0.34,80,74,51,Industrials,Farm & Heavy Construction Machinery
SLF,Sun Life Financial Inc.,0.61,4.97,78,78,79,Finance,Life Insurance
ORXCF,ORIX Corporation,0.33,9.09,72,75,88,Financial Services,Financial Conglomerates
PYPL,"PayPal Holdings, Inc.",-1.2,30.81,89,85,34,Industrials,Diversified Commercial Services
AIG,"American International Group, Inc.",-1.63,3.0,56,59,46,Finance,Life Insurance
TKO,"TKO Group Holdings, Inc.",-1.89,-9.2,32,51,37,Consumer Discretionary,Services-Misc. Amusement & Recreation
LYV,"Live Nation Entertainment, Inc.",-0.47,-0.23,67,67,72,Consumer Discretionary,Services-Misc. Amusement & Recreation
OTSKY,"Otsuka Holdings Co., Ltd.",2.2,8.77,95,91,71,Healthcare,Drug Manufacturers - General
ADM,Archer-Daniels-Midland Company,0.29,5.22,40,57,76,Consumer Staples,Packaged Foods
KR,The Kroger Co.,-3.36,2.88,43,50,17,Consumer Staples,Food Chains
DCNSF,"Daiichi Life Group, Inc.",0.0,0.0,51,64,83,Financial Services,Insurance - Life
HLBZF,Heidelberg Materials AG,4.4,1.48,69,87,16,Basic Materials,Building Materials
PWCDF,Power Corporation of Canada,2.15,5.23,94,87,86,Financial Services,Insurance - Life
DLICY,"Daiichi Life Group, Inc.",1.57,7.08,94,84,89,Financial Services,Insurance - Life
DTRUY,Daimler Truck Holding AG,1.19,17.56,97,90,75,Industrials,Farm & Heavy Construction Machinery
UAL,"United Airlines Holdings, Inc.",3.47,-8.56,48,70,82,Consumer Discretionary,Air Freight/Delivery Services
ADRNY,Koninklijke Ahold Delhaize N.V.,0.43,-0.22,56,67,26,Consumer Defensive,Grocery Stores
VMC,Vulcan Materials Company,-4.47,-8.06,0,17,24,Industrials,Mining & Quarrying of Nonmetallic Minerals (No Fuels)
HUM,Humana Inc.,0.34,-10.44,0,0,92,Health Care,Medical Specialities
PPRUY,Kering SA,0.72,19.94,95,90,65,Consumer Cyclical,Luxury Goods
TSCDY,Tesco PLC,-0.75,8.08,76,74,57,Consumer Defensive,Grocery Stores
AHODF,Koninklijke Ahold Delhaize N.V.,0.0,3.53,63,65,31,Consumer Defensive,Grocery Stores
AXON,"Axon Enterprise, Inc.",-1.11,-11.56,25,35,35,Industrials,Ordnance And Accessories
NIPNF,NEC Corporation,5.82,21.91,100,100,32,Technology,Information Technology Services
PUK,Prudential plc,5.91,11.88,100,100,50,Finance,Life Insurance
FRFHF,Fairfax Financial Holdings Limited,-1.73,1.12,58,58,32,Financial Services,Insurance - Property & Casualty
NHOLF,"Sompo Holdings, Inc.",0.0,0.0,51,64,69,Financial Services,Insurance - Property & Casualty
PSZKY,Powszechna Kasa Oszczednosci Bank Polski Spólka Akcyjna,-5.9,5.78,54,56,75,Financial Services,Banks - Regional
DTGHF,Daimler Truck Holding AG,0.0,7.89,84,79,60,Industrials,Farm & Heavy Construction Machinery
SHNDY,Schindler Holding AG,-0.28,-2.86,72,100,16,Industrials,Specialty Industrial Machinery
JD,"JD.com, Inc.",0.34,22.81,93,88,48,Consumer Discretionary,Other Specialty Stores
GFI,Gold Fields Limited,4.0,-0.59,56,85,19,Basic Materials,Precious Metals
MLM,"Martin Marietta Materials, Inc.",-5.21,-6.77,0,20,18,Industrials,Mining & Quarrying of Nonmetallic Minerals (No Fuels)
GFIOF,Gold Fields Limited,-0.34,-10.34,19,61,79,Basic Materials,Gold
HNDAF,"Honda Motor Co., Ltd.",-5.21,6.89,48,53,34,Consumer Cyclical,Auto Manufacturers
ADYYF,Adyen N.V.,0.01,4.39,65,66,5,Technology,Software - Infrastructure
BBDO,Banco Bradesco S.A.,0.94,11.9,85,83,50,Finance,Major Banks
VOD,Vodafone Group Public Limited Company,0.06,24.06,92,88,75,Telecommunications,Telecommunications Equipment
SAABF,Saab AB (publ),-2.86,20.3,92,96,38,Industrials,Aerospace & Defense
SHLRF,Schindler Holding AG,0.0,-8.59,5,27,14,Industrials,Specialty Industrial Machinery
QSR,Restaurant Brands International Inc.,-1.56,4.03,45,58,46,Consumer Discretionary,Restaurants
RDDT,"Reddit, Inc.",0.03,-9.97,28,46,49,Technology,EDP Services
RBLX,Roblox Corporation,-2.91,-16.01,11,22,3,Technology,Computer Software: Prepackaged Software
LVS,Las Vegas Sands Corp.,2.72,7.83,100,96,20,Consumer Discretionary,Hotels/Resorts
GVDBF,Givaudan SA,0.0,-8.24,0,25,36,Basic Materials,Specialty Chemicals
HBANP,Huntington Bancshares Incorporated,0.5,0.37,65,69,27,Finance,Major Banks
HBANL,Huntington Bancshares Incorporated,0.2,0.72,59,67,39,Finance,Major Banks
ALC,Alcon Inc.,-0.06,4.18,75,72,19,Health Care,Ophthalmic Goods
DNZOY,DENSO Corporation,3.28,20.52,100,100,49,Consumer Cyclical,Auto Parts
FNLPF,Fresnillo plc,7.05,-4.56,57,78,52,Basic Materials,Other Precious Metals & Mining
KYOCF,Kyocera Corporation,5.46,3.1,63,94,94,Industrials,Conglomerates
CMXHF,CSL Limited,0.0,10.98,86,76,10,Healthcare,Biotechnology
TS,Tenaris S.A.,1.63,4.69,76,86,75,Industrials,Steel/Iron Ore
KMB,Kimberly-Clark Corporation,-2.67,-1.12,53,56,47,Consumer Discretionary,Containers/Packaging
MLYBY,Malayan Banking Berhad,0.76,5.8,48,67,38,Financial Services,Banks - Regional
AVIFY,Advanced Info Service Public Company Limited,-2.49,-5.81,21,34,68,Communication Services,Telecom Services
SBGOF,Standard Bank Group Limited,0.45,0.81,89,82,74,Financial Services,Banks - Regional
FANDF,FirstRand Limited,0.0,0.0,100,100,98,Financial Services,Banks - Diversified
FANDY,FirstRand Limited,0.0,0.0,51,64,71,Financial Services,Banks - Diversified
DSNKY,"Daiichi Sankyo Company, Limited",3.11,14.08,100,99,22,Healthcare,Drug Manufacturers - General
SXYAY,Sika AG,2.44,7.78,100,95,62,Basic Materials,Specialty Chemicals
ACGLO,Arch Capital Group Ltd.,0.36,2.47,78,75,30,Finance,Property-Casualty Insurers
SGBLY,Standard Bank Group Limited,3.14,3.67,100,98,75,Financial Services,Banks - Regional
TLLXY,Talanx AG,0.0,7.75,98,100,51,Financial Services,Insurance - Diversified
TGOPF,3i Group plc,-0.44,15.78,86,81,17,Financial Services,Asset Management
AJINF,"Ajinomoto Co., Inc.",0.0,-18.29,2,11,50,Consumer Defensive,Packaged Foods
NTRS,Northern Trust Corporation,2.74,3.94,56,93,78,Finance,Major Banks
HENOY,Henkel AG & Co. KGaA,0.92,3.44,89,80,62,Consumer Defensive,Household & Personal Products
MITEY,"Mitsubishi Estate Co., Ltd.",3.48,5.08,70,100,53,Real Estate,Real Estate - Diversified
SVNDY,"Seven & i Holdings Co., Ltd.",1.39,15.12,98,90,51,Consumer Defensive,Grocery Stores
QIHCF,"Haier Smart Home Co., Ltd.",0.0,0.0,51,64,59,Consumer Cyclical,"Furnishings, Fixtures & Appliances"
AMRZ,AMRZ,0.28,-5.94,26,59,23,Industrials,Building Materials
VG,VG,1.46,20.04,56,63,61,Utilities,Oil/Gas Transmission
NSKFF,Kongsberg Gruppen ASA,0.81,5.15,93,100,49,Industrials,Aerospace & Defense
SVNLF,Svenska Handelsbanken AB (publ),1.63,1.28,98,80,49,Financial Services,Banks - Diversified
VEOEF,Veolia Environnement SA,2.87,0.93,38,78,62,Industrials,Waste Management
SVNLY,Svenska Handelsbanken AB (publ),2.86,4.28,100,96,71,Financial Services,Banks - Diversified
GBOOY,"Grupo Financiero Banorte, S.A.B. de C.V.",2.52,7.02,100,95,70,Financial Services,Banks - Regional
DASTY,Dassault Systèmes SE,-3.09,11.27,73,70,18,Technology,Software - Application
POPMF,POPMF,-4.61,-6.77,0,2,3,,
BIIB,Biogen Inc.,-0.62,-0.86,72,76,78,Health Care,Biotechnology: Biological Products (No Diagnostic Substances)
SHG,"Shinhan Financial Group Co., Ltd.",5.67,15.72,100,100,76,Finance,Major Banks
CQP,"Cheniere Energy Partners, L.P.",3.2,7.25,77,93,59,Utilities,Oil/Gas Transmission
TSEM,Tower Semiconductor Ltd.,12.41,-13.97,29,27,97,Technology,Semiconductors
DXCM,"DexCom, Inc.",-0.8,8.25,60,67,54,Health Care,Medical/Dental Instruments
CASY,"Casey's General Stores, Inc.",0.04,10.61,84,79,86,Consumer Discretionary,Retail-Auto Dealers and Gas Stations
KHNGF,Kuehne + Nagel International AG,0.92,2.87,82,77,62,Industrials,Integrated Freight & Logistics
HNNMY,H & M Hennes & Mauritz AB (publ),1.4,9.01,98,88,49,Consumer Cyclical,Apparel Manufacturing
REPYY,"Repsol, S.A.",2.32,26.44,100,96,92,Energy,Oil & Gas Integrated
SAXPY,Sampo Oyj,0.87,5.68,87,79,46,Financial Services,Insurance - Diversified
SYM,Symbotic Inc.,6.45,-4.49,73,100,8,Industrials,Industrial Machinery/Components
VWDRY,Vestas Wind Systems A/S,8.99,-3.81,63,97,59,Industrials,Specialty Industrial Machinery
LDSVF,Chocoladefabriken Lindt & Sprüngli AG,0.0,-2.74,56,100,13,Consumer Defensive,Confectioners
AMADY,"Amadeus IT Group, S.A.",2.6,9.76,100,96,29,Technology,Information Technology Services
RMD,ResMed Inc.,-2.67,3.71,66,66,16,Health Care,Medical/Dental Instruments
IMBBF,Imperial Brands PLC,-0.39,4.08,78,74,32,Consumer Defensive,Tobacco
PGPHF,Partners Group Holding AG,0.0,-4.24,12,51,4,Financial Services,Asset Management
KHNGY,Kuehne + Nagel International AG,1.64,2.71,56,78,71,Industrials,Integrated Freight & Logistics
BRDCY,Bridgestone Corporation,2.0,21.54,100,94,70,Consumer Cyclical,Auto Parts
SAXPF,Sampo Oyj,0.0,8.38,84,79,45,Financial Services,Insurance - Diversified
SGGKF,Singapore Technologies Engineering Ltd,0.0,-6.85,0,18,41,Industrials,Aerospace & Defense
EXPE,"Expedia Group, Inc.",-3.73,10.73,67,67,79,Consumer Discretionary,Transportation Services
REPYF,"Repsol, S.A.",0.0,22.1,83,87,91,Energy,Oil & Gas Integrated
MDB,"MongoDB, Inc.",1.49,-9.32,45,58,59,Technology,Computer Software: Prepackaged Software
BESVF,BE Semiconductor Industries N.V.,0.0,-27.92,4,10,76,Technology,Semiconductor Equipment & Materials
ANPDY,ANTA Sports Products Limited,0.22,11.13,88,83,27,Consumer Cyclical,Leisure
YZCAY,Yankuang Energy Group Company Limited,0.0,7.53,81,83,39,Energy,Thermal Coal
FTAIM,FTAI Aviation Ltd.,-0.2,0.86,58,65,49,Industrials,Misc Corporate Leasing Services
VWSYF,Vestas Wind Systems A/S,5.3,-4.76,37,57,55,Industrials,Specialty Industrial Machinery
ANPDF,ANTA Sports Products Limited,0.0,8.56,88,83,19,Consumer Cyclical,Leisure
P,"Everpure, Inc.",8.39,-2.7,61,86,42,Technology,Electronic Components
WNGRF,George Weston Limited,0.0,6.17,85,80,59,Consumer Defensive,Grocery Stores
ZTCOF,ZTE Corporation,0.0,-21.32,5,20,24,Technology,Communication Equipment
MTSFF,"Mitsui Fudosan Co., Ltd.",8.44,7.51,100,100,26,Real Estate,Real Estate - Diversified
GELHY,Geely Automobile Holdings Limited,1.74,21.03,100,93,49,Consumer Cyclical,Auto Manufacturers
NVZMF,Novozymes A/S,0.0,2.03,75,73,43,Basic Materials,Specialty Chemicals
ALPMY,Astellas Pharma Inc.,3.37,10.58,100,100,66,Healthcare,Drug Manufacturers - General
FQVLF,First Quantum Minerals Ltd.,2.36,3.08,98,93,74,Basic Materials,Copper
CAJPY,Canon Inc.,0.81,11.04,91,83,43,Technology,Computer Hardware
LNDMY,Lundin Mining Corporation,0.0,8.22,100,100,21,Basic Materials,Copper
FOXA,Fox Corporation,-0.22,8.66,84,79,25,Industrials,Broadcasting
PHG,Koninklijke Philips N.V.,1.3,-2.79,46,69,36,Health Care,Medical Electronics
NTOIF,Neste Oyj,0.0,5.44,34,49,89,Energy,Oil & Gas Refining & Marketing
NTOIY,Neste Oyj,3.39,15.49,68,80,90,Energy,Oil & Gas Refining & Marketing
EXXRF,Exor N.V.,0.79,4.55,86,79,23,Industrials,Farm & Heavy Construction Machinery
BKRKY,PT Bank Rakyat Indonesia (Persero) Tbk,1.75,10.72,74,89,14,Financial Services,Banks - Regional
AVVIY,Aviva plc,3.33,8.98,100,100,58,Financial Services,Insurance - Diversified
AFRM,"Affirm Holdings, Inc.",4.48,-12.64,19,28,53,Finance,Finance: Consumer Services
SFHOY,SFHOY,1.54,16.27,99,91,26,Industrials,Integrated Freight & Logistics
PUBGY,Publicis Groupe S.A.,0.59,13.21,91,84,67,Communication Services,Advertising Agencies
THNBY,THNBY,11.6,-15.15,21,23,98,Unknown,Unknown
NHYKF,Norsk Hydro ASA,0.78,2.37,86,78,50,Basic Materials,Aluminum
SZKMY,Suzuki Motor Corporation,3.8,10.09,100,100,58,Consumer Cyclical,Auto Manufacturers
AIBRF,AIB Group plc,-1.45,2.7,50,58,72,Financial Services,Banks - Regional
AONNY,"Aeon Co., Ltd.",0.57,10.54,88,78,9,Consumer Cyclical,Department Stores
HXGBF,Hexagon AB (publ),0.0,16.67,92,86,16,Technology,Scientific & Technical Instruments
FUJIF,FUJIFILM Holdings Corporation,0.0,5.57,46,63,59,Industrials,Conglomerates
FMX,"Fomento Económico Mexicano, S.A.B. de C.V.",4.71,0.32,39,60,77,Consumer Staples,Beverages (Production/Distribution)
WRTBY,Wärtsilä Oyj Abp,5.02,-6.5,50,99,29,Industrials,Specialty Industrial Machinery
BG,Bunge Global SA,-2.51,0.17,0,15,40,Consumer Staples,Packaged Foods
ATI,ATI Inc.,2.24,-5.34,5,27,92,Industrials,Steel/Iron Ore
MTD,Mettler-Toledo International Inc.,-0.56,6.17,82,77,45,Industrials,Biotechnology: Laboratory Analytical Instruments
BNNCY,Banco BPM S.p.A.,0.0,0.0,100,100,70,Financial Services,Banks - Regional
CPAY,"Corpay, Inc.",-0.69,14.42,83,79,77,Consumer Discretionary,Business Services
WTW,Willis Towers Watson Public Limited Company,6.37,22.18,100,100,57,Finance,Specialty Insurers
NXT,Nextpower Inc.,4.56,-16.57,14,9,34,Industrials,Industrial Machinery/Components
LSRCF,Lasertec Corporation,0.0,-16.24,17,45,99,Technology,Semiconductor Equipment & Materials
SOFI,"SoFi Technologies, Inc.",8.0,-10.68,33,37,12,Finance,Finance: Consumer Services
NRSCF,"Nomura Holdings, Inc.",0.0,11.93,88,83,80,Financial Services,Capital Markets
AER,AerCap Holdings N.V.,2.85,7.72,85,82,69,Consumer Discretionary,Diversified Commercial Services
INSM,Insmed Incorporated,-1.58,-5.15,0,0,8,Health Care,Biotechnology: Pharmaceutical Preparations
ALFVY,Alfa Laval AB (publ),4.37,-0.94,73,100,60,Industrials,Specialty Industrial Machinery
SZKMF,Suzuki Motor Corporation,0.0,6.15,85,79,44,Consumer Cyclical,Auto Manufacturers
CJPRF,Central Japan Railway Company,0.0,-6.44,45,100,98,Industrials,Railroads
IHG,InterContinental Hotels Group PLC,0.66,-3.46,55,74,75,Consumer Discretionary,Hotels/Resorts
WRTBF,Wärtsilä Oyj Abp,0.0,-12.82,22,65,41,Industrials,Specialty Industrial Machinery
HPGLY,Hapag-Lloyd Aktiengesellschaft,0.0,13.74,84,84,48,Industrials,Marine Shipping
AKRBY,Aker BP ASA,-2.03,15.0,72,86,70,Energy,Oil & Gas E&P
FCNCN,"First Citizens BancShares, Inc. Depositary Shares, each representing a 1/40th interest in a share of 6.625% Non-Cumulative Perpetual Preferred Stock, Series E",0.52,-2.11,17,61,40,Finance,Major Banks
IREN,IREN Limited,30.54,-11.68,62,71,50,Technology,EDP Services
CLLNY,"Cellnex Telecom, S.A.",0.13,8.18,89,83,24,Real Estate,Real Estate Services
ZS,"Zscaler, Inc.",-3.5,1.32,59,62,9,Technology,EDP Services
SGSOY,SGS SA,1.27,3.73,92,80,58,Industrials,Consulting Services
CMS,CMS Energy Corporation,-2.82,-4.82,7,34,34,Utilities,Power Generation
CAOVF,China Overseas Land & Investment Limited,0.0,-19.51,7,23,32,Real Estate,Real Estate - Development
TRUMF,Terumo Corporation,0.0,0.77,43,61,24,Healthcare,Medical Instruments & Supplies
NNGPF,NN Group N.V.,2.97,8.5,100,98,79,Financial Services,Insurance - Diversified
EMBVF,"Arca Continental, S.A.B. de C.V.",-1.14,-4.98,15,50,39,Consumer Defensive,Beverages - Non-Alcoholic
BDRXF,Bombardier Inc.,1.15,1.71,90,80,45,Industrials,Aerospace & Defense
FUWAF,"Furukawa Electric Co., Ltd.",0.0,-92.18,10,22,1,Industrials,Electrical Equipment & Parts
NI,NiSource Inc.,0.58,-3.84,6,50,37,Utilities,Power Generation
IPOAF,"Industrias Peñoles, S.A.B. de C.V.",0.0,5.07,68,74,49,Basic Materials,Other Industrial Metals & Mining
BDRAF,Bombardier Inc.,-9.23,3.17,28,38,91,Industrials,Aerospace & Defense
LPLA,LPL Financial Holdings Inc.,0.41,15.65,91,85,29,Finance,Investment Bankers/Brokers/Service
CAOVY,China Overseas Land & Investment Limited,-1.05,9.73,64,70,32,Real Estate,Real Estate - Development
PPERF,PT Bank Mandiri (Persero) Tbk,0.0,-4.1,0,28,12,Financial Services,Banks - Regional
FFIV,"F5, Inc.",0.47,-8.35,0,21,78,Telecommunications,Computer Communications Equipment
DGX,Quest Diagnostics Incorporated,-0.39,8.9,88,83,81,Health Care,Medical Specialities
SW,Smurfit Westrock Plc,-1.53,3.1,63,65,61,Consumer Discretionary,Containers/Packaging
VIV,Telefônica Brasil S.A.,0.94,-0.42,0,16,35,Telecommunications,Telecommunications Equipment
LH,Labcorp Holdings Inc.,2.73,11.15,100,96,71,Health Care,Medical Specialities
SHWDY,Resonac Holdings Corporation,0.0,-32.63,3,5,94,Basic Materials,Chemicals
VONOY,Vonovia SE,1.25,0.5,48,77,18,Real Estate,Real Estate Services
FOJCF,Fortum Oyj,0.0,-1.97,22,58,39,Utilities,Utilities - Renewable
NXGPF,NEXT plc,1.06,5.03,90,81,66,Consumer Cyclical,Apparel Retail
SNX,TD SYNNEX Corporation,1.38,-3.34,96,85,89,Technology,Retail: Computer Software & Peripheral Equipment
FOJCY,Fortum Oyj,3.74,-2.63,23,54,39,Utilities,Utilities - Renewable
CCHGY,Coca-Cola HBC AG,1.55,3.65,96,84,82,Consumer Defensive,Beverages - Non-Alcoholic
WWD,"Woodward, Inc.",-7.56,-15.36,0,0,64,Energy,Industrial Machinery/Components
ALB,Albemarle Corporation,3.41,-13.46,21,24,27,Industrials,Major Chemicals
EXPD,"Expeditors International of Washington, Inc.",-1.83,0.12,18,45,75,Industrials,Integrated Freight & Logistics
AS,"Amer Sports, Inc.",0.11,5.83,83,78,39,Consumer Discretionary,Apparel
TLSNF,Telia Company AB (publ),0.0,-14.02,51,64,47,Communication Services,Telecom Services
TLSNY,Telia Company AB (publ),0.54,1.69,78,75,53,Communication Services,Telecom Services
BURL,"Burlington Stores, Inc.",0.29,18.17,93,87,78,Consumer Discretionary,Department/Specialty Retail Stores
KUBTY,Kubota Corporation,2.97,7.76,100,97,76,Industrials,Farm & Heavy Construction Machinery
ELCPF,"EDP, S.A.",0.82,-8.08,15,46,34,Utilities,Utilities - Diversified
VLTO,Veralto Corporation,-4.17,4.84,48,52,31,Industrials,Electrical Products
LSCC,Lattice Semiconductor Corporation,10.24,-14.88,40,40,92,Technology,Semiconductors
BSBR,Banco Santander (Brasil) S.A.,1.1,-0.65,30,45,21,Finance,Commercial Banks
ULS,UL Solutions Inc.,-0.24,-5.64,63,76,65,Health Care,Precision Instruments
LGGNY,Legal & General Group Plc,3.25,6.84,100,100,78,Financial Services,Asset Management
CDE,"Coeur Mining, Inc.",5.26,-6.89,41,56,32,Basic Materials,Precious Metals
LGGNF,Legal & General Group Plc,0.0,1.33,70,74,59,Financial Services,Asset Management
FYGGY,"Fuyao Glass Industry Group Co., Ltd.",5.14,13.93,100,100,23,Consumer Cyclical,Auto Parts
DD,"DuPont de Nemours, Inc.",0.54,0.27,78,76,71,Industrials,Major Chemicals
RBA,"RB Global, Inc.",-4.51,-2.7,35,48,41,Consumer Discretionary,Business Services
CXMSF,"CEMEX, S.A.B. de C.V.",0.0,-1.67,1,34,57,Basic Materials,Building Materials
JMHLY,Jardine Matheson Holdings Limited,0.56,11.24,91,84,47,Industrials,Conglomerates
KNRRY,Knorr-Bremse AG,-5.61,1.46,45,51,59,Consumer Cyclical,Auto Parts
IFF,International Flavors & Fragrances Inc.,-0.19,-2.06,59,76,63,Industrials,Major Chemicals
SAUHY,Straumann Holding AG,2.18,-5.41,60,90,54,Healthcare,Medical Instruments & Supplies
SNA,Snap-on Incorporated,-1.39,1.43,53,61,64,Consumer Discretionary,Industrial Machinery/Components
HLDCY,Henderson Land Development Company Limited,1.63,21.36,100,93,41,Real Estate,Real Estate - Diversified
WSPOF,WSP Global Inc.,-2.03,-6.0,38,49,4,Industrials,Engineering & Construction
NPSCY,Nippon Steel Corporation,1.2,25.75,98,91,32,Basic Materials,Steel
BCH,Banco de Chile,3.58,8.78,100,100,75,Finance,Commercial Banks
NATKY,National Atomic Company Kazatomprom JSC,0.0,5.56,85,79,44,Energy,Uranium
IVBXF,"Innovent Biologics, Inc.",-2.79,9.8,72,76,51,Healthcare,Biotechnology
KGHPF,KGHM Polska Miedz S.A.,0.0,-12.91,16,46,78,Basic Materials,Copper
CABGY,Carlsberg A/S,2.57,12.69,100,94,68,Consumer Defensive,Beverages - Brewers
GXYEF,Galaxy Entertainment Group Limited,8.22,26.74,100,100,33,Consumer Cyclical,Resorts & Casinos
ARXS,"Arxis, Inc.",15.33,5.22,100,100,82,Industrials,Military/Government/Technical
WLMIF,Wilmar International Limited,6.56,16.91,100,100,77,Consumer Defensive,Packaged Foods
HALFF,HAL Trust,0.0,-0.66,100,100,52,Financial Services,Asset Management
CIB,Grupo Cibest S.A.,4.94,20.09,100,100,93,Finance,Commercial Banks
TIIAY,Telecom Italia S.p.A.,0.06,-8.8,14,26,84,Communication Services,Telecom Services
GIS,"General Mills, Inc.",-3.96,-1.91,44,53,21,Consumer Staples,Packaged Foods
KAJMY,Kajima Corporation,0.33,-6.71,11,33,34,Industrials,Engineering & Construction
VDMCY,Vodacom Group Limited,3.28,7.6,100,100,70,Communication Services,Telecom Services
AMCR,Amcor plc,-1.51,3.46,68,69,58,Consumer Discretionary,Miscellaneous manufacturing industries
APG,APi Group Corporation,1.95,-6.18,15,54,28,Consumer Discretionary,Engineering & Construction
DNGFF,Dongfang Electric Corporation Limited,0.0,0.17,100,100,85,Industrials,Specialty Industrial Machinery
BR,"Broadridge Financial Solutions, Inc.",-2.78,9.82,63,65,11,Consumer Discretionary,Business Services
UFGSY,Unipol Assicurazioni S.p.A.,0.0,9.71,85,79,89,Financial Services,Insurance - Property & Casualty
PL,Planet Labs PBC,3.85,-36.03,4,1,84,Technology,Radio And Television Broadcasting And Communications Equipment
SOAGY,Sartorius Aktiengesellschaft,-0.29,-1.67,29,46,38,Healthcare,Medical Instruments & Supplies
WY,Weyerhaeuser Company,-3.89,-0.25,49,56,28,Real Estate,Real Estate Investment Trusts
SIELF,"Shanghai Electric Group Co., Ltd.",0.0,0.0,100,100,80,Industrials,Specialty Industrial Machinery
BDNNY,Boliden AB (publ),5.02,-9.09,33,54,50,Basic Materials,Other Industrial Metals & Mining
WLMIY,Wilmar International Limited,2.67,9.46,100,95,70,Consumer Defensive,Packaged Foods
ESS,"Essex Property Trust, Inc.",-5.03,-4.51,0,21,52,Real Estate,Real Estate Investment Trusts
GXYYY,Galaxy Entertainment Group Limited,1.19,15.09,97,89,27,Consumer Cyclical,Resorts & Casinos
ITT,ITT Inc.,1.15,2.2,61,64,43,Industrials,Fluid Controls
KAOOY,Kao Corporation,0.29,6.6,82,77,43,Consumer Defensive,Household & Personal Products
WXIBF,WuXi Biologics (Cayman) Inc.,0.0,15.0,93,100,42,Healthcare,Biotechnology
AARTY,Airtel Africa Plc,0.0,6.91,66,94,96,Communication Services,Telecom Services
BKZHY,Erste Bank Polska S.A.,4.14,4.86,100,100,91,Unknown,Unknown
AAFRF,Airtel Africa Plc,0.0,3.96,94,100,73,Communication Services,Telecom Services
GH,"Guardant Health, Inc.",5.75,-10.79,36,44,97,Health Care,Medical Specialities
YAHOF,LY Corporation,0.0,3.38,73,72,26,Consumer Cyclical,Internet Retail
H,Hyatt Hotels Corporation,-5.02,-7.43,0,0,63,Consumer Discretionary,Hotels/Resorts
JBARF,Julius Bär Gruppe AG,0.0,-0.15,2,42,70,Financial Services,Asset Management
KGSPF,Kingspan Group plc,0.0,-4.86,42,100,31,Industrials,Building Products & Equipment
WES,"Western Midstream Partners, LP",1.13,10.18,87,86,72,Utilities,Natural Gas Distribution
CLPXY,China Longyuan Power Group Corporation Limited,0.0,15.05,79,82,16,Utilities,Utilities - Renewable
EWBC,"East West Bancorp, Inc.",0.48,0.16,52,69,67,Finance,Major Banks
SINGY,Singapore Airlines Limited,2.16,0.25,51,61,68,Industrials,Airlines
ZTO,ZTO Express (Cayman) Inc.,-0.17,4.74,72,72,53,Industrials,Trucking Freight/Courier Services
SGIOF,"Shionogi & Co., Ltd.",0.0,-3.06,19,54,28,Healthcare,Drug Manufacturers - Specialty & Generic
SGIOY,"Shionogi & Co., Ltd.",1.5,12.87,98,88,42,Healthcare,Drug Manufacturers - Specialty & Generic
KGSPY,Kingspan Group plc,3.66,1.05,80,100,40,Industrials,Building Products & Equipment
BBY,"Best Buy Co., Inc.",-2.61,13.71,74,73,86,Consumer Discretionary,Consumer Electronics/Video Chains
SINGF,Singapore Airlines Limited,0.0,-1.36,54,68,60,Industrials,Airlines
GNRC,Generac Holdings Inc.,-1.68,-28.98,0,0,31,Consumer Discretionary,Metal Fabrications
CG,The Carlyle Group Inc.,1.48,7.16,70,72,14,Finance,Investment Managers
EUXTF,Euronext N.V.,0.0,11.72,87,81,54,Financial Services,Financial Data & Stock Exchanges
AGESY,ageas SA/NV,2.35,3.94,100,89,68,Financial Services,Insurance - Diversified
XPNGF,XPeng Inc.,0.0,-2.08,15,55,5,Consumer Cyclical,Auto Manufacturers
RBRK,RBRK,-0.46,-12.72,0,1,55,Technology,Computer Software: Prepackaged Software
KONMY,Konami Group Corporation,22.66,26.98,100,100,39,Communication Services,Electronic Gaming & Multimedia
LDOS,"Leidos Holdings, Inc.",-1.71,9.06,58,61,5,Technology,EDP Services
CDW,CDW Corporation,-1.6,5.17,78,74,38,Technology,Retail: Computer Software & Peripheral Equipment
NDSN,Nordson Corporation,0.08,-0.14,64,70,65,Industrials,Industrial Machinery/Components
NVMI,Nova Ltd.,7.4,-21.59,22,21,33,Technology,Electronic Components
ZBH,"Zimmer Biomet Holdings, Inc.",-2.25,12.82,67,67,51,Health Care,Industrial Specialties
SONVF,Sonova Holding AG,0.0,15.14,87,80,48,Healthcare,Medical Devices
BOLSY,"B3 S.A. - Brasil, Bolsa, Balcão",2.1,12.21,78,77,53,Financial Services,Financial Data & Stock Exchanges
WOLTF,Wolters Kluwer N.V.,16.95,26.32,100,100,12,Industrials,Specialty Business Services
AGESF,ageas SA/NV,0.0,5.12,80,76,65,Financial Services,Insurance - Diversified
CVCCF,CVC Capital Partners plc,0.0,17.36,100,100,51,Financial Services,Asset Management
JDHIY,JD Health International Inc.,0.0,16.2,100,100,5,Healthcare,Pharmaceutical Retailers
LULU,lululemon athletica inc.,0.38,2.65,84,75,7,Consumer Discretionary,Apparel
GLPEF,"Galp Energia, SGPS, S.A.",0.0,4.34,65,71,51,Energy,Oil & Gas Integrated
KAEPF,"The Kansai Electric Power Company, Incorporated",0.0,3.18,74,72,30,Utilities,Utilities - Renewable
LTM,LTM,3.63,-5.22,58,87,58,Consumer Discretionary,Air Freight/Delivery Services
NPPHY,"Nippon Paint Holdings Co., Ltd.",-1.66,22.67,89,86,79,Basic Materials,Specialty Chemicals
SOUHY,South32 Limited,3.31,9.68,100,100,79,Basic Materials,Other Industrial Metals & Mining
WSE,Wise Group plc,1.17,-2.11,43,60,10,Industrials,Diversified Commercial Services
PZAKY,Powszechny Zaklad Ubezpieczen SA,0.0,8.48,100,100,64,Financial Services,Insurance - Property & Casualty
SUI,"Sun Communities, Inc.",-2.74,3.02,59,62,39,Real Estate,Real Estate Investment Trusts
BKNIY,"Bankinter, S.A.",3.07,9.8,90,85,68,Financial Services,Banks - Regional
EDVMF,Endeavour Mining plc,4.29,-2.78,45,71,48,Basic Materials,Gold
TOST,"Toast, Inc.",0.77,14.42,94,87,29,Technology,EDP Services
MAA,"Mid-America Apartment Communities, Inc.",-2.96,-3.63,37,48,37,Real Estate,Real Estate Investment Trusts
BKIMF,"Bankinter, S.A.",0.0,0.0,51,64,60,Financial Services,Banks - Regional
WSO,"Watsco, Inc.",-2.9,-23.11,0,0,9,Consumer Discretionary,Industrial Machinery/Components
ENLT,Enlight Renewable Energy Ltd,5.88,-1.5,48,60,95,Utilities,Electric Utilities: Central
EVVTY,Evolution AB (publ),-0.34,12.28,86,81,48,Consumer Cyclical,Gambling
SGI,Somnigroup International Inc.,-2.24,-13.35,0,0,15,Consumer Discretionary,Home Furnishings
BMBOY,"Grupo Bimbo, S.A.B. de C.V.",0.0,5.72,100,100,58,Consumer Defensive,Packaged Foods
MPFRF,"Mapfre, S.A.",0.0,0.0,51,64,60,Financial Services,Insurance - Diversified
BSAC,Banco Santander-Chile,2.54,7.68,100,94,74,Finance,Commercial Banks
NCBDY,BANDAI NAMCO Holdings Inc.,1.3,25.4,98,92,56,Consumer Cyclical,Leisure
KPCPY,Kasikornbank Public Company Limited,0.0,8.78,80,75,82,Financial Services,Banks - Regional
LFCBY,Lifco AB (publ),2.26,0.96,65,88,27,Industrials,Conglomerates
COVTY,Covestro AG,1.17,2.16,74,74,29,Basic Materials,Specialty Chemicals
SNLAY,Sino Land Company Limited,-5.89,-2.97,64,65,25,Real Estate,Real Estate - Development
AUR,"Aurora Innovation, Inc.",4.35,-11.74,44,74,72,Technology,EDP Services
KPELF,Keppel Ltd.,0.0,8.04,82,77,73,Industrials,Conglomerates
CRERF,Carrefour SA,0.0,-4.65,41,68,68,Consumer Defensive,Grocery Stores
MPFRY,"Mapfre, S.A.",0.0,-5.1,15,52,38,Financial Services,Insurance - Diversified
OBYCF,Obayashi Corporation,0.0,-2.88,66,74,1,Industrials,Engineering & Construction
SWGAY,The Swatch Group AG,2.71,-9.92,30,35,47,Consumer Cyclical,Luxury Goods
REG,Regency Centers Corporation,-0.92,1.25,49,61,55,Real Estate,Real Estate Investment Trusts
J,Jacobs Solutions Inc.,-2.33,6.52,53,60,30,Industrials,Military/Government/Technical
CHKP,Check Point Software Technologies Ltd.,-8.19,-4.51,11,21,9,Technology,Computer Software: Prepackaged Software
ARMK,Aramark,0.14,2.05,69,70,85,Consumer Discretionary,Restaurants
ASND,Ascendis Pharma A/S,-0.39,-6.24,4,31,74,Health Care,Biotechnology: Pharmaceutical Preparations
WCPRF,Whitecap Resources Inc.,3.16,12.76,91,99,80,Energy,Oil & Gas E&P
CLPBY,Coloplast A/S,1.2,17.16,96,88,19,Healthcare,Medical Instruments & Supplies
CJEWY,Chow Tai Fook Jewellery Group Limited,0.0,16.42,91,86,30,Consumer Cyclical,Luxury Goods
KNBWY,"Kirin Holdings Company, Limited",0.05,11.23,85,80,79,Consumer Defensive,Beverages - Brewers
NTNX,"Nutanix, Inc.",-0.52,15.74,86,82,67,Technology,Computer Software: Prepackaged Software
AKESF,"Akeso, Inc.",0.0,15.19,88,100,8,Healthcare,Biotechnology
PTAIF,PT Astra International Tbk,0.0,-16.05,51,64,5,Industrials,Conglomerates
XJNGF,"Goldwind Science&Technology Co., Ltd.",0.0,-16.43,7,33,7,Industrials,Specialty Industrial Machinery
KRYAY,Kerry Group plc,1.33,4.93,95,81,55,Consumer Defensive,Packaged Foods
OGFGF,Origin Energy Limited,0.0,-8.08,51,64,26,Utilities,Utilities - Diversified
AMIGY,Admiral Group plc,2.29,6.42,100,92,72,Financial Services,Insurance - Property & Casualty
SEGXF,SEGRO Plc,1.8,16.49,87,92,85,Real Estate,REIT - Industrial
RPM,RPM International Inc.,-0.5,-2.06,64,67,38,Consumer Discretionary,Paints/Coatings
APLD,Applied Digital Corporation,20.46,-21.26,46,52,70,Finance,Finance: Consumer Services
SKHSY,"Sekisui House, Ltd.",0.04,9.38,82,78,42,Consumer Cyclical,Residential Construction
FIG,"Figma, Inc.",-4.04,21.91,72,69,15,Technology,Computer Software: Prepackaged Software
UUGWF,United Utilities Group PLC,0.0,6.2,82,77,53,Utilities,Utilities - Regulated Water
RRX,Regal Rexnord Corporation,7.99,-11.67,44,47,70,Consumer Discretionary,Metal Fabrications
OSCUF,"Japan Exchange Group, Inc.",0.0,11.31,92,87,83,Financial Services,Financial Data & Stock Exchanges
RYKKF,"Ryohin Keikaku Co., Ltd.",0.0,12.15,100,100,99,Consumer Cyclical,Department Stores
AEOXF,Aeroports de Paris SA,0.0,-7.8,51,82,25,Industrials,Airports & Air Services
NPNYY,Nippon Yusen Kabushiki Kaisha,3.85,23.89,100,100,60,Industrials,Marine Shipping
SUN,Sunoco LP,-0.65,12.07,84,80,82,Energy,Integrated oil Companies
DSECF,Daiwa Securities Group Inc.,0.0,0.0,51,64,79,Financial Services,Capital Markets
IGIFF,IGM Financial Inc.,3.49,10.29,100,100,87,Financial Services,Asset Management
EVR,Evercore Inc.,2.68,-8.26,7,0,27,Finance,Investment Managers
RGA,"Reinsurance Group of America, Incorporated",0.4,10.39,79,78,71,Finance,Life Insurance
ALLY,ALLY,1.23,-5.64,13,32,46,Finance,Major Banks
BBIO,"BridgeBio Pharma, Inc.",-1.68,10.23,44,66,80,Health Care,Biotechnology: Pharmaceutical Preparations
ACCYY,Accor SA,-1.28,-6.67,28,52,47,Consumer Cyclical,Lodging
GWRE,"Guidewire Software, Inc.",-8.4,20.02,56,57,18,Technology,Computer Software: Prepackaged Software
ATZAF,Aritzia Inc.,3.54,-10.62,28,47,81,Consumer Cyclical,Apparel Retail
SWRAY,Swire Pacific Limited,1.35,21.41,98,92,84,Industrials,Conglomerates
EG,"Everest Group, Ltd.",-4.7,4.29,41,48,58,Finance,Property-Casualty Insurers
ERFSF,Eurofins Scientific SE,-3.09,-2.09,50,48,47,Healthcare,Diagnostics & Research
IMPUY,Impala Platinum Holdings Limited,5.0,4.12,86,100,16,Basic Materials,Other Precious Metals & Mining
MKC,"McCormick & Company, Incorporated",-1.98,-2.81,29,47,17,Consumer Staples,Packaged Foods
AETUF,ARC Resources Ltd.,1.9,13.73,100,92,65,Energy,Oil & Gas E&P
ROHCF,"ROHM Co., Ltd.",0.0,0.0,51,64,96,Technology,Semiconductors
SNNUF,Smith & Nephew plc,0.0,10.76,57,60,21,Healthcare,Medical Devices
CNH,CNH Industrial N.V.,-4.09,-5.49,14,32,28,Industrials,Construction/Ag Equipment/Trucks
IONS,"Ionis Pharmaceuticals, Inc.",-1.41,-32.72,1,6,12,Health Care,Biotechnology: Pharmaceutical Preparations
RXEEY,Rexel S.A.,3.51,-4.36,17,8,62,Technology,Electronics & Computer Distribution
DPMAY,Diploma PLC,4.36,4.33,81,86,75,Industrials,Industrial Distribution
SAIA,"Saia, Inc.",-11.11,-16.15,0,0,34,Industrials,Trucking Freight/Courier Services
JPXGY,"Japan Exchange Group, Inc.",0.07,8.17,77,74,72,Financial Services,Financial Data & Stock Exchanges
PEN,"Penumbra, Inc.",-0.09,1.07,60,65,57,Health Care,Medical/Dental Instruments
MSLOY,"Mitsui O.S.K. Lines, Ltd.",2.15,18.79,100,94,56,Industrials,Marine Shipping
RCDTF,Recordati Industria Chimica e Farmaceutica S.p.A.,0.0,0.0,100,100,28,Healthcare,Drug Manufacturers - General
OLYMY,Olympus Corporation,3.26,16.48,100,100,48,Healthcare,Medical Devices
SAPIF,Saputo Inc.,0.24,1.37,74,70,59,Consumer Defensive,Packaged Foods
KNX,Knight-Swift Transportation Holdings Inc.,-1.75,-9.78,0,0,84,Industrials,Trucking Freight/Courier Services
CCRDF,"Yokohama Financial Group, Inc.",0.0,13.04,100,100,1,Financial Services,Banks - Regional
NYT,The New York Times Company,-2.39,5.96,63,60,64,Consumer Discretionary,Newspapers/Magazines
HII,"Huntington Ingalls Industries, Inc.",14.09,14.67,100,100,29,Industrials,Marine Transportation
YASKF,YASKAWA Electric Corporation,0.0,-29.95,4,11,77,Industrials,Electrical Equipment & Parts
ATGAF,ATGAF,0.0,0.0,100,100,61,Energy,Oil & Gas Midstream
GFL,GFL Environmental Inc.,2.81,10.6,100,97,26,Utilities,Environmental Services
DLAKF,Deutsche Lufthansa AG,0.0,-8.69,0,0,50,Industrials,Airlines
CPYYF,Centrica plc,0.0,-7.79,0,0,16,Utilities,Utilities - Independent Power Producers
ELS,"Equity LifeStyle Properties, Inc.",-3.13,0.8,49,57,51,Real Estate,Real Estate Investment Trusts
BTSG,"BrightSpring Health Services, Inc.",5.06,4.34,95,95,97,Health Care,Medical/Nursing Services
AGNC,AGNC Investment Corp.,0.18,1.2,45,61,54,Real Estate,Real Estate Investment Trusts
AGNCN,AGNC Investment Corp.,0.27,1.66,65,68,45,Real Estate,Real Estate Investment Trusts
AGNCL,AGNC Investment Corp.,0.16,0.81,60,66,44,Real Estate,Real Estate Investment Trusts
SVTRF,Severn Trent PLC,0.0,4.71,79,75,40,Utilities,Utilities - Regulated Water
PAC,"Grupo Aeroportuario del Pacífico, S.A.B. de C.V.",1.2,-13.01,10,29,21,Consumer Discretionary,Aerospace
GL,Globe Life Inc.,1.84,1.8,89,86,79,Finance,Life Insurance
TXRH,"Texas Roadhouse, Inc.",-0.45,8.74,86,81,73,Consumer Discretionary,Restaurants
LFUS,"Littelfuse, Inc.",7.68,0.37,100,100,89,Energy,Electrical Products
WSOUF,WHSP Holdings Limited,0.0,0.0,100,100,81,Financial Services,Capital Markets
SCAFF,SCAFF,4.53,-18.18,15,21,89,,
HKTTY,HKT Trust and HKT Limited,0.0,7.4,73,75,62,Communication Services,Telecom Services
GRPTF,Getlink SE,0.0,0.0,51,64,57,Industrials,Railroads
ISMAY,"Indra Sistemas, S.A.",-0.31,18.39,90,86,66,Technology,Information Technology Services
RVTY,"Revvity, Inc.",0.15,0.68,81,72,74,Industrials,Biotechnology: Laboratory Analytical Instruments
OKLO,Oklo Inc.,11.54,-21.66,25,25,2,Utilities,Electric Utilities: Central
MHGVY,Mowi ASA,1.66,17.65,100,91,38,Consumer Defensive,Farm Products
MINBY,MINEBEA MITSUMI Inc.,-3.28,-30.74,0,0,56,Technology,Electronic Components
AMH,American Homes 4 Rent,-1.48,-1.51,40,56,44,Real Estate,Real Estate Investment Trusts
GLXY,Galaxy Digital,17.85,-16.78,45,47,7,Finance,Investment Bankers/Brokers/Service
FMS,Fresenius Medical Care AG,3.38,12.42,100,100,59,Health Care,Misc Health and Biotechnology Services
AAON,"AAON, Inc.",3.2,-24.76,5,0,31,Industrials,Industrial Machinery/Components
NRXXY,Nordex SE,0.0,-12.45,21,65,85,Industrials,Specialty Industrial Machinery
LPGCY,LPGCY,0.0,-12.8,6,10,2,Consumer Cyclical,Luxury Goods
GOFPY,Allwyn AG,0.4,-5.9,29,53,15,Consumer Cyclical,Gambling
PTAIY,PT Astra International Tbk,-0.18,7.66,58,75,10,Industrials,Conglomerates
SBMFF,Sino Biopharmaceutical Limited,0.0,5.81,83,78,9,Healthcare,Biotechnology
GIL,Gildan Activewear Inc.,2.44,1.67,57,81,21,Consumer Discretionary,Apparel
PINS,"Pinterest, Inc.",-0.04,11.6,85,81,30,Technology,Computer Software: Programming Data Processing
ALLE,Allegion plc,-0.89,12.24,85,82,40,Consumer Discretionary,Diversified Commercial Services
WLK,Westlake Corporation,-0.73,-1.51,0,22,10,Industrials,Major Chemicals
YSHLF,Yangzijiang Shipbuilding (Holdings) Ltd.,0.0,6.67,50,58,50,Industrials,Aerospace & Defense
AR,Antero Resources Corporation,0.46,1.12,86,80,33,Energy,Oil & Gas Production
NGKIF,NGK Corporation,0.0,-29.21,0,0,93,Industrials,Specialty Industrial Machinery
TKGBY,Turkiye Garanti Bankasi A.S.,-1.11,-11.59,4,29,12,Financial Services,Banks - Regional
SJM,The J. M. Smucker Company,-3.28,6.4,71,69,73,Consumer Staples,Packaged Foods
IKTSY,Intertek Group plc,1.55,2.8,95,80,74,Industrials,Specialty Business Services
ARWR,"Arrowhead Pharmaceuticals, Inc.",1.28,8.55,96,92,97,Health Care,Biotechnology: Pharmaceutical Preparations
FUJHY,Subaru Corporation,1.62,18.35,100,91,31,Consumer Cyclical,Auto Manufacturers
ASEKY,Aisin Corporation,0.0,10.71,64,78,28,Consumer Cyclical,Auto Parts
BJ,"BJ's Wholesale Club Holdings, Inc.",-1.54,13.74,81,78,43,Consumer Discretionary,Department/Specialty Retail Stores
NEXOY,"NEXON Co., Ltd.",-0.95,20.68,86,82,15,Communication Services,Electronic Gaming & Multimedia
SPXC,"SPX Technologies, Inc.",6.21,-13.99,22,21,32,Industrials,Industrial Machinery/Components
FRVO,Fervo Energy Company,30.56,-23.29,48,50,3,Utilities,Electric Utilities: Central
IDKOY,"Idemitsu Kosan Co.,Ltd.",1.49,9.0,98,88,49,Energy,Oil & Gas Refining & Marketing
EQX,Equinox Gold Corp.,5.02,-3.49,51,73,16,Basic Materials,Precious Metals
PLCQF,PLCQF,-5.8,135.51,72,72,98,Unknown,Unknown
PUGBY,PUGBY,3.73,-0.82,45,91,39,Consumer Defensive,Household & Personal Products
CR,Crane Company,3.6,-2.56,23,38,65,Industrials,Metal Fabrications
IAG,IAMGOLD Corporation,4.52,-7.67,24,39,64,Basic Materials,Precious Metals
WYNN,"Wynn Resorts, Limited",1.71,4.78,100,86,21,Consumer Discretionary,Hotels/Resorts
TSGTF,Tsingtao Brewery Company Limited,0.0,5.98,80,76,21,Consumer Defensive,Beverages - Brewers
AES,The AES Corporation,0.2,1.43,68,70,47,Utilities,Electric Utilities: Central
RKUNF,"Rakuten Group, Inc.",0.0,7.3,83,79,24,Consumer Cyclical,Internet Retail
AG,First Majestic Silver Corp.,3.09,-7.92,9,27,50,Basic Materials,Precious Metals
ASMVY,ASMPT Limited,2.83,-42.45,3,0,80,Technology,Semiconductor Equipment & Materials
AVAV,"AeroVironment, Inc.",3.13,-15.0,15,25,3,Industrials,Aerospace
ESI,Element Solutions Inc,2.39,-22.13,3,0,63,Industrials,Major Chemicals
CPCAY,Cathay Pacific Airways Limited,-2.08,11.61,78,75,81,Industrials,Airlines
UHAL,U-Haul Holding Company,-0.94,6.76,72,73,81,Consumer Discretionary,Rental/Leasing Companies
CPCAF,Cathay Pacific Airways Limited,0.0,20.65,92,87,83,Industrials,Airlines
PTRRY,Prio S.A.,3.07,15.04,80,99,71,Energy,Oil & Gas E&P
DOCU,"DocuSign, Inc.",-6.67,17.97,64,64,25,Technology,Computer Software: Prepackaged Software
BZLFY,Bunzl plc,1.28,7.74,95,85,76,Consumer Defensive,Food Distribution
QABSY,Qantas Airways Limited,0.67,-0.93,58,68,55,Industrials,Airlines
WTFC,Wintrust Financial Corporation,0.28,-1.93,31,61,62,Finance,Major Banks
BKKLY,Bangkok Bank Public Company Limited,0.24,3.07,67,67,70,Financial Services,Banks - Regional
SMGKF,Smiths Group plc,0.0,4.41,70,75,48,Industrials,Specialty Industrial Machinery
VMI,"Valmont Industries, Inc.",4.45,-14.74,14,8,54,Industrials,Metal Fabrications
UNCHF,Unicharm Corporation,0.0,15.7,90,85,33,Consumer Defensive,Household & Personal Products
BZZUY,Buzzi S.p.A.,2.43,-6.43,16,29,17,Basic Materials,Building Materials
BZLYF,Beazley plc,2.32,1.23,100,100,73,Financial Services,Insurance - Specialty
UMBF,UMB Financial Corporation,-1.86,-0.1,53,57,75,Finance,Major Banks
AM,Antero Midstream Corporation,0.14,-2.92,0,48,63,Utilities,Natural Gas Distribution
GTLS,Chart Industries Inc,0.0,0.0,100,100,35,Industrials,Metal Fabrications
ERIE,Erie Indemnity Company,-5.99,-5.72,54,59,17,Finance,Specialty Insurers
JPNPY,"Japan Post Insurance Co., Ltd.",0.0,5.13,100,100,23,Financial Services,Insurance - Life
APAJF,APA Group,-8.22,-1.87,34,43,57,Utilities,Utilities - Regulated Gas
HRZRF,HRZRF,7.55,-4.91,100,100,3,,
MNBEF,MINEBEA MITSUMI Inc.,0.0,-19.23,11,31,1,Technology,Electronic Components
ENSG,"The Ensign Group, Inc.",-1.68,8.5,70,70,39,Health Care,Hospital/Nursing Management
SCTBF,Securitas AB (publ),0.0,16.46,90,84,51,Industrials,Security & Protection Services
FORM,"FormFactor, Inc.",26.28,-28.38,54,59,94,Technology,Semiconductors
ASRMF,"Grupo Aeroportuario del Sureste, S. A. B. de C. V.",-6.38,-18.07,9,21,16,Industrials,Airports & Air Services
JKHY,"Jack Henry & Associates, Inc.",-4.29,8.3,53,57,26,Technology,EDP Services
FLS,Flowserve Corporation,7.69,4.06,100,100,57,Industrials,Fluid Controls
CTRE,"CareTrust REIT, Inc.",-1.65,1.81,56,64,68,Real Estate,Real Estate Investment Trusts
FROG,JFrog Ltd.,7.02,-13.24,18,16,93,Technology,Computer Software: Prepackaged Software
BPOPO,"Popular, Inc.",0.08,0.49,57,66,42,Financial Services,Banks - Regional
SRGHY,Shoprite Holdings Ltd,1.54,-3.17,58,76,45,Consumer Cyclical,Department Stores
W,Wayfair Inc.,0.84,-5.63,57,58,60,Consumer Discretionary,Catalog/Specialty Distribution
ALV,"Autoliv, Inc.",-0.49,9.55,76,73,50,Consumer Discretionary,Auto Parts:O.E.M.
SCTBY,Securitas AB (publ),-2.72,-6.23,5,18,28,Industrials,Security & Protection Services
DCI,"Donaldson Company, Inc.",0.17,4.68,66,70,54,Industrials,Pollution Control Equipment
SAPMF,Saipem SpA,0.0,-7.6,0,0,74,Energy,Oil & Gas Equipment & Services
SNAP,Snap Inc.,-0.85,-1.26,71,65,4,Technology,Computer Software: Programming Data Processing
HPIFF,Huadian Power International Corporation Limited,0.0,0.0,51,64,59,Utilities,Utilities - Regulated Electric
DAR,Darling Ingredients Inc.,4.06,7.81,59,79,86,Consumer Staples,Packaged Foods
EQUEY,Equatorial S.A.,0.0,3.15,51,64,39,Utilities,Utilities - Regulated Electric
MUSA,Murphy USA Inc.,-0.02,10.25,85,80,87,Consumer Discretionary,Retail-Auto Dealers and Gas Stations
AGX,"Argan, Inc.",17.78,-24.09,37,40,92,Consumer Discretionary,Engineering & Construction
FLGZY,Flughafen Zürich AG,0.0,-7.72,0,29,33,Industrials,Airports & Air Services
ONB,Old National Bancorp,-1.01,0.69,53,60,69,Finance,Major Banks
RDEIY,"Redeia Corporación, S.A.",-0.23,3.77,55,66,39,Utilities,Utilities - Regulated Electric
SCRPF,Sembcorp Industries Ltd,0.0,-16.54,20,44,15,Utilities,Utilities - Diversified
CEF,Sprott Physical Gold and Silver Trust,2.41,1.31,81,90,31,Financial Services,Asset Management
CHWY,"Chewy, Inc.",-2.06,10.78,76,74,8,Consumer Discretionary,Catalog/Specialty Distribution
XROLF,Xero Limited,0.0,-1.01,87,79,5,Technology,Software - Application
ZION,"Zions Bancorporation, National Association",0.78,-1.75,28,67,72,Finance,Major Banks
JCYGY,Jardine Cycle & Carriage Limited,0.0,6.17,86,80,25,Industrials,Conglomerates
EVKIY,Evonik Industries AG,4.61,13.5,100,100,63,Basic Materials,Specialty Chemicals
KRYS,"Krystal Biotech, Inc.",0.98,-1.27,85,84,94,Health Care,Biotechnology: Biological Products (No Diagnostic Substances)
TEM,"Tempus AI, Inc.",6.59,-28.1,11,11,7,Technology,Computer Software: Programming Data Processing
ADRZY,Andritz AG,13.1,10.38,100,100,74,Industrials,Specialty Industrial Machinery
MOH,"Molina Healthcare, Inc.",-2.17,-16.28,0,0,52,Health Care,Medical Specialities
LLYVK,"Liberty Live Holdings, Inc.",1.88,-1.51,79,87,68,Consumer Discretionary,Services-Misc. Amusement & Recreation
PRMB,Primo Brands Corporation,-1.09,-7.14,0,19,52,Consumer Staples,Beverages (Production/Distribution)
ALTB,Alpine Auto Brokers Inc.,0.0,-12.33,73,86,87,Consumer Cyclical,Auto & Truck Dealerships
CMHHF,China Merchants Port Holdings Company Limited,0.0,16.27,61,63,36,Industrials,Marine Shipping
KIKOF,Kikkoman Corporation,0.0,0.0,51,64,66,Consumer Defensive,Packaged Foods
SMNNY,Shimano Inc.,2.26,24.03,100,96,68,Consumer Cyclical,Leisure
ACM,AECOM,-2.46,7.33,61,64,7,Consumer Discretionary,Military/Government/Technical
JEXYY,Jiangsu Expressway Company Limited,0.0,2.96,45,67,34,Industrials,Infrastructure Operations
TKR,The Timken Company,2.94,-3.98,24,55,91,Industrials,Metal Fabrications
BVN,Compañía de Minas Buenaventura S.A.A.,5.43,9.11,100,100,78,Basic Materials,Metal Mining
EGO,Eldorado Gold Corporation,2.41,3.41,86,95,63,Basic Materials,Gold
GWKSY,GWKSY,0.0,-3.85,58,81,60,Consumer Cyclical,Leisure
GZPZF,Gaztransport & Technigaz SA,0.0,0.58,74,70,57,Energy,Oil & Gas Equipment & Services
FRHC,Freedom Holdings Corp.,4.65,-1.26,51,91,41,Finance,Investment Bankers/Brokers/Service
SHMDF,Shimano Inc.,0.0,4.62,86,81,39,Consumer Cyclical,Leisure
MBLY,Mobileye Global Inc.,-1.37,-18.3,16,24,8,Technology,Computer Software: Prepackaged Software
TBVPF,Thai Beverage Public Company Limited,0.0,2.38,71,71,34,Consumer Defensive,Beverages - Wineries & Distilleries
HDALF,Haidilao International Holding Ltd.,0.0,1.97,68,77,17,Consumer Cyclical,Restaurants
AKBLF,ALK-Abelló A/S,0.0,-6.73,36,100,64,Healthcare,Biotechnology
PTCAY,PT Chandra Asri Pacific Tbk,0.0,0.0,51,64,1,Basic Materials,Specialty Chemicals
SBYSF,Sibanye Stillwater Limited,0.0,-18.11,45,66,6,Basic Materials,Other Precious Metals & Mining
STN,Stantec Inc.,-3.04,2.69,41,49,6,Consumer Discretionary,Military/Government/Technical
TYCMY,Tingyi (Cayman Islands) Holding Corp.,0.0,24.62,91,86,56,Consumer Defensive,Packaged Foods
COLB,"Columbia Banking System, Inc.",1.53,-3.88,11,46,68,Finance,Major Banks
ELPC,ELPC,3.51,2.34,81,100,67,Utilities,Electric Utilities: Central
TKAMY,thyssenkrupp AG,3.73,16.8,87,91,59,Industrials,Conglomerates
GZPZY,Gaztransport & Technigaz SA,0.11,6.95,73,92,53,Energy,Oil & Gas Equipment & Services
SFOSF,"Shanghai Fosun Pharmaceutical (Group) Co., Ltd.",0.0,8.91,85,80,10,Healthcare,Drug Manufacturers - Specialty & Generic
NNN,"NNN REIT, Inc.",-1.45,3.37,60,64,65,Real Estate,Real Estate Investment Trusts
CWEN,"Clearway Energy, Inc.",3.09,-5.34,16,23,23,Utilities,Electric Utilities: Central
ORA,"Ormat Technologies, Inc.",2.52,-12.83,5,0,20,Utilities,Electric Utilities: Central
CIBEY,Commercial International Bank Egypt (CIB) S.A.E.,-1.5,2.73,55,60,62,Financial Services,Banks - Regional
WEIGF,The Weir Group PLC,0.0,13.82,89,84,23,Industrials,Specialty Industrial Machinery
SALRY,SalMar ASA,1.64,20.37,100,92,42,Consumer Defensive,Farm Products
STBFY,Suntory Beverage & Food Limited,0.93,11.18,92,85,39,Consumer Defensive,Beverages - Non-Alcoholic
CIADY,China Mengniu Dairy Company Limited,1.18,20.15,97,90,76,Consumer Defensive,Packaged Foods
CNRAF,Vicinity Centres,0.0,2.49,90,85,68,Real Estate,REIT - Retail
CSCCF,Capstone Copper Corp.,4.41,4.87,100,100,71,Basic Materials,Copper
CAE,CAE Inc.,-1.52,2.38,67,66,22,Miscellaneous,Industrial Machinery/Components
BIRK,Birkenstock Holding plc,-2.5,-8.04,0,9,33,Consumer Discretionary,Shoe Manufacturing
DFRYF,Avolta AG,3.75,-4.97,47,67,44,Consumer Cyclical,Specialty Retail
FBBPF,FIBRA Prologis,0.4,5.14,81,73,46,Real Estate,REIT - Industrial
AEMMY,A2A S.p.A.,0.0,0.0,100,100,37,Utilities,Utilities - Diversified
FNMFO,Federal National Mortgage Association,0.0,-12.16,12,33,9,Financial Services,Mortgage Finance
FNMAI,Federal National Mortgage Association,0.0,-11.9,29,62,4,Financial Services,Mortgage Finance
FNMAJ,Federal National Mortgage Association,-0.13,-7.65,50,70,6,Financial Services,Mortgage Finance
FNMAP,Federal National Mortgage Association,3.58,-1.97,92,100,8,Financial Services,Mortgage Finance
FNMAL,Federal National Mortgage Association,0.0,-10.78,39,57,4,Financial Services,Mortgage Finance
VFS,VinFast Auto Ltd.,3.33,0.32,79,100,15,Industrials,Auto Manufacturing
TYEKF,thyssenkrupp AG,0.0,7.6,80,79,63,Industrials,Conglomerates
CDNTF,"Canadian Tire Corporation, Limited",0.0,-16.75,4,19,19,Consumer Cyclical,Specialty Retail
TECH,Bio-Techne Corporation,0.0,1.45,63,68,76,Health Care,Biotechnology: Biological Products (No Diagnostic Substances)
MYTKY,MYTKY,2.35,2.47,98,90,18,Communication Services,Telecom Services
SDXAY,Sodexo S.A.,-0.53,16.39,85,80,74,Industrials,Specialty Business Services
Z,"Zillow Group, Inc.",-0.85,2.09,82,76,2,Consumer Discretionary,Business Services
REXR,"Rexford Industrial Realty, Inc.",-0.8,13.82,84,80,43,Real Estate,Real Estate Investment Trusts
IGGHY,IG Group Holdings plc,0.0,0.0,51,64,90,Financial Services,Capital Markets
JHG,Janus Henderson Group PLC,0.0,0.0,100,100,35,Finance,Investment Managers
NXPRF,Nexans S.A.,0.0,-16.27,0,13,47,Industrials,Electrical Equipment & Parts
CPXWF,Capital Power Corporation,3.07,-7.62,12,0,46,Utilities,Utilities - Independent Power Producers
FKKFY,"Fukuoka Financial Group, Inc.",0.0,16.1,76,79,90,Financial Services,Banks - Regional
ELEEF,Element Fleet Management Corp.,-2.15,7.17,67,68,20,Industrials,Rental & Leasing Services
NIABY,NIBE Industrier AB (publ),0.0,1.73,100,100,17,Industrials,Building Products & Equipment
ZWS,Zurn Elkay Water Solutions Corporation,-2.77,2.26,63,65,53,Industrials,Industrial Machinery/Components
DVCMY,Davide Campari-Milano N.V.,-3.5,9.62,56,60,26,Consumer Defensive,Beverages - Wineries & Distilleries
WJRYF,West Japan Railway Company,0.0,23.38,92,88,21,Industrials,Railroads
FIGR,"Figure Technology Solutions, Inc.",3.36,-21.0,5,0,5,Finance,Finance: Consumer Services
BOKF,BOK Financial Corporation,-0.04,-0.12,72,70,69,Finance,Major Banks
SFM,"Sprouts Farmers Market, Inc.",9.71,0.17,85,100,37,Consumer Staples,Food Chains
JINFF,China Gold International Resources Corp. Ltd.,0.0,34.55,92,88,81,Basic Materials,Other Precious Metals & Mining
GAP,"The Gap, Inc.",0.44,9.29,89,83,17,Consumer Discretionary,Clothing/Shoe/Accessory Stores
FRO,Frontline plc,-0.08,12.68,82,78,92,Consumer Discretionary,Marine Transportation
ELMUY,Elisa Oyj,-4.34,-4.89,10,17,25,Communication Services,Telecom Services
NXE,NexGen Energy Ltd.,4.37,-1.38,69,97,24,Basic Materials,Other Metals and Minerals
VLYPO,Valley National Bancorp,-0.04,0.08,53,64,42,Finance,Major Banks
CBSH,"Commerce Bancshares, Inc.",-1.48,1.19,55,61,61,Finance,Major Banks
MOS,The Mosaic Company,0.66,6.9,87,84,14,Industrials,Agricultural Chemicals
ESE,ESCO Technologies Inc.,3.81,-8.33,19,18,79,Telecommunications,Telecommunications Equipment
HCXLY,Hiscox Ltd,1.54,-7.29,0,0,60,Financial Services,Insurance - Property & Casualty
JAPSY,"Japan Airlines Co., Ltd.",2.84,5.72,98,96,52,Industrials,Airlines
SOBO,South Bow Corporation,0.21,8.62,70,80,83,Energy,Natural Gas Distribution
ALBBY,Alibaba Health Information Technology Limited,3.6,8.75,100,100,5,Healthcare,Pharmaceutical Retailers
EGIEY,Engie Brasil Energia S.A.,2.1,-8.03,4,9,27,Utilities,Utilities - Renewable
TAP,Molson Coors Beverage Company,-2.83,6.43,63,65,24,Consumer Staples,Beverages (Production/Distribution)
LOTMY,LOTMY,0.08,-3.34,0,21,41,Consumer Cyclical,Gambling
GMINF,G Mining Ventures Corp.,3.3,5.26,87,90,84,Basic Materials,Gold
PCVX,"Vaxcyte, Inc.",5.62,-0.21,33,51,68,Health Care,Biotechnology: Pharmaceutical Preparations
SLOIY,Soitec SA,8.24,-8.74,62,68,97,Technology,Semiconductor Equipment & Materials
SLOIF,Soitec SA,11.22,-11.06,58,63,96,Technology,Semiconductor Equipment & Materials
SM,SM Energy Company,-0.28,22.93,73,81,79,Energy,Oil & Gas Production
NFG,National Fuel Gas Company,1.89,6.41,94,88,30,Utilities,Oil/Gas Transmission
ZJLMF,ZJLMF,0.0,-4.44,11,28,4,Consumer Cyclical,Auto Manufacturers
RHP,"Ryman Hospitality Properties, Inc.",-1.71,6.75,70,70,87,Real Estate,Real Estate Investment Trusts
STKAF,Stockland,0.0,-13.79,0,10,6,Real Estate,REIT - Diversified
MYRG,MYR Group Inc.,2.73,-28.56,3,0,80,Industrials,Water Sewer Pipeline Comm & Power Line Construction
BCKIY,Babcock International Group PLC,1.42,16.52,94,89,30,Industrials,Engineering & Construction
ST,Sensata Technologies Holding plc,4.33,3.09,100,100,86,Industrials,Industrial Machinery/Components
LEA,Lear Corporation,-0.8,12.22,82,77,83,Consumer Discretionary,Auto Parts:O.E.M.
VSOGF,"Vista Energy, S.A.B. de C.V.",0.0,0.0,100,100,90,Energy,Oil & Gas E&P
AVT,"Avnet, Inc.",3.84,-0.55,63,78,87,Technology,Electronic Components
UBTRF,UBTRF,6.39,-17.42,27,35,6,,
CHYM,"Chime Financial, Inc.",0.8,7.57,91,84,30,Finance,Finance: Consumer Services
VIST,"Vista Energy, S.A.B. de C.V.",3.88,9.38,88,93,68,Energy,Oil & Gas Production
OPHLY,"Ono Pharmaceutical Co., Ltd.",1.6,5.18,99,84,66,Healthcare,Drug Manufacturers - General
ZLNDY,Zalando SE,-2.73,14.89,71,69,72,Consumer Cyclical,Internet Retail
KNSL,"Kinsale Capital Group, Inc.",-5.52,3.07,61,61,24,Finance,Property-Casualty Insurers
DITTF,"Daito Trust Construction Co.,Ltd.",0.0,2.36,81,75,18,Real Estate,Real Estate - Diversified
AXS,AXIS Capital Holdings Limited,-0.86,-3.69,0,0,51,Finance,Property-Casualty Insurers
TRNO,Terreno Realty Corporation,0.82,9.57,67,81,71,Finance,Real Estate
PB,"Prosperity Bancshares, Inc.",0.79,1.98,88,80,61,Finance,Major Banks
OR,OR Royalties Inc.,4.07,-2.26,83,100,18,Basic Materials,Precious Metals
MORN,"Morningstar, Inc.",-2.79,19.59,78,76,21,Finance,Investment Managers
LKQ,LKQ Corporation,-14.36,-13.58,0,0,8,Consumer Discretionary,Motor Vehicles
HR,Healthcare Realty Trust Incorporated,-1.28,6.11,68,69,78,Real Estate,Real Estate Investment Trusts
DCCPY,DCC Energy plc,0.0,0.57,58,66,36,Energy,Oil & Gas Refining & Marketing
DIFTY,"Daito Trust Construction Co.,Ltd.",1.46,15.87,98,91,46,Real Estate,Real Estate - Diversified
VIPS,Vipshop Holdings Limited,0.53,12.02,92,86,31,Consumer Discretionary,Catalog/Specialty Distribution
PRIM,Primoris Services Corporation,14.57,-7.84,64,68,3,Industrials,Water Sewer Pipeline Comm & Power Line Construction
SZCRF,SCOR SE,0.0,10.18,87,81,54,Financial Services,Insurance - Reinsurance
BBUC,Brookfield Business Corporation,-1.35,4.59,70,69,23,Consumer Discretionary,Engineering & Construction
DOX,Amdocs Limited,-2.71,8.01,65,67,8,Technology,EDP Services
ZLDSF,Zalando SE,0.0,0.0,100,100,14,Consumer Cyclical,Internet Retail
FAF,First American Financial Corporation,-3.38,7.2,65,66,65,Finance,Specialty Insurers
LNC,Lincoln National Corporation,11.08,28.49,100,100,76,Finance,Life Insurance
AWI,"Armstrong World Industries, Inc.",-0.06,10.26,84,82,29,Industrials,Plastic Products
PPC,Pilgrim's Pride Corporation,-2.04,2.77,67,68,10,Consumer Staples,Meat/Poultry/Fish
MRCY,"Mercury Systems, Inc.",6.43,-22.01,13,11,83,Technology,Electrical Products
VLOUF,Vallourec S.A.,0.0,10.89,87,82,53,Basic Materials,Steel
KCDMF,"Kimberly-Clark de México, S. A. B. de C. V.",-2.17,3.21,57,62,48,Consumer Defensive,Household & Personal Products
MTDR,Matador Resources Company,-0.72,-1.49,25,25,30,Energy,Oil & Gas Production
TEX,Terex Corporation,-3.62,-9.43,0,13,52,Industrials,Construction/Ag Equipment/Trucks
GRFS,"Grifols, S.A.",0.61,17.38,94,88,24,Health Care,Biotechnology: Pharmaceutical Preparations
EPRT,"Essential Properties Realty Trust, Inc.",-2.28,4.2,28,54,42,Real Estate,Real Estate Investment Trusts
HRIBF,"HORIBA, Ltd.",0.0,0.0,100,100,99,Technology,Scientific & Technical Instruments
AXTA,Axalta Coating Systems Ltd.,3.45,5.35,100,100,73,Consumer Discretionary,Paints/Coatings
LNWO,LNWO,-1.12,9.07,84,79,23,Consumer Cyclical,Gambling
ONDS,Ondas Inc.,11.47,-4.29,70,72,90,Technology,Radio And Television Broadcasting And Communications Equipment
TFPM,Triple Flag Precious Metals Corp.,3.28,-1.79,62,86,33,Industrials,Precious Metals
BCUCY,Brunello Cucinelli S.p.A.,4.05,6.88,100,100,39,Consumer Cyclical,Luxury Goods
THG,"The Hanover Insurance Group, Inc.",-0.97,6.15,81,77,84,Finance,Property-Casualty Insurers
NPO,Enpro Inc.,5.68,-13.26,32,26,79,Industrials,Metal Fabrications
BZ,Kanzhun Limited,1.86,21.66,100,94,30,Technology,Computer Software: Programming Data Processing
TRSBF,3SBio Inc.,0.0,13.16,100,100,8,Healthcare,Biotechnology
LNTH,"Lantheus Holdings, Inc.",1.0,-7.31,0,34,88,Health Care,Biotechnology: In Vitro & In Vivo Diagnostic Substances
ASAAF,AT & S Austria Technologie & Systemtechnik Aktiengesellschaft,-4.56,-43.1,0,0,99,Technology,Electronic Components
SCRYY,SCOR SE,1.53,7.28,98,88,68,Financial Services,Insurance - Reinsurance
YACAF,Yancoal Australia Ltd,0.13,2.69,51,61,19,Energy,Thermal Coal
MSA,MSA Safety Incorporated,-0.83,2.39,61,68,41,Health Care,Industrial Specialties
BTG,B2Gold Corp.,2.94,0.79,52,83,17,Basic Materials,Precious Metals
FMOCF,"Fomento de Construcciones y Contratas, S.A.",0.0,3.85,100,100,85,Industrials,Waste Management
SBFFY,SBM Offshore N.V.,0.0,12.82,87,82,67,Energy,Oil & Gas Equipment & Services
SULZF,Sulzer AG,0.0,4.52,77,74,25,Industrials,Specialty Industrial Machinery
EFGIF,EFG International AG,0.0,0.0,100,100,51,Financial Services,Banks - Diversified
KMX,"CarMax, Inc.",-0.69,13.28,87,83,83,Consumer Discretionary,Retail-Auto Dealers and Gas Stations
PSN,Parsons Corporation,7.07,-18.79,10,7,5,Technology,EDP Services
FOVSY,Ford Otomotiv Sanayi A.S.,0.0,-7.51,0,23,8,Consumer Cyclical,Auto Manufacturers
BSDGY,Bosideng International Holdings Limited,0.0,23.02,100,100,60,Consumer Cyclical,Apparel Manufacturing
SOMMY,"Sumitomo Chemical Company, Limited",0.0,-4.54,0,0,38,Basic Materials,Chemicals
WDPSF,Warehouses De Pauw SA,0.24,-0.14,53,65,25,Real Estate,REIT - Industrial
COMP,"Compass, Inc.",-1.29,-8.69,32,50,86,Technology,EDP Services
ZGN,Ermenegildo Zegna N.V.,-0.54,15.52,86,81,91,Consumer Discretionary,Apparel
NVTS,Navitas Semiconductor Corporation,13.1,-33.39,22,22,26,Technology,Semiconductors
APGE,"Apogee Therapeutics, Inc.",0.07,1.15,58,66,97,Health Care,Biotechnology: Biological Products (No Diagnostic Substances)
GBCI,"Glacier Bancorp, Inc.",0.33,-6.58,0,15,47,Finance,Major Banks
TKCOF,"Toho Co., Ltd.",0.0,10.93,100,100,1,Communication Services,Entertainment
BYD,Boyd Gaming Corporation,-4.12,-1.06,31,46,42,Consumer Discretionary,Hotels/Resorts
KTWIF,Kurita Water Industries Ltd.,0.0,0.29,6,30,76,Industrials,Pollution & Treatment Controls
MSM,"MSC Industrial Direct Co., Inc.",0.41,-0.81,37,59,85,Industrials,Industrial Machinery/Components
CDEVY,City Developments Limited,5.87,-0.83,70,100,34,Real Estate,Real Estate - Development
VSNT,"Versant Media Group, Inc.",-2.87,-1.29,45,55,20,Industrials,Broadcasting
IMCDY,IMCD N.V.,6.32,19.1,100,100,31,Basic Materials,Specialty Chemicals
AZIHF,Azimut Holding S.p.A.,0.0,-2.24,70,78,53,Financial Services,Asset Management
RYTM,"Rhythm Pharmaceuticals, Inc.",-0.74,-4.23,28,52,64,Health Care,Biotechnology: Pharmaceutical Preparations
GRGDF,GRGDF,0.0,1.86,91,86,23,Consumer Cyclical,Apparel Retail
REECF,Reece Limited,0.0,0.0,100,100,83,Industrials,Industrial Distribution
GIGNF,Genting Singapore Limited,0.0,0.0,51,64,25,Consumer Cyclical,Resorts & Casinos
GATX,GATX Corporation,0.04,5.81,68,72,45,Consumer Discretionary,Transportation Services
GVA,Granite Construction Incorporated,-2.51,-23.29,0,3,41,Industrials,Military/Government/Technical
ENIC,Enel Chile S.A.,4.36,3.41,100,100,70,Utilities,Electric Utilities: Central
PEGA,Pegasystems Inc.,-2.97,-3.41,63,71,4,Technology,EDP Services
SFGYY,SFGYY,2.7,12.76,100,96,47,Financial Services,Insurance - Life
CZR,"Caesars Entertainment, Inc.",-0.54,-2.63,31,57,68,Consumer Discretionary,Hotels/Resorts
SRRK,Scholar Rock Holding Corporation,-0.14,-7.29,12,27,74,Health Care,Biotechnology: Biological Products (No Diagnostic Substances)
MONOY,"MonotaRO Co., Ltd.",1.9,17.46,100,91,28,Consumer Cyclical,Internet Retail
SEKEY,Seiko Epson Corporation,3.53,12.73,97,98,89,Technology,Computer Hardware
AROC,"Archrock, Inc.",0.83,-8.62,2,25,72,Utilities,Natural Gas Distribution
VOPKF,Koninklijke Vopak N.V.,0.0,7.72,82,77,61,Energy,Oil & Gas Midstream
SFRRF,Sandfire Resources Limited,0.0,0.0,100,100,86,Basic Materials,Copper
VOPKY,Koninklijke Vopak N.V.,0.0,0.95,45,66,63,Energy,Oil & Gas Midstream
HROEY,"Hirose Electric Co.,Ltd.",0.0,-11.26,24,61,87,Technology,Electronic Components
PACS,"PACS Group, Inc.",1.12,6.02,95,86,98,Health Care,Hospital/Nursing Management
OTEX,Open Text Corporation,-2.01,10.98,80,75,27,Technology,EDP Services
GXO,"GXO Logistics, Inc.",-2.12,-1.64,36,49,22,Consumer Discretionary,Transportation Services
TMNSF,Temenos AG,0.0,0.0,51,64,17,Technology,Software - Application
CTXAY,Ampol Limited,1.89,24.44,100,94,85,Energy,Oil & Gas Refining & Marketing
IFS,Intercorp Financial Services Inc.,3.39,0.38,51,74,87,Finance,Commercial Banks
APPF,"AppFolio, Inc.",-5.87,6.8,52,52,16,Technology,Computer Software: Prepackaged Software
RGLXY,RTL Group S.A.,0.0,-7.69,29,63,19,Communication Services,Broadcasting
TKECY,"Tokyo Electric Power Company Holdings, Incorporated",2.85,10.92,100,98,11,Utilities,Utilities - Renewable
AMTM,"Amentum Holdings, Inc.",-0.32,7.57,46,53,13,Consumer Discretionary,Business Services
ABCB,Ameris Bancorp,-0.3,-4.45,21,48,59,Finance,Major Banks
IBP,"Installed Building Products, Inc.",-2.24,0.51,43,51,15,Consumer Discretionary,Homebuilding
MNTHY,Minth Group Limited,7.66,9.98,64,81,14,Consumer Cyclical,Auto Parts
SLFPF,Aberdeen Group Plc,0.0,0.0,15,45,70,Financial Services,Asset Management
PCCWY,PCCW Limited,0.0,-2.43,29,45,34,Communication Services,Telecom Services
KMRRF,KMRRF,0.0,6.18,62,68,22,,
IVCGF,Iveco Group N.V.,0.0,0.11,54,64,12,Industrials,Farm & Heavy Construction Machinery
SFGRF,SFGRF,0.0,8.34,100,100,1,Financial Services,Insurance - Life
G,Genpact Limited,-3.76,25.02,77,75,22,Consumer Discretionary,Professional Services
BTLCY,British Land Company PLC,1.89,9.02,100,90,70,Real Estate,REIT - Diversified
UGP,Ultrapar Participações S.A.,3.69,29.98,91,99,90,Utilities,Oil/Gas Transmission
PECO,"Phillips Edison & Company, Inc.",-0.82,2.38,49,64,67,Real Estate,Real Estate Investment Trusts
GNGBY,Getinge AB (publ),0.63,19.07,94,88,69,Healthcare,Medical Devices
FND,"Floor & Decor Holdings, Inc.",-0.82,-6.37,41,63,21,Consumer Discretionary,RETAIL: Building Materials
BKH,Black Hills Corporation,-0.97,-1.91,23,54,52,Utilities,Electric Utilities: Central
QS,QuantumScape Corporation,5.44,-31.27,15,18,3,Miscellaneous,Industrial Machinery/Components
SSMXF,Sysmex Corporation,0.0,9.04,86,80,28,Healthcare,Medical Devices
LQDA,Liquidia Corporation,-0.02,9.43,86,86,98,Health Care,Biotechnology: Pharmaceutical Preparations
OZK,Bank OZK,-1.09,-2.6,63,66,53,Finance,Major Banks
MC,Moelis & Company,4.75,2.91,68,89,34,Finance,Investment Managers
IRDM,Iridium Communications Inc.,7.39,-14.5,30,39,96,Telecommunications,Telecommunications Equipment
SKSUY,"Sekisui Chemical Co., Ltd.",0.0,8.97,84,78,21,Industrials,Conglomerates
NXST,"Nexstar Media Group, Inc.",-2.29,6.1,73,72,32,Industrials,Broadcasting
TMICF,Trend Micro Incorporated,0.0,0.0,51,64,12,Technology,Software - Infrastructure
CRSP,CRISPR Therapeutics AG,1.68,-12.91,12,21,17,Health Care,Biotechnology: Biological Products (No Diagnostic Substances)
RANJY,Randstad N.V.,-5.6,37.99,77,75,76,Industrials,Staffing & Employment Services
WFG,West Fraser Timber Co. Ltd.,-4.25,-3.66,0,17,27,Basic Materials,Forest Products
TTBXF,Tritax Big Box REIT plc,-0.46,8.54,44,34,36,,
ARKAY,Arkema S.A.,6.72,10.72,100,100,57,Basic Materials,Specialty Chemicals
LYFT,"Lyft, Inc.",0.71,4.86,79,81,32,Consumer Discretionary,Business Services
LPL,"LG Display Co., Ltd.",6.81,-18.36,15,12,6,Technology,Industrial Machinery/Components
ESNT,Essent Group Ltd.,-2.44,3.01,59,60,54,Finance,Property-Casualty Insurers
KLIC,"Kulicke and Soffa Industries, Inc.",6.59,-34.0,11,9,94,Technology,Semiconductors
PCWLF,PCCW Limited,1.39,7.35,85,85,48,Communication Services,Telecom Services
SYNA,Synaptics Incorporated,5.03,-14.07,16,12,85,Technology,Semiconductors
HLHLY,HLHLY,0.0,0.0,100,100,63,Basic Materials,Paper & Paper Products
BRLAF,British Land Company PLC,0.0,13.85,89,84,62,Real Estate,REIT - Diversified
WTBDY,Whitbread plc,1.86,8.85,100,91,26,Consumer Cyclical,Lodging
PRM,"Perimeter Solutions, Inc.",7.38,7.45,100,100,92,Industrials,Major Chemicals
MAAS,Maase Inc.,-1.09,16.26,67,72,98,Finance,Investment Managers
BLSH,Bullish,3.43,-10.46,10,20,2,Finance,Finance: Consumer Services
RICOF,"Ricoh Company, Ltd.",0.0,0.0,100,100,1,Industrials,Business Equipment & Supplies
MGY,Magnolia Oil & Gas Corporation,0.0,0.2,42,44,28,Energy,Oil & Gas Production
GOLF,Acushnet Holdings Corp.,-2.11,-15.15,0,0,60,Consumer Discretionary,Recreational Games/Products/Toys
JDDSF,JD Sports Fashion Plc,0.0,0.83,100,100,27,Consumer Cyclical,Apparel Retail
NICE,NICE Ltd.,-5.85,4.27,60,58,13,Technology,Computer Software: Prepackaged Software
MUR,Murphy Oil Corporation,-1.24,21.26,83,82,69,Energy,Oil & Gas Production
SIGI,"Selective Insurance Group, Inc.",-2.09,-3.43,34,51,66,Finance,Property-Casualty Insurers
MTPOF,Metropolitan Bank & Trust Company,3.48,4.39,100,100,24,Financial Services,Banks - Regional
GNTX,Gentex Corporation,-1.38,-3.69,40,52,34,Consumer Discretionary,Auto Parts:O.E.M.
NFPDF,"Nissin Foods Holdings Co.,Ltd.",0.0,4.59,78,75,28,Consumer Defensive,Packaged Foods
BLFBY,BLFBY,-2.93,1.71,50,56,79,Industrials,Engineering & Construction
WTM,"White Mountains Insurance Group, Ltd.",-1.48,2.64,14,42,44,Finance,Property-Casualty Insurers
STVN,Stevanato Group S.p.A.,-1.03,10.14,75,71,48,Health Care,Medical/Dental Instruments
DNTH,"Dianthus Therapeutics, Inc.",8.21,24.86,100,100,98,Health Care,Biotechnology: Pharmaceutical Preparations
LEGN,Legend Biotech Corporation,1.06,-36.27,0,0,9,Health Care,Biotechnology: Pharmaceutical Preparations
WEX,WEX Inc.,-1.07,30.72,89,85,66,Consumer Discretionary,Business Services
ALH,Alliance Laundry Holdings Inc.,0.96,0.5,73,72,50,Industrials,Industrial Machinery/Components
BGC,"BGC Group, Inc.",-0.76,7.45,79,76,67,Finance,Investment Bankers/Brokers/Service
ACLLF,ATCO Ltd.,5.2,10.8,100,100,86,Utilities,Utilities - Diversified
OLLI,"Ollie's Bargain Outlet Holdings, Inc.",1.92,-3.67,91,93,5,Consumer Discretionary,Department/Specialty Retail Stores
SPHR,Sphere Entertainment Co.,5.81,-12.3,49,67,96,Consumer Discretionary,Services-Misc. Amusement & Recreation
CHH,"Choice Hotels International, Inc.",-3.45,2.19,49,56,37,Consumer Discretionary,Hotels/Resorts
AX,"Axos Financial, Inc.",0.31,-0.46,71,70,56,Finance,Savings Institutions
ADT,ADT Inc.,1.35,11.76,98,89,30,Consumer Discretionary,Diversified Commercial Services
LGMMY,LEG Immobilien SE,0.0,0.0,100,100,24,Real Estate,Real Estate Services
UWMC,UWM Holdings Corporation,-6.06,-16.22,26,39,2,Finance,Finance: Consumer Services
RDW,Redwire Corporation,8.87,-29.24,17,15,14,Industrials,Military/Government/Technical
TGS,Transportadora de Gas del Sur S.A.,5.54,9.63,93,100,37,Utilities,Natural Gas Distribution
SEB,Seaboard Corporation,-1.82,3.81,45,60,49,Industrials,Farming/Seeds/Milling
OPEN,Opendoor Technologies Inc.,4.09,-22.67,6,2,17,Finance,Real Estate
BDVSY,The Bidvest Group Limited,2.23,5.07,100,91,58,Industrials,Conglomerates
LBRDB,Liberty Broadband Corporation,0.0,0.86,91,85,4,Communication Services,Telecom Services
CWSRF,Chartwell Retirement Residences,0.0,4.4,100,100,66,Real Estate,REIT - Healthcare Facilities
TCCHF,Technogym S.p.A.,0.0,0.0,100,100,90,Consumer Cyclical,Leisure
CIGI,Colliers International Group Inc.,-1.81,3.16,55,61,10,Finance,Real Estate
MAQAF,Atlas Arteria Limited,0.0,-7.82,0,6,32,Industrials,Infrastructure Operations
SON,Sonoco Products Company,-3.66,1.19,53,59,77,Consumer Discretionary,Containers/Packaging
PSMMY,Persimmon Plc,1.65,7.0,100,90,33,Consumer Cyclical,Residential Construction
PMMAF,PUMA SE,0.0,7.71,83,79,75,Consumer Cyclical,Footwear & Accessories
JMPLY,Johnson Matthey Plc,2.93,3.15,100,96,33,Basic Materials,Specialty Chemicals
XXI,"Twenty One Capital, Inc.",2.3,-17.29,4,0,1,Finance,Finance: Consumer Services
MAIN,Main Street Capital Corporation,0.22,5.18,79,77,29,Finance,Finance/Investors Services
ATDRF,Autotrader Group plc,0.0,0.89,80,100,11,Communication Services,Internet Content & Information
REZI,"Resideo Technologies, Inc.",-2.66,11.57,68,69,34,Industrials,Wholesale Distributors
KEN,Kenon Holdings Ltd.,4.45,-3.7,37,58,47,Utilities,Electric Utilities: Central
GHC,Graham Holdings Company,-0.68,4.92,75,73,62,Real Estate,Other Consumer Services
CRNLF,Capricorn Metals Ltd,0.0,5.88,100,100,62,Basic Materials,Gold
CLSK,"CleanSpark, Inc.",21.07,6.75,67,75,58,Finance,Finance: Consumer Services
POWI,"Power Integrations, Inc.",7.6,-24.17,21,18,62,Technology,Semiconductors
CSTM,Constellium SE,3.4,-5.52,34,55,83,Industrials,Metal Fabrications
WSC,WillScot Holdings Corporation,-0.37,-12.17,0,0,44,Industrials,Misc Corporate Leasing Services
LGND,Ligand Pharmaceuticals Incorporated,2.87,-5.04,19,55,93,Health Care,Biotechnology: Pharmaceutical Preparations
SEDG,"SolarEdge Technologies, Inc.",6.97,-25.43,13,11,68,Technology,Semiconductors
MTPOY,Metropolitan Bank & Trust Company,0.0,3.38,100,100,23,Financial Services,Banks - Regional
MKTX,MarketAxess Holdings Inc.,29.45,42.16,100,100,27,Finance,Investment Bankers/Brokers/Service
ASB,Associated Banc-Corp,0.13,-1.47,63,68,68,Finance,Major Banks
BKEAY,"The Bank of East Asia, Limited",0.0,21.43,93,89,75,Financial Services,Banks - Regional
NPTVF,"Nippon Television Holdings, Inc.",0.0,7.43,100,100,1,Communication Services,Broadcasting
TRKNY,Türk Telekomünikasyon Anonim Sirketi,0.0,-10.55,0,0,7,Communication Services,Telecom Services
MTRN,Materion Corporation,9.91,-26.61,22,21,92,Industrials,Industrial Specialties
MEOH,Methanex Corporation,1.02,24.18,80,87,74,Industrials,Major Chemicals
SGBAF,SES S.A.,-13.87,-27.96,0,0,13,Communication Services,Broadcasting
BLLN,"BillionToOne, Inc.",5.34,14.11,100,100,93,Health Care,Medical Specialities
WYGPY,Worley Limited,-2.42,-9.24,35,56,15,Energy,Oil & Gas Equipment & Services
CUYTY,Colruyt Group N.V.,0.0,5.52,86,81,62,Consumer Defensive,Grocery Stores
CBT,Cabot Corporation,-3.61,1.76,54,58,72,Industrials,Major Chemicals
CYAGF,"CyberAgent, Inc.",0.0,0.0,100,100,1,Communication Services,Advertising Agencies
CMBT,Cmb.Tech NV,2.69,13.95,100,96,91,Consumer Discretionary,Marine Transportation
MIAX,"Miami International Holdings, Inc.",-0.86,17.8,82,78,57,Finance,Investment Bankers/Brokers/Service
LAUR,"Laureate Education, Inc.",0.0,2.87,65,74,81,Real Estate,Other Consumer Services
SPGNY,Springer Nature AG & Co. KGaA,0.0,-8.0,22,81,29,Communication Services,Publishing
CNR,"Core Natural Resources, Inc.",4.12,4.43,31,54,24,Energy,Coal Mining
LMND,"Lemonade, Inc.",2.51,-29.94,1,0,18,Finance,Property-Casualty Insurers
RMLRF,Ramelius Resources Limited,-1.7,15.5,79,75,28,Basic Materials,Gold
RTMVF,Rightmove plc,0.0,0.0,51,64,13,Communication Services,Internet Content & Information
MMYT,MakeMyTrip Limited,-0.12,-1.91,87,81,21,Consumer Discretionary,Transportation Services
TNEYF,Tamarack Valley Energy Ltd.,0.11,9.39,88,88,93,Energy,Oil & Gas E&P
MBRFY,MBRF Global Foods Company S.A.,9.12,8.1,100,100,34,Consumer Defensive,Packaged Foods
ANIOY,"Acerinox, S.A.",0.0,19.08,91,86,90,Basic Materials,Steel
TLPFY,Teleperformance SE,-0.28,26.14,92,87,47,Industrials,Specialty Business Services
AYALY,Ayala Corporation,0.0,10.66,74,80,19,Industrials,Conglomerates
TVTX,"Travere Therapeutics, Inc.",3.1,1.67,77,97,97,Health Care,Biotechnology: Pharmaceutical Preparations
FTDR,"Frontdoor, Inc.",-1.97,-6.27,37,50,70,Consumer Discretionary,Diversified Commercial Services
MRP,"Millrose Properties, Inc.",0.64,-2.33,23,67,29,Finance,Real Estate
NDCVF,Nordic Semiconductor ASA,3.2,-9.91,19,41,37,Technology,Semiconductors
TCBIO,"Texas Capital Bancshares, Inc.",-0.25,-0.25,8,55,35,Finance,Major Banks
CAAP,Corporación América Airports S.A.,2.27,3.28,90,91,55,Consumer Discretionary,Aerospace
WNDLF,WNDLF,0.0,1.45,65,68,30,Financial Services,Asset Management
TORXF,Torex Gold Resources Inc.,1.79,1.45,71,88,37,Basic Materials,Gold
MNDY,monday.com Ltd.,-2.32,15.6,82,78,12,Technology,Computer Software: Prepackaged Software
RBSFY,Rubis,1.99,0.0,98,94,45,Energy,Oil & Gas Refining & Marketing
BKGFF,The Berkeley Group Holdings plc,0.0,-7.93,22,54,19,Consumer Cyclical,Residential Construction
BTDR,Bitdeer Technologies Group,24.72,-28.11,40,44,12,Finance,Finance: Consumer Services
HKMPF,Hikma Pharmaceuticals PLC,0.0,7.18,82,78,42,Healthcare,Drug Manufacturers - Specialty & Generic
YSS,"York Space Systems, Inc.",1.6,-37.94,0,0,2,Industrials,Military/Government/Technical
DOO,BRP Inc.,2.04,6.27,97,89,45,Consumer Discretionary,Industrial Specialties
CITAF,"COSCO SHIPPING Development Co., Ltd.",0.0,14.05,100,100,32,Industrials,Aerospace & Defense
MZDAF,Mazda Motor Corporation,0.0,3.09,78,75,50,Consumer Cyclical,Auto Manufacturers
LBTYB,Liberty Global Ltd.,-2.42,-8.33,53,68,29,Telecommunications,Cable & Other Pay Television Services
AMRX,"Amneal Pharmaceuticals, Inc.",-3.14,9.02,69,68,94,Health Care,Biotechnology: Pharmaceutical Preparations
LASR,"nLIGHT, Inc.",11.24,-1.87,45,58,94,Technology,Semiconductors
LION,Lionsgate Studios Corp.,2.45,-10.98,18,53,92,Consumer Discretionary,Movies/Entertainment
POST,"Post Holdings, Inc.",-4.69,2.22,60,62,19,Consumer Staples,Packaged Foods
ANDG,ANDG,-0.09,24.95,91,88,95,Consumer Discretionary,Business Services
FULTP,Fulton Financial Corporation,0.31,1.2,66,70,33,Finance,Major Banks
FMCKL,Federal Home Loan Mortgage Corporation,0.0,-12.37,41,63,6,Financial Services,Mortgage Finance
FMCKJ,Federal Home Loan Mortgage Corporation,0.11,-6.8,49,72,8,Financial Services,Mortgage Finance
FMCCM,Federal Home Loan Mortgage Corporation,0.0,-8.75,58,74,7,Financial Services,Mortgage Finance
FMCKO,Federal Home Loan Mortgage Corporation,0.0,-11.45,39,57,5,Financial Services,Mortgage Finance
FMCCN,Federal Home Loan Mortgage Corporation,0.0,-7.0,43,65,5,Financial Services,Mortgage Finance
FMCKP,Federal Home Loan Mortgage Corporation,0.0,-7.93,24,56,8,Financial Services,Mortgage Finance
FMCCP,Federal Home Loan Mortgage Corporation,0.0,-1.69,26,60,8,Financial Services,Mortgage Finance
FMCKI,Federal Home Loan Mortgage Corporation,0.0,-7.06,62,100,6,Financial Services,Mortgage Finance
AGLXY,AGL Energy Limited,0.0,4.49,71,71,20,Utilities,Utilities - Independent Power Producers
CYGIY,"CyberAgent, Inc.",0.0,12.86,45,58,26,Communication Services,Advertising Agencies
BDC,Belden Inc.,14.78,0.21,100,100,25,Industrials,Telecommunications Equipment
GTMEF,"Globe Telecom, Inc.",0.0,0.0,51,64,4,Communication Services,Telecom Services
AZZ,AZZ Inc.,2.63,-3.13,41,66,72,Industrials,Industrial Specialties
KLBAY,Klabin S.A.,2.72,8.8,100,96,38,Basic Materials,Paper & Paper Products
BRC,Brady Corporation,-1.66,2.42,53,61,68,Consumer Discretionary,Miscellaneous manufacturing industries
SKY,"Champion Homes, Inc.",0.0,-5.37,25,51,51,Consumer Discretionary,Homebuilding
AGLNF,AGL Energy Limited,0.0,-6.87,20,59,17,Utilities,Utilities - Independent Power Producers
PHI,PLDT Inc.,-1.2,11.1,78,75,29,Telecommunications,Telecommunications Equipment
ENVA,"Enova International, Inc.",3.53,4.61,100,100,95,Finance,Finance: Consumer Services
PSUS,"Pershing Square USA, Ltd.",2.4,-5.58,24,80,19,Financial Services,Asset Management
EMAT,Evolution Metals & Technologies Corp.,0.45,-29.51,0,0,1,Basic Materials,Other Industrial Metals & Mining
VNT,Vontier Corporation,-1.12,11.58,79,76,14,Industrials,Industrial Machinery/Components
RUN,Sunrun Inc.,0.53,-27.38,0,0,5,Miscellaneous,Industrial Machinery/Components
DSRLF,DiaSorin S.p.A.,1.25,9.09,100,100,32,Healthcare,Diagnostics & Research
CDPYF,Canadian Apartment Properties Real Estate Investment Trust,-1.19,1.1,41,57,18,Real Estate,REIT - Residential
SPASF,SATS Ltd.,0.0,14.05,89,84,88,Industrials,Airports & Air Services
SNNRF,SNNRF,0.14,-4.07,60,96,28,,
TSPCF,Cleanaway Waste Management Limited,0.0,-5.71,56,68,28,Industrials,Waste Management
NAMS,NewAmsterdam Pharma Company N.V.,1.97,-19.08,5,2,32,Health Care,Biotechnology: Pharmaceutical Preparations
IRT,"Independence Realty Trust, Inc.",-1.18,-2.74,48,57,41,Real Estate,Real Estate Investment Trusts
DOCS,"Doximity, Inc.",-1.8,-1.62,41,56,3,Technology,EDP Services
SOUN,"SoundHound AI, Inc.",7.72,-8.08,32,36,3,Technology,Computer Software: Prepackaged Software
NP,Neptune Insurance Holdings Inc.,-9.83,-7.05,32,36,75,Finance,Specialty Insurers
CATY,Cathay General Bancorp,-0.33,-0.4,70,69,78,Finance,Major Banks
VLEEF,Valeo SE,0.0,0.0,51,64,81,Consumer Cyclical,Auto Parts
BFLBF,Bilfinger SE,0.0,5.29,100,100,11,Industrials,Engineering & Construction
ATHOF,Athabasca Oil Corporation,-1.72,3.78,46,63,76,Energy,Oil & Gas E&P
DAN,Dana Incorporated,0.93,3.2,75,83,56,Consumer Discretionary,Auto Parts:O.E.M.
CPRX,Catalyst Pharmaceuticals Inc,0.0,0.0,51,38,35,Health Care,Biotechnology: Pharmaceutical Preparations
WAY,Waystar Holding Corp.,-14.6,-2.29,7,15,6,Technology,EDP Services
OII,"Oceaneering International, Inc.",2.28,20.94,64,68,94,Energy,Oilfield Services/Equipment
BFLBY,Bilfinger SE,-3.93,-3.58,26,47,10,Industrials,Engineering & Construction
HHH,Howard Hughes Holdings Inc.,-1.88,-10.56,0,10,22,Real Estate,Real Estate Investment Trusts
KAI,Kadant Inc.,1.59,0.39,74,75,31,Industrials,Industrial Machinery/Components
MMSI,"Merit Medical Systems, Inc.",3.1,20.01,100,99,59,Health Care,Medical/Dental Instruments
RNST,Renasant Corporation,-1.12,-0.73,63,64,64,Finance,Major Banks
CRNX,"Crinetics Pharmaceuticals, Inc.",-0.3,116.21,96,94,97,Health Care,Biotechnology: Pharmaceutical Preparations
TWODY,Taylor Wimpey plc,1.33,6.1,90,86,23,Consumer Cyclical,Residential Construction
MMTOF,Mitsubishi Motors Corporation,0.0,23.76,92,88,64,Consumer Cyclical,Auto Manufacturers
WSFS,WSFS Financial Corporation,-1.02,1.72,69,68,80,Finance,Major Banks
FBP,First BanCorp.,-0.42,7.87,83,78,83,Finance,Major Banks
BANF,BancFirst Corporation,-1.15,-2.25,5,48,34,Finance,Major Banks
SMSMY,Sims Limited,3.41,2.55,100,100,91,Basic Materials,Steel
BILL,"BILL Holdings, Inc.",-4.26,17.04,69,68,47,Technology,EDP Services
EWTX,"Edgewise Therapeutics, Inc.",3.45,5.03,34,48,96,Health Care,Biotechnology: Pharmaceutical Preparations
MJPNF,"Micronics Japan Co., Ltd.",0.0,-9.01,5,8,1,Technology,Semiconductor Equipment & Materials
CCKRF,CCKRF,0.0,5.74,20,50,18,Healthcare,Pharmaceutical Retailers
SSLLF,Siltronic AG,0.0,-21.63,0,0,72,Technology,Semiconductors
UNLRY,UNLRY,0.0,14.36,71,76,39,Consumer Defensive,Household & Personal Products
SECCF,Serco Group plc,0.0,3.75,77,74,24,Industrials,Specialty Business Services
OTTR,Otter Tail Corporation,-1.51,-0.29,39,55,52,Utilities,Electric Utilities: Central
RNG,"RingCentral, Inc.",-7.12,30.47,76,74,94,Technology,EDP Services
MANU,Manchester United plc,0.17,1.78,83,78,83,Consumer Discretionary,Services-Misc. Amusement & Recreation
BTE,Baytex Energy Corp.,2.65,8.95,75,89,84,Energy,Oil & Gas Production
SMGSY,SMGSY,0.0,9.79,100,100,16,Communication Services,Internet Content & Information
BFH,"Bread Financial Holdings, Inc.",3.39,4.98,100,100,92,Consumer Discretionary,Business Services
TXG,"10x Genomics, Inc.",6.71,26.58,100,100,98,Industrials,Biotechnology: Laboratory Analytical Instruments
BHFAM,"Brighthouse Financial, Inc.",0.25,-6.04,17,46,17,Finance,Life Insurance
CVBF,CVB Financial Corp.,-0.7,-1.01,60,63,68,Finance,Major Banks
LEU,Centrus Energy Corp.,10.68,6.26,100,100,7,Industrials,Mining & Quarrying of Nonmetallic Minerals (No Fuels)
CMTOY,Cementos Argos S.A.,0.0,28.57,69,79,87,Basic Materials,Building Materials
CWYUF,SmartCentres Real Estate Investment Trust,-0.38,0.95,37,57,55,Real Estate,REIT - Retail
ELRXF,AB Electrolux (publ),0.0,-26.75,7,20,1,Consumer Cyclical,"Furnishings, Fixtures & Appliances"
NHI,"National Health Investors, Inc.",-2.84,-0.63,30,51,41,Real Estate,Real Estate Investment Trusts
PEGRF,Pennon Group Plc,-11.16,6.8,36,42,15,Utilities,Utilities - Regulated Water
CHCLY,"Citizen Watch Co., Ltd.",0.0,-5.71,11,42,97,Consumer Cyclical,Footwear & Accessories
EUZOF,Eurazeo SE,0.0,0.0,100,100,16,Financial Services,Asset Management
GPGI,"GPGI, Inc.",0.97,-19.0,0,0,12,Finance,Finance: Consumer Services
CGAU,Centerra Gold Inc.,7.57,17.89,100,100,90,Basic Materials,Precious Metals
FRTAY,freenet AG,0.0,-0.58,100,100,19,Communication Services,Telecom Services
SLG,SL Green Realty Corp.,-0.39,2.66,83,80,65,Real Estate,Real Estate Investment Trusts
FUL,H.B. Fuller Company,-0.24,-2.89,36,62,24,Industrials,Home Furnishings
FLNC,"Fluence Energy, Inc.",13.29,-26.63,25,26,36,Miscellaneous,Industrial Machinery/Components
ZLDPF,Zealand Pharma A/S,0.0,6.29,100,100,10,Healthcare,Biotechnology
EXTR,"Extreme Networks, Inc.",2.65,-5.06,12,40,92,Telecommunications,Computer Communications Equipment
FIBK,"First Interstate BancSystem, Inc.",1.88,-2.04,31,78,70,Finance,Major Banks
LIF,"Life360, Inc.",0.71,-2.87,79,80,27,Technology,EDP Services
PRBZF,Premium Brands Holdings Corporation,0.0,11.48,86,81,42,Consumer Defensive,Packaged Foods
KEEL,Keel Infrastructure Corp.,27.36,-24.72,51,52,95,Finance,Finance: Consumer Services
AVA,Avista Corporation,-1.08,1.21,40,59,48,Utilities,Power Generation
PIFMY,PT Indofood Sukses Makmur Tbk,0.78,10.93,92,85,29,Consumer Defensive,Packaged Foods
PHPRF,Primary Health Properties Plc,0.0,1.46,100,100,56,Real Estate,REIT - Healthcare Facilities
AMFPY,Amplifon S.p.A.,0.0,-0.68,100,100,5,Healthcare,Medical Distribution
PPTA,Perpetua Resources Corp.,9.56,-9.91,47,60,10,Basic Materials,Precious Metals
MMED,"MiniMed Group, Inc.",-1.36,19.49,86,82,69,Health Care,Medical/Dental Instruments
BKU,"BankUnited, Inc.",0.09,-4.57,16,44,54,Finance,Savings Institutions
SUNC,SunocoCorp LLC,0.24,12.12,89,84,87,Energy,Integrated oil Companies
CLCGY,Clicks Group Limited,1.38,-6.26,23,37,7,Healthcare,Pharmaceutical Retailers
SENGF,"SINOPEC Engineering (Group) Co., Ltd.",0.0,0.0,100,100,69,Industrials,Engineering & Construction
ETOR,eToro Group Ltd.,0.31,-10.54,5,21,23,Finance,Investment Bankers/Brokers/Service
WSBC,"WesBanco, Inc.",-0.79,4.06,76,74,80,Finance,Major Banks
ELF,"e.l.f. Beauty, Inc.",1.68,4.46,84,83,35,Consumer Discretionary,Package Goods/Cosmetics
XNYIF,Xinyi Solar Holdings Limited,0.0,-5.8,73,100,3,Technology,Solar
BFAM,Bright Horizons Family Solutions Inc.,-5.72,6.74,51,54,14,Consumer Discretionary,Other Consumer Services
KGDEY,Kingdee International Software Group Company Limited,0.0,35.16,94,89,7,Technology,Software - Application
GEF,"Greif, Inc.",0.11,16.71,92,87,85,Consumer Cyclical,Packaging & Containers
GNW,"Genworth Financial, Inc.",-1.19,4.29,76,74,67,Finance,Life Insurance
CNK,"Cinemark Holdings, Inc.",3.61,14.04,100,100,84,Consumer Discretionary,Movies/Entertainment
CHFLF,China Feihe Limited,0.0,11.43,100,100,84,Consumer Defensive,Packaged Foods
AVNT,Avient Corporation,2.12,-0.38,46,75,49,Industrials,Major Chemicals
KREVF,Keppel REIT,0.0,7.69,83,79,30,Real Estate,REIT - Office
TLPPF,Telix Pharmaceuticals Limited,0.0,-10.27,10,36,29,Healthcare,Biotechnology
NSIT,"Insight Enterprises, Inc.",0.27,6.64,91,85,88,Consumer Discretionary,Catalog/Specialty Distribution
SECYF,SECURE Waste Infrastructure Corp.,2.73,11.02,100,96,75,Industrials,Waste Management
KN,Knowles Corporation,4.4,-10.94,39,56,88,Consumer Staples,Consumer Electronics/Appliances
DYN,"Dyne Therapeutics, Inc.",2.51,18.08,94,90,94,Health Care,Biotechnology: Pharmaceutical Preparations
CON,"Concentra Group Holdings Parent, Inc.",0.03,2.76,59,63,90,Health Care,Medical Specialities
PRMRF,Paramount Resources Ltd.,-0.33,10.1,71,77,60,Energy,Oil & Gas E&P
BATRA,"Atlanta Braves Holdings, Inc.",-0.77,-4.58,0,45,62,Consumer Discretionary,Services-Misc. Amusement & Recreation
SVYSF,Solvay SA,4.98,8.9,100,100,41,Basic Materials,Chemicals
ALHC,"Alignment Healthcare, Inc.",1.75,-22.49,3,0,42,Health Care,Medical Specialities
SLVYY,Solvay SA,0.99,3.74,89,80,40,Basic Materials,Chemicals
ISLMF,ISLMF,-1.25,3.26,51,58,6,,
TOWN,TowneBank,-1.42,4.14,72,72,60,Finance,Major Banks
VGNT,Versigent PLC,-2.63,0.14,54,60,83,Consumer Cyclical,Auto Parts
CHEF,"The Chefs' Warehouse, Inc.",6.24,17.68,100,100,94,Consumer Discretionary,Food Distributors
KXSCF,Kinaxis Inc.,-4.29,8.22,67,64,39,Technology,Software - Application
SFNC,Simmons First National Corporation,-0.21,0.82,74,71,71,Finance,Major Banks
REDLF,REDLF,-5.79,6.19,75,81,75,Basic Materials,Gold
SBLK,Star Bulk Carriers Corp.,6.43,17.49,100,100,87,Consumer Discretionary,Marine Transportation
CTRRF,CT Real Estate Investment Trust,-0.26,2.95,57,61,59,Real Estate,REIT - Retail
CLMT,"Calumet, Inc.",3.18,20.09,99,99,96,Energy,Integrated oil Companies
TGSNF,TGS ASA,0.29,-1.22,38,51,79,Energy,Oil & Gas Equipment & Services
HAE,Haemonetics Corporation,-0.7,13.32,85,81,86,Health Care,Medical/Dental Instruments
CURB,Curbline Properties Corp.,-0.39,1.93,43,59,74,Finance,Real Estate
HAWK,"HawkEye 360, Inc.",8.63,1.33,89,100,3,Technology,EDP Services
HAYW,"Hayward Holdings, Inc.",0.79,-9.43,47,66,36,Industrials,Industrial Machinery/Components
MPT,"Medical Properties Trust, Inc.",-1.26,2.18,61,67,34,Real Estate,Real Estate Investment Trusts
STLJF,Stella-Jones Inc.,0.0,-0.18,76,70,24,Basic Materials,Lumber & Wood Production
FSK,FS KKR Capital Corp.,-1.77,-0.75,45,59,14,Finance,Investment Managers
ARCB,ArcBest Corporation,0.41,1.61,15,35,91,Industrials,Trucking Freight/Courier Services
BOH,Bank of Hawaii Corporation,0.31,-3.75,0,35,64,Finance,Major Banks
ATS,ATS Corporation,1.09,-4.9,17,63,19,Industrials,Industrial Machinery/Components
GPOR,Gulfport Energy Corporation,0.06,-5.13,40,73,13,Energy,Oil & Gas Production
IPAR,"Interparfums, Inc.",-1.15,8.57,75,72,81,Consumer Discretionary,Package Goods/Cosmetics
RHI,Robert Half Inc.,-7.2,12.95,54,61,84,Consumer Discretionary,Professional Services
WDOFF,Wesdome Gold Mines Ltd.,1.81,10.38,100,90,70,Basic Materials,Gold
YUEIY,Yue Yuen Industrial (Holdings) Limited,0.0,20.03,91,85,43,Consumer Cyclical,Footwear & Accessories
TATYY,Tate & Lyle plc,0.0,0.2,46,64,88,Consumer Defensive,Packaged Foods
NIC,"Nicolet Bankshares, Inc.",-0.88,0.43,67,68,76,Finance,Major Banks
JTCPF,JTC PLC,0.0,0.87,62,67,56,Financial Services,Asset Management
KLRA,"Kailera Therapeutics, Inc.",1.01,-18.11,5,2,4,Health Care,Biotechnology: Pharmaceutical Preparations
HMNKF,HMS Networks AB (publ),0.0,-18.44,11,29,65,Technology,Communication Equipment
BWLP,BW LPG Limited,2.33,27.83,100,96,91,Consumer Discretionary,Transportation Services
PAY,"Paymentus Holdings, Inc.",-4.99,37.23,76,75,72,Consumer Discretionary,Business Services
EXK,Endeavour Silver Corp.,2.78,-6.83,33,54,24,Basic Materials,Precious Metals
OLN,Olin Corporation,-0.09,13.17,59,73,22,Industrials,Major Chemicals
AKR,Acadia Realty Trust,-0.88,6.56,72,71,60,Real Estate,Real Estate Investment Trusts
SDRL,Seadrill Limited,4.6,11.3,68,80,61,Energy,Oil & Gas Production
VOYG,"Voyager Technologies, Inc.",5.97,-29.1,9,6,9,Industrials,Military/Government/Technical
WSIOF,Wasion Holdings Limited,0.0,-31.77,3,5,93,Industrials,Electrical Equipment & Parts
VAC,Marriott Vacations Worldwide Corporation,-5.06,-2.29,36,45,90,Finance,Real Estate
OPMXF,"Operadora de Sites Mexicanos, S.A.B. de C.V.",0.0,2.51,100,100,98,Industrials,Engineering & Construction
GRBK,"Green Brick Partners, Inc.",-1.96,-10.84,2,26,42,Consumer Discretionary,Homebuilding
IMPJY,Webuild S.p.A.,0.0,-4.22,0,25,4,Industrials,Engineering & Construction
BRZE,"Braze, Inc.",-6.6,9.29,63,61,35,Technology,Computer Software: Prepackaged Software
LGDDF,Lagardere SA,0.0,0.0,51,64,22,Consumer Cyclical,Specialty Retail
DRTGF,Jet2 plc,6.47,13.15,100,100,70,Consumer Cyclical,Travel Services
TR,"Tootsie Roll Industries, Inc.",-0.45,-1.62,61,70,41,Consumer Staples,Specialty Foods
VNET,"VNET Group, Inc.",16.38,-16.91,49,55,11,Technology,Computer Software: Programming Data Processing
ACOPF,The a2 Milk Company Limited,0.0,4.06,84,79,33,Consumer Defensive,Packaged Foods
PHIN,PHINIA Inc.,-11.04,-6.5,0,4,65,Consumer Discretionary,Auto Parts:O.E.M.
MGEE,"MGE Energy, Inc.",-1.0,-1.98,8,45,33,Energy,Electric Utilities: Central
IPCFF,International Petroleum Corporation,2.4,0.18,43,68,44,Energy,Oil & Gas E&P
ZIM,ZIM Integrated Shipping Services Ltd.,0.61,-1.98,57,78,78,Consumer Discretionary,Marine Transportation
JTTRY,"Japan Airport Terminal Co., Ltd.",0.0,15.19,90,84,38,Industrials,Airports & Air Services
ACOPY,The a2 Milk Company Limited,0.0,-4.39,15,45,20,Consumer Defensive,Packaged Foods
VISN,"Vistance Networks, Inc.",1.39,-5.34,0,41,92,Technology,Radio And Television Broadcasting And Communications Equipment
KD,"Kyndryl Holdings, Inc.",-3.57,12.58,74,72,4,Technology,EDP Services
YUEIF,Yue Yuen Industrial (Holdings) Limited,6.13,15.33,100,100,29,Consumer Cyclical,Footwear & Accessories
ATKR,Atkore Inc.,-0.6,-1.97,27,39,31,Miscellaneous,Industrial Machinery/Components
WK,Workiva Inc.,-4.74,15.26,66,67,18,Technology,Computer Software: Prepackaged Software
GMRS,GMR Solutions Inc.,-3.17,-15.18,0,5,19,Consumer Discretionary,Transportation Services
IHS,IHS Holding Limited,-0.85,0.0,47,59,55,Telecommunications,Telecommunications Equipment
FSLY,"Fastly, Inc.",4.16,16.11,100,100,96,Technology,Computer Software: Prepackaged Software
TRMD,TORM plc,1.37,15.2,95,87,81,Consumer Discretionary,Marine Transportation
CALY,Callaway Golf Company,1.59,-0.59,40,70,91,Consumer Discretionary,Recreational Games/Products/Toys
DRMKY,dormakaba Holding AG,-0.38,19.98,100,100,56,Industrials,Building Products & Equipment
BRLXF,Boralex Inc.,0.0,0.12,51,64,64,Utilities,Utilities - Renewable
BICEY,Société BIC SA,10.64,17.43,100,100,73,Consumer Defensive,Household & Personal Products
SUEZY,Südzucker AG,0.0,0.0,51,64,30,Consumer Defensive,Packaged Foods
FCPT,"Four Corners Property Trust, Inc.",-3.0,4.12,48,57,45,Real Estate,Real Estate Investment Trusts
NMIH,"NMI Holdings, Inc.",-2.03,5.95,65,66,58,Finance,Property-Casualty Insurers
SRAIF,Stadler Rail AG,0.0,0.0,100,100,66,Industrials,Railroads
TGB,Trekor Metals Limited,5.51,1.14,45,64,85,Basic Materials,Precious Metals
NVG,Nuveen AMT-Free Municipal Credit Income Fund,0.73,-2.51,29,61,44,Finance,Investment Managers
CZMWY,Carl Zeiss Meditec AG,2.39,11.08,96,94,25,Healthcare,Medical Instruments & Supplies
HUN,Huntsman Corporation,0.92,14.41,61,74,51,Industrials,Major Chemicals
MLFNF,Maple Leaf Foods Inc.,1.11,-3.11,54,77,39,Consumer Defensive,Packaged Foods
SUPN,"Supernus Pharmaceuticals, Inc.",-2.06,-3.8,0,31,36,Health Care,Biotechnology: Pharmaceutical Preparations
SMTGF,SMA Solar Technology AG,0.0,-5.29,49,66,95,Technology,Solar
HTFL,"Heartflow, Inc.",3.15,-15.89,47,70,12,Health Care,Medical/Dental Instruments
MXCHY,"Orbia Advance Corporation, S.A.B. de C.V.",-0.36,7.91,82,78,87,Industrials,Conglomerates
IRON,"Disc Medicine, Inc.",7.52,5.68,94,100,58,Health Care,Biotechnology: Pharmaceutical Preparations
AEO,"American Eagle Outfitters, Inc.",-1.31,0.87,63,65,50,Consumer Discretionary,Clothing/Shoe/Accessory Stores
NDVLY,New World Development Company Limited,8.33,2.63,66,80,14,Real Estate,Real Estate - Diversified
BRAI,Braiin Limited,1.61,-1.04,37,43,2,Technology,EDP Services
WAFDP,"WaFd, Inc.",0.24,1.17,66,69,43,Finance,Major Banks
TMC,TMC the metals company Inc.,4.93,-16.97,16,11,3,Basic Materials,Metal Mining
FXCNF,FXCNF,0.0,0.0,51,64,86,Technology,Consumer Electronics
VVX,"V2X, Inc.",0.51,20.62,79,79,88,Consumer Discretionary,Diversified Commercial Services
IDYA,"IDEAYA Biosciences, Inc.",2.28,0.64,31,49,76,Health Care,Biotechnology: Pharmaceutical Preparations
IVT,InvenTrust Properties Corp.,-1.62,0.77,25,52,71,Real Estate,Real Estate Investment Trusts
HKUOY,Hakuhodo DY Holdings Inc,0.0,2.69,82,100,44,Communication Services,Advertising Agencies
ZNKKY,"ZENKOKU HOSHO Co.,Ltd.",0.0,7.23,100,100,22,Financial Services,Credit Services
PDIYF,Predictive Discovery Limited,3.3,-3.59,44,60,35,Basic Materials,Gold
LCID,"Lucid Group, Inc.",2.01,22.47,100,97,16,Industrials,Auto Manufacturing
USNZY,Usinas Siderúrgicas de Minas Gerais S.A.,-9.37,-11.59,0,0,71,Basic Materials,Steel
ELUXY,AB Electrolux (publ),-3.99,-4.6,80,77,25,Consumer Cyclical,"Furnishings, Fixtures & Appliances"
CUBI,"Customers Bancorp, Inc.",-0.58,-2.09,64,67,51,Finance,Major Banks
WU,The Western Union Company,-4.94,-2.04,1,23,23,Consumer Discretionary,Business Services
FRME,First Merchants Corporation,-0.05,-2.37,47,68,61,Finance,Major Banks
CALX,"Calix, Inc.",-1.04,-5.15,0,12,6,Consumer Discretionary,Telecommunications Equipment
IMOS,ChipMOS TECHNOLOGIES INC.,3.09,-27.4,2,0,94,Technology,Semiconductors
FURCF,Forvia SE,0.0,0.0,51,64,9,Consumer Cyclical,Auto Parts
CSIOY,"Casio Computer Co.,Ltd.",0.0,-14.11,5,20,67,Technology,Consumer Electronics
DGII,Digi International Inc.,4.06,-8.0,56,87,92,Telecommunications,Computer Communications Equipment
BW,"Babcock & Wilcox Enterprises, Inc.",19.27,-25.67,39,41,98,Industrials,Building Products
CHRYY,Chorus Limited,0.14,0.5,74,71,45,Communication Services,Telecom Services
SRBEF,Vusion S.A.,0.0,10.66,100,100,16,Technology,Software - Application
KWR,Quaker Chemical Corporation,4.12,-3.61,67,95,66,Industrials,Major Chemicals
COHU,"Cohu, Inc.",18.07,-32.79,34,36,93,Industrials,Electrical Products
EKTAF,Elekta AB (publ),0.0,4.17,72,71,21,Healthcare,Medical Devices
PPAAY,PT Perusahaan Gas Negara (Persero) Tbk,0.0,8.97,85,80,14,Utilities,Utilities - Regulated Gas
UAA,"Under Armour, Inc.",-3.26,3.8,40,56,62,Consumer Discretionary,Apparel
IMNM,"Immunome, Inc.",-0.13,7.4,51,67,81,Health Care,Biotechnology: Pharmaceutical Preparations
MRPLY,Mr Price Group Limited,0.0,-0.76,8,42,30,Consumer Cyclical,Apparel Retail
IWGFF,International Workplace Group plc,1.49,8.37,82,87,24,Real Estate,Real Estate Services
BCC,Boise Cascade Company,-2.96,-0.13,47,54,27,Consumer Discretionary,RETAIL: Building Materials
TALO,Talos Energy Inc.,2.46,8.39,68,82,74,Energy,Oil & Gas Production
AEBZY,Anadolu Efes Biracilik ve Malt Sanayii Anonim Sirketi,0.0,-2.56,55,70,48,Consumer Defensive,Beverages - Non-Alcoholic
PK,Park Hotels & Resorts Inc.,-1.7,6.28,73,71,88,Consumer Discretionary,Hotels/Resorts
ILKAY,Iluka Resources Limited,0.95,-3.04,60,66,31,Basic Materials,Other Industrial Metals & Mining
CHA,Chagee Holdings Limited,-1.06,-6.52,39,58,14,Consumer Discretionary,Restaurants
OVHFF,OVH Groupe S.A.,0.0,3.94,96,100,90,Technology,Software - Infrastructure
HTO,H2O America,-2.81,2.03,32,51,69,Utilities,Water Supply
BBAI,"BigBear.ai Holdings, Inc.",9.27,-22.25,22,22,2,Technology,Computer Software: Prepackaged Software
ELVN,"Enliven Therapeutics, Inc.",1.85,10.64,100,90,96,Health Care,Biotechnology: Pharmaceutical Preparations
NBTB,NBT Bancorp Inc.,-2.45,5.33,65,65,77,Finance,Major Banks
HNWAF,"Hanwa Co., Ltd.",0.0,2.03,60,100,1,Industrials,Conglomerates
NSHBY,Nisshinbo Holdings Inc.,0.0,0.0,51,64,94,Industrials,Conglomerates
ALSSF,"Alsea, S.A.B. de C.V.",0.0,-5.49,39,62,11,Consumer Cyclical,Restaurants
NGVT,Ingevity Corporation,-0.61,-3.29,0,31,65,Industrials,Major Chemicals
AKRTF,Aker Solutions ASA,0.0,-0.63,47,71,84,Energy,Oil & Gas Equipment & Services
ATUSF,Altius Minerals Corporation,-0.07,-5.85,44,67,89,Basic Materials,Other Industrial Metals & Mining
PRRFY,Premier Foods plc,11.34,-1.65,89,100,53,Consumer Defensive,Packaged Foods
DNOW,DNOW Inc.,3.0,7.34,62,72,28,Consumer Discretionary,Oil and Gas Field Machinery
RNW,ReNew Energy Global Plc,3.01,-0.16,72,97,41,Utilities,Electric Utilities: Central
ZZHGY,"ZhongAn Online P & C Insurance Co., Ltd.",0.0,-14.93,9,13,2,Financial Services,Insurance - Property & Casualty
BUSEP,First Busey Corporation,0.66,0.69,71,71,37,Finance,Major Banks
AVPT,"AvePoint, Inc.",-1.54,12.06,77,74,41,Technology,Computer Software: Prepackaged Software
JBFCY,Jollibee Foods Corporation,2.07,1.52,30,55,7,Consumer Cyclical,Restaurants
MH,"McGraw Hill, Inc.",-3.39,4.54,76,73,11,Consumer Discretionary,Publishing
KOD,Kodiak Sciences Inc.,6.22,14.12,97,100,97,Health Care,Biotechnology: Biological Products (No Diagnostic Substances)
HE,"Hawaiian Electric Industries, Inc.",0.84,-1.64,0,63,32,Utilities,Electric Utilities: Central
SWONF,SoftwareOne Holding AG,0.0,7.53,100,100,60,Technology,Software - Application
DRVN,Driven Brands Holdings Inc.,-4.14,1.7,42,43,34,Consumer Discretionary,Automotive Aftermarket
DRD,DRDGOLD Limited,3.42,-1.28,56,90,19,Basic Materials,Precious Metals
IMYSY,Imerys S.A.,8.3,7.0,100,100,32,Basic Materials,Specialty Chemicals
RAMP,"LiveRamp Holdings, Inc.",0.13,0.29,56,66,82,Technology,EDP Services
DRH,DiamondRock Hospitality Company,-1.75,8.21,75,72,90,Real Estate,Real Estate Investment Trusts
AKRYY,Aker Solutions ASA,0.0,-5.79,100,100,93,Energy,Oil & Gas Equipment & Services
HNI,HNI Corporation,1.87,7.23,90,86,44,Consumer Discretionary,Office Equipment/Supplies/Services
PCT,"PureCycle Technologies, Inc.",7.26,-20.72,27,34,3,Industrials,Major Chemicals
MNR,MNR,0.82,5.97,90,83,55,Energy,Oil & Gas Production
ALZCF,AlzChem Group AG,0.0,7.7,100,100,43,Basic Materials,Specialty Chemicals
CRPHY,Ceres Power Holdings plc,-1.15,-40.41,1,2,58,Industrials,Electrical Equipment & Parts
NMZ,Nuveen Municipal High Income Opportunity Fund,-0.49,-2.9,10,53,42,Finance,Finance/Investors Services
EFSCP,Enterprise Financial Services Corp,0.0,-0.15,24,55,40,Finance,Major Banks
CCU,Compañía Cervecerías Unidas S.A.,0.78,8.15,77,78,30,Consumer Staples,Beverages (Production/Distribution)
EKTAY,Elekta AB (publ),1.6,-1.74,63,84,22,Healthcare,Medical Devices
SPKKY,Spark New Zealand Limited,0.69,8.36,92,85,20,Communication Services,Telecom Services
CDGLY,ComfortDelGro Corporation Limited,0.0,4.03,49,76,21,Industrials,Railroads
ODFJF,ODFJF,0.0,2.87,100,100,88,Energy,Oil & Gas Drilling
IMAX,IMAX Corporation,-2.18,17.82,85,82,89,Consumer Discretionary,Industrial Machinery/Components
NGCRF,NagaCorp Ltd.,0.0,-6.52,44,67,9,Consumer Cyclical,Resorts & Casinos
MBIN,Merchants Bancorp,2.27,11.56,100,95,91,Finance,Major Banks
MBINN,Merchants Bancorp,-0.05,1.41,63,67,45,Finance,Major Banks
MLCO,Melco Resorts & Entertainment Limited,1.23,9.92,96,88,17,Consumer Discretionary,Hotels/Resorts
DRDGF,DRDGOLD Limited,0.0,-17.93,4,23,15,Basic Materials,Gold
WLYB,"John Wiley & Sons, Inc.",0.0,11.67,100,100,87,Consumer Discretionary,Books
PLUS,ePlus inc.,-2.28,10.49,74,72,66,Technology,Retail: Computer Software & Peripheral Equipment
WS,"Worthington Steel, Inc.",-1.57,9.3,54,58,41,Industrials,Steel/Iron Ore
RPBPF,RPBPF,2.61,-25.14,13,12,93,Technology,Electronic Components
GMOYF,"GMO internet group, Inc.",0.0,26.42,93,89,53,Communication Services,Telecom Services
ACHC,"Acadia Healthcare Company, Inc.",2.89,-9.95,4,0,82,Health Care,Medical Specialities
ABBRF,AbraSilver Resource Corp.,3.61,0.52,51,60,91,Basic Materials,Other Precious Metals & Mining
ARR,"ARMOUR Residential REIT, Inc.",0.55,-3.28,31,58,45,Real Estate,Real Estate Investment Trusts
SYBT,"Stock Yards Bancorp, Inc.",-2.08,10.13,78,75,74,Finance,Major Banks
ATHM,Autohome Inc.,0.57,24.09,95,90,50,Technology,EDP Services
OKCTF,Okinawa Cellular Telephone Company,0.0,0.0,100,100,1,Communication Services,Telecom Services
XRAY,DENTSPLY SIRONA Inc.,-3.24,23.9,75,73,52,Health Care,Medical/Dental Instruments
CLBK,"Columbia Financial, Inc.",0.37,13.26,90,85,90,Finance,Savings Institutions
AESI,Atlas Energy Solutions Inc.,1.18,-34.06,0,0,9,Industrials,Mining & Quarrying of Nonmetallic Minerals (No Fuels)
SPSC,"SPS Commerce, Inc.",-5.14,12.94,60,61,13,Technology,Computer Software: Prepackaged Software
GEBHF,Genting Berhad,-1.96,2.04,47,58,7,Consumer Cyclical,Resorts & Casinos
MKMLF,"Makino Milling Machine Co., Ltd.",0.0,-7.76,35,87,1,Industrials,Specialty Industrial Machinery
SLDE,"Slide Insurance Holdings, Inc.",-8.63,1.2,27,35,66,Finance,Property-Casualty Insurers
LC,LendingClub Corporation,4.32,0.52,100,100,36,Finance,Finance: Consumer Services
IOSP,Innospec Inc.,1.32,5.26,95,85,59,Industrials,Major Chemicals
MHD,"BlackRock MuniHoldings Fund, Inc.",0.0,-2.62,17,53,40,Finance,Investment Bankers/Brokers/Service
PRDO,Perdoceo Education Corporation,-6.05,-2.38,47,55,33,Real Estate,Other Consumer Services
PTKFY,PT Kalbe Farma Tbk.,0.0,-9.62,4,8,3,Healthcare,Drug Manufacturers - General
FORTY,Formula Systems (1985) Ltd.,-1.81,-0.8,13,32,13,Technology,EDP Services
LCSHF,Lancashire Holdings Limited,0.0,3.57,51,73,48,Financial Services,Insurance - Specialty
TRVI,"Trevi Therapeutics, Inc.",1.71,4.49,68,87,95,Health Care,Biotechnology: Pharmaceutical Preparations
OMCL,"Omnicell, Inc.",-10.36,-11.5,0,0,32,Technology,Computer Manufacturing
TAVHF,TAV Havalimanlari Holding A.S.,0.0,48.33,100,100,74,Industrials,Airports & Air Services
BHC,Bausch Health Companies Inc.,28.85,26.42,100,100,38,Health Care,Biotechnology: Pharmaceutical Preparations
CMGMY,Chemring Group PLC,2.0,21.35,99,100,52,Industrials,Aerospace & Defense
HRUFF,H&R Real Estate Investment Trust,-0.13,1.42,84,73,34,Real Estate,REIT - Diversified
GNL,"Global Net Lease, Inc.",-0.79,0.65,17,56,51,Real Estate,Real Estate Investment Trusts
FLYW,Flywire Corporation,-1.75,-12.34,12,18,75,Consumer Discretionary,Business Services
NMM,Navios Maritime Partners L.P.,1.62,11.59,98,88,89,Consumer Discretionary,Marine Transportation
OCUL,"Ocular Therapeutix, Inc.",1.32,-10.56,1,9,12,Health Care,Biotechnology: Pharmaceutical Preparations
SESMF,SUSS MicroTec SE,0.0,-11.33,49,76,94,Technology,Semiconductor Equipment & Materials
NTLA,"Intellia Therapeutics, Inc.",2.69,-35.67,6,6,14,Health Care,Biotechnology: In Vitro & In Vivo Diagnostic Substances
UHOIF,Ushio Inc.,0.0,-14.53,0,0,93,Industrials,Specialty Industrial Machinery
BLX,Bladex Inc.,1.87,-5.05,49,61,76,Finance,Commercial Banks
NEOG,Neogen Corporation,22.66,23.85,100,100,93,Health Care,Biotechnology: In Vitro & In Vivo Diagnostic Substances
PDFS,"PDF Solutions, Inc.",12.1,-31.0,25,25,88,Technology,Computer Software: Prepackaged Software
ALKT,"Alkami Technology, Inc.",-2.84,-4.86,56,62,17,Technology,Computer Software: Prepackaged Software
SION,"Sionna Therapeutics, Inc.",4.4,12.34,65,78,90,Health Care,Biotechnology: Pharmaceutical Preparations
STOK,"Stoke Therapeutics, Inc.",1.9,-8.16,47,62,75,Health Care,Biotechnology: Pharmaceutical Preparations
PFFVF,Pfeiffer Vacuum Technology AG,0.0,-0.93,32,64,32,Industrials,Specialty Industrial Machinery
SKYT,"SkyWater Technology, Inc.",6.15,-6.78,53,87,93,Technology,Semiconductors
JPEVF,JPEVF,0.0,0.0,100,100,1,Industrials,Specialty Business Services
PLAB,"Photronics, Inc.",5.87,-2.41,60,76,23,Technology,Semiconductors
BLDP,Ballard Power Systems Inc.,11.6,-26.77,26,26,38,Energy,Industrial Machinery/Components
RAPP,"Rapport Therapeutics, Inc.",4.49,8.61,100,100,94,Health Care,Biotechnology: Pharmaceutical Preparations
AGM,Federal Agricultural Mortgage Corporation,3.1,8.46,100,99,83,Finance,Finance Companies
ABCL,AbCellera Biologics Inc.,5.57,-25.13,15,17,83,Health Care,Biotechnology: Pharmaceutical Preparations
PDO,Pimco Dynamic Income Opportunities Fund,1.39,-0.02,88,76,40,Finance,Trusts Except Educational Religious and Charitable
FBYD,"Falcon's Beyond Global, Inc.",-3.51,-49.7,0,0,48,Consumer Discretionary,Services-Misc. Amusement & Recreation
TY,Tri-Continental Corporation,0.55,0.09,48,66,49,Finance,Finance Companies
LGYRF,Landis+Gyr Group AG,0.0,-8.6,98,100,11,Industrials,Electrical Equipment & Parts
PUMP,ProPetro Holding Corp.,5.97,-19.01,14,10,51,Energy,Oilfield Services/Equipment
SGML,Sigma Lithium Corporation,6.51,-19.58,18,17,40,Basic Materials,Metal Mining
FIVN,"Five9, Inc.",1.82,19.02,100,94,86,Technology,EDP Services
CMRE,Costamare Inc.,1.17,11.95,85,86,67,Consumer Discretionary,Marine Transportation
GUYGF,G2 Goldfields Inc.,4.65,1.25,83,93,95,Basic Materials,Gold
ADMA,"ADMA Biologics, Inc.",-0.46,0.7,44,63,3,Health Care,Biotechnology: Biological Products (No Diagnostic Substances)
QFIN,"Qfin Holdings, Inc.",0.65,-15.39,53,69,12,Finance,Finance: Consumer Services
KNCAF,"Konica Minolta, Inc.",0.0,0.0,51,64,53,Industrials,Business Equipment & Supplies
BLRDF,Billerud AB (publ),0.0,13.96,100,100,51,Basic Materials,Paper & Paper Products
AIN,Albany International Corp.,0.45,-0.4,58,65,75,Consumer Discretionary,Textiles
CTS,CTS Corporation,1.9,-1.77,66,68,82,Technology,Electrical Products
GDNGY,PT Gudang Garam Tbk,0.0,15.57,89,84,87,Consumer Defensive,Tobacco
HRMY,"Harmony Biosciences Holdings, Inc.",0.0,-0.39,57,74,54,Health Care,Biotechnology: Pharmaceutical Preparations
ASAN,"Asana, Inc.",-6.58,8.76,66,63,15,Technology,Computer Software: Prepackaged Software
DETRF,Deterra Royalties Limited,5.07,-0.09,90,91,55,Basic Materials,Other Industrial Metals & Mining
SFRGY,Salvatore Ferragamo S.p.A.,0.0,-0.34,36,57,91,Consumer Cyclical,Luxury Goods
ECO,Okeanis Eco Tankers Corp.,2.64,19.86,100,96,94,Consumer Discretionary,Marine Transportation
TIC,"TIC Solutions, Inc.",0.97,-9.25,47,62,6,Consumer Discretionary,Business Services
PRLB,"Proto Labs, Inc.",5.31,-4.57,34,63,88,Industrials,Metal Fabrications
BKSY,BlackSky Technology Inc.,8.98,-21.85,22,28,17,Technology,Radio And Television Broadcasting And Communications Equipment
ADNT,Adient plc,1.39,20.62,98,91,36,Consumer Discretionary,Auto Parts:O.E.M.
TBNGY,PT Bukit Asam (Persero) Tbk,0.0,7.04,90,85,28,Energy,Thermal Coal
ANIP,"ANI Pharmaceuticals, Inc.",-1.65,-3.15,39,56,42,Health Care,Biotechnology: Pharmaceutical Preparations
CBZ,"CBIZ, Inc.",0.64,61.22,97,94,82,Consumer Discretionary,Business Services
INTA,"Intapp, Inc.",1.26,21.71,98,91,44,Technology,Computer Software: Prepackaged Software
NNWWF,The North West Company Inc.,0.0,4.51,76,74,44,Consumer Defensive,Grocery Stores
SREMF,Sunrise Energy Metals Limited,-5.41,-13.78,0,0,98,Industrials,Pollution & Treatment Controls
BEPTF,Beach Energy Limited,0.0,5.5,79,76,9,Energy,Oil & Gas E&P
CMPS,COMPASS Pathways plc,6.15,-12.94,23,24,95,Health Care,Biotechnology: Pharmaceutical Preparations
WIPKF,Winpak Ltd.,-2.7,10.31,45,57,40,Consumer Cyclical,Packaging & Containers
CHCO,City Holding Company,-0.49,7.53,83,79,71,Finance,Major Banks
AGIO,"Agios Pharmaceuticals, Inc.",-6.46,-11.68,0,0,40,Health Care,Biotechnology: Pharmaceutical Preparations
FSHYF,Shougang Fushan Resources Group Limited,0.0,23.54,100,100,59,Basic Materials,Coking Coal
HURN,Huron Consulting Group Inc.,-3.88,69.91,88,85,64,Consumer Discretionary,Professional Services
ETV,Eaton Vance Tax-Managed Buy-Write Opportunities Fund,2.32,-1.9,20,74,46,Finance,Investment Bankers/Brokers/Service
CASH,"Pathward Financial, Inc.",-1.32,-2.22,51,58,52,Finance,Major Banks
CAPR,CAPR,-36.23,-81.84,0,0,1,Health Care,Biotechnology: Pharmaceutical Preparations
BL,"BlackLine, Inc.",-5.46,4.11,57,56,7,Technology,Computer Software: Prepackaged Software
WD,"Walker & Dunlop, Inc.",-2.85,-10.65,28,48,11,Finance,Finance: Consumer Services
USA,Liberty All-Star Equity Fund,0.87,2.74,81,76,38,Finance,Finance Companies
MGPPF,Megaport Limited,0.0,-8.5,17,56,94,Technology,Software - Infrastructure
APPN,Appian Corporation,-7.86,11.45,62,60,38,Technology,Computer Software: Prepackaged Software
SOIEF,Stolt-Nielsen Limited,2.44,3.24,81,93,43,Industrials,Marine Shipping
FMC,FMC Corporation,18.18,8.04,100,100,3,Industrials,Major Chemicals
SLSR,Solaris Resources Inc.,5.18,-3.26,49,66,38,Basic Materials,Other Precious Metals & Mining
AMBQ,AMBQ,10.43,-28.47,19,19,96,Technology,Semiconductors
EFC,Ellington Financial Inc.,0.22,-0.22,47,63,52,Finance,Real Estate
CRRSF,CRRSF,-0.05,20.82,100,100,81,,
CMOPF,Cosmo N.V.,-1.21,-7.99,34,65,9,Healthcare,Drug Manufacturers - General
DALXF,Spartan Delta Corp.,4.69,3.25,17,28,88,Energy,Oil & Gas E&P
XPRO,Expro Ltd,4.1,7.33,52,67,37,Energy,Oilfield Services/Equipment
LWLG,"Lightwave Logic, Inc.",12.9,-25.62,32,33,80,Industrials,Containers/Packaging
SYAXF,Elevra Lithium Limited,-2.76,-22.15,0,0,74,Basic Materials,Other Industrial Metals & Mining
IIPR,"Innovative Industrial Properties, Inc.",-0.7,-3.06,4,47,77,Finance,Real Estate
XFABF,X-FAB Silicon Foundries SE,0.0,-22.22,0,0,25,Technology,Semiconductors
WBTN,WEBTOON Entertainment Inc.,-0.11,-21.03,0,1,6,Consumer Discretionary,Publishing
LMPMY,Lee & Man Paper Manufacturing Limited,0.0,34.48,89,90,86,Basic Materials,Paper & Paper Products
AIP,"Arteris, Inc.",8.68,-33.12,23,23,95,Technology,Semiconductors
HCTPF,Hutchison Port Holdings Trust,0.0,0.0,51,64,16,Industrials,Marine Shipping
GEAHF,Great Eagle Holdings Limited,0.0,0.45,57,65,54,Real Estate,Real Estate - Diversified
BOEUF,Bonesupport Holding AB (publ),0.0,-4.28,50,100,11,Healthcare,Medical Instruments & Supplies
IMKTA,"Ingles Markets, Incorporated",-1.17,0.28,63,59,70,Consumer Staples,Food Chains
GABC,"German American Bancorp, Inc.",-0.39,6.35,83,79,77,Finance,Major Banks
TSLX,"Sixth Street Specialty Lending, Inc.",-2.16,-0.58,54,61,15,Finance,Investment Managers
STMRF,Stanmore Resources Limited,0.0,16.48,100,100,74,Basic Materials,Coking Coal
DXC,DXC Technology Company,-4.5,17.82,75,73,16,Technology,EDP Services
TNIEF,tonies SE,0.0,-10.29,27,69,81,Consumer Cyclical,Leisure
KSS,Kohl's Corporation,2.31,3.89,100,96,86,Consumer Discretionary,Department/Specialty Retail Stores
VIR,"Vir Biotechnology, Inc.",3.01,-6.9,11,16,72,Health Care,Biotechnology: Biological Products (No Diagnostic Substances)
XHR,"Xenia Hotels & Resorts, Inc.",-7.97,0.9,16,30,88,Consumer Discretionary,Hotels/Resorts
AMLX,"Amylyx Pharmaceuticals, Inc.",5.17,15.6,100,100,93,Health Care,Biotechnology: Pharmaceutical Preparations
RHUHF,Richelieu Hardware Ltd.,0.0,-11.7,34,69,18,Industrials,Tools & Accessories
INVA,"Innoviva, Inc.",-1.94,-3.11,0,34,45,Health Care,Biotechnology: Pharmaceutical Preparations
VRNO,Verano Holdings Corp.,3.5,-14.05,24,26,38,Healthcare,Drug Manufacturers - Specialty & Generic
FSUN,FirstSun Capital Bancorp,-0.26,-2.16,88,81,46,Finance,Major Banks
BFC,Bank First Corporation,-0.32,-1.11,70,70,59,Finance,Major Banks
PGEN,"Precigen, Inc.",8.99,13.14,100,100,96,Health Care,Biotechnology: Pharmaceutical Preparations
IMTX,Immatics N.V.,2.34,-6.6,36,45,29,Health Care,Biotechnology: Biological Products (No Diagnostic Substances)
BORR,Borr Drilling Limited,3.64,-7.42,14,11,47,Energy,Oil & Gas Production
OGCP,"Empire State Realty OP, L.P.",-16.79,-16.48,0,0,6,Real Estate,REIT - Office
LZB,La-Z-Boy Incorporated,-1.95,0.91,58,62,62,Consumer Discretionary,Home Furnishings
IMDXF,Imdex Limited,0.0,-11.11,0,10,45,Industrials,Farm & Heavy Construction Machinery
DMRA,"Damora Therapeutics, Inc.",3.11,7.83,33,46,98,Health Care,Biotechnology: Pharmaceutical Preparations
LWSCF,Sienna Senior Living Inc.,-1.22,5.12,67,69,51,Healthcare,Medical Care Facilities
JPDYY,Japan Display Inc.,0.0,0.0,51,64,97,Technology,Electronic Components
LNDAF,"Línea Directa Aseguradora, S.A., Compañía de Seguros y Reaseguros",0.0,1.2,100,100,32,Financial Services,Insurance - Property & Casualty
CCS,"Century Communities, Inc.",-1.44,-1.82,66,68,67,Consumer Discretionary,Homebuilding
NHNKY,Nihon Kohden Corporation,3.27,19.66,100,100,32,Healthcare,Medical Devices
TRINZ,Trinity Capital Inc. 7.875% Notes due 2029,0.12,-0.08,58,66,43,Finance,Finance: Consumer Services
SNIRF,Senior plc,0.0,1.44,94,100,81,Industrials,Aerospace & Defense
CNOB,"ConnectOne Bancorp, Inc.",0.49,-1.52,69,75,77,Finance,Major Banks
WACLY,Wacoal Holdings Corp.,3.1,1.04,66,96,20,Consumer Cyclical,Apparel Manufacturing
NNE,NANO Nuclear Energy Inc.,12.1,-19.61,32,34,2,Utilities,Electric Utilities: Central
ACKAY,Arçelik Anonim Sirketi,-7.82,-18.13,11,27,8,Consumer Cyclical,"Furnishings, Fixtures & Appliances"
MBX,"MBX Biosciences, Inc.",3.91,18.85,100,100,98,Health Care,Biotechnology: Pharmaceutical Preparations
ALKEF,Alkane Resources Ltd,1.06,-2.06,38,68,71,Basic Materials,Gold
CBL,"CBL & Associates Properties, Inc.",-1.75,5.43,78,75,95,Real Estate,Real Estate Investment Trusts
RYZ,Ryerson Holding Corporation,-6.88,12.79,40,45,53,Industrials,Metal Fabrications
BTT,Blackrock Municipal 2030 Target Term Trust,-0.4,-1.07,31,57,37,Finance,Investment Managers
KARO,Karooooo Ltd.,-0.67,29.52,88,84,85,Technology,Computer Software: Prepackaged Software
MAN,ManpowerGroup Inc.,-7.12,39.73,75,74,93,Consumer Discretionary,Professional Services
EBRCZ,EBRCZ,0.0,-34.43,3,7,1,Healthcare,Medical Devices
WEN,The Wendy's Company,-3.79,-17.67,22,30,28,Consumer Discretionary,Restaurants
GBX,"The Greenbrier Companies, Inc.",-3.23,3.24,55,61,45,Industrials,Railroads
FTRE,Fortrea Holdings Inc.,-6.47,8.53,56,58,96,Health Care,Medical Specialities
KMPB,KMPB,-0.1,4.3,73,72,50,Finance,Property-Casualty Insurers
CRLFF,Cardinal Energy Ltd.,1.27,9.09,94,89,75,Energy,Oil & Gas E&P
FUGRF,Fugro N.V.,0.0,0.0,100,100,45,Energy,Oil & Gas Equipment & Services
CSWC,Capital Southwest Corporation,-0.08,-1.07,42,64,55,Consumer Discretionary,Textiles
WZZZY,Wizz Air Holdings Plc,0.0,-9.55,23,68,38,Industrials,Airlines
PLTK,Playtika Holding Corp.,-1.49,3.66,75,71,49,Technology,EDP Services
BCAX,Bicara Therapeutics Inc.,1.47,-9.13,0,0,92,Health Care,Biotechnology: Pharmaceutical Preparations
CRI,"Carter's, Inc.",-2.35,-8.14,10,44,69,Consumer Discretionary,Apparel
ALMR,"Alamar Biosciences, Inc.",2.87,-4.06,29,48,53,Industrials,Biotechnology: Laboratory Analytical Instruments
HCSG,"Healthcare Services Group, Inc.",-1.49,-8.08,20,34,78,Health Care,Hospital/Nursing Management
AVBP,"ArriVent BioPharma, Inc.",2.06,-11.13,41,57,81,Health Care,Biotechnology: Pharmaceutical Preparations
TRRSF,Trisura Group Ltd.,0.0,-1.27,61,65,33,Financial Services,Insurance - Specialty
BORAY,"Bora Pharmaceuticals Co., Ltd.",0.0,0.0,100,100,35,,
BAK,Braskem S.A.,6.64,2.55,29,47,7,Industrials,Major Chemicals
FOR,Forestar Group Inc.,-0.69,-7.82,51,70,54,Finance,Real Estate
ARRY,"Array Technologies, Inc.",5.61,-29.15,9,6,3,Consumer Discretionary,Miscellaneous manufacturing industries
HBNB,Hotel101 Global Holdings Corp.,-1.8,2.64,29,45,51,Consumer Discretionary,Hotels/Resorts
IDT,IDT Corporation,-1.73,13.79,76,74,80,Telecommunications,Telecommunications Equipment
SVV,"Savers Value Village, Inc.",3.92,3.3,100,98,47,Consumer Discretionary,Other Specialty Stores
NRP,Natural Resource Partners L.P.,-0.33,-0.47,58,63,20,Energy,Coal Mining
WBI,WaterBridge Infrastructure LLC,1.45,4.28,37,57,81,Energy,Oilfield Services/Equipment
TDOC,"Teladoc Health, Inc.",-28.32,-27.69,0,0,33,Health Care,Medical/Nursing Services
OLPX,Olaplex Holdings Inc,0.0,0.0,60,85,35,Consumer Discretionary,Package Goods/Cosmetics
NBR,Nabors Industries Ltd.,3.71,6.23,74,90,87,Energy,Oil & Gas Production
CRML,Critical Metals Corp.,8.38,-43.55,8,7,4,Basic Materials,Metal Mining
SWDHY,Skyworth Group Limited,0.0,-21.51,18,34,86,Technology,Consumer Electronics
AOSL,Alpha and Omega Semiconductor Limited,12.31,-28.52,31,33,38,Technology,Semiconductors
ATVDY,"Atresmedia Corporación de Medios de Comunicación, S.A.",0.0,11.38,100,100,48,Communication Services,Entertainment
MUC,"BlackRock MuniHoldings California Quality Fund, Inc.",-0.66,-3.25,0,41,40,Finance,Investment Bankers/Brokers/Service
MALJF,Magellan Aerospace Corporation,-2.38,3.93,64,66,93,Industrials,Aerospace & Defense
MYI,"BlackRock MuniYield Quality Fund III, Inc.",-0.19,-2.84,10,53,41,Finance,Investment Bankers/Brokers/Service
LIFZF,Labrador Iron Ore Royalty Corporation,0.16,-3.71,50,70,24,Basic Materials,Steel
NSSC,"Napco Security Technologies, Inc.",0.0,-3.94,38,65,22,Telecommunications,Telecommunications Equipment
NVGS,Navigator Holdings Ltd.,0.96,18.8,95,88,71,Consumer Discretionary,Marine Transportation
CCEC,Capital Clean Energy Carriers Corp.,-1.45,3.27,40,56,41,Consumer Discretionary,Marine Transportation
LSPD,Lightspeed Commerce Inc.,-12.26,-10.56,3,11,19,Technology,Computer Software: Prepackaged Software
COAG,"Hemab Therapeutics Holdings, Inc.",6.08,46.06,85,86,87,Health Care,Biotechnology: Biological Products (No Diagnostic Substances)
KELTF,Kelt Exploration Ltd.,0.58,10.91,57,72,68,Energy,Oil & Gas E&P
GCT,GigaCloud Technology Inc.,1.49,27.45,99,93,77,Consumer Discretionary,Catalog/Specialty Distribution
CHNFF,CHNFF,0.0,0.0,100,100,93,Consumer Defensive,Beverages - Non-Alcoholic
TUYA,Tuya Inc.,0.0,-6.08,23,35,9,Technology,Computer Software: Prepackaged Software
RDWR,Radware Ltd.,6.77,-18.95,15,13,25,Consumer Discretionary,Business Services
MSDL,Morgan Stanley Direct Lending Fund,0.61,-2.89,0,41,27,Financial Services,Asset Management
ENOV,Enovis Corporation,-3.17,46.21,82,80,69,Health Care,Industrial Specialties
PBT,Permian Basin Royalty Trust,2.16,19.7,100,95,93,Energy,Oil & Gas Production
ATLC,Atlanticus Holdings Corporation,1.84,2.22,100,91,95,Finance,Finance: Consumer Services
WABC,Westamerica Bancorporation,-0.76,-0.3,59,67,69,Finance,Major Banks
TRIP,"Tripadvisor, Inc.",-2.67,3.2,58,63,46,Technology,Computer Software: Programming Data Processing
GILT,Gilat Satellite Networks Ltd.,5.16,-17.23,16,20,11,Technology,Radio And Television Broadcasting And Communications Equipment
TWOD,Two Harbors Investment Corp.,0.0,1.82,56,65,33,Real Estate,Real Estate Investment Trusts
UVV,Universal Corporation,-2.79,3.96,59,62,41,Industrials,Farming/Seeds/Milling
RXT,"Rackspace Technology, Inc.",11.38,-35.13,14,13,98,Technology,Computer Software: Programming Data Processing
LYPHF,Luye Pharma Group Ltd.,0.0,32.29,66,76,13,Healthcare,Drug Manufacturers - Specialty & Generic
MNSAF,Mineros S.A.,-4.94,14.28,65,65,93,Basic Materials,Gold
TV,"Grupo Televisa, S.A.B.",2.13,7.46,100,91,42,Industrials,Broadcasting
UAN,"CVR Partners, LP",4.42,14.63,100,100,77,Industrials,Agricultural Chemicals
LUCK,Lucky Strike Entertainment Corporation,0.0,-9.52,17,43,16,Consumer Discretionary,Services-Misc. Amusement & Recreation
SQZZF,Serica Energy plc,0.0,26.76,93,89,87,Energy,Oil & Gas E&P
RMIX,"Suncrete, Inc.",-0.7,-22.39,0,0,85,Industrials,Building Materials
DSL,DoubleLine Income Solutions Fund,0.56,-1.83,52,63,34,Finance,Trusts Except Educational Religious and Charitable
DFDDF,DFDS A/S,0.0,0.0,100,100,79,Industrials,Marine Shipping
XPEL,"XPEL, Inc.",-0.47,-9.75,25,41,45,Industrials,Industrial Specialties
XZO,"Exzeo Group, Inc.",-4.01,-12.23,22,33,14,Finance,Property-Casualty Insurers
TMLDF,TMLDF,-5.69,-9.09,1,19,92,,
TUFBY,Thai Union Group Public Company Limited,0.0,-3.66,84,100,36,Consumer Defensive,Packaged Foods
FLTLF,Flow Traders Ltd.,-1.52,-0.85,98,100,21,Financial Services,Capital Markets
FGROY,FirstGroup plc,0.0,-7.77,47,66,16,Industrials,Railroads
PAHC,Phibro Animal Health Corporation,-1.35,13.55,82,78,20,Health Care,Biotechnology: Pharmaceutical Preparations
DSGR,"Distribution Solutions Group, Inc.",0.06,27.25,94,89,73,Consumer Discretionary,Industrial Specialties
ICFI,"ICF International, Inc.",-2.59,11.64,66,67,40,Consumer Discretionary,Professional Services
ACNDF,CapitaLand India Trust,3.7,9.09,91,100,29,Real Estate,Real Estate Services
MRVI,"Maravai LifeSciences Holdings, Inc.",2.43,9.76,68,77,97,Health Care,Biotechnology: Pharmaceutical Preparations
VIA,VIA,-2.81,5.96,76,72,13,Technology,Computer Software: Prepackaged Software
BCCMY,BAIC Motor Corporation Limited,0.0,0.0,100,100,2,Consumer Cyclical,Auto Manufacturers
AFMJF,Alphamin Resources Corp.,3.96,0.96,98,100,82,Basic Materials,Other Industrial Metals & Mining
JFR,Nuveen Floating Rate Income Fund,0.66,0.76,66,70,44,Finance,Trusts Except Educational Religious and Charitable
FQVTF,Fevertree Drinks PLC,0.0,0.0,69,80,26,Consumer Defensive,Beverages - Non-Alcoholic
OPFI,OppFi Inc.,-1.05,-5.89,51,62,28,Finance,Finance: Consumer Services
ARYTF,Aryt Industries Ltd.,0.0,-11.28,25,65,1,Industrials,Aerospace & Defense
VULNF,Vulcan Energy Resources Limited,0.46,-14.98,29,50,3,Basic Materials,Other Industrial Metals & Mining
ORZCF,Orezone Gold Corporation,2.6,-3.07,36,55,79,Basic Materials,Gold
HKEPF,"Hokkaido Electric Power Company, Incorporated",0.0,0.0,100,100,1,Utilities,Utilities - Renewable
SBET,"Sharplink, Inc.",4.4,23.98,97,93,4,Technology,Computer Software: Prepackaged Software
BRETF,Brazilian Rare Earths Limited,0.0,-20.97,6,20,2,Basic Materials,Other Precious Metals & Mining
EMO,ClearBridge Energy Midstream Opportunity Fund Inc,1.21,4.11,59,74,59,Finance,Investment Managers
QKIE,QKIE,0.0,4.39,76,74,93,Financial Services,Shell Companies
BMCLF,BAIC Motor Corporation Limited,0.0,0.0,51,64,3,Consumer Cyclical,Auto Manufacturers
PSNL,"Personalis, Inc.",4.69,-10.95,12,15,96,Health Care,Medical Specialities
INSP,"Inspire Medical Systems, Inc.",-2.06,10.03,50,65,6,Health Care,Medical/Dental Instruments
BVHMY,BVHMY,0.0,-2.67,79,100,2,Consumer Cyclical,Residential Construction
LIFE,Ethos Technologies Inc.,2.17,4.7,100,93,68,Finance,Specialty Insurers
BOMXF,"Bolsa Mexicana de Valores, S.A.B. de C.V.",-1.33,8.25,75,73,48,Financial Services,Financial Data & Stock Exchanges
CDNA,"CareDx, Inc.",7.6,30.26,86,92,97,Health Care,Medical Specialities
FMBH,"First Mid Bancshares, Inc.",-1.14,5.21,77,74,81,Finance,Major Banks
TBNRL,Tamboran Resources Corporation,0.0,0.0,100,100,94,Energy,Oil & Gas E&P
ALGGY,"Alliance Global Group, Inc.",0.0,2.46,73,72,30,Industrials,Conglomerates
GIC,Global Industrial Company,-2.14,6.05,68,68,63,Industrials,Industrial Machinery/Components
REAL,"The RealReal, Inc.",1.88,-2.38,98,92,69,Consumer Discretionary,Other Specialty Stores
IRMD,IRADIMED CORPORATION,1.01,-2.89,45,79,74,Health Care,Medical/Dental Instruments
SVC,Service Properties Trust,-0.74,-3.49,0,0,15,Real Estate,Real Estate Investment Trusts
PDS,Precision Drilling Corporation,4.2,1.24,16,36,41,Energy,Oil & Gas Production
WZZAF,Wizz Air Holdings Plc,0.0,0.0,51,64,12,Industrials,Airlines
AGBK,AGI Inc,-0.42,-0.83,74,72,10,Finance,Commercial Banks
HIVE,HIVE Digital Technologies Ltd.,18.11,-13.29,55,66,59,Finance,Finance: Consumer Services
ACVA,ACV Auctions Inc.,-0.5,10.15,89,85,54,Consumer Discretionary,Business Services
ROCK,"Gibraltar Industries, Inc.",-0.53,-5.39,34,43,18,Industrials,Steel/Iron Ore
MOGLF,Mongolian Mining Corporation,-9.37,8.75,40,49,4,Basic Materials,Coking Coal
NSUKF,NSUKF,0.0,0.0,100,100,1,Unknown,Unknown
CHRHF,Chervon Holdings Limited,0.0,24.41,100,100,89,Industrials,Tools & Accessories
EYPT,"EyePoint, Inc.",7.89,-2.58,33,39,43,Industrials,Biotechnology: Laboratory Analytical Instruments
UFCS,"United Fire Group, Inc.",-0.74,-2.56,70,72,92,Finance,Property-Casualty Insurers
LNN,Lindsay Corporation,-1.65,-8.67,7,46,25,Industrials,Industrial Machinery/Components
INDI,"indie Semiconductor, Inc.",4.98,-30.4,6,4,7,Technology,Semiconductors
LQDT,"Liquidity Services, Inc.",-0.73,-1.37,18,54,81,Consumer Discretionary,Business Services
DQ,Daqo New Energy Corp.,1.17,-4.65,77,79,2,Technology,Semiconductors
PZZA,"Papa John's International, Inc.",-1.18,-15.89,0,6,10,Consumer Discretionary,Restaurants
HFWA,Heritage Financial Corporation,-0.97,-2.25,43,61,71,Finance,Banks
HSLV,Highlander Silver Corp.,5.02,-5.59,34,48,6,Basic Materials,Silver
DEA,"Easterly Government Properties, Inc.",-1.36,-1.63,30,53,62,Real Estate,Real Estate Investment Trusts
DLX,Deluxe Corporation,-4.49,5.52,57,60,69,Consumer Discretionary,Publishing
TPLKF,PVA TePla AG,0.0,-19.76,6,14,72,Industrials,Specialty Industrial Machinery
ABR,"Arbor Realty Trust, Inc.",-5.71,-10.63,0,18,2,Real Estate,Real Estate Investment Trusts
MEQYF,Mainstreet Equity Corp.,0.0,6.66,82,78,25,Real Estate,Real Estate Services
AOD,Abrdn Total Dynamic Dividend Fund,1.66,2.52,74,81,63,Finance,Investment Managers
NMAX,NMAX,0.39,-18.14,10,16,36,Industrials,Broadcasting
OSBC,"Old Second Bancorp, Inc.",0.2,7.28,88,83,83,Finance,Major Banks
MGAWY,Megaworld Corporation,0.0,4.95,79,76,30,Real Estate,Real Estate - Development
NAT,Nordic American Tankers Limited,3.9,19.78,100,100,95,Consumer Discretionary,Marine Transportation
EVV,Eaton Vance Limited Duration Income Fund,0.44,-2.03,5,59,30,Finance,Finance/Investors Services
GLGDF,GoGold Resources Inc.,2.9,-5.33,22,40,56,Basic Materials,Other Precious Metals & Mining
OCFC,OceanFirst Financial Corp.,-0.46,0.1,72,70,53,Finance,Major Banks
AORT,"Artivion, Inc.",0.44,17.49,93,88,8,Health Care,Medical/Dental Instruments
BNGRF,Savencia SA,0.0,0.0,51,64,84,Consumer Defensive,Packaged Foods
SAFE,Safehold Inc.,-3.12,1.21,6,42,50,Real Estate,Real Estate Investment Trusts
OMDA,"Omada Health, Inc.",0.41,-12.95,0,0,67,Health Care,Medical/Nursing Services
LPTH,"LightPath Technologies, Inc.",10.01,-34.99,16,15,89,Technology,Semiconductors
THRM,Gentherm Incorporated,-1.33,23.49,71,78,80,Consumer Discretionary,Auto Parts:O.E.M.
TGONF,Tetragon Financial Group Limited,0.0,1.28,74,73,18,,
CHY,Calamos Convertible and High Income Fund,2.14,-7.11,5,0,57,Finance,Investment Managers
UTZ,"Utz Brands, Inc.",0.36,72.28,97,94,89,Consumer Staples,Packaged Foods
GNK,Genco Shipping & Trading Limited,3.01,5.35,69,80,86,Consumer Discretionary,Marine Transportation
DEC,Diversified Energy Company,0.08,-3.76,32,41,22,Energy,Oil & Gas Integrated
IVA,Inventiva S.A.,2.44,25.2,97,93,24,Health Care,Biotechnology: Pharmaceutical Preparations
PDM,"Piedmont Realty Trust, Inc.",0.5,5.4,87,81,73,Real Estate,Building operators
PGUUF,"Prosegur Cash, S.A.",0.0,0.0,100,100,71,Industrials,Integrated Freight & Logistics
RSTCF,"RS Technologies Co., Ltd.",0.0,-15.4,5,8,23,Technology,Semiconductors
INNV,InnovAge Holding Corp.,1.13,-0.94,60,69,97,Health Care,Medical/Nursing Services
WTBFB,W.T.B. Financial Corporation,-0.14,7.48,81,77,72,Financial Services,Banks - Regional
MHPSY,MHP SE,0.0,-4.91,23,64,50,Consumer Defensive,Farm Products
PAKTY,PAKTY,0.0,0.36,100,100,94,Consumer Cyclical,Specialty Retail
ARAFF,Arafura Rare Earths Limited,-7.14,-23.53,0,0,4,Basic Materials,Other Industrial Metals & Mining
MJDLF,Major Drilling Group International Inc.,1.32,-5.66,28,74,44,Basic Materials,Other Industrial Metals & Mining
CWAFF,China Water Affairs Group Limited,0.0,0.0,51,64,16,Utilities,Utilities - Regulated Water
YRCCF,Yurtec Corporation,0.0,0.0,100,100,1,Industrials,Engineering & Construction
RNP,"Cohen & Steers REIT and Preferred Income Fund, Inc.",-0.1,0.81,58,65,39,Finance,Investment Managers
JVTSF,Juventus Football Club S.p.A.,0.0,-6.4,23,46,11,Communication Services,Entertainment
GOOG,Alphabet Inc.,-0.62,-6.76,31,50,66,Technology,Computer Software: Programming Data Processing
AMZN,Amazon.com Inc,3.9,-2.57,25,32,28,Consumer Discretionary,Catalog/Specialty Distribution
TSLA,Tesla Inc,3.53,-27.38,5,1,11,Industrials,Auto Manufacturing
LLY,Eli Lilly and Company,-4.55,-3.09,20,39,85,Health Care,Biotechnology: Pharmaceutical Preparations
WMT,Walmart Inc.,-2.73,2.1,34,48,31,Consumer Discretionary,Department/Specialty Retail Stores
ORCL,Oracle Corporation,8.34,-10.17,46,60,4,Technology,Computer Software: Prepackaged Software
V,Visa Inc.,-0.67,4.33,73,72,51,Consumer Discretionary,Business Services
JNJ,Johnson & Johnson,-3.66,0.72,48,53,78,Health Care,Biotechnology: Pharmaceutical Preparations
CSCO,"Cisco Systems, Inc.",0.96,-2.59,48,68,90,Telecommunications,Computer Communications Equipment
CAT,Caterpillar Inc.,3.38,-18.23,8,1,84,Industrials,Construction/Ag Equipment/Trucks
ARM,Arm Holdings plc,7.4,-28.43,14,12,90,Technology,Semiconductors
BAC,Bank of America Corporation,1.08,5.77,79,78,71,Finance,Major Banks
IDCBY,Industrial and Commercial Bank of China Limited,2.37,17.89,100,96,69,Financial Services,Banks - Diversified
UNH,UnitedHealth Group,0.21,-1.19,48,67,82,Health Care,Medical Specialities
RHHVF,Roche Holding AG,-0.5,5.62,80,77,68,Healthcare,Drug Manufacturers - General
MS,Morgan Stanley,3.41,-0.85,20,39,75,Finance,Investment Bankers/Brokers/Service
HSBC,HSBC Holdings plc,4.38,11.77,100,100,88,Finance,Savings Institutions
HBCYF,HSBC Holdings plc,3.39,9.97,100,100,86,Financial Services,Banks - Diversified
CTATF,CTATF,0.84,-14.04,42,66,89,,
MRK,"Merck & Co., Inc.",-0.44,3.53,79,76,84,Health Care,Biotechnology: Pharmaceutical Preparations
PCCYF,PetroChina Company Limited,3.94,23.36,100,100,58,Energy,Oil & Gas Integrated
TXN,Texas Instruments Incorporated,2.75,-6.58,10,0,82,Technology,Semiconductors
DELL,Dell Technologies Inc.,9.51,-4.65,39,49,98,Technology,Computer Manufacturing
LVMUY,"LVMH Moët Hennessy - Louis Vuitton, Société Européenne",1.8,-0.01,59,81,26,Consumer Cyclical,Luxury Goods
QCOM,QUALCOMM Incorporated,-2.62,-16.67,0,0,25,Technology,Radio And Television Broadcasting And Communications Equipment
GEV,GE Vernova Inc.,9.07,-13.43,30,33,80,Industrials,Specialty Industrial Machinery
BACHF,Bank of China Limited,6.06,2.94,100,100,62,Financial Services,Banks - Diversified
TM,Toyota Motor Corporation,-0.72,12.84,81,78,28,Industrials,Auto Manufacturing
SIEGY,Siemens Aktiengesellschaft,5.45,4.89,100,100,63,Industrials,Specialty Industrial Machinery
WFC,Wells Fargo & Company,1.86,-0.59,38,64,40,Finance,Major Banks
LIN,Linde plc,-0.49,-4.67,18,53,50,Basic Materials,Major Chemicals
RYDAF,Shell plc,2.62,17.71,100,97,64,Energy,Oil & Gas Integrated
BHPLF,BHP Group Limited,0.91,2.12,89,85,82,Basic Materials,Other Industrial Metals & Mining
SAPGF,SAP SE,-4.22,14.38,75,73,14,Technology,Software - Application
MBFJF,"Mitsubishi UFJ Financial Group, Inc.",9.02,20.54,78,81,83,Financial Services,Banks - Diversified
NVO,Novo Nordisk A/S,0.06,5.82,82,76,53,Health Care,Biotechnology: Pharmaceutical Preparations
VZ,Verizon Communications Inc.,-2.35,11.68,71,72,58,Telecommunications,Telecommunications Equipment
NONOF,Novo Nordisk A/S,-1.43,5.04,61,65,45,Healthcare,Drug Manufacturers - General
STX,Seagate Technology Holdings plc,11.41,-6.94,64,72,98,Technology,Electronic Components
IDEXY,"Industria de Diseño Textil, S.A.",1.59,5.2,99,88,64,Consumer Cyclical,Apparel Retail
TD,The Toronto-Dominion Bank,2.37,-1.39,42,78,85,Finance,Commercial Banks
CRWD,"CrowdStrike Holdings, Inc.",3.26,-4.12,16,37,92,Technology,Computer Software: Prepackaged Software
WDC,Western Digital Corporation,15.37,-10.92,65,81,98,Technology,Electronic Components
BA,The Boeing Company,3.22,1.06,63,88,29,Industrials,Aerospace
MRVL,"Marvell Technology, Inc.",12.18,-32.61,21,22,95,Technology,Semiconductors
SBGSY,Schneider Electric S.E.,12.18,4.9,100,100,58,Industrials,Specialty Industrial Machinery
T,AT&T Inc.,-3.05,14.85,68,70,23,Telecommunications,Telecommunications Equipment
ALIZF,Allianz SE,-0.26,1.79,51,66,64,Financial Services,Insurance - Diversified
EADSF,Airbus SE,0.8,4.1,79,77,55,Industrials,Aerospace & Defense
SMERY,SMERY,11.36,-8.2,43,49,56,Industrials,Specialty Industrial Machinery
DTEGF,Deutsche Telekom AG,-1.79,8.6,57,66,22,Communication Services,Telecom Services
BUD,Anheuser-Busch InBev SA/NV,1.5,7.34,98,88,79,Consumer Staples,Beverages (Production/Distribution)
UNP,Union Pacific Corporation,-0.93,4.22,36,56,74,Industrials,Railroads
TOELF,Tokyo Electron Limited,8.22,-29.12,15,14,89,Technology,Semiconductor Equipment & Materials
IBDRY,"Iberdrola, S.A.",0.55,-2.32,24,65,59,Utilities,Utilities - Diversified
RYCEF,Rolls-Royce Holdings plc,7.53,3.76,100,100,84,Industrials,Aerospace & Defense
ISRG,"Intuitive Surgical, Inc.",-0.04,-12.28,21,30,6,Health Care,Industrial Specialties
ABT,Abbott Laboratories,-2.21,15.39,81,78,36,Health Care,Biotechnology: Pharmaceutical Preparations
SAFRF,Safran SA,-0.21,-1.86,71,75,70,Industrials,Aerospace & Defense
HTHIF,"Hitachi, Ltd.",3.44,12.21,100,100,37,Industrials,Conglomerates
CIHKY,"China Merchants Bank Co., Ltd.",1.46,16.35,99,91,49,Financial Services,Banks - Regional
UBS,UBS Group AG,3.07,7.38,78,97,81,Finance,Major Banks
PIAIF,"Ping An Insurance (Group) Company of China, Ltd.",0.0,18.24,90,85,25,Financial Services,Insurance - Life
SMFG,"Sumitomo Mitsui Financial Group, Inc.",3.29,7.19,67,79,87,Finance,Commercial Banks
PLD,"Prologis, Inc.",0.49,6.86,70,77,66,Real Estate,Real Estate Investment Trusts
BTI,British American Tobacco p.l.c.,-2.19,3.28,64,65,61,Health Care,Medicinal Chemicals and Botanical Products
SNEJF,Sony Group Corporation,-1.67,4.52,77,74,24,Technology,Consumer Electronics
UNCRY,UniCredit S.p.A.,3.88,5.53,98,100,77,Financial Services,Banks - Regional
HNHPF,"Hon Hai Precision Industry Co., Ltd.",1.3,-2.69,27,55,54,Technology,Electronic Components
CFRHF,Compagnie Financière Richemont SA,3.31,6.84,85,86,79,Consumer Cyclical,Luxury Goods
SPGI,S&P Global Inc.,-1.11,0.01,0,25,21,Finance,Finance: Consumer Services
UNLYF,Unilever PLC,0.71,6.45,73,74,38,Consumer Defensive,Household & Personal Products
LMT,Lockheed Martin Corporation,0.86,10.02,87,86,66,Industrials,Military/Government/Technical
IVSXF,Investor AB (publ),4.92,3.96,100,100,66,Financial Services,Asset Management
LOW,"Lowe's Companies, Inc.",-2.6,-4.75,39,54,18,Consumer Discretionary,RETAIL: Building Materials
EBBNF,Enbridge Inc.,-1.48,0.16,35,52,43,Energy,Oil & Gas Midstream
EBGEF,Enbridge Inc.,0.0,2.13,63,68,45,Energy,Oil & Gas Midstream
HDB,HDFC Bank Limited,0.46,-5.52,28,46,10,Finance,Commercial Banks
IITSF,Intesa Sanpaolo S.p.A.,0.0,7.88,69,70,54,Financial Services,Banks - Regional
ZIJMY,Zijin Mining Group Company Limited,2.09,22.81,100,94,43,Basic Materials,Gold
COF,Capital One Financial Corporation,0.69,2.6,88,83,40,Finance,Major Banks
MO,"Altria Group, Inc.",-9.32,-5.03,0,12,54,Health Care,Medicinal Chemicals and Botanical Products
BYDDY,BYD Company Limited,1.18,22.6,97,90,16,Consumer Cyclical,Auto Manufacturers
BMO,Bank of Montreal,2.61,1.3,79,82,85,Finance,Commercial Banks
SBUX,Starbucks Corporation,1.64,2.38,81,84,56,Consumer Discretionary,Restaurants
MRAAY,"Murata Manufacturing Co., Ltd.",21.42,-35.77,29,30,97,Technology,Electronic Components
MFG,"Mizuho Financial Group, Inc.",5.5,5.61,62,75,87,Finance,Major Banks
MSBHF,Mitsubishi Corporation,-2.48,9.68,70,70,63,Industrials,Conglomerates
PWR,"Quanta Services, Inc.",17.26,-4.83,92,100,82,Industrials,Engineering & Construction
SNY,Sanofi,-4.37,3.03,23,43,26,Health Care,Biotechnology: Pharmaceutical Preparations
ADBE,Adobe Inc.,-5.9,17.5,64,63,14,Technology,Computer Software: Prepackaged Software
GLAXF,GSK plc,-4.06,-2.91,0,25,50,Healthcare,Drug Manufacturers - General
CDNS,"Cadence Design Systems, Inc.",0.02,-11.89,10,22,31,Technology,Computer Software: Prepackaged Software
BN,Brookfield Corporation,0.82,-1.73,26,59,24,Real Estate,Building operators
GSK,GSK plc,-2.16,1.5,50,54,63,Health Care,Biotechnology: Pharmaceutical Preparations
TT,Trane Technologies plc,-1.46,-9.14,0,0,32,Industrials,Auto Parts:O.E.M.
BNS,The Bank of Nova Scotia,2.09,1.5,72,81,80,Finance,Major Banks
GMBXF,"Grupo México, S.A.B. de C.V.",3.54,6.68,100,99,83,Basic Materials,Other Industrial Metals & Mining
DUK,Duke Energy Corporation,-2.18,0.4,45,53,42,Utilities,Power Generation
STOHF,Equinor ASA,1.53,28.52,90,93,85,Energy,Oil & Gas Integrated
CNQ,Canadian Natural Resources Limited,1.79,21.48,100,93,78,Energy,Oil & Gas Production
FCX,Freeport-McMoRan Inc.,5.75,5.06,86,100,77,Basic Materials,Metal Mining
CHDRY,Christian Dior SE,2.06,-0.41,75,87,23,Consumer Cyclical,Luxury Goods
GD,General Dynamics Corporation,0.33,5.79,67,68,61,Industrials,Marine Transportation
SHECF,"Shin-Etsu Chemical Co., Ltd.",6.52,-18.25,13,10,37,Basic Materials,Chemicals
RCRRF,"Recruit Holdings Co., Ltd.",3.75,16.16,100,100,93,Communication Services,Internet Content & Information
EQNR,Equinor ASA,-0.54,30.5,91,87,87,Energy,Integrated oil Companies
CIXPF,"CaixaBank, S.A.",0.0,0.0,100,100,80,Financial Services,Banks - Regional
PROSY,Prosus N.V.,2.55,5.6,90,94,12,Consumer Cyclical,Internet Retail
RCRUY,"Recruit Holdings Co., Ltd.",0.85,12.03,93,86,92,Communication Services,Internet Content & Information
ATLKY,Atlas Copco AB (publ),5.84,5.94,100,100,67,Industrials,Specialty Industrial Machinery
MCK,McKesson Corporation,-2.59,12.69,71,70,52,Health Care,Other Pharmaceuticals
WEBNF,Westpac Banking Corporation,0.0,10.88,70,75,45,Financial Services,Banks - Diversified
PNC,"The PNC Financial Services Group, Inc.",0.09,-0.37,58,63,73,Finance,Major Banks
MGCOF,MGCOF,0.94,31.62,97,93,82,,
DDOG,"Datadog, Inc.",1.65,1.54,100,87,96,Technology,Computer Software: Prepackaged Software
TKOMF,"Tokio Marine Holdings, Inc.",2.84,16.78,100,97,74,Financial Services,Insurance - Property & Casualty
BKFCF,"Bank of Communications Co., Ltd.",0.0,0.0,51,64,44,Financial Services,Banks - Diversified
MIELY,Mitsubishi Electric Corporation,7.46,-9.08,36,43,54,Industrials,Electrical Equipment & Parts
MELI,"MercadoLibre, Inc.",1.2,8.24,94,83,21,Consumer Discretionary,Business Services
ASX,"ASE Technology Holding Co., Ltd.",11.73,-18.31,28,30,96,Technology,Semiconductors
TKOMY,"Tokio Marine Holdings, Inc.",1.43,16.77,98,88,78,Financial Services,Insurance - Property & Casualty
HCA,"HCA Healthcare, Inc.",-3.04,0.65,61,65,23,Health Care,Hospital/Nursing Management
BCS,Barclays PLC,6.33,1.58,56,68,75,Finance,Commercial Banks
NOKBF,Nokia Oyj,6.82,-30.07,10,8,82,Technology,Communication Equipment
CIEN,Ciena Corporation,12.62,-19.54,30,32,95,Utilities,Telecommunications Equipment
SLB,SLB N.V.,-0.1,8.47,52,62,57,Energy,Oilfield Services/Equipment
NOK,Nokia Oyj,8.09,-29.59,13,11,79,Technology,Radio And Television Broadcasting And Communications Equipment
NPPXF,"NTT, Inc.",2.11,5.43,100,91,34,Communication Services,Telecom Services
VCISF,Vinci SA,0.0,-5.85,20,61,26,Industrials,Engineering & Construction
MHVIY,MHVIY,6.05,4.35,50,88,1,Industrials,Specialty Industrial Machinery
NOC,Northrop Grumman Corporation,-0.04,2.87,64,66,20,Industrials,Industrial Machinery/Components
MHVYF,"Mitsubishi Heavy Industries, Ltd.",1.3,3.6,63,83,17,Industrials,Specialty Industrial Machinery
BAESY,BAE Systems plc,3.96,12.36,100,100,50,Industrials,Aerospace & Defense
CP,Canadian Pacific Kansas City Limited,-3.43,2.61,19,45,61,Industrials,Railroads
ENGIY,Engie SA,1.65,-0.17,9,40,63,Utilities,Utilities - Diversified
NTES,"NetEase, Inc.",1.76,1.7,84,88,46,Technology,Computer Software: Prepackaged Software
E,Eni S.p.A.,3.25,21.92,100,100,82,Energy,Oil & Gas Production
EIPAF,Eni S.p.A.,4.45,17.34,98,100,83,Energy,Oil & Gas Integrated
GM,General Motors Company,-1.12,17.06,84,80,78,Industrials,Auto Manufacturing
HLT,Hilton Worldwide Holdings Inc.,0.09,-3.04,15,55,56,Consumer Discretionary,Hotels/Resorts
CI,The Cigna Group,-2.97,3.82,40,53,35,Health Care,Medical Specialities
MPC,Marathon Petroleum Corporation,1.74,18.58,95,93,92,Energy,Integrated oil Companies
ECL,Ecolab Inc.,-1.54,0.35,66,64,46,Consumer Discretionary,Package Goods/Cosmetics
BSX,Boston Scientific Corporation,-0.09,6.83,83,78,3,Health Care,Medical/Dental Instruments
ITW,Illinois Tool Works Inc.,-2.99,5.48,61,64,56,Industrials,Industrial Machinery/Components
COHR,Coherent Corp.,12.16,-32.44,22,22,86,Technology,Electronic Components
RNMBY,Rheinmetall AG,0.44,10.93,94,88,7,Industrials,Aerospace & Defense
RNMBF,Rheinmetall AG,-2.02,13.85,82,77,5,Industrials,Aerospace & Defense
TNCAF,TC Energy Corporation,0.0,-0.34,100,100,51,Energy,Oil & Gas Midstream
ARZGY,Assicurazioni Generali S.p.A.,3.84,6.65,100,100,82,Financial Services,Insurance - Diversified
JAPAY,Japan Tobacco Inc.,5.56,18.46,100,100,81,Consumer Defensive,Tobacco
NKE,"NIKE, Inc.",-2.15,-1.79,39,44,9,Consumer Discretionary,Shoe Manufacturing
MURGF,Münchener Rückversicherungs-Gesellschaft Aktiengesellschaft in München,1.81,4.66,100,86,32,Financial Services,Insurance - Reinsurance
MKGAF,Merck KGaA,1.73,1.93,99,88,77,Healthcare,Drug Manufacturers - Specialty & Generic
DLR,"Digital Realty Trust, Inc.",2.66,9.57,77,84,51,Real Estate,Real Estate Investment Trusts
LITE,Lumentum Holdings Inc.,15.09,-13.47,36,35,98,Telecommunications,Telecommunications Equipment
ET,Energy Transfer LP,0.2,6.25,81,76,61,Utilities,Natural Gas Distribution
NRDBY,Nordea Bank Abp,0.92,5.34,83,78,66,Financial Services,Banks - Regional
RBSPF,NatWest Group plc,5.69,2.43,100,100,72,Financial Services,Banks - Regional
SOBKY,SoftBank Corp.,0.42,13.94,90,84,41,Communication Services,Telecom Services
HKXCF,Hong Kong Exchanges and Clearing Limited,-1.33,8.52,74,74,24,Financial Services,Financial Data & Stock Exchanges
BKR,Baker Hughes Company,2.01,11.3,89,92,52,Consumer Discretionary,Oil and Gas Field Machinery
CMCLF,CMOC Group Limited,0.0,9.18,62,71,54,Basic Materials,Other Industrial Metals & Mining
TRV,"The Travelers Companies, Inc.",-3.35,12.36,71,71,84,Finance,Property-Casualty Insurers
KDDIY,KDDI Corporation,1.11,16.76,96,88,66,Communication Services,Telecom Services
KDDIF,KDDI Corporation,13.44,16.44,100,100,75,Communication Services,Telecom Services
DB,Deutsche Bank Aktiengesellschaft,4.4,9.36,100,100,63,Finance,Major Banks
SNGNF,Singapore Telecommunications Limited,0.0,-6.09,22,60,24,Communication Services,Telecom Services
MPNGF,Meituan,0.0,24.13,92,88,22,Consumer Cyclical,Internet Retail
LSEGY,London Stock Exchange Group plc,-4.62,5.09,23,38,21,Financial Services,Financial Data & Stock Exchanges
ALAB,"Astera Labs, Inc.",20.0,-30.44,26,28,95,Technology,Semiconductors
SCBFY,Standard Chartered PLC,4.9,8.7,100,100,86,Financial Services,Banks - Diversified
LTOUF,Larsen & Toubro Limited,0.0,0.0,51,64,40,Industrials,Engineering & Construction
MBGAF,Mercedes-Benz Group AG,0.93,8.26,92,84,22,Consumer Cyclical,Auto Manufacturers
NBIS,NBIS,27.13,-17.78,53,54,96,Technology,Computer Software: Programming Data Processing
KEYS,"Keysight Technologies, Inc.",5.38,-6.83,44,64,87,Industrials,Industrial Machinery/Components
UMC,United Microelectronics Corporation,10.7,-25.04,20,21,96,Technology,Semiconductors
IMO,Imperial Oil Limited,0.0,16.05,89,84,75,Energy,Integrated oil Companies
AFL,Aflac Incorporated,-1.02,7.49,71,71,67,Finance,Accident &Health Insurance
AAUKF,Anglo American plc,0.0,0.85,50,72,64,Basic Materials,Other Industrial Metals & Mining
HOCPY,HOYA Corporation,5.44,-3.48,61,83,26,Healthcare,Medical Instruments & Supplies
OXY,Occidental Petroleum Corporation,-0.14,16.71,80,84,61,Energy,Oil & Gas Production
STRD,Strategy Inc,-0.76,-0.2,41,54,12,Technology,Computer Software: Prepackaged Software
STRC,Strategy Inc,2.27,2.92,100,91,30,Technology,Computer Software: Prepackaged Software
CIIHY,CITIC Securities Company Limited,0.0,6.85,100,100,36,Financial Services,Capital Markets
HOCPF,HOYA Corporation,0.0,-0.26,51,63,27,Healthcare,Medical Instruments & Supplies
SE,Sea Limited,-1.97,3.82,61,58,25,Consumer Discretionary,Other Consumer Services
FLEX,Flex Ltd.,8.63,-27.11,21,21,93,Technology,Electrical Products
KBCSF,KBC Group NV,-0.75,8.0,78,75,55,Financial Services,Banks - Regional
ENAKF,E.ON SE,-2.65,5.27,38,52,38,Utilities,Utilities - Diversified
VLKPF,Volkswagen AG,-1.36,-7.86,57,76,10,Consumer Cyclical,Auto Manufacturers
PCRHY,PCRHY,18.37,-10.67,56,65,95,Technology,Consumer Electronics
FANG,"Diamondback Energy, Inc.",0.32,16.17,81,86,70,Energy,Oil & Gas Production
UCBJF,UCB SA,-12.18,-14.96,0,3,28,Healthcare,Biotechnology
HCMLY,Holcim AG,4.44,5.08,89,100,48,Basic Materials,Building Materials
WMMVF,"Wal-Mart de México, S.A.B. de C.V.",4.3,0.0,100,100,23,Consumer Defensive,Discount Stores
WMMVY,"Wal-Mart de México, S.A.B. de C.V.",2.22,-0.34,100,89,20,Consumer Defensive,Discount Stores
COR,"Cencora, Inc.",-2.0,8.26,64,64,31,Health Care,Other Pharmaceuticals
NDAQ,"Nasdaq, Inc.",-0.41,15.02,86,81,41,Finance,Investment Bankers/Brokers/Service
LBLCF,Loblaw Companies Limited,-0.11,3.31,82,78,51,Consumer Defensive,Grocery Stores
ANCTF,Alimentation Couche-Tard Inc.,-0.51,6.3,58,61,70,Consumer Cyclical,Specialty Retail
AME,"AMETEK, Inc.",2.02,1.21,73,82,65,Industrials,Industrial Machinery/Components
BMWKY,BMWKY,1.4,5.07,96,85,9,Consumer Cyclical,Auto Manufacturers
HCMLF,Holcim AG,0.0,0.45,52,70,34,Basic Materials,Building Materials
DBOEF,Deutsche Börse AG,2.17,15.06,100,93,58,Financial Services,Financial Data & Stock Exchanges
MCHPP,Microchip Technology Incorporated,4.17,-13.81,15,9,29,Technology,Semiconductors
PRYMF,Prysmian S.p.A.,3.05,-16.23,12,9,73,Industrials,Electrical Equipment & Parts
ASMIY,ASM International NV,12.25,-18.18,34,38,75,Technology,Semiconductor Equipment & Materials
FAST,Fastenal Company,-2.34,-1.75,55,58,49,Consumer Discretionary,RETAIL: Building Materials
PRYMY,Prysmian S.p.A.,6.56,-14.6,22,21,77,Industrials,Electrical Equipment & Parts
ROK,"Rockwell Automation, Inc.",2.53,-2.45,75,84,74,Industrials,Industrial Machinery/Components
FSUMF,Fortescue Ltd,0.0,-3.93,65,76,32,Basic Materials,Other Industrial Metals & Mining
COIN,"Coinbase Global, Inc.",2.18,2.73,42,69,5,Finance,Finance: Consumer Services
XEL,Xcel Energy Inc.,-0.66,-1.84,9,51,41,Utilities,Power Generation
FSUGY,Fortescue Ltd,2.25,5.05,100,92,34,Basic Materials,Other Industrial Metals & Mining
JHPCY,JHPCY,0.0,0.0,100,100,10,Healthcare,Drug Manufacturers - Specialty & Generic
CTPCY,CITIC Limited,0.0,-6.81,23,51,21,Industrials,Conglomerates
SUHJY,Sun Hung Kai Properties Limited,2.47,9.67,100,94,49,Real Estate,Real Estate - Development
UOVEY,United Overseas Bank Limited,0.9,11.33,93,84,72,Financial Services,Banks - Regional
CRZBF,Commerzbank AG,0.0,6.16,83,78,62,Financial Services,Banks - Regional
TKPHF,Takeda Pharmaceutical Company Limited,0.0,18.72,86,80,63,Healthcare,Drug Manufacturers - Specialty & Generic
EBKDY,Erste Group Bank AG,2.01,0.56,66,80,73,Financial Services,Banks - Regional
ON,ON Semiconductor Corporation,6.19,-11.51,22,21,71,Technology,Semiconductors
ODFL,"Old Dominion Freight Line, Inc.",-4.63,-2.52,0,28,73,Industrials,Trucking Freight/Courier Services
BAIDF,"Baidu, Inc.",0.0,-7.37,0,8,22,Communication Services,Internet Content & Information
TYHOY,Toyota Tsusho Corporation,6.44,13.94,100,100,86,Industrials,Conglomerates
DANOY,Danone S.A.,-2.34,-3.71,12,31,40,Consumer Defensive,Packaged Foods
DNBBY,DNB Bank ASA,3.14,7.35,100,99,68,Financial Services,Banks - Regional
FANUY,Fanuc Corporation,7.86,-5.79,45,58,65,Industrials,Specialty Industrial Machinery
SMMNY,Siemens Healthineers AG,0.37,9.99,89,83,21,Healthcare,Medical Devices
FITB,Fifth Third Bancorp,0.04,-1.57,35,62,75,Finance,Major Banks
FITBM,Fifth Third Bancorp,-0.21,0.06,100,100,35,Finance,Major Banks
XYZ,"Block, Inc.",0.5,7.08,87,81,63,Technology,Computer Software: Prepackaged Software
SWZCF,Swisscom AG,2.51,5.58,100,94,41,Communication Services,Telecom Services
CHPXF,"China Pacific Insurance (Group) Co., Ltd.",0.0,0.0,51,64,16,Financial Services,Insurance - Life
IDXX,"IDEXX Laboratories, Inc.",-1.93,3.95,55,60,23,Health Care,Biotechnology: In Vitro & In Vivo Diagnostic Substances
WAB,Westinghouse Air Brake Technologies Corporation,0.24,10.78,73,73,81,Industrials,Railroads
SCMWY,Swisscom AG,-0.71,3.33,67,69,40,Communication Services,Telecom Services
PINXF,The People's Insurance Company (Group) of China Limited,0.0,27.72,100,100,56,Financial Services,Insurance - Property & Casualty
CRDO,Credo Technology Group Holding Ltd,13.32,-22.39,25,26,87,Technology,Semiconductors
CNSWF,Constellation Software Inc.,-2.11,11.62,80,76,31,Technology,Software - Application
GMGSF,Goodman Group,0.0,2.69,54,66,26,Real Estate,REIT - Diversified
ELEZY,"Endesa, S.A.",0.42,10.89,89,83,84,Utilities,Utilities - Regulated Electric
SSREF,Swiss Re AG,0.0,4.33,58,71,30,Financial Services,Insurance - Reinsurance
TTRAF,Telstra Group Limited,6.65,8.62,100,100,45,Communication Services,Telecom Services
DHI,"D.R. Horton, Inc.",-1.11,-7.34,25,50,28,Consumer Discretionary,Homebuilding
PINXY,The People's Insurance Company (Group) of China Limited,0.0,3.74,100,100,18,Financial Services,Insurance - Property & Casualty
HHUSF,Hua Hong Grace Semiconductor Limited,0.0,9.51,100,100,98,Technology,Semiconductors
ESLT,Elbit Systems Ltd.,2.19,3.42,64,68,78,Industrials,Military/Government/Technical
HEI,HEICO Corporation,-0.3,-1.54,69,68,70,Industrials,Aerospace
RKT,"Rocket Companies, Inc.",-3.21,-16.34,15,25,12,Finance,Finance: Consumer Services
KDP,Keurig Dr Pepper Inc.,0.38,-5.39,53,76,53,Consumer Staples,Beverages (Production/Distribution)
SSREY,Swiss Re AG,1.21,4.79,67,80,40,Financial Services,Insurance - Reinsurance
IBIDF,"Ibiden Co.,Ltd.",10.16,-35.1,13,12,99,Technology,Electronic Components
IBIDY,"Ibiden Co.,Ltd.",28.4,-32.27,37,39,98,Technology,Electronic Components
ALNY,"Alnylam Pharmaceuticals, Inc.",-28.31,-31.89,0,0,3,Health Care,Biotechnology: Pharmaceutical Preparations
AMP,"Ameriprise Financial, Inc.",0.77,13.5,92,85,58,Finance,Investment Managers
NPSNY,Naspers Limited,1.75,3.36,72,88,15,Consumer Cyclical,Internet Retail
ASAZY,ASSA ABLOY AB (publ),1.99,4.89,100,91,32,Industrials,Security & Protection Services
SVKEF,Skandinaviska Enskilda Banken AB (publ),0.0,4.4,77,74,44,Financial Services,Banks - Regional
MAHMF,Mahindra & Mahindra Limited,0.0,-4.09,19,54,17,Consumer Cyclical,Auto Manufacturers
PBCRY,PT Bank Central Asia Tbk,2.32,12.23,84,93,17,Financial Services,Banks - Regional
HDLMY,HDLMY,-0.75,1.92,35,60,12,Basic Materials,Building Materials
ED,"Consolidated Edison, Inc.",-2.31,-1.16,22,46,47,Utilities,Power Generation
ACSAY,"ACS, Actividades de Construcción y Servicios, S.A.",3.64,-14.08,11,7,70,Industrials,Engineering & Construction
BLMIF,Bank Leumi le-Israel B.M.,0.0,9.3,84,79,40,Financial Services,Banks - Regional
A,"Agilent Technologies, Inc.",-1.13,3.99,72,71,60,Industrials,Biotechnology: Laboratory Analytical Instruments
ACSAF,"ACS, Actividades de Construcción y Servicios, S.A.",0.0,-2.88,41,64,86,Industrials,Engineering & Construction
LNVGY,Lenovo Group Limited,-1.35,-3.56,46,56,97,Technology,Computer Hardware
WCN,"Waste Connections, Inc.",-3.78,0.95,8,39,29,Utilities,Environmental Services
WAT,Waters Corporation,0.22,0.57,81,71,68,Industrials,Biotechnology: Laboratory Analytical Instruments
PSZKF,Powszechna Kasa Oszczednosci Bank Polski Spólka Akcyjna,0.5,5.67,100,100,78,Financial Services,Banks - Regional
TSCDF,Tesco PLC,4.27,8.4,100,100,64,Consumer Defensive,Grocery Stores
JDCMF,"JD.com, Inc.",0.0,2.41,22,34,15,Consumer Cyclical,Internet Retail
SDZNY,Sandoz Group AG,2.09,-5.46,53,79,71,Healthcare,Drug Manufacturers - Specialty & Generic
CHHQF,China Hongqiao Group Limited,0.66,19.3,78,86,84,Basic Materials,Aluminum
CBRE,"CBRE Group, Inc.",1.14,8.07,96,88,29,Finance,Real Estate
FINMY,Leonardo S.p.a.,3.29,12.91,100,100,44,Industrials,Aerospace & Defense
SDZXF,Sandoz Group AG,6.94,-8.56,53,83,67,Healthcare,Drug Manufacturers - Specialty & Generic
SYY,Sysco Corporation,-0.71,2.08,73,70,56,Consumer Discretionary,Food Distributors
AMKBF,A.P. Møller - Mærsk A/S,0.0,11.74,88,83,70,Industrials,Marine Shipping
WDAY,"Workday, Inc.",-5.89,21.37,70,67,25,Technology,EDP Services
KGC,Kinross Gold Corporation,1.77,0.64,53,81,25,Basic Materials,Precious Metals
AMKBY,A.P. Møller - Mærsk A/S,1.22,11.67,96,88,73,Industrials,Marine Shipping
KB,KB Financial Group Inc.,7.73,18.04,93,100,81,Finance,Commercial Banks
FJTSF,Fujitsu Limited,-1.02,22.08,87,82,33,Technology,Information Technology Services
UI,Ubiquiti Inc.,1.98,-0.59,50,79,10,Technology,Radio And Television Broadcasting And Communications Equipment
SHLAF,Schindler Holding AG,0.0,-7.07,30,48,20,Industrials,Specialty Industrial Machinery
CHHQY,China Hongqiao Group Limited,0.0,-7.28,56,100,11,Basic Materials,Aluminum
NECPY,NECPY,0.0,18.46,91,85,20,Technology,Information Technology Services
PRU,"Prudential Financial, Inc.",0.11,10.53,85,79,76,Finance,Life Insurance
DLMAY,DLMAY,0.0,-5.9,84,100,61,Consumer Defensive,Discount Stores
IFCZF,Intact Financial Corporation,-1.93,1.1,0,18,43,Financial Services,Insurance - Property & Casualty
ADDYY,adidas AG,-11.31,-10.72,0,0,31,Consumer Cyclical,Footwear & Accessories
ADYEY,Adyen N.V.,3.21,7.63,100,99,7,Technology,Software - Infrastructure
CKHUY,CK Hutchison Holdings Limited,1.42,10.19,98,90,77,Industrials,Conglomerates
EQT,EQT Corporation,0.27,0.44,83,81,25,Energy,Oil & Gas Production
EPIAF,Epiroc AB (publ),4.51,-8.22,42,61,35,Industrials,Farm & Heavy Construction Machinery
EPOAY,EPOAY,5.15,-4.17,51,79,39,Industrials,Farm & Heavy Construction Machinery
ONC,BeOne Medicines AG,-1.57,10.78,73,72,43,Health Care,Biotechnology: Pharmaceutical Preparations
DNNGY,Ørsted A/S,3.09,-2.39,32,68,16,Utilities,Utilities - Renewable
DOGEF,Ørsted A/S,0.0,-3.72,23,45,15,,
CKHUF,CK Hutchison Holdings Limited,0.0,12.9,90,85,80,Industrials,Conglomerates
HBANM,Huntington Bancshares Incorporated,0.38,1.11,62,68,27,Finance,Major Banks
HBAN,Huntington Bancshares Incorporated,1.43,-5.69,0,25,47,Finance,Major Banks
SAABY,Saab AB (publ),1.15,16.99,89,85,41,Industrials,Aerospace & Defense
FSLR,"First Solar, Inc.",3.4,-11.23,12,34,32,Technology,Semiconductors
CICOF,"COSCO SHIPPING Holdings Co., Ltd.",0.0,10.0,91,86,58,Industrials,Marine Shipping
AAVMY,ABN AMRO Bank N.V.,5.2,5.56,100,100,87,Financial Services,Banks - Diversified
Q,"Qnity Electronics, Inc.",5.78,-14.9,26,27,67,Technology,Semiconductors
ZTS,Zoetis Inc.,-2.44,5.67,52,58,3,Health Care,Biotechnology: Pharmaceutical Preparations
TECK,Teck Resources Limited,8.72,5.29,100,100,84,Industrials,Mining & Quarrying of Nonmetallic Minerals (No Fuels)
SUNB,"Sunbelt Rentals Holdings, Inc.",-1.2,0.47,44,61,34,Consumer Discretionary,Diversified Commercial Services
BMDPF,Banca Monte dei Paschi di Siena S.p.A.,0.0,7.26,57,68,81,Financial Services,Banks - Regional
NTRA,"Natera, Inc.",6.24,-2.39,62,92,89,Health Care,Medical Specialities
DSKYF,"Daiichi Sankyo Company, Limited",-2.58,5.73,38,52,13,Healthcare,Drug Manufacturers - General
MTB,M&T Bank Corporation,-1.33,2.09,64,66,74,Finance,Major Banks
CPRT,"Copart, Inc.",-4.06,2.71,61,62,9,Consumer Discretionary,Retail-Auto Dealers and Gas Stations
CICOY,"COSCO SHIPPING Holdings Co., Ltd.",3.25,19.95,100,100,63,Industrials,Marine Shipping
ACGL,Arch Capital Group Ltd.,-3.26,2.63,44,52,58,Finance,Property-Casualty Insurers
TGOPY,3i Group plc,0.87,17.03,95,87,22,Financial Services,Asset Management
KNYJY,KONE Oyj,-0.59,-0.04,77,71,18,Industrials,Specialty Industrial Machinery
LNTCY,LNTCY,0.0,-22.29,18,29,7,Technology,Electronic Components
HENKY,Henkel AG & Co. KGaA,1.02,3.76,89,80,63,Consumer Defensive,Household & Personal Products
RYAAY,Ryanair Holdings plc,3.99,-5.21,37,52,37,Consumer Discretionary,Air Freight/Delivery Services
IQV,IQVIA Holdings Inc.,-3.95,17.02,75,72,78,Health Care,Biotechnology: Commercial Physical & Biological Resarch
AJNMY,"Ajinomoto Co., Inc.",3.51,-19.05,9,6,61,Consumer Defensive,Packaged Foods
FISV,"Fiserv, Inc.",-2.8,6.58,68,67,5,Consumer Discretionary,Business Services
STLA,Stellantis N.V.,-2.5,0.86,71,70,4,Industrials,Auto Manufacturing
MTZ,"MasTec, Inc.",12.88,-16.94,36,39,78,Industrials,Water Sewer Pipeline Comm & Power Line Construction
CPNG,"Coupang, Inc.",6.13,-11.25,19,30,5,Consumer Discretionary,Catalog/Specialty Distribution
DTE,DTE Energy Company,-1.27,-5.89,0,20,38,Utilities,Electric Utilities: Central
RSHGY,RSHGY,2.02,4.32,25,51,81,Financial Services,Banks - Regional
TPR,"Tapestry, Inc.",1.65,5.97,100,91,74,Consumer Discretionary,Apparel
PMRTY,Pop Mart International Group Limited,-1.89,5.21,70,70,13,Consumer Cyclical,Leisure
BTGOF,BT Group plc,0.0,7.91,86,81,37,Communication Services,Telecom Services
FICO,Fair Isaac Corporation,-17.01,-5.56,0,0,17,Consumer Discretionary,Business Services
TWLO,Twilio Inc.,1.43,-8.76,26,41,89,Technology,Computer Software: Prepackaged Software
TDY,Teledyne Technologies Incorporated,2.82,-1.82,81,87,55,Industrials,Industrial Machinery/Components
ALMMF,Aluminum Corporation of China Limited,-9.0,-8.08,0,0,5,Basic Materials,Aluminum
KHC,The Kraft Heinz Company,-4.49,5.48,54,59,59,Consumer Staples,Packaged Foods
VEEV,Veeva Systems Inc.,-3.05,9.41,68,65,29,Technology,Computer Software: Prepackaged Software
NRG,"NRG Energy, Inc.",7.84,-4.85,44,49,15,Utilities,Electric Utilities: Central
BPXXY,BPER Banca SpA,6.49,1.91,60,81,82,Financial Services,Banks - Regional
TEFOF,"Telefónica, S.A.",0.0,4.75,57,69,17,Communication Services,Telecom Services
CRCL,Circle Internet Group,4.69,3.7,41,56,3,Finance,Finance: Consumer Services
AMADF,"Amadeus IT Group, S.A.",4.55,6.2,100,100,24,Technology,Information Technology Services
RJF,"Raymond James Financial, Inc.",0.47,10.61,84,79,53,Finance,Investment Bankers/Brokers/Service
CCOZY,China Coal Energy Company Limited,0.0,2.22,51,64,37,Energy,Thermal Coal
CHLSY,Chocoladefabriken Lindt & Sprüngli AG,-0.52,-1.2,51,63,14,Consumer Defensive,Confectioners
SMCI,"Super Micro Computer, Inc.",7.9,0.29,52,58,11,Technology,Computer Manufacturing
RSMDF,ResMed Inc.,0.0,0.0,100,100,4,Healthcare,Medical Instruments & Supplies
CW,Curtiss-Wright Corporation,5.48,-5.42,28,42,66,Technology,Industrial Machinery/Components
SMECF,SMC Corporation,4.17,-9.84,19,19,37,Industrials,Specialty Industrial Machinery
TEAM,Atlassian Corporation,-5.91,17.98,69,66,22,Technology,Computer Software: Prepackaged Software
FTI,TechnipFMC plc,-3.92,5.85,24,41,82,Consumer Discretionary,Oil and Gas Field Machinery
OTIS,Otis Worldwide Corporation,-2.28,1.49,39,47,16,Technology,Consumer Electronics/Appliances
TTNDY,Techtronic Industries Company Limited,0.0,-0.34,79,74,77,Industrials,Tools & Accessories
IPXHY,Inpex Corporation,1.43,15.64,93,89,56,Energy,Oil & Gas E&P
HSHCY,"Haier Smart Home Co., Ltd.",1.67,12.66,100,92,25,Consumer Cyclical,"Furnishings, Fixtures & Appliances"
NVT,nVent Electric plc,8.38,-9.37,38,36,83,Industrials,Industrial Machinery/Components
EIX,Edison International,0.13,8.39,81,78,83,Utilities,Electric Utilities: Central
HMRZF,H & M Hennes & Mauritz AB (publ),0.0,2.01,77,74,31,Consumer Cyclical,Apparel Manufacturing
KUASF,Kuaishou Technology,0.0,-15.11,9,17,10,Communication Services,Internet Content & Information
FTAI,FTAI Aviation Ltd.,0.07,-24.57,0,4,50,Industrials,Misc Corporate Leasing Services
PPLC,PPL Corporation,-0.25,-0.39,37,60,26,Utilities,Electric Utilities: Central
CTSH,Cognizant Technology Solutions Corporation,-3.7,31.24,81,79,13,Technology,EDP Services
MTSFY,"Mitsui Fudosan Co., Ltd.",4.5,13.64,100,100,36,Real Estate,Real Estate - Diversified
CFG,"Citizens Financial Group, Inc.",1.24,0.52,75,80,78,Finance,Major Banks
GELYF,Geely Automobile Holdings Limited,5.6,20.55,100,100,45,Consumer Cyclical,Auto Manufacturers
MTRJF,MTR Corporation Limited,-11.54,-0.82,6,23,56,Industrials,Railroads
XYL,Xylem Inc.,-4.35,-0.38,16,32,21,Industrials,Fluid Controls
TELFY,"Telefónica, S.A.",-0.73,5.13,70,70,22,Communication Services,Telecom Services
ICAGY,International Consolidated Airlines Group S.A.,1.72,-4.97,38,65,65,Industrials,Airlines
MGDDF,Compagnie Générale des Établissements Michelin Société en commandite par actions,-3.09,-0.95,61,62,56,Unknown,Unknown
SNMRF,Snam S.p.A.,0.0,6.71,82,76,50,Utilities,Utilities - Regulated Gas
RYLPF,Koninklijke Philips N.V.,0.0,-8.53,6,0,18,Healthcare,Medical Devices
KSHTY,Kuaishou Technology,-1.35,-3.95,30,44,6,Communication Services,Internet Content & Information
BABWF,International Consolidated Airlines Group S.A.,0.0,-11.73,0,1,39,Industrials,Airlines
MGDDY,Compagnie Générale des Établissements Michelin Société en commandite par actions,1.17,2.9,86,78,65,Unknown,Unknown
PPG,"PPG Industries, Inc.",0.18,-8.63,0,27,45,Consumer Discretionary,Paints/Coatings
FUJIY,FUJIFILM Holdings Corporation,2.74,12.97,100,96,72,Industrials,Conglomerates
AIBGY,AIB Group plc,-1.45,1.49,42,56,76,Financial Services,Banks - Regional
HRNNF,Hydro One Limited,0.29,1.3,59,72,49,Utilities,Utilities - Regulated Electric
CLPHY,CLP Holdings Limited,-0.2,5.93,79,75,57,Utilities,Utilities - Regulated Electric
PGPEF,Publicis Groupe S.A.,2.63,8.16,100,97,68,Communication Services,Advertising Agencies
SNMRY,Snam S.p.A.,-0.29,-2.56,9,51,43,Utilities,Utilities - Regulated Gas
ALFVF,Alfa Laval AB (publ),0.0,2.15,51,64,69,Industrials,Specialty Industrial Machinery
CINF,Cincinnati Financial Corporation,-3.64,-6.67,24,46,57,Finance,Property-Casualty Insurers
QBEIF,QBE Insurance Group Limited,0.17,8.25,66,81,71,Financial Services,Insurance - Property & Casualty
EJPRY,East Japan Railway Company,-0.25,17.54,86,81,47,Industrials,Railroads
EJPRF,East Japan Railway Company,0.0,23.87,92,88,32,Industrials,Railroads
AXIA,AXIA Energia SA,4.69,1.25,100,100,52,Utilities,Electric Utilities: Central
AWK,"American Water Works Company, Inc.",-0.93,3.81,73,70,42,Utilities,Water Supply
SYF,Synchrony Financial,2.93,0.52,100,93,45,Finance,Finance: Consumer Services
WSM,"Williams-Sonoma, Inc.",-0.21,2.61,82,76,75,Consumer Discretionary,Home Furnishings
SUTNY,"Sumitomo Mitsui Trust Group, Inc.",-0.36,8.14,74,71,85,Financial Services,Banks - Regional
HLAGF,Hapag-Lloyd Aktiengesellschaft,0.0,18.85,100,100,60,Industrials,Marine Shipping
HLMAF,Halma plc,4.11,-9.87,17,39,20,Industrials,Conglomerates
TW,Tradeweb Markets Inc.,-9.6,-3.64,14,30,14,Finance,Investment Bankers/Brokers/Service
UTHR,United Therapeutics Corporation,0.21,-3.9,16,60,70,Health Care,Biotechnology: Pharmaceutical Preparations
FSNUY,Fresenius SE & Co. KGaA,1.64,10.84,100,90,37,Healthcare,Medical Care Facilities
OMVKY,OMV Aktiengesellschaft,1.89,15.97,88,92,80,Energy,Oil & Gas Integrated
FN,Fabrinet,5.99,-19.71,18,13,23,Utilities,Telecommunications Equipment
VACNY,VAT Group AG,5.68,-13.79,22,18,88,Industrials,Specialty Industrial Machinery
CRS,Carpenter Technology Corporation,-5.07,-17.45,0,0,90,Industrials,Steel/Iron Ore
NMR,"Nomura Holdings, Inc.",-1.14,6.46,64,67,75,Finance,Investment Bankers/Brokers/Service
KEY,KeyCorp,1.94,-2.75,7,58,64,Finance,Major Banks
TEZNY,Terna S.p.A.,1.11,0.76,41,72,54,Utilities,Utilities - Regulated Electric
FUWAY,"Furukawa Electric Co., Ltd.",9.95,-28.86,19,18,96,Industrials,Electrical Equipment & Parts
BDORY,Banco do Brasil S.A.,1.69,9.07,100,89,36,Financial Services,Banks - Regional
ROL,"Rollins, Inc.",-1.03,-8.99,0,0,4,Consumer Discretionary,Diversified Commercial Services
WST,"West Pharmaceutical Services, Inc.",0.63,-6.9,30,49,77,Health Care,Medical/Dental Instruments
MKL,Markel Group Inc.,-6.39,-1.59,0,22,35,Finance,Property-Casualty Insurers
FCNCP,"First Citizens BancShares, Inc.",-0.2,1.96,49,62,31,Finance,Major Banks
FCNCO,"First Citizens BancShares, Inc.",-0.27,0.19,43,61,28,Finance,Major Banks
CHD,"Church & Dwight Co., Inc.",-2.18,0.48,48,57,46,Consumer Discretionary,Package Goods/Cosmetics
BOUYY,Bouygues SA,8.21,4.71,100,100,58,Industrials,Engineering & Construction
FWONK,Formula One Group,-1.85,1.65,61,64,56,Industrials,Broadcasting
PHM,"PulteGroup, Inc.",-2.7,-2.9,52,60,49,Consumer Discretionary,Homebuilding
TROW,"T. Rowe Price Group, Inc.",0.34,2.73,73,72,69,Finance,Investment Bankers/Brokers/Service
DLTR,"Dollar Tree, Inc.",-0.29,6.12,80,76,73,Consumer Discretionary,Department/Specialty Retail Stores
TELNY,Telenor ASA,0.43,-1.2,47,73,19,Communication Services,Telecom Services
TRUMY,Terumo Corporation,1.95,14.61,100,92,48,Healthcare,Medical Instruments & Supplies
EXE,Expand Energy Corporation,-0.04,3.18,81,77,21,Energy,Oil & Gas Production
FIS,"Fidelity National Information Services, Inc.",-1.73,12.75,79,76,12,Consumer Discretionary,Business Services
CMAKY,"China Minsheng Banking Corp., Ltd.",25.93,26.24,100,100,38,Financial Services,Banks - Regional
CTOWY,China Tower Corporation Limited,0.0,0.0,100,100,48,Communication Services,Telecom Services
AGPPF,Valterra Platinum Limited,0.0,-5.66,1,22,99,Basic Materials,Other Precious Metals & Mining
SGSOF,SGS SA,0.0,0.56,48,64,52,Industrials,Consulting Services
SURYY,"Sumitomo Realty & Development Co., Ltd.",0.0,-9.84,40,55,27,Real Estate,Real Estate Services
RL,Ralph Lauren Corporation,2.72,-3.04,67,94,61,Industrials,Garments and Clothing
OKTA,"Okta, Inc.",2.56,-0.03,28,60,94,Technology,Computer Software: Prepackaged Software
ROIV,Roivant Sciences Ltd.,5.02,-1.46,38,78,95,Health Care,Biotechnology: Pharmaceutical Preparations
LYB,LyondellBasell Industries N.V.,-0.08,14.95,84,84,44,Industrials,Major Chemicals
TNABF,Tenaga Nasional Berhad,-0.73,0.89,32,57,54,Utilities,Utilities - Regulated Electric
PPERY,PT Bank Mandiri (Persero) Tbk,2.22,7.49,41,60,24,Financial Services,Banks - Regional
TQLCF,TQLCF,0.0,-53.26,1,3,2,Basic Materials,Other Industrial Metals & Mining
ENTG,"Entegris, Inc.",9.44,-29.05,22,22,37,Industrials,Plastic Products
TSN,"Tyson Foods, Inc.",-0.64,3.8,75,72,44,Consumer Staples,Meat/Poultry/Fish
NNGRY,NN Group N.V.,1.93,8.81,100,91,78,Financial Services,Insurance - Diversified
CHKGF,CK Asset Holdings Limited,0.0,4.16,84,77,73,Real Estate,Real Estate - Development
RCI,Rogers Communications Inc.,-2.13,6.1,70,70,26,Telecommunications,Cable & Other Pay Television Services
STE,STERIS plc,-1.54,8.91,77,74,37,Health Care,Industrial Specialties
MDIBY,Mediobanca Banca di Credito Finanziario S.p.A.,2.9,8.1,100,96,92,Financial Services,Banks - Regional
GBERY,Geberit AG,2.43,-0.35,86,91,22,Industrials,Building Products & Equipment
GPN,Global Payments Inc.,-1.62,15.71,83,79,62,Consumer Discretionary,Business Services
CLEGF,Coles Group Limited,8.22,-1.69,100,100,58,Consumer Defensive,Grocery Stores
AA,Alcoa Corporation,4.87,-5.29,26,50,28,Industrials,Aluminum
CAPMF,Capgemini SE,-5.42,10.35,68,66,13,Technology,Information Technology Services
DKS,"DICK'S Sporting Goods, Inc.",-2.95,-12.99,0,4,23,Consumer Discretionary,Other Specialty Stores
NESRF,Northern Star Resources Limited,-2.4,5.58,40,53,26,Basic Materials,Gold
VNNVF,Vonovia SE,-15.8,-11.02,0,0,10,Real Estate,Real Estate Services
GBERF,Geberit AG,0.0,-4.45,39,62,16,Industrials,Building Products & Equipment
CGEMY,Capgemini SE,-3.56,14.71,75,73,18,Technology,Information Technology Services
NJDCY,Nidec Corporation,2.83,33.33,75,95,59,Industrials,Specialty Industrial Machinery
SDMHF,Sartorius Stedim Biotech S.A.,0.0,-3.51,12,31,25,Healthcare,Medical Instruments & Supplies
JARLF,Jardine Matheson Holdings Limited,0.0,6.93,74,75,30,Industrials,Conglomerates
CX,"CEMEX, S.A.B. de C.V.",1.97,-1.65,3,25,56,Industrials,Building Materials
GNENY,"Ganfeng Lithium Group Co., Ltd.",-3.86,-30.3,3,7,5,Basic Materials,Chemicals
HKHHF,Heineken Holding N.V.,1.19,13.74,97,89,72,Consumer Defensive,Beverages - Brewers
JIAXF,Jiangxi Copper Company Limited,0.0,15.6,92,88,70,Basic Materials,Copper
EFX,Equifax Inc.,-5.84,8.61,47,53,18,Finance,Finance: Consumer Services
MTUAY,MTU Aero Engines AG,0.76,-1.03,77,80,51,Industrials,Aerospace & Defense
TRATF,Traton SE,0.0,3.53,100,100,68,Industrials,Farm & Heavy Construction Machinery
SBS,Companhia de Saneamento Básico do Estado de São Paulo - SABESP,3.99,-4.87,20,13,43,Utilities,Water Supply
RCIAF,Rogers Communications Inc.,0.0,-0.72,63,100,29,Communication Services,Telecom Services
BKRIY,Bank of Ireland Group plc,2.47,4.32,81,90,73,Financial Services,Banks - Regional
BEKE,KE Holdings Inc.,1.92,12.89,86,92,31,Finance,Real Estate
SAUHF,Straumann Holding AG,0.0,-11.93,8,6,37,Healthcare,Medical Instruments & Supplies
RGLD,"Royal Gold, Inc.",3.87,2.38,98,100,32,Industrials,Precious Metals
NISTF,Nippon Steel Corporation,0.27,11.94,68,70,11,Basic Materials,Steel
EVRG,"Evergy, Inc.",-0.89,-3.41,0,41,54,Utilities,Power Generation
SITM,SiTime Corporation,14.22,-25.0,34,37,93,Technology,Semiconductors
MRNA,"Moderna, Inc.",6.29,-20.11,14,17,92,Health Care,Biotechnology: Biological Products (No Diagnostic Substances)
GWLLY,Great Wall Motor Company Limited,3.99,3.69,98,100,7,Consumer Cyclical,Auto Manufacturers
MMSMY,"Mitsui Kinzoku Company, Limited",8.84,-33.64,15,14,96,Industrials,Conglomerates
LNT,Alliant Energy Corporation,-1.54,-6.47,0,9,45,Utilities,Power Generation
MONRF,Moncler S.p.A.,0.0,-1.01,40,51,40,Consumer Cyclical,Apparel Manufacturing
GWLLF,Great Wall Motor Company Limited,0.0,-3.48,52,72,4,Consumer Cyclical,Auto Manufacturers
HUNGF,"Huaneng Power International, Inc.",0.0,-19.26,35,50,97,Utilities,Utilities - Independent Power Producers
SSLZY,Santos Limited,-2.14,10.91,72,71,52,Energy,Oil & Gas E&P
MGA,Magna International Inc.,1.09,10.75,95,86,86,Consumer Discretionary,Auto Parts:O.E.M.
TTMI,"TTM Technologies, Inc.",13.5,-35.72,23,23,89,Technology,Electrical Products
USFD,US Foods Holding Corp.,-1.76,-1.32,65,64,70,Consumer Discretionary,Food Distributors
STOSF,Santos Limited,0.0,17.24,72,85,47,Energy,Oil & Gas E&P
AMCCF,Amcor plc,0.0,17.14,100,100,49,Consumer Cyclical,Packaging & Containers
CABJF,Carlsberg A/S,0.0,4.82,40,60,51,Consumer Defensive,Beverages - Brewers
EDRVF,"EDP Renewables, S.A.",0.0,-4.95,0,55,55,Utilities,Utilities - Renewable
SOMLF,"SECOM CO., LTD.",0.0,0.0,51,64,68,Industrials,Security & Protection Services
IP,International Paper Company,1.2,12.55,88,85,52,Basic Materials,Paper
SUVPF,Sartorius Aktiengesellschaft,0.0,5.1,100,100,27,Healthcare,Medical Instruments & Supplies
SOMLY,"SECOM CO., LTD.",1.38,13.03,97,87,75,Industrials,Security & Protection Services
EVMNY,Evolution Mining Limited,2.78,0.99,71,96,53,Basic Materials,Gold
MONRY,Moncler S.p.A.,2.56,-3.5,47,66,31,Consumer Cyclical,Apparel Manufacturing
WCC,"WESCO International, Inc.",10.77,6.85,100,100,82,Consumer Discretionary,Telecommunications Equipment
TLN,Talen Energy Corporation,5.17,-7.83,15,11,20,Utilities,Electric Utilities: Central
RAIFF,Raiffeisen Bank International AG,0.0,2.16,70,70,95,Financial Services,Banks - Regional
LII,Lennox International Inc.,-2.92,-26.9,0,0,10,Industrials,Industrial Machinery/Components
DAIUF,"Daifuku Co., Ltd.",0.0,0.0,100,100,1,Industrials,Specialty Industrial Machinery
VODAF,Vodacom Group Limited,0.0,0.0,51,64,76,Communication Services,Telecom Services
DQJCY,Pan Pacific International Holdings Corporation,0.85,21.85,95,88,33,Consumer Defensive,Discount Stores
HKHGF,Hongkong Land Holdings Limited,0.0,4.14,90,85,67,Real Estate,Real Estate - Development
SN,"SharkNinja, Inc.",2.58,7.57,100,95,90,Consumer Discretionary,Consumer Electronics/Appliances
PEXNY,PTT Exploration and Production Public Company Limited,-3.64,0.76,49,58,53,Energy,Oil & Gas E&P
ASBFY,Associated British Foods plc,1.0,10.11,94,86,46,Consumer Defensive,Packaged Foods
KAOCF,Kao Corporation,0.24,-50.14,1,5,2,Consumer Defensive,Household & Personal Products
HOKCY,The Hong Kong and China Gas Company Limited,3.75,3.75,53,61,31,Utilities,Utilities - Regulated Gas
KWHIF,"Kawasaki Heavy Industries, Ltd.",0.0,-4.7,8,23,2,Industrials,Specialty Industrial Machinery
JDEPY,JDEPY,-0.6,-1.1,72,100,26,Consumer Defensive,Packaged Foods
FLUT,Flutter Entertainment plc,-5.24,-3.09,25,37,4,Technology,Computer Software: Programming Data Processing
TLK,Perusahaan Perseroan (Persero) PT Telekomunikasi Indonesia Tbk,1.32,6.05,70,84,16,Telecommunications,Telecommunications Equipment
BPCGY,"Banco Comercial Português, S.A.",0.0,2.08,32,42,84,Financial Services,Banks - Regional
URMCY,Unibail-Rodamco-Westfield SE,2.81,-12.16,28,40,44,Real Estate,REIT - Retail
FPS,"Forgent Power Solutions, Inc.",13.78,-33.31,21,21,46,Energy,Industrial Machinery/Components
KEP,Korea Electric Power Corporation,6.41,0.75,65,90,9,Utilities,Electric Utilities: Central
TSCO,Tractor Supply Company,-2.55,-6.35,39,50,4,Consumer Discretionary,RETAIL: Building Materials
NVR,"NVR, Inc.",-1.46,-5.34,19,43,19,Consumer Discretionary,Homebuilding
PHYS,Sprott Physical Gold Trust,1.7,2.37,100,81,28,Financial Services,Asset Management
ACXIF,"Acciona, S.A.",6.81,-3.94,69,93,78,Industrials,Engineering & Construction
TPG,TPG Inc.,1.28,5.43,57,65,16,Finance,Investment Managers
HGKGY,Power Assets Holdings Limited,-4.23,-3.6,21,34,36,Utilities,Utilities - Independent Power Producers
BMBLF,Brambles Limited,4.03,4.79,100,100,19,Industrials,Specialty Business Services
DOCN,"DigitalOcean Holdings, Inc.",12.62,-16.84,35,36,97,Technology,Computer Software: Programming Data Processing
KIM,Kimco Realty Corporation,-1.92,1.71,53,60,66,Real Estate,Real Estate Investment Trusts
LUGDF,Lundin Gold Inc.,1.59,9.57,99,89,36,Basic Materials,Gold
TYNPF,Nippon Sanso Holdings Corporation,-0.98,-3.47,29,53,99,Basic Materials,Chemicals
WTKWY,Wolters Kluwer N.V.,-6.29,21.69,67,67,12,Industrials,Specialty Business Services
PTC,PTC Inc.,2.9,13.79,100,98,13,Technology,Computer Software: Prepackaged Software
GLPEY,"Galp Energia, SGPS, S.A.",-0.44,7.6,56,74,54,Energy,Oil & Gas Integrated
TXT,Textron Inc.,1.68,-5.26,0,22,40,Industrials,Aerospace
NBIX,"Neurocrine Biosciences, Inc.",2.61,10.57,100,95,86,Health Care,Biotechnology: Biological Products (No Diagnostic Substances)
PS,Pershing Square Inc.,2.07,2.08,41,74,87,Finance,Investment Managers
PAA,"Plains All American Pipeline, L.P.",-0.28,11.6,85,81,82,Energy,Natural Gas Distribution
DECK,Deckers Outdoor Corporation,-3.72,-0.64,29,39,34,Consumer Discretionary,Shoe Manufacturing
OUKPY,Metso Oyj,2.66,9.52,73,81,64,Industrials,Farm & Heavy Construction Machinery
OVV,Ovintiv Inc.,0.55,18.55,84,87,83,Energy,Oil & Gas Production
RMBS,Rambus Inc.,8.18,-27.66,19,18,16,Technology,Semiconductors
KAEPY,"The Kansai Electric Power Company, Incorporated",3.45,5.55,100,96,46,Utilities,Utilities - Renewable
IEX,IDEX Corporation,1.85,4.26,100,89,72,Industrials,Fluid Controls
GEN,Gen Digital Inc.,-1.23,4.52,72,70,69,Technology,Computer Software: Prepackaged Software
LAMR,Lamar Advertising Company,-2.24,2.56,56,61,79,Real Estate,Real Estate Investment Trusts
PFGC,Performance Food Group Company,-1.63,1.96,62,63,72,Consumer Discretionary,Food Distributors
BNT,Brookfield Wealth Solutions Ltd.,-0.07,-0.07,38,58,26,Finance,Property-Casualty Insurers
PSLV,Sprott Physical Silver Trust,3.4,1.59,78,100,31,Financial Services,Asset Management
VICR,Vicor Corporation,13.08,-40.99,22,22,96,Technology,Industrial Machinery/Components
SONVY,Sonova Holding AG,0.17,13.01,87,81,52,Healthcare,Medical Devices
GPFOF,"Grupo Financiero Inbursa, S.A.B. de C.V.",0.0,-1.87,57,100,94,Financial Services,Banks - Regional
THC,Tenet Healthcare Corporation,-1.9,32.18,88,85,86,Health Care,Hospital/Nursing Management
IPSEY,Ipsen S.A.,0.62,-3.05,39,69,59,Healthcare,Drug Manufacturers - Specialty & Generic
EVGGF,Evolution AB (publ),0.0,14.76,89,83,55,Consumer Cyclical,Gambling
AHCHY,Anhui Conch Cement Company Limited,1.94,13.31,100,93,18,Basic Materials,Building Materials
NWSA,News Corporation,-2.53,8.96,60,63,44,Consumer Discretionary,Newspapers/Magazines
AHKSF,Asahi Kasei Corporation,0.0,0.0,51,64,82,Industrials,Conglomerates
CRWOF,China Railway Group Limited,0.0,3.03,80,76,12,Industrials,Engineering & Construction
CLH,"Clean Harbors, Inc.",-2.82,9.08,65,66,69,Industrials,Environmental Services
WHGLY,WH Group Limited,2.18,3.72,100,93,39,Consumer Defensive,Packaged Foods
KPELY,Keppel Ltd.,-0.22,8.61,61,76,69,Industrials,Conglomerates
BWA,BorgWarner Inc.,3.55,0.08,81,100,88,Consumer Discretionary,Auto Parts:O.E.M.
PILBF,PLS Group Limited,3.44,-13.88,28,39,82,Basic Materials,Other Industrial Metals & Mining
FUTU,Futu Holdings Limited,1.51,3.5,85,88,3,Finance,Investment Bankers/Brokers/Service
YRAIF,Yara International ASA,0.0,-4.21,0,22,42,Basic Materials,Agricultural Inputs
NCBDF,BANDAI NAMCO Holdings Inc.,0.0,20.49,92,87,37,Consumer Cyclical,Leisure
CPT,Camden Property Trust,-2.65,-2.05,40,50,50,Real Estate,Real Estate Investment Trusts
WF,Woori Financial Group Inc.,7.54,22.62,100,100,65,Finance,Commercial Banks
TISCY,Taisei Corporation,0.42,-10.18,9,21,31,Industrials,Engineering & Construction
TIGO,Millicom International Cellular S.A.,1.05,6.03,56,75,94,Telecommunications,Telecommunications Equipment
DTM,"DT Midstream, Inc.",0.6,-4.88,0,4,64,Utilities,Natural Gas Distribution
MLI,"Mueller Industries, Inc.",2.23,16.44,100,95,66,Industrials,Metal Fabrications
MAS,Masco Corporation,-0.62,-11.67,0,0,47,Industrials,Industrial Specialties
REGCP,Regency Centers Corporation,0.65,2.44,69,73,40,Real Estate,Real Estate Investment Trusts
SKM,"SK Telecom Co., Ltd.",7.25,-0.28,29,34,68,Telecommunications,Telecommunications Equipment
CPAMF,CapitaLand Integrated Commercial Trust,0.0,5.41,80,76,46,Real Estate,REIT - Retail
LKREF,Link Real Estate Investment Trust,0.0,8.76,52,60,27,Real Estate,REIT - Retail
CSL,Carlisle Companies Incorporated,10.56,2.5,100,100,43,Industrials,Specialty Chemicals
OHI,"Omega Healthcare Investors, Inc.",-1.89,4.63,64,65,71,Real Estate,Real Estate Investment Trusts
FELTY,"Fuji Electric Co., Ltd.",16.61,-0.46,100,100,75,Industrials,Electrical Equipment & Parts
LYSDY,Lynas Rare Earths Limited,3.76,-20.03,8,2,22,Basic Materials,Other Industrial Metals & Mining
BAWAY,BAWAY,3.55,-2.36,38,72,90,Unknown,Unknown
TRU,TransUnion,-4.14,7.77,57,61,36,Finance,Finance: Consumer Services
STGPF,Scentre Group,0.0,-7.55,18,54,25,Real Estate,REIT - Retail
KRYAF,Kerry Group plc,0.0,0.76,50,65,52,Consumer Defensive,Packaged Foods
SMMT,Summit Therapeutics Inc.,5.0,-6.54,27,28,4,Health Care,Biotechnology: Pharmaceutical Preparations
GPC,Genuine Parts Company,-3.96,6.33,48,51,47,Consumer Discretionary,Automotive Aftermarket
IFPJF,Informa plc,0.0,0.0,51,64,42,Communication Services,Publishing
DOC,"Healthpeak Properties, Inc.",-1.87,2.4,53,60,84,Real Estate,Real Estate Investment Trusts
IESC,"IES Holdings, Inc.",15.18,-18.35,41,41,76,Industrials,Engineering & Construction
JHX,James Hardie Industries plc,1.07,2.96,84,82,67,Industrials,Building Materials
SKHSF,"Sekisui House, Ltd.",1.25,12.72,79,88,33,Consumer Cyclical,Residential Construction
SYIEF,Symrise AG,5.82,4.12,100,100,66,Basic Materials,Specialty Chemicals
BVVBY,Bureau Veritas SA,-4.15,7.04,48,55,47,Industrials,Consulting Services
TMTNF,Toromont Industries Ltd.,2.42,-6.74,20,17,72,Industrials,Industrial Distribution
SOLS,"Solstice Advanced Materials, Inc.",3.11,-30.81,4,9,28,Industrials,Aerospace
OSGSY,"Osaka Gas Co., Ltd.",1.04,2.13,95,86,54,Utilities,Utilities - Regulated Gas
JBS,JBS N.V.,0.42,18.39,94,89,47,Consumer Staples,Meat/Poultry/Fish
GLPI,GLPI,-2.83,2.33,52,59,35,Real Estate,Real Estate Investment Trusts
SNMCY,Suncorp Group Limited,0.44,3.3,87,81,54,Financial Services,Insurance - Property & Casualty
PRBKY,PRBKY,1.15,2.52,95,85,77,Financial Services,Banks - Regional
TRMB,Trimble Inc.,-2.03,8.52,77,73,10,Industrials,Industrial Machinery/Components
TOL,"Toll Brothers, Inc.",-0.11,-4.5,47,60,55,Consumer Discretionary,Homebuilding
AKZOY,Akzo Nobel N.V.,1.42,4.53,97,87,59,Basic Materials,Specialty Chemicals
DRS,"Leonardo DRS, Inc.",-1.98,6.86,45,49,53,Industrials,Industrial Machinery/Components
BLMOY,BLMOY,-4.7,-15.66,2,33,41,Industrials,Building Products & Equipment
TME,Tencent Music Entertainment Group,-2.37,9.47,70,69,6,Consumer Discretionary,Broadcasting
BLHWF,BELIMO Holding AG,0.0,0.0,100,100,84,Industrials,Building Products & Equipment
APA,APA Corporation,-1.01,14.8,82,79,85,Energy,Oil & Gas Production
ONTO,Onto Innovation Inc.,14.75,-28.7,30,32,89,Industrials,Industrial Machinery/Components
ARXCY,ARXCY,0.0,9.1,100,100,54,Energy,Oil & Gas E&P
MXUBY,MXUBY,3.04,-26.07,8,7,2,,
DSEEY,Daiwa Securities Group Inc.,-0.27,11.89,82,78,81,Financial Services,Capital Markets
NIOIF,NIO Inc.,0.0,0.0,100,100,21,Consumer Cyclical,Auto Manufacturers
SNN,Smith & Nephew plc,-1.01,12.53,77,74,37,Health Care,Industrial Specialties
TFII,TFI International Inc.,-4.78,-5.2,0,5,73,Industrials,Trucking Freight/Courier Services
SNLAF,Sino Land Company Limited,0.0,3.03,100,100,82,Real Estate,Real Estate - Development
TDHOY,"T&D Holdings, Inc.",-12.03,-4.07,0,1,64,Financial Services,Insurance - Life
NIO,NIO Inc.,1.68,-2.62,74,82,15,Industrials,Auto Manufacturing
HKTTF,HKT Trust and HKT Limited,0.0,0.0,51,64,66,Communication Services,Telecom Services
FIVE,"Five Below, Inc.",4.62,20.0,100,100,71,Consumer Discretionary,Department/Specialty Retail Stores
ALGN,"Align Technology, Inc.",-3.7,-4.45,31,36,39,Health Care,Industrial Specialties
QXO,"QXO, Inc.",0.45,-18.62,0,7,4,Consumer Discretionary,RETAIL: Building Materials
DT,"Dynatrace, Inc.",0.5,-2.82,80,77,42,Technology,Computer Software: Prepackaged Software
SWK,"Stanley Black & Decker, Inc.",2.69,4.61,100,96,83,Consumer Discretionary,Industrial Machinery/Components
CRBG,"Corebridge Financial, Inc.",0.66,11.2,86,80,50,Finance,Life Insurance
OCPNF,Olympus Corporation,5.45,15.88,100,100,47,Healthcare,Medical Devices
VARRY,Vår Energi ASA,0.0,22.7,97,100,86,Energy,Oil & Gas E&P
ACRFF,Accor SA,0.0,-12.35,8,27,36,Consumer Cyclical,Lodging
AVY,Avery Dennison Corporation,4.59,7.17,100,100,40,Consumer Discretionary,Containers/Packaging
PRDSF,Prada S.p.A.,-1.23,-1.84,26,48,27,Consumer Cyclical,Luxury Goods
ATGFF,AltaGas Ltd.,-0.51,8.07,68,75,72,Energy,Oil & Gas Midstream
PNW,Pinnacle West Capital Corporation,-0.94,-4.68,0,8,51,Utilities,Electric Utilities: Central
KTOS,"Kratos Defense & Security Solutions, Inc.",5.22,-12.95,15,13,4,Industrials,Military/Government/Technical
DLAKY,Deutsche Lufthansa AG,0.87,-5.15,49,69,77,Industrials,Airlines
SBHGF,"SBI Holdings, Inc.",0.47,5.72,79,79,5,Financial Services,Financial Conglomerates
SITIY,SITC International Holdings Company Limited,1.2,24.39,98,92,86,Industrials,Marine Shipping
BTSGU,"BrightSpring Health Services, Inc.",5.4,5.13,100,98,97,Health Care,Medical/Nursing Services
AGNCO,AGNC Investment Corp.,0.12,1.12,57,66,45,Real Estate,Real Estate Investment Trusts
AGNCZ,AGNC Investment Corp.,0.16,0.92,62,67,43,Real Estate,REIT - Mortgage
SVTMF,SM Investments Corporation,0.0,0.0,51,64,13,Consumer Cyclical,Department Stores
HL,Hecla Mining Company,5.51,-4.23,33,55,69,Industrials,Mining & Quarrying of Nonmetallic Minerals (No Fuels)
SKFRY,AB SKF (publ),2.98,6.86,100,97,49,Industrials,Tools & Accessories
VIAV,Viavi Solutions Inc.,8.75,-25.54,23,21,95,Technology,Semiconductors
YASKY,YASKAWA Electric Corporation,3.81,-35.06,4,1,36,Industrials,Electrical Equipment & Parts
TDHOF,"T&D Holdings, Inc.",0.0,-1.12,100,100,1,Financial Services,Insurance - Life
BDWBY,Budweiser Brewing Company APAC Limited,0.0,9.98,83,76,17,Consumer Defensive,Beverages - Brewers
MIUFY,Mitsubishi HC Capital Inc.,0.0,7.08,100,100,44,Financial Services,Credit Services
JOBY,"Joby Aviation, Inc.",8.87,-18.1,23,24,3,Industrials,Aerospace
SOTGY,Sunny Optical Technology (Group) Company Limited,-5.1,-5.24,60,57,15,Technology,Electronic Components
POAHY,Porsche Automobil Holding SE,1.83,9.15,100,91,20,Consumer Cyclical,Auto Manufacturers
BDWBF,Budweiser Brewing Company APAC Limited,0.0,1.72,43,62,11,Consumer Defensive,Beverages - Brewers
CRDIY,"Yokohama Financial Group, Inc.",4.75,3.76,43,75,88,Financial Services,Banks - Regional
ZBRA,Zebra Technologies Corporation,1.98,7.74,100,92,61,Industrials,Industrial Machinery/Components
HBM,Hudbay Minerals Inc.,3.5,0.71,80,98,83,Basic Materials,Metal Mining
HNSDF,Hensoldt AG,0.0,2.31,100,100,13,Industrials,Aerospace & Defense
COKE,"Coca-Cola Consolidated, Inc.",-1.33,-1.93,75,73,77,Consumer Staples,Beverages (Production/Distribution)
FHN,First Horizon Corporation,-1.24,-2.3,56,59,57,Finance,Major Banks
MDGL,"Madrigal Pharmaceuticals, Inc.",-9.83,-4.14,0,0,61,Health Care,Biotechnology: Pharmaceutical Preparations
CPYYY,Centrica plc,0.85,-7.43,4,0,12,Utilities,Utilities - Independent Power Producers
GDDY,GoDaddy Inc.,-5.49,14.29,66,67,22,Technology,EDP Services
CACI,CACI International Inc,-2.14,2.24,55,57,19,Technology,EDP Services
GBLBY,Groupe Bruxelles Lambert SA,-0.95,-13.33,7,32,37,Financial Services,Asset Management
ASEKF,Aisin Corporation,0.0,-9.27,30,94,1,Consumer Cyclical,Auto Parts
KLPEF,Klépierre SA,0.0,9.09,74,71,59,Real Estate,REIT - Retail
AIT,"Applied Industrial Technologies, Inc.",1.64,2.34,72,75,75,Consumer Discretionary,Industrial Specialties
MGM,MGM Resorts International,-0.37,-3.91,29,51,78,Consumer Discretionary,Hotels/Resorts
GBLBF,Groupe Bruxelles Lambert SA,0.0,-1.41,56,66,41,Financial Services,Asset Management
SKBSY,Skanska AB (publ),3.25,6.85,100,100,50,Industrials,Engineering & Construction
BMRN,BioMarin Pharmaceutical Inc.,-1.29,4.77,60,64,54,Health Care,Biotechnology: Pharmaceutical Preparations
SIEVF,D'Ieteren Group SA,10.25,12.53,100,100,42,Consumer Cyclical,Auto & Truck Dealerships
TRYIY,"Toray Industries, Inc.",4.11,6.14,100,100,47,Consumer Cyclical,Textile Manufacturing
PAG,"Penske Automotive Group, Inc.",-1.27,24.58,86,83,84,Consumer Discretionary,Retail-Auto Dealers and Gas Stations
BMNR,"Bitmine Immersion Technologies, Inc.",8.98,27.77,100,100,4,Finance,Finance: Consumer Services
QBCRF,Quebecor Inc.,0.0,-2.4,0,48,84,Communication Services,Telecom Services
CGNX,Cognex Corporation,8.3,-12.19,39,48,88,Industrials,Industrial Machinery/Components
SKUFF,AB SKF (publ),0.0,0.0,51,64,28,Industrials,Tools & Accessories
CLX,The Clorox Company,-2.91,0.32,52,59,22,Consumer Discretionary,Specialty Chemicals
IT,"Gartner, Inc.",-7.68,14.32,59,60,8,Consumer Discretionary,Other Consumer Services
GSAT,"Globalstar, Inc.",1.93,-1.07,100,81,94,Consumer Discretionary,Telecommunications Equipment
JEF,Jefferies Financial Group Inc.,-0.02,7.39,66,68,43,Finance,Investment Bankers/Brokers/Service
OBICY,OBICY,0.0,24.34,91,85,33,Technology,Software - Application
AKAAF,Aker ASA,0.0,11.5,100,100,97,Industrials,Conglomerates
CCK,"Crown Holdings, Inc.",-1.16,6.29,75,73,69,Industrials,Containers/Packaging
CLILF,CapitaLand Investment Limited,0.0,9.29,100,100,31,Real Estate,Real Estate Services
SGGEF,The Sage Group plc,3.53,25.12,100,100,22,Technology,Software - Application
ORKLY,Orkla ASA,1.27,3.82,92,81,36,Consumer Defensive,Packaged Foods
EHC,Encompass Health Corporation,-2.56,9.37,50,59,44,Health Care,Hospital/Nursing Management
EMBJ,EMBJ,0.67,8.4,83,80,57,Industrials,Aerospace
SKSBF,Skanska AB (publ),4.38,10.89,100,100,44,Industrials,Engineering & Construction
MAEOY,Manila Electric Company,0.0,0.0,100,100,49,Utilities,Utilities - Regulated Electric
FRT,Federal Realty Investment Trust,-1.34,3.06,58,63,74,Real Estate,Real Estate Investment Trusts
SUZ,Suzano S.A.,1.69,8.07,100,87,21,Basic Materials,Paper
SLLDY,Sanlam Limited,3.0,-0.84,46,86,41,Financial Services,Insurance - Life
DPZ,"Domino's Pizza, Inc.",-2.15,15.8,81,78,23,Consumer Discretionary,Food Distributors
WTS,"Watts Water Technologies, Inc.",2.37,-9.73,20,62,73,Industrials,Metal Fabrications
TMXXF,TMX Group Limited,0.63,13.14,91,84,27,Financial Services,Financial Data & Stock Exchanges
KHOLY,Koç Holding A.S.,-2.12,0.69,51,60,33,Industrials,Conglomerates
BMXXY,bioMérieux S.A.,-1.19,5.45,100,100,9,Healthcare,Diagnostics & Research
SGPYY,The Sage Group plc,-4.34,16.7,72,71,27,Technology,Software - Application
RKUNY,"Rakuten Group, Inc.",1.13,17.8,96,89,32,Consumer Cyclical,Internet Retail
SFD,"Smithfield Foods, Inc.",-2.74,9.11,66,67,59,Consumer Staples,Meat/Poultry/Fish
WTFCN,Wintrust Financial Corporation,0.11,0.67,58,66,43,Finance,Major Banks
ISUZY,Isuzu Motors Limited,3.13,16.79,100,99,59,Consumer Cyclical,Auto Manufacturers
MGYOY,MOL Magyar Olaj- és Gázipari Nyilvánosan Muködo Részvénytársaság,0.97,21.2,96,90,83,Energy,Oil & Gas Refining & Marketing
SNTMF,SenseTime Group Inc.,0.0,3.35,100,100,8,Technology,Software - Application
AAVXF,ABIVAX Société Anonyme,0.0,73.68,96,93,88,Healthcare,Biotechnology
FINGF,Finning International Inc.,1.44,-6.34,4,21,62,Industrials,Industrial Distribution
CHBAY,"The Chiba Bank, Ltd.",0.0,13.33,89,84,92,Financial Services,Banks - Regional
UMBFO,UMB Financial Corporation,0.23,-0.27,53,65,41,Finance,Major Banks
SMGZY,Smiths Group plc,3.49,4.94,99,100,47,Industrials,Specialty Industrial Machinery
SIRI,Sirius XM Holdings Inc.,-4.97,3.41,39,46,85,Consumer Discretionary,Broadcasting
MICC,The Magnum Ice Cream Company N.V.,2.74,3.59,100,94,80,Consumer Staples,Specialty Foods
ALBKY,Alpha Bank S.A.,2.61,3.42,100,93,70,Financial Services,Banks - Regional
BDOUY,"BDO Unibank, Inc.",5.34,4.75,72,76,26,Financial Services,Banks - Regional
HLI,"Houlihan Lokey, Inc.",-7.72,-6.97,0,5,7,Finance,Investment Managers
KAIKY,"Kawasaki Kisen Kaisha, Ltd.",0.0,22.04,92,87,67,Industrials,Marine Shipping
SNCAF,AtkinsRéalis Group Inc.,-1.37,-2.34,0,41,17,Industrials,Engineering & Construction
OGE,OGE Energy Corp.,-1.11,-1.26,0,38,45,Utilities,Electric Utilities: Central
R,"Ryder System, Inc.",-0.03,-2.94,0,47,81,Consumer Discretionary,Rental/Leasing Companies
PSHZF,"Pershing Square Holdings, Ltd.",2.48,0.28,61,88,17,,
AAL,American Airlines Group Inc.,3.98,-14.99,43,54,79,Consumer Discretionary,Air Freight/Delivery Services
SPIIY,SPIIY,1.27,2.22,17,38,34,Industrials,Engineering & Construction
FCFS,"FirstCash Holdings, Inc.",-0.14,-7.54,24,35,72,Consumer Discretionary,Other Specialty Stores
KKOYY,Kesko Oyj,0.97,15.14,95,89,51,Consumer Defensive,Grocery Stores
BXP,"BXP, Inc.",-1.78,5.77,70,70,62,Real Estate,Real Estate Investment Trusts
BROS,Dutch Bros Inc.,1.27,-10.75,29,55,62,Consumer Discretionary,Restaurants
MTLHY,Mitsubishi Chemical Group Corporation,0.0,10.96,73,72,76,Basic Materials,Specialty Chemicals
LUNR,"Intuitive Machines, Inc.",7.55,-39.36,8,7,6,Industrials,Industrial Machinery/Components
GME,GameStop Corp.,0.18,-3.36,43,68,22,Consumer Discretionary,Electronics Distribution
BAH,Booz Allen Hamilton Holding Corporation,-2.65,13.83,58,62,11,Consumer Discretionary,Professional Services
TRYIF,"Toray Industries, Inc.",0.0,0.0,51,64,38,Consumer Cyclical,Textile Manufacturing
MKTAY,Makita Corporation,-0.71,-5.5,0,23,38,Industrials,Tools & Accessories
HLLGY,HELLA GmbH & Co. KGaA,0.0,0.0,51,64,24,Consumer Cyclical,Auto Parts
NCLTY,"Nitori Holdings Co., Ltd.",3.42,18.16,100,100,50,Consumer Cyclical,"Furnishings, Fixtures & Appliances"
CART,Maplebear Inc.,-1.95,-0.18,44,53,51,Consumer Discretionary,Business Services
MASI,Masimo Corporation,0.0,0.0,0,0,35,Health Care,Biotechnology: Electromedical & Electrotherapeutic Apparatus
SIMO,Silicon Motion Technology Corporation,21.66,-19.52,39,42,97,Technology,Semiconductors
ONBPP,Old National Bancorp,0.51,1.33,64,69,43,Finance,Major Banks
SSB,SouthState Bank Corporation,-0.43,3.86,79,74,56,Finance,Major Banks
ASGLY,AGC Inc.,-0.67,-15.01,2,24,54,Industrials,Conglomerates
ACLIF,Accelleron Industries AG,0.0,1.66,100,100,60,Industrials,Specialty Industrial Machinery
MAKSF,Marks and Spencer Group plc,0.0,16.9,90,85,52,Consumer Cyclical,Department Stores
DDS,"Dillard's, Inc.",2.23,11.7,100,95,53,Consumer Discretionary,Department/Specialty Retail Stores
SUMCF,Sumco Corporation,4.18,-29.12,3,1,94,Technology,Semiconductor Equipment & Materials
RRC,Range Resources Corporation,-0.9,6.98,82,78,38,Energy,Oil & Gas Production
IESFY,Interconexión Eléctrica S.A. E.S.P.,-0.33,0.0,70,78,83,Utilities,Utilities - Regulated Electric
NRKBF,NKT A/S,0.0,0.0,100,100,88,Industrials,Electrical Equipment & Parts
JSNSF,J Sainsbury plc,0.85,7.43,56,69,46,Consumer Defensive,Grocery Stores
CUBE,CubeSmart,-2.8,2.77,51,58,48,Real Estate,Real Estate Investment Trusts
LGN,Legence Corp.,12.68,-25.24,26,26,76,Consumer Discretionary,Engineering & Construction
GMWKF,Games Workshop Group PLC,-1.98,-4.88,0,30,59,Consumer Cyclical,Leisure
MSGS,Madison Square Garden Sports Corp.,1.64,2.5,100,87,91,Consumer Discretionary,Services-Misc. Amusement & Recreation
SNEX,StoneX Group Inc.,7.7,-5.91,75,96,91,Finance,Investment Bankers/Brokers/Service
BRKR,Bruker Corporation,4.21,6.1,100,100,94,Industrials,Biotechnology: Laboratory Analytical Instruments
INPOY,InPost S.A.,-0.46,1.74,84,100,58,Industrials,Integrated Freight & Logistics
DTCWY,Deutsche Wohnen SE,0.0,2.85,73,72,21,Real Estate,Real Estate Services
LEVI,Levi Strauss & Co.,-0.49,0.86,54,64,67,Consumer Discretionary,Apparel
ALGM,"Allegro MicroSystems, Inc.",-1.8,-34.41,0,0,60,Technology,Semiconductors
SHZHY,Shenzhou International Group Holdings Limited,1.04,15.61,95,87,11,Consumer Cyclical,Textile Manufacturing
PSORF,Pearson plc,0.0,0.0,51,64,61,Communication Services,Publishing
NSANF,"Nissan Motor Co., Ltd.",1.86,9.5,98,92,24,Consumer Cyclical,Auto Manufacturers
ALNPY,ANA Holdings Inc.,-9.02,-4.85,20,26,29,Industrials,Airlines
WTCHF,WiseTech Global Limited,0.0,21.37,76,95,3,Technology,Software - Application
TKHVY,Türk Hava Yollari Anonim Ortakligi,0.0,-2.24,28,52,37,Industrials,Airlines
INPOF,InPost S.A.,0.0,0.0,100,100,76,Industrials,Integrated Freight & Logistics
NUVL,Nuvalent Inc,0.0,0.0,51,38,35,Health Care,Biotechnology: Pharmaceutical Preparations
SPHXF,"SM Prime Holdings, Inc.",0.0,5.82,100,100,1,Real Estate,Real Estate - Diversified
NSANY,"Nissan Motor Co., Ltd.",3.2,17.75,100,100,31,Consumer Cyclical,Auto Manufacturers
EMN,Eastman Chemical Company,4.15,4.44,100,100,41,Industrials,Major Chemicals
RTLLF,RATIONAL Aktiengesellschaft,-0.87,8.41,79,76,33,Industrials,Specialty Industrial Machinery
NCLTF,"Nitori Holdings Co., Ltd.",0.0,-12.52,5,26,9,Consumer Cyclical,"Furnishings, Fixtures & Appliances"
XP,XP Inc.,5.46,6.3,100,100,28,Finance,Investment Bankers/Brokers/Service
PSPSF,PSP Swiss Property AG,0.0,0.0,51,64,31,Real Estate,Real Estate Services
WIGBY,WiseTech Global Limited,0.0,6.97,100,100,2,Technology,Software - Application
ICL,ICL Group Ltd,1.57,2.98,74,83,19,Industrials,Agricultural Chemicals
GGAL,Grupo Financiero Galicia S.A.,5.01,5.22,70,100,55,Finance,Commercial Banks
CFR,"Cullen/Frost Bankers, Inc.",-2.06,4.97,63,65,73,Finance,Major Banks
WRFRF,Wharf Real Estate Investment Company Limited,0.0,0.0,100,100,54,Real Estate,Real Estate Services
FR,"First Industrial Realty Trust, Inc.",0.99,7.09,58,79,68,Real Estate,Real Estate Investment Trusts
KT,KT Corporation,0.71,7.07,81,79,20,Telecommunications,Telecommunications Equipment
ACKDF,Auckland International Airport Limited,-4.78,4.18,26,40,41,Industrials,Airports & Air Services
CMC,Commercial Metals Company,0.47,12.13,81,80,52,Industrials,Steel/Iron Ore
NCLH,Norwegian Cruise Line Holdings Ltd.,-9.78,-9.43,12,26,22,Consumer Discretionary,Marine Transportation
BRRLY,Barry Callebaut AG,1.61,0.47,59,100,28,Consumer Defensive,Confectioners
HLTOY,Hellenic Telecommunications Organization S.A.,1.39,7.84,97,87,76,Communication Services,Telecom Services
RYAN,"Ryan Specialty Holdings, Inc.",-5.14,10.14,62,61,36,Finance,Specialty Insurers
AIXXF,AIXTRON SE,7.29,-29.51,12,11,94,Technology,Semiconductor Equipment & Materials
ENS,EnerSys,4.71,-16.2,17,13,78,Technology,Industrial Machinery/Components
NEMKY,Nemetschek SE,2.36,17.71,100,100,12,Technology,Software - Application
BYCBF,Barry Callebaut AG,0.0,1.08,63,67,29,Consumer Defensive,Confectioners
AIIXY,AIXTRON SE,0.0,-37.59,0,0,91,Technology,Semiconductor Equipment & Materials
YAMHF,"Yamaha Motor Co., Ltd.",0.0,17.93,90,85,71,Consumer Cyclical,Auto Manufacturers
NEMTF,Nemetschek SE,0.0,0.0,100,100,3,Technology,Software - Application
BLDR,"Builders FirstSource, Inc.",-2.58,-22.13,0,0,3,Consumer Discretionary,RETAIL: Building Materials
FNMAN,Federal National Mortgage Association,0.07,-7.59,41,61,7,Financial Services,Mortgage Finance
FNMAK,Federal National Mortgage Association,0.0,-8.2,52,70,6,Financial Services,Mortgage Finance
FNMAT,Federal National Mortgage Association,0.24,-4.48,58,75,7,Financial Services,Mortgage Finance
FNMFM,Federal National Mortgage Association,0.0,-13.89,7,13,3,Financial Services,Mortgage Finance
FNMAS,Federal National Mortgage Association,1.72,-9.3,50,96,8,Financial Services,Mortgage Finance
XNGSF,ENN Energy Holdings Limited,2.74,22.95,100,97,6,Utilities,Utilities - Regulated Gas
KBDCF,Kingboard Holdings Limited,0.0,0.0,100,100,99,Industrials,Conglomerates
AGCO,AGCO Corporation,-7.78,-8.07,0,1,28,Industrials,Industrial Machinery/Components
FITGF,FIT Hon Teng Limited,-13.11,-32.69,0,0,28,Technology,Electronic Components
NEXNY,Nexans S.A.,4.62,-6.17,46,89,36,Industrials,Electrical Equipment & Parts
MLSPF,Melrose Industries PLC,-2.59,1.43,36,52,15,Industrials,Specialty Industrial Machinery
STJPF,St. James's Place plc,0.0,-10.18,0,0,10,Financial Services,Asset Management
AMG,"Affiliated Managers Group, Inc.",1.5,8.47,79,80,86,Finance,Investment Managers
WILYY,Demant A/S,0.0,0.0,51,64,68,Healthcare,Medical Devices
SKPJY,SKY Perfect JSAT Corporation,0.0,-12.84,11,32,98,Communication Services,Broadcasting
SKPJF,SKY Perfect JSAT Corporation,0.0,0.0,100,100,18,Communication Services,Broadcasting
KLYCY,Kunlun Energy Company Limited,0.0,11.85,69,76,28,Energy,Oil & Gas Refining & Marketing
HALO,"Halozyme Therapeutics, Inc.",0.02,8.17,87,82,80,Health Care,Biotechnology: Biological Products (No Diagnostic Substances)
IBRX,"ImmunityBio, Inc.",9.08,-19.02,21,22,95,Health Care,Biotechnology: Biological Products (No Diagnostic Substances)
CAMT,Camtek Ltd.,8.08,-11.74,30,35,31,Technology,Electronic Components
SSL,Sasol Limited,1.47,22.11,84,92,90,Energy,Oil & Gas Production
TOTDF,TOTO LTD.,0.0,-21.11,2,3,89,Industrials,Building Products & Equipment
TOPPY,TOPPAN Holdings Inc.,1.26,-21.26,28,30,28,Industrials,Conglomerates
SDXOF,Sodexo S.A.,0.0,12.86,88,83,66,Industrials,Specialty Business Services
VIRT,"Virtu Financial, Inc.",2.12,-4.16,35,52,88,Finance,Investment Bankers/Brokers/Service
ALBHF,Alibaba Health Information Technology Limited,0.0,4.28,64,76,4,Healthcare,Pharmaceutical Retailers
CLF,Cleveland-Cliffs Inc.,2.2,23.46,80,81,35,Basic Materials,Metal Mining
PDI,PIMCO Dynamic Income Fund,1.19,-2.36,37,67,29,Finance,Trusts Except Educational Religious and Charitable
PTBRY,PT Bank Negara Indonesia (Persero) Tbk,2.9,5.28,52,74,11,Financial Services,Banks - Regional
SCABY,Svenska Cellulosa Aktiebolaget SCA (publ),0.0,13.22,100,100,20,Basic Materials,Paper & Paper Products
VLVCY,Volvo Car AB (publ.),3.03,9.38,72,100,9,Consumer Cyclical,Auto Manufacturers
VLYPP,Valley National Bancorp,-0.08,1.01,56,65,42,Finance,Major Banks
VLY,Valley National Bancorp,0.28,-3.24,0,55,76,Finance,Major Banks
VLVOF,Volvo Car AB (publ.),0.0,-1.28,0,13,7,Consumer Cyclical,Auto Manufacturers
ECG,"Everus Construction Group, Inc.",12.61,-18.59,38,43,73,Consumer Discretionary,Homebuilding
RGEDF,Gedeon Richter PLC,-1.35,-6.33,44,100,1,Healthcare,Drug Manufacturers - Specialty & Generic
KEX,Kirby Corporation,0.97,1.05,15,33,49,Consumer Discretionary,Marine Transportation
WJRYY,West Japan Railway Company,-1.93,16.34,79,76,29,Industrials,Railroads
PLLIF,Pirelli & C. S.p.A.,0.0,23.02,100,100,72,Consumer Cyclical,Auto Parts
UGI,UGI Corporation,-1.47,5.3,57,64,35,Utilities,Natural Gas Distribution
CHOLF,China Oilfield Services Limited,0.0,0.0,51,64,18,Energy,Oil & Gas Equipment & Services
CORT,Corcept Therapeutics Incorporated,27.29,33.73,100,100,97,Health Care,Biotechnology: Pharmaceutical Preparations
FLY,Firefly Aerospace Inc.,13.73,-28.48,20,20,3,Industrials,Military/Government/Technical
CHRD,Chord Energy Corporation,1.3,23.85,96,92,74,Energy,Oil & Gas Production
NE,Noble Corporation plc,1.05,11.76,69,77,66,Energy,Oil & Gas Production
ATR,"AptarGroup, Inc.",-1.38,7.26,73,72,42,Industrials,Plastic Products
VOYA,"Voya Financial, Inc.",1.47,8.15,97,84,83,Finance,Life Insurance
HQY,"HealthEquity, Inc.",-3.02,9.43,63,65,64,Consumer Discretionary,Business Services
HULCF,"Hulic Co., Ltd.",0.0,0.0,100,100,1,Real Estate,Real Estate Services
THNPY,Technip Energies N.V.,-8.74,-8.16,0,0,11,Energy,Oil & Gas Equipment & Services
CDP,COPT Defense Properties,0.71,4.47,87,80,84,Real Estate,Real Estate Investment Trusts
STAG,"STAG Industrial, Inc.",-0.95,0.52,7,40,45,Real Estate,Real Estate Investment Trusts
JXN,Jackson Financial Inc.,1.2,16.62,84,90,67,Finance,Life Insurance
PLXS,Plexus Corp.,0.62,-16.6,0,5,86,Technology,Electrical Products
NOV,NOV Inc.,1.26,6.63,53,63,66,Consumer Discretionary,Oil and Gas Field Machinery
SHTDF,Sinopharm Group Co. Ltd.,0.0,0.0,51,64,19,Healthcare,Medical Distribution
TSUKF,"Toyo Suisan Kaisha, Ltd.",0.0,1.88,100,100,9,Consumer Defensive,Packaged Foods
NEU,NewMarket Corporation,10.08,10.36,100,100,79,Industrials,Major Chemicals
UMICY,Umicore SA,6.5,4.48,100,100,77,Industrials,Waste Management
CIG,Companhia Energética de Minas Gerais - CEMIG,2.36,7.05,81,88,47,Utilities,Electric Utilities: Central
ESAIY,"Eisai Co., Ltd.",1.29,24.6,98,91,50,Healthcare,Drug Manufacturers - Specialty & Generic
SPXSF,Spirax Group plc,0.0,2.71,72,71,44,Industrials,Specialty Industrial Machinery
SNROF,"Sanrio Company, Ltd.",0.0,33.55,91,86,4,Consumer Cyclical,Specialty Retail
MIDD,The Middleby Corporation,0.23,-3.51,30,64,67,Industrials,Industrial Machinery/Components
JBTM,JBT Marel Corporation,-0.56,-3.19,61,64,49,Industrials,Industrial Machinery/Components
SHMXY,SHMXY,0.0,17.65,100,100,57,Technology,Scientific & Technical Instruments
CEVMY,CTS Eventim AG & Co. KGaA,0.0,19.4,89,83,13,Communication Services,Entertainment
LGFRY,Longfor Group Holdings Limited,-2.1,15.21,79,76,8,Real Estate,Real Estate - Development
RIG,Transocean Ltd.,2.63,4.31,42,61,54,Energy,Oil & Gas Production
SPXSY,Spirax Group plc,3.1,6.02,100,99,42,Industrials,Specialty Industrial Machinery
TTAN,"ServiceTitan, Inc.",-5.17,7.88,65,63,35,Technology,Computer Software: Prepackaged Software
MTLPF,MTLPF,2.71,28.19,94,96,24,,
EXP,Eagle Materials Inc.,-2.11,-6.24,19,37,26,Industrials,Building Materials
DKDRF,NewMed Energy - Limited Partnership,0.0,9.43,100,100,45,Energy,Oil & Gas E&P
SNROY,SNROY,0.0,0.7,100,100,39,Consumer Cyclical,Specialty Retail
SRUUF,Sprott Physical Uranium Trust Fund,1.48,-1.9,45,64,26,Energy,Uranium
AACAY,AAC Technologies Holdings Inc.,-2.44,-12.25,8,43,29,Technology,Communication Equipment
HXL,Hexcel Corporation,-2.56,4.91,41,53,83,Industrials,Major Chemicals
UEC,Uranium Energy Corp.,7.74,-7.68,36,54,8,Basic Materials,Other Metals and Minerals
ASXFF,ASX Limited,1.74,0.26,47,61,30,Financial Services,Financial Data & Stock Exchanges
KGS,"Kodiak Gas Services, Inc.",5.93,-19.53,17,14,85,Utilities,Natural Gas Distribution
SHTDY,Sinopharm Group Co. Ltd.,-0.33,10.07,77,74,26,Healthcare,Medical Distribution
VFC,V.F. Corporation,-0.8,-11.11,0,0,21,Industrials,Garments and Clothing
KIGRY,KION GROUP AG,-3.92,2.4,29,45,10,Industrials,Farm & Heavy Construction Machinery
PUODY,"Promotora y Operadora de Infraestructura, S. A. B. de C. V.",0.0,2.2,71,71,63,Industrials,Infrastructure Operations
PNDRY,PNDRY,-0.13,9.01,81,77,83,Consumer Cyclical,Luxury Goods
PAYC,"Paycom Software, Inc.",-4.38,20.57,71,70,42,Technology,Computer Software: Prepackaged Software
LAD,"Lithia Motors, Inc.",-5.25,39.52,78,76,84,Consumer Discretionary,Retail-Auto Dealers and Gas Stations
RKGRY,RKGRY,0.0,9.93,97,100,19,Industrials,Aerospace & Defense
POOL,Pool Corporation,-1.43,-11.6,19,33,9,Consumer Discretionary,Industrial Specialties
KCDMY,"Kimberly-Clark de México, S. A. B. de C. V.",0.34,5.9,85,80,61,Consumer Defensive,Household & Personal Products
ROAD,"Construction Partners, Inc.",-2.25,-6.79,61,66,20,Industrials,Military/Government/Technical
FBASF,Fibra UNO,0.0,3.15,88,83,57,Real Estate,REIT - Diversified
YTLCF,YTLCF,0.0,0.0,100,100,63,Utilities,Utilities - Diversified
INGM,Ingram Micro Holding Corporation,0.9,11.85,95,89,78,Technology,Retail: Computer Software & Peripheral Equipment
CENX,Century Aluminum Company,5.2,4.3,67,76,68,Industrials,Aluminum
FSS,Federal Signal Corporation,11.34,-2.38,60,89,50,Industrials,Auto Manufacturing
KGFHY,Kingfisher plc,1.82,10.99,100,92,53,Consumer Cyclical,Home Improvement Retail
SSRM,SSR Mining Inc.,6.68,-7.46,30,44,75,Industrials,Precious Metals
ASXFY,ASX Limited,0.62,7.41,88,87,31,Financial Services,Financial Data & Stock Exchanges
DELHF,De'Longhi S.p.A.,0.0,0.0,100,100,57,Consumer Cyclical,"Furnishings, Fixtures & Appliances"
ETSY,"Etsy, Inc.",-2.84,14.17,70,70,78,Consumer Discretionary,Business Services
HBRIY,Harbour Energy plc,1.52,9.9,59,69,46,Energy,Oil & Gas E&P
PTGX,"Protagonist Therapeutics, Inc.",4.24,10.76,84,100,95,Health Care,Biotechnology: Pharmaceutical Preparations
INGR,Ingredion Incorporated,-1.39,4.93,57,63,16,Consumer Staples,Packaged Foods
FLR,Fluor Corporation,6.92,-0.56,42,56,32,Industrials,Military/Government/Technical
SYRE,"Spyre Therapeutics, Inc.",3.71,14.19,94,97,98,Health Care,Biotechnology: Pharmaceutical Preparations
KIROY,Kumba Iron Ore Limited,3.04,-9.67,27,50,17,Basic Materials,Steel
VNO,Vornado Realty Trust,-1.23,0.22,68,69,73,Real Estate,Real Estate Investment Trusts
MSSMY,MISUMI Group Inc.,0.0,-16.08,0,0,72,Industrials,Tools & Accessories
NNCHY,Nissan Chemical Corporation,0.0,-9.45,13,43,66,Basic Materials,Chemicals
MAC,The Macerich Company,-2.38,0.2,53,60,85,Real Estate,Real Estate Investment Trusts
DFILF,DFI Retail Group Holdings Limited,0.0,0.0,51,64,66,Consumer Defensive,Grocery Stores
AN,"AutoNation, Inc.",-6.67,16.45,60,61,46,Consumer Discretionary,Retail-Auto Dealers and Gas Stations
WWNTY,Want Want China Holdings Limited,0.0,-16.55,100,100,5,Consumer Defensive,Packaged Foods
USAR,"USA Rare Earth, Inc.",12.09,-26.68,23,24,10,Basic Materials,Metal Mining
AVTR,"Avantor, Inc.",-3.62,38.46,84,82,84,Industrials,Biotechnology: Laboratory Analytical Instruments
FNB,F.N.B. Corporation,-0.05,-2.26,67,67,64,Finance,Major Banks
CAR,"Avis Budget Group, Inc.",-1.84,3.44,0,23,25,Consumer Discretionary,Rental/Leasing Companies
MIRM,"Mirum Pharmaceuticals, Inc.",4.67,-6.53,17,13,89,Health Care,Biotechnology: Pharmaceutical Preparations
KTWIY,Kurita Water Industries Ltd.,-1.59,-13.68,0,0,99,Industrials,Pollution & Treatment Controls
PCTY,Paylocity Holding Corporation,-5.58,22.8,70,69,40,Technology,Computer Software: Prepackaged Software
GTX,Garrett Motion Inc.,7.75,-7.68,50,73,95,Consumer Discretionary,Auto Parts:O.E.M.
YPHDF,Ypsomed Holding AG,0.0,9.81,100,100,62,Healthcare,Medical Instruments & Supplies
EAT,"Brinker International, Inc.",2.01,21.96,100,94,88,Consumer Discretionary,Restaurants
RRR,"Red Rock Resorts, Inc.",-1.04,1.15,56,63,64,Consumer Discretionary,Hotels/Resorts
BMA,Banco Macro S.A.,3.78,5.68,68,96,73,Finance,Commercial Banks
MTHRY,"M3, Inc.",-1.33,10.24,73,69,44,Healthcare,Health Information Services
PHJMF,PT Hanjaya Mandala Sampoerna Tbk,0.0,-20.0,26,29,10,Consumer Defensive,Tobacco
HIMS,"Hims & Hers Health, Inc.",8.16,-28.03,13,12,11,Health Care,Medical/Nursing Services
LOAR,Loar Holdings Inc.,2.6,-14.98,5,10,48,Industrials,Military/Government/Technical
GLAPF,Glanbia plc,0.0,-6.98,8,36,88,Consumer Defensive,Packaged Foods
SCCTY,Scout24 SE,-1.31,2.94,76,73,13,Communication Services,Internet Content & Information
CACC,Credit Acceptance Corporation,-0.19,-15.26,1,2,61,Finance,Finance: Consumer Services
UBSI,"United Bankshares, Inc.",-1.06,3.03,71,70,74,Finance,Major Banks
LNSPF,LondonMetric Property Plc,0.0,0.82,55,65,23,Real Estate,REIT - Industrial
LW,"Lamb Weston Holdings, Inc.",-0.8,20.23,87,83,53,Consumer Staples,Packaged Foods
SLFPY,Aberdeen Group Plc,0.0,4.57,78,75,71,Financial Services,Asset Management
TVAVF,The Tel-Aviv Stock Exchange Ltd.,0.0,-9.24,31,67,82,Financial Services,Financial Data & Stock Exchanges
RSI,"Rush Street Interactive, Inc.",-13.03,-14.4,0,0,83,Consumer Discretionary,Services-Misc. Amusement & Recreation
SIGCY,SIG Group AG,1.63,12.46,99,92,79,Consumer Cyclical,Packaging & Containers
TAL,TAL Education Group,13.31,23.4,100,100,58,Real Estate,Other Consumer Services
FLG,"Flagstar Bank, National Association",1.21,-5.0,32,43,57,Finance,Banks
SQNNY,"Square Enix Holdings Co., Ltd.",-0.86,25.45,90,86,40,Communication Services,Electronic Gaming & Multimedia
JBHIF,JB Hi-Fi Limited,0.0,0.0,100,100,11,Consumer Cyclical,Specialty Retail
ACT,"Enact Holdings, Inc.",-1.76,4.63,68,69,73,Finance,Specialty Insurers
BEPC,Brookfield Renewable Corporation,3.18,-9.82,17,43,20,Utilities,Electric Utilities: Central
POR,Portland General Electric Company,-0.42,-2.66,0,32,50,Utilities,Electric Utilities: Central
BLTE,"Belite Bio, Inc",4.91,12.37,100,100,89,Health Care,Biotechnology: Pharmaceutical Preparations
DFYFF,DFYFF,0.0,8.19,100,100,55,Financial Services,Insurance - Property & Casualty
ACMR,"ACM Research, Inc.",20.44,-32.87,32,34,95,Technology,Industrial Machinery/Components
COIHY,Croda International Plc,3.0,10.44,100,98,69,Basic Materials,Specialty Chemicals
TFX,Teleflex Incorporated,-1.75,1.97,46,56,51,Health Care,Medical/Dental Instruments
COCSF,"Coca-Cola FEMSA, S.A.B. de C.V.",-0.93,0.77,76,74,67,Consumer Defensive,Beverages - Non-Alcoholic
BURBY,Burberry Group plc,1.83,13.65,100,92,34,Consumer Cyclical,Luxury Goods
NOVT,Novanta Inc.,0.83,-15.14,0,0,54,Miscellaneous,Industrial Machinery/Components
GIGNY,Genting Singapore Limited,0.0,13.16,87,83,20,Consumer Cyclical,Resorts & Casinos
SBSNY,Vend Marketplaces ASA,0.08,-0.43,69,76,14,Communication Services,Internet Content & Information
S,"SentinelOne, Inc.",-0.65,4.6,43,66,63,Technology,Computer Software: Prepackaged Software
ESAB,ESAB Corporation,-0.97,-8.53,21,40,9,Industrials,Industrial Machinery/Components
TKMSF,TKMS AG & Co KGaA,0.0,-3.59,48,60,55,Unknown,Unknown
DELKY,Delek Group Ltd.,0.0,5.0,82,80,43,Energy,Oil & Gas E&P
ARGTF,Artemis Gold Inc.,1.45,8.41,66,85,29,Basic Materials,Other Precious Metals & Mining
XYIGY,Xinyi Glass Holdings Limited,8.98,8.53,100,100,40,Basic Materials,Building Materials
SKSUF,"Sekisui Chemical Co., Ltd.",0.0,1.46,100,100,1,Industrials,Conglomerates
BLCO,Bausch + Lomb Corporation,4.88,2.66,93,100,54,Health Care,Ophthalmic Goods
NSLYF,Nestlé (Malaysia) Berhad,0.0,0.0,100,100,38,Consumer Defensive,Packaged Foods
KRG,Kite Realty Group Trust,0.31,3.27,61,73,74,Real Estate,Real Estate Investment Trusts
LINRF,Liontown Limited,-8.39,-37.83,0,0,8,Basic Materials,Other Industrial Metals & Mining
HPHTY,Hamamatsu Photonics K.K.,0.0,-10.61,21,63,76,Technology,Electronic Components
ZEGLF,ZEGLF,0.0,-11.12,23,63,10,Communication Services,Telecom Services
SRTTY,"ZOZO, Inc.",0.0,3.06,76,77,20,Consumer Cyclical,Internet Retail
ALM,Almonty Industries Inc.,6.58,-26.83,10,8,90,Basic Materials,Other Metals and Minerals
CGON,"CG Oncology, Inc.",5.66,3.02,84,92,93,Health Care,Biotechnology: Biological Products (No Diagnostic Substances)
MATX,"Matson, Inc.",0.9,-0.13,27,46,91,Consumer Discretionary,Marine Transportation
AUOTY,AUO Corporation,-5.75,-26.26,0,0,89,Technology,Electronic Components
TMSNY,Temenos AG,0.67,-1.72,72,82,26,Technology,Software - Application
TMHC,Taylor Morrison Home Corp,0.44,1.22,89,100,65,Consumer Discretionary,Homebuilding
JDSPY,JD Sports Fashion Plc,-2.42,14.36,79,77,70,Consumer Cyclical,Apparel Retail
WILWY,Wallenius Wilhelmsen ASA,0.0,0.0,100,100,86,Industrials,Marine Shipping
NAVN,"Navan, Inc.",0.56,10.14,81,87,92,Technology,Computer Software: Prepackaged Software
AUB,Atlantic Union Bankshares Corporation,-0.8,-2.11,63,65,71,Finance,Major Banks
HPHTF,Hamamatsu Photonics K.K.,0.0,-7.12,29,46,71,Technology,Electronic Components
GAERF,"Grupo Aeroportuario del Centro Norte, S.A.B. de C.V.",0.0,-10.03,14,32,98,Industrials,Airports & Air Services
RANJF,Randstad N.V.,0.0,17.27,91,86,59,Industrials,Staffing & Employment Services
LPX,Louisiana-Pacific Corporation,-2.31,-8.58,24,43,18,Basic Materials,Forest Products
MTG,MGIC Investment Corporation,-0.43,8.25,82,78,59,Finance,Property-Casualty Insurers
GCHEF,"Grupo Comercial Chedraui, S.A.B. de C.V.",0.0,-2.16,55,100,19,Consumer Defensive,Grocery Stores
RUSHA,"Rush Enterprises, Inc.",-2.07,11.06,73,70,83,Consumer Discretionary,Retail-Auto Dealers and Gas Stations
CNVVY,Convatec Group PLC,2.11,9.47,100,93,42,Healthcare,Medical Instruments & Supplies
XENE,Xenon Pharmaceuticals Inc.,1.73,6.45,43,70,91,Health Care,Biotechnology: Pharmaceutical Preparations
DLB,"Dolby Laboratories, Inc.",-1.45,-1.54,71,70,10,Miscellaneous,Multi-Sector Companies
BB,BlackBerry Limited,8.07,-34.11,14,13,96,Technology,Computer Software: Prepackaged Software
CRC,California Resources Corporation,0.95,-1.31,33,58,24,Energy,Oil & Gas Production
ZHEXF,"Zhejiang Expressway Co., Ltd.",-1.16,11.84,72,74,17,Industrials,Infrastructure Operations
GTLB,GitLab Inc.,-0.91,6.95,79,73,50,Technology,Computer Software: Prepackaged Software
CWST,"Casella Waste Systems, Inc.",-1.08,-6.15,0,23,33,Utilities,Environmental Services
SMFRF,"Sumitomo Forestry Co., Ltd.",0.0,-6.55,48,100,1,Consumer Cyclical,Residential Construction
VSEC,VSE Corporation,3.55,-16.22,7,2,63,Consumer Discretionary,Military/Government/Technical
ARKAF,Arkema S.A.,0.0,-0.25,47,63,60,Basic Materials,Specialty Chemicals
DUOL,"Duolingo, Inc.",-4.69,10.22,63,61,15,Technology,Computer Software: Prepackaged Software
IIDDY,IGO Limited,0.0,-18.81,11,28,45,Basic Materials,Other Industrial Metals & Mining
SIGIP,"Selective Insurance Group, Inc.",-0.25,-1.26,33,58,27,Finance,Property-Casualty Insurers
CGHOF,China Gas Holdings Limited,0.0,0.0,51,64,38,Utilities,Utilities - Regulated Gas
AUTSF,AUTSF,0.0,6.76,24,18,89,,
ALK,"Alaska Air Group, Inc.",3.05,-7.82,47,69,46,Consumer Discretionary,Air Freight/Delivery Services
DLPTF,"Liaoning Port Co., Ltd.",0.0,0.0,51,64,44,Industrials,Marine Shipping
KYSEF,"Kyushu Electric Power Company, Incorporated",0.0,6.76,100,100,1,Utilities,Utilities - Independent Power Producers
USSJY,"USS Co., Ltd.",0.0,0.19,100,100,61,Consumer Cyclical,Auto & Truck Dealerships
SMBMF,Seatrium Limited,0.0,9.37,100,100,32,Energy,Oil & Gas Equipment & Services
BCPC,Balchem Corporation,-0.6,-3.65,43,61,33,Industrials,Major Chemicals
TCLHF,TCL Electronics Holdings Limited,0.0,15.25,90,85,87,Technology,Consumer Electronics
XMTR,"Xometry, Inc.",4.87,-11.35,12,7,96,Consumer Discretionary,Business Services
IEP,Icahn Enterprises L.P.,1.58,7.38,81,80,47,Consumer Discretionary,Auto Parts:O.E.M.
HCC,"Warrior Met Coal, Inc.",1.75,2.73,61,82,53,Energy,Coal Mining
PUMSY,PUMA SE,-1.83,6.12,63,65,72,Consumer Cyclical,Footwear & Accessories
KOTMY,"Koito Manufacturing Co., Ltd.",0.0,5.43,88,79,51,Consumer Cyclical,Auto Parts
NNNN,Anbio Biotechnology,-7.25,-12.92,49,59,1,Health Care,Biotechnology: In Vitro & In Vivo Diagnostic Substances
NTSK,"Netskope, Inc.",1.17,3.77,31,42,14,Technology,Computer Software: Prepackaged Software
PAM,Pampa Energía S.A.,4.33,10.93,93,100,51,Utilities,Electric Utilities: Central
BECTY,Bechtle AG,16.05,18.64,100,100,54,Technology,Information Technology Services
DNTUY,Dentsu Group Inc.,0.0,13.27,83,78,49,Communication Services,Advertising Agencies
OGS,"ONE Gas, Inc.",-2.16,2.35,53,60,30,Utilities,Oil/Gas Transmission
GBTG,"Global Business Travel Group, Inc.",0.0,0.21,54,64,89,Consumer Discretionary,Transportation Services
KYSEY,"Kyushu Electric Power Company, Incorporated",5.87,11.73,80,79,60,Utilities,Utilities - Independent Power Producers
IPGP,IPG Photonics Corporation,5.85,-25.79,13,10,19,Technology,Semiconductors
LBRDP,LBRDP,-0.78,-0.55,34,56,28,Telecommunications,Cable & Other Pay Television Services
XNDU,Xanadu Quantum Technologies Limited,13.03,-7.0,64,90,31,Technology,Computer Manufacturing
AMVIF,AMVIF,-2.66,-12.38,56,66,25,,
CGHLY,China Gas Holdings Limited,0.0,0.28,79,75,9,Utilities,Utilities - Regulated Gas
SITE,"SiteOne Landscape Supply, Inc.",1.25,-13.52,0,0,8,Consumer Discretionary,Professional and commerical equipment
EIFZF,Exchange Income Corporation,0.0,-5.01,0,51,88,Industrials,Airlines
NEXXY,Nexi S.p.A.,3.5,10.26,100,100,63,Technology,Software - Infrastructure
AYYLF,Ayala Corporation,0.0,13.92,89,84,19,Industrials,Conglomerates
CNX,CNX Resources Corporation,-0.26,3.19,83,78,31,Energy,Oil & Gas Production
MTN,"Vail Resorts, Inc.",-4.49,12.08,56,60,64,Consumer Discretionary,Services-Misc. Amusement & Recreation
KVYO,"Klaviyo, Inc.",-5.27,12.16,66,63,9,Technology,Computer Software: Prepackaged Software
QNTPF,XtalPi Holdings Limited,-9.95,-29.35,25,36,11,,
DNLZY,Dyno Nobel Limited,0.78,-4.02,40,66,77,Basic Materials,Specialty Chemicals
ATAT,Atour Lifestyle Holdings Limited,-3.09,4.17,68,68,25,Consumer Discretionary,Hotels/Resorts
CHEOY,Cochlear Limited,1.79,6.14,87,89,11,Healthcare,Medical Devices
NNI,"Nelnet, Inc.",-1.7,0.75,57,60,39,Finance,Finance: Consumer Services
AMVOY,AMVOY,17.23,14.2,100,100,61,Consumer Cyclical,Auto Parts
PUTKY,PT United Tractors Tbk,-1.25,8.06,35,50,13,Basic Materials,Other Industrial Metals & Mining
SEPLF,SEPLF,0.0,15.49,100,100,97,Energy,Oil & Gas E&P
RIOCF,RioCan Real Estate Investment Trust,-0.62,0.38,46,62,61,Real Estate,REIT - Retail
GSISF,Genesis Minerals Limited,0.43,18.29,100,100,50,Basic Materials,Gold
SMR,NuScale Power Corporation,13.31,-15.27,48,61,2,Industrials,Metal Fabrications
FCN,"FTI Consulting, Inc.",-3.74,9.81,55,60,24,Consumer Discretionary,Professional Services
UNF,UniFirst Corporation,-2.52,10.15,68,68,90,Consumer Discretionary,Other Consumer Services
RLI,RLI Corp.,-6.73,0.94,43,47,61,Finance,Property-Casualty Insurers
GMVHY,Entain Plc,-0.54,1.21,60,68,11,Consumer Cyclical,Gambling
KNTNF,K92 Mining Inc.,4.6,7.62,100,100,58,Basic Materials,Gold
UFPI,"UFP Industries, Inc.",-1.74,-3.33,46,57,20,Basic Materials,Forest Products
SMDPY,"Sumitomo Pharma Co., Ltd.",0.0,0.0,100,100,17,Healthcare,Drug Manufacturers - Specialty & Generic
EBC,"Eastern Bankshares, Inc.",0.3,2.12,77,76,79,Finance,Savings Institutions
UUUU,Energy Fuels Inc.,9.03,-17.65,28,29,5,Industrials,Mining & Quarrying of Nonmetallic Minerals (No Fuels)
MZDAY,Mazda Motor Corporation,3.28,14.55,100,100,61,Consumer Cyclical,Auto Manufacturers
AQN,Algonquin Power & Utilities Corp.,0.34,9.72,79,80,34,Utilities,Electric Utilities: Central
HSSKY,HASEKO Corporation,0.0,0.0,100,100,40,Consumer Cyclical,Residential Construction
ACDVF,Air Canada,3.88,7.82,100,100,87,Industrials,Airlines
IBOC,International Bancshares Corporation,-0.42,-0.88,58,65,55,Finance,Major Banks
YADGF,Yadea Group Holdings Ltd.,0.0,0.0,100,100,92,Consumer Cyclical,Auto Manufacturers
COLD,"Americold Realty Trust, Inc.",-2.1,-9.74,15,31,61,Real Estate,Real Estate Investment Trusts
TFSL,TFS Financial Corporation,-0.88,1.06,63,65,85,Finance,Savings Institutions
TBBB,BBB Foods Inc.,1.82,-3.5,42,81,79,Consumer Staples,Food Chains
FRMI,Fermi Inc.,14.85,-21.01,39,49,9,Real Estate,Real Estate Investment Trusts
HRI,Herc Holdings Inc.,2.03,4.06,44,52,54,Industrials,Misc Corporate Leasing Services
EXLS,"ExlService Holdings, Inc.",-4.53,28.26,78,76,25,Consumer Discretionary,Business Services
NHKGF,"NHK Spring Co., Ltd.",0.0,0.0,100,100,1,Consumer Cyclical,Auto Parts
CUZ,Cousins Properties Incorporated,-1.15,5.26,71,70,78,Real Estate,Real Estate Investment Trusts
ACRXF,"Acerinox, S.A.",0.0,-0.17,100,100,88,Basic Materials,Steel
KPDCF,Keppel DC REIT,1.39,4.89,98,100,39,Real Estate,REIT - Office
AD,"Array Digital Infrastructure, Inc.",-0.43,-4.19,54,66,32,Telecommunications,Telecommunications Equipment
INDV,"Indivior Pharmaceuticals, Inc.",0.3,-0.07,58,66,91,Health Care,Biotechnology: Pharmaceutical Preparations
AVEX,AEVEX Corp.,10.79,-18.95,36,42,2,Industrials,Aerospace
RDNT,"RadNet, Inc.",-1.07,-4.47,40,62,34,Health Care,Medical Specialities
KRNTY,Krones AG,0.0,-8.2,27,87,19,Industrials,Specialty Industrial Machinery
MTH,Meritage Homes Corporation,-1.12,-13.17,0,18,43,Consumer Discretionary,Homebuilding
FELE,"Franklin Electric Co., Inc.",-1.81,-1.72,33,49,44,Consumer Discretionary,Metal Fabrications
NWE,"NorthWestern Energy Group, Inc.",-1.25,-2.41,21,53,57,Utilities,Power Generation
UPCHY,Uni-President China Holdings Ltd,0.0,10.12,87,81,31,Consumer Defensive,Beverages - Non-Alcoholic
OLED,Universal Display Corporation,0.25,-3.24,61,66,6,Technology,Electrical Products
SZGPY,Salzgitter AG,0.0,13.97,48,57,87,Basic Materials,Steel
COCO,"The Vita Coco Company, Inc.",-0.87,-2.94,19,38,84,Consumer Staples,Beverages (Production/Distribution)
BKGFY,The Berkeley Group Holdings plc,4.12,3.11,100,100,33,Consumer Cyclical,Residential Construction
TLPFF,Teleperformance SE,1.71,19.36,100,93,44,Industrials,Specialty Business Services
SFBS,"ServisFirst Bancshares, Inc.",-0.46,0.43,75,73,65,Finance,Major Banks
ELFIF,E-L Financial Corporation Limited,0.17,0.92,68,69,45,Financial Services,Insurance - Life
PTEN,"Patterson-UTI Energy, Inc.",5.57,14.94,64,77,74,Energy,Oil & Gas Production
GRTUF,Granite Real Estate Investment Trust,0.0,2.68,50,70,67,Real Estate,REIT - Industrial
BETA,"BETA Technologies, Inc.",3.6,1.09,34,51,12,Industrials,Aerospace
TAC,TransAlta Corporation,3.46,-5.44,13,4,31,Utilities,Electric Utilities: Central
MANE,MANE,-2.9,-18.56,0,10,97,Health Care,Biotechnology: Pharmaceutical Preparations
RMVEY,RMVEY,-5.02,0.82,48,53,15,Communication Services,Internet Content & Information
LBTYK,Liberty Global Ltd.,-0.1,-5.97,50,65,25,Telecommunications,Cable & Other Pay Television Services
WYGPF,Worley Limited,0.0,-12.53,35,50,23,Energy,Oil & Gas Equipment & Services
SLM,SLM Corporation,0.58,0.66,88,80,34,Finance,Finance: Consumer Services
HCHDF,Hochschild Mining plc,1.37,-1.98,35,56,35,Basic Materials,Other Precious Metals & Mining
THO,"THOR Industries, Inc.",-2.86,0.97,57,60,13,Industrials,Homebuilding
HGV,Hilton Grand Vacations Inc.,-9.92,-10.02,0,0,39,Consumer Discretionary,Hotels/Resorts
SKT,Tanger Inc.,-1.39,4.54,63,66,74,Real Estate,Real Estate Investment Trusts
FMCCG,Federal Home Loan Mortgage Corporation,0.0,-3.66,80,82,8,Financial Services,Mortgage Finance
FMCCH,Federal Home Loan Mortgage Corporation,-5.62,-13.1,17,33,5,Financial Services,Mortgage Finance
FMCCS,Federal Home Loan Mortgage Corporation,4.23,-8.57,65,88,8,Financial Services,Mortgage Finance
FREJP,Federal Home Loan Mortgage Corporation PFD 5.30%,-1.85,-10.17,0,1,7,Unknown,Unknown
FMCCJ,Federal Home Loan Mortgage Corporation,3.3,-2.62,70,90,7,Financial Services,Mortgage Finance
FMCCT,Federal Home Loan Mortgage Corporation,-0.97,-8.15,40,59,6,Financial Services,Mortgage Finance
FREJN,Federal Home Loan Mortgage Corporation,0.0,-1.58,51,60,11,Financial Services,Mortgage Finance
FMCKN,Federal Home Loan Mortgage Corporation,0.0,-12.57,44,60,7,Financial Services,Mortgage Finance
CVCO,"Cavco Industries, Inc.",-0.5,-6.56,28,47,54,Consumer Discretionary,Homebuilding
MWH,"SOLV Energy, Inc.",17.1,-11.36,55,66,13,Industrials,Military/Government/Technical
MNSO,MINISO Group Holding Limited,0.69,7.47,93,87,9,Consumer Discretionary,Department/Specialty Retail Stores
PSKRF,Protector Forsikring ASA,0.0,6.58,100,100,98,Financial Services,Insurance - Specialty
PSKRY,PSKRY,-0.51,3.64,79,100,47,Financial Services,Insurance - Specialty
VEMLY,Venture Corporation Limited,-9.81,-16.69,0,0,35,Technology,Electronic Components
LIVN,LivaNova PLC,-0.47,-1.73,60,66,90,Health Care,Biotechnology: Electromedical & Electrotherapeutic Apparatus
BCHHF,Bucher Industries AG,0.0,-3.88,60,100,12,Industrials,Specialty Industrial Machinery
GFF,Griffon Corporation,0.35,-4.84,0,26,47,Industrials,Building Products
KRC,Kilroy Realty Corporation,0.28,0.97,74,74,62,Real Estate,Real Estate Investment Trusts
SOHVY,"Sumitomo Heavy Industries, Ltd.",-1.85,-3.57,0,100,56,Industrials,Specialty Industrial Machinery
CVSA,Covista Inc.,-5.36,-1.4,62,61,44,Real Estate,Other Consumer Services
DNP,DNP Select Income Fund Inc.,-0.36,1.48,47,62,55,Finance,Investment Managers
ERAS,"Erasca, Inc.",5.42,4.24,30,49,99,Health Care,Biotechnology: Pharmaceutical Preparations
NDGPF,Nine Dragons Paper (Holdings) Limited,0.0,5.56,81,77,86,Basic Materials,Paper & Paper Products
LOPE,"Grand Canyon Education, Inc.",-5.76,1.23,55,55,14,Real Estate,Other Consumer Services
SLGN,Silgan Holdings Inc.,-3.73,-10.95,0,0,26,Industrials,Containers/Packaging
TUIFF,TUI AG,0.0,-2.8,27,59,20,Consumer Cyclical,Travel Services
PJT,PJT Partners Inc.,1.5,7.46,70,72,36,Finance,Investment Managers
UCB,"United Community Banks, Inc.",-0.84,-2.11,39,58,57,Finance,Major Banks
APNHY,Aspen Pharmacare Holdings Limited,0.0,-4.57,44,63,77,Healthcare,Drug Manufacturers - Specialty & Generic
VRNS,"Varonis Systems, Inc.",-1.77,-4.68,0,0,54,Technology,Computer Software: Prepackaged Software
SZGPF,Salzgitter AG,0.0,11.36,100,100,93,Basic Materials,Steel
BNL,"Broadstone Net Lease, Inc.",-2.93,3.46,35,53,71,Real Estate,Real Estate Investment Trusts
STNG,Scorpio Tankers Inc.,-3.82,8.63,40,51,72,Consumer Discretionary,Marine Transportation
RGAKF,RGAKF,6.76,-22.62,11,9,96,,
BELFA,Bel Fuse Inc.,3.6,-25.53,11,2,76,Technology,Electronic Components
UCTT,"Ultra Clean Holdings, Inc.",19.63,-35.77,35,38,97,Technology,Semiconductors
NVST,Envista Holdings Corporation,-2.08,2.25,69,69,71,Health Care,Medical/Dental Instruments
INSW,"International Seaways, Inc.",0.7,22.41,94,87,95,Consumer Discretionary,Marine Transportation
CRGY,Crescent Energy Company,1.09,17.95,89,91,53,Energy,Oil & Gas Production
HP,"Helmerich & Payne, Inc.",0.93,9.22,68,76,72,Energy,Oil & Gas Production
VKTX,"Viking Therapeutics, Inc.",-0.96,-11.66,0,0,40,Health Care,Biotechnology: Pharmaceutical Preparations
VLEEY,Valeo SE,2.41,18.88,100,96,87,Consumer Cyclical,Auto Parts
TCMFF,Telecom Argentina S.A.,0.0,74.25,37,40,11,Communication Services,Telecom Services
TPC,Tutor Perini Corporation,8.61,4.74,66,78,70,Consumer Discretionary,General Bldg Contractors - Nonresidential Bldgs
PAFRY,Pan African Resources PLC,0.0,-6.99,100,100,26,Basic Materials,Gold
IRTC,"iRhythm Holdings, Inc.",-2.74,-4.38,67,69,15,Health Care,Medical/Dental Instruments
UTG,Reaves Utility Income Fund,1.51,-3.81,0,22,34,Finance,Investment Managers
MNGPF,Man Group Plc,0.0,-2.34,0,0,69,Financial Services,Asset Management
TWODF,Taylor Wimpey plc,1.9,0.0,67,78,14,Consumer Cyclical,Residential Construction
ACAD,ACADIA Pharmaceuticals Inc.,0.8,5.36,88,78,63,Health Care,Biotechnology: Pharmaceutical Preparations
DORM,"Dorman Products, Inc.",-5.74,-1.89,2,25,53,Consumer Discretionary,Auto Parts:O.E.M.
VCYT,"Veracyte, Inc.",7.31,-0.12,100,100,96,Health Care,Medical Specialities
SKE,Skeena Resources Limited,6.54,1.15,66,94,75,Basic Materials,Precious Metals
CLBT,Cellebrite DI Ltd.,-3.32,-5.7,21,37,34,Technology,Computer Software: Prepackaged Software
AHEXY,Adecco Group AG,-2.82,51.5,87,84,58,Industrials,Staffing & Employment Services
SLTCY,Siltronic AG,-17.92,-11.78,0,0,70,Technology,Semiconductors
TDW,Tidewater Inc.,0.6,9.62,54,63,64,Consumer Discretionary,Marine Transportation
JOE,The St. Joe Company,1.86,2.69,100,87,46,Real Estate,Homebuilding
JUMSY,Jumbo S.A.,11.33,8.15,79,80,24,Consumer Cyclical,Specialty Retail
YETI,"YETI Holdings, Inc.",-2.84,0.85,56,60,78,Consumer Discretionary,Recreational Games/Products/Toys
KFY,Korn Ferry,-3.05,22.2,77,75,73,Consumer Discretionary,Diversified Commercial Services
FCXXF,First Capital Real Estate Investment Trust,0.0,-0.54,42,62,54,Real Estate,REIT - Retail
BMI,"Badger Meter, Inc.",-2.36,-10.83,26,34,20,Industrials,Industrial Machinery/Components
TKKHF,Tikehau Capital,0.0,0.0,100,100,44,Financial Services,Asset Management
KC,Kingsoft Cloud Holdings Limited,2.42,10.46,66,92,6,Technology,Computer Software: Prepackaged Software
BHF,"Brighthouse Financial, Inc.",0.87,-0.67,25,60,61,Finance,Life Insurance
BHFAO,"Brighthouse Financial, Inc.",0.0,-5.8,22,50,19,Finance,Life Insurance
DAVE,Dave Inc.,-0.36,-1.43,6,23,94,Finance,Finance: Consumer Services
CNS,"Cohen & Steers, Inc.",-0.11,5.37,67,76,71,Finance,Investment Managers
GBNXF,Gibson Energy Inc.,-0.43,13.83,86,82,77,Energy,Oil & Gas Midstream
OSIS,"OSI Systems, Inc.",2.76,2.34,92,85,14,Technology,Semiconductors
TPZEF,Topaz Energy Corp.,0.1,8.43,75,80,59,Energy,Oil & Gas Midstream
TSYHF,TravelSky Technology Limited,0.9,10.89,63,79,21,Technology,Information Technology Services
SPTJF,Sinopec Shanghai Petrochemical Company Limited,0.0,-19.42,6,15,8,Energy,Oil & Gas Refining & Marketing
CALM,"Cal-Maine Foods, Inc.",-6.87,8.24,39,46,44,Consumer Staples,Farming/Seeds/Milling
FOUR,"Shift4 Payments, Inc.",-4.14,9.21,69,66,19,Consumer Discretionary,Business Services
VECO,Veeco Instruments Inc.,12.51,-31.41,34,37,90,Technology,Industrial Machinery/Components
HGTY,"Hagerty, Inc.",-2.7,-4.48,15,35,49,Finance,Specialty Insurers
NHPEF,New Hope Corporation Limited,1.35,-0.53,61,70,64,Energy,Thermal Coal
ABG,"Asbury Automotive Group, Inc.",-6.09,17.74,60,61,48,Consumer Discretionary,Retail-Auto Dealers and Gas Stations
QNTQY,QinetiQ Group plc,5.86,21.91,100,100,55,Industrials,Aerospace & Defense
AB,AllianceBernstein Holding L.P.,-1.05,2.11,30,55,25,Finance,Investment Managers
ARCAY,Arcadis NV,0.0,26.97,91,89,60,Industrials,Engineering & Construction
SIG,Signet Jewelers Limited,-3.01,13.7,77,75,52,Consumer Discretionary,Consumer Specialties
NEA,Nuveen AMT-Free Quality Municipal Income Fund,0.27,-3.2,11,55,42,Finance,Finance/Investors Services
TSYHY,TravelSky Technology Limited,2.53,11.47,88,96,14,Technology,Information Technology Services
AYAAF,"Ayala Land, Inc.",0.0,0.0,51,64,6,Real Estate,Real Estate - Development
INOD,Innodata Inc.,8.43,-16.84,25,32,73,Technology,EDP Services
MCHB,Mechanics Bancorp,0.67,1.47,88,80,75,Finance,Major Banks
BULL,Webull Corporation,2.0,-0.42,3,32,13,Finance,Investment Bankers/Brokers/Service
JOYY,JOYY Inc.,-1.31,9.15,73,71,82,Technology,EDP Services
OLGPF,Olam Group Limited,0.0,-0.46,87,100,63,Consumer Defensive,Food Distribution
COLM,Columbia Sportswear Company,-1.21,-1.41,44,55,55,Consumer Discretionary,Apparel
SII,Sprott Inc.,2.59,-5.38,27,56,49,Finance,Finance: Consumer Services
MHO,"M/I Homes, Inc.",-2.04,-3.34,54,60,67,Consumer Discretionary,Homebuilding
NPEGF,"Nippon Electric Glass Co., Ltd.",0.0,-10.94,29,51,23,Technology,Electronic Components
CBU,"Community Financial System, Inc.",1.01,-4.92,5,40,58,Finance,Major Banks
DNLI,Denali Therapeutics Inc.,2.1,-6.27,45,68,88,Health Care,Biotechnology: Biological Products (No Diagnostic Substances)
MSGE,Madison Square Garden Entertainment Corp.,3.78,-0.78,100,100,91,Consumer Discretionary,Services-Misc. Amusement & Recreation
CC,The Chemours Company,3.76,-15.04,16,38,33,Industrials,Major Chemicals
PTRN,Pattern Group Inc.,3.9,-9.55,25,31,93,Consumer Discretionary,Catalog/Specialty Distribution
KYIV,Kyivstar Group Ltd.,6.86,-11.88,26,34,69,Telecommunications,Telecommunications Equipment
NATL,NCR Atleos Corporation,-1.3,6.35,66,68,78,Miscellaneous,Office Equipment/Supplies/Services
AGO,Assured Guaranty Ltd.,-0.21,3.39,69,70,40,Finance,Property-Casualty Insurers
FHB,"First Hawaiian, Inc.",-0.29,-7.58,2,41,53,Finance,Major Banks
OPCH,"Option Care Health, Inc.",-6.14,6.75,44,50,9,Health Care,Medical/Nursing Services
USLM,"United States Lime & Minerals, Inc.",-0.06,6.51,89,84,21,Industrials,Mining & Quarrying of Nonmetallic Minerals (No Fuels)
OUTKY,Outokumpu Oyj,0.0,21.89,75,76,77,Basic Materials,Steel
AMFPF,Amplifon S.p.A.,0.0,0.0,100,100,12,Healthcare,Medical Distribution
HWKN,"Hawkins, Inc.",-6.77,-6.41,0,18,10,Consumer Discretionary,Specialty Chemicals
YAMCY,Yamaha Corporation,0.65,16.72,89,85,46,Consumer Cyclical,Leisure
TBCCF,TBC Bank Group PLC,0.0,0.0,100,100,25,Financial Services,Banks - Regional
TGSGY,TGS ASA,3.56,3.08,33,52,77,Energy,Oil & Gas Equipment & Services
ARLP,"Alliance Resource Partners, L.P.",0.92,10.32,93,86,49,Energy,Coal Mining
RCUS,"Arcus Biosciences, Inc.",6.81,-2.32,50,69,93,Health Care,Biotechnology: Pharmaceutical Preparations
SMUPF,Sims Limited,0.0,-19.16,7,23,90,Basic Materials,Steel
SHOO,"Steven Madden, Ltd.",10.21,15.03,100,100,87,Consumer Discretionary,Shoe Manufacturing
NICMF,Nickel Industries Limited,0.0,5.66,58,100,39,Basic Materials,Other Industrial Metals & Mining
GARPF,Golden Agri-Resources Ltd,0.0,0.0,8,25,28,Consumer Defensive,Farm Products
SKLTY,SEEK Limited,2.58,13.67,100,96,12,Communication Services,Internet Content & Information
AMBA,"Ambarella, Inc.",7.08,-16.13,73,91,46,Technology,Semiconductors
DNN,Denison Mines Corp.,8.55,-5.19,40,52,25,Basic Materials,Other Metals and Minerals
TOEAF,"Toei Animation Co.,Ltd.",0.0,16.81,100,100,1,Communication Services,Entertainment
TMRAF,Tomra Systems ASA,1.45,11.58,55,67,10,Industrials,Waste Management
ATRO,Astronics Corporation,5.02,-10.06,51,69,92,Industrials,Military/Government/Technical
XISHY,Xinyi Solar Holdings Limited,18.98,6.29,100,100,5,Technology,Solar
SOCNF,SOCNF,0.0,-12.28,18,51,38,Industrials,Electrical Equipment & Parts
CTRI,"Centuri Holdings, Inc.",10.45,-5.79,68,77,36,Utilities,Oil & Gas Production
TMRAY,Tomra Systems ASA,3.61,9.75,74,85,23,Industrials,Waste Management
ADX,"Adams Diversified Equity Fund, Inc.",2.56,0.3,41,84,62,Finance,Investment Managers
KPLUY,K+S Aktiengesellschaft,0.0,13.75,88,83,42,Basic Materials,Agricultural Inputs
WIX,Wix.com Ltd.,-7.42,15.96,62,62,2,Technology,Computer Software: Programming Data Processing
WBRBY,Wienerberger AG,4.78,-6.04,38,51,11,Basic Materials,Building Materials
MAURY,"Marui Group Co., Ltd.",12.93,11.37,85,100,31,Financial Services,Credit Services
MZTI,The Marzetti Company,-3.26,-7.35,34,50,7,Consumer Staples,Packaged Foods
KBH,KB Home,-1.21,-7.04,31,59,37,Consumer Discretionary,Homebuilding
FSM,Fortuna Mining Corp.,4.78,5.03,100,100,36,Basic Materials,Precious Metals
UNLRF,PT Unilever Indonesia Tbk,0.0,-25.68,5,16,2,Consumer Defensive,Household & Personal Products
LXP,LXP Industrial Trust,0.1,11.31,87,82,84,Real Estate,Real Estate Investment Trusts
ATROB,Astronics Corporation,4.68,-10.26,49,68,91,Industrials,Aerospace & Defense
ITGR,Integer Holdings Corporation,1.04,6.65,94,86,69,Health Care,Biotechnology: Electromedical & Electrotherapeutic Apparatus
BHE,"Benchmark Electronics, Inc.",7.17,-16.41,39,57,92,Technology,Electrical Products
GEO,"The GEO Group, Inc.",2.4,1.12,77,86,93,Consumer Discretionary,Homebuilding
HYMC,Hycroft Mining Holding Corporation,4.75,-13.0,35,46,97,Basic Materials,Precious Metals
RTOXF,Rotork plc,-3.82,57.5,87,84,89,Industrials,Specialty Industrial Machinery
AYA,Aya Gold & Silver Inc.,6.61,7.33,89,94,92,Basic Materials,Precious Metals
MITFF,Mitie Group plc,1.3,38.3,93,92,79,Industrials,Specialty Business Services
BBAGF,BB Biotech AG,0.0,0.0,100,100,39,Healthcare,Biotechnology
PATK,"Patrick Industries, Inc.",-3.02,-1.49,40,53,12,Consumer Discretionary,Auto Parts:O.E.M.
NTCT,"NetScout Systems, Inc.",2.85,-6.78,10,31,89,Technology,EDP Services
NIPOF,Japan Hotel REIT Investment Corporation,0.0,6.95,100,100,2,Real Estate,REIT - Hotel & Motel
QTWO,"Q2 Holdings, Inc.",-2.23,17.67,78,75,26,Technology,Computer Software: Prepackaged Software
CPK,Chesapeake Utilities Corporation,-2.64,8.48,68,69,49,Utilities,Oil & Gas Production
CSMYF,COSMOS Pharmaceutical Corporation,0.0,0.0,100,100,1,Healthcare,Pharmaceutical Retailers
SBCF,Seacoast Banking Corporation of Florida,1.38,1.74,97,86,58,Finance,Major Banks
TATYF,Tate & Lyle plc,0.55,0.55,67,70,89,Consumer Defensive,Packaged Foods
HG,"Hamilton Insurance Group, Ltd.",-2.51,5.6,61,63,87,Finance,Property-Casualty Insurers
DBRG,"DigitalBridge Group, Inc.",0.19,0.51,61,67,63,Real Estate,Real Estate Investment Trusts
OUST,"Ouster, Inc.",13.51,-40.8,21,21,85,Industrials,Industrial Machinery/Components
PHPPY,Signify N.V.,0.0,-16.41,0,0,5,Industrials,Electrical Equipment & Parts
CWK,Cushman & Wakefield Limited,2.07,-0.43,90,91,25,Finance,Real Estate
AEHR,"Aehr Test Systems, Inc.",17.54,-8.95,33,40,98,Industrials,Electrical Products
EXALF,Exail Technologies,0.0,2.81,70,71,62,Industrials,Aerospace & Defense
PFS,"Provident Financial Services, Inc.",3.28,3.71,100,100,73,Finance,Savings Institutions
SSSAF,Shurgard Self Storage Ltd,-0.51,-0.47,65,62,13,Real Estate,REIT - Specialty
BSM,"Black Stone Minerals, L.P.",0.2,8.19,87,81,59,Energy,Oil & Gas Production
HIW,"Highwoods Properties, Inc.",-1.74,9.35,73,72,84,Real Estate,Real Estate Investment Trusts
AMPX,"Amprius Technologies, Inc.",12.2,-30.32,20,21,9,Miscellaneous,Industrial Machinery/Components
DREUF,Dream Industrial Real Estate Investment Trust,-0.38,4.33,70,70,58,Real Estate,REIT - Industrial
CFNCF,Compagnie Financière Tradition SA,0.0,0.0,100,100,83,Financial Services,Capital Markets
FPAFF,First Pacific Company Limited,0.0,9.52,85,81,20,Consumer Defensive,Packaged Foods
HOEGF,Höegh Autoliners ASA,2.2,16.78,100,95,92,Industrials,Marine Shipping
PLMR,"Palomar Holdings, Inc.",-4.63,1.95,43,49,57,Finance,Property-Casualty Insurers
EXPO,"Exponent, Inc.",-1.94,7.72,65,66,26,Consumer Discretionary,Professional Services
PLXNF,PLXNF,0.0,15.55,100,100,31,Industrials,Specialty Business Services
DX,"Dynex Capital, Inc.",-0.08,0.24,32,58,41,Real Estate,Real Estate Investment Trusts
WHR,Whirlpool Corporation,-0.99,-5.23,53,64,2,Consumer Discretionary,Consumer Electronics/Appliances
DBD,"Diebold Nixdorf, Incorporated",-5.2,-14.48,0,0,43,Miscellaneous,Office Equipment/Supplies/Services
KNKZF,KWS SAAT SE & Co. KGaA,0.0,0.0,100,100,43,Basic Materials,Agricultural Inputs
WOR,"Worthington Enterprises, Inc.",0.18,3.04,69,72,36,Industrials,Steel/Iron Ore
SVM,Silvercorp Metals Inc.,5.59,-4.17,61,84,72,Basic Materials,Precious Metals
HMDPF,Hammond Power Solutions Inc.,7.71,-24.11,16,15,82,Industrials,Electrical Equipment & Parts
NAD,Nuveen Quality Municipal Income Fund,0.34,-2.65,31,60,43,Finance,Investment Managers
FPAFY,First Pacific Company Limited,1.68,16.67,100,91,27,Consumer Defensive,Packaged Foods
PTON,"Peloton Interactive, Inc.",-3.19,8.14,67,67,44,Consumer Discretionary,Recreational Games/Products/Toys
EEFT,"Euronet Worldwide, Inc.",-8.37,1.93,11,30,27,Finance,Investment Bankers/Brokers/Service
ALMS,Alumis Inc.,9.74,8.67,73,99,98,Health Care,Biotechnology: Pharmaceutical Preparations
HLIO,"Helios Technologies, Inc.",3.85,-7.76,28,53,87,Industrials,Metal Fabrications
FA,First Advantage Corporation,-6.79,6.11,29,44,88,Technology,EDP Services
GARPY,Golden Agri-Resources Ltd,0.0,-0.72,38,61,43,Consumer Defensive,Farm Products
CSPKF,COSCO SHIPPING Ports Limited,0.0,0.0,100,100,48,Industrials,Marine Shipping
UNIT,Uniti Group Inc.,-10.41,-16.83,0,0,50,Real Estate,Real Estate Investment Trusts
INTR,"Inter & Co, Inc.",4.25,2.73,81,96,6,Finance,Commercial Banks
PRVA,"Privia Health Group, Inc.",-1.08,-11.24,0,0,40,Health Care,Medical/Nursing Services
CWT,California Water Service Group,-2.38,2.98,49,58,58,Utilities,Water Supply
CARG,"CarGurus, Inc.",-2.89,2.45,63,62,40,Technology,EDP Services
WDFC,WD-40 Company,2.41,-5.29,5,10,53,Industrials,Major Chemicals
ARQT,"Arcutis Biotherapeutics, Inc.",0.47,8.32,83,81,86,Health Care,Biotechnology: Pharmaceutical Preparations
ALFRY,Alfresa Holdings Corporation,0.0,-1.81,100,100,14,Healthcare,Medical Distribution
VIVHY,Vivendi SE,-3.93,-10.93,27,44,9,Communication Services,Electronic Gaming & Multimedia
HSQVY,Husqvarna AB (publ),0.73,10.4,93,86,13,Industrials,Tools & Accessories
CZMWF,Carl Zeiss Meditec AG,0.0,13.43,89,83,16,Healthcare,Medical Instruments & Supplies
ASH,Ashland Inc.,-0.19,9.01,87,82,88,Consumer Discretionary,Specialty Chemicals
FBGGF,Fabege AB (publ),0.0,7.0,100,100,81,Real Estate,Real Estate Services
DFTX,"Definium Therapeutics, Inc.",5.53,2.51,43,66,98,Health Care,Medicinal Chemicals and Botanical Products
DHT,"DHT Holdings, Inc.",0.0,12.22,86,81,85,Consumer Discretionary,Marine Transportation
DKL,"Delek Logistics Partners, LP",0.78,14.48,93,86,78,Energy,Natural Gas Distribution
AFBOF,African Rainbow Minerals Limited,0.0,0.0,100,100,94,Basic Materials,Other Industrial Metals & Mining
IPEU,IPE Universal Inc.,0.0,-46.25,0,0,5,Technology,Software - Application
MLYS,"Mineralys Therapeutics, Inc.",-0.61,-2.6,0,8,50,Health Care,Biotechnology: Pharmaceutical Preparations
TRMK,Trustmark Corporation,1.3,0.96,94,82,65,Finance,Major Banks
KPLIF,Keppel Infrastructure Trust,0.0,0.0,100,100,82,Basic Materials,Specialty Chemicals
DJT,Trump Media & Technology Group Corp.,5.38,29.43,100,100,14,Technology,Computer Software: Programming Data Processing
SMSGY,Samsonite Group S.A.,0.34,-1.54,80,74,15,Consumer Cyclical,Footwear & Accessories
MXCHF,"Orbia Advance Corporation, S.A.B. de C.V.",0.0,3.13,74,72,80,Industrials,Conglomerates
HXPLF,HEXPOL AB (publ),0.0,20.38,92,87,34,Basic Materials,Specialty Chemicals
AUKUF,ams-OSRAM AG,0.0,-7.48,19,49,90,Technology,Semiconductors
HOG,"Harley-Davidson, Inc.",-0.77,2.03,3,29,51,Consumer Discretionary,Motor Vehicles
AMSSY,ams-OSRAM AG,5.38,-6.58,13,15,90,Technology,Semiconductors
SPXX,Nuveen S&P 500 Dynamic Overwrite Fund,1.32,-1.07,56,72,53,Finance,Trusts Except Educational Religious and Charitable
HNLGY,Hang Lung Group Limited,0.0,0.91,86,81,22,Real Estate,Real Estate Services
SHCAY,Sharp Corporation,0.0,3.3,85,72,22,Technology,Consumer Electronics
AMR,"Alpha Metallurgical Resources, Inc.",3.34,-8.63,16,42,13,Energy,Coal Mining
ROG,Rogers Corporation,4.58,-22.24,14,9,80,Industrials,Major Chemicals
WTTR,"Select Water Solutions, Inc.",1.68,-4.47,9,29,89,Energy,Oilfield Services/Equipment
PTY,PIMCO Corporate & Income Opportunity Fund,1.12,-2.01,42,67,28,Finance,Investment Managers
BGAOY,Proximus PLC,0.0,6.2,82,77,19,Communication Services,Telecom Services
RLX,RLX Technology Inc.,2.06,2.06,55,70,17,Health Care,Medicinal Chemicals and Botanical Products
RUSMF,Russel Metals Inc.,0.0,14.31,77,77,88,Industrials,Industrial Distribution
OCDDY,Ocado Group plc,10.92,13.35,100,100,21,Consumer Defensive,Grocery Stores
ILKAF,Iluka Resources Limited,3.86,-6.52,17,30,26,Basic Materials,Other Industrial Metals & Mining
JBFCF,Jollibee Foods Corporation,0.0,5.26,48,59,7,Consumer Cyclical,Restaurants
CDLR,Cadeler A/S,7.09,7.29,62,91,28,Consumer Discretionary,Marine Transportation
UA,"Under Armour, Inc.",-3.33,4.54,40,56,65,Consumer Discretionary,Apparel
CLDX,"Celldex Therapeutics, Inc.",2.61,4.65,78,95,88,Health Care,Biotechnology: In Vitro & In Vivo Diagnostic Substances
ALGT,Allegiant Travel Company,3.47,-16.91,18,28,89,Consumer Discretionary,Air Freight/Delivery Services
SOTDY,Ströer SE & Co. KGaA,0.0,-2.12,85,100,22,Communication Services,Advertising Agencies
GRDN,"Guardian Pharmacy Services, Inc.",0.51,-2.21,74,75,87,Consumer Staples,Retail-Drug Stores and Proprietary Stores
ULIHF,The United Laboratories International Holdings Limited,0.0,31.78,100,100,51,Healthcare,Drug Manufacturers - Specialty & Generic
HYSNY,Hysan Development Company Limited,0.0,5.01,86,81,35,Real Estate,Real Estate Services
AGYS,"Agilysys, Inc.",-5.31,-1.14,61,58,79,Technology,EDP Services
KRKKF,KRUK Spólka Akcyjna,0.0,0.0,100,100,93,Financial Services,Credit Services
FBNC,First Bancorp,-0.22,-3.63,29,59,66,Finance,Major Banks
ADPT,Adaptive Biotechnologies Corporation,7.18,8.09,100,100,95,Health Care,Biotechnology: Biological Products (No Diagnostic Substances)
TRRVF,TerraVest Industries Inc.,0.0,4.32,76,73,12,Energy,Oil & Gas Equipment & Services
OSW,OneSpaWorld Holdings Limited,0.12,-7.57,9,37,67,Consumer Discretionary,Hotels/Resorts
XIFR,"XPLR Infrastructure, LP",7.04,-1.41,39,35,67,Utilities,Electric Utilities: Central
ANDE,"The Andersons, Inc.",1.92,6.16,39,54,82,Industrials,Farming/Seeds/Milling
CMPR,Cimpress plc,-2.99,-8.87,16,44,86,Consumer Discretionary,Publishing
KGTHY,Krungthai Card Public Company Limited,0.0,9.81,100,100,62,Financial Services,Credit Services
BKE,"The Buckle, Inc.",-2.2,5.73,66,67,17,Consumer Discretionary,Clothing/Shoe/Accessory Stores
RARE,Ultragenyx Pharmaceutical Inc.,4.16,-19.58,6,2,31,Health Care,Biotechnology: Pharmaceutical Preparations
GGGSY,Greggs plc,0.0,3.53,99,100,27,Consumer Cyclical,Restaurants
TSRYF,Treasury Wine Estates Limited,12.67,-0.59,100,100,23,Consumer Defensive,Beverages - Wineries & Distilleries
MPJPY,Metaplanet Inc.,5.3,10.32,30,47,2,,
LU,Lufax Holding Ltd,3.92,11.19,100,100,4,Finance,Finance: Consumer Services
MTPLF,MTPLF,4.55,8.66,26,47,2,Consumer Cyclical,Restaurants
WOSGF,Watches of Switzerland Group PLC,9.32,2.36,52,62,94,Consumer Cyclical,Luxury Goods
BUSE,First Busey Corporation,1.82,4.6,100,90,82,Finance,Major Banks
CROMF,Crombie Real Estate Investment Trust,0.0,1.38,51,64,56,Real Estate,REIT - Diversified
BVNRY,Bavarian Nordic A/S,0.56,-3.21,29,46,14,Healthcare,Biotechnology
AVVOF,AVVOF,0.0,-5.6,8,21,15,Industrials,Aerospace & Defense
TBBK,"The Bancorp, Inc.",-4.16,0.37,33,46,32,Finance,Major Banks
OCDGF,Ocado Group plc,0.0,5.96,80,87,9,Consumer Defensive,Grocery Stores
SHHFF,SHHFF,-1.59,11.05,51,63,95,,
DAC,Danaos Corporation,2.5,16.15,100,96,87,Consumer Discretionary,Marine Transportation
NZTCF,Spark New Zealand Limited,0.0,13.0,88,82,15,Communication Services,Telecom Services
BCRX,"BioCryst Pharmaceuticals, Inc.",-3.04,-4.25,12,23,66,Health Care,Biotechnology: Biological Products (No Diagnostic Substances)
ASRHF,ASRHF,1.04,-46.1,14,21,50,,
PBH,Prestige Consumer Healthcare Inc.,-4.29,3.72,52,56,11,Health Care,Biotechnology: Pharmaceutical Preparations
DXPE,"DXP Enterprises, Inc.",4.45,-6.7,16,22,62,Industrials,Industrial Machinery/Components
GEBHY,Genting Berhad,-4.44,-0.39,45,52,6,Consumer Cyclical,Resorts & Casinos
PCTTU,"PureCycle Technologies, Inc.",0.0,0.0,51,64,64,Industrials,Major Chemicals
ALRM,"Alarm.com Holdings, Inc.",-2.64,11.79,67,68,57,Technology,Computer Software: Prepackaged Software
CDNL,Cardinal Infrastructure Group Inc.,7.09,-26.79,17,15,97,Industrials,Military/Government/Technical
GRND,Grindr Inc.,-1.51,8.03,82,78,74,Technology,Computer Software: Programming Data Processing
RVT,"Royce Small-Cap Trust, Inc.",0.67,-2.76,40,67,56,Finance,Trusts Except Educational Religious and Charitable
DRSHF,DroneShield Limited,-1.57,-25.15,0,0,2,Industrials,Aerospace & Defense
BANR,Banner Corporation,-0.17,2.96,69,73,57,Finance,Major Banks
MTTRY,Ceconomy AG,13.64,53.85,59,66,47,Consumer Cyclical,Specialty Retail
CENT,Central Garden & Pet Company,-1.99,-2.41,48,57,72,Consumer Discretionary,Consumer Specialties
PBI,Pitney Bowes Inc.,2.72,3.3,81,96,90,Miscellaneous,Office Equipment/Supplies/Services
CLM,"Cornerstone Strategic Investment Fund, Inc.",0.83,-0.54,48,61,40,Finance,Finance/Investors Services
SRRLF,Sirius Real Estate Limited,0.0,-4.17,27,100,28,Real Estate,Real Estate Services
MBINL,Merchants Bancorp,-0.07,1.01,51,63,52,Finance,Major Banks
LMAT,"LeMaitre Vascular, Inc.",-1.33,3.49,67,66,55,Health Care,Medical/Dental Instruments
PSNY,Polestar Automotive Holding UK PLC,4.34,-30.25,7,9,5,Industrials,Auto Manufacturing
OSHDF,Oshidori International Holdings Limited,0.0,9.58,100,100,99,Financial Services,Capital Markets
GCMG,GCM Grosvenor Inc.,1.89,-2.2,33,54,60,Finance,Investment Managers
JPFAF,JPFAF,0.0,0.0,100,100,1,Consumer Defensive,Farm Products
BSTZ,BlackRock Science and Technology Term Trust,5.2,-7.52,44,60,78,Finance,Trusts Except Educational Religious and Charitable
CDDRF,Headwater Exploration Inc.,-0.53,13.07,87,83,85,Energy,Oil & Gas E&P
MCRI,"Monarch Casino & Resort, Inc.",-0.84,-6.23,43,63,69,Consumer Discretionary,Hotels/Resorts
CPRI,Capri Holdings Limited,0.38,-14.29,10,16,9,Consumer Discretionary,Apparel
DSITF,Currys plc,3.23,7.18,100,100,80,Consumer Cyclical,Specialty Retail
BRSL,Brightstar Lottery PLC,-1.74,-8.71,0,8,7,Consumer Discretionary,Services-Misc. Amusement & Recreation
VAIAF,Vaisala Oyj,0.0,0.39,56,65,52,Technology,Scientific & Technical Instruments
CMPNF,Champion Real Estate Investment Trust,0.0,0.0,51,64,76,Real Estate,REIT - Retail
AXGN,"Axogen, Inc.",-0.05,-6.07,43,63,94,Health Care,Biotechnology: Electromedical & Electrotherapeutic Apparatus
CLOV,"Clover Health Investments, Corp.",2.6,-19.48,6,18,92,Health Care,Medical Specialities
PHVS,Pharvaris N.V.,3.86,-0.21,37,79,84,Health Care,Biotechnology: Pharmaceutical Preparations
CXW,"CoreCivic, Inc.",0.17,-3.9,26,51,91,Real Estate,Real Estate Investment Trusts
ESTA,Establishment Labs Holdings Inc.,1.69,4.76,86,88,94,Health Care,Industrial Specialties
GENSY,Genus plc,0.0,-9.18,30,80,13,Healthcare,Biotechnology
NWBI,"Northwest Bancshares, Inc.",-1.26,2.21,68,68,76,Finance,Major Banks
EBLMY,Etablissements Maurel & Prom S.A.,0.0,-0.14,100,100,75,Energy,Oil & Gas E&P
MGNI,"Magnite, Inc.",-1.72,-4.39,47,63,73,Technology,Computer Software: Programming Data Processing
NWN,Northwest Natural Holding Company,-2.23,2.67,50,59,49,Utilities,Oil/Gas Transmission
JBLU,JetBlue Airways Corporation,6.12,2.53,100,100,77,Consumer Discretionary,Air Freight/Delivery Services
DBMBF,FIBRA Macquarie México,0.0,0.99,32,60,76,Real Estate,REIT - Industrial
SHO,"Sunstone Hotel Investors, Inc.",-0.59,4.74,73,71,79,Consumer Discretionary,Hotels/Resorts
DHC,Diversified Healthcare Trust,0.9,-2.82,39,61,95,Real Estate,Real Estate Investment Trusts
ZLAB,Zai Lab Limited,-0.55,-4.91,0,8,10,Health Care,Biotechnology: Pharmaceutical Preparations
ZIZTF,Zip Co Limited,0.0,-10.57,34,61,47,Financial Services,Credit Services
NBTX,Nanobiotix S.A.,6.09,1.71,83,98,98,Health Care,Biotechnology: Pharmaceutical Preparations
NEXA,Nexa Resources S.A.,8.22,10.43,51,69,92,Basic Materials,Metal Mining
FRHLF,Freehold Royalties Ltd.,2.42,9.07,100,94,54,Energy,Oil & Gas E&P
TINLY,Teijin Limited,0.0,0.0,51,64,39,Industrials,Conglomerates
PKCOY,"PARK24 Co., Ltd.",0.0,0.0,51,64,46,Industrials,Infrastructure Operations
MESO,Mesoblast Limited,2.97,3.26,11,26,18,Health Care,Biotechnology: Biological Products (No Diagnostic Substances)
GRC,The Gorman-Rupp Company,2.83,-9.05,46,68,91,Industrials,Fluid Controls
STC,Stewart Information Services Corporation,-2.95,0.87,50,52,35,Finance,Specialty Insurers
AUPH,Aurinia Pharmaceuticals Inc.,-1.19,-5.06,2,34,67,Health Care,Biotechnology: Pharmaceutical Preparations
GTY,Getty Realty Corp.,-1.69,1.9,25,55,67,Finance,Real Estate
YLLXF,Yellow Cake plc,3.51,2.93,33,65,23,Energy,Uranium
SNWGF,Snowline Gold Corp.,6.12,10.93,78,93,49,Basic Materials,Gold
SXGCF,Southern Cross Gold Consolidated Ltd.,6.11,11.2,100,100,67,Basic Materials,Gold
CELJF,Cellcom Israel Ltd.,0.0,0.19,53,66,35,Communication Services,Telecom Services
VRDN,"Viridian Therapeutics, Inc.",0.1,7.68,84,79,60,Health Care,Medical Specialities
DEUZF,DEUTZ Aktiengesellschaft,0.0,9.17,100,100,60,Industrials,Specialty Industrial Machinery
FCF,First Commonwealth Financial Corporation,-0.92,4.0,75,73,78,Finance,Major Banks
GRGCF,Georgia Capital PLC,0.0,-0.59,24,100,85,Financial Services,Financial Conglomerates
EZPW,"EZCORP, Inc.",0.34,-17.93,0,0,87,Consumer Discretionary,Other Specialty Stores
LTC,"LTC Properties, Inc.",-3.31,4.2,52,58,62,Real Estate,Real Estate Investment Trusts
TGLS,Tecnoglass Inc.,-2.87,-7.2,24,40,14,Consumer Discretionary,Electronic Components
RXRX,"Recursion Pharmaceuticals, Inc.",2.36,-17.17,15,22,6,Health Care,Biotechnology: Biological Products (No Diagnostic Substances)
NWARF,Norwegian Air Shuttle ASA,0.0,-17.24,0,0,8,Industrials,Airlines
FFXDF,Fairfax India Holdings Corporation,0.11,-0.22,45,64,40,Financial Services,Asset Management
SRPT,"Sarepta Therapeutics, Inc.",0.13,-14.51,2,6,9,Health Care,Biotechnology: Pharmaceutical Preparations
HVBVF,HVBVF,5.8,37.53,63,39,80,,
CMGMF,CMGMF,0.0,25.79,88,83,54,Industrials,Aerospace & Defense
POET,POET,14.29,-24.95,34,37,59,Technology,Semiconductors
COTY,COTY,-1.47,17.98,86,84,16,Consumer Discretionary,Package Goods/Cosmetics
NBHC,NBHC,0.02,-5.34,0,27,51,Finance,Major Banks
PAX,PAX,2.72,-0.27,54,68,12,Finance,Investment Managers
ASPHF,ASPHF,0.0,0.0,100,100,2,Healthcare,Biotechnology
WB,WB,1.37,9.14,97,87,17,Technology,Computer Software: Programming Data Processing
AAPG,AAPG,-1.31,0.61,0,16,4,Health Care,Biotechnology: Pharmaceutical Preparations
MNHFF,MNHFF,0.0,0.0,100,100,66,Consumer Cyclical,Packaging & Containers
ZYME,ZYME,3.18,-11.7,8,2,57,Health Care,Biotechnology: Pharmaceutical Preparations
HMN,HMN,-0.4,-1.16,54,64,70,Finance,Property-Casualty Insurers
PLGO,PLGO,-1.65,0.32,45,58,86,Finance,Property-Casualty Insurers
GEL,GEL,2.55,8.6,100,94,24,Energy,Oil Refining/Marketing
INVX,INVX,3.23,9.39,89,94,62,Consumer Discretionary,Oil and Gas Field Machinery
ALG,ALG,0.57,-4.89,0,42,15,Industrials,Industrial Machinery/Components
IOVA,IOVA,2.85,18.14,52,62,93,Health Care,Biotechnology: Biological Products (No Diagnostic Substances)
ERMAY,ERMAY,0.0,-8.3,0,30,4,Basic Materials,Other Industrial Metals & Mining
WLTH,WLTH,2.27,0.96,86,81,14,Finance,Finance: Consumer Services
CIAFF,CIAFF,-8.13,-7.8,0,0,7,Basic Materials,Steel
GOF,GOF,1.45,-2.3,17,67,21,Finance,Finance/Investors Services
ILPMF,ILPMF,0.0,0.0,51,64,42,Financial Services,Banks - Regional
WMK,WMK,-0.14,-2.22,71,64,61,Consumer Staples,Food Chains
ASTVF,ASTVF,0.0,6.63,85,80,19,Consumer Defensive,Farm Products
MAWHY,MAWHY,-8.29,2.38,10,16,4,Consumer Cyclical,"Furnishings, Fixtures & Appliances"
RMGGF,RMGGF,0.0,3.17,26,40,26,Basic Materials,Gold
QURE,QURE,5.29,-6.6,76,100,97,Health Care,Biotechnology: Pharmaceutical Preparations
ETG,ETG,3.5,1.24,100,100,56,Finance,Investment Managers
SRCE,SRCE,-0.62,7.72,82,79,86,Finance,Major Banks
AEVA,"Aeva Technologies, Inc.",17.66,-40.79,23,23,40,Consumer Discretionary,Auto Parts:O.E.M.
RLLWF,Reliance Worldwide Corporation Limited,0.0,0.0,100,100,46,Industrials,Building Products & Equipment
MD,"Pediatrix Medical Group, Inc.",-0.94,1.3,79,76,89,Health Care,Hospital/Nursing Management
BSMAF,Bursa Malaysia Berhad,0.0,0.0,100,100,95,Financial Services,Financial Data & Stock Exchanges
NCNO,"nCino, Inc.",-2.39,7.17,73,69,13,Technology,Computer Software: Prepackaged Software
CNXN,"PC Connection, Inc.",-0.58,11.73,85,80,84,Consumer Discretionary,Catalog/Specialty Distribution
GT,The Goodyear Tire & Rubber Company,-2.75,9.6,66,65,18,Consumer Discretionary,Automotive Aftermarket
SID,Companhia Siderúrgica Nacional,-1.94,12.22,48,55,4,Industrials,Steel/Iron Ore
GAB,The Gabelli Equity Trust Inc.,1.44,0.36,89,76,41,Finance,Investment Managers
ENVX,Enovix Corporation,13.59,-28.55,24,25,2,Miscellaneous,Industrial Machinery/Components
TH,Target Hospitality Corp.,0.97,-26.51,0,0,93,Consumer Discretionary,Hotels/Resorts
SNDX,"Syndax Pharmaceuticals, Inc.",1.35,-6.75,0,0,75,Health Care,Biotechnology: Pharmaceutical Preparations
SLS,"SELLAS Life Sciences Group, Inc.",1.88,-22.46,4,2,98,Health Care,Biotechnology: Pharmaceutical Preparations
PLSE,"Pulse Biosciences, Inc.",2.31,23.69,95,93,97,Health Care,Medical/Dental Instruments
EPAC,Enerpac Tool Group Corp.,0.19,4.18,81,80,29,Technology,Industrial Machinery/Components
RNDOF,Round One Corporation,0.0,8.57,87,100,99,Consumer Cyclical,Leisure
MQY,"BlackRock MuniYield Quality Fund, Inc.",-0.44,-2.45,0,49,40,Finance,Investment Bankers/Brokers/Service
THQQF,Embracer Group AB (publ),-1.56,8.88,75,73,23,Communication Services,Electronic Gaming & Multimedia
BST,BlackRock Science and Technology Trust,3.72,-8.11,31,72,65,Finance,Finance Companies
AJMPF,Ashmore Group Plc,0.0,20.37,91,86,63,Financial Services,Asset Management
ECPG,"Encore Capital Group, Inc.",0.28,0.32,81,77,95,Finance,Finance Companies
VSTS,Vestis Corporation,-2.21,-0.61,39,52,97,Consumer Discretionary,Consumer Specialties
LAR,Lithium Argentina AG,7.23,-27.42,13,13,49,Basic Materials,Metal Mining
VET,Vermilion Energy Inc.,6.38,26.65,100,100,66,Energy,Oil & Gas Production
PVLA,"Palvella Therapeutics, Inc.",5.32,8.63,80,87,97,Health Care,Biotechnology: Pharmaceutical Preparations
MDCOY,MDCOY,0.0,0.0,100,100,50,Energy,Oil & Gas E&P
GENB,"Generate Biomedicines, Inc.",7.26,-14.97,21,23,58,Health Care,Biotechnology: Pharmaceutical Preparations
KRKNF,Kraken Robotics Inc.,2.36,-8.96,5,15,22,Technology,Scientific & Technical Instruments
SNDA,"Sonida Senior Living, Inc.",-1.45,-3.76,36,45,83,Health Care,Hospital/Nursing Management
SJMHF,SJM Holdings Limited,0.0,5.26,87,81,3,Consumer Cyclical,Resorts & Casinos
PARXF,Parex Resources Inc.,0.9,12.03,87,89,59,Energy,Oil & Gas E&P
ATAI,AtaiBeckley Inc.,0.0,47.13,95,91,95,Health Care,Biotechnology: Pharmaceutical Preparations
GLUE,"Monte Rosa Therapeutics, Inc.",5.19,-5.58,33,52,96,Health Care,Biotechnology: Biological Products (No Diagnostic Substances)
EOPSF,Electro Optic Systems Holdings Limited,-5.07,-34.77,0,0,5,Industrials,Aerospace & Defense
ZD,"Ziff Davis, Inc.",-3.06,1.23,36,50,84,Telecommunications,Telecommunications Equipment
BHVN,Biohaven Ltd.,2.9,-12.31,6,4,71,Health Care,Biotechnology: Pharmaceutical Preparations
SVNBY,"Seven Bank, Ltd.",0.0,0.0,100,100,8,Financial Services,Banks - Regional
DCOM,"Dime Commercial Bancshares, Inc.",0.49,-0.56,84,77,82,Finance,Major Banks
TPB,"Turning Point Brands, Inc.",-0.55,-13.0,18,31,17,Consumer Discretionary,Tobacco
LILA,Liberty Latin America Ltd.,-4.93,2.27,63,64,92,Telecommunications,Cable & Other Pay Television Services
HLIT,Harmonic Inc.,5.85,-28.9,14,11,60,Technology,Radio And Television Broadcasting And Communications Equipment
LSHGF,LSHGF,9.68,42.57,93,79,93,,
STBA,"S&T Bancorp, Inc.",-1.4,4.59,73,72,82,Finance,Major Banks
TGLVY,Top Glove Corporation Bhd.,12.15,-11.6,33,37,27,Healthcare,Medical Instruments & Supplies
FLO,"Flowers Foods, Inc.",-4.29,-15.1,0,0,4,Consumer Staples,Packaged Foods
GLP,Global Partners LP,1.05,3.29,89,80,47,Energy,Oil Refining/Marketing
KMMPF,Killam Apartment REIT,0.0,2.69,100,100,51,Real Estate,REIT - Residential
SFL,SFL Corporation Ltd.,1.4,20.0,98,90,85,Consumer Discretionary,Marine Transportation
PWP,Perella Weinberg Partners,0.4,-7.56,11,38,6,Finance,Finance: Consumer Services
AMVMF,AMG Critical Materials N.V.,8.87,-11.57,39,52,18,Basic Materials,Other Industrial Metals & Mining
DCH,Dauch Corporation,5.97,11.62,100,100,35,Consumer Discretionary,Auto Parts:O.E.M.
CNPPF,China Overseas Property Holdings Limited,0.0,0.0,100,100,20,Real Estate,Real Estate Services
AVAH,Aveanna Healthcare Holdings Inc.,-0.62,9.37,74,72,91,Health Care,Medical/Nursing Services
QQQX,Nuveen Nasdaq 100 Dynamic Overwrite Fund,1.98,-3.29,11,66,51,Finance,Finance Companies
GRGTF,Grainger plc,0.0,19.14,100,100,52,Real Estate,Real Estate Services
COUR,"Coursera, Inc.",-14.72,-11.87,0,8,6,Technology,Computer Software: Prepackaged Software
ESBA,"Empire State Realty OP, L.P.",-11.76,-4.99,0,0,10,Real Estate,REIT - Office
REX,REX American Resources Corporation,3.58,-3.89,26,22,72,Industrials,Major Chemicals
CASBF,CanSino Biologics Inc.,0.0,20.96,92,87,6,Healthcare,Drug Manufacturers - Specialty & Generic
SNLRF,Sanlorenzo S.p.A.,-2.37,5.44,88,98,61,Consumer Cyclical,Recreational Vehicles
INBX,"Inhibrx Biosciences, Inc.",6.91,-10.75,22,23,90,Health Care,Biotechnology: Biological Products (No Diagnostic Substances)
QCRH,"QCR Holdings, Inc.",0.16,4.3,85,79,76,Finance,Major Banks
UMAC,"Unusual Machines, Inc.",18.83,-11.67,73,85,92,Technology,Radio And Television Broadcasting And Communications Equipment
MLLGF,Mullen Group Ltd.,0.05,31.62,89,90,94,Industrials,Trucking
TRIN,Trinity Capital Inc.,-0.91,-1.79,45,60,69,Finance,Finance: Consumer Services
PLFRF,Palfinger AG,0.0,0.0,100,100,29,Industrials,Farm & Heavy Construction Machinery
LKFN,Lakeland Financial Corporation,-1.2,-0.02,71,70,46,Finance,Major Banks
EVTC,"EVERTEC, Inc.",-0.94,8.78,82,78,43,Technology,EDP Services
BY,"Byline Bancorp, Inc.",0.18,2.32,83,77,83,Finance,Major Banks
PRCT,PROCEPT BioRobotics Corporation,0.67,-23.31,29,36,3,Health Care,Medical/Dental Instruments
GAM,"General American Investors Company, Inc.",1.0,1.22,75,73,53,Finance,Investment Managers
DV,"DoubleVerify Holdings, Inc.",-4.17,-1.6,45,48,23,Technology,Computer Software: Programming Data Processing
LOMA,Loma Negra Compañía Industrial Argentina Sociedad Anónima,3.04,4.68,81,98,46,Industrials,Building Materials
JNNDF,Japan Display Inc.,0.0,0.0,51,64,87,Technology,Electronic Components
SFRGF,Salvatore Ferragamo S.p.A.,0.0,0.0,51,64,59,Consumer Cyclical,Luxury Goods
PRG,"PROG Holdings, Inc.",0.42,-4.89,6,40,80,Consumer Discretionary,Diversified Commercial Services
LINC,Lincoln Educational Services Corporation,-3.29,-20.15,15,22,90,Real Estate,Other Consumer Services
RES,"RPC, Inc.",5.86,-5.24,33,36,20,Energy,Oilfield Services/Equipment
TRS,TriMas Corporation,-3.23,-12.06,0,0,46,Industrials,Industrial Specialties
MAZE,"Maze Therapeutics, Inc.",1.32,-7.31,14,25,52,Health Care,Biotechnology: Biological Products (No Diagnostic Substances)
TOWCF,TOWA Corporation,0.0,-26.63,4,7,1,Technology,Semiconductor Equipment & Materials
DPBSF,Dampskibsselskabet Norden A/S,0.0,0.0,51,64,77,Industrials,Marine Shipping
PRXXF,Paradox Interactive AB (publ),0.0,-2.35,14,52,68,Communication Services,Electronic Gaming & Multimedia
ARLO,"Arlo Technologies, Inc.",-0.28,6.79,87,81,29,Consumer Staples,Consumer Electronics/Appliances
NWL,Newell Brands Inc.,-0.96,-12.73,22,45,67,Industrials,Plastic Products
FGETF,Flight Centre Travel Group Limited,0.0,-3.67,43,100,30,Consumer Cyclical,Travel Services
WWW,"Wolverine World Wide, Inc.",-2.68,23.95,79,77,44,Consumer Discretionary,Shoe Manufacturing
KALV,KalVista Pharmaceuticals Inc,0.0,0.0,0,0,35,Health Care,Biotechnology: Pharmaceutical Preparations
JJSF,J&J Snack Foods Corp.,-2.97,1.28,41,53,13,Consumer Staples,Specialty Foods
YSWY,"Yesway, Inc.",3.26,-0.81,100,100,23,Consumer Staples,Food Chains
DFH,"Dream Finders Homes, Inc.",-13.49,-18.61,0,0,7,Consumer Discretionary,Homebuilding
MLTX,MoonLake Immunotherapeutics,3.32,-0.73,22,55,64,Health Care,Biotechnology: Pharmaceutical Preparations
SATL,Satellogic Inc.,5.44,-37.0,6,4,20,Technology,Radio And Television Broadcasting And Communications Equipment
MRTN,"Marten Transport, Ltd.",-1.4,-15.19,0,0,68,Industrials,Trucking Freight/Courier Services
FRRFF,4imprint Group plc,0.0,4.6,100,100,54,Communication Services,Advertising Agencies
RVLV,"Revolve Group, Inc.",-1.43,9.37,70,71,41,Consumer Discretionary,Catalog/Specialty Distribution
LEG,"Leggett & Platt, Incorporated",-2.43,-14.14,0,0,29,Consumer Discretionary,Home Furnishings
IAUX,i-80 Gold Corp.,5.51,-7.59,40,57,77,Basic Materials,Precious Metals
ULCC,"Frontier Group Holdings, Inc.",7.38,-9.7,67,79,94,Consumer Discretionary,Air Freight/Delivery Services
PRGS,Progress Software Corporation,-5.55,3.01,52,56,59,Technology,Computer Software: Prepackaged Software
HMMCF,HMMCF,2.76,-2.72,4,4,99,Basic Materials,Gold
IRS,IRSA Inversiones y Representaciones Sociedad Anónima,0.32,0.32,62,73,34,Real Estate,Homebuilding
WLDN,"Willdan Group, Inc.",3.9,-9.88,17,36,11,Consumer Discretionary,Military/Government/Technical
SUPIF,Supermarket Income REIT plc,0.0,1.42,100,100,83,Industrials,Consulting Services
URGN,UroGen Pharma Ltd.,1.58,8.3,64,84,96,Health Care,Biotechnology: Pharmaceutical Preparations
PKCPY,PT AKR Corporindo Tbk,0.0,0.0,100,100,29,Energy,Oil & Gas Refining & Marketing
SEPN,"Septerna, Inc.",4.67,1.65,65,89,95,Health Care,Biotechnology: Pharmaceutical Preparations
VZLA,Vizsla Silver Corp.,3.85,-0.61,66,82,14,Basic Materials,Precious Metals
CGIFF,Chemtrade Logistics Income Fund,-0.93,5.23,67,71,60,Basic Materials,Chemicals
AIOSF,"Atresmedia Corporación de Medios de Comunicación, S.A.",0.0,0.0,100,100,46,Communication Services,Entertainment
SNMSF,Spin Master Corp.,-10.85,4.01,23,33,43,Consumer Cyclical,Leisure
OGPIF,OGPIF,0.0,0.0,100,100,32,Basic Materials,Gold
EYE,"National Vision Holdings, Inc.",2.05,17.89,100,94,23,Health Care,Ophthalmic Goods
ADTN,"ADTRAN Holdings, Inc.",1.08,-38.27,0,0,7,Utilities,Telecommunications Equipment
CMP,"Compass Minerals International, Inc.",1.57,-2.81,85,82,84,Industrials,Mining & Quarrying of Nonmetallic Minerals (No Fuels)
LLESY,Lendlease Group,0.0,-11.63,0,0,5,Real Estate,Real Estate - Diversified
CDRE,"Cadre Holdings, Inc.",0.2,6.96,48,53,23,Health Care,Industrial Specialties
BCTCF,OSL Group Limited,0.0,0.0,100,100,5,Financial Services,Capital Markets
TAOFF,IperionX Limited,0.0,-12.96,42,63,2,Basic Materials,Other Industrial Metals & Mining
EDN,Empresa Distribuidora y Comercializadora Norte Sociedad Anónima,6.95,11.36,100,100,33,Utilities,Electric Utilities: Central
NAK,Northern Dynasty Minerals Ltd.,0.72,-23.63,0,0,21,Basic Materials,Precious Metals
HROW,"Harrow, Inc.",0.67,-9.44,15,17,34,Health Care,Biotechnology: Pharmaceutical Preparations
GSL,"Global Ship Lease, Inc.",2.61,17.71,100,96,85,Consumer Discretionary,Marine Transportation
DMLP,"Dorchester Minerals, L.P.",0.19,6.19,67,78,46,Energy,Oil & Gas Production
SPRPY,SPRPY,0.0,0.0,100,100,39,Utilities,Utilities - Regulated Gas
LRCDF,Laurentian Bank of Canada,0.0,0.03,61,67,57,Financial Services,Banks - Regional
ATLCP,Atlanticus Holdings Corporation,0.11,0.84,59,67,51,Finance,Finance: Consumer Services
AHG,Akso Health Group,8.9,5.3,99,100,18,Consumer Discretionary,Business Services
SUUIF,Superior Plus Corp.,-0.18,1.79,72,73,48,Utilities,Utilities - Regulated Gas
OCS,Oculis Holding AG,3.41,-17.15,6,7,2,Health Care,Biotechnology: Pharmaceutical Preparations
TWO,Two Harbors Investment Corp.,0.08,0.83,56,65,64,Real Estate,Real Estate Investment Trusts
SATA,"Strive, Inc.",1.84,1.38,95,81,55,Financial Services,Asset Management
SNSNF,"Sansan, Inc.",0.0,0.0,100,100,91,Technology,Software - Application
BLGFF,Baillie Gifford US Growth Trust PLC,-0.96,-7.52,0,9,95,,
SLCVF,SLCVF,0.0,0.0,100,100,57,Industrials,Engineering & Construction
BIREF,Birchcliff Energy Ltd.,-0.45,2.76,40,67,23,Energy,Oil & Gas E&P
BHRB,Burke & Herbert Financial Services Corp.,-0.83,0.36,71,70,69,Finance,Major Banks
UMH,"UMH Properties, Inc.",-2.86,0.2,29,49,39,Real Estate,Real Estate Investment Trusts
FINV,FinVolution Group,-1.61,-1.01,72,72,18,Finance,Finance: Consumer Services
OMGGF,Omai Gold Mines Corp.,1.42,14.1,98,91,95,Basic Materials,Gold
SBH,"Sally Beauty Holdings, Inc.",-0.32,7.95,82,78,62,Consumer Discretionary,Other Specialty Stores
CHFHY,China Foods Limited,0.0,-13.32,5,19,18,Consumer Defensive,Beverages - Non-Alcoholic
AFYA,Afya Limited,-3.12,-4.73,38,51,39,Real Estate,Other Consumer Services
ALX,"Alexander's, Inc.",-0.07,-4.38,0,45,59,Real Estate,Real Estate Investment Trusts
YELP,Yelp Inc.,-5.91,0.08,44,46,17,Consumer Discretionary,Other Consumer Services
TNGRF,Thungela Resources Limited,0.0,3.05,26,42,23,Energy,Thermal Coal
PEBO,Peoples Bancorp Inc.,-1.05,6.13,78,76,85,Finance,Major Banks
IART,Integra LifeSciences Holdings Corporation,3.82,-4.3,11,15,90,Health Care,Medical/Dental Instruments
WLFC,Willis Lease Finance Corporation,4.77,-68.3,5,6,1,Consumer Discretionary,Industrial Specialties
LEFUF,Leon's Furniture Limited,0.0,5.88,81,76,21,Consumer Cyclical,Specialty Retail
KMTS,"Kestra Medical Technologies, Ltd.",1.76,-11.91,35,44,56,Health Care,Medical/Dental Instruments
TMP,Tompkins Financial Corporation,-0.07,3.6,82,80,85,Finance,Major Banks
CPPKF,Faraday Copper Corp.,7.57,-7.44,48,63,97,Basic Materials,Copper
SILXY,Silex Systems Limited,0.72,-20.16,0,0,5,Technology,Semiconductors
CCO,"Clear Channel Outdoor Holdings, Inc.",0.42,0.0,63,68,80,Consumer Discretionary,Advertising
GSHD,"Goosehead Insurance, Inc.",-9.7,26.18,64,64,48,Finance,Specialty Insurers
PRSU,"Pursuit Attractions and Hospitality, Inc.",-3.05,-7.82,0,35,88,Consumer Discretionary,Business Services
BLFS,"BioLife Solutions, Inc.",0.44,11.06,92,86,88,Health Care,Biotechnology: Electromedical & Electrotherapeutic Apparatus
SIFY,Sify Technologies Limited,4.07,-12.22,40,77,81,Technology,Computer Software: Programming Data Processing
ASA,ASA Gold and Precious Metals Limited,3.29,-2.96,45,71,36,Industrials,Precious Metals
PKPYY,Pick n Pay Stores Limited,0.0,0.0,100,100,13,Consumer Cyclical,Department Stores
DTTLF,Datatec Limited,0.0,67.57,100,100,98,Technology,Information Technology Services
AVLN,Avalyn Pharma Inc.,4.31,-2.85,88,99,33,Health Care,Biotechnology: Pharmaceutical Preparations
ABTC,American Bitcoin Corp,13.68,-36.97,21,27,1,Technology,EDP Services
ATEX,Anterix Inc.,6.1,-13.52,25,23,98,Telecommunications,Telecommunications Equipment
CFPZF,Canfor Corporation,4.01,6.53,81,98,49,Basic Materials,Lumber & Wood Production
AGTEF,AGTech Holdings Limited,0.0,1.94,100,100,98,Consumer Cyclical,Gambling
PNTG,"The Pennant Group, Inc.",0.12,10.09,75,75,91,Health Care,Medical/Nursing Services
BFLY,"Butterfly Network, Inc.",15.07,3.03,100,100,98,Health Care,Medical Electronics
CBLNY,Mersen S.A.,0.0,-2.78,25,74,90,Industrials,Electrical Equipment & Parts
SG,"Sweetgreen, Inc.",2.99,-28.02,19,24,16,Consumer Discretionary,Restaurants
TNDM,"Tandem Diabetes Care, Inc.",2.26,20.7,100,96,54,Health Care,Medical/Dental Instruments
JKS,"JinkoSolar Holding Co., Ltd.",1.78,-8.34,1,10,6,Technology,Semiconductors
GHM,Graham Corporation,6.72,-21.12,18,15,84,Industrials,Industrial Machinery/Components
MNKD,MannKind Corporation,6.75,1.48,43,65,56,Health Care,Biotechnology: Pharmaceutical Preparations
ZBIO,"Zenas BioPharma, Inc.",3.8,15.25,90,92,93,Health Care,Biotechnology: Pharmaceutical Preparations
AVNS,"Avanos Medical, Inc.",0.04,0.36,66,100,94,Health Care,Industrial Specialties
CVSGF,CVS Group plc,0.0,-0.11,74,95,34,Healthcare,Medical Care Facilities
BVHMF,Vistry Group PLC,1.18,13.24,100,100,3,Consumer Cyclical,Residential Construction
NDTAF,Northern Data AG,0.0,2.99,100,100,4,Technology,Information Technology Services
OLMA,"Olema Pharmaceuticals, Inc.",5.63,-2.15,53,76,66,Health Care,Biotechnology: Pharmaceutical Preparations
VITBF,VITBF,7.28,-10.44,22,34,2,,
FCELB,"FuelCell Energy, Inc.",-2.0,6.75,42,54,88,Industrials,Electrical Equipment & Parts
ENHA,Enhanced Group Inc.,4.53,1.09,32,41,1,Consumer Discretionary,Services-Misc. Amusement & Recreation
ELE,Elemental Royalty Corporation,6.62,-11.29,65,87,32,Basic Materials,Precious Metals
TDAY,"USA TODAY Co., Inc.",-1.14,-1.69,62,65,95,Consumer Discretionary,Newspapers/Magazines
MGRT,Mega Fortune Company Limited,-1.32,28.28,78,76,99,Technology,EDP Services
CIM,Chimera Investment Corporation,-0.24,-4.88,40,52,38,Real Estate,Real Estate Investment Trusts
IRPSY,IRPC Public Company Limited,0.0,0.0,100,100,96,Energy,Oil & Gas Refining & Marketing
TTAPY,TTW Public Company Limited,0.0,0.0,51,64,54,Utilities,Utilities - Regulated Water
SDGR,"Schrödinger, Inc.",1.52,-6.35,23,48,38,Health Care,Biotechnology: Pharmaceutical Preparations
TOLWF,Trican Well Service Ltd.,0.72,-10.59,0,0,20,Energy,Oil & Gas Equipment & Services
EKZRF,Eckert & Ziegler SE,0.0,0.0,100,100,36,Healthcare,Medical Devices
MRNFF,Meren Energy Inc.,-0.69,3.62,39,64,31,Energy,Oil & Gas E&P
FHNGY,The Foschini Group Limited,0.0,-17.96,26,37,4,Consumer Cyclical,Department Stores
FBAK,First National Bank Alaska,1.88,2.22,100,87,60,Financial Services,Banks - Regional
FPF,First Trust Intermediate Duration Preferred & Income Fund,0.4,-2.44,0,55,33,Finance,Trusts Except Educational Religious and Charitable
CEVA,"CEVA, Inc.",10.22,-27.73,16,15,80,Technology,Computer Software: Programming Data Processing
LGIH,"LGI Homes, Inc.",-1.6,-6.08,23,37,64,Consumer Discretionary,Homebuilding
TEN,Tsakos Energy Navigation Limited,0.68,15.13,90,82,90,Consumer Discretionary,Marine Transportation
ASGTF,Altus Group Limited,0.0,7.24,88,81,24,Real Estate,Real Estate Services
MPZZF,MPC Container Ships ASA,0.0,-3.66,0,35,70,Industrials,Marine Shipping
IQ,"iQIYI, Inc.",4.07,20.75,100,100,11,Consumer Discretionary,Consumer Electronics/Video Chains
UVSP,Univest Financial Corporation,-0.47,-1.66,64,67,85,Finance,Major Banks
SMSSY,"SMS Co., Ltd.",0.0,10.08,59,78,86,Healthcare,Health Information Services
FUBO,FuboTV Inc.,-2.83,-14.78,13,17,1,Consumer Discretionary,Movies/Entertainment
COLL,"Collegium Pharmaceutical, Inc.",-0.85,0.31,60,65,40,Health Care,Biotechnology: Pharmaceutical Preparations
UPWK,Upwork Inc.,-2.94,2.55,56,61,6,Technology,EDP Services
CCB,CCB,-43.52,-50.01,0,0,1,Finance,Major Banks
BOPCF,BOPCF,1.22,4.23,40,45,43,,
MNXBF,MNXBF,0.0,3.06,52,82,1,Financial Services,Capital Markets
MMI,MMI,-1.61,-1.89,61,64,50,Finance,Real Estate
FMBL,FMBL,0.0,6.37,83,78,81,Financial Services,Banks - Regional
XERS,XERS,0.48,5.25,43,71,82,Health Care,Biotechnology: Pharmaceutical Preparations
IRCUF,IRCUF,1.38,26.29,99,93,75,Industrials,Marine Shipping
APPS,APPS,0.86,-38.47,3,6,95,Miscellaneous,Multi-Sector Companies
AZTA,AZTA,1.84,9.97,96,92,34,Technology,Industrial Machinery/Components
ABSI,ABSI,10.72,-31.23,14,13,96,Health Care,Biotechnology: Commercial Physical & Biological Resarch
SAEYY,SAEYY,0.0,0.0,100,100,34,Healthcare,Pharmaceutical Retailers
KOPN,KOPN,13.29,-15.17,39,41,73,Technology,Semiconductors
SMPL,SMPL,1.27,-23.11,4,7,2,Consumer Staples,Packaged Foods
JBIO,JBIO,3.36,-8.3,12,32,92,Health Care,Biotechnology: Pharmaceutical Preparations
MDEVF,MDEVF,0.0,-4.35,72,72,9,Consumer Cyclical,Resorts & Casinos
UVE,UVE,-2.29,4.14,80,77,88,Finance,Property-Casualty Insurers
CHI,CHI,3.25,-5.68,21,17,63,Finance,Investment Managers
PLOW,PLOW,-0.07,-18.02,8,30,72,Industrials,Construction/Ag Equipment/Trucks
CMRF,CMRF,17.07,22.67,100,100,99,Real Estate,REIT - Diversified
TOETF,TOETF,0.0,-13.27,21,55,1,Real Estate,Real Estate - Diversified
NLST,NLST,-2.86,-16.49,0,0,97,Technology,Electronics & Computer Distribution
APYRF,Allied Properties Real Estate Investment Trust,0.14,2.73,14,40,8,Real Estate,REIT - Office
TWFG,"TWFG, Inc.",-5.45,7.25,51,56,65,Finance,Specialty Insurers
HEPS,D-Market Elektronik Hizmetler ve Ticaret A.S.,2.1,0.34,77,72,50,Consumer Discretionary,Catalog/Specialty Distribution
CGEM,"Cullinan Therapeutics, Inc.",1.8,1.39,62,86,94,Health Care,Biotechnology: Biological Products (No Diagnostic Substances)
SDTHF,Sdiptech AB (publ),0.0,0.0,100,100,72,Industrials,Conglomerates
RCKHF,Rockhopper Exploration plc,-1.04,0.0,27,57,19,Energy,Oil & Gas E&P
CTYMF,Catalyst Metals Limited,-3.76,12.61,49,56,18,Basic Materials,Gold
