ticker,name,daily_pct,one_month_pct,rs_sts_spy,rs_sts_qqq,ibd_rs,sector,industry
NVDA,NVIDIA Corporation,0.37,-10.57,0,5,52,Technology,Semiconductors
AAPL,Apple Inc,1.31,0.46,96,93,72,Technology,Computer Manufacturing
AVGO,Broadcom Inc,3.73,-10.6,21,23,65,Technology,Semiconductors
META,Meta Platforms Inc,2.98,-4.26,72,83,24,Technology,Computer Software: Programming Data Processing
AMD,Advanced Micro Devices,6.61,5.51,72,82,97,Technology,Semiconductors
ASMLF,ASML Holding N.V.,3.86,4.79,52,60,91,Technology,Semiconductor Equipment & Materials
XOM,ExxonMobil Holdings Corporation,-0.47,-10.26,0,10,46,Energy,Integrated oil Companies
TCTZF,Tencent Holdings Limited,4.17,-6.07,45,49,12,Communication Services,Internet Content & Information
MA,Mastercard Incorporated,-1.17,10.66,80,81,34,Consumer Discretionary,Business Services
LRCX,Lam Research Corporation,-0.34,4.17,32,34,96,Technology,Industrial Machinery/Components
PLTR,Palantir Technologies Inc.,2.51,-6.46,78,79,14,Technology,Computer Software: Prepackaged Software
CVX,Chevron Corporation,-0.65,-10.75,4,15,38,Energy,Integrated oil Companies
AMAT,"Applied Materials, Inc.",-1.7,18.16,49,52,96,Technology,Semiconductors
KO,The Coca-Cola Company,-1.4,8.69,49,59,61,Consumer Staples,Beverages (Production/Distribution)
RHHBY,Roche Holding AG,-2.73,0.04,51,61,53,Healthcare,Drug Manufacturers - General
RHHBF,Roche Holding AG,-3.7,2.18,24,45,43,Healthcare,Drug Manufacturers - General
ACGBY,Agricultural Bank of China Limited,-0.3,-9.34,0,5,28,Financial Services,Banks - Diversified
BABAF,Alibaba Group Holding Limited,-5.55,-23.76,0,2,6,Consumer Cyclical,Internet Retail
CYATY,CYATY,-1.25,-8.27,0,0,47,Industrials,Electrical Equipment & Parts
CICHY,China Construction Bank Corporation,-0.3,-5.82,0,13,34,Financial Services,Banks - Diversified
CICHF,China Construction Bank Corporation,0.0,-3.67,0,17,45,Financial Services,Banks - Diversified
SFTBF,SoftBank Group Corp.,-4.03,-23.92,0,0,35,Communication Services,Telecom Services
NVS,Novartis AG,-2.76,4.78,56,64,57,Health Care,Biotechnology: Pharmaceutical Preparations
SFTBY,SoftBank Group Corp.,0.98,-21.16,14,19,88,Communication Services,Telecom Services
NVSEF,Novartis AG,0.0,9.98,92,90,57,Healthcare,Drug Manufacturers - General
BACHY,Bank of China Limited,0.39,-5.53,0,8,43,Financial Services,Banks - Diversified
KLAC,KLA Corporation,-0.95,9.48,34,36,94,Technology,Electronic Components
TOYOF,Toyota Motor Corporation,5.23,-4.44,89,96,21,Consumer Cyclical,Auto Manufacturers
LRLCF,L'Oréal S.A.,2.48,4.71,42,46,46,Consumer Defensive,Household & Personal Products
SMAWF,Siemens Aktiengesellschaft,0.67,1.25,66,86,69,Industrials,Specialty Industrial Machinery
PANW,"Palo Alto Networks, Inc.",2.72,28.03,100,100,94,Technology,Computer peripheral equipment
BHP,BHP Group Limited,0.37,-5.79,9,20,82,Energy,Coal Mining
AXP,American Express Company,1.16,14.23,100,98,52,Finance,Finance: Consumer Services
SAP,SAP SE,-1.29,-14.24,25,33,7,Technology,Computer Software: Prepackaged Software
APP,AppLovin Corporation,3.17,-2.7,74,77,66,Technology,Computer Software: Programming Data Processing
ADI,"Analog Devices, Inc.",3.09,-9.31,12,12,84,Technology,Semiconductors
HESAF,Hermès International Société en commandite par actions,-0.28,0.2,6,22,11,Consumer Cyclical,Luxury Goods
CMWAY,Commonwealth Bank of Australia,1.93,-2.27,66,75,34,Financial Services,Banks - Diversified
PEP,"PepsiCo, Inc.",-0.64,1.86,52,59,33,Consumer Staples,Beverages (Production/Distribution)
IDEXF,"Industria de Diseño Textil, S.A.",4.08,5.38,80,97,62,Consumer Cyclical,Apparel Retail
ABLZF,ABB Ltd,0.0,0.53,37,58,85,Industrials,Electrical Equipment & Parts
RIO,Rio Tinto Group,-0.89,-11.21,0,4,72,Basic Materials,Metal Mining
TMO,Thermo Fisher Scientific Inc.,-1.12,7.49,82,83,40,Industrials,Industrial Machinery/Components
AMGN,Amgen Inc.,-2.06,6.03,71,74,59,Health Care,Biotechnology: Biological Products (No Diagnostic Substances)
RTPPF,Rio Tinto Group,0.0,-10.83,0,11,76,Basic Materials,Other Industrial Metals & Mining
DIS,The Walt Disney Company,-2.1,-1.19,11,31,21,Consumer Discretionary,Services-Misc. Amusement & Recreation
TJX,"The TJX Companies, Inc.",-1.91,-4.61,0,10,39,Consumer Discretionary,Clothing/Shoe/Accessory Stores
ALIZY,Allianz SE,0.56,11.69,97,92,63,Financial Services,Insurance - Diversified
EADSY,Airbus SE,2.32,16.97,100,100,61,Industrials,Aerospace & Defense
SMEGF,Siemens Energy AG,2.93,2.83,84,100,83,Industrials,Specialty Industrial Machinery
DTEGY,Deutsche Telekom AG,1.29,-10.18,23,30,13,Communication Services,Telecom Services
FRCOF,"Fast Retailing Co., Ltd.",5.88,8.81,100,100,87,Consumer Cyclical,Apparel Retail
GLW,Corning Incorporated,-1.01,-1.47,24,24,95,Industrials,Telecommunications Equipment
SHOP,Shopify Inc.,0.57,3.53,82,93,23,Technology,Computer Software: Prepackaged Software
IBDSF,"Iberdrola, S.A.",-3.48,5.36,33,43,58,Utilities,Utilities - Diversified
RYCEY,Rolls-Royce Holdings plc,2.39,18.03,100,100,78,Industrials,Aerospace & Defense
TOELY,Tokyo Electron Limited,2.32,11.97,61,64,95,Technology,Semiconductor Equipment & Materials
SAFRY,Safran SA,1.37,17.18,100,100,70,Industrials,Aerospace & Defense
HTHIY,"Hitachi, Ltd.",4.79,-8.32,51,54,40,Industrials,Conglomerates
WELL,Welltower Inc.,-1.43,15.85,84,82,75,Real Estate,Real Estate Investment Trusts
UBER,"Uber Technologies, Inc.",-2.7,0.29,29,38,18,Consumer Discretionary,Business Services
CIHHF,"China Merchants Bank Co., Ltd.",0.0,-1.17,10,25,24,Financial Services,Banks - Regional
DBSDY,DBS Group Holdings Ltd,0.86,3.66,81,93,75,Financial Services,Banks - Regional
COP,ConocoPhillips,-1.1,-13.13,0,7,33,Energy,Integrated oil Companies
PLDGP,"Prologis, Inc.",-0.02,1.22,32,59,37,Real Estate,REIT - Industrial
BBVXF,"Banco Bilbao Vizcaya Argentaria, S.A.",3.75,16.64,100,100,81,Financial Services,Banks - Diversified
BTAFF,British American Tobacco p.l.c.,-0.21,0.38,36,50,57,Consumer Defensive,Tobacco
BKNG,Booking Holdings Inc.,-1.91,8.36,72,73,23,Consumer Discretionary,Transportation Services
NOW,"ServiceNow, Inc.",1.51,-9.58,66,70,9,Technology,Computer Software: Prepackaged Software
CFRUY,Compagnie Financière Richemont SA,0.09,9.2,62,73,65,Consumer Cyclical,Luxury Goods
IFNNF,Infineon Technologies AG,3.74,-10.4,18,20,95,Technology,Semiconductors
IFNNY,Infineon Technologies AG,2.05,-11.24,9,7,94,Technology,Semiconductors
KYCCF,Keyence Corporation,-1.64,2.0,74,77,82,Technology,Scientific & Technical Instruments
VRT,Vertiv Holdings Co,5.97,-1.66,38,44,92,Technology,Industrial Machinery/Components
PDD,PDD Holdings Inc.,1.64,-2.49,74,73,8,Technology,EDP Services
ENNPF,Enbridge Inc.,0.0,0.0,32,59,47,Energy,Oil & Gas Midstream
ZIJMF,Zijin Mining Group Company Limited,6.67,-5.88,72,78,41,Basic Materials,Gold
ENB,Enbridge Inc.,-1.13,-5.76,0,6,50,Energy,Natural Gas Distribution
ADTTF,Advantest Corporation,0.0,25.24,97,95,94,Technology,Semiconductor Equipment & Materials
NEM,Newmont Corporation,1.2,-9.35,28,41,51,Basic Materials,Precious Metals
BMY,Bristol-Myers Squibb Company,-2.46,1.31,60,67,51,Health Care,Biotechnology: Pharmaceutical Preparations
CVS,CVS Health Corporation,-2.52,7.66,43,56,83,Consumer Staples,Retail-Drug Stores and Proprietary Stores
ACN,Accenture plc,-0.28,-23.43,21,24,2,Consumer Discretionary,Business Services
ENLAY,Enel SpA,0.43,4.13,66,85,55,Utilities,Utilities - Diversified
PGR,The Progressive Corporation,-0.24,18.63,92,90,48,Finance,Property-Casualty Insurers
AAGIY,AIA Group Limited,1.53,-3.77,46,75,25,Financial Services,Insurance - Life
BP,BP p.l.c.,-0.03,-15.1,12,15,37,Energy,Integrated oil Companies
PH,Parker-Hannifin Corporation,0.88,11.37,63,74,63,Industrials,Metal Fabrications
BPAQF,BP p.l.c.,4.54,-14.33,17,24,34,Energy,Oil & Gas Integrated
ZFSVF,Zurich Insurance Group AG,0.0,5.03,60,79,34,Financial Services,Insurance - Diversified
CEG,Constellation Energy Corporation,2.77,-7.08,19,27,10,Utilities,Electric Utilities: Central
HWM,Howmet Aerospace Inc.,2.77,11.46,73,83,80,Industrials,Metal Fabrications
BAMGF,Brookfield Corporation,0.0,-0.29,33,72,60,Financial Services,Asset Management
FTNT,"Fortinet, Inc.",3.9,8.47,100,100,93,Technology,Computer peripheral equipment
CME,CME Group Inc.,-0.78,-7.84,25,31,13,Finance,Investment Bankers/Brokers/Service
FDX,FedEx Corporation,-0.98,-5.15,0,8,80,Consumer Discretionary,Air Freight/Delivery Services
SHECY,"Shin-Etsu Chemical Co., Ltd.",6.25,-3.69,62,76,76,Basic Materials,Chemicals
AXAHY,AXA SA,1.14,10.99,98,97,55,Financial Services,Insurance - Diversified
MDT,Medtronic plc,-0.16,2.29,84,83,24,Health Care,Biotechnology: Electromedical & Electrotherapeutic Apparatus
CHDRF,Christian Dior SE,-3.94,-0.66,10,37,22,Consumer Cyclical,Luxury Goods
ESLOY,EssilorLuxottica Société anonyme,-1.01,-3.55,34,47,8,Healthcare,Medical Instruments & Supplies
ITOCF,ITOCHU Corporation,1.13,-0.52,3,14,3,Industrials,Conglomerates
MITSY,"Mitsui & Co., Ltd.",2.55,-8.45,29,41,35,Industrials,Conglomerates
SBKFF,State Bank of India,6.16,17.37,100,100,55,Financial Services,Banks - Regional
INGVF,ING Groep N.V.,4.78,3.58,100,100,82,Financial Services,Banks - Diversified
AEM,Agnico Eagle Mines Limited,0.7,-12.34,0,12,23,Basic Materials,Precious Metals
UPS,"United Parcel Service, Inc.",-0.58,-0.18,71,77,63,Industrials,Trucking Freight/Courier Services
PROSF,Prosus N.V.,0.0,-0.99,49,52,12,Consumer Cyclical,Internet Retail
ATLPF,Atlas Copco AB (publ),0.0,5.17,59,74,84,Industrials,Specialty Industrial Machinery
ATLCY,Atlas Copco AB (publ),1.26,2.66,59,81,62,Industrials,Specialty Industrial Machinery
CMI,Cummins Inc.,2.5,0.02,26,27,87,Industrials,Industrial Machinery/Components
MGCLY,MGCLY,2.47,4.92,89,87,42,Consumer Cyclical,"Furnishings, Fixtures & Appliances"
ADP,"Automatic Data Processing, Inc.",-1.15,4.32,82,82,32,Industrials,Diversified Commercial Services
ING,ING Groep N.V.,2.68,7.54,100,100,77,Finance,Commercial Banks
BCMXY,"Bank of Communications Co., Ltd.",0.0,-1.66,13,23,36,Financial Services,Banks - Diversified
AMT,American Tower Corporation,-2.36,-15.6,0,4,18,Real Estate,Real Estate Investment Trusts
SNPMF,China Petroleum & Chemical Corporation,6.0,-5.36,36,48,30,Energy,Oil & Gas Integrated
MNST,Monster Beverage Corporation,-0.24,9.97,79,83,82,Consumer Staples,Beverages (Production/Distribution)
NET,"Cloudflare, Inc.",2.12,-7.85,78,79,67,Technology,Computer Software: Prepackaged Software
USB,U.S. Bancorp,1.78,14.26,100,100,72,Finance,Major Banks
WM,"Waste Management, Inc.",-0.62,5.01,78,80,37,Utilities,Environmental Services
BCLYF,Barclays PLC,-2.87,7.99,62,66,74,Financial Services,Banks - Diversified
AMXOF,"América Móvil, S.A.B. de C.V.",0.0,-9.56,2,19,87,Communication Services,Telecom Services
OVCHY,Oversea-Chinese Banking Corporation Limited,1.85,5.27,94,100,81,Financial Services,Banks - Regional
NABZY,National Australia Bank Limited,0.45,1.36,71,84,28,Financial Services,Banks - Diversified
CHGCY,"Chugai Pharmaceutical Co., Ltd.",-0.47,-2.06,47,50,18,Healthcare,Drug Manufacturers - General
NXPI,NXP Semiconductors N.V.,2.62,-12.65,10,12,79,Technology,Semiconductors
LLDTF,Lloyds Banking Group plc,0.0,14.17,60,65,71,Financial Services,Banks - Regional
RACE,Ferrari N.V.,1.79,11.99,100,100,34,Industrials,Auto Manufacturing
BAESF,BAE Systems plc,3.34,5.58,100,100,37,Industrials,Aerospace & Defense
NTTYY,"NTT, Inc.",-0.4,-1.52,18,33,17,Communication Services,Telecom Services
MMM,3M Company,-0.8,4.18,16,34,44,Health Care,Medical/Dental Instruments
EPD,Enterprise Products Partners L.P.,-0.76,-4.48,2,24,54,Utilities,Natural Gas Distribution
MCO,Moody's Corporation,1.69,11.05,100,100,44,Finance,Finance: Consumer Services
AMX,"América Móvil, S.A.B. de C.V.",1.63,3.16,28,37,66,Telecommunications,Telecommunications Equipment
MRSH,"Marsh & McLennan Companies, Inc.",-2.13,8.35,71,74,24,Finance,Specialty Insurers
ENGQF,Engie SA,3.01,3.21,33,52,70,Utilities,Utilities - Diversified
ANZGY,ANZ Group Holdings Limited,0.54,-1.58,27,51,45,Financial Services,Banks - Diversified
SHW,The Sherwin-Williams Company,-0.95,16.34,87,85,44,Consumer Discretionary,RETAIL: Building Materials
APO,"Apollo Global Management, Inc.",3.0,-4.86,23,31,33,Finance,Investment Managers
VLO,Valero Energy Corporation,0.96,4.43,97,97,87,Energy,Integrated oil Companies
CL,Colgate-Palmolive Company,-1.83,9.74,69,68,55,Consumer Discretionary,Package Goods/Cosmetics
ORLY,"O'Reilly Automotive, Inc.",-6.66,-4.71,0,3,19,Consumer Discretionary,Auto & Home Supply Stores
B,B,-0.26,-10.94,22,32,57,Basic Materials,Precious Metals
EOG,"EOG Resources, Inc.",-1.06,-8.16,0,12,46,Energy,Oil & Gas Production
PSX,Phillips 66,0.52,-3.7,47,55,71,Energy,Integrated oil Companies
F,Ford Motor Company,3.52,-9.84,20,16,63,Industrials,Auto Manufacturing
TRP,TC Energy Corporation,0.72,-2.02,17,31,67,Utilities,Natural Gas Distribution
KMI,"Kinder Morgan, Inc.",-1.15,-0.03,11,33,48,Utilities,Natural Gas Distribution
AEP,"American Electric Power Company, Inc.",-1.83,6.41,52,66,61,Utilities,Electric Utilities: Central
CTAS,Cintas Corporation,-1.73,-0.96,44,55,25,Industrials,Garments and Clothing
VALE,Vale S.A.,0.67,-4.31,8,30,67,Basic Materials,Metal Mining
WBD,"Warner Bros. Discovery, Inc.",-1.36,-3.26,0,25,76,Consumer Discretionary,Services-Misc. Amusement & Recreation
MSI,"Motorola Solutions, Inc.",0.04,3.26,88,87,33,Technology,Radio And Television Broadcasting And Communications Equipment
DHLGY,Deutsche Post AG,0.31,5.07,93,90,78,Industrials,Integrated Freight & Logistics
SPG,"Simon Property Group, Inc.",-0.47,10.3,64,72,73,Real Estate,Real Estate Investment Trusts
DPSTF,Deutsche Post AG,0.33,3.61,92,89,73,Industrials,Integrated Freight & Logistics
WFAFY,Wesfarmers Limited,2.99,10.25,69,74,59,Consumer Cyclical,Home Improvement Retail
HKXCY,Hong Kong Exchanges and Clearing Limited,1.93,-5.37,36,48,21,Financial Services,Financial Data & Stock Exchanges
FIX,"Comfort Systems USA, Inc.",2.97,-6.35,11,10,94,Industrials,Engineering & Construction
MFC,Manulife Financial Corporation,0.44,7.43,91,83,71,Finance,Life Insurance
MQBKY,Macquarie Group Limited,0.11,2.69,61,74,69,Financial Services,Capital Markets
TEL,TE Connectivity plc,1.37,-9.33,5,11,30,Technology,Electronic Components
APD,"Air Products and Chemicals, Inc.",-1.7,9.87,81,80,56,Basic Materials,Major Chemicals
RSG,"Republic Services, Inc.",-1.27,3.51,54,70,28,Utilities,Environmental Services
STMEF,STMicroelectronics N.V.,7.11,-6.29,33,36,96,Technology,Semiconductors
WPM,Wheaton Precious Metals Corp.,-0.42,-10.27,21,30,34,Basic Materials,Precious Metals
TFC,Truist Financial Corporation,0.86,4.55,75,90,54,Finance,Major Banks
CRWV,"CoreWeave, Inc.",5.77,-19.97,11,11,19,Technology,Computer Software: Prepackaged Software
D,"Dominion Energy, Inc.",-0.7,4.15,53,64,62,Utilities,Electric Utilities: Central
LHX,"L3Harris Technologies, Inc.",-0.26,-2.35,42,59,32,Industrials,Industrial Machinery/Components
TER,"Teradyne, Inc.",2.83,-6.72,15,15,95,Industrials,Electrical Products
CRARY,Crédit Agricole S.A.,1.29,7.04,98,98,54,Financial Services,Banks - Regional
GWW,"W.W. Grainger, Inc.",2.02,6.27,62,84,78,Industrials,Office Equipment/Supplies/Services
RELX,RELX PLC,1.06,-6.36,24,35,11,Consumer Discretionary,Business Services
MPNGY,Meituan,3.98,-6.0,47,49,8,Consumer Cyclical,Internet Retail
TGT,Target Corporation,-3.16,1.82,5,4,69,Consumer Discretionary,Department/Specialty Retail Stores
THLLY,Thales S.A.,1.06,4.0,77,84,26,Industrials,Aerospace & Defense
O,Realty Income Corporation,-1.02,6.21,64,75,49,Real Estate,Real Estate Investment Trusts
RLXXF,RELX PLC,1.87,-5.06,29,38,13,Industrials,Specialty Business Services
THLEF,Thales S.A.,0.53,3.31,94,90,26,Industrials,Aerospace & Defense
SSUMF,Sumitomo Corporation,-5.62,-76.05,1,1,1,Industrials,Conglomerates
STRF,Strategy Inc,2.09,5.16,100,100,31,Technology,Computer Software: Prepackaged Software
STRK,Strategy Inc,2.49,-4.98,64,69,10,Technology,Computer Software: Prepackaged Software
ANFGF,Antofagasta plc,1.05,-7.1,36,44,83,Basic Materials,Copper
MPLX,MPLX LP,-0.33,1.15,40,60,54,Energy,Natural Gas Distribution
CMPGF,Compass Group PLC,0.0,-3.42,0,4,34,Consumer Cyclical,Restaurants
FNCTF,Orange S.A.,0.0,-3.4,0,27,60,Communication Services,Telecom Services
CMPGY,Compass Group PLC,-4.32,-1.87,0,0,37,Consumer Cyclical,Restaurants
FKURF,Fujikura Ltd.,-1.06,13.26,45,50,99,Industrials,Conglomerates
VWAGY,Volkswagen AG,3.17,-10.21,36,43,14,Consumer Cyclical,Auto Manufacturers
DAL,"Delta Air Lines, Inc.",-1.15,15.31,77,81,87,Consumer Discretionary,Air Freight/Delivery Services
SCGLY,Société Générale Société anonyme,1.47,8.66,87,100,76,Financial Services,Banks - Regional
MET,"MetLife, Inc.",0.44,8.39,93,89,66,Finance,Life Insurance
ALL,The Allstate Corporation,-0.78,17.8,88,85,68,Finance,Property-Casualty Insurers
OKE,"ONEOK, Inc.",-0.46,-1.71,22,38,54,Utilities,Oil & Gas Production
GWLIF,Great-West Lifeco Inc.,0.31,11.24,95,91,86,Financial Services,Insurance - Life
CTVA,"Corteva, Inc.",0.69,11.53,99,95,62,Consumer Staples,Farming/Seeds/Milling
BAMXF,Bayerische Motoren Werke Aktiengesellschaft,1.91,-16.58,30,35,7,Consumer Cyclical,Auto Manufacturers
CBRS,Cerebras Systems Inc.,-6.27,-10.86,26,28,3,Technology,Semiconductors
CVE,Cenovus Energy Inc.,-1.18,-17.77,0,0,76,Energy,Oil & Gas Production
SDVKF,Sandvik AB (publ),0.0,1.48,81,82,80,Industrials,Specialty Industrial Machinery
ARGNF,argenx SE,3.93,12.02,100,100,77,Healthcare,Biotechnology
ARGX,argenx SE,-2.43,8.85,58,62,74,Health Care,Biotechnology: Biological Products (No Diagnostic Substances)
BFFAF,BASF SE,0.73,-9.05,1,21,39,Basic Materials,Chemicals
MCHP,Microchip Technology Incorporated,3.49,-9.04,12,12,79,Technology,Semiconductors
NTDOF,"Nintendo Co., Ltd.",0.69,-0.68,33,39,4,Communication Services,Electronic Gaming & Multimedia
SDVKY,Sandvik AB (publ),3.43,2.75,81,100,81,Industrials,Specialty Industrial Machinery
EA,Electronic Arts Inc.,0.0,0.89,29,53,45,Consumer Discretionary,Services-Misc. Amusement & Recreation
TTDKF,TDK Corporation,5.96,-3.2,38,47,99,Technology,Electronic Components
CTPCF,CITIC Limited,0.0,-21.97,0,5,19,Industrials,Conglomerates
ETR,Entergy Corporation,-1.11,4.16,40,55,63,Utilities,Electric Utilities: Central
EW,Edwards Lifesciences Corporation,0.86,8.84,100,95,64,Health Care,Industrial Specialties
DRPRY,Dr. Ing. h.c. F. Porsche AG,3.1,-2.2,54,63,55,Consumer Cyclical,Auto Manufacturers
CCJ,Cameco Corporation,0.99,-14.49,1,3,45,Basic Materials,Other Metals and Minerals
TTDKY,TDK Corporation,-1.85,-12.63,0,0,91,Technology,Electronic Components
FER,Ferrovial N.V.,0.74,2.65,29,37,55,Industrials,Military/Government/Technical
CRZBY,Commerzbank AG,0.16,2.04,72,84,67,Financial Services,Banks - Regional
AMSYF,ArcelorMittal S.A.,0.0,-9.38,0,2,87,Basic Materials,Steel
UOVEF,United Overseas Bank Limited,0.0,-0.75,75,78,56,Financial Services,Banks - Regional
MDLN,Medline Inc.,-1.02,24.09,91,89,35,Health Care,Medical/Dental Instruments
RWNFF,RWE Aktiengesellschaft,1.3,2.22,47,60,72,Utilities,Utilities - Diversified
LNG,"Cheniere Energy, Inc.",0.05,2.08,78,80,38,Utilities,Oil/Gas Transmission
LGRVF,Legrand SA,0.0,-9.55,3,18,53,Industrials,Electrical Equipment & Parts
FANUF,Fanuc Corporation,-1.66,-10.49,8,31,83,Industrials,Specialty Industrial Machinery
CAH,"Cardinal Health, Inc.",-0.59,17.99,81,85,74,Health Care,Other Pharmaceuticals
DGEAF,Diageo plc,-0.63,5.0,36,56,29,Consumer Defensive,Beverages - Wineries & Distilleries
BIDU,"Baidu, Inc.",0.96,-15.14,45,47,37,Technology,Computer Software: Programming Data Processing
GPDNF,Danone S.A.,-2.45,12.47,77,75,32,Consumer Defensive,Packaged Foods
ERIXF,Telefonaktiebolaget LM Ericsson (publ),0.0,-14.77,0,8,58,Technology,Communication Equipment
FITBO,Fifth Third Bancorp,0.11,0.28,28,59,26,Finance,Major Banks
FITBI,Fifth Third Bancorp,0.24,0.62,49,68,41,Finance,Major Banks
LGRDY,Legrand SA,2.33,-4.25,39,62,52,Industrials,Electrical Equipment & Parts
CODYY,Compagnie de Saint-Gobain S.A.,-0.41,-0.56,48,62,29,Industrials,Building Products & Equipment
GFS,GLOBALFOUNDRIES Inc.,-1.33,-18.53,0,0,92,Technology,Semiconductors
LZAGF,Lonza Group AG,2.27,15.69,100,100,47,Healthcare,Diagnostics & Research
CLS,Celestica Inc.,4.16,-17.67,17,17,84,Technology,Electrical Products
CODGF,Compagnie de Saint-Gobain S.A.,-2.98,4.01,35,46,28,Industrials,Building Products & Equipment
ASTS,"AST SpaceMobile, Inc.",-5.27,-24.84,42,45,66,Consumer Discretionary,Telecommunications Equipment
ANYYY,"Aena S.M.E., S.A.",1.43,11.17,79,86,57,Industrials,Airports & Air Services
CNSWY,CNSWY,1.25,-3.62,15,26,11,Technology,Software - Application
STT,State Street Corporation,3.09,8.65,92,100,86,Finance,Major Banks
HEINY,Heineken N.V.,-1.51,13.75,80,78,48,Consumer Defensive,Beverages - Brewers
VTR,"Ventas, Inc.",-0.34,17.26,91,89,72,Real Estate,Real Estate Investment Trusts
WOPEF,Woodside Energy Group Ltd,-7.09,-15.96,0,0,32,Energy,Oil & Gas E&P
WDS,WDS,-0.67,-13.0,1,11,49,Energy,Oil & Gas Production
TTWO,"Take-Two Interactive Software, Inc.",1.34,19.28,100,100,56,Consumer Discretionary,Services-Misc. Amusement & Recreation
PPCCY,PICC Property and Casualty Company Limited,1.08,4.63,30,31,27,Financial Services,Insurance - Property & Casualty
SWDBY,Swedbank AB (publ),2.1,7.22,100,100,75,Financial Services,Banks - Regional
HOCFF,HOCHTIEF Aktiengesellschaft,-1.37,-2.74,33,35,92,Industrials,Engineering & Construction
BAYZF,Bayer Aktiengesellschaft,-2.42,46.23,90,89,87,Healthcare,Drug Manufacturers - General
SWDBF,Swedbank AB (publ),0.0,5.6,46,65,57,Financial Services,Banks - Regional
YUM,"Yum! Brands, Inc.",0.76,12.09,99,94,49,Consumer Discretionary,Restaurants
TEVA,Teva Pharmaceutical Industries Limited,1.88,2.5,100,100,85,Health Care,Biotechnology: Pharmaceutical Preparations
RBGPF,Reckitt Benckiser Group plc,0.25,12.81,95,92,27,Consumer Defensive,Household & Personal Products
CCEP,Coca-Cola Europacific Partners PLC,0.34,16.25,95,91,63,Consumer Staples,Beverages (Production/Distribution)
CCI,Crown Castle Inc.,-2.19,-19.19,0,3,13,Real Estate,Real Estate Investment Trusts
SSEZF,SSE plc,-0.44,-2.16,56,65,56,Utilities,Utilities - Diversified
MSADY,"MS&AD Insurance Group Holdings, Inc.",2.92,6.02,57,62,63,Financial Services,Insurance - Property & Casualty
HSY,The Hershey Company,-2.54,-2.85,31,46,25,Consumer Staples,Specialty Foods
RBGLY,Reckitt Benckiser Group plc,-1.64,13.16,79,80,29,Consumer Defensive,Household & Personal Products
PEG,Public Service Enterprise Group Incorporated,-1.02,4.37,30,38,35,Utilities,Power Generation
CCL,Carnival Corporation Ltd.,-1.43,-1.22,13,11,33,Consumer Discretionary,Marine Transportation
JBL,Jabil Inc.,-0.9,-9.52,0,0,84,Technology,Electrical Products
TRI,Thomson Reuters Corporation,-1.51,2.47,83,83,7,Consumer Discretionary,Publishing
LNVGF,Lenovo Group Limited,-2.21,-14.24,0,0,95,Technology,Computer Hardware
IRM,Iron Mountain Incorporated,-0.67,-10.04,0,0,67,Real Estate,Real Estate Investment Trusts
EQBBF,EQT AB (publ),0.0,-7.41,40,47,41,Financial Services,Asset Management
SSEZY,SSE plc,0.88,3.09,100,95,58,Utilities,Utilities - Diversified
MSADF,"MS&AD Insurance Group Holdings, Inc.",2.93,6.08,68,74,65,Financial Services,Insurance - Property & Casualty
STLD,"Steel Dynamics, Inc.",3.03,-17.79,7,10,84,Industrials,Steel/Iron Ore
KMTUY,Komatsu Ltd.,6.59,-4.79,69,72,61,Industrials,Farm & Heavy Construction Machinery
PBCRF,PT Bank Central Asia Tbk,6.11,17.86,64,66,7,Financial Services,Banks - Regional
EME,"EMCOR Group, Inc.",1.63,-6.88,6,2,66,Industrials,Engineering & Construction
FJTSY,Fujitsu Limited,-0.29,-6.4,29,41,19,Technology,Information Technology Services
WEGZY,WEG S.A.,0.45,11.83,47,60,45,Industrials,Electrical Equipment & Parts
JPPHY,"Japan Post Holdings Co., Ltd.",-8.35,-6.8,0,0,52,Financial Services,Banks - Regional
PPRUF,Kering SA,-7.47,-2.63,0,0,27,Consumer Cyclical,Luxury Goods
WEC,"WEC Energy Group, Inc.",-1.85,4.85,39,59,45,Utilities,Power Generation
FINMF,Leonardo S.p.a.,3.35,2.77,92,99,32,Industrials,Aerospace & Defense
KMTUF,Komatsu Ltd.,8.97,-6.38,63,74,61,Industrials,Farm & Heavy Construction Machinery
PCG,PG&E Corporation,-1.35,0.29,24,46,42,Utilities,Power Generation
VODPF,Vodafone Group Public Limited Company,0.73,1.47,0,5,38,Communication Services,Telecom Services
HMC,"Honda Motor Co., Ltd.",5.75,6.09,100,100,48,Industrials,Auto Manufacturing
ADDDF,adidas AG,-2.02,11.44,77,73,57,Consumer Cyclical,Footwear & Accessories
BKHPF,Bank Hapoalim B.M.,-14.66,-14.66,0,0,77,Financial Services,Banks - Regional
TEVJF,Teva Pharmaceutical Industries Limited,0.0,8.77,90,88,82,Healthcare,Drug Manufacturers - Specialty & Generic
AMKAF,A.P. Møller - Mærsk A/S,-1.36,-12.27,18,25,49,Industrials,Marine Shipping
DLMAF,Dollarama Inc.,0.0,6.17,33,45,37,Consumer Defensive,Discount Stores
CBOE,"Cboe Global Markets, Inc.",-1.57,-14.32,13,17,26,Finance,Investment Bankers/Brokers/Service
HIG,"The Hartford Insurance Group, Inc.",-0.15,8.1,86,85,40,Finance,Property-Casualty Insurers
PAYX,"Paychex, Inc.",-0.9,5.94,82,82,31,Industrials,Diversified Commercial Services
BBD,Banco Bradesco S.A.,1.57,3.36,71,86,44,Finance,Major Banks
SMPNY,"Sompo Holdings, Inc.",3.75,16.0,100,100,71,Financial Services,Insurance - Property & Casualty
NTAP,"NetApp, Inc.",6.08,-8.56,45,58,88,Technology,Electronic Components
DNZOF,DENSO Corporation,8.01,4.02,90,91,27,Consumer Cyclical,Auto Parts
GVDNY,Givaudan SA,-1.48,19.46,86,83,55,Basic Materials,Specialty Chemicals
TRAUF,Transurban Group,3.4,-2.39,51,52,54,Industrials,Infrastructure Operations
CHT,"Chunghwa Telecom Co., Ltd.",0.25,-2.33,0,16,38,Telecommunications,Telecommunications Equipment
BKHYY,Bank Hapoalim B.M.,1.86,-3.75,28,55,48,Financial Services,Banks - Regional
RVMD,"Revolution Medicines, Inc.",0.4,22.03,88,95,97,Health Care,Biotechnology: Biological Products (No Diagnostic Substances)
KVUE,Kenvue Inc.,-1.36,15.88,79,79,58,Consumer Discretionary,Specialty Chemicals
HBANZ,Huntington Bancshares Incorporated,0.35,-2.07,6,37,28,Finance,Major Banks
CSLLY,CSL Limited,6.34,31.03,100,100,7,Healthcare,Biotechnology
NTR,Nutrien Ltd.,-0.8,-5.62,48,52,35,Industrials,Agricultural Chemicals
ROP,"Roper Technologies, Inc.",0.01,9.78,92,90,14,Technology,Computer Software: Programming Data Processing
HVRRF,Hannover Rück SE,0.0,1.18,78,100,26,Financial Services,Insurance - Reinsurance
BMPSY,BMPSY,2.87,23.77,100,100,67,Financial Services,Banks - Regional
HVRRY,Hannover Rück SE,-1.8,7.35,66,69,25,Financial Services,Insurance - Reinsurance
HAL,Halliburton Company,0.12,-19.94,0,1,60,Energy,Oilfield Services/Equipment
TCKRF,Teck Resources Limited,0.0,-14.01,51,58,74,Basic Materials,Other Industrial Metals & Mining
EL,The Estée Lauder Companies Inc.,1.42,2.41,47,59,42,Consumer Discretionary,Package Goods/Cosmetics
RPRX,Royalty Pharma plc,-1.47,3.45,73,76,83,Health Care,Biotechnology: Pharmaceutical Preparations
GASNY,"Naturgy Energy Group, S.A.",-1.27,-7.26,0,7,38,Utilities,Utilities - Regulated Gas
PUTRY,PTT Public Company Limited,0.0,-12.37,2,16,39,Energy,Oil & Gas Integrated
CKHGY,Capitec Bank Holdings Limited,0.85,11.93,98,94,75,Financial Services,Banks - Regional
KBGGY,Kongsberg Gruppen ASA,3.06,3.12,96,100,59,Industrials,Aerospace & Defense
ACGLN,Arch Capital Group Ltd.,0.12,0.34,41,68,32,Finance,Property-Casualty Insurers
SVNDF,"Seven & i Holdings Co., Ltd.",0.0,-2.0,5,37,14,Consumer Defensive,Grocery Stores
TCOM,Trip.com Group Limited,-0.05,-14.73,9,17,4,Consumer Discretionary,Business Services
EXPGY,Experian plc,1.52,2.33,100,100,15,Industrials,Consulting Services
SZLMY,Swiss Life Holding AG,2.51,7.74,100,100,49,Financial Services,Insurance - Diversified
NTRSO,Northern Trust Corporation,0.61,2.99,93,88,35,Finance,Major Banks
HENOF,Henkel AG & Co. KGaA,0.0,10.72,94,92,53,Consumer Defensive,Household & Personal Products
EXR,Extra Space Storage Inc.,-2.14,1.27,0,33,48,Real Estate,Real Estate Investment Trusts
WOLWF,Woolworths Group Limited,0.0,21.08,92,92,88,Consumer Defensive,Grocery Stores
VICI,VICI Properties Inc.,-1.8,-0.23,14,32,23,Real Estate,Real Estate Investment Trusts
EXPGF,Experian plc,3.15,6.67,85,84,14,Industrials,Consulting Services
EC,Ecopetrol S.A.,-1.56,-7.48,6,17,80,Energy,Oil & Gas Production
AEE,Ameren Corporation,-1.76,6.35,34,46,51,Utilities,Power Generation
ZM,"Zoom Communications, Inc.",-2.51,-19.25,1,11,40,Technology,Computer Software: Programming Data Processing
VEOEY,Veolia Environnement SA,1.67,4.99,100,100,68,Industrials,Waste Management
CNC,Centene Corporation,-2.67,5.34,62,70,93,Health Care,Medical Specialities
SWSDF,Swiss Life Holding AG,0.0,4.08,100,100,43,Financial Services,Insurance - Diversified
MITEF,"Mitsubishi Estate Co., Ltd.",0.0,0.0,5,39,48,Real Estate,Real Estate - Diversified
DASTF,Dassault Systèmes SE,0.0,-10.44,52,56,10,Technology,Software - Application
RSNHF,"Resona Holdings, Inc.",7.46,5.68,76,98,81,Financial Services,Banks - Regional
DUAVF,Dassault Aviation société anonyme,6.46,5.22,86,91,42,Industrials,Aerospace & Defense
GBOOF,"Grupo Financiero Banorte, S.A.B. de C.V.",0.56,-0.46,58,66,40,Financial Services,Banks - Regional
ARES,Ares Management Corporation,4.22,-5.7,48,54,24,Finance,Investment Managers
DOV,Dover Corporation,0.48,0.59,0,1,55,Industrials,Industrial Machinery/Components
GEHC,GE HealthCare Technologies Inc.,-1.11,1.61,55,67,16,Health Care,Medical Electronics
ATO,Atmos Energy Corporation,-1.72,3.49,41,61,38,Utilities,Oil/Gas Transmission
BRDCF,Bridgestone Corporation,3.7,3.98,100,100,15,Consumer Cyclical,Auto Parts
SKFOF,Sika AG,0.0,7.76,64,73,39,Basic Materials,Specialty Chemicals
FTS,Fortis Inc.,-1.86,3.02,20,44,51,Utilities,Electric Utilities: Central
IR,Ingersoll Rand Inc.,0.05,11.97,70,74,33,Industrials,Industrial Machinery/Components
IMBBY,Imperial Brands PLC,-2.34,2.32,14,41,25,Consumer Defensive,Tobacco
MTSI,"MACOM Technology Solutions Holdings, Inc.",1.67,-14.4,3,1,94,Technology,Semiconductors
IPXHF,Inpex Corporation,0.0,-14.86,0,10,28,Energy,Oil & Gas E&P
CNP,"CenterPoint Energy, Inc.",-1.37,5.14,36,51,54,Utilities,Electric Utilities: Central
ALPMF,Astellas Pharma Inc.,3.18,1.39,71,80,57,Healthcare,Drug Manufacturers - General
BPERF,BPERF,0.0,17.94,72,79,62,Financial Services,Banks - Regional
ICTEF,"International Container Terminal Services, Inc.",-1.06,9.11,57,85,1,Industrials,Marine Shipping
TTNDF,Techtronic Industries Company Limited,0.0,16.38,91,93,80,Industrials,Tools & Accessories
BAP,Credicorp Ltd.,0.28,20.15,95,94,85,Finance,Commercial Banks
SMCAY,SMC Corporation,4.87,14.94,100,100,77,Industrials,Specialty Industrial Machinery
TPL,Texas Pacific Land Corporation,-1.08,-0.97,55,68,54,Energy,Oil & Gas Production
PBA,Pembina Pipeline Corporation,0.47,-4.22,13,30,61,Energy,Oil & Gas Production
HRSHF,"Haier Smart Home Co., Ltd.",3.72,4.41,27,43,20,Consumer Cyclical,"Furnishings, Fixtures & Appliances"
NVZMY,Novozymes A/S,-2.43,11.75,74,73,36,Basic Materials,Specialty Chemicals
IONQ,"IonQ, Inc.",-0.51,-25.57,0,0,72,Technology,EDP Services
FE,FirstEnergy Corp.,-1.69,4.54,34,55,43,Utilities,Electric Utilities: Central
BESIY,BE Semiconductor Industries N.V.,-0.3,-11.83,0,0,91,Technology,Semiconductor Equipment & Materials
FTAIN,FTAI Aviation Ltd,0.0,0.3,33,11,39,Industrials,Misc Corporate Leasing Services
PPL,PPL Corporation,-2.11,3.53,20,47,36,Utilities,Electric Utilities: Central
STRL,"Sterling Infrastructure, Inc.",2.33,-27.84,4,3,95,Industrials,Military/Government/Technical
CAJFF,Canon Inc.,16.35,5.05,75,79,37,Technology,Computer Hardware
NWWCF,New China Life Insurance Company Ltd.,4.55,3.86,52,66,83,Financial Services,Insurance - Life
CEBCF,China Everbright Bank Company Limited,20.01,24.15,100,100,77,Financial Services,Banks - Regional
JBHT,"J.B. Hunt Transport Services, Inc.",-2.83,-1.97,26,45,89,Industrials,Trucking Freight/Courier Services
VRSN,"VeriSign, Inc.",1.05,-11.8,18,27,32,Technology,EDP Services
YZCHF,Yankuang Energy Group Company Limited,0.0,0.0,5,39,77,Energy,Thermal Coal
HLVTY,Helvetia Baloise Holding AG,0.0,2.78,49,59,61,Financial Services,Insurance - Diversified
ES,Eversource Energy,-1.63,4.79,62,72,50,Utilities,Electric Utilities: Central
LUNMF,Lundin Mining Corporation,1.36,-19.67,20,24,82,Basic Materials,Copper
FOX,Fox Corporation,-1.31,-15.03,25,30,20,Industrials,Broadcasting
AVB,"AvalonBay Communities, Inc.",0.2,3.69,93,90,50,Real Estate,Real Estate Investment Trusts
CLPHF,CLPHF,2.77,-7.29,15,27,43,Utilities,Utilities - Regulated Electric
AIVAF,Aviva plc,0.0,3.43,54,72,32,Financial Services,Insurance - Diversified
XPO,"XPO, Inc.",0.22,-5.69,19,31,80,Consumer Discretionary,Transportation Services
HUBB,Hubbell Incorporated,1.75,2.13,24,33,51,Technology,Electrical Products
HPQ,HP Inc.,3.06,-13.02,14,24,40,Technology,Computer Manufacturing
HXGBY,Hexagon AB (publ),1.19,-10.31,38,48,33,Technology,Scientific & Technical Instruments
ILMN,"Illumina, Inc.",2.99,15.63,100,100,91,Health Care,Medical Specialities
EQR,Equity Residential,0.14,4.06,92,90,57,Real Estate,Real Estate Investment Trusts
OMVJF,OMV Aktiengesellschaft,0.0,-5.46,0,21,60,Energy,Oil & Gas Integrated
DG,Dollar General Corporation,-1.61,12.32,60,62,35,Consumer Discretionary,Department/Specialty Retail Stores
DOW,Dow Inc.,-1.37,-21.44,1,5,26,Industrials,Major Chemicals
BNTX,BioNTech SE,-3.71,4.84,60,60,29,Health Care,Biotechnology: Biological Products (No Diagnostic Substances)
QBIEY,QBE Insurance Group Limited,-0.51,8.34,71,79,69,Financial Services,Insurance - Property & Casualty
AIPUY,Airports of Thailand Public Company Limited,6.71,16.52,100,100,89,Industrials,Airports & Air Services
BNCZF,Banco BPM S.p.A.,2.71,6.9,93,100,82,Financial Services,Banks - Regional
FMXUF,"Fomento Económico Mexicano, S.A.B. de C.V.",0.0,9.77,70,77,70,Consumer Defensive,Beverages - Brewers
PAAS,Pan American Silver Corp.,-2.74,-15.14,5,14,41,Basic Materials,Precious Metals
NHYDY,Norsk Hydro ASA,2.88,-30.18,5,5,59,Basic Materials,Aluminum
STZ,"Constellation Brands, Inc.",-4.94,-5.15,0,0,17,Consumer Staples,Beverages (Production/Distribution)
RF,Regions Financial Corporation,0.66,7.21,78,91,63,Finance,Major Banks
HALMY,Halma plc,0.6,-19.86,13,17,51,Industrials,Conglomerates
WRB,W. R. Berkley Corporation,-1.61,7.92,61,73,40,Finance,Property-Casualty Insurers
OLCLY,"Oriental Land Co., Ltd.",2.4,15.92,100,100,10,Consumer Cyclical,Leisure
BCEFF,BCE Inc.,0.0,0.61,46,68,55,Communication Services,Telecom Services
CCOZF,China Coal Energy Company Limited,0.0,5.15,63,76,38,Energy,Thermal Coal
BCE,BCE Inc.,-2.57,-12.21,0,0,19,Telecommunications,Telecommunications Equipment
DRI,"Darden Restaurants, Inc.",-0.54,5.04,17,25,42,Consumer Discretionary,Restaurants
OEZVY,VERBUND AG,13.72,0.67,56,61,24,Utilities,Utilities - Renewable
MTNOY,MTN Group Limited,1.08,5.87,78,89,86,Communication Services,Telecom Services
SQM,Sociedad Química y Minera de Chile S.A.,1.13,-5.37,18,26,77,Industrials,Mining & Quarrying of Nonmetallic Minerals (No Fuels)
TELNF,Telenor ASA,0.0,-12.38,0,9,22,Communication Services,Telecom Services
UNPRF,Uniper SE,-9.0,-9.0,0,0,68,Utilities,Utilities - Regulated Gas
VRSK,"Verisk Analytics, Inc.",-0.3,4.61,89,87,14,Industrials,Diversified Commercial Services
JXAMY,JXAMY,-0.25,-0.25,0,100,33,,
AKRBF,Aker BP ASA,0.82,-18.29,7,10,47,Energy,Oil & Gas E&P
LSRCY,Lasertec Corporation,2.66,9.04,35,39,91,Technology,Semiconductor Equipment & Materials
FCNCA,"First Citizens BancShares, Inc.",1.65,3.42,41,55,48,Finance,Major Banks
FCNCB,"First Citizens BancShares, Inc.",-1.66,5.14,0,19,48,Financial Services,Banks - Regional
STMZF,Scottish Mortgage Investment Trust PLC,0.99,-2.59,80,78,78,,
ICHGF,InterContinental Hotels Group PLC,0.0,7.16,73,80,82,Consumer Cyclical,Lodging
FWONA,Formula One Group,0.75,15.68,99,95,42,Industrials,Broadcasting
CHWRF,China Tower Corporation Limited,0.0,-4.35,26,59,59,Communication Services,Telecom Services
PFG,"Principal Financial Group, Inc.",1.52,8.73,69,83,77,Finance,Accident &Health Insurance
WIT,Wipro Limited,-2.65,-11.11,0,0,6,Technology,EDP Services
CLNXF,"Cellnex Telecom, S.A.",1.56,-7.35,9,17,20,Real Estate,Real Estate Services
SNHIY,SNHIY,0.0,0.95,44,62,35,Industrials,Farm & Heavy Construction Machinery
BDRPF,Bombardier Inc.,0.0,0.69,48,69,65,Industrials,Aerospace & Defense
BDRBF,Bombardier Inc.,5.64,5.04,100,100,90,Industrials,Aerospace & Defense
ULTA,"Ulta Beauty, Inc.",-1.92,-2.17,0,17,12,Consumer Discretionary,Other Specialty Stores
JXHLY,"ENEOS Holdings, Inc.",10.89,-2.74,72,78,61,Energy,Oil & Gas Refining & Marketing
LEN,Lennar Corporation,-0.63,-4.6,0,20,16,Consumer Discretionary,Homebuilding
MKSI,MKS Inc.,0.68,11.46,43,46,96,Industrials,Industrial Machinery/Components
YPF,YPF Sociedad Anónima,3.87,-16.33,10,12,79,Energy,Integrated oil Companies
AKAM,"Akamai Technologies, Inc.",-0.39,-29.09,0,1,68,Consumer Discretionary,Business Services
ANGPY,Valterra Platinum Limited,3.44,-8.36,41,46,38,Basic Materials,Other Precious Metals & Mining
IHICF,IHI Corporation,9.68,-9.76,35,37,5,Industrials,Specialty Industrial Machinery
SBAC,SBA Communications Corporation,-2.16,-13.12,8,17,18,Real Estate,Real Estate Investment Trusts
JXHGF,"ENEOS Holdings, Inc.",0.0,-13.94,0,8,39,Energy,Oil & Gas Refining & Marketing
SURDF,"Sumitomo Realty & Development Co., Ltd.",0.0,1.69,84,84,7,Real Estate,Real Estate Services
L,Loews Corporation,-0.19,10.74,87,86,57,Finance,Property-Casualty Insurers
ASCCY,ASICS Corporation,5.65,6.57,100,100,54,Consumer Cyclical,Footwear & Accessories
CNGKY,CK Asset Holdings Limited,-4.87,-11.14,0,4,50,Real Estate,Real Estate - Development
CHRW,"C.H. Robinson Worldwide, Inc.",-0.67,2.51,46,53,80,Industrials,Integrated Freight & Logistics
EDPFY,"EDP, S.A.",1.02,2.94,65,89,53,Utilities,Utilities - Diversified
LUV,Southwest Airlines Co.,1.11,23.53,77,81,83,Consumer Discretionary,Air Freight/Delivery Services
TNABY,Tenaga Nasional Berhad,0.0,10.5,90,85,45,Utilities,Utilities - Regulated Electric
CJPRY,Central Japan Railway Company,2.43,6.71,74,77,13,Industrials,Railroads
PKX,POSCO Holdings Inc.,-0.31,-22.06,11,15,27,Industrials,Steel/Iron Ore
OMC,Omnicom Group Inc.,1.63,6.78,100,100,45,Consumer Discretionary,Advertising
ARLUF,Aristocrat Leisure Limited,-1.91,23.16,86,83,50,Consumer Cyclical,Gambling
RIVN,"Rivian Automotive, Inc.",8.11,11.15,100,100,77,Industrials,Auto Manufacturing
KUBTF,Kubota Corporation,0.0,-12.81,4,11,71,Industrials,Farm & Heavy Construction Machinery
IOT,Samsara Inc.,4.4,6.53,100,100,45,Technology,EDP Services
MZTFF,Mizrahi Tefahot Bank Ltd.,0.0,-12.53,6,19,87,Financial Services,Banks - Regional
NXGPY,NEXT plc,0.0,14.12,75,85,63,Consumer Cyclical,Apparel Retail
SRTOY,Sartorius Stedim Biotech S.A.,-2.44,-4.18,72,74,25,Healthcare,Medical Instruments & Supplies
CCHBF,Coca-Cola HBC AG,3.83,16.28,100,100,81,Consumer Defensive,Beverages - Non-Alcoholic
DSFIY,DSFIY,0.42,20.23,98,95,67,Basic Materials,Specialty Chemicals
DSMFF,DSM-Firmenich AG,0.0,5.3,82,93,59,Basic Materials,Specialty Chemicals
MTUAF,MTU Aero Engines AG,-0.48,20.63,98,100,42,Industrials,Aerospace & Defense
HKHHY,Heineken Holding N.V.,-0.66,12.26,85,82,50,Consumer Defensive,Beverages - Brewers
CHTR,"Charter Communications, Inc.",-1.28,4.95,41,54,2,Telecommunications,Cable & Other Pay Television Services
GNENF,"Ganfeng Lithium Group Co., Ltd.",3.06,-12.82,8,10,56,Basic Materials,Chemicals
KKPNY,Koninklijke KPN N.V.,0.41,-2.42,1,10,31,Communication Services,Telecom Services
KKPNF,Koninklijke KPN N.V.,-5.15,-4.39,17,22,29,Communication Services,Telecom Services
MDIBF,Mediobanca Banca di Credito Finanziario S.p.A.,0.0,18.56,85,87,79,Financial Services,Banks - Regional
TU,TELUS Corporation,0.29,-14.69,0,0,7,Telecommunications,Telecommunications Equipment
PKG,Packaging Corporation of America,-0.76,5.9,53,60,60,Consumer Discretionary,Containers/Packaging
RS,"Reliance, Inc.",1.49,-4.77,5,23,73,Industrials,Metal Fabrications
INCY,Incyte Corporation,-1.06,14.2,88,87,78,Health Care,Biotechnology: Commercial Physical & Biological Resarch
DWAHF,"Daiwa House Industry Co., Ltd.",0.0,4.67,58,74,1,Real Estate,Real Estate - Development
ROKU,"Roku, Inc.",-0.12,13.27,85,91,85,Telecommunications,Cable & Other Pay Television Services
BRO,"Brown & Brown, Inc.",-2.24,19.26,82,82,15,Finance,Specialty Insurers
BKRIF,Bank of Ireland Group plc,1.14,-1.9,34,52,66,Financial Services,Banks - Regional
VTRS,Viatris Inc.,0.6,5.66,97,93,86,Health Care,Biotechnology: Pharmaceutical Preparations
RAIFY,Raiffeisen Bank International AG,1.13,11.59,100,98,91,Financial Services,Banks - Regional
IHICY,IHI Corporation,9.86,19.2,100,100,14,Industrials,Specialty Industrial Machinery
SPXCF,Singapore Exchange Limited,0.0,17.79,95,93,85,Financial Services,Financial Data & Stock Exchanges
PRNDY,Pernod Ricard SA,-2.12,1.2,8,20,13,Consumer Defensive,Beverages - Wineries & Distilleries
SHWDF,Resonac Holdings Corporation,0.0,7.42,74,80,97,Basic Materials,Chemicals
IVBIY,IVBIY,0.0,7.35,100,100,44,Healthcare,Biotechnology
SPXCY,Singapore Exchange Limited,0.35,9.16,80,86,81,Financial Services,Financial Data & Stock Exchanges
HLDVF,Henderson Land Development Company Limited,5.12,-4.64,44,49,26,Real Estate,Real Estate - Diversified
PDRDF,Pernod Ricard SA,-2.62,2.14,57,63,16,Consumer Defensive,Beverages - Wineries & Distilleries
RBC,RBC Bearings Incorporated,0.83,3.36,17,22,80,Industrials,Metal Fabrications
NURAF,"Nomura Research Institute, Ltd.",0.0,-9.38,47,51,1,Technology,Information Technology Services
BIP,Brookfield Infrastructure Partners L.P.,0.81,-4.41,25,35,49,Consumer Discretionary,Marine Transportation
BDRFF,Beiersdorf Aktiengesellschaft,1.84,7.43,84,93,14,Consumer Defensive,Household & Personal Products
ASUUY,ASUSTeK Computer Inc.,6.14,52.58,100,100,81,Technology,Computer Hardware
BWXT,"BWX Technologies, Inc.",3.05,3.21,28,34,48,Industrials,Industrial Machinery/Components
NRILY,"Nomura Research Institute, Ltd.",4.56,4.8,100,100,25,Technology,Information Technology Services
FTV,Fortive Corporation,1.52,3.57,88,91,63,Industrials,Industrial Machinery/Components
TRMLF,Tourmaline Oil Corp.,-1.64,-11.09,0,7,22,Energy,Oil & Gas E&P
SARTF,Sartorius Aktiengesellschaft,0.0,-2.23,61,69,37,Healthcare,Medical Instruments & Supplies
SSSGY,Sartorius Aktiengesellschaft,0.0,0.0,32,59,44,Healthcare,Medical Instruments & Supplies
YAHOY,LY Corporation,0.0,7.39,88,86,28,Consumer Cyclical,Internet Retail
DWAHY,"Daiwa House Industry Co., Ltd.",1.99,6.42,98,93,14,Real Estate,Real Estate - Development
WXXWY,WuXi Biologics (Cayman) Inc.,6.18,16.75,100,100,58,Healthcare,Biotechnology
BNDSF,"Banco de Sabadell, S.A.",0.0,6.25,51,66,59,Financial Services,Banks - Diversified
DQJCF,Pan Pacific International Holdings Corporation,4.4,-1968.21,89,90,1,Consumer Defensive,Discount Stores
BDRFY,Beiersdorf Aktiengesellschaft,-1.19,10.83,74,76,16,Consumer Defensive,Household & Personal Products
CAHPF,Evolution Mining Limited,3.22,0.0,50,52,62,Basic Materials,Gold
INVH,Invitation Homes Inc.,-1.67,2.87,56,69,51,Finance,Real Estate
DFKCY,"Daifuku Co., Ltd.",-0.31,4.86,88,85,84,Industrials,Specialty Industrial Machinery
KSPI,Joint Stock Company Kaspi.kz,0.41,8.13,88,92,63,Technology,Software - Infrastructure
CF,"CF Industries Holdings, Inc.",2.41,-3.68,78,79,59,Industrials,Agricultural Chemicals
AMKR,"Amkor Technology, Inc.",0.33,-5.34,13,13,94,Technology,Semiconductors
LOGI,Logitech International S.A.,3.65,-17.91,13,22,35,Technology,Computer peripheral equipment
AGI,Alamos Gold Inc.,-0.03,-18.13,13,22,14,Basic Materials,Precious Metals
BOIVF,Bolloré SE,0.43,-26.74,3,9,10,Communication Services,Entertainment
BNCDY,Banca Mediolanum S.p.A.,0.0,10.74,49,64,76,Financial Services,Banks - Regional
BNDSY,"Banco de Sabadell, S.A.",9.77,26.02,94,99,71,Financial Services,Banks - Diversified
ERBKY,Eurobank S.A.,-2.08,-35.83,1,4,3,,
CTTAF,Continental Aktiengesellschaft,-0.28,0.71,77,92,58,Consumer Cyclical,Auto Parts
NPXYY,NPXYY,0.88,10.97,100,96,55,Basic Materials,Chemicals
JBAXY,Julius Bär Gruppe AG,3.25,10.7,100,100,77,Financial Services,Asset Management
UNBLF,Unibail-Rodamco-Westfield SE,4.88,2.68,61,75,51,Real Estate,REIT - Retail
CTTAY,Continental Aktiengesellschaft,-0.82,4.58,67,70,60,Consumer Cyclical,Auto Parts
WPC,W. P. Carey Inc.,-1.08,-3.4,0,20,47,Real Estate,Real Estate Investment Trusts
KWHIY,"Kawasaki Heavy Industries, Ltd.",8.23,3.73,52,59,66,Industrials,Specialty Industrial Machinery
WMG,Warner Music Group Corp.,-3.11,-8.67,14,21,27,Consumer Discretionary,Services-Misc. Amusement & Recreation
SWOBY,Swedish Orphan Biovitrum AB (publ),8.29,11.3,100,100,87,Healthcare,Drug Manufacturers - Specialty & Generic
ERNXY,Euronext N.V.,-3.76,0.0,13,24,42,Financial Services,Financial Data & Stock Exchanges
HNGKY,Hongkong Land Holdings Limited,1.86,-2.66,37,53,39,Real Estate,Real Estate - Development
VNOM,"Viper Energy, Inc.",-0.66,-12.7,0,0,35,Energy,Oil & Gas Production
EBCOY,Ebara Corporation,5.58,12.46,61,70,90,Industrials,Specialty Industrial Machinery
SSNC,"SS&C Technologies Holdings, Inc.",-0.31,-5.88,32,41,13,Technology,Computer Software: Prepackaged Software
STMNF,"Sumitomo Metal Mining Co., Ltd.",7.12,-13.22,29,32,85,Basic Materials,Other Industrial Metals & Mining
BEN,"Franklin Resources, Inc.",0.97,8.81,100,95,87,Finance,Investment Managers
PR,Permian Resources Corporation,-0.05,-9.0,6,13,61,Energy,Oil & Gas Production
OWL,Blue Owl Capital Inc.,4.98,-6.87,62,63,11,Finance,Investment Managers
NLY,"Annaly Capital Management, Inc.",1.91,11.71,100,100,63,Real Estate,Real Estate Investment Trusts
DIDIY,DiDi Global Inc.,6.03,3.07,77,88,8,Technology,Software - Application
BXBLY,Brambles Limited,2.51,14.63,93,98,17,Industrials,Specialty Business Services
ASRRF,ASRRF,0.0,-3.46,67,100,64,Financial Services,Insurance - Diversified
SCHYY,Sands China Ltd.,1.13,-15.01,9,19,7,Consumer Cyclical,Resorts & Casinos
GMAB,Genmab A/S,-1.77,13.26,82,82,40,Health Care,Biotechnology: Pharmaceutical Preparations
EMA,Emera Incorporated,-2.09,1.71,9,39,46,Utilities,Electric Utilities: Central
NBGRY,National Bank of Greece S.A.,1.39,3.4,100,99,39,Financial Services,Banks - Regional
HST,"Host Hotels & Resorts, Inc.",-0.43,-1.26,0,1,82,Real Estate,Real Estate Investment Trusts
SMMYY,"Sumitomo Metal Mining Co., Ltd.",6.04,-9.77,29,35,74,Basic Materials,Other Industrial Metals & Mining
NBGIF,National Bank of Greece S.A.,2.27,7.14,79,83,70,Financial Services,Banks - Regional
XPEV,XPeng Inc.,3.67,-19.33,29,31,5,Industrials,Auto Manufacturing
ARNNY,ASR Nederland N.V.,0.26,4.14,51,71,56,Financial Services,Insurance - Diversified
UPMKF,UPM-Kymmene Oyj,1.07,-12.72,1,0,23,Basic Materials,Paper & Paper Products
MMLTF,MMG Limited,2.48,-29.3,7,10,60,Basic Materials,Copper
UPMMY,UPM-Kymmene Oyj,0.23,-9.57,9,15,22,Basic Materials,Paper & Paper Products
DY,"Dycom Industries, Inc.",-1.54,-11.78,0,0,82,Industrials,Water Sewer Pipeline Comm & Power Line Construction
AHKSY,Asahi Kasei Corporation,6.39,4.82,100,100,81,Industrials,Conglomerates
RTO,Rentokil Initial plc,-0.33,0.47,47,57,45,Consumer Discretionary,Other Consumer Services
CSDXF,"COSCO SHIPPING Energy Transportation Co., Ltd.",0.0,0.0,5,39,85,Energy,Oil & Gas Midstream
BPCGF,"Banco Comercial Português, S.A.",0.0,2.94,41,66,63,Financial Services,Banks - Regional
LI,Li Auto Inc.,0.0,-17.5,7,16,2,Industrials,Auto Manufacturing
GNMSF,Genmab A/S,2.6,16.68,100,100,44,Healthcare,Biotechnology
SHTLF,South32 Limited,0.0,-17.79,38,42,75,Basic Materials,Other Industrial Metals & Mining
NWS,News Corporation,-0.5,-2.47,47,55,32,Consumer Discretionary,Newspapers/Magazines
FNBKY,FinecoBank Banca Fineco S.p.A.,6.07,9.12,61,71,61,Financial Services,Banks - Regional
OUKPF,Metso Oyj,0.0,-2.06,5,42,84,Industrials,Farm & Heavy Construction Machinery
JAZZ,Jazz Pharmaceuticals plc,0.29,1.71,93,90,89,Health Care,Biotechnology: Pharmaceutical Preparations
YUMC,"Yum China Holdings, Inc.",1.89,-0.84,32,43,21,Consumer Discretionary,Restaurants
PNFP,"Pinnacle Financial Partners, Inc.",0.78,4.04,54,69,44,Finance,Major Banks
MOD,Modine Manufacturing Company,1.83,-21.92,3,2,88,Consumer Discretionary,Auto Parts:O.E.M.
GIB,CGI Inc.,-0.2,-1.6,61,66,9,Consumer Discretionary,Professional Services
BALL,Ball Corporation,-0.69,19.45,90,88,55,Industrials,Containers/Packaging
GRAB,Grab Holdings Limited,-1.28,11.27,86,84,15,Consumer Discretionary,Business Services
CMSQF,Computershare Limited,-1.41,7.63,81,79,74,Financial Services,Capital Markets
CJEWF,Chow Tai Fook Jewellery Group Limited,0.0,-4.11,0,17,8,Consumer Cyclical,Luxury Goods
APTV,Aptiv PLC,1.43,-18.09,3,5,14,Consumer Discretionary,Auto Parts:O.E.M.
CMSQY,Computershare Limited,2.06,10.1,100,100,71,Financial Services,Capital Markets
ASBRF,"Asahi Group Holdings, Ltd.",0.0,3.5,52,53,16,Consumer Defensive,Beverages - Brewers
GRBMF,"Grupo Bimbo, S.A.B. de C.V.",0.0,-5.95,31,40,34,Consumer Defensive,Packaged Foods
SMTC,Semtech Corporation,2.68,-17.99,6,5,95,Technology,Semiconductors
REGCO,Regency Centers Corporation,1.18,1.18,39,52,37,Real Estate,Real Estate Investment Trusts
LECO,"Lincoln Electric Holdings, Inc.",1.74,-0.05,16,32,56,Industrials,Industrial Machinery/Components
EFGSY,Eiffage SA,3.83,3.97,68,88,45,Industrials,Engineering & Construction
HUT,Hut 8 Corp.,6.84,-18.77,20,19,97,Finance,Finance: Consumer Services
RPGRY,REA Group Limited,3.43,-11.35,37,38,10,Communication Services,Internet Content & Information
WCRIY,WCRIY,0.0,-9.76,2,25,19,Energy,Oil & Gas E&P
SANM,Sanmina Corporation,-0.98,-22.32,0,0,92,Technology,Electrical Products
YARIY,Yara International ASA,0.59,-17.82,12,16,39,Basic Materials,Agricultural Inputs
LYSCF,Lynas Rare Earths Limited,0.81,-6.99,34,41,80,Basic Materials,Other Industrial Metals & Mining
SNMYF,Suncorp Group Limited,0.0,0.0,5,39,42,Financial Services,Insurance - Property & Casualty
GJNSY,Gjensidige Forsikring ASA,4.47,3.69,64,72,45,Financial Services,Insurance - Property & Casualty
IFJPY,Informa plc,0.37,9.65,95,91,50,Communication Services,Publishing
ROHCY,"ROHM Co., Ltd.",6.19,0.58,79,97,95,Technology,Semiconductors
ARCC,Ares Capital Corporation,-0.91,0.71,44,57,33,Finance,Finance: Consumer Services
CLPBF,Coloplast A/S,-0.68,4.2,76,77,9,Healthcare,Medical Instruments & Supplies
CRRFY,Carrefour SA,-0.82,-0.82,36,53,59,Consumer Defensive,Grocery Stores
BBSEY,BB Seguridade Participações S.A.,1.87,4.66,50,59,64,Financial Services,Insurance - Diversified
HTHT,H World Group Limited,-0.17,-6.01,2,20,34,Consumer Discretionary,Hotels/Resorts
ONON,On Holding AG,0.11,-1.6,28,43,22,Consumer Discretionary,Shoe Manufacturing
JHIUF,James Hardie Industries plc,0.0,28.05,96,93,70,Basic Materials,Building Materials
MTRAF,Metro Inc.,-17.9,-2.21,0,0,19,Consumer Defensive,Grocery Stores
TMTNY,TMTNY,0.0,-21.3,16,26,42,Industrials,Industrial Distribution
SWGAF,The Swatch Group AG,0.0,-2.43,0,23,76,Consumer Cyclical,Luxury Goods
UUGRY,United Utilities Group PLC,0.7,4.65,98,93,55,Utilities,Utilities - Regulated Water
OGFGY,Origin Energy Limited,-8.95,-7.72,0,0,20,Utilities,Utilities - Diversified
TKGSY,"Tokyo Gas Co.,Ltd.",11.9,-8.44,36,37,30,Utilities,Utilities - Regulated Gas
JRONY,"Jerónimo Martins, SGPS, S.A.",-2.22,-9.66,0,0,10,Consumer Defensive,Food Distribution
U,Unity Software Inc.,1.13,-1.27,78,88,43,Technology,Computer Software: Prepackaged Software
RYKKY,"Ryohin Keikaku Co., Ltd.",-0.79,0.53,55,57,25,Consumer Cyclical,Department Stores
TYL,"Tyler Technologies, Inc.",0.29,3.52,96,93,7,Technology,Computer Software: Prepackaged Software
CHUEF,"Chubu Electric Power Company, Incorporated",0.0,0.0,32,59,1,Utilities,Utilities - Diversified
AKZOF,Akzo Nobel N.V.,0.0,2.97,25,56,49,Basic Materials,Specialty Chemicals
CSGP,"CoStar Group, Inc.",-4.33,-14.74,3,11,1,Finance,Real Estate
JLL,Jones Lang LaSalle Incorporated,0.73,10.31,99,95,51,Finance,Real Estate
PAYP,PayPay Corporation,3.13,-3.62,90,91,9,Consumer Discretionary,Business Services
SOLV,Solventum Corporation,-0.42,-5.44,37,48,50,Health Care,Medical/Dental Instruments
TLTZY,Tele2 AB (publ),0.78,-8.67,0,4,26,Communication Services,Telecom Services
CHKIF,China Southern Airlines Company Limited,-6.82,-6.82,0,0,13,Industrials,Airlines
SYIEY,Symrise AG,-1.12,16.7,87,85,63,Basic Materials,Specialty Chemicals
DLVHF,Delivery Hero SE,-2.56,-5.56,0,0,92,Consumer Cyclical,Internet Retail
IAUGY,Insurance Australia Group Limited,0.0,12.34,77,85,56,Financial Services,Insurance - Property & Casualty
HRL,Hormel Foods Corporation,-2.88,4.25,6,19,38,Consumer Staples,Meat/Poultry/Fish
MEDP,"Medpace Holdings, Inc.",1.34,23.2,100,100,66,Health Care,Biotechnology: Commercial Physical & Biological Resarch
FNF,"Fidelity National Financial, Inc.",-0.27,6.98,74,78,29,Finance,Specialty Insurers
AEG,Aegon Ltd.,1.5,8.75,100,100,66,Finance,Life Insurance
AAOI,"Applied Optoelectronics, Inc.",1.99,-39.2,2,1,97,Technology,Semiconductors
EXEL,"Exelixis, Inc.",-0.57,5.79,80,82,74,Health Care,Biotechnology: Biological Products (No Diagnostic Substances)
WULF,TeraWulf Inc.,4.86,-15.2,10,9,95,Technology,EDP Services
IVPAF,Ivanhoe Mines Ltd.,-1.01,-17.43,3,6,15,Basic Materials,Other Industrial Metals & Mining
IVZ,Invesco Ltd.,3.04,-1.21,47,62,73,Finance,Investment Managers
DINRF,"SCREEN Holdings Co., Ltd.",0.0,-2.17,24,55,1,Technology,Semiconductor Equipment & Materials
DINO,HF Sinclair Corporation,2.69,2.22,100,100,86,Energy,Natural Gas Distribution
RXLSF,Rexel S.A.,0.0,-2.09,0,33,68,Technology,Electronics & Computer Distribution
GGG,Graco Inc.,0.57,1.83,18,51,19,Industrials,Fluid Controls
DVA,DaVita Inc.,0.34,22.66,97,94,92,Health Care,Misc Health and Biotechnology Services
RICFY,Recordati Industria Chimica e Farmaceutica S.p.A.,0.0,-13.75,1,15,31,Healthcare,Drug Manufacturers - General
JDLGF,"JD Logistics, Inc.",0.0,-18.44,1,11,29,Industrials,Integrated Freight & Logistics
AIZ,"Assurant, Inc.",-0.07,11.36,90,86,76,Finance,Property-Casualty Insurers
IMPUF,Impala Platinum Holdings Limited,0.0,-16.43,0,9,14,Basic Materials,Other Precious Metals & Mining
GPAEF,"Grupo Aeroportuario del Pacífico, S.A.B. de C.V.",-0.59,9.17,82,91,59,Industrials,Airports & Air Services
HAS,"Hasbro, Inc.",-2.71,-7.68,0,0,26,Consumer Discretionary,Recreational Games/Products/Toys
DKNG,DraftKings Inc.,1.24,3.31,37,42,17,Consumer Discretionary,Services-Misc. Amusement & Recreation
NRDXF,Nordex SE,0.0,-1.13,74,83,90,Industrials,Specialty Industrial Machinery
NDEKY,Nitto Denko Corporation,0.0,4.44,90,85,28,Basic Materials,Specialty Chemicals
AXSM,"Axsome Therapeutics, Inc.",-0.7,4.8,24,26,91,Health Care,Biotechnology: Pharmaceutical Preparations
STRNY,Severn Trent PLC,0.42,0.12,79,81,42,Utilities,Utilities - Regulated Water
AGRPY,Absa Group Limited,0.0,-2.92,13,20,59,Financial Services,Banks - Regional
UDR,"UDR, Inc.",-0.32,5.3,87,86,58,Real Estate,Real Estate Investment Trusts
PRDSY,Prada S.p.A.,1.33,4.33,43,53,25,Consumer Cyclical,Luxury Goods
RNR,RenaissanceRe Holdings Ltd.,-0.97,16.5,85,83,64,Finance,Property-Casualty Insurers
AGNCM,AGNC Investment Corp.,0.63,1.3,36,58,46,Real Estate,Real Estate Investment Trusts
AGNCP,AGNC Investment Corp.,0.81,1.66,39,57,46,Real Estate,Real Estate Investment Trusts
COO,"The Cooper Companies, Inc.",-2.14,17.08,75,76,34,Health Care,Ophthalmic Goods
ELAN,Elanco Animal Health Incorporated,0.52,1.7,88,88,70,Health Care,Biotechnology: Pharmaceutical Preparations
HAGHY,Hensoldt AG,4.46,0.11,85,91,21,Industrials,Aerospace & Defense
PSKY,Paramount Skydance Corporation,-2.89,-5.07,44,48,13,Industrials,Broadcasting
RGC,Regencell Bioscience Holdings Limited,-11.93,-74.68,0,0,1,Health Care,Medicinal Chemicals and Botanical Products
WBS,Webster Financial Corporation,1.15,6.45,93,96,70,Finance,Major Banks
BLD,TopBuild Corp.,0.0,-13.21,1,13,24,Consumer Discretionary,Engineering & Construction
SWKS,"Skyworks Solutions, Inc.",-1.04,-22.54,0,0,31,Technology,Semiconductors
ITGGF,Italgas S.p.A.,0.0,-0.13,15,36,64,Utilities,Utilities - Regulated Gas
TYOYY,"Taiyo Yuden Co., Ltd.",-6.54,12.44,47,48,98,Technology,Electronic Components
POAHF,Porsche Automobil Holding SE,6.75,-6.83,38,46,12,Consumer Cyclical,Auto Manufacturers
EQH,"Equitable Holdings, Inc.",4.1,18.08,100,100,45,Finance,Specialty Insurers
SFFLY,Schaeffler AG,14.42,-4.59,70,76,86,Consumer Cyclical,Auto Parts
KEYUF,Keyera Corp.,1.91,-1.8,17,33,62,Energy,Oil & Gas Midstream
IKTSF,Intertek Group plc,0.0,7.21,67,72,79,Industrials,Specialty Business Services
MNHVF,Mowi ASA,0.0,-15.35,18,21,16,Consumer Defensive,Farm Products
MP,MP Materials Corp.,-0.56,-19.02,0,0,54,Basic Materials,Metal Mining
AEIS,"Advanced Energy Industries, Inc.",-0.14,-3.14,11,11,86,Technology,Industrial Machinery/Components
PNR,Pentair plc,-1.55,3.68,31,56,9,Industrials,Industrial Machinery/Components
HMY,Harmony Gold Mining Company Limited,1.24,-5.89,46,52,32,Basic Materials,Precious Metals
CNA,CNA Financial Corporation,1.0,22.7,100,97,61,Finance,Property-Casualty Insurers
BEP,Brookfield Renewable Partners L.P.,-0.27,-7.73,0,3,64,Utilities,Electric Utilities: Central
RDY,Dr. Reddy's Laboratories Limited,-0.14,8.46,42,50,39,Health Care,Biotechnology: Pharmaceutical Preparations
LUMN,"Lumen Technologies, Inc.",0.78,-34.55,0,0,41,Telecommunications,Telecommunications Equipment
HUBS,"HubSpot, Inc.",0.9,-12.04,46,50,2,Technology,Computer Software: Prepackaged Software
GAILF,GAIL (India) Limited,0.0,0.0,5,39,35,Utilities,Utilities - Regulated Gas
ASMVF,ASMPT Limited,0.0,0.0,32,59,96,Technology,Semiconductor Equipment & Materials
QBTS,D-Wave Quantum Inc.,0.13,-18.38,4,11,72,Technology,EDP Services
GMED,"Globus Medical, Inc.",0.47,0.63,32,41,49,Health Care,Medical/Dental Instruments
FUJHF,Subaru Corporation,0.0,-6.74,18,27,13,Consumer Cyclical,Auto Manufacturers
CCDBF,CCL Industries Inc.,-1.66,9.83,69,77,46,Consumer Cyclical,Packaging & Containers
MRPRF,"MERLIN Properties SOCIMI, S.A.",0.0,0.62,21,48,66,Real Estate,REIT - Office
CSPCY,CSPC Pharmaceutical Group Limited,9.11,18.68,100,100,23,Healthcare,Drug Manufacturers - General
AIAGY,Aurubis AG,-2.9,-19.32,0,0,86,Industrials,Metal Fabrication
ARW,"Arrow Electronics, Inc.",0.17,-11.84,0,0,87,Technology,Electronic Components
IAFNF,iA Financial Corporation Inc.,2.63,17.25,100,100,73,Financial Services,Insurance - Diversified
VSAT,"Viasat, Inc.",0.89,14.9,77,84,97,Technology,Radio And Television Broadcasting And Communications Equipment
XE,"X-Energy, Inc.",6.08,-22.54,15,15,3,Industrials,Metal Fabrications
UNICY,Unicharm Corporation,3.09,6.76,100,100,29,Consumer Defensive,Household & Personal Products
EGP,"EastGroup Properties, Inc.",0.43,7.77,93,90,66,Real Estate,Real Estate Investment Trusts
AFG,"American Financial Group, Inc.",-0.5,10.48,81,81,49,Finance,Property-Casualty Insurers
SF,Stifel Financial Corp.,2.62,5.14,96,100,34,Finance,Investment Bankers/Brokers/Service
SAIL,"SailPoint, Inc.",3.8,-14.83,53,55,23,Technology,Computer Software: Prepackaged Software
WMS,"Advanced Drainage Systems, Inc.",-0.55,15.35,70,74,54,Consumer Discretionary,Containers/Packaging
ORKLF,Orkla ASA,0.0,0.0,5,39,21,Consumer Defensive,Packaged Foods
SEIC,SEI Investments Company,3.89,7.86,100,100,61,Finance,Investment Bankers/Brokers/Service
ABVX,ABIVAX Société Anonyme,-0.46,37.22,96,95,98,Health Care,Biotechnology: Pharmaceutical Preparations
SIETY,D'Ieteren Group SA,0.0,-10.0,0,12,34,Consumer Cyclical,Auto & Truck Dealerships
GEAGF,GEA Group Aktiengesellschaft,0.0,-2.34,3,29,17,Industrials,Specialty Industrial Machinery
WTRG,"Essential Utilities, Inc.",-1.83,5.2,60,69,35,Utilities,Water Supply
TSGTY,Tsingtao Brewery Company Limited,0.0,-10.86,38,43,29,Consumer Defensive,Beverages - Brewers
ICLR,ICON Public Limited Company,-1.23,11.87,84,88,64,Health Care,Biotechnology: Commercial Physical & Biological Resarch
SCI,Service Corporation International,-0.99,11.94,83,78,26,Consumer Discretionary,Other Consumer Services
POWL,"Powell Industries, Inc.",0.7,-17.33,0,0,95,Energy,Electrical Products
TIMB,TIM S.A.,0.55,0.24,62,76,31,Telecommunications,Telecommunications Equipment
MALRY,Mineral Resources Limited,0.29,-11.94,22,34,91,Basic Materials,Other Industrial Metals & Mining
MALRF,Mineral Resources Limited,0.0,-13.96,0,8,92,Basic Materials,Other Industrial Metals & Mining
RIOT,"Riot Platforms, Inc.",3.44,-16.75,8,7,91,Finance,Finance: Consumer Services
SSAAY,SSAB AB (publ),0.0,-8.65,0,11,80,Basic Materials,Steel
AHR,"American Healthcare REIT, Inc.",-2.2,16.65,82,82,71,Real Estate,Real Estate Investment Trusts
NXSNF,"NextVision Stabilized Systems, Ltd.",0.0,-21.35,1,10,85,Industrials,Security & Protection Services
TTD,"The Trade Desk, Inc.",1.1,-8.18,60,61,2,Technology,Computer Software: Programming Data Processing
OC,Owens Corning,-2.83,21.96,68,74,70,Industrials,Industrial Machinery/Components
LINE,"Lineage, Inc.",-1.16,1.88,62,67,69,Real Estate,Real Estate Investment Trusts
ALEUY,ALEUY,-2.63,12.23,86,76,54,Unknown,Unknown
VLPNY,Voestalpine AG,4.7,-6.75,33,41,78,Basic Materials,Steel
PODD,Insulet Corporation,-2.86,9.13,76,77,3,Health Care,Medical/Dental Instruments
CRHKY,China Resources Beer (Holdings) Company Limited,6.79,-5.83,51,55,16,Consumer Defensive,Beverages - Brewers
RNLSY,Renault SA,1.19,-4.37,28,44,11,Consumer Cyclical,Auto Manufacturers
PMCUF,Pro Medicus Limited,-4.1,25.45,82,81,62,Healthcare,Health Information Services
BLSFY,BlueScope Steel Limited,-7.95,0.65,0,0,84,Basic Materials,Steel
CDUAF,Canadian Utilities Limited,-1.19,1.25,0,19,64,Utilities,Utilities - Diversified
BSY,"Bentley Systems, Incorporated",1.05,-1.39,74,78,9,Technology,Computer Software: Prepackaged Software
PMDIY,PMDIY,3.45,31.15,100,100,65,Healthcare,Health Information Services
MDBKY,MDBKY,-4.74,-10.4,0,0,82,Financial Services,Insurance - Specialty
BMXMF,bioMérieux S.A.,0.0,-6.2,0,16,4,Healthcare,Diagnostics & Research
APHBF,APHBF,-24.16,-16.44,0,0,19,,
PRAX,"Praxis Precision Medicines, Inc.",-1.58,18.41,60,63,98,Health Care,Biotechnology: Pharmaceutical Preparations
SUBCY,Subsea 7 S.A.,0.35,0.44,21,37,88,Energy,Oil & Gas Equipment & Services
BAX,Baxter International Inc.,-0.31,16.69,92,89,53,Health Care,Medical/Dental Instruments
MAKSY,Marks and Spencer Group plc,-0.1,4.26,90,88,51,Consumer Cyclical,Department Stores
CIFR,Cipher Digital Inc.,8.43,-14.95,17,17,95,Finance,Finance: Consumer Services
MGPUF,M&G plc,0.0,4.81,85,83,70,Financial Services,Asset Management
CNM,"Core & Main, Inc.",2.34,-12.2,8,8,15,Consumer Discretionary,Durable Goods
BPOP,"Popular, Inc.",0.85,10.42,84,93,80,Finance,Major Banks
ADDHY,Addtech AB (publ.),1.57,3.52,100,100,41,Industrials,Industrial Distribution
CYTK,"Cytokinetics, Incorporated",-1.06,18.37,85,89,89,Health Care,Biotechnology: Pharmaceutical Preparations
SARO,"StandardAero, Inc.",2.69,21.02,100,100,52,Industrials,Aerospace
BNTGY,Brenntag SE,1.26,-1.61,57,65,41,Basic Materials,Specialty Chemicals
BNTGF,Brenntag SE,0.0,0.0,5,39,46,Basic Materials,Specialty Chemicals
TX,Ternium S.A.,1.63,-15.34,7,12,64,Industrials,Steel/Iron Ore
SAPMY,Saipem SpA,2.06,3.13,20,27,88,Energy,Oil & Gas Equipment & Services
ALSN,"Allison Transmission Holdings, Inc.",0.2,-1.5,23,40,59,Consumer Discretionary,Auto Parts:O.E.M.
UZAPF,Flughafen Zürich AG,0.94,7.73,76,83,44,Industrials,Airports & Air Services
BRX,Brixmor Property Group Inc.,-0.61,3.19,9,37,60,Real Estate,Real Estate Investment Trusts
BZZUF,Buzzi S.p.A.,0.0,4.95,78,92,28,Basic Materials,Building Materials
IFUUF,Infratil Limited,0.0,1.64,71,82,86,Industrials,Conglomerates
ACLLY,Accelleron Industries AG,1.78,4.19,60,84,73,Industrials,Specialty Industrial Machinery
ONBPO,ONBPO,0.29,-0.14,13,42,39,Finance,Major Banks
SEOAY,Stora Enso Oyj,0.85,-8.53,18,24,21,Consumer Cyclical,Packaging & Containers
AYI,Acuity Inc.,-1.34,15.01,72,79,60,Consumer Discretionary,Building Products
ALSMY,Alstom SA,4.05,-6.74,46,48,4,Industrials,Railroads
LKNCY,Luckin Coffee Inc.,0.0,-3.22,68,70,21,Consumer Cyclical,Restaurants
MDDNF,Meridian Energy Limited,0.0,-3.1,4,35,46,Utilities,Utilities - Renewable
ZIONP,"Zions Bancorporation, National Association",0.46,-2.66,10,38,23,Finance,Major Banks
AOMFF,Alstom SA,7.49,-8.19,36,38,4,Industrials,Railroads
YMM,Full Truck Alliance Co. Ltd.,2.85,-2.25,90,88,16,Technology,Computer Software: Prepackaged Software
QRVO,"Qorvo, Inc.",-0.5,-16.2,0,0,40,Technology,Semiconductors
ORI,Old Republic International Corporation,-0.72,12.73,78,82,44,Finance,Property-Casualty Insurers
ACDSF,CapitaLand Ascendas REIT,-1.54,-4.0,41,49,30,Real Estate,REIT - Industrial
CAVA,"CAVA Group, Inc.",-6.46,0.22,0,0,36,Consumer Discretionary,Restaurants
LLYVA,"Liberty Live Holdings, Inc.",-1.59,15.58,81,79,61,Consumer Discretionary,Services-Misc. Amusement & Recreation
ENPH,"Enphase Energy, Inc.",3.44,-34.86,8,6,71,Technology,Semiconductors
PSO,Pearson plc,-1.02,8.1,83,83,66,Consumer Discretionary,Books
BRKRP,Bruker Corporation,1.17,-1.56,80,86,89,Industrials,Biotechnology: Laboratory Analytical Instruments
FDS,FactSet Research Systems Inc.,0.84,-1.11,81,80,21,Technology,Computer Software: Programming Data Processing
LZRFY,Localiza Rent a Car S.A.,4.03,-4.32,45,61,20,Industrials,Rental & Leasing Services
IMIUY,IMIUY,3.25,5.18,54,79,59,Industrials,Specialty Industrial Machinery
ADC,Agree Realty Corporation,-0.82,7.21,66,77,45,Real Estate,Real Estate Investment Trusts
ASR,"Grupo Aeroportuario del Sureste, S. A. B. de C. V.",-0.62,5.5,73,79,27,Consumer Discretionary,Aerospace
MANH,"Manhattan Associates, Inc.",1.83,2.15,100,100,25,Technology,Computer Software: Prepackaged Software
UHS,"Universal Health Services, Inc.",-0.18,10.89,91,89,12,Health Care,Hospital/Nursing Management
JSAIY,J Sainsbury plc,-2.19,11.93,75,76,45,Consumer Defensive,Grocery Stores
SUOPY,Sumco Corporation,15.53,17.14,100,100,98,Technology,Semiconductor Equipment & Materials
CRPAY,CRPAY,0.0,-12.84,7,21,30,Utilities,Utilities - Renewable
HSIC,"Henry Schein, Inc.",0.22,13.53,89,90,64,Health Care,Medical Specialities
TTC,The Toro Company,-0.02,9.75,76,85,65,Consumer Discretionary,Tools/Hardware
CRL,"Charles River Laboratories International, Inc.",0.32,24.57,97,95,78,Health Care,Biotechnology: Commercial Physical & Biological Resarch
WAL,Western Alliance Bancorporation,1.18,2.18,55,67,42,Finance,Major Banks
ARE,"Alexandria Real Estate Equities, Inc.",-5.15,-4.89,7,17,25,Real Estate,Real Estate Investment Trusts
WARFY,The Wharf (Holdings) Limited,-6.71,-19.53,14,17,9,Real Estate,Real Estate - Development
NWOEF,NWOEF,0.0,-10.32,7,22,24,Consumer Defensive,Education & Training Services
WARFF,The Wharf (Holdings) Limited,0.0,0.0,5,39,36,Real Estate,Real Estate - Development
CRUS,"Cirrus Logic, Inc.",1.77,-15.26,6,13,60,Technology,Semiconductors
BYDIF,BYD Electronic (International) Company Limited,4.07,-25.86,19,23,5,Technology,Electronic Components
DUFRY,Avolta AG,0.3,14.46,86,91,64,Consumer Cyclical,Specialty Retail
CORZ,"Core Scientific, Inc.",6.39,-18.31,14,14,82,Finance,Finance: Consumer Services
CELH,"Celsius Holdings, Inc.",-0.36,19.06,92,90,9,Consumer Staples,Beverages (Production/Distribution)
RGTI,"Rigetti Computing, Inc.",0.11,-25.66,0,0,44,Technology,EDP Services
WEGRY,The Weir Group PLC,1.79,2.95,100,100,21,Industrials,Specialty Industrial Machinery
KIKOY,Kikkoman Corporation,0.0,9.59,44,49,52,Consumer Defensive,Packaged Foods
SBSW,Sibanye Stillwater Limited,0.0,-19.79,19,27,11,Basic Materials,Precious Metals
MTCH,MTCH,-0.61,8.37,64,76,62,Technology,Computer Software: Programming Data Processing
PRI,"Primerica, Inc.",0.71,16.02,99,94,58,Finance,Life Insurance
BIO,"Bio-Rad Laboratories, Inc.",-0.58,-4.01,55,63,42,Industrials,Biotechnology: Laboratory Analytical Instruments
KUNUF,Kunlun Energy Company Limited,0.0,0.0,5,39,19,Energy,Oil & Gas Refining & Marketing
BYDIY,BYD Electronic (International) Company Limited,9.54,-31.21,17,23,4,Technology,Electronic Components
NXDCF,NEXTDC Limited,0.0,-16.6,1,17,63,Technology,Information Technology Services
MXL,"MaxLinear, Inc.",2.75,1.56,39,42,98,Technology,Semiconductors
DNOPY,Dino Polska S.A.,-2.76,-9.33,0,0,2,Consumer Defensive,Grocery Stores
GGB,Gerdau S.A.,3.93,-10.19,23,33,70,Industrials,Steel/Iron Ore
GNZUF,"Guangzhou Automobile Group Co., Ltd.",0.0,-23.53,0,7,3,Consumer Cyclical,Auto Manufacturers
CMHHY,China Merchants Port Holdings Company Limited,0.0,-10.14,0,9,20,Industrials,Marine Shipping
KYKOY,"Kyowa Kirin Co., Ltd.",0.0,12.26,96,100,40,Healthcare,Drug Manufacturers - Specialty & Generic
FNMAO,Federal National Mortgage Association,0.0,-5.53,20,35,6,Financial Services,Mortgage Finance
FNMAH,Federal National Mortgage Association,-3.25,-13.89,0,0,5,Financial Services,Mortgage Finance
FNMAM,Federal National Mortgage Association,0.0,-9.37,0,2,5,Financial Services,Mortgage Finance
FNMA,Federal National Mortgage Association,0.82,-8.59,0,0,5,Financial Services,Mortgage Finance
FNMAG,Federal National Mortgage Association,0.0,-7.25,0,15,7,Financial Services,Mortgage Finance
FNMFN,Federal National Mortgage Association,-0.76,-9.52,0,0,5,Financial Services,Mortgage Finance
PPRQF,Choice Properties Real Estate Investment Trust,0.0,-0.22,0,26,48,Real Estate,REIT - Retail
ASGLF,AGC Inc.,0.0,-157.54,100,100,1,Industrials,Conglomerates
OSK,Oshkosh Corporation,1.07,8.33,51,52,49,Industrials,Auto Manufacturing
SHBBF,SHBBF,2.31,-1.09,41,56,56,Basic Materials,Chemicals
BPHLY,Bank of the Philippine Islands,3.09,4.88,80,84,22,Financial Services,Banks - Regional
ZG,"Zillow Group, Inc.",-1.41,-8.42,46,49,3,Consumer Discretionary,Business Services
TONPF,TOPPAN Holdings Inc.,0.0,14.98,96,93,53,Industrials,Conglomerates
SSDOF,"Shiseido Company, Limited",0.0,-15.35,0,8,26,Consumer Defensive,Household & Personal Products
EDU,New Oriental Education & Technology Group Inc.,3.17,4.86,100,100,19,Real Estate,Other Consumer Services
EMLAF,Empire Company Limited,-3.13,-2.35,0,0,24,Consumer Defensive,Grocery Stores
CCOEY,"Capcom Co., Ltd.",1.91,15.85,100,100,12,Communication Services,Electronic Gaming & Multimedia
XNGSY,ENN Energy Holdings Limited,0.38,-19.06,7,13,3,Utilities,Utilities - Regulated Gas
ESALF,"Eisai Co., Ltd.",0.0,4.69,50,68,11,Healthcare,Drug Manufacturers - Specialty & Generic
HCXLF,Hiscox Ltd,3.79,1.55,78,80,81,Financial Services,Insurance - Property & Casualty
KNCRY,Konecranes Plc,0.0,-1.9,19,31,39,Industrials,Farm & Heavy Construction Machinery
YMHAY,"Yamaha Motor Co., Ltd.",0.1,-1.23,39,54,43,Consumer Cyclical,Auto Manufacturers
AOS,A. O. Smith Corporation,-0.43,9.54,78,83,24,Consumer Discretionary,Consumer Electronics/Appliances
SSD,"Simpson Manufacturing Co., Inc.",-1.54,5.94,32,37,65,Consumer Discretionary,Industrial Machinery/Components
DVDCF,Davide Campari-Milano N.V.,0.0,1.9,55,65,27,Consumer Defensive,Beverages - Wineries & Distilleries
IDA,"IDACORP, Inc.",-2.24,9.0,62,68,61,Utilities,Electric Utilities: Central
ELMUF,Elisa Oyj,0.0,0.0,32,59,43,Communication Services,Telecom Services
FPRUY,Fraport AG,0.0,0.0,5,39,25,Industrials,Airports & Air Services
HESM,Hess Midstream LP,0.05,-2.03,36,50,48,Energy,Oil & Gas Production
ACI,"Albertsons Companies, Inc.",0.35,-10.71,20,28,10,Consumer Staples,Food Chains
KNTK,Kinetik Holdings Inc.,-0.63,3.65,33,46,61,Utilities,Natural Gas Distribution
TOTDY,TOTO LTD.,0.74,4.72,46,57,93,Industrials,Building Products & Equipment
VLYPN,Valley National Bancorp,0.04,-0.35,4,38,40,Finance,Major Banks
KRMN,Karman Holdings Inc.,-5.34,-1.89,68,67,8,Industrials,Military/Government/Technical
OCLDY,Orica Limited,0.0,2.97,56,76,73,Basic Materials,Specialty Chemicals
IDTRY,IDTRY,0.0,3.45,63,67,18,Industrials,Industrial Distribution
QGEN,Qiagen N.V.,-2.37,4.23,63,70,17,Health Care,Biotechnology: Biological Products (No Diagnostic Substances)
JPNRF,"Japan Airlines Co., Ltd.",0.0,3.55,100,100,1,Industrials,Airlines
DNPLY,"Dai Nippon Printing Co., Ltd.",6.33,16.51,100,100,56,Industrials,Conglomerates
UMICF,Umicore SA,-0.94,-10.0,45,47,79,Industrials,Waste Management
PCOR,"Procore Technologies, Inc.",0.16,-13.14,47,50,4,Technology,Computer Software: Prepackaged Software
KNCRF,Konecranes Plc,0.0,0.0,5,39,3,Industrials,Farm & Heavy Construction Machinery
WFRD,Weatherford International plc,1.07,-19.12,13,16,53,Consumer Discretionary,Oil and Gas Field Machinery
BCKIF,Babcock International Group PLC,-2.04,-8.61,73,75,14,Industrials,Engineering & Construction
ICGUF,ICG plc,0.0,-12.31,0,9,22,Financial Services,Asset Management
YOU,"Clear Secure, Inc.",5.48,4.44,98,100,88,Technology,Computer Software: Prepackaged Software
DPMLF,DPM Metals Inc.,5.39,3.07,100,100,83,Basic Materials,Gold
LTH,"Life Time Group Holdings, Inc.",0.78,26.36,88,91,87,Consumer Discretionary,Hotels/Resorts
BCHMY,Bachem Holding AG,-6.66,7.54,63,65,72,Healthcare,Biotechnology
IVTJY,Investec Group,0.0,0.0,32,59,66,Financial Services,Capital Markets
WILLF,Demant A/S,0.0,13.48,90,91,65,Healthcare,Medical Devices
YORUF,"The Yokohama Rubber Company, Limited",0.0,6.75,68,79,91,Consumer Cyclical,Auto Parts
BILI,Bilibili Inc.,4.43,-0.61,64,64,7,Technology,EDP Services
THNPF,Technip Energies N.V.,0.0,0.0,5,39,26,Energy,Oil & Gas Equipment & Services
NDBKY,Nedbank Group Limited,1.97,7.29,75,85,64,Financial Services,Banks - Regional
SLAB,Silicon Laboratories Inc.,-0.3,-0.65,0,25,81,Technology,Semiconductors
TSUKY,"Toyo Suisan Kaisha, Ltd.",4.48,7.38,100,99,33,Consumer Defensive,Packaged Foods
TTEK,"Tetra Tech, Inc.",4.18,11.37,100,100,26,Consumer Discretionary,Military/Government/Technical
AKBTY,Akbank T.A.S.,-3.05,13.98,44,49,37,Financial Services,Banks - Regional
OMRNY,OMRON Corporation,5.39,-2.36,100,99,84,Technology,Electronic Components
VSH,"Vishay Intertechnology, Inc.",0.54,-27.37,0,0,97,Technology,Electrical Products
SSDOY,"Shiseido Company, Limited",2.9,10.83,100,100,28,Consumer Defensive,Household & Personal Products
ALKS,Alkermes plc,1.03,27.11,88,91,92,Health Care,Biotechnology: Pharmaceutical Preparations
LSTR,"Landstar System, Inc.",-2.22,-7.27,0,4,84,Industrials,Trucking Freight/Courier Services
IFSUF,Infrastrutture Wireless Italiane S.p.A.,7.33,-2.7,55,60,13,Real Estate,Real Estate Services
RGEN,Repligen Corporation,-0.66,11.78,62,66,45,Health Care,Biotechnology: Biological Products (No Diagnostic Substances)
GGDVY,Guangdong Investment Limited,0.0,-2.35,52,58,58,Utilities,Utilities - Regulated Water
HTCMY,"Hitachi Construction Machinery Co., Ltd.",0.0,0.0,5,39,45,Industrials,Farm & Heavy Construction Machinery
RAL,Ralliant Corporation,1.32,11.03,57,61,88,Industrials,Industrial Machinery/Components
SKHHY,Sonic Healthcare Limited,4.15,10.01,100,100,38,Healthcare,Diagnostics & Research
KLAR,KLAR,0.81,13.8,77,80,23,Finance,Finance: Consumer Services
SEOJF,Stora Enso Oyj,0.0,0.0,32,59,16,Consumer Cyclical,Packaging & Containers
STHRF,Strathcona Resources Ltd.,-2.57,-25.36,0,0,37,Energy,Oil & Gas E&P
IMVT,"Immunovant, Inc.",-0.49,18.15,83,87,93,Health Care,Biotechnology: Biological Products (No Diagnostic Substances)
CDNAF,"Canadian Tire Corporation, Limited",-0.06,8.61,62,78,44,Consumer Cyclical,Specialty Retail
CBC,"Central Bancompany, Inc.",1.05,13.21,100,97,79,Financial Services,Banks - Regional
OGC,OceanaGold Corporation,-1.15,-8.8,23,32,52,Basic Materials,Gold
THNOF,Technology One Limited,0.0,0.0,32,59,67,Technology,Software - Application
CEVMF,CTS Eventim AG & Co. KGaA,0.0,-13.83,25,33,11,Communication Services,Entertainment
AXTI,"AXT, Inc.",12.19,-40.07,12,12,99,Technology,Semiconductors
VBREY,VBREY,1.47,1.32,44,53,66,Consumer Cyclical,Specialty Retail
CSXXY,CAR Group Limited,0.23,-10.28,6,17,18,Communication Services,Internet Content & Information
UOLGY,UOL Group Limited,2.37,-4.7,17,28,61,Real Estate,Real Estate - Development
KGFHF,Kingfisher plc,-2.78,-0.26,32,34,30,Consumer Cyclical,Home Improvement Retail
KYMR,"Kymera Therapeutics, Inc.",1.1,53.81,90,94,92,Health Care,Biotechnology: Biological Products (No Diagnostic Substances)
ESTC,Elastic N.V.,0.86,-10.06,44,48,18,Technology,Computer Software: Prepackaged Software
GIFLF,"Grifols, S.A.",0.0,-4.81,17,34,14,Healthcare,Drug Manufacturers - General
PMOIF,Harbour Energy plc,0.0,-20.16,0,6,30,Energy,Oil & Gas E&P
GIKLY,"Grifols, S.A.",0.0,-9.54,2,15,17,Healthcare,Drug Manufacturers - General
GDS,GDS Holdings Limited,3.59,-14.74,16,21,12,Technology,Computer Software: Programming Data Processing
TEO,Telecom Argentina S.A.,3.75,-1.59,10,11,77,Telecommunications,Telecommunications Equipment
GPTGF,The GPT Group,0.0,5.23,59,70,60,Real Estate,REIT - Diversified
GTES,Gates Industrial Corporation plc,1.72,3.98,28,27,64,Industrials,Industrial Machinery/Components
TXNM,"TXNM Energy, Inc.",-0.53,-4.45,0,21,33,Utilities,Electric Utilities: Central
MHK,"Mohawk Industries, Inc.",-2.65,10.45,63,68,47,Consumer Discretionary,Home Furnishings
VLOWY,Vallourec S.A.,0.43,-18.47,7,11,49,Basic Materials,Steel
IDCC,"InterDigital, Inc.",0.53,8.36,56,74,28,Miscellaneous,Multi-Sector Companies
RNKGF,RNKGF,0.0,-17.74,9,15,4,Industrials,Aerospace & Defense
CELC,Celcuity Inc.,0.58,17.42,99,96,97,Health Care,Medical Specialities
AUGO,Aura Minerals Inc.,3.47,1.3,100,100,88,Basic Materials,Gold
SBFFF,SBM Offshore N.V.,0.0,-1.68,4,31,75,Energy,Oil & Gas Equipment & Services
RADLY,Raia Drogasil S.A.,12.12,4.73,57,66,30,Healthcare,Pharmaceutical Retailers
EDNMY,Edenred SE,2.31,8.99,62,80,69,Financial Services,Credit Services
VAL,Valaris Limited,-2.42,-20.86,3,11,66,Energy,Oil & Gas Production
MNESP,MSA Safety Incorporated,0.0,0.0,32,59,25,Industrials,Security & Protection Services
OTGLY,CD Projekt S.A.,1.02,0.58,100,95,22,Communication Services,Electronic Gaming & Multimedia
OMF,"OneMain Holdings, Inc.",0.97,8.68,61,72,48,Finance,Finance: Consumer Services
GGPSF,GGPSF,3.64,-16.38,13,20,99,Basic Materials,Gold
CAG,"Conagra Brands, Inc.",-3.84,8.75,53,61,11,Consumer Staples,Packaged Foods
DSGX,The Descartes Systems Group Inc.,0.45,-6.14,61,65,17,Technology,Computer Software: Prepackaged Software
STWD,"Starwood Property Trust, Inc.",1.4,0.62,45,60,28,Real Estate,Real Estate Investment Trusts
SGHC,Super Group (SGHC) Limited,1.1,12.91,100,97,75,Consumer Discretionary,Services-Misc. Amusement & Recreation
RYN,Rayonier Inc.,0.51,4.01,41,58,34,Real Estate,Real Estate Investment Trusts
CPB,The Campbell's Company,-2.83,6.93,74,75,18,Consumer Staples,Packaged Foods
LDSCY,Land Securities Group Plc,0.91,7.63,88,94,61,Real Estate,REIT - Diversified
BSDGF,Bosideng International Holdings Limited,1.76,2.3,88,87,39,Consumer Cyclical,Apparel Manufacturing
SWX,"Southwest Gas Holdings, Inc.",-1.28,1.71,8,38,51,Utilities,Oil & Gas Production
ACA,"Arcosa, Inc.",0.28,17.2,85,89,85,Industrials,Metal Fabrications
URBN,"Urban Outfitters, Inc.",-1.91,-4.86,0,0,33,Consumer Discretionary,Clothing/Shoe/Accessory Stores
MDA,MDA Space Ltd.,3.34,2.48,100,100,84,Consumer Discretionary,Electronic Components
SNDR,"Schneider National, Inc.",-0.22,-3.47,0,23,84,Industrials,Trucking Freight/Courier Services
FSV,FirstService Corporation,-0.75,3.82,79,80,22,Finance,Real Estate
CNTA,Centessa Pharmaceuticals plc,0.0,1.86,69,64,93,Health Care,Biotechnology: Pharmaceutical Preparations
PTCT,"PTC Therapeutics, Inc.",2.56,20.95,89,94,80,Health Care,Biotechnology: Pharmaceutical Preparations
SATLF,"ZOZO, Inc.",0.0,3.92,78,91,1,Consumer Cyclical,Internet Retail
PATH,"UiPath, Inc.",1.02,1.37,100,98,23,Technology,Computer Software: Prepackaged Software
ONEXF,Onex Corporation,3.35,0.15,86,87,34,Financial Services,Asset Management
CHDN,Churchill Downs Incorporated,-1.84,3.57,53,59,21,Consumer Discretionary,Services-Misc. Amusement & Recreation
GKOS,Glaukos Corporation,0.24,22.2,96,94,84,Health Care,Medical/Dental Instruments
TOITF,Topicus.com Inc.,-0.35,-14.62,3,12,6,Technology,Software - Infrastructure
DBX,"Dropbox, Inc.",-0.18,4.82,90,88,49,Technology,Computer Software: Prepackaged Software
TOKUY,Tokyu Corporation,0.0,-5.87,0,0,9,Consumer Cyclical,Department Stores
BRTHY,"Brother Industries, Ltd.",0.0,0.48,7,29,71,Industrials,Business Equipment & Supplies
WH,"Wyndham Hotels & Resorts, Inc.",-0.81,3.13,27,35,38,Consumer Discretionary,Hotels/Resorts
LNNGY,Li Ning Company Limited,-1.7,-14.56,8,17,10,Consumer Cyclical,Leisure
VCX,"Fundrise Growth Tech Fund, LLC",-0.41,-53.47,0,0,17,,
COGT,"Cogent Biosciences, Inc.",1.94,20.28,100,100,96,Health Care,Biotechnology: Pharmaceutical Preparations
EDNMF,Edenred SE,0.0,0.0,5,39,45,Financial Services,Credit Services
SKHCF,Sonic Healthcare Limited,0.0,6.33,38,47,18,Healthcare,Diagnostics & Research
OSCR,"Oscar Health, Inc.",-2.3,33.22,86,84,95,Health Care,Medical Specialities
CROX,"Crocs, Inc.",0.4,3.51,43,60,84,Consumer Discretionary,Shoe Manufacturing
STEP,StepStone Group Inc.,6.86,-3.43,41,49,11,Finance,Investment Managers
CPA,"Copa Holdings, S.A.",1.4,16.25,75,78,81,Consumer Discretionary,Air Freight/Delivery Services
MNTHF,Minth Group Limited,72.33,12.59,100,100,84,Consumer Cyclical,Auto Parts
GLAPY,Glanbia plc,3.4,5.21,100,100,91,Consumer Defensive,Packaged Foods
SQNXF,"Square Enix Holdings Co., Ltd.",0.0,-1.23,78,79,8,Communication Services,Electronic Gaming & Multimedia
CE,Celanese Corporation,-0.08,-11.73,24,30,20,Industrials,Major Chemicals
TGTX,"TG Therapeutics, Inc.",4.05,36.76,87,90,90,Health Care,Biotechnology: Pharmaceutical Preparations
HLBBF,H. Lundbeck A/S,0.0,-9.47,0,13,41,Healthcare,Drug Manufacturers - Specialty & Generic
MRUWY,MRUWY,-5.46,0.24,23,27,34,,
M,"Macy's, Inc.",1.85,3.61,28,32,84,Consumer Discretionary,Department/Specialty Retail Stores
ENREF,Energix - Renewable Energies Ltd.,0.0,-18.37,2,15,96,Utilities,Utilities - Renewable
WKCMF,Wacker Chemie AG,0.0,-14.79,0,9,72,Basic Materials,Specialty Chemicals
ZETA,Zeta Global Holdings Corp.,5.41,-5.75,84,83,73,Technology,Computer Software: Prepackaged Software
ATOGF,AUTO1 Group SE,1.81,6.99,71,85,59,Consumer Cyclical,Auto & Truck Dealerships
KOF,"Coca-Cola FEMSA, S.A.B. de C.V.",0.65,1.2,37,72,60,Consumer Staples,Beverages (Production/Distribution)
OUT,OUTFRONT Media Inc.,-1.07,4.7,43,58,88,Real Estate,Real Estate Investment Trusts
NOVTU,Novanta Inc.,2.71,0.09,84,94,82,Miscellaneous,Industrial Machinery/Components
CHE,Chemed Corporation,-1.87,11.14,81,81,59,Health Care,Medical/Nursing Services
RMSYF,Ramsay Health Care Limited,0.0,21.9,95,93,74,Healthcare,Medical Care Facilities
EMLZF,Emmi AG,0.0,1.92,46,72,51,Consumer Defensive,Packaged Foods
SMBMY,Seatrium Limited,0.0,-15.09,8,25,28,Energy,Oil & Gas Equipment & Services
BAFBF,Balfour Beatty plc,0.0,10.45,52,68,76,Industrials,Engineering & Construction
TKECF,"Tokyo Electric Power Company Holdings, Incorporated",0.0,-18.33,0,0,5,Utilities,Utilities - Renewable
BYCRF,"Baycurrent, Inc.",0.0,-8.56,3,26,1,Industrials,Consulting Services
OBDC,Blue Owl Capital Corporation,0.92,-0.6,52,64,28,Finance,Diversified Financial Services
EUTLF,Eutelsat Communications S.A.,2.88,-27.04,30,31,34,Communication Services,Telecom Services
NJR,New Jersey Resources Corporation,-2.14,3.92,37,54,59,Utilities,Oil/Gas Transmission
PIPR,Piper Sandler Companies,2.6,-5.35,11,19,23,Finance,Investment Bankers/Brokers/Service
BBRYF,Burberry Group plc,-5.81,-3.02,0,0,26,Consumer Cyclical,Luxury Goods
DLKGF,Delek Group Ltd.,10.15,-7.22,50,54,43,Energy,Oil & Gas E&P
PREKF,PrairieSky Royalty Ltd.,-1.21,-10.77,0,10,52,Energy,Oil & Gas E&P
HWC,Hancock Whitney Corporation,0.59,9.27,74,85,67,Finance,Major Banks
BXSL,Blackstone Secured Lending Fund,-2.36,0.67,34,55,27,Finance,Trusts Except Educational Religious and Charitable
PLUG,Plug Power Inc.,0.0,-26.67,3,8,72,Energy,Industrial Machinery/Components
OZKAP,Bank OZK,0.62,-1.71,11,36,35,Finance,Major Banks
MARA,"MARA Holdings, Inc.",4.44,-6.7,17,16,61,Technology,EDP Services
FUPBY,Fuchs SE,0.27,-0.18,42,60,37,Basic Materials,Specialty Chemicals
SSMXY,Sysmex Corporation,3.07,4.28,100,100,20,Healthcare,Medical Devices
ETCMY,Eutelsat Communications S.A.,1.72,-21.71,39,42,53,Communication Services,Telecom Services
BC,Brunswick Corporation,0.23,-3.85,0,0,62,Industrials,Industrial Machinery/Components
MCY,Mercury General Corporation,0.58,14.27,97,93,80,Finance,Property-Casualty Insurers
LB,LandBridge Company LLC,1.56,0.85,72,83,69,Energy,Oil & Gas Production
HOMB,"Home BancShares, Inc.",0.21,7.08,45,58,41,Finance,Major Banks
FINN,"First National of Nebraska, Inc.",1.33,0.0,57,67,74,Financial Services,Banks - Regional
THKLY,"THK Co., Ltd.",2.28,-5.73,35,46,91,Industrials,Specialty Industrial Machinery
AVAL,Grupo Aval Acciones y Valores S.A.,0.4,3.96,22,26,83,Finance,Commercial Banks
EPAM,"EPAM Systems, Inc.",-1.61,-11.01,43,47,2,Technology,EDP Services
HRSEF,"Hirose Electric Co.,Ltd.",0.0,0.0,32,59,1,Technology,Electronic Components
TKMTY,TKMTY,0.0,-5.97,6,36,4,Industrials,Railroads
CBUMF,China National Building Material Company Limited,-9.85,1.24,31,35,78,Basic Materials,Building Materials
RUSHB,"Rush Enterprises, Inc.",3.8,18.45,97,100,77,Consumer Discretionary,Retail-Auto Dealers and Gas Stations
LNNGF,Li Ning Company Limited,0.0,-27.08,0,5,8,Consumer Cyclical,Leisure
VCTR,"Victory Capital Holdings, Inc.",3.46,2.84,94,91,85,Finance,Investment Managers
NBCLF,"Nitto Boseki Co., Ltd.",3.98,-14.82,17,16,98,Consumer Cyclical,Textile Manufacturing
EQPT,EquipmentShare.com Inc.,-2.08,-8.07,0,0,5,Consumer Discretionary,Diversified Commercial Services
IPGDF,IGO Limited,0.0,-20.0,0,7,84,Basic Materials,Other Industrial Metals & Mining
PSMT,"PriceSmart, Inc.",-1.92,12.15,67,74,87,Consumer Discretionary,Department/Specialty Retail Stores
HASI,"HA Sustainable Infrastructure Capital, Inc.",0.05,-3.81,35,46,68,Finance,Finance/Investors Services
RICOY,"Ricoh Company, Ltd.",0.0,-4.88,0,16,37,Industrials,Business Equipment & Supplies
RITM,Rithm Capital Corp.,1.54,3.42,63,83,24,Real Estate,Real Estate Investment Trusts
VSECU,VSE Corporation,3.11,26.56,100,100,68,Industrials,Aerospace & Defense
GLBE,Global-E Online Ltd.,1.25,13.44,96,99,52,Technology,Computer Software: Prepackaged Software
HLPPY,Hang Lung Properties Limited,0.45,-8.55,1,8,16,Real Estate,Real Estate Services
ENGGY,"Enagás, S.A.",-1.14,0.86,0,12,61,Utilities,Utilities - Regulated Gas
ACHR,Archer Aviation Inc.,7.83,-15.83,57,63,7,Industrials,Aerospace
BOOT,"Boot Barn Holdings, Inc.",0.67,-6.14,0,0,41,Consumer Discretionary,Clothing/Shoe/Accessory Stores
OTF,Blue Owl Technology Finance Corp.,-0.86,-6.26,24,36,13,Financial Services,Asset Management
RNSHF,Renishaw plc,0.0,-9.86,2,21,85,Technology,Scientific & Technical Instruments
SEI,"Solaris Energy Infrastructure, Inc.",0.42,-11.58,0,0,88,Consumer Discretionary,Oil and Gas Field Machinery
CNVVF,Convatec Group PLC,0.0,18.7,89,93,19,Healthcare,Medical Instruments & Supplies
TOSCF,Tosoh Corporation,0.0,0.0,32,59,1,Basic Materials,Chemicals
GLNG,Golar LNG Limited,1.12,-3.6,4,24,54,Consumer Discretionary,Marine Transportation
DSVSF,Discovery Mining Ltd.,2.93,10.87,100,100,88,Basic Materials,Silver
SBRA,"Sabra Health Care REIT, Inc.",-2.13,11.66,71,74,45,Real Estate,Real Estate Investment Trusts
JAN,"Janus Living, Inc.",0.89,19.94,95,97,71,Real Estate,Real Estate Investment Trusts
VLMTY,Valmet Oyj,0.0,0.0,32,59,7,Industrials,Specialty Industrial Machinery
BIPC,Brookfield Infrastructure Corporation,0.95,-5.34,25,38,28,Utilities,Oil & Gas Production
MAPGF,Mapletree Logistics Trust,0.0,10.53,88,89,52,Real Estate,REIT - Industrial
TMICY,Trend Micro Incorporated,2.37,-4.04,67,69,24,Technology,Software - Infrastructure
BTDPY,Barratt Redrow plc,1.76,6.95,72,81,15,Consumer Cyclical,Residential Construction
YKLTY,"Yakult Honsha Co.,Ltd.",6.2,11.24,100,100,48,Consumer Defensive,Beverages - Non-Alcoholic
HSYDF,Harmonic Drive Systems Inc.,4.87,11.56,82,95,98,Industrials,Specialty Industrial Machinery
WHITF,Whitehaven Coal Limited,0.0,-21.59,0,3,42,Energy,Thermal Coal
CVLT,"Commvault Systems, Inc.",0.05,23.45,96,93,78,Technology,Computer Software: Prepackaged Software
HRB,"H&R Block, Inc.",-2.05,4.67,81,81,29,Consumer Discretionary,Other Consumer Services
COLZF,COLZF,0.0,-3.45,27,59,99,Consumer Defensive,Beverages - Non-Alcoholic
SR,Spire Inc.,-1.53,-2.25,27,44,27,Utilities,Oil/Gas Transmission
OMAB,"Grupo Aeroportuario del Centro Norte, S.A.B. de C.V.",1.17,13.31,86,91,44,Consumer Discretionary,Aerospace
LBRDA,Liberty Broadband Corporation,-1.24,5.24,41,54,2,Telecommunications,Cable & Other Pay Television Services
SXT,Sensient Technologies Corporation,-0.02,10.35,84,88,78,Industrials,Major Chemicals
HLNE,Hamilton Lane Incorporated,3.39,0.49,61,69,5,Finance,Investment Managers
PMNXF,Perseus Mining Limited,1.43,-1.67,43,48,51,Basic Materials,Gold
PAGP,"Plains GP Holdings, L.P.",-1.06,-2.5,36,49,68,Energy,Natural Gas Distribution
PBF,PBF Energy Inc.,3.03,15.2,100,100,89,Energy,Integrated oil Companies
ATDRY,Autotrader Group plc,-2.41,9.46,68,70,12,Communication Services,Internet Content & Information
GMVHF,Entain Plc,-1.03,-7.64,17,27,7,Consumer Cyclical,Gambling
HSHZY,Hoshizaki Corporation,0.0,4.44,39,51,25,Industrials,Specialty Industrial Machinery
LBRT,Liberty Energy Inc.,-2.1,-26.2,0,0,79,Energy,Oilfield Services/Equipment
LEGIF,LEG Immobilien SE,0.0,-1.16,46,61,17,Real Estate,Real Estate Services
MOHCY,Motor Oil (Hellas) Corinth Refineries S.A.,0.0,3.83,91,100,88,Energy,Oil & Gas Refining & Marketing
FNCNF,Fincantieri S.p.A.,4.13,-6.84,38,51,3,Industrials,Aerospace & Defense
HISEF,"Hisense Home Appliances Group Co., Ltd.",0.0,79.41,100,100,91,Consumer Cyclical,"Furnishings, Fixtures & Appliances"
CAI,"Caris Life Sciences, Inc.",-2.68,3.07,51,57,7,Health Care,Medical Specialities
TKC,Turkcell Iletisim Hizmetleri A.S.,0.17,-1.18,7,20,31,Telecommunications,Telecommunications Equipment
CHEOF,Cochlear Limited,0.0,19.65,85,91,2,Healthcare,Medical Devices
FFIN,"First Financial Bankshares, Inc.",-0.37,8.13,53,68,51,Finance,Major Banks
DEXSF,DEXUS,0.0,2.79,81,92,21,Real Estate,REIT - Office
LAZ,"Lazard, Inc.",4.19,-10.85,32,37,27,Finance,Investment Managers
WHD,"Cactus, Inc.",0.14,-14.25,12,16,54,Consumer Discretionary,Oil and Gas Field Machinery
FBIN,"Fortune Brands Innovations, Inc.",-3.08,31.18,76,83,60,Basic Materials,Forest Products
ORLA,Orla Mining Ltd.,1.18,-9.09,34,39,10,Basic Materials,Precious Metals
ACLS,"Axcelis Technologies, Inc.",-3.13,-13.53,0,0,90,Technology,Industrial Machinery/Components
OCTV,Octave Intelligence plc,4.83,-8.66,38,44,12,Technology,Computer Software: Prepackaged Software
CMZOF,"Corporación Moctezuma, S.A.B. de C.V.",0.0,135.75,95,95,99,Basic Materials,Building Materials
PI,"Impinj, Inc.",4.53,8.68,100,100,64,Technology,Industrial Machinery/Components
SKBNF,Shikun & Binui Ltd.,0.0,0.0,32,59,93,Industrials,Engineering & Construction
MIR,"Mirion Technologies, Inc.",-2.7,-7.19,17,22,11,Industrials,Industrial Machinery/Components
BKEAF,"The Bank of East Asia, Limited",0.0,0.0,5,39,19,Financial Services,Banks - Regional
REYN,Reynolds Consumer Products Inc.,-2.65,22.05,75,77,68,Consumer Discretionary,Containers/Packaging
DNPUF,"Sumitomo Pharma Co., Ltd.",0.0,0.43,61,63,13,Healthcare,Drug Manufacturers - Specialty & Generic
TTCIF,Titan S.A.,0.0,6.14,95,100,52,Basic Materials,Building Materials
RDN,Radian Group Inc.,0.66,13.66,90,94,50,Finance,Property-Casualty Insurers
CSW,"CSW Industrials, Inc.",1.42,3.83,35,58,39,Industrials,Home Furnishings
NGXXF,NGEx Minerals Ltd.,2.66,-11.81,49,56,51,Basic Materials,Other Industrial Metals & Mining
SAIC,Science Applications International Corporation,3.37,-1.6,77,78,53,Technology,EDP Services
SPGDF,Springer Nature AG & Co. KGaA,0.84,8.79,21,7,54,,
AIR,AAR Corp.,2.5,24.31,87,91,90,Industrials,Aerospace
MONDY,Mondi plc,1.94,-7.24,30,40,6,Basic Materials,Paper & Paper Products
SHC,Sotera Health Company,-0.39,14.71,90,88,66,Health Care,Misc Health and Biotechnology Services
KNF,Knife River Corporation,0.2,10.99,52,55,58,Industrials,Mining & Quarrying of Nonmetallic Minerals (No Fuels)
FLIDY,FLSmidth & Co. A/S,13.64,-1.02,78,79,53,Industrials,Specialty Industrial Machinery
ACIW,"ACI Worldwide, Inc.",1.91,32.03,100,100,69,Technology,Computer Software: Prepackaged Software
NPIFF,Northland Power Inc.,-0.13,-8.51,0,0,29,Utilities,Utilities - Renewable
KBR,"KBR, Inc.",2.8,4.08,100,100,19,Industrials,Military/Government/Technical
MAUTF,Montage Gold Corp.,1.88,7.65,85,97,94,Basic Materials,Gold
MDU,"MDU Resources Group, Inc.",-1.64,-3.05,0,0,48,Industrials,Mining & Quarrying of Nonmetallic Minerals (No Fuels)
PONY,Pony AI Inc.,2.49,-26.78,5,8,2,Technology,EDP Services
MCARY,"Mercari, Inc.",18.18,16.37,100,100,82,Consumer Cyclical,Internet Retail
LIMAF,Linamar Corporation,4.73,-5.5,28,26,70,Consumer Cyclical,Auto Parts
MRVGF,Mirvac Group,0.0,4.53,92,100,20,Real Estate,REIT - Diversified
EPR,EPR Properties,0.19,5.99,44,58,57,Real Estate,Real Estate Investment Trusts
PFSI,"PennyMac Financial Services, Inc.",0.34,2.72,39,56,10,Finance,Finance: Consumer Services
HNGE,"Hinge Health, Inc.",5.32,40.55,100,100,94,Technology,EDP Services
TCBI,"Texas Capital Bancshares, Inc.",1.32,2.91,82,95,62,Finance,Major Banks
MAT,"Mattel, Inc.",-2.17,-8.1,0,0,8,Consumer Discretionary,Recreational Games/Products/Toys
NRSDY,Nordic Semiconductor ASA,0.0,-16.74,28,39,76,Technology,Semiconductors
VVV,Valvoline Inc.,-1.25,9.48,43,44,57,Industrials,Major Chemicals
PVH,PVH Corp.,2.13,-1.7,32,42,37,Industrials,Garments and Clothing
JTKWY,Just Eat Takeaway.com N.V.,13.33,3.66,87,97,30,,
BCO,The Brink's Company,3.01,3.59,97,94,32,Industrials,Integrated Freight & Logistics
WING,Wingstop Inc.,-4.16,18.06,74,72,12,Consumer Discretionary,Restaurants
AXXTF,Axiata Group Berhad,0.0,0.0,32,59,25,Communication Services,Telecom Services
FHI,"Federated Hermes, Inc.",2.31,1.72,46,64,54,Finance,Investment Managers
PLNT,"Planet Fitness, Inc.",-1.93,2.12,48,62,2,Consumer Discretionary,Hotels/Resorts
TNL,Travel + Leisure Co.,-1.41,7.8,42,49,63,Consumer Discretionary,Hotels/Resorts
APEMY,Aperam S.A.,0.0,-23.45,0,6,75,Basic Materials,Steel
HKMPY,Hikma Pharmaceuticals PLC,0.0,4.94,60,76,35,Healthcare,Drug Manufacturers - Specialty & Generic
RXO,"RXO, Inc.",-0.08,-3.76,29,34,92,Consumer Discretionary,Transportation Services
RELY,"Remitly Global, Inc.",2.02,22.31,100,100,87,Consumer Discretionary,Business Services
LBTYA,Liberty Global Ltd.,-3.81,-6.53,0,4,27,Telecommunications,Cable & Other Pay Television Services
KKKUF,"Kakaku.com, Inc.",0.0,-3.51,4,30,84,Communication Services,Internet Content & Information
SOOBF,Sapporo Breweries Limited,0.0,-214.13,100,100,1,Consumer Defensive,Beverages - Brewers
SLMBP,SLM Corporation,-1.21,-1.55,0,12,36,Finance,Finance: Consumer Services
TWST,Twist Bioscience Corporation,0.7,35.17,89,93,97,Health Care,Biotechnology: Biological Products (No Diagnostic Substances)
TDS,"Telephone and Data Systems, Inc.",-2.32,-10.78,0,0,15,Telecommunications,Telecommunications Equipment
FULT,Fulton Financial Corporation,0.91,11.87,83,90,74,Finance,Major Banks
GNNSF,Genscript Biotech Corporation,0.0,0.0,32,59,23,Healthcare,Biotechnology
FMCCK,Federal Home Loan Mortgage Corporation,0.0,-4.75,0,20,8,Financial Services,Mortgage Finance
FMCCI,Federal Home Loan Mortgage Corporation,4.33,-1.18,36,50,6,Financial Services,Mortgage Finance
FMCC,Federal Home Loan Mortgage Corporation,-0.18,-6.44,0,0,6,Financial Services,Mortgage Finance
FMCKK,Federal Home Loan Mortgage Corporation PFD,0.0,-6.67,0,16,8,Unknown,Unknown
FMCKM,Federal Home Loan Mortgage Corporation,-3.8,-7.76,0,0,5,Financial Services,Mortgage Finance
FMCCO,Federal Home Loan Mortgage Corporation,2.99,-9.09,16,27,9,Financial Services,Mortgage Finance
FMCCL,Federal Home Loan Mortgage Corporation,0.15,0.39,27,49,7,Financial Services,Mortgage Finance
ITVPY,ITV plc,1.1,0.18,38,53,50,Communication Services,Broadcasting
SRAD,Sportradar Group AG,7.4,13.28,61,58,7,Technology,Computer Software: Programming Data Processing
NCTKF,Nabtesco Corporation,12.4,10.51,100,100,90,Industrials,Specialty Industrial Machinery
WPP,WPP plc,5.02,-3.94,47,55,14,Consumer Discretionary,Advertising
JGCCY,JGC Holdings Corporation,0.0,5.62,82,88,90,Industrials,Engineering & Construction
NCTKY,Nabtesco Corporation,17.0,23.77,100,100,92,Industrials,Specialty Industrial Machinery
NINOF,Nikon Corporation,0.0,13.05,89,96,1,Consumer Cyclical,Leisure
ESYJY,easyJet plc,8.16,25.23,100,100,83,Industrials,Airlines
OPLN,"OPENLANE, Inc.",1.33,12.68,57,61,84,Consumer Discretionary,Retail-Auto Dealers and Gas Stations
BBWI,"Bath & Body Works, Inc.",-0.18,23.56,68,72,36,Consumer Discretionary,Clothing/Shoe/Accessory Stores
LMGIF,Lumine Group Inc.,2.52,-6.08,26,35,6,Technology,Software - Application
PII,Polaris Inc.,1.92,-6.58,6,3,63,Consumer Discretionary,Industrial Specialties
RUM,RUM Group Inc.,5.68,-20.42,16,19,41,Technology,Computer Software: Programming Data Processing
GCWOF,"GCC, S.A.B. de C.V.",0.0,-3.88,3,28,63,Basic Materials,Building Materials
USAC,"USA Compression Partners, LP",-3.22,-10.87,8,23,43,Utilities,Natural Gas Distribution
NDGPY,Nine Dragons Paper (Holdings) Limited,0.0,-5.9,2,23,72,Basic Materials,Paper & Paper Products
SEZL,Sezzle Inc.,-2.29,48.01,91,90,96,Finance,Finance: Consumer Services
KTB,"Kontoor Brands, Inc.",2.53,27.92,100,100,73,Industrials,Garments and Clothing
GCPEF,GCL Technology Holdings Limited,0.0,-10.0,0,7,6,Technology,Solar
MWA,"Mueller Water Products, Inc.",1.52,1.04,7,14,32,Industrials,Metal Fabrications
BBAR,Banco BBVA Argentina S.A.,6.74,17.5,73,86,88,Finance,Commercial Banks
LRN,"Stride, Inc.",-0.18,-11.48,35,41,24,Real Estate,Other Consumer Services
CRK,"Comstock Resources, Inc.",-3.54,2.39,59,67,4,Energy,Oil & Gas Production
HLPMF,HELLENiQ ENERGY Holdings S.A.,0.0,0.53,100,100,73,Energy,Oil & Gas Refining & Marketing
VEON,VEON Ltd.,2.17,3.1,94,100,49,Telecommunications,Telecommunications Equipment
SNPHY,"Santen Pharmaceutical Co., Ltd.",3.04,17.0,100,100,72,Healthcare,Drug Manufacturers - General
TTVSY,TTVSY,-2.13,-19.43,20,28,7,Technology,Software - Application
QLYS,"Qualys, Inc.",6.85,41.9,100,100,84,Technology,Computer Software: Prepackaged Software
BELFB,Bel Fuse Inc.,3.94,0.33,14,14,93,Technology,Electronic Components
NPSKY,NSK Ltd.,4.49,-3.0,69,76,73,Consumer Cyclical,Auto Parts
WYNMF,"Wynn Macau, Limited",0.0,-12.0,13,20,14,Consumer Cyclical,Resorts & Casinos
ATMU,Atmus Filtration Technologies Inc.,4.61,10.15,59,63,46,Consumer Discretionary,Auto Parts:O.E.M.
INDB,Independent Bank Corp.,0.64,8.41,64,77,65,Finance,Major Banks
MRX,Marex Group Limited,6.11,21.77,85,91,92,Finance,Investment Bankers/Brokers/Service
WYNMY,"Wynn Macau, Limited",2.24,-13.75,8,11,12,Consumer Cyclical,Resorts & Casinos
HAFN,Hafnia Limited,1.28,-2.07,42,49,64,Consumer Discretionary,Transportation Services
GPI,"Group 1 Automotive, Inc.",2.92,-2.82,16,20,8,Consumer Discretionary,Retail-Auto Dealers and Gas Stations
NG,NovaGold Resources Inc.,0.31,-21.12,19,25,12,Basic Materials,Precious Metals
EE,"Excelerate Energy, Inc.",1.92,19.54,98,100,78,Utilities,Oil/Gas Transmission
ARIS,Aris Mining Corporation,-0.13,-6.77,47,54,76,Basic Materials,Gold
BOX,"Box, Inc.",1.65,5.9,100,100,36,Technology,Computer Software: Prepackaged Software
KNSA,"Kiniksa Pharmaceuticals International, plc",-2.73,27.5,85,83,89,Health Care,Biotechnology: Pharmaceutical Preparations
ASMOF,ASMOF,-11.23,23.15,70,65,61,,
EDVGF,Endeavour Group Limited,0.0,9.69,82,94,22,Consumer Defensive,Beverages - Wineries & Distilleries
STUB,"StubHub Holdings, Inc.",6.45,45.95,100,100,79,Consumer Discretionary,Services-Misc. Amusement & Recreation
PEYUF,Peyto Exploration & Development Corp.,-0.54,-9.62,0,14,47,Energy,Oil & Gas E&P
PALAF,Paladin Energy Ltd,1.17,-12.39,40,49,50,Energy,Uranium
FG,"F&G Annuities & Life, Inc.",1.57,5.37,60,65,34,Finance,Life Insurance
SA,Seabridge Gold Inc.,-0.8,-19.53,34,39,55,Basic Materials,Precious Metals
ITRI,"Itron, Inc.",1.92,7.02,95,100,13,Industrials,Electrical Products
SEYMF,"Solaria Energía y Medio Ambiente, S.A.",0.0,-17.86,1,12,95,Utilities,Utilities - Renewable
PIFMF,PT Indofood Sukses Makmur Tbk,0.0,0.0,5,39,14,Consumer Defensive,Packaged Foods
BBAJF,"Banco del Bajío, S.A., Institución de Banca Múltiple",0.0,1.31,47,63,1,Financial Services,Banks - Regional
AAP,"Advance Auto Parts, Inc.",-8.45,0.79,5,22,58,Consumer Discretionary,Auto & Home Supply Stores
ADOOY,PT Alamtri Resources Indonesia Tbk,-4.39,-2.92,0,24,53,Energy,Thermal Coal
NINOY,Nikon Corporation,1.03,10.59,85,89,66,Consumer Cyclical,Leisure
FSRPF,Frasers Property Limited,0.0,-9.8,2,21,52,Real Estate,Real Estate - Diversified
HEGIY,Hengan International Group Company Limited,4.05,-4.12,26,33,19,Consumer Defensive,Household & Personal Products
ZLDPY,Zealand Pharma A/S,0.0,-5.96,49,56,11,Healthcare,Biotechnology
BHFAN,"Brighthouse Financial, Inc.",0.12,1.43,12,38,28,Finance,Life Insurance
BHFAP,"Brighthouse Financial, Inc.",0.34,-0.51,0,32,28,Finance,Life Insurance
AFLYY,Air France-KLM SA,1.36,18.25,73,76,72,Industrials,Airlines
HIMX,"Himax Technologies, Inc.",8.82,-39.15,15,14,92,Technology,Semiconductors
DRXGY,Drax Group plc,0.0,0.0,5,39,53,Utilities,Utilities - Renewable
AFRAF,Air France-KLM SA,13.15,13.15,100,100,73,Industrials,Airlines
RGRNF,Regis Resources Limited,11.9,1.08,73,87,56,Basic Materials,Gold
WGXRF,Westgold Resources Limited,2.72,-5.26,47,50,44,Basic Materials,Gold
JPSWY,"The Japan Steel Works, Ltd.",3.99,14.38,66,68,17,Industrials,Specialty Industrial Machinery
INFQ,"Infleqtion, Inc.",0.16,-27.26,0,0,25,Technology,EDP Services
ORKA,"Oruka Therapeutics, Inc.",-2.44,33.48,63,68,98,Health Care,Biotechnology: In Vitro & In Vivo Diagnostic Substances
IIJIY,Internet Initiative Japan Inc.,0.0,1.29,93,90,67,Communication Services,Telecom Services
OGN,Organon & Co.,0.07,1.19,30,55,92,Health Care,Biotechnology: Pharmaceutical Preparations
DLO,DLocal Limited,2.49,29.57,100,100,65,Consumer Discretionary,Business Services
PBMRY,PT Bumi Resources Tbk,0.0,0.0,5,39,20,Energy,Thermal Coal
ARX,Accelerant Holdings,-3.78,-10.17,41,45,13,Finance,Specialty Insurers
ANF,Abercrombie & Fitch Co.,-2.87,15.59,74,76,24,Consumer Discretionary,Clothing/Shoe/Accessory Stores
APLE,"Apple Hospitality REIT, Inc.",-0.36,6.31,46,55,85,Real Estate,Real Estate Investment Trusts
FIZZ,National Beverage Corp.,-2.97,-6.88,15,21,19,Consumer Staples,Beverages (Production/Distribution)
ARCVF,Arcadis NV,1.76,-5.78,10,24,30,Industrials,Engineering & Construction
BRCTF,BioArctic AB (publ),0.0,0.0,32,59,74,Healthcare,Biotechnology
SMG,The Scotts Miracle-Gro Company,-2.57,18.04,63,67,50,Industrials,Agricultural Chemicals
GBDC,"Golub Capital BDC, Inc.",-0.92,0.06,48,59,36,Finance,Finance: Consumer Services
ASO,"Academy Sports and Outdoors, Inc.",-2.01,-7.98,0,9,19,Consumer Discretionary,Other Specialty Stores
MMTOY,Mitsubishi Motors Corporation,0.0,-12.61,32,59,7,Consumer Cyclical,Auto Manufacturers
SKYW,"SkyWest, Inc.",1.93,18.48,79,83,36,Consumer Discretionary,Air Freight/Delivery Services
BEAM,Beam Therapeutics Inc.,1.52,7.55,91,95,86,Health Care,Biotechnology: Biological Products (No Diagnostic Substances)
ICUI,"ICU Medical, Inc.",2.88,18.16,100,100,70,Health Care,Medical/Dental Instruments
CLZNY,Clariant AG,0.0,5.74,47,41,44,Basic Materials,Specialty Chemicals
HTWSF,Helios Towers plc,-0.73,-10.43,0,15,77,Communication Services,Telecom Services
SXI,Standex International Corporation,-2.47,7.43,37,40,86,Industrials,Industrial Machinery/Components
CVI,"CVR Energy, Inc.",1.4,-14.43,22,29,26,Energy,Integrated oil Companies
IAC,People Inc,1.76,10.68,100,100,68,Technology,Computer Software: Programming Data Processing
WSBCO,"WesBanco, Inc.",0.04,0.08,11,47,40,Finance,Major Banks
GPK,Graphic Packaging Holding Company,-2.21,0.75,35,52,10,Consumer Discretionary,Containers/Packaging
CSQ,Calamos Strategic Total Return Fund,0.88,0.86,88,88,62,Finance,Finance Companies
BTU,Peabody Energy Corporation,1.7,-27.33,5,8,19,Energy,Coal Mining
SNYYF,Sany Heavy Equipment International Holdings Company Limited,2.43,-10.98,26,29,10,Industrials,Farm & Heavy Construction Machinery
CAKE,The Cheesecake Factory Incorporated,-2.89,20.44,61,63,82,Consumer Discretionary,Restaurants
PEGRY,Pennon Group Plc,1.72,-5.77,38,47,28,Utilities,Utilities - Regulated Water
AAUC,Allied Gold Corporation,-2.2,-8.76,19,28,58,Basic Materials,Gold
MMS,"Maximus, Inc.",0.52,-7.4,20,29,8,Consumer Discretionary,Business Services
UPST,"Upstart Holdings, Inc.",-1.29,6.38,70,75,22,Finance,Finance: Consumer Services
FFBC,First Financial Bancorp.,0.7,13.39,92,94,78,Finance,Major Banks
CLCMF,Sinch AB (publ),8.92,-11.7,37,44,88,Communication Services,Telecom Services
THYCY,Taiheiyo Cement Corporation,0.0,-2.01,3,30,61,Basic Materials,Building Materials
TDC,Teradata Corporation,5.44,4.47,100,100,85,Technology,Computer Software: Prepackaged Software
CNALF,CNALF,-0.44,5.78,29,17,87,,
PRMRY,Paramount Resources Ltd.,0.0,-14.31,1,8,29,Energy,Oil & Gas E&P
TNGX,"Tango Therapeutics, Inc.",1.63,35.17,75,78,97,Health Care,Biotechnology: Pharmaceutical Preparations
BATRK,"Atlanta Braves Holdings, Inc.",-1.46,5.52,51,65,68,Consumer Discretionary,Services-Misc. Amusement & Recreation
ERO,Ero Copper Corp.,0.72,-14.17,10,16,54,Basic Materials,Metal Mining
TLX,Telix Pharmaceuticals Limited,2.36,27.36,100,100,70,Health Care,Biotechnology: Pharmaceutical Preparations
HSAI,Hesai Group,1.63,-13.73,52,55,9,Industrials,Industrial Machinery/Components
VC,Visteon Corporation,5.27,-11.45,44,47,49,Consumer Discretionary,Auto Parts:O.E.M.
CZGZF,Colt CZ Group SE,0.0,157.83,100,100,98,Industrials,Aerospace & Defense
CRVL,CorVel Corporation,-0.39,7.89,84,86,27,Finance,Specialty Insurers
CGNMF,CGN Mining Company Limited,0.0,-17.83,1,16,12,Energy,Uranium
UNFI,"United Natural Foods, Inc.",2.39,-11.91,7,15,78,Consumer Discretionary,Food Distributors
TENB,"Tenable Holdings, Inc.",6.97,40.97,100,100,93,Technology,Computer Software: Prepackaged Software
PRK,Park National Corporation,-0.72,7.0,67,78,59,Finance,Major Banks
VTMX,"Corporación Inmobiliaria Vesta, S.A.B. de C.V.",1.16,2.91,100,93,59,Finance,Real Estate
KURRY,"Kuraray Co., Ltd.",0.0,0.0,5,39,23,Basic Materials,Chemicals
YAMCF,Yamaha Corporation,0.0,0.0,5,39,33,Consumer Cyclical,Leisure
EQGPF,EQB Inc.,0.0,17.48,93,90,76,Financial Services,Banks - Regional
BXMT,"Blackstone Mortgage Trust, Inc.",1.22,-2.74,30,44,30,Real Estate,Real Estate Investment Trusts
GRAL,"GRAIL, Inc.",-0.23,3.61,93,91,62,Health Care,Medical Specialities
BKD,Brookdale Senior Living Inc.,-1.89,30.95,85,87,88,Health Care,Hospital/Nursing Management
BGSI,Boyd Group Services Inc.,-0.01,-6.57,49,55,4,Consumer Cyclical,Auto & Truck Dealerships
WLHSF,WLHSF,0.0,-6.24,3,25,98,Industrials,Marine Shipping
ULVAF,"ULVAC, Inc.",19.32,-152.04,100,100,1,Industrials,Specialty Industrial Machinery
JSGRY,LIXIL Corporation,-0.19,3.66,68,72,26,Industrials,Building Products & Equipment
HYPMY,Hypera S.A.,-1.43,-3.29,61,66,26,Healthcare,Drug Manufacturers - Specialty & Generic
EFXT,Enerflex Ltd.,-1.91,-14.18,0,0,91,Industrials,Industrial Machinery/Components
APAM,Artisan Partners Asset Management Inc.,2.17,-3.42,52,54,26,Finance,Investment Managers
VGPBF,VGP NV,0.0,3.33,91,100,32,Real Estate,Real Estate Services
AWR,American States Water Company,-1.91,7.95,71,73,54,Utilities,Water Supply
MITFY,Mitie Group plc,-1.18,-7.64,12,24,35,Industrials,Specialty Business Services
WRBY,Warby Parker Inc.,-0.14,21.14,82,88,78,Health Care,Ophthalmic Goods
BCCLF,"Becle, S.A.B. de C.V.",0.0,1.25,0,20,9,Consumer Defensive,Beverages - Wineries & Distilleries
TTAM,Titan America SA,1.32,15.65,66,69,72,Industrials,Mining & Quarrying of Nonmetallic Minerals (No Fuels)
LFST,"LifeStance Health Group, Inc.",-2.48,43.85,87,89,93,Health Care,Medical/Nursing Services
JNPKF,Jenoptik AG,-8.66,-12.25,0,9,94,Technology,Electronic Components
KALU,Kaiser Aluminum Corporation,1.51,-4.24,6,7,92,Industrials,Metal Fabrications
CSAN,Cosan S.A.,5.21,5.57,100,100,4,Consumer Discretionary,Retail-Auto Dealers and Gas Stations
BANC,"Banc of California, Inc.",1.28,6.94,52,65,69,Finance,Major Banks
BKFKF,P/F Bakkafrost,0.0,-9.78,2,15,15,Consumer Defensive,Farm Products
TE,T1 Energy Inc.,1.05,-25.81,25,28,97,Miscellaneous,Industrial Machinery/Components
ADEA,Adeia Inc.,0.48,-9.36,0,0,88,Technology,Computer Software: Prepackaged Software
TNIPF,TNIPF,7.95,0.95,18,16,46,Unknown,Unknown
SGAMY,Sega Sammy Holdings Inc.,6.29,-0.8,87,86,11,Communication Services,Electronic Gaming & Multimedia
LYSFF,Lerøy Seafood Group ASA,0.0,-13.91,0,10,13,Consumer Defensive,Packaged Foods
EXG,Eaton Vance Tax-Managed Global Diversified Equity Income Fund,0.51,4.19,91,85,58,Finance,Finance Companies
SMIZF,"Meliá Hotels International, S.A.",0.0,0.0,5,39,86,Consumer Cyclical,Lodging
WT,"WisdomTree, Inc.",2.27,-2.74,79,90,82,Finance,Investment Bankers/Brokers/Service
BKV,BKV Corporation,-1.1,0.07,85,84,42,Energy,Oil & Gas Production
RMTHF,Matrix IT Ltd.,6.6,1.56,88,94,31,Technology,Information Technology Services
HTGC,"Hercules Capital, Inc.",0.56,3.08,93,89,35,Finance,Investment Managers
QNTQF,QinetiQ Group plc,0.0,-11.58,6,12,15,Industrials,Aerospace & Defense
NHC,National HealthCare Corporation,-0.46,16.02,90,87,90,Health Care,Hospital/Nursing Management
TROLB,"Tootsie Roll Industries, Inc.",0.0,1.52,36,60,36,Consumer Defensive,Confectioners
BOSSY,Hugo Boss AG,0.0,0.73,8,14,29,Consumer Cyclical,Apparel Manufacturing
WOLF,"Wolfspeed, Inc.",-1.32,-41.14,0,0,94,Technology,Semiconductors
EOSE,"Eos Energy Enterprises, Inc.",-3.25,-37.38,0,0,9,Miscellaneous,Industrial Machinery/Components
TCAPF,TP ICAP Group PLC,0.0,14.25,96,100,74,Financial Services,Capital Markets
JPC,Nuveen Preferred & Income Opportunities Fund,-0.25,1.07,19,57,40,Finance,Investment Managers
PENG,"Penguin Solutions, Inc.",10.15,-4.85,45,54,98,Technology,Semiconductors
UE,Urban Edge Properties,-1.52,2.06,10,30,60,Finance,Real Estate
VBVBF,Verbio SE,0.0,0.0,32,59,96,Basic Materials,Specialty Chemicals
PARR,"Par Pacific Holdings, Inc.",3.85,9.34,100,100,86,Energy,Oil & Gas Production
NN,NextNav Inc.,5.65,-27.09,11,15,48,Industrials,Industrial Machinery/Components
RH,RH,-0.05,10.28,95,93,53,Consumer Discretionary,Other Specialty Stores
AZLGY,AZLGY,0.0,-5.83,87,94,16,Basic Materials,Specialty Chemicals
GPCR,Structure Therapeutics Inc.,2.43,40.17,100,100,87,Health Care,Biotechnology: Pharmaceutical Preparations
FRSH,Freshworks Inc.,-1.64,6.05,80,83,29,Technology,Computer Software: Prepackaged Software
STNE,StoneCo Ltd.,-1.97,1.77,38,60,16,Technology,EDP Services
AMBBY,Ambu A/S,0.0,-4.57,58,58,8,Healthcare,Medical Devices
NYAX,Nayax Ltd.,2.49,5.64,100,100,81,Technology,Computer Software: Prepackaged Software
BWIN,"The Baldwin Insurance Group, Inc.",-4.65,40.8,86,85,41,Finance,Specialty Insurers
CCC,CCC Intelligent Solutions Holdings Inc.,1.97,14.03,100,100,8,Technology,Computer Software: Prepackaged Software
SHAK,Shake Shack Inc.,-4.06,1.54,10,10,2,Consumer Discretionary,Restaurants
ELALF,El Al Israel Airlines Ltd.,0.0,-3.27,24,44,41,Industrials,Airlines
PASTF,OPmobility SE,0.0,-7.96,8,26,78,Consumer Cyclical,Auto Parts
FPLSF,5N Plus Inc.,8.39,-2.41,61,67,96,Basic Materials,Specialty Chemicals
DK,"Delek US Holdings, Inc.",0.68,11.12,95,97,90,Energy,Integrated oil Companies
CURLF,"Curaleaf Holdings, Inc.",-2.66,0.1,35,40,94,Healthcare,Drug Manufacturers - Specialty & Generic
FBK,FB Financial Corporation,1.4,6.7,77,90,47,Finance,Major Banks
EOGSF,Emerald Resources NL,0.0,-8.31,27,36,39,Basic Materials,Gold
QUBT,Quantum Computing Inc.,3.54,-16.26,12,12,21,Technology,Computer Software: Prepackaged Software
RLAY,"Relay Therapeutics, Inc.",1.34,29.99,82,86,97,Health Care,Biotechnology: Biological Products (No Diagnostic Substances)
WLWHY,Woolworths Holdings Limited,0.0,-0.31,0,0,40,Consumer Cyclical,Department Stores
CECO,CECO Environmental Corp.,-1.79,-0.52,5,3,90,Industrials,Pollution Control Equipment
MGRC,McGrath RentCorp,-1.36,6.37,32,37,43,Consumer Discretionary,Diversified Commercial Services
APELY,"Alps Alpine Co., Ltd.",0.0,1.51,45,58,44,Technology,Electronic Components
SMGBF,San Miguel Corporation,0.0,0.0,49,58,16,Industrials,Conglomerates
SMTGY,SMA Solar Technology AG,0.0,-22.72,23,34,90,Technology,Solar
LCII,LCI Industries,1.05,8.76,86,97,29,Consumer Discretionary,Auto Parts:O.E.M.
WRD,WeRide Inc.,1.99,-22.34,7,12,4,Technology,EDP Services
PLBL,Polibeli Group Ltd,4.68,80.5,100,100,55,Consumer Discretionary,Consumer Electronics/Appliances
WAFD,"WaFd, Inc.",-0.47,7.28,61,77,70,Finance,Major Banks
CESDF,CES Energy Solutions Corp.,-2.42,-13.87,24,33,82,Energy,Oil & Gas Equipment & Services
SAH,"Sonic Automotive, Inc.",2.6,2.38,85,84,70,Consumer Discretionary,Retail-Auto Dealers and Gas Stations
UTF,"Cohen & Steers Infrastructure Fund, Inc",-0.4,2.25,21,54,53,Finance,Finance Companies
PAGS,PagSeguro Digital Ltd.,-2.08,1.36,36,47,23,Technology,EDP Services
AEMFF,AEM Holdings Ltd.,0.0,3.91,72,92,99,Technology,Semiconductor Equipment & Materials
TRN,"Trinity Industries, Inc.",4.22,9.18,56,58,69,Industrials,Railroads
AAMI,Acadian Asset Management Inc.,8.29,4.53,61,71,91,Finance,Investment Managers
IFMNF,Dentsu Soken Inc.,0.0,-239.62,100,100,97,Technology,Information Technology Services
GDV,The Gabelli Dividend & Income Trust,0.85,3.15,99,90,56,Finance,Investment Managers
TARS,"Tarsus Pharmaceuticals, Inc.",2.46,11.12,79,85,52,Health Care,Biotechnology: Biological Products (No Diagnostic Substances)
VERA,"Vera Therapeutics, Inc.",-2.6,20.22,68,71,61,Health Care,Biotechnology: Pharmaceutical Preparations
PPAAF,PT Perusahaan Gas Negara (Persero) Tbk,0.0,-100.06,100,100,1,Utilities,Utilities - Regulated Gas
HUBG,"Hub Group, Inc.",2.05,5.49,62,81,72,Industrials,Integrated Freight & Logistics
FRMEP,First Merchants Corporation,0.0,1.51,28,56,38,Finance,Major Banks
FRPT,"Freshpet, Inc.",-4.06,9.89,31,40,18,Consumer Staples,Packaged Foods
THUPY,Thule Group AB (publ),3.7,-4.14,21,29,18,Consumer Cyclical,Leisure
CEPU,Central Puerto S.A.,1.23,-0.93,21,28,59,Utilities,Electric Utilities: Central
SMSOF,Samsonite Group S.A.,0.0,-3.3,0,23,17,Consumer Cyclical,Footwear & Accessories
PENN,"PENN Entertainment, Inc.",-3.95,7.74,54,59,77,Consumer Discretionary,Hotels/Resorts
CSPKY,COSCO SHIPPING Ports Limited,0.0,-19.94,1,10,17,Industrials,Marine Shipping
SPNT,SiriusPoint Ltd.,-0.32,16.74,89,85,65,Finance,Property-Casualty Insurers
KMT,Kennametal Inc.,2.18,4.01,22,22,71,Industrials,Industrial Machinery/Components
WFRSF,West African Resources Limited,0.0,-14.22,1,8,45,Basic Materials,Gold
WERN,"Werner Enterprises, Inc.",-0.16,-0.23,54,65,86,Industrials,Trucking Freight/Courier Services
ICHR,"Ichor Holdings, Ltd.",-2.6,34.63,65,66,98,Technology,Semiconductors
NMRK,"Newmark Group, Inc.",-0.76,7.44,73,76,39,Finance,Real Estate
AERO,AERO,-0.97,7.31,43,47,31,Consumer Discretionary,Air Freight/Delivery Services
VVVNF,Vivendi SE,-2.97,1.56,53,59,38,Communication Services,Electronic Gaming & Multimedia
CALEF,CALEF,1.25,-3.19,11,8,29,,
NIQ,NIQ,-0.61,16.35,92,91,4,Technology,Computer Software: Programming Data Processing
NESR,National Energy Services Reunited Corp.,-0.97,9.08,57,68,95,Energy,Oilfield Services/Equipment
TSRYY,Treasury Wine Estates Limited,-0.97,-7.55,0,0,20,Consumer Defensive,Beverages - Wineries & Distilleries
BBT,Beacon Financial Corporation,0.07,5.73,28,42,57,Finance,Banks
NZF,Nuveen Municipal Credit Income Fund,0.63,1.27,24,53,45,Finance,Finance Companies
TNK,Teekay Tankers Ltd.,1.72,-1.95,24,31,69,Consumer Discretionary,Marine Transportation
REMYY,Rémy Cointreau SA,-1.43,1.9,17,27,39,Consumer Defensive,Beverages - Wineries & Distilleries
AMSC,American Superconductor Corporation,2.75,-17.82,8,7,44,Consumer Discretionary,Metal Fabrications
HMSNF,Hammerson Plc,0.0,6.13,84,89,60,Real Estate,REIT - Retail
OXINF,Oxford Instruments plc,0.0,-6.39,33,45,88,Technology,Scientific & Technical Instruments
ANGGF,Angang Steel Company Limited,0.0,0.0,5,39,3,Basic Materials,Steel
AMBP,Ardagh Metal Packaging S.A.,-2.28,21.6,84,83,65,Industrials,Containers/Packaging
BOWFF,Boardwalk Real Estate Investment Trust,0.0,-0.49,1,38,30,Real Estate,REIT - Residential
MTX,Minerals Technologies Inc.,-0.15,-3.06,0,19,61,Basic Materials,Major Chemicals
ENDTF,Canoe EIT Income Fund,0.0,-0.39,7,40,47,Financial Services,Asset Management
ETY,Eaton Vance Tax-Managed Diversified Equity Income Fund,-0.27,-0.95,52,61,37,Finance,Finance Companies
CLBEY,"Calbee, Inc.",0.0,8.37,38,49,25,Consumer Defensive,Packaged Foods
BIRDF,Bird Construction Inc.,3.23,-1.47,79,92,94,Industrials,Engineering & Construction
ASAIY,Sendas Distribuidora S.A.,1.2,-5.79,73,80,35,Consumer Defensive,Grocery Stores
SOTDF,Ströer SE & Co. KGaA,0.0,1.25,27,59,18,Communication Services,Advertising Agencies
LCLN,"Lincoln International, Inc.",-4.67,-0.42,31,32,41,Finance,Investment Managers
TMDX,"TransMedics Group, Inc.",3.44,-0.2,35,44,3,Health Care,Biotechnology: Electromedical & Electrotherapeutic Apparatus
AOZOY,"Aozora Bank, Ltd.",0.0,-14.19,0,8,31,Financial Services,Banks - Regional
KYN,"Kayne Anderson Energy Infrastructure Fund, Inc.",-0.22,-1.24,45,56,53,Finance,Finance/Investors Services
BMRRY,B&M European Value Retail plc,1.17,-3.59,32,44,28,Consumer Defensive,Discount Stores
NOG,"Northern Oil and Gas, Inc.",-3.23,-18.7,0,0,4,Energy,Oil & Gas Production
AVVSY,AVVSY,4.6,-18.75,25,29,19,Industrials,Aerospace & Defense
DCO,Ducommun Incorporated,1.38,26.0,94,99,93,Industrials,Military/Government/Technical
ABM,ABM Industries Incorporated,0.29,12.06,37,47,44,Consumer Discretionary,Diversified Commercial Services
BYLOF,Big Yellow Group Plc,-5.34,3.05,33,41,24,Real Estate,REIT - Industrial
GNCGF,Greencore Group plc,7.11,1.5,66,76,7,Consumer Defensive,Packaged Foods
TCHBF,Tecan Group AG,0.0,-6.17,62,68,63,Healthcare,Medical Instruments & Supplies
SOC,Sable Offshore Corp.,-7.06,-70.83,8,9,1,Energy,Oil & Gas Production
NTB,The Bank of N.T. Butterfield & Son Limited,1.58,5.28,59,77,73,Finance,Commercial Banks
GGGSF,Greggs plc,3.26,-4.67,31,52,28,Consumer Cyclical,Restaurants
CPWHF,Ceres Power Holdings plc,0.88,-30.28,23,26,97,Industrials,Electrical Equipment & Parts
DROSY,DROSY,1.49,-20.0,36,39,10,,
CXT,"Crane NXT, Co.",-0.99,39.62,94,92,48,Industrials,Metal Fabrications
IMYSF,Imerys S.A.,0.0,-4.57,7,30,20,Basic Materials,Specialty Chemicals
GNNDY,GN Store Nord A/S,-0.1,-6.48,19,33,14,Healthcare,Medical Devices
AEGXF,Aecon Group Inc.,5.83,13.23,100,100,91,Industrials,Engineering & Construction
EFSC,Enterprise Financial Services Corp,-0.18,8.17,51,65,65,Finance,Major Banks
EXETF,Extendicare Inc.,1.4,13.45,100,100,93,Healthcare,Medical Care Facilities
HTH,Hilltop Holdings Inc.,-0.57,3.96,28,46,58,Finance,Major Banks
BVNKF,Bavarian Nordic A/S,0.0,-0.47,0,32,22,Healthcare,Biotechnology
NKTR,Nektar Therapeutics,2.97,23.34,100,100,88,Health Care,Biotechnology: Pharmaceutical Preparations
CENTA,Central Garden & Pet Company,-2.6,7.5,33,39,68,Consumer Discretionary,Consumer Specialties
CTOS,"Custom Truck One Source, Inc.",-0.8,-0.4,3,1,90,Consumer Discretionary,Diversified Commercial Services
ATEN,"A10 Networks, Inc.",0.39,14.95,74,78,92,Telecommunications,Computer Communications Equipment
SIVEF,Sivers Semiconductors AB (publ),-12.58,-43.86,0,0,98,Technology,Semiconductors
MBINM,Merchants Bancorp,1.0,0.47,12,46,43,Finance,Major Banks
VERX,"Vertex, Inc.",0.0,-2.36,79,79,6,Technology,Computer Software: Prepackaged Software
PSNYW,Polestar Automotive Holding UK PLC,0.0,-19.67,13,19,1,Industrials,Auto Manufacturing
WLY,"John Wiley & Sons, Inc.",3.43,22.81,100,100,83,Consumer Discretionary,Books
FUN,Six Flags Entertainment Corporation,-6.86,-7.83,0,0,36,Consumer Discretionary,Services-Misc. Amusement & Recreation
BLBD,Blue Bird Corporation,2.46,8.34,67,73,86,Consumer Discretionary,Construction/Ag Equipment/Trucks
BMRPF,B&M European Value Retail plc,0.0,18.08,60,60,29,Consumer Defensive,Discount Stores
ACPIF,Acen Corporation,0.0,0.0,32,59,1,Utilities,Utilities - Renewable
NGL,NGL Energy Partners LP,-1.25,-6.25,0,0,94,Utilities,Natural Gas Distribution
IE,Ivanhoe Electric Inc.,0.0,-29.35,2,6,9,Basic Materials,Metal Mining
CYD,China Yuchai International Limited,6.57,-20.5,17,16,79,Industrials,Industrial Machinery/Components
RCAT,"Red Cat Holdings, Inc.",-3.16,-31.41,26,28,41,Technology,Computer Software: Prepackaged Software
FLOC,FLOC,-8.53,-19.38,0,0,40,Consumer Discretionary,Oil and Gas Field Machinery
BDGIF,Badger Infrastructure Solutions Ltd.,0.0,-2.96,18,30,85,Industrials,Engineering & Construction
TNET,"TriNet Group, Inc.",-0.92,18.92,92,91,49,Consumer Discretionary,Business Services
NEXT,NextDecade Corporation,0.13,-12.36,20,25,46,Utilities,Oil & Gas Production
SHLS,"Shoals Technologies Group, Inc.",6.33,-17.15,72,73,87,Technology,Semiconductors
SAMHF,Alleima AB (publ),0.0,13.82,86,95,91,Basic Materials,Steel
BAND,Bandwidth Inc.,-1.51,-17.11,42,45,98,Technology,Computer Software: Prepackaged Software
DTNOF,DNO ASA,0.61,-20.95,7,14,32,Energy,Oil & Gas E&P
CGGGF,Coats Group plc,0.0,-4.63,17,34,31,Consumer Cyclical,Textile Manufacturing
UTI,"Universal Technical Institute, Inc.",3.5,11.2,100,100,88,Real Estate,Other Consumer Services
SEM,Select Medical Holdings Corporation,-0.12,0.0,29,16,53,Health Care,Hospital/Nursing Management
HCM,HUTCHMED (China) Limited,1.84,4.3,100,100,8,Health Care,Biotechnology: Pharmaceutical Preparations
PCFBY,Pacific Basin Shipping Limited,0.0,-14.38,0,6,55,Industrials,Marine Shipping
EERGF,Energean plc,0.0,-5.62,3,25,15,Energy,Oil & Gas E&P
EVT,Eaton Vance Tax-Advantaged Dividend Income Fund,-0.83,1.92,63,72,61,Finance,Finance Companies
KSRYY,KOSE Holdings Corporation,0.0,-7.41,0,20,15,Consumer Defensive,Household & Personal Products
USAS,Americas Gold and Silver Corporation,-0.2,-16.15,17,21,72,Basic Materials,Metal Mining
CGEAF,Cogeco Communications Inc.,0.0,-3.26,0,24,24,Communication Services,Telecom Services
PGNY,"Progyny, Inc.",2.35,21.39,100,100,89,Health Care,Misc Health and Biotechnology Services
ATEAY,Atea ASA,0.0,-3.26,35,49,68,Technology,Information Technology Services
EVCM,EverCommerce Inc.,1.6,6.62,70,77,18,Technology,Computer Software: Prepackaged Software
TYRA,"Tyra Biosciences, Inc.",0.78,13.54,70,74,90,Health Care,Biotechnology: Pharmaceutical Preparations
NFYEF,NFI Group Inc.,-1.01,0.97,83,88,79,Consumer Cyclical,Auto Manufacturers
NTST,NETSTREIT Corp.,-0.88,9.93,85,84,65,Real Estate,Real Estate Investment Trusts
NVCR,NovoCure Limited,0.7,-3.72,81,88,81,Health Care,Medical/Dental Instruments
CKNHF,Clarkson PLC,0.0,-7.14,14,24,50,Industrials,Marine Shipping
HCI,"HCI Group, Inc.",-0.5,20.96,85,88,53,Finance,Property-Casualty Insurers
FIGS,"FIGS, Inc.",-1.1,-15.56,0,0,45,Consumer Discretionary,Apparel
WSR,Whitestone REIT,-0.05,0.28,10,42,81,Real Estate,Real Estate Investment Trusts
PBATF,PT Bukit Asam (Persero) Tbk,0.0,-100.15,100,100,1,Energy,Thermal Coal
DEI,"Douglas Emmett, Inc.",0.48,4.89,89,88,55,Real Estate,Real Estate Investment Trusts
TAVHY,TAV Havalimanlari Holding A.S.,-1.97,3.55,25,31,17,Industrials,Airports & Air Services
SHWGY,Shandong Weigao Group Medical Polymer Company Limited,0.0,-8.05,20,25,3,Healthcare,Medical Instruments & Supplies
OFG,OFG Bancorp,0.42,8.89,79,90,65,Finance,Major Banks
CYRBY,Cyrela Brazil Realty S.A. Empreendimentos e Participações,-0.66,-1.74,23,26,19,Consumer Cyclical,Residential Construction
ADDLF,AddLife AB (publ),0.0,0.0,32,59,1,Healthcare,Medical Instruments & Supplies
RBTEF,Robertet SA,0.0,-3.9,15,40,26,Basic Materials,Chemicals
RBSTF,RBSTF,2.6,-21.0,19,23,4,,
AMRC,"Ameresco, Inc.",6.5,-17.35,40,37,51,Consumer Discretionary,Engineering & Construction
NUV,"Nuveen Municipal Value Fund, Inc.",-0.11,2.02,30,57,42,Finance,Trusts Except Educational Religious and Charitable
PRKS,United Parks & Resorts Inc.,-2.58,15.72,77,73,64,Health Care,Biotechnology: Electromedical & Electrotherapeutic Apparatus
WTSHF,Westshore Terminals Investment Corporation,0.0,-17.04,0,0,69,Industrials,Marine Shipping
HMDCF,HUTCHMED (China) Limited,0.0,0.0,32,59,4,Healthcare,Drug Manufacturers - Specialty & Generic
NAC,Nuveen California Quality Municipal Income Fund,-0.33,0.92,39,57,49,Finance,Investment Managers
SONO,"Sonos, Inc.",-0.15,-16.31,4,13,28,Consumer Staples,Consumer Electronics/Appliances
LKFT,Lakefront Biotherapeutics NV,-0.13,7.97,87,85,31,Health Care,Biotechnology: Pharmaceutical Preparations
ZSHGY,Zhongsheng Group Holdings Limited,0.0,-24.56,1,10,1,Consumer Cyclical,Auto & Truck Dealerships
OXFYY,OXFYY,0.0,-11.92,6,20,31,Healthcare,Biotechnology
FJLLF,"Fuji Oil Co., Ltd.",-2.31,-2.31,0,0,30,Unknown,Unknown
ASTH,"Astrana Health, Inc.",-4.6,23.94,72,76,93,Consumer Discretionary,Professional Services
BVENY,BVENY,-7.27,-10.41,18,24,5,Energy,Oil & Gas E&P
SMA,"SmartStop Self Storage REIT, Inc.",-2.58,7.06,47,53,35,Real Estate,Real Estate Investment Trusts
SURRY,Sun Art Retail Group Limited,0.0,-25.31,0,3,2,Consumer Cyclical,Department Stores
SGHIF,Shanghai Industrial Holdings Limited,0.0,0.59,38,57,27,Industrials,Conglomerates
SAM,"The Boston Beer Company, Inc.",-2.07,11.63,39,40,11,Consumer Staples,Beverages (Production/Distribution)
ITMPF,ITM Power Plc,-1.38,-27.21,28,30,92,Industrials,Specialty Industrial Machinery
KNEVF,KNEVF,0.0,-11.86,0,8,8,Financial Services,Asset Management
NRIX,"Nurix Therapeutics, Inc.",0.29,57.33,96,97,92,Health Care,Biotechnology: Pharmaceutical Preparations
ARCO,Arcos Dorados Holdings Inc.,0.61,1.07,23,42,51,Consumer Discretionary,Restaurants
LAC,Lithium Americas Corp.,1.6,-25.1,3,6,25,Basic Materials,Metal Mining
TRVG,trivago N.V.,-2.59,26.99,85,87,91,Technology,EDP Services
TINLF,Teijin Limited,0.0,0.0,32,59,1,Industrials,Conglomerates
SPB,"Spectrum Brands Holdings, Inc.",-1.82,2.13,19,31,81,Miscellaneous,Industrial Machinery/Components
ONTTF,Oxford Nanopore Technologies plc,4.29,-10.05,55,62,27,Healthcare,Biotechnology
PLPC,Preformed Line Products Company,-0.27,-2.21,5,7,90,Industrials,Water Sewer Pipeline Comm & Power Line Construction
NVAX,"Novavax, Inc.",-4.0,-8.24,55,57,70,Health Care,Biotechnology: Biological Products (No Diagnostic Substances)
NMRSF,NMRSF,0.0,3.43,40,57,99,Industrials,Aerospace & Defense
RQI,"Cohen & Steers Quality Income Realty Fund, Inc.",-1.45,-6.88,0,18,44,Finance,Trusts Except Educational Religious and Charitable
SKWD,"Skyward Specialty Insurance Group, Inc.",-1.99,36.72,88,87,73,Finance,Property-Casualty Insurers
HUPHY,Hutchison Port Holdings Trust,0.0,0.0,32,59,40,Industrials,Marine Shipping
NKRKY,Nokian Renkaat Oyj,6.83,14.84,100,100,89,Consumer Cyclical,Auto Parts
MBC,"MasterBrand, Inc.",-4.45,13.46,49,60,25,Consumer Discretionary,Home Furnishings
BOBS,"Bob's Discount Furniture, Inc.",-1.95,22.3,87,88,57,Consumer Discretionary,Other Specialty Stores
NPPNY,"Nippon Shinyaku Co., Ltd.",0.0,-1.64,5,42,21,Healthcare,Drug Manufacturers - Specialty & Generic
ASCLF,Ascletis Pharma Inc.,11.11,13.64,100,100,37,Healthcare,Biotechnology
GTBIF,Green Thumb Industries Inc.,-4.34,-10.69,4,7,42,Healthcare,Drug Manufacturers - Specialty & Generic
ELVR,Elevra Lithium Limited,0.75,-14.8,10,12,94,Industrials,Mining & Quarrying of Nonmetallic Minerals (No Fuels)
LOB,"Live Oak Bancshares, Inc.",1.83,11.23,81,89,71,Finance,Major Banks
KRP,"Kimbell Royalty Partners, LP",-0.14,-6.28,0,11,53,Energy,Oil & Gas Production
AGRO,Adecoagro S.A.,-1.66,-21.72,9,18,26,Consumer Staples,Farming/Seeds/Milling
SGRY,"Surgery Partners, Inc.",-1.33,24.27,89,86,49,Health Care,Hospital/Nursing Management
GLOB,Globant S.A.,-4.8,-21.8,24,26,2,Technology,EDP Services
PAYO,Payoneer Global Inc.,0.56,38.99,90,92,74,Consumer Discretionary,Business Services
STGW,Stagwell Inc.,2.43,13.3,95,100,83,Consumer Discretionary,Advertising
STRA,"Strategic Education, Inc.",1.57,2.12,78,79,34,Real Estate,Other Consumer Services
VLXGF,Volex plc,-4.0,-20.97,1,11,76,Industrials,Electrical Equipment & Parts
PEB,Pebblebrook Hotel Trust,-0.69,10.81,60,66,89,Real Estate,Real Estate Investment Trusts
CNXC,Concentrix Corporation,-0.76,-18.03,15,22,3,Technology,Computer Software: Prepackaged Software
MTASF,MTASF,2.88,-2.95,74,100,16,Industrials,Aerospace & Defense
MQ,"Marqeta, Inc.",-3.33,4.4,69,72,21,Technology,Computer Software: Prepackaged Software
LPG,Dorian LPG Ltd.,4.92,-6.76,26,33,81,Consumer Discretionary,Marine Transportation
TILE,"Interface, Inc.",-2.41,17.13,67,71,81,Consumer Discretionary,Home Furnishings
NVRI,Enviri Corporation,2.26,17.26,92,99,90,Miscellaneous,Diversified Commercial Services
ADUS,Addus HomeCare Corporation,0.53,17.87,97,94,39,Health Care,Medical/Nursing Services
HTZ,"Hertz Global Holdings, Inc.",-3.3,-59.8,0,0,1,Consumer Discretionary,Rental/Leasing Companies
UFPT,"UFP Technologies, Inc.",-0.11,21.18,94,91,76,Health Care,Medical/Dental Instruments
VCEL,Vericel Corporation,-0.89,30.46,90,90,78,Health Care,Biotechnology: Biological Products (No Diagnostic Substances)
TFIN,"Triumph Financial, Inc.",2.17,10.52,84,96,80,Finance,Major Banks
TSHA,"Taysha Gene Therapies, Inc.",-2.3,8.32,55,57,92,Health Care,Biotechnology: Biological Products (No Diagnostic Substances)
OPRA,Opera Limited,3.22,10.02,100,100,74,Technology,Computer Software: Prepackaged Software
STEW,"SRH Total Return Fund, Inc.",0.88,5.77,100,92,43,Finance,Investment Managers
PAEXY,PAEXY,0.0,1.5,57,79,33,Energy,Oil & Gas E&P
SILA,"Sila Realty Trust, Inc.",0.0,0.43,38,21,77,Real Estate,Real Estate Investment Trusts
NUVB,Nuvation Bio Inc.,-1.75,8.32,45,46,86,Health Care,Biotechnology: Pharmaceutical Preparations
VPG,"Vishay Precision Group, Inc.",1.16,-4.09,10,9,98,Technology,Electrical Products
PMREF,Primaris Real Estate Investment Trust,0.0,29.5,96,94,89,Real Estate,REIT - Retail
KOS,Kosmos Energy Ltd.,0.97,-30.79,4,6,65,Energy,Oil & Gas Production
LNXSY,LANXESS Aktiengesellschaft,0.0,-1.62,70,76,10,Basic Materials,Specialty Chemicals
VTKLY,Vtech Holdings Limited,-2.97,-7.37,34,41,17,Technology,Communication Equipment
MWTCY,"Manila Water Company, Inc.",0.0,-14.28,0,8,28,Utilities,Utilities - Regulated Water
HGRAF,HydroGraph Clean Power Inc.,-1.13,-28.87,0,0,98,Basic Materials,Specialty Chemicals
GHRS,GH Research PLC,-3.11,12.56,68,70,93,Health Care,Biotechnology: Pharmaceutical Preparations
LILAK,Liberty Latin America Ltd.,-3.01,43.89,82,85,83,Telecommunications,Cable & Other Pay Television Services
BDJ,BlackRock Enhanced Equity Dividend Trust,0.52,5.45,93,88,56,Finance,Finance Companies
GPEAF,Great Portland Estates Plc,0.0,1.34,32,59,36,Real Estate,REIT - Office
TCBK,TriCo Bancshares,-0.75,7.53,64,77,65,Finance,Major Banks
ANAB,"AnaptysBio, Inc.",-1.75,20.59,66,73,96,Health Care,Biotechnology: Pharmaceutical Preparations
CLVT,Clarivate Plc,-5.79,-2.01,75,75,8,Technology,EDP Services
SESPF,SeSa S.p.A.,0.0,0.0,32,59,31,Technology,Information Technology Services
HOPE,"Hope Bancorp, Inc.",-0.37,7.47,55,72,70,Finance,Major Banks
BELGF,Bellevue Gold Limited,6.41,-22.96,16,21,39,Basic Materials,Gold
OERLY,OC Oerlikon Corporation AG,0.0,0.0,32,59,84,Industrials,Specialty Industrial Machinery
FLNG,FLEX LNG Ltd.,2.12,1.01,48,58,66,Consumer Discretionary,Marine Transportation
CET,Central Securities Corporation,1.02,0.86,38,83,49,Finance,Finance/Investors Services
GENI,Genius Sports Limited,2.95,4.09,65,70,25,Consumer Discretionary,Services-Misc. Amusement & Recreation
SLVM,Sylvamo Corporation,1.48,1.03,29,41,16,Basic Materials,Paper
PTTMF,PT TIMAH Tbk,0.0,-100.24,100,100,1,Basic Materials,Other Industrial Metals & Mining
WGS,GeneDx Holdings Corp.,2.04,22.43,83,86,10,Technology,Retail: Computer Software & Peripheral Equipment
AGLFF,AGLFF,0.0,-2.84,4,39,96,Healthcare,Medical Instruments & Supplies
FISK,"Empire State Realty OP, L.P.",-3.39,0.84,59,66,17,Real Estate,REIT - Office
AGL,"agilon health, inc.",-3.07,12.99,41,44,99,Health Care,Misc Health and Biotechnology Services
ABXXF,Abaxx Technologies Inc.,-0.35,-45.04,0,2,19,Technology,Software - Application
FRVWY,Friedrich Vorwerk Group SE,0.0,8.46,81,93,36,Industrials,Engineering & Construction
PRGO,Perrigo Company plc,0.64,3.94,65,72,8,Health Care,Biotechnology: Pharmaceutical Preparations
AI,"C3.ai, Inc.",2.43,-12.29,13,18,7,Technology,Computer Software: Prepackaged Software
AZLUY,Azul SA,-10.27,-0.79,30,40,1,Industrials,Airlines
CBLUF,China BlueChemical Ltd.,0.0,-33.33,0,3,6,Basic Materials,Agricultural Inputs
TPRKY,Travis Perkins plc,0.63,3.08,49,68,25,Industrials,Industrial Distribution
SLCJY,SLC Agrícola S.A.,0.0,-20.32,0,0,10,Consumer Defensive,Farm Products
MTRBF,Metro Bank Holdings PLC,0.88,2.22,44,65,88,Financial Services,Banks - Regional
CNOBP,"ConnectOne Bancorp, Inc.",0.0,0.06,10,42,45,Finance,Major Banks
AMTD,AMTD IDEA Group,1.6,-6.37,7,18,25,Finance,Finance: Consumer Services
LIND,"Lindblad Expeditions Holdings, Inc.",-2.82,14.83,42,45,92,Consumer Discretionary,Transportation Services
XIORF,Xior Student Housing NV,0.0,-0.91,27,60,27,Real Estate,REIT - Residential
AUSDF,Perenti Limited,0.0,12.5,87,90,74,Basic Materials,Other Industrial Metals & Mining
ARDX,"Ardelyx, Inc.",1.33,-1.11,16,26,33,Health Care,Biotechnology: Pharmaceutical Preparations
STAA,STAAR Surgical Company,-1.62,-8.44,0,0,75,Health Care,Ophthalmic Goods
RLJ,RLJ Lodging Trust,-1.27,11.76,63,69,90,Real Estate,Real Estate Investment Trusts
WKC,World Kinect Corporation,-0.12,12.34,68,73,80,Energy,Oil Refining/Marketing
SISXF,Savaria Corporation,0.0,-8.9,0,17,69,Industrials,Specialty Industrial Machinery
OBK,"Origin Bancorp, Inc.",0.12,6.92,54,68,80,Finance,Major Banks
IMCR,Immunocore Holdings plc,-1.72,11.06,81,80,29,Health Care,Biotechnology: Biological Products (No Diagnostic Substances)
TNC,Tennant Company,1.01,4.28,32,46,64,Industrials,Industrial Machinery/Components
NKOKF,"Noritsu Koki Co., Ltd.",0.0,-146.58,100,100,1,Technology,Consumer Electronics
HLMN,Hillman Solutions Corp.,-2.09,9.35,39,41,28,Consumer Discretionary,Industrial Machinery/Components
ARI,"Apollo Commercial Real Estate Finance, Inc.",-0.96,-5.77,0,0,41,Real Estate,Real Estate Investment Trusts
KMPR,Kemper Corporation,-0.1,21.21,93,91,6,Finance,Property-Casualty Insurers
AFXXF,Afry AB,0.0,0.0,32,59,83,Industrials,Engineering & Construction
XTEPY,Xtep International Holdings Limited,1.97,-10.18,9,16,9,Consumer Cyclical,Apparel Retail
ECVT,Ecovyst Inc.,-0.17,-8.66,0,0,60,Industrials,Major Chemicals
NOMD,NOMD,0.09,17.35,94,92,33,Consumer Staples,Packaged Foods
IDRSF,Idorsia Ltd,0.0,28.7,92,97,94,Healthcare,Biotechnology
AAT,"American Assets Trust, Inc.",-1.37,5.45,56,70,78,Real Estate,Real Estate Investment Trusts
DAO,"Youdao, Inc.",0.48,9.62,97,94,80,Real Estate,Other Consumer Services
IPX,IperionX Limited,-1.46,-29.61,13,17,16,Basic Materials,Other Metals and Minerals
RBCAA,"Republic Bancorp, Inc.",-0.45,8.84,73,83,74,Finance,Major Banks
NFJ,"Virtus Dividend, Interest & Premium Strategy Fund",-0.33,2.93,63,65,71,Finance,Finance: Consumer Services
BLKB,"Blackbaud, Inc.",-2.73,3.17,70,72,2,Technology,Computer Software: Prepackaged Software
HYT,"BlackRock Corporate High Yield Fund, Inc.",0.12,-0.25,10,44,35,Finance,Finance Companies
CNL,Collective Mining Ltd.,3.42,-13.53,44,55,19,Basic Materials,Gold
ATRC,"AtriCure, Inc.",1.89,18.78,100,100,35,Health Care,Medical/Dental Instruments
ITAYY,PT Indo Tambangraya Megah Tbk,0.0,11.57,91,96,41,Energy,Thermal Coal
NCKAF,Nickel Asia Corporation,0.0,0.0,32,59,98,Basic Materials,Other Industrial Metals & Mining
TTI,"TETRA Technologies, Inc.",1.08,-5.34,1,0,87,Energy,Oil & Gas Production
AHCO,AdaptHealth Corp.,-4.55,5.55,50,57,32,Health Care,Medical/Nursing Services
HLX,"Helix Energy Solutions Group, Inc.",-0.35,-12.54,0,2,57,Energy,Oilfield Services/Equipment
PYTCY,Playtech plc,0.0,-17.14,1,12,10,Consumer Cyclical,Gambling
RYGYF,Reysas Gayrimenkul Yatirim Ortakligi A.S.,0.0,0.0,32,59,67,Real Estate,REIT - Industrial
PICS,PicS N.V.,3.16,24.56,100,100,9,Finance,Finance: Consumer Services
GRPFF,"Grupo Televisa, S.A.B.",0.0,-4.18,0,19,41,Communication Services,Telecom Services
NEO,"NeoGenomics, Inc.",0.0,34.04,97,96,92,Health Care,Precision Instruments
GIII,"G-III Apparel Group, Ltd.",0.3,5.17,8,24,72,Consumer Discretionary,Apparel
ORC,"Orchid Island Capital, Inc.",-0.43,4.65,71,81,46,Real Estate,Real Estate Investment Trusts
WINA,Winmark Corporation,-0.64,10.87,70,75,35,Consumer Discretionary,Other Specialty Stores
BRDNF,BRDNF,0.0,2.82,76,100,15,Basic Materials,Building Materials
ARSTY,ARSTY,0.0,0.0,32,59,22,Industrials,Building Products & Equipment
ALNT,Allient Inc.,1.47,-1.82,8,7,92,Industrials,Electrical Products
PURR,Hyperliquid Strategies Inc.,9.57,-7.06,43,49,95,Finance,Finance: Consumer Services
OI,"O-I Glass, Inc.",2.55,25.03,100,100,10,Consumer Discretionary,Containers/Packaging
GRWXF,Molten Ventures Plc,0.0,-0.63,45,34,33,,
FDMDF,4DMedical Limited,-6.67,24.44,57,64,98,Healthcare,Medical Devices
TBLA,Taboola.com Ltd.,7.59,16.67,100,100,88,Technology,Computer Software: Programming Data Processing
DOLE,Dole plc,-0.5,0.74,15,35,31,Consumer Staples,Farming/Seeds/Milling
UAMY,United States Antimony Corporation,-2.29,-16.07,43,47,87,Industrials,Metal Fabrications
BRELY,BRELY,0.0,-29.47,0,4,78,Basic Materials,Other Precious Metals & Mining
ARDT,"Ardent Health, Inc.",0.56,25.81,98,96,45,Health Care,Hospital/Nursing Management
NSP,"Insperity, Inc.",-2.49,32.18,87,86,62,Consumer Discretionary,Professional Services
TSIOF,361 Degrees International Limited,0.0,-10.29,0,11,11,Consumer Cyclical,Footwear & Accessories
MUX,McEwen Inc.,-0.32,-10.96,47,54,54,Basic Materials,Precious Metals
CXM,"Sprinklr, Inc.",-0.18,0.37,72,75,7,Technology,Computer Software: Prepackaged Software
LADR,Ladder Capital Corp,-2.6,-1.92,0,15,31,Real Estate,Real Estate Investment Trusts
ITRN,Ituran Location and Control Ltd.,1.4,-10.51,3,0,82,Technology,Electronic Components
ATLCZ,Atlanticus Holdings Corporation 9.25% Senior Notes due 2029,0.14,0.61,30,53,43,Finance,Finance: Consumer Services
FKRAF,Fiskars Oyj Abp,0.0,-8.67,0,3,31,Consumer Cyclical,"Furnishings, Fixtures & Appliances"
EWIIF,EWIIF,2.82,8.81,100,99,93,Unknown,Unknown
CRSR,"Corsair Gaming, Inc.",1.91,-8.57,50,65,80,Technology,Computer peripheral equipment
KDK,"Kodiak AI, Inc.",0.0,-22.67,14,21,4,Technology,EDP Services
ASST,"Strive, Inc.",0.0,-12.72,38,44,10,Technology,Computer Software: Prepackaged Software
CSIQ,Canadian Solar Inc.,4.77,-22.19,19,16,38,Technology,Semiconductors
SPH,"Suburban Propane Partners, L.P.",-0.06,-9.89,26,35,28,Consumer Discretionary,Other Specialty Stores
PFBC,Preferred Bank,0.35,11.98,88,90,65,Finance,Major Banks
AUTLF,Austal Limited,0.68,5.73,32,37,7,Industrials,Aerospace & Defense
AGZNF,Aegean Airlines S.A.,0.0,0.0,32,59,20,Industrials,Airlines
NBITF,NBITF,-1.32,-11.53,0,0,13,Unknown,Unknown
WVE,Wave Life Sciences Ltd.,0.96,3.78,100,96,9,Health Care,Biotechnology: Pharmaceutical Preparations
PBTDF,Plover Bay Technologies Limited,0.0,-0.88,9,46,90,Technology,Communication Equipment
SHAZ,SharonAI Holdings Inc.,17.74,5.18,59,65,97,Technology,EDP Services
AIIR,AIR Global PLC,0.89,-1.88,14,23,3,Consumer Discretionary,Tobacco
VLTAF,Voltalia SA,0.0,-10.76,7,24,51,Utilities,Utilities - Renewable
PGY,Pagaya Technologies Ltd.,5.17,21.02,95,100,52,Finance,Finance: Consumer Services
OILRF,Oil Refineries Ltd.,-21.37,-0.25,0,0,79,Energy,Oil & Gas Refining & Marketing
MPLT,"MapLight Therapeutics, Inc.",-5.53,16.41,77,76,93,Health Care,Biotechnology: Pharmaceutical Preparations
ENR,"Energizer Holdings, Inc.",-1.89,13.03,43,49,57,Miscellaneous,Industrial Machinery/Components
HYLN,Hyliion Holdings Corp.,-0.69,-43.7,0,0,96,Consumer Discretionary,Construction/Ag Equipment/Trucks
WBTNF,Weebit Nano Limited,-3.36,2.67,45,51,96,Technology,Semiconductors
HLF,Herbalife Ltd.,-1.83,12.99,79,77,56,Health Care,Other Pharmaceuticals
AMAL,Amalgamated Financial Corp.,0.74,9.46,60,70,83,Finance,Major Banks
ZMPLF,Zimplats Holdings Limited,0.0,-14.89,0,9,17,Basic Materials,Other Precious Metals & Mining
VTOL,Bristow Group Inc.,1.67,0.02,31,38,45,Consumer Discretionary,Transportation Services
ASM,Avino Silver & Gold Mines Ltd.,0.15,-3.24,69,74,71,Basic Materials,Metal Mining
NPKI,NPK International Inc.,-1.19,-3.28,0,0,64,Consumer Discretionary,Oil and Gas Field Machinery
CHYCY,Chiyoda Corporation,0.0,0.0,5,39,82,Industrials,Engineering & Construction
DMZPY,Domino's Pizza Enterprises Limited,0.0,-10.9,37,62,38,Consumer Cyclical,Restaurants
EOS,Eaton Vance Enhanced Equity Income Fund II,0.45,-1.88,56,67,38,Finance,Trusts Except Educational Religious and Charitable
CTBI,"Community Trust Bancorp, Inc.",0.1,8.67,71,83,74,Finance,Major Banks
SILXF,Silex Systems Limited,-8.38,-15.87,0,0,21,Technology,Semiconductors
PSEC,Prospect Capital Corporation,-1.79,-2.0,6,31,18,Finance,Finance: Consumer Services
GOLD,"Gold.com, Inc.",0.14,7.49,81,86,84,Industrials,Other Specialty Stores
EVEX,"Eve Holding, Inc.",6.54,-12.06,66,67,8,Industrials,Aerospace
SCL,Stepan Company,0.18,10.28,89,87,56,Consumer Discretionary,Package Goods/Cosmetics
PAHGF,Pets at Home Group Plc,0.0,-2.73,62,70,37,Consumer Cyclical,Specialty Retail
ELKEF,Elkem ASA,0.0,0.0,32,59,76,Basic Materials,Specialty Chemicals
ATEC,"Alphatec Holdings, Inc.",4.6,17.8,81,88,6,Health Care,Medical/Dental Instruments
RPGSF,RPGSF,-24.66,-28.57,0,0,5,,
RZLV,Rezolve AI PLC,-2.46,10.36,51,56,17,Technology,Computer Software: Programming Data Processing
DPZUF,Domino's Pizza Enterprises Limited,0.0,-13.2,0,8,23,Consumer Cyclical,Restaurants
AAVVF,Advantage Energy Ltd.,2.34,-1.72,82,82,23,Energy,Oil & Gas E&P
ATUUF,Tenaz Energy Corp.,-3.11,-18.44,0,0,86,Energy,Oil & Gas E&P
TBN,Tamboran Resources Corporation,1.49,-10.98,2,4,42,Energy,Oil & Gas Production
BYITY,Bytes Technology Group plc,0.0,-4.08,2,26,27,Technology,Software - Infrastructure
INGEF,Ingenia Communities Group,0.0,0.0,32,59,23,Real Estate,REIT - Residential
HTLD,"Heartland Express, Inc.",0.0,-5.27,19,35,89,Industrials,Trucking Freight/Courier Services
EVLV,"Evolv Technologies Holdings, Inc.",2.24,0.95,97,100,33,Technology,Computer peripheral equipment
DBVT,DBV Technologies S.A.,-1.33,-11.21,0,18,46,Health Care,Biotechnology: Biological Products (No Diagnostic Substances)
ASTE,"Astec Industries, Inc.",2.03,13.88,63,68,68,Industrials,Construction/Ag Equipment/Trucks
CVHSY,Cablevisión Holding S.A.,0.0,0.0,5,39,62,Communication Services,Telecom Services
BV,"BrightView Holdings, Inc.",0.14,18.0,74,79,54,Consumer Discretionary,Business Services
WYFI,"WhiteFiber, Inc.",13.04,29.42,53,55,96,Finance,Finance: Consumer Services
FCEL,"FuelCell Energy, Inc.",5.76,38.93,68,71,98,Energy,Industrial Machinery/Components
AKTS,"Aktis Oncology, Inc.",-16.37,33.53,55,57,78,Health Care,Biotechnology: Pharmaceutical Preparations
FLTCF,Filtronic plc,0.27,-18.65,18,20,90,Technology,Communication Equipment
HQH,Abrdn Healthcare Investors,0.0,14.23,91,91,77,Finance,Finance Companies
PRCH,"Porch Group, Inc.",-2.04,54.2,82,84,88,Technology,Computer Software: Prepackaged Software
CIMN,CIMN,0.35,1.15,36,56,44,Real Estate,Real Estate Investment Trusts
SHPPF,Redcare Pharmacy NV,0.0,43.43,94,97,29,Healthcare,Pharmaceutical Retailers
NWPX,"NWPX Infrastructure, Inc.",4.57,16.78,71,73,96,Industrials,Steel/Iron Ore
CSR,Centerspace,-0.96,-4.22,34,48,27,Real Estate,Real Estate Investment Trusts
SVAUF,StorageVault Canada Inc.,0.0,6.93,50,51,36,Real Estate,Real Estate Services
LNRCF,LNRCF,-1.86,-12.97,10,15,55,,
KSKGF,Kingsgate Consolidated Limited,0.0,-14.33,0,2,77,Basic Materials,Gold
AMN,"AMN Healthcare Services, Inc.",2.94,16.86,100,100,94,Consumer Discretionary,Professional Services
UPBD,"Upbound Group, Inc.",3.22,15.2,77,89,49,Consumer Discretionary,Diversified Commercial Services
MRCHF,"H.U. Group Holdings, Inc.",0.0,3.35,62,82,27,Healthcare,Diagnostics & Research
GRRMF,Gerresheimer AG,0.0,-4.27,3,30,21,Healthcare,Medical Instruments & Supplies
MCB,Metropolitan Bank Holding Corp.,1.71,10.89,74,83,75,Finance,Major Banks
MLKN,"MillerKnoll, Inc.",-2.38,41.76,90,88,73,Consumer Discretionary,Office Equipment/Supplies/Services
ACDC,ProFrac Holding Corp.,-8.93,-41.81,0,0,20,Energy,Oilfield Services/Equipment
OPK,"OPKO Health, Inc.",-1.32,2.74,58,68,63,Health Care,Biotechnology: Pharmaceutical Preparations
ORRAF,Orora Limited,0.0,0.0,5,39,5,Consumer Cyclical,Packaging & Containers
GPRE,Green Plains Inc.,1.55,4.44,86,97,87,Industrials,Major Chemicals
GRRMY,Gerresheimer AG,0.0,21.32,100,100,43,Healthcare,Medical Instruments & Supplies
EVO,Evotec SE,0.69,-1.68,98,95,23,Health Care,Biotechnology: Pharmaceutical Preparations
SBR,Sabine Royalty Trust,-0.34,-6.63,14,27,40,Energy,Oil & Gas Production
TSHTY,Toshiba Tec Corporation,-4.28,-15.16,0,0,24,Technology,Computer Hardware
PXED,"Phoenix Education Partners, Inc.",0.87,11.13,100,97,41,Real Estate,Other Consumer Services
TMVWY,TeamViewer SE,0.0,-18.61,26,29,12,Technology,Software - Application
TMVWF,TeamViewer SE,0.0,0.0,5,39,34,Technology,Software - Application
CNMD,CONMED Corporation,3.78,-0.06,49,54,14,Health Care,Biotechnology: Electromedical & Electrotherapeutic Apparatus
LSDAF,Lassonde Industries Inc.,0.0,-2.76,0,24,34,Consumer Defensive,Beverages - Non-Alcoholic
CII,"BlackRock Enhanced Large Cap Core Fund, Inc.",0.12,2.99,66,84,71,Finance,Investment Bankers/Brokers/Service
SVRA,Savara Inc.,-0.32,16.98,94,91,89,Health Care,Biotechnology: Pharmaceutical Preparations
TNLIY,Trainline plc,0.0,0.0,32,59,19,Consumer Cyclical,Travel Services
CRON,Cronos Group Inc.,-3.5,-1.43,52,59,55,Health Care,Medicinal Chemicals and Botanical Products
AMC,"AMC Entertainment Holdings, Inc.",-7.94,-11.22,0,0,48,Consumer Discretionary,Movies/Entertainment
OCSL,Oaktree Specialty Lending Corporation,-1.39,1.28,65,71,39,Finance,Finance: Consumer Services
ALVO,Alvotech,-4.16,-7.49,0,0,4,Health Care,Biotechnology: Biological Products (No Diagnostic Substances)
IGIC,International General Insurance Holdings Ltd.,0.87,11.38,100,96,63,Finance,Property-Casualty Insurers
CRVS,"Corvus Pharmaceuticals, Inc.",-0.39,29.44,95,93,94,Health Care,Biotechnology: Pharmaceutical Preparations
HBT,"HBT Financial, Inc.",1.21,13.68,88,98,72,Finance,Major Banks
BJCHF,Beijing Capital International Airport Company Limited,0.0,-21.74,1,8,2,Industrials,Airports & Air Services
AMPL,"Amplitude, Inc.",0.79,14.97,100,98,34,Technology,Computer Software: Prepackaged Software
JWLLF,Jamieson Wellness Inc.,1.9,17.69,92,97,63,Consumer Defensive,Packaged Foods
SAFT,"Safety Insurance Group, Inc.",-0.35,12.96,87,86,43,Finance,Property-Casualty Insurers
ODC,Oil-Dri Corporation of America,-0.64,18.58,75,79,91,Consumer Discretionary,Miscellaneous manufacturing industries
ETW,Eaton Vance Tax-Managed Global Buy-Write Opportunities Fund,0.1,1.67,52,74,53,Finance,Investment Managers
PLRRF,Polar Capital Holdings Plc,0.0,0.0,32,59,88,Financial Services,Asset Management
RERE,ATRenew Inc.,0.76,-8.05,61,71,23,Consumer Discretionary,Other Specialty Stores
COGNY,Cogna Educação S.A.,-8.7,-16.0,12,28,7,Consumer Defensive,Education & Training Services
BUR,Burford Capital Limited,2.11,-2.25,62,65,4,Finance,Finance: Consumer Services
OXBDF,Oxford Biomedica plc,0.82,0.95,10,26,69,Healthcare,Biotechnology
KRNGF,Karoon Energy Ltd,0.0,-38.62,0,3,5,Energy,Oil & Gas E&P
GSBD,"Goldman Sachs BDC, Inc.",-4.18,4.2,43,46,38,Finance,Investment Managers
VIRDY,VIRDY,0.0,-34.49,0,3,28,Energy,Oil & Gas Equipment & Services
NBN,Northeast Bank,1.06,12.43,84,92,75,Finance,Major Banks
GOOGL,Alphabet Inc,1.82,-1.48,66,67,84,Technology,Computer Software: Programming Data Processing
MSFT,Microsoft Corporation,-0.96,-9.65,40,43,17,Technology,Computer Software: Prepackaged Software
TSM,Taiwan Semiconductor Manufacturing Company Limited,4.06,1.78,50,64,88,Technology,Semiconductors
MU,"Micron Technology, Inc.",0.96,-1.11,29,29,98,Technology,Semiconductors
JPM,JPMorgan Chase & Co.,1.43,9.12,86,100,56,Finance,Major Banks
ASML,ASML Holding N.V.,3.15,3.85,46,52,91,Technology,Industrial Machinery/Components
INTC,Intel Corporation,1.54,9.32,51,56,98,Technology,Semiconductors
TCEHY,Tencent Holdings Limited,4.3,-0.77,47,51,13,Communication Services,Internet Content & Information
COST,Costco Wholesale Corporation,-0.15,-2.27,21,30,34,Consumer Discretionary,Department/Specialty Retail Stores
ABBV,AbbVie Inc.,-2.42,13.26,81,81,66,Health Care,Biotechnology: Pharmaceutical Preparations
BACRP,Bank of America Corporation PFD SER B 7%,0.0,7.0,78,92,15,Unknown,Unknown
NFLX,Netflix Inc,-2.1,-6.79,31,38,5,Consumer Discretionary,Consumer Electronics/Video Chains
IDCBF,Industrial and Commercial Bank of China Limited,0.0,-11.36,0,9,32,Financial Services,Banks - Diversified
GE,GE Aerospace,0.43,15.72,97,93,80,Technology,Consumer Electronics/Appliances
PG,The Procter & Gamble Company,-1.39,6.06,22,47,37,Consumer Discretionary,Package Goods/Cosmetics
ACGBF,Agricultural Bank of China Limited,3.23,-16.88,9,12,28,Financial Services,Banks - Diversified
HD,"The Home Depot, Inc.",-2.03,13.13,77,75,36,Consumer Discretionary,RETAIL: Building Materials
GS,"The Goldman Sachs Group, Inc.",3.36,-3.42,37,54,76,Finance,Investment Bankers/Brokers/Service
BABA,Alibaba Group,1.84,-21.55,5,13,7,Consumer Discretionary,Business Services
AZN,AstraZeneca PLC,-2.56,4.6,68,71,47,Health Care,Biotechnology: Pharmaceutical Preparations
IBM,International Business Machines Corporation,3.45,-0.75,100,100,53,Technology,Computer Manufacturing
PM,Philip Morris International Inc.,1.37,6.46,76,79,60,Health Care,Medicinal Chemicals and Botanical Products
LVMHF,"LVMH Moët Hennessy - Louis Vuitton, Société Européenne",-1.26,2.61,16,34,27,Consumer Cyclical,Luxury Goods
RY,Royal Bank of Canada,1.59,6.71,85,100,81,Finance,Commercial Banks
NSRGY,Nestlé S.A.,-1.28,7.53,74,75,53,Consumer Defensive,Packaged Foods
NSRGF,Nestlé S.A.,0.32,6.94,92,89,54,Consumer Defensive,Packaged Foods
SNDK,Sandisk Corporation,-0.03,-0.87,19,19,99,Technology,Electronic Components
RTX,RTX Corporation,1.06,12.24,100,97,60,Industrials,Aerospace
LRLCY,L'Oréal S.A.,-1.97,0.8,7,35,40,Consumer Defensive,Household & Personal Products
SHEL,Shell plc,0.15,-9.9,8,15,34,Energy,Oil & Gas Production
KXHCF,KXHCF,11.59,3.62,27,28,99,,
KXIAY,KXIAY,-12.66,-12.05,3,3,99,Technology,Semiconductors
C,Citigroup Inc.,2.78,6.44,65,76,82,Finance,Major Banks
MUFG,"Mitsubishi UFJ Financial Group, Inc.",2.72,5.59,97,100,78,Finance,Commercial Banks
TMUS,"T-Mobile US, Inc.",2.41,2.69,55,59,14,Telecommunications,Telecommunications Equipment
ANET,"Arista Networks, Inc.",8.31,4.38,86,100,82,Telecommunications,Computer Communications Equipment
MCD,McDonald's Corporation,-0.4,2.49,39,50,23,Consumer Discretionary,Restaurants
HESAY,Hermès International Société en commandite par actions,-0.99,1.28,16,31,12,Consumer Cyclical,Luxury Goods
TTE,TotalEnergies SE,-0.5,-15.37,6,10,46,Energy,Oil & Gas Production
ABBNY,ABB Ltd,1.64,0.21,63,97,86,Industrials,Electrical Equipment & Parts
BCDRF,"Banco Santander, S.A.",-3.14,17.3,72,71,81,Financial Services,Banks - Diversified
SAN,"Banco Santander, S.A.",3.01,15.24,100,100,82,Finance,Commercial Banks
APH,Amphenol Corporation,1.35,13.83,70,80,81,Technology,Electrical Products
NEE,"NextEra Energy, Inc.",-1.02,2.8,32,54,46,Technology,EDP Services
RTNTF,Rio Tinto Group,0.0,-7.19,0,4,77,Basic Materials,Other Industrial Metals & Mining
SBGSF,Schneider Electric S.E.,1.19,-1.42,36,53,63,Industrials,Specialty Industrial Machinery
BLK,"BlackRock, Inc.",1.55,-0.55,43,59,31,Finance,Investment Bankers/Brokers/Service
GILD,"Gilead Sciences, Inc.",-1.26,0.99,67,71,44,Health Care,Biotechnology: Biological Products (No Diagnostic Substances)
FRCOY,"Fast Retailing Co., Ltd.",5.36,8.94,100,100,87,Consumer Cyclical,Apparel Retail
BUDFF,Anheuser-Busch InBev SA/NV,-2.32,2.49,10,19,64,Consumer Defensive,Beverages - Brewers
SCCO,Southern Copper Corporation,1.08,-10.42,15,23,75,Basic Materials,Metal Mining
CRM,"Salesforce, Inc.",-0.28,-12.01,38,43,7,Technology,Computer Software: Prepackaged Software
ETN,Eaton Corporation plc,3.74,-1.24,47,62,62,Technology,Industrial Machinery/Components
SCHW,The Charles Schwab Corporation,3.73,14.34,100,100,47,Finance,Investment Bankers/Brokers/Service
HON,Honeywell International Inc.,0.57,1.28,28,39,40,Industrials,Aerospace
RLLCF,Rolls-Royce Holdings plc,7.14,-16.67,21,27,1,Industrials,Aerospace & Defense
PFE,Pfizer Inc.,-2.47,-7.67,0,3,22,Health Care,Biotechnology: Pharmaceutical Preparations
IBKR,"Interactive Brokers Group, Inc.",5.1,10.26,85,100,86,Finance,Investment Bankers/Brokers/Service
DE,Deere & Company,2.25,7.63,88,100,71,Industrials,Industrial Machinery/Components
CSUAY,China Shenhua Energy Company Limited,-0.48,-9.19,27,36,46,Energy,Thermal Coal
BX,Blackstone Inc.,0.52,4.11,61,72,22,Finance,Investment Managers
PNGAY,"Ping An Insurance (Group) Company of China, Ltd.",0.52,-7.89,15,26,21,Financial Services,Insurance - Life
SMFNF,"Sumitomo Mitsui Financial Group, Inc.",5.16,9.16,83,100,85,Financial Services,Banks - Diversified
DBSDF,DBS Group Holdings Ltd,-3.62,-0.75,7,33,63,Financial Services,Banks - Regional
CILJF,China Life Insurance Company Limited,5.92,2.17,56,76,73,Financial Services,Insurance - Life
BBVA,"Banco Bilbao Vizcaya Argentaria, S.A.",2.11,14.5,100,100,81,Finance,Commercial Banks
UNCFF,UniCredit S.p.A.,0.86,10.78,94,96,74,Financial Services,Banks - Regional
DHR,Danaher Corporation,-2.18,3.96,65,74,26,Industrials,Industrial Machinery/Components
SONY,Sony Group Corporation,1.78,-4.81,51,61,16,Consumer Staples,Consumer Electronics/Appliances
IVSBF,Investor AB (publ),2.38,2.18,69,100,68,Financial Services,Asset Management
BNPQF,BNP Paribas SA,2.28,11.97,88,99,79,Financial Services,Banks - Regional
UL,Unilever PLC,-1.44,11.86,75,74,36,Consumer Discretionary,Package Goods/Cosmetics
AIQUF,L'Air Liquide S.A.,-1.39,-4.61,52,57,36,Basic Materials,Specialty Chemicals
CB,Chubb Limited,-1.28,13.72,80,81,62,Finance,Property-Casualty Insurers
AIQUY,L'Air Liquide S.A.,-0.97,-3.39,54,61,38,Basic Materials,Specialty Chemicals
EBBGF,Enbridge Inc.,0.06,1.25,29,52,45,Energy,Oil & Gas Midstream
BNPQY,BNP Paribas SA,1.5,8.96,100,100,76,Financial Services,Banks - Regional
ESOCF,Enel SpA,0.34,0.94,73,87,55,Utilities,Utilities - Diversified
ISNPY,Intesa Sanpaolo S.p.A.,1.89,8.03,88,100,62,Financial Services,Banks - Regional
SYK,Stryker Corporation,-0.55,8.1,53,65,23,Health Care,Medical/Dental Instruments
MRAAF,"Murata Manufacturing Co., Ltd.",-4.23,3.03,38,42,98,Technology,Electronic Components
BYDDF,BYD Company Limited,4.31,-9.06,58,60,9,Consumer Cyclical,Auto Manufacturers
ATEYY,Advantest Corporation,5.51,5.33,51,53,91,Technology,Semiconductor Equipment & Materials
VRTX,Vertex Pharmaceuticals Incorporated,0.29,19.89,96,94,67,Health Care,Biotechnology: Pharmaceutical Preparations
PBR,Petróleo Brasileiro S.A. - Petrobras,0.93,-9.97,6,13,52,Energy,Oil & Gas Production
MTSUY,Mitsubishi Corporation,2.73,-9.42,22,34,48,Industrials,Conglomerates
AAIGF,AIA Group Limited,0.55,-5.19,3,16,21,Financial Services,Insurance - Life
MZHOF,"Mizuho Financial Group, Inc.",0.0,-6.7,15,30,82,Financial Services,Banks - Regional
ZURVY,Zurich Insurance Group AG,0.61,9.31,97,91,53,Financial Services,Insurance - Diversified
EQIX,"Equinix, Inc.",-0.32,-8.29,0,0,63,Real Estate,Real Estate Investment Trusts
SNYNF,Sanofi,0.64,-1.58,38,45,17,Healthcare,Drug Manufacturers - General
SO,The Southern Company,-2.03,4.77,42,60,41,Utilities,Electric Utilities: Central
SPOT,Spotify Technology S.A.,-0.61,-2.14,45,48,12,Consumer Discretionary,Broadcasting
CM,Canadian Imperial Bank of Commerce,1.28,6.43,76,95,80,Finance,Commercial Banks
MAR,"Marriott International, Inc.",1.82,-1.44,23,40,73,Consumer Discretionary,Hotels/Resorts
GPMXY,GPMXY,1.27,-8.42,7,16,33,Basic Materials,Other Industrial Metals & Mining
BNY,BNY,2.28,4.12,90,100,81,Finance,Major Banks
AXAHF,AXA SA,0.95,9.94,94,95,47,Financial Services,Insurance - Diversified
BRCFF,BRCFF,0.0,2.12,61,87,51,Financial Services,Asset Management
ITOCY,ITOCHU Corporation,0.34,0.69,58,73,30,Industrials,Conglomerates
CAIXY,"CaixaBank, S.A.",1.68,9.28,92,100,81,Financial Services,Banks - Regional
IBN,ICICI Bank Limited,2.0,15.29,91,96,42,Finance,Commercial Banks
ESLOF,EssilorLuxottica Société anonyme,1.25,-2.53,46,62,8,Healthcare,Medical Instruments & Supplies
XIACF,Xiaomi Corporation,2.41,-18.02,20,23,2,Technology,Consumer Electronics
XIACY,Xiaomi Corporation,2.22,-18.41,20,26,2,Technology,Consumer Electronics
SNPS,"Synopsys, Inc.",1.17,-10.56,3,10,31,Technology,Computer Software: Prepackaged Software
INTU,Intuit Inc.,-1.17,-9.88,23,35,1,Technology,Computer Software: Prepackaged Software
GLCNF,Glencore plc,-0.29,-16.05,1,11,71,Basic Materials,Other Industrial Metals & Mining
MITSF,"Mitsui & Co., Ltd.",1.56,-11.21,19,29,35,Industrials,Conglomerates
GLNCY,Glencore plc,1.47,-15.69,11,17,73,Basic Materials,Other Industrial Metals & Mining
MIELF,Mitsubishi Electric Corporation,0.53,-1.85,65,68,80,Industrials,Electrical Equipment & Parts
CMCSA,Comcast Corporation,-1.72,1.58,50,58,11,Telecommunications,Cable & Other Pay Television Services
SNOW,Snowflake Inc.,0.75,7.33,97,96,83,Technology,Computer Software: Prepackaged Software
WBKCY,WBKCY,1.81,-6.66,45,61,18,Financial Services,Banks - Diversified
WMB,"The Williams Companies, Inc.",-0.44,1.28,17,32,57,Utilities,Natural Gas Distribution
ITUB,Itaú Unibanco Holding S.A.,2.09,9.56,81,87,61,Finance,Major Banks
ATLFF,Atlas Copco AB (publ),0.0,-2.64,21,51,82,Industrials,Specialty Industrial Machinery
KKR,KKR & Co. Inc.,2.27,0.53,63,70,15,Finance,Investment Managers
ELV,"Elevance Health, Inc.",-2.33,0.1,45,54,73,Health Care,Medical Specialities
HOOD,"Robinhood Markets, Inc.",4.28,33.08,100,100,76,Finance,Investment Bankers/Brokers/Service
CSX,CSX Corporation,-0.16,5.58,85,84,78,Industrials,Railroads
ICE,"Intercontinental Exchange, Inc.",1.44,-4.68,52,56,11,Finance,Investment Bankers/Brokers/Service
RKLB,Rocket Lab Corporation,-7.34,-22.39,30,34,91,Industrials,Military/Government/Technical
NGGTF,National Grid plc,1.45,4.41,69,86,40,Utilities,Utilities - Regulated Electric
JCI,Johnson Controls International plc,1.39,-2.91,9,24,66,Industrials,Industrial Machinery/Components
VCISY,Vinci SA,-0.86,0.0,12,27,35,Industrials,Engineering & Construction
BE,Bloom Energy Corporation,8.92,1.26,49,54,98,Energy,Industrial Machinery/Components
EMR,Emerson Electric Co.,1.81,-0.35,11,25,46,Technology,Consumer Electronics/Appliances
ABNB,"Airbnb, Inc.",-0.86,10.42,84,82,58,Consumer Discretionary,Diversified Commercial Services
CVNA,Carvana Co.,2.59,6.33,90,90,34,Consumer Discretionary,Retail-Auto Dealers and Gas Stations
NGG,National Grid plc,-0.31,1.49,47,68,48,Utilities,Natural Gas Distribution
LYG,Lloyds Banking Group plc,1.82,13.42,100,100,78,Finance,Commercial Banks
CHGCF,"Chugai Pharmaceutical Co., Ltd.",-1.18,-1.9,35,40,16,Healthcare,Drug Manufacturers - General
MDLZ,"Mondelez International, Inc.",-2.86,-2.17,12,25,35,Consumer Staples,Packaged Foods
BAM,Brookfield Asset Management Ltd.,2.46,0.62,57,72,27,Consumer Discretionary,Other Consumer Services
MPWR,"Monolithic Power Systems, Inc.",4.5,-18.42,13,13,84,Technology,Semiconductors
RCL,Royal Caribbean Cruises Ltd.,-2.88,-1.88,20,25,32,Consumer Discretionary,Marine Transportation
ANZGF,ANZ Group Holdings Limited,0.0,-3.96,2,20,46,Financial Services,Banks - Diversified
ROST,"Ross Stores, Inc.",-0.97,-9.13,0,9,68,Consumer Discretionary,Clothing/Shoe/Accessory Stores
SU,Suncor Energy Inc.,-0.25,-16.13,9,18,57,Energy,Integrated oil Companies
CRH,CRH plc,0.05,0.95,34,40,33,Industrials,Building Materials
VOLVF,AB Volvo (publ),0.0,-0.86,57,66,52,Industrials,Farm & Heavy Construction Machinery
CNI,Canadian National Railway Company,0.08,2.36,74,80,67,Industrials,Railroads
VLVLY,AB Volvo (publ),3.4,2.04,100,100,65,Industrials,Farm & Heavy Construction Machinery
OVCHF,Oversea-Chinese Banking Corporation Limited,0.0,6.11,66,78,82,Financial Services,Banks - Regional
TDG,TransDigm Group Incorporated,-0.18,9.61,86,85,44,Industrials,Military/Government/Technical
DASH,"DoorDash, Inc.",-1.85,17.74,87,86,25,Technology,EDP Services
TRPPF,TRPPF,0.0,0.48,43,66,47,Unknown,Unknown
JPPTY,"JAPAN POST BANK Co., Ltd.",1.61,-0.1,43,66,86,Financial Services,Banks - Regional
NSC,Norfolk Southern Corporation,-0.25,4.79,85,84,57,Industrials,Railroads
JAPAF,Japan Tobacco Inc.,-3.47,-9.36,17,28,41,Consumer Defensive,Tobacco
AON,Aon plc,-0.15,10.76,92,90,42,Finance,Specialty Insurers
MURGY,Münchener Rückversicherungs-Gesellschaft Aktiengesellschaft in München,-0.35,11.55,87,84,23,Financial Services,Insurance - Reinsurance
SFBQF,SoftBank Corp.,-0.77,-2.42,9,23,18,Communication Services,Telecom Services
MKKGY,Merck KGaA,-2.7,1.2,58,68,71,Healthcare,Drug Manufacturers - Specialty & Generic
NBNKF,Nordea Bank Abp,0.0,0.05,75,76,62,Financial Services,Banks - Regional
BHKLY,BOC Hong Kong (Holdings) Limited,1.51,-6.05,5,6,55,Financial Services,Banks - Regional
REGN,"Regeneron Pharmaceuticals, Inc.",-0.68,3.35,78,80,29,Health Care,Biotechnology: Pharmaceutical Preparations
NWG,NatWest Group plc,2.11,13.47,100,100,73,Finance,Commercial Banks
NU,Nu Holdings Ltd.,3.31,16.01,100,100,27,Finance,Finance: Consumer Services
URI,"United Rentals, Inc.",0.1,1.39,34,50,82,Consumer Discretionary,Diversified Commercial Services
PSTVY,"Postal Savings Bank of China Co., Ltd.",5.12,-5.6,20,28,20,Financial Services,Banks - Regional
NNFSF,"Nongfu Spring Co., Ltd.",0.0,-5.81,1,26,39,Consumer Defensive,Beverages - Non-Alcoholic
SMTOY,"Sumitomo Electric Industries, Ltd.",-3.28,-25.34,0,0,92,Consumer Cyclical,Auto Parts
STM,STMicroelectronics N.V.,4.45,-8.79,21,22,96,Technology,Semiconductors
SMTOF,"Sumitomo Electric Industries, Ltd.",-5.58,-18.3,9,14,9,Consumer Cyclical,Auto Parts
WFAFF,Wesfarmers Limited,0.0,7.36,79,81,57,Consumer Cyclical,Home Improvement Retail
MCQEF,Macquarie Group Limited,0.0,0.0,5,39,58,Financial Services,Capital Markets
DSDVY,DSV A/S,-0.05,-0.11,88,86,46,Industrials,Integrated Freight & Logistics
LDNXF,London Stock Exchange Group plc,6.42,-3.38,52,54,29,Financial Services,Financial Data & Stock Exchanges
MBGYY,Mercedes-Benz Group AG,0.93,-8.92,26,38,17,Consumer Cyclical,Auto Manufacturers
SCBFF,Standard Chartered PLC,0.0,7.51,74,86,81,Financial Services,Banks - Diversified
SRE,Sempra,-0.12,3.62,41,59,43,Utilities,Natural Gas Distribution
PCAR,PACCAR Inc,5.36,6.64,100,100,63,Consumer Discretionary,Motor Vehicles
NGLOY,Anglo American plc,2.25,-7.92,31,38,77,Basic Materials,Other Industrial Metals & Mining
CRARF,Crédit Agricole S.A.,0.0,4.26,51,62,48,Financial Services,Banks - Regional
DSDVF,DSV A/S,5.1,2.32,66,82,50,Industrials,Integrated Freight & Logistics
HPE,Hewlett Packard Enterprise Company,4.66,-19.4,17,16,93,Technology,Retail: Computer Software & Peripheral Equipment
NUE,Nucor Corporation,1.44,-14.42,7,12,85,Industrials,Steel/Iron Ore
NTIOF,National Bank of Canada,2.54,10.8,86,100,80,Financial Services,Banks - Diversified
SGAPY,Singapore Telecommunications Limited,-0.17,2.83,69,80,33,Communication Services,Telecom Services
MSTR,Strategy Inc,0.0,-22.11,35,37,2,Technology,Computer Software: Prepackaged Software
UCBJY,UCB SA,-3.36,-2.91,19,37,50,Healthcare,Biotechnology
ORANY,Orange S.A.,-0.83,-9.06,0,2,41,Communication Services,Telecom Services
KBCSY,KBC Group NV,-0.39,5.25,80,76,64,Financial Services,Banks - Regional
EONGY,E.ON SE,3.67,3.08,95,100,52,Utilities,Utilities - Diversified
TRGP,Targa Resources Corp.,1.79,-1.44,16,34,80,Utilities,Natural Gas Distribution
MARUY,Marubeni Corporation,4.73,0.14,90,95,55,Industrials,Conglomerates
PCRFF,Panasonic Holdings Corporation,6.7,18.8,100,100,95,Technology,Consumer Electronics
VWAPY,Volkswagen AG,3.36,-10.39,36,43,15,Consumer Cyclical,Auto Manufacturers
VST,Vistra Corp.,4.08,2.43,48,52,24,Utilities,Electric Utilities: Central
PSA,Public Storage,-1.71,6.64,51,55,63,Real Estate,Real Estate Investment Trusts
SSUMY,Sumitomo Corporation,1.12,-6.66,29,43,69,Industrials,Conglomerates
CARR,Carrier Global Corporation,0.04,2.28,17,24,65,Industrials,Industrial Machinery/Components
BASFY,BASF SE,-0.37,-7.76,12,25,41,Basic Materials,Chemicals
FJIKY,FJIKY,3.81,9.4,36,38,94,Industrials,Conglomerates
MARUF,Marubeni Corporation,11.87,8.05,100,100,61,Industrials,Conglomerates
VLKAF,Volkswagen AG,3.18,-14.75,20,27,10,Consumer Cyclical,Auto Manufacturers
LOBLY,LOBLY,17.19,-4.68,65,68,53,Consumer Defensive,Grocery Stores
DBOEY,Deutsche Börse AG,3.23,2.43,84,83,39,Financial Services,Financial Data & Stock Exchanges
NTDOY,"Nintendo Co., Ltd.",-1.71,-4.64,20,30,3,Communication Services,Electronic Gaming & Multimedia
AJG,Arthur J. Gallagher & Co.,-1.06,18.77,89,88,31,Finance,Specialty Insurers
ASMXF,ASM International NV,-5.34,1.11,24,37,90,Technology,Semiconductor Equipment & Materials
MT,ArcelorMittal S.A.,3.08,-8.79,46,53,88,Industrials,Steel/Iron Ore
DVN,Devon Energy Corporation,-0.27,-11.62,0,3,39,Energy,Oil & Gas Production
TAK,Takeda Pharmaceutical Company Limited,0.72,9.32,98,94,38,Health Care,Biotechnology: Pharmaceutical Preparations
ABEV,Ambev S.A.,-0.97,-1.0,0,11,65,Consumer Staples,Beverages (Production/Distribution)
GDERF,GDERF,6.26,6.46,56,60,75,Healthcare,Drug Manufacturers - Specialty & Generic
RNECY,Renesas Electronics Corporation,0.68,-2.64,59,70,95,Technology,Semiconductors
SCGLF,Société Générale Société anonyme,0.75,7.5,63,69,75,Financial Services,Banks - Regional
GALDY,GALDY,-1.05,9.12,54,60,68,Healthcare,Drug Manufacturers - Specialty & Generic
RNECF,Renesas Electronics Corporation,-0.7,-2.28,66,70,96,Technology,Semiconductors
DRPRF,Dr. Ing. h.c. F. Porsche AG,1.0,-6.32,11,30,46,Consumer Cyclical,Auto Manufacturers
INFY,Infosys Limited,-2.51,-11.57,18,27,5,Technology,EDP Services
AU,AngloGold Ashanti plc,-0.71,-8.81,26,34,60,Basic Materials,Precious Metals
ADSK,"Autodesk, Inc.",0.03,-11.17,40,45,7,Technology,Computer Software: Prepackaged Software
WUXIF,"WuXi AppTec Co., Ltd.",0.0,18.71,100,100,95,Healthcare,Diagnostics & Research
EBAY,eBay Inc.,-1.02,4.14,78,79,77,Consumer Discretionary,Business Services
AZO,"AutoZone, Inc.",-6.38,-4.03,0,19,11,Consumer Discretionary,Auto & Home Supply Stores
EBKOF,Erste Group Bank AG,0.7,15.82,93,94,78,Financial Services,Banks - Regional
RWEOY,RWE Aktiengesellschaft,1.68,1.26,54,74,71,Utilities,Utilities - Diversified
WEICF,"Weichai Power Co., Ltd.",6.65,-8.82,28,36,93,Consumer Cyclical,Auto Manufacturers
EXC,Exelon Corporation,-1.73,5.42,44,60,39,Utilities,Power Generation
TYHOF,Toyota Tsusho Corporation,0.0,-11.42,12,23,79,Industrials,Conglomerates
MSCI,MSCI Inc.,1.81,-0.78,76,76,51,Consumer Discretionary,Business Services
DEO,Diageo plc,-0.6,3.46,35,50,30,Consumer Staples,Beverages (Production/Distribution)
DNBBF,DNB Bank ASA,0.27,3.36,52,56,45,Financial Services,Banks - Regional
HINKF,Heineken N.V.,-1.43,11.94,79,77,54,Consumer Defensive,Beverages - Brewers
ORLNY,ORLNY,0.0,-10.05,1,16,37,Energy,Oil & Gas Integrated
FITBP,Fifth Third Bancorp,0.72,1.4,61,75,36,Finance,Major Banks
GRMN,Garmin Ltd.,2.17,1.8,93,100,48,Industrials,Industrial Machinery/Components
SEMHF,Siemens Healthineers AG,1.62,4.07,49,62,12,Healthcare,Medical Devices
WUXAY,"WuXi AppTec Co., Ltd.",1.36,27.02,94,98,87,Healthcare,Diagnostics & Research
FNV,Franco-Nevada Corporation,-2.21,-9.64,14,35,32,Basic Materials,Precious Metals
DSCSY,Disco Corporation,6.75,7.02,40,45,84,Technology,Semiconductor Equipment & Materials
DKILF,"Daikin Industries,Ltd.",6.94,6.47,100,100,81,Industrials,Building Products & Equipment
ANNSF,"Aena S.M.E., S.A.",1.62,10.2,84,99,50,Industrials,Airports & Air Services
FERG,Ferguson Enterprises Inc.,-0.57,-0.73,2,13,36,Miscellaneous,Miscellaneous
LZAGY,Lonza Group AG,2.58,16.36,100,100,49,Healthcare,Diagnostics & Research
DISPF,Disco Corporation,-6.77,8.9,26,30,99,Technology,Semiconductor Equipment & Materials
ERIC,Telefonaktiebolaget LM Ericsson (publ),0.93,-18.43,0,3,56,Technology,Radio And Television Broadcasting And Communications Equipment
DKILY,"Daikin Industries,Ltd.",4.52,8.31,100,100,77,Industrials,Building Products & Equipment
BAYRY,Bayer Aktiengesellschaft,-4.21,41.54,84,84,87,Healthcare,Drug Manufacturers - General
UNVGY,Universal Music Group N.V.,-1.47,2.48,57,66,19,Communication Services,Entertainment
DNKEY,Danske Bank A/S,2.92,9.39,100,100,76,Financial Services,Banks - Regional
TLGPY,Telstra Group Limited,0.12,-2.86,0,6,37,Communication Services,Telecom Services
ASAZF,ASSA ABLOY AB (publ),0.0,1.86,55,79,57,Industrials,Security & Protection Services
VIK,Viking Holdings Ltd,-0.14,11.73,63,67,87,Consumer Discretionary,Marine Transportation
CMG,"Chipotle Mexican Grill, Inc.",-3.98,20.58,71,70,18,Consumer Discretionary,Restaurants
IX,ORIX Corporation,2.02,0.23,64,100,85,Finance,Diversified Financial Services
UMGNF,Universal Music Group N.V.,-1.34,0.22,66,72,17,Communication Services,Entertainment
BDX,"Becton, Dickinson and Company",-1.61,4.73,72,79,42,Health Care,Medical/Dental Instruments
HLNCF,Haleon plc,6.64,11.19,100,100,33,Healthcare,Drug Manufacturers - Specialty & Generic
HLN,Haleon plc,-1.02,8.48,82,82,34,Consumer Discretionary,Package Goods/Cosmetics
TYIDY,Toyota Industries Corporation,0.0,5.55,63,70,46,Industrials,Farm & Heavy Construction Machinery
SLF,Sun Life Financial Inc.,-0.83,8.26,75,72,74,Finance,Life Insurance
ORXCF,ORIX Corporation,3.51,0.05,79,91,88,Financial Services,Financial Conglomerates
PYPL,"PayPal Holdings, Inc.",-0.84,5.47,80,78,10,Industrials,Diversified Commercial Services
AIG,"American International Group, Inc.",1.71,10.68,100,100,38,Finance,Life Insurance
TKO,"TKO Group Holdings, Inc.",-1.09,-4.66,0,0,31,Consumer Discretionary,Services-Misc. Amusement & Recreation
LYV,"Live Nation Entertainment, Inc.",-1.77,13.84,81,79,66,Consumer Discretionary,Services-Misc. Amusement & Recreation
OTSKY,"Otsuka Holdings Co., Ltd.",0.22,7.1,95,92,68,Healthcare,Drug Manufacturers - General
ADM,Archer-Daniels-Midland Company,1.48,-6.53,27,40,72,Consumer Staples,Packaged Foods
KR,The Kroger Co.,0.05,-6.41,22,29,15,Consumer Staples,Food Chains
DCNSF,"Daiichi Life Group, Inc.",0.0,3.49,56,73,70,Financial Services,Insurance - Life
HLBZF,Heidelberg Materials AG,3.79,-4.88,19,22,20,Basic Materials,Building Materials
PWCDF,Power Corporation of Canada,3.58,7.7,100,100,84,Financial Services,Insurance - Life
DLICY,"Daiichi Life Group, Inc.",2.28,11.97,100,100,83,Financial Services,Insurance - Life
DTRUY,Daimler Truck Holding AG,2.24,3.33,100,100,57,Industrials,Farm & Heavy Construction Machinery
SATS,EchoStar Corporation,0.61,-16.06,9,16,87,Consumer Discretionary,Telecommunications Equipment
UAL,"United Airlines Holdings, Inc.",-0.62,26.26,77,79,84,Consumer Discretionary,Air Freight/Delivery Services
ADRNY,Koninklijke Ahold Delhaize N.V.,-2.07,-0.15,35,48,26,Consumer Defensive,Grocery Stores
VMC,Vulcan Materials Company,0.54,7.69,65,70,48,Industrials,Mining & Quarrying of Nonmetallic Minerals (No Fuels)
HUM,Humana Inc.,-0.98,12.57,65,73,93,Health Care,Medical Specialities
PPRUY,Kering SA,-0.28,-1.0,11,27,26,Consumer Cyclical,Luxury Goods
TSCDY,Tesco PLC,-2.82,2.25,43,55,42,Consumer Defensive,Grocery Stores
AHODF,Koninklijke Ahold Delhaize N.V.,0.0,-1.61,0,18,23,Consumer Defensive,Grocery Stores
AXON,"Axon Enterprise, Inc.",4.24,21.27,100,100,59,Industrials,Ordnance And Accessories
NIPNF,NEC Corporation,3.6,-3.94,94,98,31,Technology,Information Technology Services
PUK,Prudential plc,2.07,7.74,100,100,35,Finance,Life Insurance
FRFHF,Fairfax Financial Holdings Limited,1.87,8.75,100,100,30,Financial Services,Insurance - Property & Casualty
NHOLF,"Sompo Holdings, Inc.",0.0,-4.98,3,25,59,Financial Services,Insurance - Property & Casualty
PSZKY,Powszechna Kasa Oszczednosci Bank Polski Spólka Akcyjna,-3.15,-0.43,15,20,71,Financial Services,Banks - Regional
DTGHF,Daimler Truck Holding AG,0.0,-0.59,49,57,50,Industrials,Farm & Heavy Construction Machinery
SHNDY,Schindler Holding AG,2.92,-1.22,52,64,24,Industrials,Specialty Industrial Machinery
JD,"JD.com, Inc.",0.6,-8.26,30,38,20,Consumer Discretionary,Other Specialty Stores
GFI,Gold Fields Limited,-2.4,-11.53,27,32,22,Basic Materials,Precious Metals
MLM,"Martin Marietta Materials, Inc.",0.98,4.21,52,61,36,Industrials,Mining & Quarrying of Nonmetallic Minerals (No Fuels)
GFIOF,Gold Fields Limited,0.0,-8.21,8,25,87,Basic Materials,Gold
HNDAF,"Honda Motor Co., Ltd.",10.17,9.43,100,100,43,Consumer Cyclical,Auto Manufacturers
ADYYF,Adyen N.V.,1.32,-2.73,66,75,7,Technology,Software - Infrastructure
BBDO,Banco Bradesco S.A.,0.44,-1.56,13,57,35,Finance,Major Banks
VOD,Vodafone Group Public Limited Company,-0.53,-11.76,0,4,41,Telecommunications,Telecommunications Equipment
SAABF,Saab AB (publ),10.11,8.92,100,100,31,Industrials,Aerospace & Defense
SHLRF,Schindler Holding AG,0.0,0.0,5,39,23,Industrials,Specialty Industrial Machinery
QSR,Restaurant Brands International Inc.,-2.06,2.91,29,56,43,Consumer Discretionary,Restaurants
RDDT,"Reddit, Inc.",3.18,9.22,100,100,68,Technology,EDP Services
RBLX,Roblox Corporation,2.92,31.56,91,95,5,Technology,Computer Software: Prepackaged Software
LVS,Las Vegas Sands Corp.,-0.87,-8.18,2,16,15,Consumer Discretionary,Hotels/Resorts
GVDBF,Givaudan SA,0.0,17.48,85,90,56,Basic Materials,Specialty Chemicals
HBANP,Huntington Bancshares Incorporated,0.56,0.56,62,74,29,Finance,Major Banks
HBANL,Huntington Bancshares Incorporated,0.56,1.14,33,55,40,Finance,Major Banks
ALC,Alcon Inc.,-1.91,2.63,63,69,17,Health Care,Ophthalmic Goods
DNZOY,DENSO Corporation,3.1,2.75,100,100,25,Consumer Cyclical,Auto Parts
FNLPF,Fresnillo plc,-1.75,-13.01,5,17,53,Basic Materials,Other Precious Metals & Mining
KYOCF,Kyocera Corporation,7.64,1.4,100,100,93,Industrials,Conglomerates
CMXHF,CSL Limited,4.35,31.02,100,100,8,Healthcare,Biotechnology
TS,Tenaris S.A.,-0.61,-15.83,0,0,70,Industrials,Steel/Iron Ore
KMB,Kimberly-Clark Corporation,-1.49,21.27,83,81,46,Consumer Discretionary,Containers/Packaging
MLYBY,Malayan Banking Berhad,17.8,12.19,100,100,58,Financial Services,Banks - Regional
AVIFY,Advanced Info Service Public Company Limited,-0.17,-1.02,75,82,67,Communication Services,Telecom Services
SBGOF,Standard Bank Group Limited,0.35,22.11,12,50,70,Financial Services,Banks - Regional
FANDF,FirstRand Limited,0.0,-3.95,17,44,98,Financial Services,Banks - Diversified
FANDY,FirstRand Limited,0.0,4.1,48,63,71,Financial Services,Banks - Diversified
DSNKY,"Daiichi Sankyo Company, Limited",4.32,13.64,100,100,12,Healthcare,Drug Manufacturers - General
SXYAY,Sika AG,0.47,12.88,97,93,51,Basic Materials,Specialty Chemicals
ACGLO,Arch Capital Group Ltd.,0.71,-0.49,0,47,30,Finance,Property-Casualty Insurers
SGBLY,Standard Bank Group Limited,2.02,7.2,80,100,76,Financial Services,Banks - Regional
TLLXY,Talanx AG,0.0,1.03,74,82,35,Financial Services,Insurance - Diversified
TGOPF,3i Group plc,2.46,18.57,100,100,10,Financial Services,Asset Management
AJINF,"Ajinomoto Co., Inc.",-0.96,22.99,93,92,84,Consumer Defensive,Packaged Foods
NTRS,Northern Trust Corporation,2.63,5.16,100,100,79,Finance,Major Banks
HENOY,Henkel AG & Co. KGaA,-1.06,13.46,82,80,56,Consumer Defensive,Household & Personal Products
MITEY,"Mitsubishi Estate Co., Ltd.",3.82,6.63,82,85,51,Real Estate,Real Estate - Diversified
SVNDY,"Seven & i Holdings Co., Ltd.",1.61,8.78,98,95,18,Consumer Defensive,Grocery Stores
QIHCF,"Haier Smart Home Co., Ltd.",0.0,0.0,5,39,58,Consumer Cyclical,"Furnishings, Fixtures & Appliances"
AMRZ,AMRZ,0.69,-0.64,39,46,41,Industrials,Building Materials
VG,VG,-2.52,-17.44,3,5,20,Utilities,Oil/Gas Transmission
NSKFF,Kongsberg Gruppen ASA,0.0,-13.03,23,28,36,Industrials,Aerospace & Defense
SVNLF,Svenska Handelsbanken AB (publ),0.0,2.9,61,78,51,Financial Services,Banks - Diversified
VEOEF,Veolia Environnement SA,0.0,2.12,49,67,63,Industrials,Waste Management
SVNLY,Svenska Handelsbanken AB (publ),1.77,4.62,100,100,67,Financial Services,Banks - Diversified
GBOOY,"Grupo Financiero Banorte, S.A.B. de C.V.",0.57,4.43,62,77,56,Financial Services,Banks - Regional
DASTY,Dassault Systèmes SE,-1.17,-9.6,40,49,11,Technology,Software - Application
POPMF,POPMF,7.29,0.19,40,37,3,,
BIIB,Biogen Inc.,-3.54,6.11,46,57,75,Health Care,Biotechnology: Biological Products (No Diagnostic Substances)
SHG,"Shinhan Financial Group Co., Ltd.",5.4,6.69,91,100,77,Finance,Major Banks
CQP,"Cheniere Energy Partners, L.P.",0.96,-3.78,34,42,50,Utilities,Oil/Gas Transmission
TSEM,Tower Semiconductor Ltd.,-0.05,-16.21,0,0,96,Technology,Semiconductors
DXCM,"DexCom, Inc.",1.59,-0.29,38,45,46,Health Care,Medical/Dental Instruments
CASY,"Casey's General Stores, Inc.",1.22,5.99,22,24,78,Consumer Discretionary,Retail-Auto Dealers and Gas Stations
KHNGF,Kuehne + Nagel International AG,0.0,4.47,78,79,58,Industrials,Integrated Freight & Logistics
HNNMY,H & M Hennes & Mauritz AB (publ),-0.59,-3.71,5,19,29,Consumer Cyclical,Apparel Manufacturing
REPYY,"Repsol, S.A.",-0.81,-4.04,33,40,74,Energy,Oil & Gas Integrated
SAXPY,Sampo Oyj,-0.98,3.41,52,66,33,Financial Services,Insurance - Diversified
SYM,Symbotic Inc.,4.02,-6.22,86,88,13,Industrials,Industrial Machinery/Components
VWDRY,Vestas Wind Systems A/S,-1.68,3.89,74,74,69,Industrials,Specialty Industrial Machinery
LDSVF,Chocoladefabriken Lindt & Sprüngli AG,2.68,3.88,100,100,12,Consumer Defensive,Confectioners
AMADY,"Amadeus IT Group, S.A.",0.89,-3.86,45,55,17,Technology,Information Technology Services
RMD,ResMed Inc.,4.18,12.39,100,100,20,Health Care,Medical/Dental Instruments
IMBBF,IMBBF,2.07,4.51,39,50,22,Consumer Defensive,Tobacco
PGPHF,Partners Group Holding AG,-3.1,-7.22,8,15,5,Financial Services,Asset Management
KHNGY,Kuehne + Nagel International AG,-0.82,5.58,85,85,66,Industrials,Integrated Freight & Logistics
BRDCY,Bridgestone Corporation,3.23,4.39,100,100,39,Consumer Cyclical,Auto Parts
SAXPF,Sampo Oyj,0.0,-2.24,0,21,26,Financial Services,Insurance - Diversified
SGGKF,Singapore Technologies Engineering Ltd,0.0,-4.48,0,18,61,Industrials,Aerospace & Defense
EXPE,"Expedia Group, Inc.",-0.72,17.42,90,88,68,Consumer Discretionary,Transportation Services
REPYF,"Repsol, S.A.",4.82,-0.16,29,39,72,Energy,Oil & Gas Integrated
MDB,"MongoDB, Inc.",0.85,-5.86,93,92,77,Technology,Computer Software: Prepackaged Software
BESVF,BE Semiconductor Industries N.V.,-6.85,-8.17,0,2,93,Technology,Semiconductor Equipment & Materials
ANPDY,ANTA Sports Products Limited,2.27,0.3,61,64,17,Consumer Cyclical,Leisure
YZCAY,Yankuang Energy Group Company Limited,1.16,-25.69,11,17,47,Energy,Thermal Coal
FTAIM,FTAI Aviation Ltd.,-0.07,1.61,28,53,39,Industrials,Misc Corporate Leasing Services
VWSYF,Vestas Wind Systems A/S,-1.1,7.25,83,81,72,Industrials,Specialty Industrial Machinery
ANPDF,ANTA Sports Products Limited,0.0,-7.51,0,0,14,Consumer Cyclical,Leisure
P,"Everpure, Inc.",6.9,-0.99,85,100,64,Technology,Electronic Components
WNGRF,George Weston Limited,-2.91,-3.73,0,0,40,Consumer Defensive,Grocery Stores
ZTCOF,ZTE Corporation,0.0,0.0,5,39,56,Technology,Communication Equipment
MTSFF,"Mitsui Fudosan Co., Ltd.",0.0,5.74,36,45,17,Real Estate,Real Estate - Diversified
GELHY,Geely Automobile Holdings Limited,7.7,2.8,59,71,29,Consumer Cyclical,Auto Manufacturers
NVZMF,Novozymes A/S,-4.71,7.03,55,56,33,Basic Materials,Specialty Chemicals
ALPMY,Astellas Pharma Inc.,2.26,0.44,76,77,44,Healthcare,Drug Manufacturers - General
FQVLF,First Quantum Minerals Ltd.,0.29,-16.27,18,24,64,Basic Materials,Copper
CAJPY,Canon Inc.,3.06,-2.64,54,62,24,Technology,Computer Hardware
LNDMY,Lundin Mining Corporation,0.0,-18.27,1,12,12,Basic Materials,Copper
FOXA,Fox Corporation,-1.08,-14.75,29,33,22,Industrials,Broadcasting
PHG,Koninklijke Philips N.V.,1.51,8.35,100,100,50,Health Care,Medical Electronics
NTOIF,Neste Oyj,0.0,-9.32,20,31,88,Energy,Oil & Gas Refining & Marketing
NTOIY,Neste Oyj,-0.19,-6.76,32,45,86,Energy,Oil & Gas Refining & Marketing
EXXRF,Exor N.V.,1.55,4.04,95,100,22,Industrials,Farm & Heavy Construction Machinery
BKRKY,PT Bank Rakyat Indonesia (Persero) Tbk,5.77,0.0,38,45,9,Financial Services,Banks - Regional
AVVIY,AVVIY,2.19,11.57,100,100,47,Financial Services,Insurance - Diversified
AFRM,"Affirm Holdings, Inc.",1.42,24.86,100,100,85,Finance,Finance: Consumer Services
SFHOY,SFHOY,1.57,-0.5,59,65,15,Industrials,Integrated Freight & Logistics
PUBGY,Publicis Groupe S.A.,1.4,-0.42,39,64,50,Communication Services,Advertising Agencies
THNBY,THNBY,-6.04,131.32,76,77,98,Unknown,Unknown
NHYKF,Norsk Hydro ASA,2.51,-30.36,4,4,55,Basic Materials,Aluminum
SZKMY,Suzuki Motor Corporation,3.89,14.41,100,100,42,Consumer Cyclical,Auto Manufacturers
AIBRF,AIB Group plc,1.65,-0.51,33,49,69,Financial Services,Banks - Regional
AONNY,"Aeon Co., Ltd.",6.92,8.08,86,85,6,Consumer Cyclical,Department Stores
HXGBF,Hexagon AB (publ),2.37,-9.16,31,41,10,Technology,Scientific & Technical Instruments
FUJIF,FUJIFILM Holdings Corporation,7.01,7.01,100,100,48,Industrials,Conglomerates
FMX,"Fomento Económico Mexicano, S.A.B. de C.V.",0.73,6.3,66,83,72,Consumer Staples,Beverages (Production/Distribution)
WRTBY,Wärtsilä Oyj Abp,0.28,-13.95,0,0,55,Industrials,Specialty Industrial Machinery
BG,Bunge Global SA,2.18,-15.95,11,14,55,Consumer Staples,Packaged Foods
ATI,ATI Inc.,2.11,6.05,44,50,92,Industrials,Steel/Iron Ore
MTD,Mettler-Toledo International Inc.,-0.98,9.75,86,85,36,Industrials,Biotechnology: Laboratory Analytical Instruments
BNNCY,Banco BPM S.p.A.,0.0,9.88,61,71,67,Financial Services,Banks - Regional
CPAY,"Corpay, Inc.",1.16,-0.18,72,76,63,Consumer Discretionary,Business Services
WTW,Willis Towers Watson Public Limited Company,0.5,11.65,97,94,24,Finance,Specialty Insurers
NXT,Nextpower Inc.,1.94,-23.48,20,22,80,Industrials,Industrial Machinery/Components
LSRCF,Lasertec Corporation,-8.33,217.05,86,87,99,Technology,Semiconductor Equipment & Materials
SOFI,"SoFi Technologies, Inc.",2.03,8.51,100,100,28,Finance,Finance: Consumer Services
NRSCF,"Nomura Holdings, Inc.",0.0,4.14,58,74,63,Financial Services,Capital Markets
AER,AerCap Holdings N.V.,3.79,12.47,99,100,62,Consumer Discretionary,Diversified Commercial Services
INSM,Insmed Incorporated,-0.05,6.31,94,92,9,Health Care,Biotechnology: Pharmaceutical Preparations
ALFVY,Alfa Laval AB (publ),1.34,4.51,100,99,71,Industrials,Specialty Industrial Machinery
SZKMF,Suzuki Motor Corporation,1.1,10.06,100,97,36,Consumer Cyclical,Auto Manufacturers
CJPRF,Central Japan Railway Company,0.0,0.0,32,59,97,Industrials,Railroads
IHG,InterContinental Hotels Group PLC,-2.07,3.68,6,19,76,Consumer Discretionary,Hotels/Resorts
WRTBF,Wärtsilä Oyj Abp,-2.77,-3.71,0,20,71,Industrials,Specialty Industrial Machinery
HPGLY,Hapag-Lloyd Aktiengesellschaft,-4.81,-6.54,0,15,26,Industrials,Marine Shipping
AKRBY,Aker BP ASA,-4.29,-23.68,0,0,40,Energy,Oil & Gas E&P
FCNCN,"First Citizens BancShares, Inc. Depositary Shares, each representing a 1/40th interest in a share of 6.625% Non-Cumulative Perpetual Preferred Stock, Series E",-0.16,1.39,62,71,42,Finance,Major Banks
IREN,IREN Limited,13.11,-29.02,22,22,86,Technology,EDP Services
CLLNY,"Cellnex Telecom, S.A.",-1.08,-9.25,4,9,15,Real Estate,Real Estate Services
ZS,"Zscaler, Inc.",2.1,11.21,100,100,8,Technology,EDP Services
SGSOY,SGSOY,0.6,4.34,90,91,57,Industrials,Consulting Services
CMS,CMS Energy Corporation,-1.85,8.43,45,52,42,Utilities,Power Generation
CAOVF,China Overseas Land & Investment Limited,0.0,0.0,5,39,82,Real Estate,Real Estate - Development
TRUMF,Terumo Corporation,0.0,-3.9,6,12,21,Healthcare,Medical Instruments & Supplies
NNGPF,NN Group N.V.,0.0,-1.18,40,51,67,Financial Services,Insurance - Diversified
EMBVF,"Arca Continental, S.A.B. de C.V.",-0.08,-5.0,4,38,47,Consumer Defensive,Beverages - Non-Alcoholic
BDRXF,Bombardier Inc.,-1.14,24.95,89,88,41,Industrials,Aerospace & Defense
FUWAF,"Furukawa Electric Co., Ltd.",0.0,-92.23,0,0,1,Industrials,Electrical Equipment & Parts
NI,NiSource Inc.,-1.61,2.62,9,22,49,Utilities,Power Generation
IPOAF,"Industrias Peñoles, S.A.B. de C.V.",-6.2,-16.34,10,19,51,Basic Materials,Other Industrial Metals & Mining
BDRAF,Bombardier Inc.,5.0,3.96,100,100,90,Industrials,Aerospace & Defense
LPLA,LPL Financial Holdings Inc.,3.24,4.42,87,99,25,Finance,Investment Bankers/Brokers/Service
CAOVY,China Overseas Land & Investment Limited,-1.62,-22.33,0,0,27,Real Estate,Real Estate - Development
PPERF,PT Bank Mandiri (Persero) Tbk,0.0,17.97,82,87,7,Financial Services,Banks - Regional
FFIV,"F5, Inc.",2.67,2.54,79,92,84,Telecommunications,Computer Communications Equipment
DGX,Quest Diagnostics Incorporated,-1.05,8.84,81,82,60,Health Care,Medical Specialities
SW,Smurfit Westrock Plc,-0.63,7.95,65,67,55,Consumer Discretionary,Containers/Packaging
VIV,Telefônica Brasil S.A.,1.66,2.57,70,82,43,Telecommunications,Telecommunications Equipment
LH,Labcorp Holdings Inc.,-0.9,8.97,84,84,45,Health Care,Medical Specialities
SHWDY,Resonac Holdings Corporation,-3.56,-4.2,23,32,97,Basic Materials,Chemicals
VONOY,Vonovia SE,0.0,8.0,92,88,25,Real Estate,Real Estate Services
FOJCF,Fortum Oyj,0.0,-3.23,16,27,51,Utilities,Utilities - Renewable
NXGPF,NEXT plc,0.0,12.23,84,88,54,Consumer Cyclical,Apparel Retail
SNX,TD SYNNEX Corporation,-2.34,-13.92,0,0,86,Technology,Retail: Computer Software & Peripheral Equipment
FOJCY,Fortum Oyj,2.89,-2.07,28,30,49,Utilities,Utilities - Renewable
CCHGY,Coca-Cola HBC AG,-1.44,18.59,85,82,78,Consumer Defensive,Beverages - Non-Alcoholic
WWD,"Woodward, Inc.",1.31,17.52,72,77,83,Energy,Industrial Machinery/Components
ALB,Albemarle Corporation,-1.3,-19.02,5,10,67,Industrials,Major Chemicals
EXPD,"Expeditors International of Washington, Inc.",-1.12,3.48,39,57,69,Industrials,Integrated Freight & Logistics
AS,"Amer Sports, Inc.",-0.6,1.01,33,59,32,Consumer Discretionary,Apparel
TLSNF,Telia Company AB (publ),0.0,-14.02,0,0,49,Communication Services,Telecom Services
TLSNY,Telia Company AB (publ),-1.6,-11.18,0,0,48,Communication Services,Telecom Services
BURL,"Burlington Stores, Inc.",-0.26,-2.98,0,4,51,Consumer Discretionary,Department/Specialty Retail Stores
KUBTY,Kubota Corporation,3.14,-5.53,48,56,72,Industrials,Farm & Heavy Construction Machinery
ELCPF,"EDP, S.A.",0.0,7.61,76,85,51,Utilities,Utilities - Diversified
VLTO,Veralto Corporation,-0.08,9.29,92,90,28,Industrials,Electrical Products
LSCC,Lattice Semiconductor Corporation,0.57,-9.62,0,0,93,Technology,Semiconductors
BSBR,Banco Santander (Brasil) S.A.,1.93,-1.12,22,49,23,Finance,Commercial Banks
ULS,UL Solutions Inc.,-7.96,-10.01,0,10,59,Health Care,Precision Instruments
LGGNY,Legal & General Group Plc,1.47,7.89,100,100,72,Financial Services,Asset Management
CDE,"Coeur Mining, Inc.",-1.79,-8.06,38,43,51,Basic Materials,Precious Metals
LGGNF,Legal & General Group Plc,1.39,2.81,31,34,47,Financial Services,Asset Management
FYGGY,"Fuyao Glass Industry Group Co., Ltd.",3.41,-4.57,44,54,20,Consumer Cyclical,Auto Parts
DD,"DuPont de Nemours, Inc.",0.81,-1.33,43,65,72,Industrials,Major Chemicals
RBA,"RB Global, Inc.",1.13,8.11,62,69,53,Consumer Discretionary,Business Services
CXMSF,"CEMEX, S.A.B. de C.V.",0.0,-7.69,43,44,70,Basic Materials,Building Materials
JMHLY,Jardine Matheson Holdings Limited,2.16,-0.51,31,57,32,Industrials,Conglomerates
KNRRY,Knorr-Bremse AG,2.32,6.95,100,100,65,Consumer Cyclical,Auto Parts
IFF,International Flavors & Fragrances Inc.,-1.26,13.63,84,81,66,Industrials,Major Chemicals
SAUHY,Straumann Holding AG,3.29,12.49,100,100,67,Healthcare,Medical Instruments & Supplies
SNA,Snap-on Incorporated,0.37,9.16,93,90,66,Consumer Discretionary,Industrial Machinery/Components
HLDCY,Henderson Land Development Company Limited,1.6,-11.25,15,29,20,Real Estate,Real Estate - Diversified
WSPOF,WSP Global Inc.,1.33,-6.81,23,37,5,Industrials,Engineering & Construction
NPSCY,Nippon Steel Corporation,3.21,2.91,71,92,8,Basic Materials,Steel
BCH,Banco de Chile,1.68,7.95,77,92,68,Finance,Commercial Banks
NATKY,National Atomic Company Kazatomprom JSC,0.0,-6.33,28,41,60,Energy,Uranium
IVBXF,"Innovent Biologics, Inc.",0.0,10.44,100,100,33,Healthcare,Biotechnology
KGHPF,KGHM Polska Miedz S.A.,0.0,-4.74,1,16,90,Basic Materials,Copper
CABGY,Carlsberg A/S,1.63,13.17,100,100,56,Consumer Defensive,Beverages - Brewers
GXYEF,Galaxy Entertainment Group Limited,4.1,-2.87,52,59,14,Consumer Cyclical,Resorts & Casinos
ARXS,"Arxis, Inc.",3.8,11.15,96,100,66,Industrials,Military/Government/Technical
WLMIF,Wilmar International Limited,0.0,4.51,23,34,52,Consumer Defensive,Packaged Foods
HALFF,HAL Trust,0.0,-5.75,18,34,55,Financial Services,Asset Management
CIB,Grupo Cibest S.A.,2.21,13.71,94,100,83,Finance,Commercial Banks
TIIAY,Telecom Italia S.p.A.,-2.14,7.31,22,22,88,Communication Services,Telecom Services
GIS,"General Mills, Inc.",-3.86,12.17,56,64,13,Consumer Staples,Packaged Foods
KAJMY,Kajima Corporation,-0.8,16.8,76,82,66,Industrials,Engineering & Construction
VDMCY,Vodacom Group Limited,1.18,3.08,100,97,62,Communication Services,Telecom Services
AMCR,Amcor plc,-0.84,18.54,89,86,48,Consumer Discretionary,Miscellaneous manufacturing industries
APG,APi Group Corporation,2.02,1.01,41,56,56,Consumer Discretionary,Engineering & Construction
DNGFF,Dongfang Electric Corporation Limited,0.0,-14.37,44,47,94,Industrials,Specialty Industrial Machinery
BR,"Broadridge Financial Solutions, Inc.",0.57,-5.42,46,54,6,Consumer Discretionary,Business Services
UFGSY,Unipol Assicurazioni S.p.A.,4.89,16.26,93,100,86,Financial Services,Insurance - Property & Casualty
PL,Planet Labs PBC,-1.66,-29.11,49,53,95,Technology,Radio And Television Broadcasting And Communications Equipment
SOAGY,Sartorius Aktiengesellschaft,-1.02,-9.32,45,56,37,Healthcare,Medical Instruments & Supplies
WY,Weyerhaeuser Company,-1.64,-4.45,0,0,28,Real Estate,Real Estate Investment Trusts
SIELF,"Shanghai Electric Group Co., Ltd.",0.0,2.96,66,89,72,Industrials,Specialty Industrial Machinery
BDNNY,Boliden AB (publ),1.02,-9.15,16,15,70,Basic Materials,Other Industrial Metals & Mining
WLMIY,Wilmar International Limited,0.91,6.08,81,92,61,Consumer Defensive,Packaged Foods
ESS,"Essex Property Trust, Inc.",-0.11,5.63,87,88,61,Real Estate,Real Estate Investment Trusts
GXYYY,Galaxy Entertainment Group Limited,2.75,-4.33,27,43,11,Consumer Cyclical,Resorts & Casinos
ITT,ITT Inc.,1.75,-1.46,10,22,44,Industrials,Fluid Controls
KAOOY,Kao Corporation,0.89,12.25,68,77,33,Consumer Defensive,Household & Personal Products
WXIBF,WuXi Biologics (Cayman) Inc.,17.0,6.36,100,100,51,Healthcare,Biotechnology
AARTY,Airtel Africa Plc,0.0,-6.14,3,25,92,Communication Services,Telecom Services
BKZHY,Erste Bank Polska S.A.,0.0,18.37,100,100,86,Unknown,Unknown
AAFRF,Airtel Africa Plc,3.39,4.28,23,35,68,Communication Services,Telecom Services
GH,"Guardant Health, Inc.",0.5,26.88,93,96,96,Health Care,Medical Specialities
YAHOF,LY Corporation,0.0,4.81,66,79,26,Consumer Cyclical,Internet Retail
H,H,1.15,2.3,9,27,77,Consumer Discretionary,Hotels/Resorts
JBARF,Julius Bär Gruppe AG,3.66,14.14,100,100,77,Financial Services,Asset Management
KGSPF,Kingspan Group plc,0.0,0.81,13,27,40,Industrials,Building Products & Equipment
WES,"Western Midstream Partners, LP",0.05,-3.1,20,41,58,Utilities,Natural Gas Distribution
CLPXY,China Longyuan Power Group Corporation Limited,13.3,-20.36,28,27,6,Utilities,Utilities - Renewable
EWBC,"East West Bancorp, Inc.",1.79,5.11,57,79,69,Finance,Major Banks
SINGY,Singapore Airlines Limited,0.25,8.25,81,88,60,Industrials,Airlines
ZTO,ZTO Express (Cayman) Inc.,-0.22,2.31,77,80,51,Industrials,Trucking Freight/Courier Services
SGIOF,"Shionogi & Co., Ltd.",-0.14,12.34,59,66,33,Healthcare,Drug Manufacturers - Specialty & Generic
SGIOY,"Shionogi & Co., Ltd.",3.82,1.59,83,95,23,Healthcare,Drug Manufacturers - Specialty & Generic
KGSPY,Kingspan Group plc,1.97,-1.96,23,32,49,Industrials,Building Products & Equipment
BBY,"Best Buy Co., Inc.",0.01,11.34,74,79,61,Consumer Discretionary,Consumer Electronics/Video Chains
SINGF,Singapore Airlines Limited,-3.51,3.97,50,57,51,Industrials,Airlines
GNRC,Generac Holdings Inc.,2.04,-7.31,18,17,88,Consumer Discretionary,Metal Fabrications
CG,The Carlyle Group Inc.,2.83,1.17,50,60,13,Finance,Investment Managers
EUXTF,Euronext N.V.,7.74,2.81,64,68,46,Financial Services,Financial Data & Stock Exchanges
AGESY,ageas SA/NV,0.41,9.56,84,89,56,Financial Services,Insurance - Diversified
XPNGF,XPeng Inc.,0.0,-23.62,1,9,4,Consumer Cyclical,Auto Manufacturers
RBRK,RBRK,4.45,13.45,100,100,78,Technology,Computer Software: Prepackaged Software
KONMY,Konami Group Corporation,0.0,-10.87,0,2,10,Communication Services,Electronic Gaming & Multimedia
LDOS,"Leidos Holdings, Inc.",-0.11,-12.42,28,31,3,Technology,EDP Services
CDW,CDW Corporation,0.61,-3.77,56,71,28,Technology,Retail: Computer Software & Peripheral Equipment
NDSN,Nordson Corporation,1.13,2.8,28,41,68,Industrials,Industrial Machinery/Components
NVMI,Nova Ltd.,-0.75,-10.33,0,0,78,Technology,Electronic Components
ZBH,"Zimmer Biomet Holdings, Inc.",2.62,3.82,45,52,30,Health Care,Industrial Specialties
SONVF,Sonova Holding AG,2.08,-6.51,52,54,38,Healthcare,Medical Devices
BOLSY,"B3 S.A. - Brasil, Bolsa, Balcão",2.23,-5.91,33,48,31,Financial Services,Financial Data & Stock Exchanges
WOLTF,Wolters Kluwer N.V.,-9.77,-10.49,0,0,3,Industrials,Specialty Business Services
AGESF,ageas SA/NV,0.0,-0.15,2,37,52,Financial Services,Insurance - Diversified
CVCCF,CVC Capital Partners plc,0.0,-6.79,2,24,26,Financial Services,Asset Management
JDHIY,JD Health International Inc.,0.0,-12.76,32,39,4,Healthcare,Pharmaceutical Retailers
LULU,lululemon athletica inc.,-2.36,-7.43,51,59,3,Consumer Discretionary,Apparel
GLPEF,"Galp Energia, SGPS, S.A.",1.5,-5.71,48,52,49,Energy,Oil & Gas Integrated
KAEPF,"The Kansai Electric Power Company, Incorporated",0.0,-1.32,0,24,28,Utilities,Utilities - Renewable
LTM,LTM,1.79,15.55,76,79,68,Consumer Discretionary,Air Freight/Delivery Services
NPPHY,"Nippon Paint Holdings Co., Ltd.",-11.41,-7.43,8,15,18,Basic Materials,Specialty Chemicals
SOUHY,South32 Limited,2.94,-13.74,39,46,70,Basic Materials,Other Industrial Metals & Mining
WSE,Wise Group plc,1.47,18.81,100,100,14,Industrials,Diversified Commercial Services
PZAKY,Powszechny Zaklad Ubezpieczen SA,5.97,9.84,42,47,69,Financial Services,Insurance - Property & Casualty
SUI,"Sun Communities, Inc.",-1.17,0.51,34,46,30,Real Estate,Real Estate Investment Trusts
BKNIY,"Bankinter, S.A.",-0.23,7.36,84,84,58,Financial Services,Banks - Regional
EDVMF,Endeavour Mining plc,1.84,-6.82,39,50,60,Basic Materials,Gold
TOST,"Toast, Inc.",2.29,16.89,100,100,21,Technology,EDP Services
MAA,"Mid-America Apartment Communities, Inc.",-1.0,2.85,63,69,46,Real Estate,Real Estate Investment Trusts
BKIMF,"Bankinter, S.A.",0.0,0.0,5,39,56,Financial Services,Banks - Regional
WSO,"Watsco, Inc.",-1.4,8.13,45,54,43,Consumer Discretionary,Industrial Machinery/Components
ENLT,Enlight Renewable Energy Ltd,5.66,-6.3,40,43,95,Utilities,Electric Utilities: Central
EVVTY,Evolution AB (publ),-2.01,-9.16,0,10,29,Consumer Cyclical,Gambling
SGI,Somnigroup International Inc.,-0.29,12.31,80,86,36,Consumer Discretionary,Home Furnishings
BMBOY,"Grupo Bimbo, S.A.B. de C.V.",0.7,-1.92,9,35,35,Consumer Defensive,Packaged Foods
MPFRF,"Mapfre, S.A.",0.0,0.0,5,39,68,Financial Services,Insurance - Diversified
BSAC,Banco Santander-Chile,1.84,8.62,90,100,64,Finance,Commercial Banks
NCBDY,BANDAI NAMCO Holdings Inc.,2.65,6.22,100,100,16,Consumer Cyclical,Leisure
KPCPY,Kasikornbank Public Company Limited,-1.66,9.08,84,81,79,Financial Services,Banks - Regional
LFCBY,Lifco AB (publ),0.0,5.6,44,65,33,Industrials,Conglomerates
COVTY,Covestro AG,-0.54,0.06,29,41,31,Basic Materials,Specialty Chemicals
SNLAY,Sino Land Company Limited,-6.49,-16.92,28,33,39,Real Estate,Real Estate - Development
AUR,"Aurora Innovation, Inc.",2.41,-0.73,68,75,88,Technology,EDP Services
KPELF,Keppel Ltd.,7.55,7.55,100,100,71,Industrials,Conglomerates
CRERF,Carrefour SA,0.0,6.5,68,69,71,Consumer Defensive,Grocery Stores
MPFRY,"Mapfre, S.A.",0.0,14.16,89,89,60,Financial Services,Insurance - Diversified
OBYCF,Obayashi Corporation,1.63,4.51,74,84,1,Industrials,Engineering & Construction
SWGAY,The Swatch Group AG,1.08,-7.92,2,19,71,Consumer Cyclical,Luxury Goods
REG,Regency Centers Corporation,-1.38,5.1,36,55,53,Real Estate,Real Estate Investment Trusts
J,Jacobs Solutions Inc.,0.85,4.38,94,94,29,Industrials,Military/Government/Technical
CHKP,Check Point Software Technologies Ltd.,1.68,1.77,100,98,9,Technology,Computer Software: Prepackaged Software
ARMK,Aramark,-0.52,4.99,57,74,82,Consumer Discretionary,Restaurants
ASND,Ascendis Pharma A/S,-2.4,22.43,87,85,75,Health Care,Biotechnology: Pharmaceutical Preparations
WCPRF,Whitecap Resources Inc.,-0.97,-17.46,0,0,67,Energy,Oil & Gas E&P
CLPBY,Coloplast A/S,0.83,1.5,71,77,8,Healthcare,Medical Instruments & Supplies
CJEWY,Chow Tai Fook Jewellery Group Limited,16.76,4.64,100,100,23,Consumer Cyclical,Luxury Goods
KNBWY,"Kirin Holdings Company, Limited",1.38,6.42,52,66,59,Consumer Defensive,Beverages - Brewers
NTNX,"Nutanix, Inc.",2.22,-4.64,70,72,32,Technology,Computer Software: Prepackaged Software
AKESF,"Akeso, Inc.",7.3,-16.34,56,68,8,Healthcare,Biotechnology
PTAIF,PT Astra International Tbk,0.0,-13.34,0,0,4,Industrials,Conglomerates
XJNGF,"Goldwind Science&Technology Co., Ltd.",0.0,-31.4,0,0,9,Industrials,Specialty Industrial Machinery
KRYAY,Kerry Group plc,-0.7,13.91,87,86,50,Consumer Defensive,Packaged Foods
OGFGF,Origin Energy Limited,0.0,-8.08,0,0,21,Utilities,Utilities - Diversified
AMIGY,AMIGY,-0.61,9.95,77,84,57,Financial Services,Insurance - Property & Casualty
SEGXF,SEGRO Plc,0.0,14.89,74,80,75,Real Estate,REIT - Industrial
RPM,RPM International Inc.,-1.16,5.91,40,51,43,Consumer Discretionary,Paints/Coatings
APLD,Applied Digital Corporation,1.33,-24.12,1,0,91,Finance,Finance: Consumer Services
SKHSY,"Sekisui House, Ltd.",2.4,5.23,100,100,29,Consumer Cyclical,Residential Construction
FIG,"Figma, Inc.",-1.22,-6.35,77,77,3,Technology,Computer Software: Prepackaged Software
UUGWF,United Utilities Group PLC,0.0,-4.67,2,23,40,Utilities,Utilities - Regulated Water
RRX,Regal Rexnord Corporation,-0.25,2.06,32,37,82,Consumer Discretionary,Metal Fabrications
OSCUF,"Japan Exchange Group, Inc.",0.0,0.37,52,58,56,Financial Services,Financial Data & Stock Exchanges
RYKKF,"Ryohin Keikaku Co., Ltd.",0.0,-12.0,2,27,98,Consumer Cyclical,Department Stores
AEOXF,Aeroports de Paris SA,-1.56,4.12,72,82,45,Industrials,Airports & Air Services
NPNYY,Nippon Yusen Kabushiki Kaisha,2.17,-2.8,25,32,22,Industrials,Marine Shipping
SUN,Sunoco LP,-1.05,0.43,68,78,70,Energy,Integrated oil Companies
DSECF,Daiwa Securities Group Inc.,0.0,-0.92,5,39,72,Financial Services,Capital Markets
IGIFF,IGM Financial Inc.,0.23,-2.61,25,38,83,Financial Services,Asset Management
EVR,Evercore Inc.,3.75,2.51,42,57,58,Finance,Investment Managers
RGA,"Reinsurance Group of America, Incorporated",1.39,13.19,100,100,55,Finance,Life Insurance
ALLY,Ally Financial Inc.,2.01,9.01,56,63,59,Finance,Major Banks
DELHY,Delivery Hero SE,0.48,-4.58,32,37,92,Consumer Cyclical,Internet Retail
SCRNY,"SCREEN Holdings Co., Ltd.",0.0,21.55,90,96,79,Technology,Semiconductor Equipment & Materials
BBIO,"BridgeBio Pharma, Inc.",0.73,15.48,99,96,74,Health Care,Biotechnology: Pharmaceutical Preparations
ACCYY,Accor SA,-1.46,6.89,62,72,55,Consumer Cyclical,Lodging
GWRE,"Guidewire Software, Inc.",2.32,-8.98,96,95,6,Technology,Computer Software: Prepackaged Software
ATZAF,Aritzia Inc.,-2.12,-8.66,0,0,87,Consumer Cyclical,Apparel Retail
SWRAY,Swire Pacific Limited,1.82,-1.67,24,55,60,Industrials,Conglomerates
EG,"Everest Group, Ltd.",0.43,17.42,96,92,54,Finance,Property-Casualty Insurers
ERFSF,Eurofins Scientific SE,3.86,4.29,85,91,47,Healthcare,Diagnostics & Research
IMPUY,Impala Platinum Holdings Limited,6.09,-14.88,26,33,15,Basic Materials,Other Precious Metals & Mining
MKC,"McCormick & Company, Incorporated",-2.25,12.07,79,79,17,Consumer Staples,Packaged Foods
AETUF,ARC Resources Ltd.,-0.09,-7.41,7,15,49,Energy,Oil & Gas E&P
ROHCF,"ROHM Co., Ltd.",0.0,-8.22,3,19,95,Technology,Semiconductors
SNNUF,Smith & Nephew plc,0.0,-12.14,0,8,11,Healthcare,Medical Devices
CNH,CNH Industrial N.V.,1.4,0.18,49,60,37,Industrials,Construction/Ag Equipment/Trucks
IONS,"Ionis Pharmaceuticals, Inc.",1.69,10.71,95,100,75,Health Care,Biotechnology: Pharmaceutical Preparations
RXEEY,Rexel S.A.,1.53,2.61,87,100,73,Technology,Electronics & Computer Distribution
DPMAY,Diploma PLC,-0.59,-1.3,27,48,74,Industrials,Industrial Distribution
SAIA,"Saia, Inc.",0.29,-11.36,0,6,75,Industrials,Trucking Freight/Courier Services
JPXGY,"Japan Exchange Group, Inc.",2.97,5.55,64,84,68,Financial Services,Financial Data & Stock Exchanges
PEN,"Penumbra, Inc.",-0.11,-0.75,5,37,50,Health Care,Medical/Dental Instruments
MSLOY,"Mitsui O.S.K. Lines, Ltd.",3.33,-5.41,24,28,26,Industrials,Marine Shipping
RCDTF,Recordati Industria Chimica e Farmaceutica S.p.A.,0.0,-3.33,4,37,27,Healthcare,Drug Manufacturers - General
OLYMY,Olympus Corporation,1.97,-8.04,50,52,30,Healthcare,Medical Devices
SAPIF,Saputo Inc.,0.35,-5.01,0,26,50,Consumer Defensive,Packaged Foods
KNX,Knight-Swift Transportation Holdings Inc.,-2.02,-4.54,6,22,87,Industrials,Trucking Freight/Courier Services
CCRDF,"Yokohama Financial Group, Inc.",0.0,-3.27,27,59,1,Financial Services,Banks - Regional
NYT,The New York Times Company,-0.79,-2.63,37,45,47,Consumer Discretionary,Newspapers/Magazines
HII,"Huntington Ingalls Industries, Inc.",0.89,-0.15,50,68,22,Industrials,Marine Transportation
YASKF,YASKAWA Electric Corporation,0.0,-3.34,0,0,92,Industrials,Electrical Equipment & Parts
ATGAF,ATGAF,0.0,2.03,61,87,56,Energy,Oil & Gas Midstream
GFL,GFL Environmental Inc.,8.03,13.1,100,100,18,Utilities,Environmental Services
DLAKF,Deutsche Lufthansa AG,3.98,17.11,100,100,80,Industrials,Airlines
CPYYF,Centrica plc,0.0,-8.33,0,13,25,Utilities,Utilities - Independent Power Producers
ELS,"Equity LifeStyle Properties, Inc.",-1.92,6.03,61,68,44,Real Estate,Real Estate Investment Trusts
BTSG,"BrightSpring Health Services, Inc.",2.22,22.93,94,100,95,Health Care,Medical/Nursing Services
AGNC,AGNC Investment Corp.,1.55,9.75,100,100,65,Real Estate,Real Estate Investment Trusts
AGNCN,AGNC Investment Corp.,0.33,1.25,23,47,44,Real Estate,Real Estate Investment Trusts
AGNCL,AGNCL,-0.15,1.01,26,51,43,Real Estate,Real Estate Investment Trusts
SVTRF,Severn Trent PLC,0.0,-1.11,5,39,31,Utilities,Utilities - Regulated Water
PAC,"Grupo Aeroportuario del Pacífico, S.A.B. de C.V.",0.28,6.17,81,86,39,Consumer Discretionary,Aerospace
GL,Globe Life Inc.,-1.77,14.9,70,75,76,Finance,Life Insurance
TXRH,"Texas Roadhouse, Inc.",-4.26,15.32,53,60,52,Consumer Discretionary,Restaurants
LFUS,"Littelfuse, Inc.",0.85,-12.12,0,0,87,Energy,Electrical Products
WSOUF,WHSP Holdings Limited,0.0,0.34,40,63,77,Financial Services,Capital Markets
SCAFF,SCAFF,13.12,-6.18,32,36,90,,
HKTTY,HKT Trust and HKT Limited,0.0,1.54,0,0,38,Communication Services,Telecom Services
GRPTF,Getlink SE,0.0,0.0,5,39,49,Industrials,Railroads
ISMAY,"Indra Sistemas, S.A.",2.93,-5.29,46,53,62,Technology,Information Technology Services
RVTY,"Revvity, Inc.",-0.71,10.3,79,86,67,Industrials,Biotechnology: Laboratory Analytical Instruments
OKLO,Oklo Inc.,-0.99,-20.72,3,8,15,Utilities,Electric Utilities: Central
MHGVY,Mowi ASA,0.9,-9.16,25,34,16,Consumer Defensive,Farm Products
MINBY,MINEBEA MITSUMI Inc.,-3.46,-14.67,13,22,92,Technology,Electronic Components
AMH,American Homes 4 Rent,-0.94,3.58,58,71,49,Real Estate,Real Estate Investment Trusts
GLXY,Galaxy Digital,3.29,-10.59,6,5,62,Finance,Investment Bankers/Brokers/Service
FMS,Fresenius Medical Care AG,0.34,7.66,63,71,34,Health Care,Misc Health and Biotechnology Services
AAON,"AAON, Inc.",1.61,-23.82,3,1,79,Industrials,Industrial Machinery/Components
NRXXY,Nordex SE,0.0,8.37,48,54,90,Industrials,Specialty Industrial Machinery
LPGCY,LPGCY,0.0,-28.81,11,13,2,Consumer Cyclical,Luxury Goods
GOFPY,Allwyn AG,0.37,2.69,63,80,13,Consumer Cyclical,Gambling
PTAIY,PT Astra International Tbk,3.12,-2.94,30,45,9,Industrials,Conglomerates
SBMFF,Sino Biopharmaceutical Limited,0.0,-6.32,0,7,6,Healthcare,Biotechnology
GIL,Gildan Activewear Inc.,0.56,-10.51,11,17,24,Consumer Discretionary,Apparel
PINS,"Pinterest, Inc.",0.82,3.06,88,87,23,Technology,Computer Software: Programming Data Processing
ALLE,Allegion plc,-0.31,7.95,73,81,23,Consumer Discretionary,Diversified Commercial Services
WLK,Westlake Corporation,0.04,-12.26,8,16,13,Industrials,Major Chemicals
YSHLF,Yangzijiang Shipbuilding (Holdings) Ltd.,0.0,2.66,67,77,46,Industrials,Aerospace & Defense
AR,Antero Resources Corporation,-1.98,-6.52,35,47,23,Energy,Oil & Gas Production
NGKIF,NGK Corporation,0.0,17.25,67,73,96,Industrials,Specialty Industrial Machinery
TKGBY,Turkiye Garanti Bankasi A.S.,-2.32,5.36,35,36,26,Financial Services,Banks - Regional
SJM,The J. M. Smucker Company,-3.97,10.42,45,46,57,Consumer Staples,Packaged Foods
IKTSY,Intertek Group plc,2.01,8.82,93,100,83,Industrials,Specialty Business Services
ARWR,"Arrowhead Pharmaceuticals, Inc.",3.05,15.15,100,100,96,Health Care,Biotechnology: Pharmaceutical Preparations
FUJHY,Subaru Corporation,3.23,3.63,86,86,19,Consumer Cyclical,Auto Manufacturers
ASEKY,Aisin Corporation,0.0,-5.22,0,10,14,Consumer Cyclical,Auto Parts
BJ,"BJ's Wholesale Club Holdings, Inc.",-1.85,-0.98,26,38,20,Consumer Discretionary,Department/Specialty Retail Stores
NEXOY,"NEXON Co., Ltd.",3.62,3.55,100,100,6,Communication Services,Electronic Gaming & Multimedia
SPXC,"SPX Technologies, Inc.",1.95,-1.67,12,10,68,Industrials,Industrial Machinery/Components
FRVO,Fervo Energy Company,0.32,-28.26,0,0,8,Utilities,Electric Utilities: Central
IDKOY,"Idemitsu Kosan Co.,Ltd.",2.2,-12.9,24,26,27,Energy,Oil & Gas Refining & Marketing
EQX,Equinox Gold Corp.,1.68,-10.35,36,42,30,Basic Materials,Precious Metals
PLCQF,PLCQF,0.8,151.14,86,82,96,Unknown,Unknown
PUGBY,PUGBY,-3.83,6.49,45,50,42,Consumer Defensive,Household & Personal Products
CR,Crane Company,1.11,16.83,76,83,70,Industrials,Metal Fabrications
IAG,IAMGOLD Corporation,0.0,-3.66,42,44,71,Basic Materials,Precious Metals
WYNN,"Wynn Resorts, Limited",-0.02,-7.44,0,4,15,Consumer Discretionary,Hotels/Resorts
TSGTF,Tsingtao Brewery Company Limited,0.18,-9.05,27,34,18,Consumer Defensive,Beverages - Brewers
AES,The AES Corporation,-0.07,-1.09,0,30,49,Utilities,Electric Utilities: Central
RKUNF,"Rakuten Group, Inc.",-0.21,-1.27,70,73,20,Consumer Cyclical,Internet Retail
AG,First Majestic Silver Corp.,-2.86,-12.44,31,33,67,Basic Materials,Precious Metals
ASMVY,ASMPT Limited,1.87,6.79,30,34,96,Technology,Semiconductor Equipment & Materials
AVAV,"AeroVironment, Inc.",-7.36,-13.48,70,70,8,Industrials,Aerospace
ESI,Element Solutions Inc,-3.02,0.74,18,23,87,Industrials,Major Chemicals
CPCAY,Cathay Pacific Airways Limited,-0.36,2.09,77,84,63,Industrials,Airlines
UHAL,U-Haul Holding Company,-1.23,18.27,77,81,74,Consumer Discretionary,Rental/Leasing Companies
CPCAF,Cathay Pacific Airways Limited,0.0,-8.28,0,14,48,Industrials,Airlines
PTRRY,Prio S.A.,2.21,-16.94,10,19,54,Energy,Oil & Gas E&P
DOCU,"DocuSign, Inc.",2.47,-7.93,74,76,9,Technology,Computer Software: Prepackaged Software
BZLFY,Bunzl plc,0.5,9.66,92,92,67,Consumer Defensive,Food Distribution
QABSY,Qantas Airways Limited,-0.41,13.23,75,80,57,Industrials,Airlines
WTFC,Wintrust Financial Corporation,0.99,6.75,71,84,66,Finance,Major Banks
BKKLY,Bangkok Bank Public Company Limited,1.03,10.5,100,96,68,Financial Services,Banks - Regional
SMGKF,Smiths Group plc,0.0,3.56,37,55,58,Industrials,Specialty Industrial Machinery
VMI,"Valmont Industries, Inc.",1.57,3.66,51,62,85,Industrials,Metal Fabrications
UNCHF,Unicharm Corporation,0.0,-8.31,0,13,15,Consumer Defensive,Household & Personal Products
BZZUY,Buzzi S.p.A.,-2.3,2.08,17,30,26,Basic Materials,Building Materials
BZLYF,Beazley plc,0.0,2.4,88,94,75,Financial Services,Insurance - Specialty
UMBF,UMB Financial Corporation,0.42,12.57,73,79,73,Finance,Major Banks
AM,Antero Midstream Corporation,-1.69,2.32,30,45,56,Utilities,Natural Gas Distribution
GTLS,"Chart Industries, Inc.",0.0,0.58,29,54,44,Industrials,Metal Fabrications
ERIE,Erie Indemnity Company,-0.82,17.14,91,90,21,Finance,Specialty Insurers
JPNPY,"Japan Post Insurance Co., Ltd.",0.0,1.08,31,56,10,Financial Services,Insurance - Life
APAJF,APA Group,1.13,-6.02,17,29,63,Utilities,Utilities - Regulated Gas
HRZRF,HRZRF,-5.3,-21.81,16,17,2,,
MNBEF,MINEBEA MITSUMI Inc.,0.0,-14.21,6,19,1,Technology,Electronic Components
ENSG,"The Ensign Group, Inc.",-0.83,1.59,70,72,26,Health Care,Hospital/Nursing Management
SCTBF,Securitas AB (publ),7.58,-2.47,50,56,42,Industrials,Security & Protection Services
FORM,"FormFactor, Inc.",-3.98,-6.27,0,0,95,Technology,Semiconductors
ASRMF,"Grupo Aeroportuario del Sureste, S. A. B. de C. V.",1.56,6.35,86,89,29,Industrials,Airports & Air Services
JKHY,"Jack Henry & Associates, Inc.",-0.33,11.97,92,91,19,Technology,EDP Services
FLS,Flowserve Corporation,3.28,-0.65,20,30,63,Industrials,Fluid Controls
CTRE,"CareTrust REIT, Inc.",-0.89,11.63,87,85,64,Real Estate,Real Estate Investment Trusts
FROG,JFrog Ltd.,3.47,13.86,100,100,94,Technology,Computer Software: Prepackaged Software
BPOPO,"Popular, Inc.",0.4,1.72,6,42,39,Financial Services,Banks - Regional
SRGHY,SRGHY,0.28,0.28,24,28,50,Consumer Cyclical,Department Stores
W,Wayfair Inc.,-1.4,28.54,86,88,71,Consumer Discretionary,Catalog/Specialty Distribution
ALV,"Autoliv, Inc.",3.09,-8.06,32,38,45,Consumer Discretionary,Auto Parts:O.E.M.
SCTBY,Securitas AB (publ),0.0,-2.86,18,27,49,Industrials,Security & Protection Services
DCI,"Donaldson Company, Inc.",2.56,9.11,100,100,54,Industrials,Pollution Control Equipment
SAPMF,Saipem SpA,1.41,1.21,17,30,87,Energy,Oil & Gas Equipment & Services
SNAP,Snap Inc.,-1.86,-21.75,21,25,7,Technology,Computer Software: Programming Data Processing
HPIFF,Huadian Power International Corporation Limited,0.0,0.0,5,39,57,Utilities,Utilities - Regulated Electric
DAR,Darling Ingredients Inc.,2.41,-4.66,58,64,79,Consumer Staples,Packaged Foods
EQUEY,Equatorial S.A.,0.27,-2.46,34,49,40,Utilities,Utilities - Regulated Electric
MUSA,Murphy USA Inc.,0.41,4.31,27,31,75,Consumer Discretionary,Retail-Auto Dealers and Gas Stations
AGX,"Argan, Inc.",2.7,5.19,59,63,95,Consumer Discretionary,Engineering & Construction
FLGZY,Flughafen Zürich AG,0.0,5.65,64,74,41,Industrials,Airports & Air Services
ONB,Old National Bancorp,1.73,11.02,91,99,66,Finance,Major Banks
RDEIY,"Redeia Corporación, S.A.",0.35,5.99,70,85,31,Utilities,Utilities - Regulated Electric
SCRPF,Sembcorp Industries Ltd,0.0,0.0,78,92,41,Utilities,Utilities - Diversified
CEF,Sprott Physical Gold and Silver Trust,1.48,-10.48,34,42,40,Financial Services,Asset Management
CHWY,"Chewy, Inc.",2.11,2.26,100,100,4,Consumer Discretionary,Catalog/Specialty Distribution
XROLF,Xero Limited,0.0,-14.24,28,32,5,Technology,Software - Application
ZION,"Zions Bancorporation, National Association",1.8,11.97,90,98,72,Finance,Major Banks
JCYGY,Jardine Cycle & Carriage Limited,0.0,-11.16,0,13,17,Industrials,Conglomerates
EVKIY,Evonik Industries AG,0.16,-5.51,59,71,45,Basic Materials,Specialty Chemicals
KRYS,"Krystal Biotech, Inc.",-0.1,21.73,88,92,93,Health Care,Biotechnology: Biological Products (No Diagnostic Substances)
TEM,"Tempus AI, Inc.",0.71,16.15,91,95,44,Technology,Computer Software: Programming Data Processing
ADRZY,Andritz AG,-2.04,-3.59,0,0,67,Industrials,Specialty Industrial Machinery
MOH,"Molina Healthcare, Inc.",-0.94,18.1,78,83,79,Health Care,Medical Specialities
LLYVK,"Liberty Live Holdings, Inc.",-1.63,16.07,81,79,63,Consumer Discretionary,Services-Misc. Amusement & Recreation
PRMB,Primo Brands Corporation,1.04,9.82,81,90,72,Consumer Staples,Beverages (Production/Distribution)
ALTB,Alpine Auto Brokers Inc.,0.0,28.57,91,96,93,Consumer Cyclical,Auto & Truck Dealerships
CMHHF,China Merchants Port Holdings Company Limited,-2.11,-20.51,51,53,25,Industrials,Marine Shipping
KIKOF,Kikkoman Corporation,0.0,10.34,92,89,60,Consumer Defensive,Packaged Foods
SMNNY,Shimano Inc.,3.01,11.62,77,82,29,Consumer Cyclical,Leisure
ACM,AECOM,2.76,-3.8,41,53,5,Consumer Discretionary,Military/Government/Technical
JEXYY,Jiangsu Expressway Company Limited,1.74,-5.01,15,23,31,Industrials,Infrastructure Operations
TKR,The Timken Company,2.3,6.51,61,71,91,Industrials,Metal Fabrications
BVN,Compañía de Minas Buenaventura S.A.A.,0.81,-12.58,14,20,63,Basic Materials,Metal Mining
EGO,Eldorado Gold Corporation,-0.8,4.44,76,82,52,Basic Materials,Gold
GWKSY,GWKSY,0.58,7.46,88,98,72,Consumer Cyclical,Leisure
GZPZF,Gaztransport & Technigaz SA,0.0,-7.08,0,11,71,Energy,Oil & Gas Equipment & Services
FRHC,Freedom Holdings Corp.,-7.38,-5.63,59,61,40,Finance,Investment Bankers/Brokers/Service
SHMDF,Shimano Inc.,0.0,6.27,66,82,28,Consumer Cyclical,Leisure
MBLY,Mobileye Global Inc.,4.49,-5.12,100,100,30,Technology,Computer Software: Prepackaged Software
TBVPF,Thai Beverage Public Company Limited,0.0,-2.89,0,20,28,Consumer Defensive,Beverages - Wineries & Distilleries
HDALF,Haidilao International Holding Ltd.,0.0,-11.24,0,3,14,Consumer Cyclical,Restaurants
AKBLF,ALK-Abelló A/S,0.0,4.53,72,91,80,Healthcare,Biotechnology
PTCAY,PT Chandra Asri Pacific Tbk,0.0,0.0,5,39,1,Basic Materials,Specialty Chemicals
SBYSF,Sibanye Stillwater Limited,0.0,-24.4,0,0,9,Basic Materials,Other Precious Metals & Mining
STN,Stantec Inc.,0.94,-5.86,37,49,6,Consumer Discretionary,Military/Government/Technical
TYCMY,Tingyi (Cayman Islands) Holding Corp.,9.96,-8.76,78,84,32,Consumer Defensive,Packaged Foods
COLB,"Columbia Banking System, Inc.",1.64,9.29,69,79,70,Finance,Major Banks
ELPC,ELPC,0.0,1.49,32,56,62,Utilities,Electric Utilities: Central
TKAMY,thyssenkrupp AG,8.85,3.89,100,100,79,Industrials,Conglomerates
GZPZY,Gaztransport & Technigaz SA,0.0,-8.01,2,19,41,Energy,Oil & Gas Equipment & Services
SFOSF,"Shanghai Fosun Pharmaceutical (Group) Co., Ltd.",0.0,-7.13,2,18,9,Healthcare,Drug Manufacturers - Specialty & Generic
NNN,"NNN REIT, Inc.",-1.18,6.8,47,65,58,Real Estate,Real Estate Investment Trusts
CWEN,"Clearway Energy, Inc.",1.04,-18.03,1,0,30,Utilities,Electric Utilities: Central
ORA,"Ormat Technologies, Inc.",0.62,-20.49,11,17,51,Utilities,Electric Utilities: Central
CIBEY,Commercial International Bank Egypt (CIB) S.A.E.,3.54,9.13,76,85,74,Financial Services,Banks - Regional
WEIGF,The Weir Group PLC,0.0,-0.71,73,75,20,Industrials,Specialty Industrial Machinery
SALRY,SalMar ASA,0.43,-19.13,10,14,15,Consumer Defensive,Farm Products
STBFY,Suntory Beverage & Food Limited,0.85,8.63,86,94,26,Consumer Defensive,Beverages - Non-Alcoholic
CIADY,China Mengniu Dairy Company Limited,5.36,6.51,100,100,52,Consumer Defensive,Packaged Foods
CNRAF,Vicinity Centres,0.0,0.28,6,41,63,Real Estate,REIT - Retail
CSCCF,Capstone Copper Corp.,2.56,-15.15,10,16,59,Basic Materials,Copper
CAE,CAE Inc.,4.55,4.83,100,100,25,Miscellaneous,Industrial Machinery/Components
BIRK,Birkenstock Holding plc,0.37,7.37,47,59,58,Consumer Discretionary,Shoe Manufacturing
DFRYF,Avolta AG,0.0,4.05,75,83,56,Consumer Cyclical,Specialty Retail
FBBPF,FIBRA Prologis,5.03,-1.68,58,62,52,Real Estate,REIT - Industrial
AEMMY,A2A S.p.A.,0.0,-7.17,11,31,36,Utilities,Utilities - Diversified
FNMFO,Federal National Mortgage Association,0.0,-7.5,0,18,9,Financial Services,Mortgage Finance
FNMAI,Federal National Mortgage Association,-1.67,-9.51,0,3,5,Financial Services,Mortgage Finance
FNMAJ,Federal National Mortgage Association,-0.36,-9.67,0,0,4,Financial Services,Mortgage Finance
FNMAP,Federal National Mortgage Association,-1.42,-6.32,0,0,4,Financial Services,Mortgage Finance
FNMAL,Federal National Mortgage Association,0.29,-7.93,0,16,5,Financial Services,Mortgage Finance
VFS,VinFast Auto Ltd.,1.3,-6.61,23,43,11,Industrials,Auto Manufacturing
TYEKF,thyssenkrupp AG,0.0,-3.47,44,47,66,Industrials,Conglomerates
CDNTF,"Canadian Tire Corporation, Limited",0.0,0.0,5,39,50,Consumer Cyclical,Specialty Retail
TECH,Bio-Techne Corporation,0.13,33.36,89,91,74,Health Care,Biotechnology: Biological Products (No Diagnostic Substances)
MYTKY,MYTKY,2.24,-1.93,26,43,7,Communication Services,Telecom Services
SDXAY,Sodexo S.A.,-1.8,3.36,64,66,45,Industrials,Specialty Business Services
Z,"Zillow Group, Inc.",-1.41,-8.24,47,50,3,Consumer Discretionary,Business Services
REXR,"Rexford Industrial Realty, Inc.",0.15,1.41,58,63,28,Real Estate,Real Estate Investment Trusts
IGGHY,IG Group Holdings plc,0.0,14.94,81,87,89,Financial Services,Capital Markets
JHG,Janus Henderson Group plc,0.0,0.39,41,64,55,Finance,Investment Managers
NXPRF,Nexans S.A.,0.0,-8.56,7,16,76,Industrials,Electrical Equipment & Parts
CPXWF,Capital Power Corporation,1.98,1.35,36,45,59,Utilities,Utilities - Independent Power Producers
FKKFY,"Fukuoka Financial Group, Inc.",6.77,9.07,100,100,87,Financial Services,Banks - Regional
ELEEF,Element Fleet Management Corp.,0.63,10.1,76,82,16,Industrials,Rental & Leasing Services
NIABY,NIBE Industrier AB (publ),0.0,-2.27,28,46,29,Industrials,Building Products & Equipment
ZWS,Zurn Elkay Water Solutions Corporation,-0.02,3.58,24,36,54,Industrials,Industrial Machinery/Components
DVCMY,Davide Campari-Milano N.V.,0.32,0.48,41,48,24,Consumer Defensive,Beverages - Wineries & Distilleries
WJRYF,West Japan Railway Company,0.0,-3.25,0,2,6,Industrials,Railroads
FIGR,"Figure Technology Solutions, Inc.",1.47,9.87,100,100,29,Finance,Finance: Consumer Services
BOKF,BOK Financial Corporation,0.6,8.92,74,85,67,Finance,Major Banks
SFM,"Sprouts Farmers Market, Inc.",-3.75,7.97,57,63,24,Consumer Staples,Food Chains
JINFF,China Gold International Resources Corp. Ltd.,0.0,-12.51,35,42,50,Basic Materials,Other Precious Metals & Mining
GAP,"The Gap, Inc.",0.62,-10.16,16,27,12,Consumer Discretionary,Clothing/Shoe/Accessory Stores
FRO,Frontline plc,0.33,12.64,28,31,89,Consumer Discretionary,Marine Transportation
ELMUY,Elisa Oyj,-4.79,-5.43,0,0,25,Communication Services,Telecom Services
NXE,NexGen Energy Ltd.,0.52,-15.16,18,35,40,Basic Materials,Other Metals and Minerals
VLYPO,Valley National Bancorp,0.97,1.39,26,53,41,Finance,Major Banks
CBSH,"Commerce Bancshares, Inc.",1.22,12.58,85,94,52,Finance,Major Banks
MOS,The Mosaic Company,0.24,-7.51,24,23,7,Industrials,Agricultural Chemicals
ESE,ESCO Technologies Inc.,2.94,17.36,68,74,87,Telecommunications,Telecommunications Equipment
HCXLY,Hiscox Ltd,3.92,8.65,100,100,76,Financial Services,Insurance - Property & Casualty
JAPSY,"Japan Airlines Co., Ltd.",2.24,16.11,100,100,41,Industrials,Airlines
SOBO,South Bow Corporation,0.55,-6.36,0,5,66,Energy,Natural Gas Distribution
ALBBY,Alibaba Health Information Technology Limited,0.0,-13.7,5,15,3,Healthcare,Pharmaceutical Retailers
EGIEY,Engie Brasil Energia S.A.,-0.64,-9.05,0,0,38,Utilities,Utilities - Renewable
TAP,Molson Coors Beverage Company,-2.31,1.12,0,14,15,Consumer Staples,Beverages (Production/Distribution)
LOTMY,LOTMY,5.06,-2.39,32,39,47,Consumer Cyclical,Gambling
GMINF,G Mining Ventures Corp.,4.72,16.38,100,100,81,Basic Materials,Gold
PCVX,"Vaxcyte, Inc.",-2.45,16.82,83,82,74,Health Care,Biotechnology: Pharmaceutical Preparations
SLOIY,Soitec SA,-4.13,-33.88,5,7,97,Technology,Semiconductor Equipment & Materials
SLOIF,Soitec SA,7.2,-26.79,16,18,97,Technology,Semiconductor Equipment & Materials
SM,SM Energy Company,-1.86,-21.88,5,8,43,Energy,Oil & Gas Production
NFG,National Fuel Gas Company,-1.4,1.91,54,67,18,Utilities,Oil/Gas Transmission
ZJLMF,ZJLMF,2.88,-9.55,26,32,6,Consumer Cyclical,Auto Manufacturers
RHP,"Ryman Hospitality Properties, Inc.",0.15,10.38,53,63,82,Real Estate,Real Estate Investment Trusts
STKAF,Stockland,-4.31,12.8,47,51,11,Real Estate,REIT - Diversified
MYRG,MYR Group Inc.,2.24,-1.92,23,24,94,Industrials,Water Sewer Pipeline Comm & Power Line Construction
BCKIY,Babcock International Group PLC,-0.57,-0.21,81,87,13,Industrials,Engineering & Construction
ST,Sensata Technologies Holding plc,1.72,-12.39,6,3,83,Industrials,Industrial Machinery/Components
LEA,Lear Corporation,2.17,-7.15,14,23,68,Consumer Discretionary,Auto Parts:O.E.M.
VSOGF,"Vista Energy, S.A.B. de C.V.",0.0,0.0,32,59,87,Energy,Oil & Gas E&P
AVT,"Avnet, Inc.",0.34,-6.41,0,0,87,Technology,Electronic Components
UBTRF,UBTRF,8.31,-7.39,32,36,25,,
CHYM,"Chime Financial, Inc.",2.78,18.12,100,100,30,Finance,Finance: Consumer Services
VIST,"Vista Energy, S.A.B. de C.V.",1.41,-20.01,2,0,67,Energy,Oil & Gas Production
OPHLY,"Ono Pharmaceutical Co., Ltd.",0.4,10.13,92,90,57,Healthcare,Drug Manufacturers - General
ZLNDY,Zalando SE,1.77,12.79,100,100,52,Consumer Cyclical,Internet Retail
KNSL,"Kinsale Capital Group, Inc.",-2.15,17.43,82,82,18,Finance,Property-Casualty Insurers
DITTF,"Daito Trust Construction Co.,Ltd.",0.0,-2.0,0,26,10,Real Estate,Real Estate - Diversified
AXS,AXIS Capital Holdings Limited,-0.26,19.07,92,89,56,Finance,Property-Casualty Insurers
TRNO,Terreno Realty Corporation,1.57,6.9,100,98,62,Finance,Real Estate
PB,"Prosperity Bancshares, Inc.",0.25,4.25,13,27,43,Finance,Major Banks
OR,OR Royalties Inc.,-2.0,-14.5,0,0,16,Basic Materials,Precious Metals
MORN,"Morningstar, Inc.",0.27,-9.53,44,46,9,Finance,Investment Managers
LKQ,LKQ Corporation,-2.11,2.89,23,40,15,Consumer Discretionary,Motor Vehicles
HR,Healthcare Realty Trust Incorporated,-1.02,4.24,37,53,68,Real Estate,Real Estate Investment Trusts
DCCPY,DCC plc,0.0,0.0,0,56,34,Energy,Oil & Gas Refining & Marketing
DIFTY,"Daito Trust Construction Co.,Ltd.",1.22,9.23,100,98,18,Real Estate,Real Estate - Diversified
VIPS,Vipshop Holdings Limited,0.53,-3.75,17,28,13,Consumer Discretionary,Catalog/Specialty Distribution
PRIM,Primoris Services Corporation,2.27,-29.27,9,11,6,Industrials,Water Sewer Pipeline Comm & Power Line Construction
SZCRF,SCOR SE,0.0,0.0,5,39,36,Financial Services,Insurance - Reinsurance
BBUC,Brookfield Business Corporation,2.99,-4.14,50,54,24,Consumer Discretionary,Engineering & Construction
DOX,Amdocs Limited,-0.95,-14.8,8,15,4,Technology,EDP Services
ZLDSF,Zalando SE,0.0,0.0,32,59,17,Consumer Cyclical,Internet Retail
FAF,First American Financial Corporation,0.88,7.24,79,94,62,Finance,Specialty Insurers
LNC,Lincoln National Corporation,3.76,12.78,80,93,42,Finance,Life Insurance
AWI,"Armstrong World Industries, Inc.",0.66,4.48,38,53,21,Industrials,Plastic Products
PPC,Pilgrim's Pride Corporation,-0.38,-1.1,47,55,5,Consumer Staples,Meat/Poultry/Fish
MRCY,"Mercury Systems, Inc.",-2.49,4.46,79,77,92,Technology,Electrical Products
VLOUF,Vallourec S.A.,0.0,-20.47,0,1,51,Basic Materials,Steel
KCDMF,"Kimberly-Clark de México, S. A. B. de C. V.",0.0,-2.54,55,68,44,Consumer Defensive,Household & Personal Products
MTDR,Matador Resources Company,-0.64,-10.57,6,16,32,Energy,Oil & Gas Production
TEX,Terex Corporation,2.08,11.34,54,58,75,Industrials,Construction/Ag Equipment/Trucks
GRFS,"Grifols, S.A.",0.14,-4.14,21,36,11,Health Care,Biotechnology: Pharmaceutical Preparations
EPRT,"Essential Properties Realty Trust, Inc.",-0.96,5.18,69,73,39,Real Estate,Real Estate Investment Trusts
HRIBF,"HORIBA, Ltd.",0.0,2026.57,99,100,99,Technology,Scientific & Technical Instruments
AXTA,Axalta Coating Systems Ltd.,-0.28,10.2,82,82,67,Consumer Discretionary,Paints/Coatings
LNWO,LNWO,3.04,-9.64,8,7,12,Consumer Cyclical,Gambling
ONDS,Ondas Inc.,5.53,-34.67,11,10,88,Technology,Radio And Television Broadcasting And Communications Equipment
TFPM,Triple Flag Precious Metals Corp.,-4.48,-1.05,57,53,29,Industrials,Precious Metals
BCUCY,Brunello Cucinelli S.p.A.,0.64,-1.35,13,33,22,Consumer Cyclical,Luxury Goods
THG,"The Hanover Insurance Group, Inc.",-0.64,18.33,89,86,73,Finance,Property-Casualty Insurers
NPO,Enpro Inc.,1.73,7.52,31,31,87,Industrials,Metal Fabrications
BZ,BZ,5.15,-4.0,53,59,11,Technology,Computer Software: Programming Data Processing
TRSBF,3SBio Inc.,0.0,-14.0,25,29,4,Healthcare,Biotechnology
LNTH,"Lantheus Holdings, Inc.",-6.43,0.0,8,16,87,Health Care,Biotechnology: In Vitro & In Vivo Diagnostic Substances
ASAAF,AT & S Austria Technologie & Systemtechnik Aktiengesellschaft,-1.83,31.37,62,63,99,Technology,Electronic Components
SCRYY,SCOR SE,-3.17,3.68,19,41,56,Financial Services,Insurance - Reinsurance
YACAF,Yancoal Australia Ltd,0.0,-25.47,8,10,23,Energy,Thermal Coal
MSA,MSA Safety Incorporated,0.41,6.61,75,87,40,Health Care,Industrial Specialties
BTG,B2Gold Corp.,-0.74,-11.13,35,44,21,Basic Materials,Precious Metals
FMOCF,"Fomento de Construcciones y Contratas, S.A.",0.0,0.0,32,59,77,Industrials,Waste Management
SBFFY,SBM Offshore N.V.,1.91,-15.38,7,17,54,Energy,Oil & Gas Equipment & Services
SULZF,Sulzer AG,0.0,-14.14,0,7,14,Industrials,Specialty Industrial Machinery
EFGIF,EFG International AG,0.0,0.0,32,59,53,Financial Services,Banks - Diversified
KMX,"CarMax, Inc.",-1.51,7.01,33,42,51,Consumer Discretionary,Retail-Auto Dealers and Gas Stations
PSN,Parsons Corporation,2.06,-5.26,79,78,17,Technology,EDP Services
FOVSY,Ford Otomotiv Sanayi A.S.,0.0,-0.33,0,13,8,Consumer Cyclical,Auto Manufacturers
BSDGY,Bosideng International Holdings Limited,0.0,-13.03,29,34,23,Consumer Cyclical,Apparel Manufacturing
SOMMY,"Sumitomo Chemical Company, Limited",1.88,-8.04,27,33,56,Basic Materials,Chemicals
WDPSF,Warehouses De Pauw SA,0.0,0.0,5,39,37,Real Estate,REIT - Industrial
COMP,"Compass, Inc.",2.93,64.85,100,100,92,Technology,EDP Services
ZGN,Ermenegildo Zegna N.V.,3.43,-8.7,26,36,81,Consumer Discretionary,Apparel
NVTS,Navitas Semiconductor Corporation,5.33,-50.34,6,5,94,Technology,Semiconductors
APGE,"Apogee Therapeutics, Inc.",0.44,46.86,94,96,96,Health Care,Biotechnology: Biological Products (No Diagnostic Substances)
GBCI,"Glacier Bancorp, Inc.",1.47,11.36,81,88,60,Finance,Major Banks
TKCOF,"Toho Co., Ltd.",0.0,8.08,80,93,1,Communication Services,Entertainment
BYD,Boyd Gaming Corporation,1.07,0.75,50,68,44,Consumer Discretionary,Hotels/Resorts
KTWIF,Kurita Water Industries Ltd.,14.77,10.77,100,100,85,Industrials,Pollution & Treatment Controls
MSM,"MSC Industrial Direct Co., Inc.",-1.34,3.56,70,75,82,Industrials,Industrial Machinery/Components
CDEVY,City Developments Limited,9.32,-5.57,36,39,61,Real Estate,Real Estate - Development
VSNT,"Versant Media Group, Inc.",-1.92,-6.49,23,35,19,Industrials,Broadcasting
IMCDY,IMCD N.V.,4.5,-4.89,46,53,24,Basic Materials,Specialty Chemicals
AZIHF,Azimut Holding S.p.A.,0.0,7.23,58,68,65,Financial Services,Asset Management
RYTM,"Rhythm Pharmaceuticals, Inc.",-2.18,27.47,87,86,74,Health Care,Biotechnology: Pharmaceutical Preparations
GRGDF,GRGDF,8.18,-26.13,31,32,56,Consumer Cyclical,Apparel Retail
REECF,Reece Limited,0.0,0.0,32,59,74,Industrials,Industrial Distribution
GIGNF,Genting Singapore Limited,0.0,4.0,82,87,36,Consumer Cyclical,Resorts & Casinos
GATX,GATX Corporation,2.38,3.1,32,44,43,Consumer Discretionary,Transportation Services
GVA,Granite Construction Incorporated,1.7,4.92,31,42,79,Industrials,Military/Government/Technical
ENIC,Enel Chile S.A.,0.45,5.48,46,56,60,Utilities,Electric Utilities: Central
PEGA,Pegasystems Inc.,0.74,-11.65,30,37,3,Technology,EDP Services
SFGYY,SFGYY,1.57,4.37,70,72,20,Financial Services,Insurance - Life
CZR,"Caesars Entertainment, Inc.",-0.82,3.01,43,68,58,Consumer Discretionary,Hotels/Resorts
SRRK,Scholar Rock Holding Corporation,0.87,22.13,91,94,78,Health Care,Biotechnology: Biological Products (No Diagnostic Substances)
MONOY,"MonotaRO Co., Ltd.",2.73,3.5,77,76,15,Consumer Cyclical,Internet Retail
SEKEY,Seiko Epson Corporation,4.44,-5.3,60,68,84,Technology,Computer Hardware
AROC,"Archrock, Inc.",-0.71,5.06,19,18,76,Utilities,Natural Gas Distribution
VOPKF,Koninklijke Vopak N.V.,5.64,-1.2,56,58,50,Energy,Oil & Gas Midstream
SFRRF,Sandfire Resources Limited,0.0,15.81,89,96,86,Basic Materials,Copper
VOPKY,Koninklijke Vopak N.V.,0.0,-1.39,4,32,54,Energy,Oil & Gas Midstream
HROEY,"Hirose Electric Co.,Ltd.",0.0,8.71,81,93,89,Technology,Electronic Components
PACS,"PACS Group, Inc.",1.17,20.1,100,99,95,Health Care,Hospital/Nursing Management
OTEX,Open Text Corporation,-2.04,-3.44,70,72,12,Technology,EDP Services
GXO,"GXO Logistics, Inc.",-1.52,3.0,65,70,30,Consumer Discretionary,Transportation Services
TMNSF,Temenos AG,0.0,-12.67,18,26,24,Technology,Software - Application
CTXAY,Ampol Limited,-0.28,-11.04,11,22,56,Energy,Oil & Gas Refining & Marketing
IFS,Intercorp Financial Services Inc.,1.55,21.84,100,100,83,Finance,Commercial Banks
APPF,"AppFolio, Inc.",3.02,7.58,100,100,18,Technology,Computer Software: Prepackaged Software
RGLXY,RTL Group S.A.,0.0,8.94,68,77,52,Communication Services,Broadcasting
TKECY,"Tokyo Electric Power Company Holdings, Incorporated",2.14,-18.0,5,12,4,Utilities,Utilities - Renewable
AMTM,"Amentum Holdings, Inc.",4.76,-4.47,65,65,13,Consumer Discretionary,Business Services
ABCB,Ameris Bancorp,0.79,6.93,60,73,69,Finance,Major Banks
IBP,"Installed Building Products, Inc.",-1.1,11.55,62,65,23,Consumer Discretionary,Homebuilding
MNTHY,Minth Group Limited,11.09,-13.97,53,56,30,Consumer Cyclical,Auto Parts
SLFPF,Aberdeen Group Plc,0.0,4.53,83,86,72,Financial Services,Asset Management
PCCWY,PCCW Limited,0.0,-6.42,0,2,32,Communication Services,Telecom Services
KMRRF,KMRRF,6.36,-7.4,38,52,23,,
IVCGF,Iveco Group N.V.,0.0,-1.76,0,19,6,Industrials,Farm & Heavy Construction Machinery
SFGRF,SFGRF,0.0,7.33,100,100,1,Financial Services,Insurance - Life
G,Genpact Limited,-0.48,-11.36,22,30,5,Consumer Discretionary,Professional Services
BTLCY,British Land Company PLC,-1.08,5.67,61,70,59,Real Estate,REIT - Diversified
UGP,Ultrapar Participações S.A.,6.71,10.18,100,100,73,Utilities,Oil/Gas Transmission
PECO,"Phillips Edison & Company, Inc.",-0.64,6.94,32,57,64,Real Estate,Real Estate Investment Trusts
GNGBY,Getinge AB (publ),0.95,2.41,100,94,37,Healthcare,Medical Devices
FND,"Floor & Decor Holdings, Inc.",-3.73,16.24,69,72,27,Consumer Discretionary,RETAIL: Building Materials
BKH,Black Hills Corporation,-2.21,0.36,32,34,56,Utilities,Electric Utilities: Central
QS,QuantumScape Corporation,2.4,-20.26,26,38,20,Miscellaneous,Industrial Machinery/Components
SSMXF,Sysmex Corporation,0.0,0.0,5,39,15,Healthcare,Medical Devices
LQDA,Liquidia Corporation,0.35,26.65,92,95,98,Health Care,Biotechnology: Pharmaceutical Preparations
OZK,Bank OZK,-0.38,0.89,2,29,43,Finance,Major Banks
MC,Moelis & Company,4.95,3.9,95,96,62,Finance,Investment Managers
IRDM,Iridium Communications Inc.,-2.16,1.32,73,78,95,Telecommunications,Telecommunications Equipment
SKSUY,"Sekisui Chemical Co., Ltd.",9.74,6.25,100,100,28,Industrials,Conglomerates
NXST,"Nexstar Media Group, Inc.",0.93,0.98,89,87,33,Industrials,Broadcasting
TMICF,Trend Micro Incorporated,0.0,-17.01,1,10,11,Technology,Software - Infrastructure
CRSP,CRISPR Therapeutics AG,3.01,8.67,100,100,60,Health Care,Biotechnology: Biological Products (No Diagnostic Substances)
RANJY,Randstad N.V.,3.86,2.54,99,96,32,Industrials,Staffing & Employment Services
WFG,West Fraser Timber Co. Ltd.,-2.87,1.15,31,40,37,Basic Materials,Forest Products
TTBXF,Tritax Big Box REIT plc,-10.33,27.84,47,35,45,,
ARKAY,Arkema S.A.,-1.16,-9.94,13,28,37,Basic Materials,Specialty Chemicals
LYFT,"Lyft, Inc.",0.13,8.99,93,90,27,Consumer Discretionary,Business Services
LPL,"LG Display Co., Ltd.",1.67,-33.52,2,1,17,Technology,Industrial Machinery/Components
ESNT,Essent Group Ltd.,-0.49,12.87,82,86,43,Finance,Property-Casualty Insurers
KLIC,"Kulicke and Soffa Industries, Inc.",-1.42,11.44,56,58,96,Technology,Semiconductors
PCWLF,PCCW Limited,1.47,-6.76,17,30,37,Communication Services,Telecom Services
SYNA,Synaptics Incorporated,3.92,-11.96,20,30,92,Technology,Semiconductors
HLHLY,HLHLY,0.0,0.0,32,59,75,Basic Materials,Paper & Paper Products
BRLAF,British Land Company PLC,0.0,-7.31,0,17,45,Real Estate,REIT - Diversified
WTBDY,Whitbread plc,-1.13,-1.26,1,18,20,Consumer Cyclical,Lodging
PRM,"Perimeter Solutions, Inc.",-0.12,11.08,43,47,88,Industrials,Major Chemicals
MAAS,Maase Inc.,1.53,40.13,42,44,98,Finance,Investment Managers
BLSH,Bullish,3.91,-10.42,68,78,2,Finance,Finance: Consumer Services
RICOF,"Ricoh Company, Ltd.",0.0,0.0,32,59,1,Industrials,Business Equipment & Supplies
MGY,Magnolia Oil & Gas Corporation,-0.75,-11.31,0,3,32,Energy,Oil & Gas Production
GOLF,Acushnet Holdings Corp.,-0.29,32.1,85,88,83,Consumer Discretionary,Recreational Games/Products/Toys
JDDSF,JD Sports Fashion Plc,0.83,-11.67,6,20,26,Consumer Cyclical,Apparel Retail
NICE,NICE Ltd.,0.44,3.8,97,94,8,Technology,Computer Software: Prepackaged Software
MUR,Murphy Oil Corporation,-0.5,-20.64,0,3,35,Energy,Oil & Gas Production
SIGI,"Selective Insurance Group, Inc.",-1.88,14.25,76,74,69,Finance,Property-Casualty Insurers
MTPOF,Metropolitan Bank & Trust Company,-2.95,12.75,65,78,27,Financial Services,Banks - Regional
GNTX,Gentex Corporation,-0.16,-2.32,0,0,44,Consumer Discretionary,Auto Parts:O.E.M.
NFPDF,"Nissin Foods Holdings Co.,Ltd.",0.0,0.0,5,39,18,Consumer Defensive,Packaged Foods
BLFBY,BLFBY,0.94,2.2,63,71,77,Industrials,Engineering & Construction
WTM,"White Mountains Insurance Group, Ltd.",-0.35,7.48,84,84,53,Finance,Property-Casualty Insurers
STVN,Stevanato Group S.p.A.,1.47,4.54,100,100,44,Health Care,Medical/Dental Instruments
DNTH,"Dianthus Therapeutics, Inc.",-1.06,10.95,76,79,96,Health Care,Biotechnology: Pharmaceutical Preparations
LEGN,Legend Biotech Corporation,-6.25,-18.01,0,8,62,Health Care,Biotechnology: Pharmaceutical Preparations
WEX,WEX Inc.,2.18,1.91,92,91,30,Consumer Discretionary,Business Services
ALH,Alliance Laundry Holdings Inc.,0.62,4.33,25,46,60,Industrials,Industrial Machinery/Components
BGC,"BGC Group, Inc.",0.73,5.11,21,27,58,Finance,Investment Bankers/Brokers/Service
ACLLF,ATCO Ltd.,-0.77,0.92,34,52,71,Utilities,Utilities - Diversified
OLLI,"Ollie's Bargain Outlet Holdings, Inc.",-6.79,-7.12,0,0,3,Consumer Discretionary,Department/Specialty Retail Stores
SPHR,Sphere Entertainment Co.,-7.5,6.56,33,36,94,Consumer Discretionary,Services-Misc. Amusement & Recreation
CHH,"Choice Hotels International, Inc.",-4.18,-0.93,6,16,36,Consumer Discretionary,Hotels/Resorts
AX,"Axos Financial, Inc.",2.89,14.91,100,100,64,Finance,Savings Institutions
ADT,ADT Inc.,-1.17,0.98,66,68,20,Consumer Discretionary,Diversified Commercial Services
LGMMY,LEG Immobilien SE,0.0,-6.85,2,24,18,Real Estate,Real Estate Services
UWMC,UWM Holdings Corporation,1.38,-12.18,28,36,2,Finance,Finance: Consumer Services
RDW,Redwire Corporation,0.44,-46.99,4,6,60,Industrials,Military/Government/Technical
TGS,Transportadora de Gas del Sur S.A.,4.33,-3.04,18,21,40,Utilities,Natural Gas Distribution
SEB,Seaboard Corporation,2.18,-17.33,5,8,39,Industrials,Farming/Seeds/Milling
OPEN,Opendoor Technologies Inc.,3.88,2.83,100,100,96,Finance,Real Estate
BDVSY,The Bidvest Group Limited,0.57,2.58,60,76,55,Industrials,Conglomerates
LBRDB,Liberty Broadband Corporation,0.0,8.26,69,80,2,Communication Services,Telecom Services
CWSRF,Chartwell Retirement Residences,2.37,12.33,100,100,61,Real Estate,REIT - Healthcare Facilities
TCCHF,Technogym S.p.A.,0.0,0.0,32,59,88,Consumer Cyclical,Leisure
CIGI,Colliers International Group Inc.,0.33,1.54,70,73,9,Finance,Real Estate
MAQAF,Atlas Arteria Limited,0.56,6.51,72,83,52,Industrials,Infrastructure Operations
SON,Sonoco Products Company,-0.73,19.15,90,88,68,Consumer Discretionary,Containers/Packaging
PSMMY,Persimmon Plc,0.25,0.04,41,50,23,Consumer Cyclical,Residential Construction
PMMAF,PUMA SE,0.0,-4.45,0,19,65,Consumer Cyclical,Footwear & Accessories
JMPLY,Johnson Matthey Plc,6.12,-5.38,35,48,43,Basic Materials,Specialty Chemicals
XXI,"Twenty One Capital, Inc.",5.54,-8.63,68,79,2,Finance,Finance: Consumer Services
MAIN,Main Street Capital Corporation,0.64,1.62,62,72,26,Finance,Finance/Investors Services
ATDRF,Autotrader Group plc,0.0,7.87,83,88,12,Communication Services,Internet Content & Information
REZI,"Resideo Technologies, Inc.",4.66,6.15,60,78,30,Industrials,Wholesale Distributors
KEN,Kenon Holdings Ltd.,3.7,-11.2,34,46,70,Utilities,Electric Utilities: Central
GHC,Graham Holdings Company,0.05,6.08,76,84,54,Real Estate,Other Consumer Services
CRNLF,Capricorn Metals Ltd,0.11,-14.16,49,58,50,Basic Materials,Gold
CLSK,"CleanSpark, Inc.",7.05,-19.49,16,15,74,Finance,Finance: Consumer Services
POWI,"Power Integrations, Inc.",0.1,-14.35,0,0,89,Technology,Semiconductors
CSTM,Constellium SE,2.37,-16.49,7,5,89,Industrials,Metal Fabrications
WSC,WillScot Holdings Corporation,-0.6,0.08,0,0,78,Industrials,Misc Corporate Leasing Services
LGND,Ligand Pharmaceuticals Incorporated,0.27,35.82,98,96,93,Health Care,Biotechnology: Pharmaceutical Preparations
SEDG,"SolarEdge Technologies, Inc.",8.65,-22.19,42,44,90,Technology,Semiconductors
MTPOY,Metropolitan Bank & Trust Company,0.0,8.7,74,86,21,Financial Services,Banks - Regional
MKTX,MarketAxess Holdings Inc.,-0.08,-3.47,36,48,3,Finance,Investment Bankers/Brokers/Service
ASB,Associated Banc-Corp,0.03,10.49,59,65,65,Finance,Major Banks
BKEAY,"The Bank of East Asia, Limited",-5.95,-8.14,0,0,24,Financial Services,Banks - Regional
NPTVF,"Nippon Television Holdings, Inc.",0.0,-7.66,2,22,1,Communication Services,Broadcasting
TRKNY,Türk Telekomünikasyon Anonim Sirketi,0.0,-3.4,0,3,14,Communication Services,Telecom Services
MTRN,Materion Corporation,-1.37,15.11,49,53,95,Industrials,Industrial Specialties
MEOH,Methanex Corporation,-3.63,-27.59,0,0,34,Industrials,Major Chemicals
SGBAF,SES S.A.,-0.33,-12.0,56,57,72,Communication Services,Broadcasting
BLLN,"BillionToOne, Inc.",2.53,17.98,100,100,81,Health Care,Medical Specialities
WYGPY,Worley Limited,-3.87,-15.66,22,25,25,Energy,Oil & Gas Equipment & Services
CUYTY,Colruyt Group N.V.,-3.92,5.44,40,44,37,Consumer Defensive,Grocery Stores
CBT,Cabot Corporation,1.45,5.49,37,37,65,Industrials,Major Chemicals
CYAGF,"CyberAgent, Inc.",0.0,-0.34,24,54,1,Communication Services,Advertising Agencies
CMBT,Cmb.Tech NV,4.46,5.33,50,61,85,Consumer Discretionary,Marine Transportation
MIAX,"Miami International Holdings, Inc.",2.5,5.68,71,79,49,Finance,Investment Bankers/Brokers/Service
LAUR,"Laureate Education, Inc.",3.64,18.0,100,100,76,Real Estate,Other Consumer Services
SPGNY,Springer Nature AG & Co. KGaA,0.0,-2.11,5,39,42,Communication Services,Publishing
CNR,"Core Natural Resources, Inc.",1.88,-18.28,15,18,20,Energy,Coal Mining
LMND,"Lemonade, Inc.",10.04,52.61,100,100,83,Finance,Property-Casualty Insurers
RMLRF,Ramelius Resources Limited,2.86,-11.48,46,55,20,Basic Materials,Gold
RTMVF,Rightmove plc,0.0,-4.85,3,26,13,Communication Services,Internet Content & Information
MMYT,MakeMyTrip Limited,-1.58,26.96,92,90,28,Consumer Discretionary,Transportation Services
TNEYF,Tamarack Valley Energy Ltd.,0.11,-11.28,14,27,90,Energy,Oil & Gas E&P
MBRFY,MBRF Global Foods Company S.A.,-2.14,3.23,50,62,11,Consumer Defensive,Packaged Foods
ANIOY,"Acerinox, S.A.",0.0,-8.78,1,12,76,Basic Materials,Steel
TLPFY,Teleperformance SE,0.1,-18.88,31,35,19,Industrials,Specialty Business Services
AYALY,Ayala Corporation,11.3,8.69,100,100,25,Industrials,Conglomerates
TVTX,"Travere Therapeutics, Inc.",0.98,24.47,77,79,96,Health Care,Biotechnology: Pharmaceutical Preparations
VSCO,Victoria's Secret & Co,-1.29,-2.85,25,33,96,Consumer Discretionary,Clothing/Shoe/Accessory Stores
FTDR,"Frontdoor, Inc.",0.73,25.09,99,96,80,Consumer Discretionary,Diversified Commercial Services
MRP,"Millrose Properties, Inc.",-2.17,1.09,18,35,39,Finance,Real Estate
NDCVF,Nordic Semiconductor ASA,1.37,-11.03,17,24,74,Technology,Semiconductors
TCBIO,"Texas Capital Bancshares, Inc.",0.07,-0.48,5,45,32,Finance,Major Banks
CAAP,Corporación América Airports S.A.,1.74,-1.08,13,34,57,Consumer Discretionary,Aerospace
WNDLF,Wendel,0.0,-10.05,0,11,36,Financial Services,Asset Management
TREX,"Trex Company, Inc.",-0.35,20.36,73,75,61,Basic Materials,Forest Products
CNO,"CNO Financial Group, Inc.",0.4,12.13,73,80,77,Finance,Accident &Health Insurance
TORXF,Torex Gold Resources Inc.,0.19,-5.07,51,58,32,Basic Materials,Gold
MNDY,monday.com Ltd.,3.42,-5.51,73,73,6,Technology,Computer Software: Prepackaged Software
RBSFY,Rubis,-5.68,-16.89,0,0,20,Energy,Oil & Gas Refining & Marketing
BKGFF,The Berkeley Group Holdings plc,0.0,0.0,32,59,16,Consumer Cyclical,Residential Construction
BTDR,Bitdeer Technologies Group,2.89,-27.41,6,4,70,Finance,Finance: Consumer Services
HKMPF,Hikma Pharmaceuticals PLC,0.0,4.28,83,82,33,Healthcare,Drug Manufacturers - Specialty & Generic
YSS,"York Space Systems, Inc.",-5.34,-20.56,0,0,7,Industrials,Military/Government/Technical
DOO,BRP Inc.,2.94,-4.9,21,28,21,Consumer Discretionary,Industrial Specialties
CITAF,"COSCO SHIPPING Development Co., Ltd.",0.0,-9.3,4,15,15,Industrials,Aerospace & Defense
MZDAF,Mazda Motor Corporation,-1.91,-11.51,0,2,31,Consumer Cyclical,Auto Manufacturers
LBTYB,Liberty Global Ltd.,-14.92,-19.73,0,0,24,Telecommunications,Cable & Other Pay Television Services
AMRX,"Amneal Pharmaceuticals, Inc.",-1.34,25.15,78,81,88,Health Care,Biotechnology: Pharmaceutical Preparations
LASR,"nLIGHT, Inc.",3.24,-12.81,24,31,93,Technology,Semiconductors
LION,Lionsgate Studios Corp.,-1.84,6.59,22,23,93,Consumer Discretionary,Movies/Entertainment
POST,"Post Holdings, Inc.",-4.61,-0.25,11,28,14,Consumer Staples,Packaged Foods
ANDG,ANDG,4.26,-5.37,63,65,85,Consumer Discretionary,Business Services
FULTP,Fulton Financial Corporation,1.64,-0.09,42,57,36,Finance,Major Banks
FMCKL,Federal Home Loan Mortgage Corporation,0.0,-6.84,17,29,8,Financial Services,Mortgage Finance
FMCKJ,Federal Home Loan Mortgage Corporation,-0.1,-9.35,0,0,7,Financial Services,Mortgage Finance
FMCCM,Federal Home Loan Mortgage Corporation,-9.43,-15.07,0,0,5,Financial Services,Mortgage Finance
FMCKO,Federal Home Loan Mortgage Corporation,0.0,-11.44,0,8,5,Financial Services,Mortgage Finance
FMCCN,Federal Home Loan Mortgage Corporation,0.0,-5.88,12,28,5,Financial Services,Mortgage Finance
FMCKP,Federal Home Loan Mortgage Corporation,1.7,-1.15,39,42,9,Financial Services,Mortgage Finance
FMCCP,Federal Home Loan Mortgage Corporation,4.07,-6.74,26,36,7,Financial Services,Mortgage Finance
FMCKI,Federal Home Loan Mortgage Corporation,0.0,-12.0,2,21,6,Financial Services,Mortgage Finance
AGLXY,AGL Energy Limited,7.9,3.8,48,50,22,Utilities,Utilities - Independent Power Producers
CYGIY,"CyberAgent, Inc.",0.0,-1.04,0,6,10,Communication Services,Advertising Agencies
BDC,Belden Inc.,-1.88,2.32,31,32,29,Industrials,Telecommunications Equipment
GTMEF,"Globe Telecom, Inc.",0.0,0.0,5,39,4,Communication Services,Telecom Services
AZZ,AZZ Inc.,1.69,10.16,52,60,80,Industrials,Industrial Specialties
KLBAY,Klabin S.A.,3.88,0.6,46,51,26,Basic Materials,Paper & Paper Products
BRC,Brady Corporation,0.34,3.54,95,94,66,Consumer Discretionary,Miscellaneous manufacturing industries
SKY,"Champion Homes, Inc.",-1.84,12.2,48,52,52,Consumer Discretionary,Homebuilding
AGLNF,AGL Energy Limited,0.0,-0.5,0,32,28,Utilities,Utilities - Independent Power Producers
PHI,PLDT Inc.,0.95,-0.82,52,69,17,Telecommunications,Telecommunications Equipment
ENVA,"Enova International, Inc.",-0.17,39.87,87,90,93,Finance,Finance: Consumer Services
PSUS,"Pershing Square USA, Ltd.",0.42,-1.81,17,45,23,Financial Services,Asset Management
EMAT,Evolution Metals & Technologies Corp.,-6.32,-14.68,0,0,1,Basic Materials,Other Industrial Metals & Mining
VNT,Vontier Corporation,1.57,2.65,14,26,8,Industrials,Industrial Machinery/Components
RUN,Sunrun Inc.,1.81,-12.48,25,33,27,Miscellaneous,Industrial Machinery/Components
DSRLF,DiaSorin S.p.A.,9.09,3.25,56,63,40,Healthcare,Diagnostics & Research
CDPYF,Canadian Apartment Properties Real Estate Investment Trust,-0.51,2.61,24,42,21,Real Estate,REIT - Residential
SPASF,SATS Ltd.,0.0,22.47,86,90,76,Industrials,Airports & Air Services
SNNRF,SNNRF,-0.21,-9.07,0,4,31,,
TSPCF,Cleanaway Waste Management Limited,-2.71,19.06,63,74,31,Industrials,Waste Management
NAMS,NewAmsterdam Pharma Company N.V.,0.2,6.83,90,93,69,Health Care,Biotechnology: Pharmaceutical Preparations
IRT,"Independence Realty Trust, Inc.",-1.04,4.81,81,81,47,Real Estate,Real Estate Investment Trusts
DOCS,"Doximity, Inc.",4.57,10.43,100,100,3,Technology,EDP Services
SOUN,"SoundHound AI, Inc.",6.26,-13.11,47,53,8,Technology,Computer Software: Prepackaged Software
NP,Neptune Insurance Holdings Inc.,0.51,38.66,90,94,76,Finance,Specialty Insurers
CATY,Cathay General Bancorp,0.39,7.51,69,84,75,Finance,Major Banks
VLEEF,Valeo SE,0.0,-15.37,1,11,78,Consumer Cyclical,Auto Parts
BFLBF,Bilfinger SE,0.0,-12.82,1,15,12,Industrials,Engineering & Construction
ATHOF,Athabasca Oil Corporation,-2.65,-19.0,0,0,72,Energy,Oil & Gas E&P
DAN,Dana Incorporated,4.9,-28.78,8,7,51,Consumer Discretionary,Auto Parts:O.E.M.
CPRX,"Catalyst Pharmaceuticals, Inc.",0.16,0.67,16,45,81,Health Care,Biotechnology: Pharmaceutical Preparations
WAY,Waystar Holding Corp.,1.92,18.25,100,100,10,Technology,EDP Services
OII,"Oceaneering International, Inc.",0.99,-2.26,54,63,84,Energy,Oilfield Services/Equipment
BFLBY,Bilfinger SE,4.74,6.25,77,92,22,Industrials,Engineering & Construction
HHH,Howard Hughes Holdings Inc.,0.74,14.56,99,95,43,Real Estate,Real Estate Investment Trusts
KAI,Kadant Inc.,1.51,3.21,56,62,44,Industrials,Industrial Machinery/Components
MMSI,"Merit Medical Systems, Inc.",0.51,13.34,69,77,21,Health Care,Medical/Dental Instruments
RNST,Renasant Corporation,0.02,6.65,47,62,64,Finance,Major Banks
CRNX,"Crinetics Pharmaceuticals, Inc.",-0.47,21.37,94,91,54,Health Care,Biotechnology: Pharmaceutical Preparations
TWODY,Taylor Wimpey plc,1.45,3.95,40,48,13,Consumer Cyclical,Residential Construction
MMTOF,Mitsubishi Motors Corporation,0.0,-0.49,0,32,21,Consumer Cyclical,Auto Manufacturers
WSFS,WSFS Financial Corporation,0.96,9.5,72,82,77,Finance,Major Banks
FBP,First BanCorp.,0.65,9.05,71,81,71,Finance,Major Banks
BANF,BancFirst Corporation,0.29,4.29,44,59,34,Finance,Major Banks
SMSMY,Sims Limited,-0.17,-10.9,0,0,89,Basic Materials,Steel
BILL,"BILL Holdings, Inc.",-0.62,11.87,93,91,18,Technology,EDP Services
EWTX,"Edgewise Therapeutics, Inc.",1.37,7.71,65,69,94,Health Care,Biotechnology: Pharmaceutical Preparations
MJPNF,"Micronics Japan Co., Ltd.",0.0,-8.9,12,42,1,Technology,Semiconductor Equipment & Materials
CCKRF,CCKRF,0.0,9.67,100,100,55,Healthcare,Pharmaceutical Retailers
SSLLF,Siltronic AG,0.0,-18.88,16,25,93,Technology,Semiconductors
UNLRY,PT Unilever Indonesia Tbk,5.08,8.46,95,100,25,Consumer Defensive,Household & Personal Products
SECCF,Serco Group plc,-0.36,-13.28,0,14,21,Industrials,Specialty Business Services
OTTR,Otter Tail Corporation,-0.98,4.65,46,63,50,Utilities,Electric Utilities: Central
RNG,"RingCentral, Inc.",-1.92,-10.88,51,55,69,Technology,EDP Services
MANU,MANU,-3.68,-1.59,26,34,79,Consumer Discretionary,Services-Misc. Amusement & Recreation
BTE,Baytex Energy Corp.,-1.03,-23.95,0,0,80,Energy,Oil & Gas Production
SMGSY,SMGSY,0.0,-11.67,2,16,9,Communication Services,Internet Content & Information
BFH,"Bread Financial Holdings, Inc.",1.28,13.57,61,68,89,Consumer Discretionary,Business Services
TXG,"10x Genomics, Inc.",2.54,19.4,100,100,96,Industrials,Biotechnology: Laboratory Analytical Instruments
BHFAM,"Brighthouse Financial, Inc.",0.66,-0.02,22,43,26,Finance,Life Insurance
CVBF,CVB Financial Corp.,-0.22,11.35,79,87,64,Finance,Major Banks
LEU,Centrus Energy Corp.,7.46,-6.67,55,63,11,Industrials,Mining & Quarrying of Nonmetallic Minerals (No Fuels)
CMTOY,Cementos Argos S.A.,42.21,43.85,59,61,85,Basic Materials,Building Materials
CWYUF,SmartCentres Real Estate Investment Trust,1.86,2.72,25,51,57,Real Estate,REIT - Retail
ELRXF,AB Electrolux (publ),0.0,9.3,95,100,2,Consumer Cyclical,"Furnishings, Fixtures & Appliances"
NHI,"National Health Investors, Inc.",-1.92,12.58,68,76,33,Real Estate,Real Estate Investment Trusts
PEGRF,Pennon Group Plc,0.0,-22.87,0,5,17,Utilities,Utilities - Regulated Water
CHCLY,"Citizen Watch Co., Ltd.",0.0,0.1,5,39,95,Consumer Cyclical,Footwear & Accessories
EUZOF,Eurazeo SE,0.0,-13.21,5,19,18,Financial Services,Asset Management
GPGI,"GPGI, Inc.",1.49,42.02,100,100,29,Finance,Finance: Consumer Services
CGAU,Centerra Gold Inc.,-0.42,-2.25,50,53,79,Basic Materials,Precious Metals
FRTAY,freenet AG,0.0,-9.41,7,23,21,Communication Services,Telecom Services
SLG,SL Green Realty Corp.,-3.52,10.67,58,57,60,Real Estate,Real Estate Investment Trusts
FUL,H.B. Fuller Company,0.57,-3.26,8,15,30,Industrials,Home Furnishings
FLNC,"Fluence Energy, Inc.",4.82,-34.36,8,8,85,Miscellaneous,Industrial Machinery/Components
ZLDPF,Zealand Pharma A/S,7.27,-4.22,69,71,13,Healthcare,Biotechnology
EXTR,"Extreme Networks, Inc.",5.13,5.81,66,69,93,Telecommunications,Computer Communications Equipment
FIBK,"First Interstate BancSystem, Inc.",0.59,10.25,88,92,70,Finance,Major Banks
LIF,"Life360, Inc.",-1.7,18.68,87,86,38,Technology,EDP Services
PRBZF,Premium Brands Holdings Corporation,0.33,-5.06,16,38,28,Consumer Defensive,Packaged Foods
KEEL,Keel Infrastructure Corp.,5.45,-18.38,10,9,97,Finance,Finance: Consumer Services
AVA,Avista Corporation,-1.79,-2.28,16,34,44,Utilities,Power Generation
PIFMY,PT Indofood Sukses Makmur Tbk,-0.21,5.28,71,80,14,Consumer Defensive,Packaged Foods
PHPRF,Primary Health Properties Plc,1.46,-1.64,27,50,39,Real Estate,REIT - Healthcare Facilities
AMFPY,Amplifon S.p.A.,0.0,-0.68,16,49,3,Healthcare,Medical Distribution
PPTA,Perpetua Resources Corp.,-0.89,-15.58,5,15,36,Basic Materials,Precious Metals
MMED,"MiniMed Group, Inc.",-1.92,8.75,71,72,23,Health Care,Medical/Dental Instruments
BKU,"BankUnited, Inc.",1.83,4.63,45,62,65,Finance,Savings Institutions
SUNC,SunocoCorp LLC,-1.01,0.59,75,80,76,Energy,Integrated oil Companies
CLCGY,Clicks Group Limited,1.96,1.55,93,95,8,Healthcare,Pharmaceutical Retailers
SENGF,"SINOPEC Engineering (Group) Co., Ltd.",0.0,17.2,84,86,69,Industrials,Engineering & Construction
ETOR,eToro Group Ltd.,2.08,4.13,85,92,55,Finance,Investment Bankers/Brokers/Service
WSBC,"WesBanco, Inc.",1.29,17.29,98,99,69,Finance,Major Banks
ELF,"e.l.f. Beauty, Inc.",-3.83,42.87,80,82,19,Consumer Discretionary,Package Goods/Cosmetics
XNYIF,Xinyi Solar Holdings Limited,0.0,-29.93,1,6,5,Technology,Solar
BFAM,Bright Horizons Family Solutions Inc.,0.76,23.03,99,97,8,Consumer Discretionary,Other Consumer Services
KGDEY,Kingdee International Software Group Company Limited,3.71,-14.4,23,24,2,Technology,Software - Application
GEF,"Greif, Inc.",-1.74,17.54,75,79,57,Consumer Cyclical,Packaging & Containers
GNW,"Genworth Financial, Inc.",-0.73,12.5,79,82,54,Finance,Life Insurance
CNK,"Cinemark Holdings, Inc.",-5.01,-2.79,0,0,48,Consumer Discretionary,Movies/Entertainment
CHFLF,China Feihe Limited,0.0,51.52,57,58,53,Consumer Defensive,Packaged Foods
AVNT,Avient Corporation,4.23,14.77,96,100,63,Industrials,Major Chemicals
KREVF,Keppel REIT,0.0,4.0,26,36,22,Real Estate,REIT - Office
TLPPF,Telix Pharmaceuticals Limited,3.58,40.41,100,100,75,Healthcare,Biotechnology
NSIT,"Insight Enterprises, Inc.",-1.44,-5.99,29,43,75,Consumer Discretionary,Catalog/Specialty Distribution
SECYF,SECURE Waste Infrastructure Corp.,6.23,9.48,100,100,70,Industrials,Waste Management
KN,Knowles Corporation,-0.03,-6.58,0,0,90,Consumer Staples,Consumer Electronics/Appliances
DYN,"Dyne Therapeutics, Inc.",-1.0,24.06,93,91,89,Health Care,Biotechnology: Pharmaceutical Preparations
CON,"Concentra Group Holdings Parent, Inc.",-0.22,27.77,94,92,88,Health Care,Medical Specialities
PRMRF,Paramount Resources Ltd.,1.31,-14.21,8,16,49,Energy,Oil & Gas E&P
BATRA,"Atlanta Braves Holdings, Inc.",-1.89,5.82,52,63,67,Consumer Discretionary,Services-Misc. Amusement & Recreation
SVYSF,Solvay SA,0.0,-2.83,37,47,41,Basic Materials,Chemicals
ALHC,"Alignment Healthcare, Inc.",3.19,62.97,100,100,84,Health Care,Medical Specialities
SLVYY,Solvay SA,-1.67,-0.67,0,21,32,Basic Materials,Chemicals
ISLMF,ISLMF,-5.29,-8.52,30,33,3,,
TOWN,TowneBank,-0.41,7.73,61,75,51,Finance,Major Banks
VGNT,Versigent PLC,5.77,-15.25,24,29,85,Consumer Cyclical,Auto Parts
CHEF,"The Chefs' Warehouse, Inc.",-0.66,22.5,76,81,89,Consumer Discretionary,Food Distributors
KXSCF,Kinaxis Inc.,-1.08,-9.33,35,42,23,Technology,Software - Application
SFNC,Simmons First National Corporation,-0.31,6.73,53,67,65,Finance,Major Banks
REDLF,REDLF,-5.08,-9.67,42,54,48,Basic Materials,Gold
SBLK,Star Bulk Carriers Corp.,3.86,-1.99,43,53,77,Consumer Discretionary,Marine Transportation
CTRRF,CT Real Estate Investment Trust,3.97,4.2,99,100,60,Real Estate,REIT - Retail
CLMT,"Calumet, Inc.",1.24,-1.44,100,99,90,Energy,Integrated oil Companies
TGSNF,TGS ASA,0.0,-18.61,0,0,76,Energy,Oil & Gas Equipment & Services
HAE,Haemonetics Corporation,-0.07,7.4,25,36,68,Health Care,Medical/Dental Instruments
CURB,Curbline Properties Corp.,-0.73,4.6,17,29,73,Finance,Real Estate
HAWK,"HawkEye 360, Inc.",-5.53,-25.73,0,2,2,Technology,EDP Services
HAYW,"Hayward Holdings, Inc.",-0.88,18.62,80,87,62,Industrials,Industrial Machinery/Components
MPT,"Medical Properties Trust, Inc.",0.44,-6.2,26,31,34,Real Estate,Real Estate Investment Trusts
STLJF,Stella-Jones Inc.,0.0,-5.17,0,0,19,Basic Materials,Lumber & Wood Production
FSK,FS KKR Capital Corp.,-0.96,-2.02,14,37,12,Finance,Investment Managers
ARCB,ArcBest Corporation,1.93,-2.54,4,8,91,Industrials,Trucking Freight/Courier Services
BOH,Bank of Hawaii Corporation,0.4,8.76,77,89,66,Finance,Major Banks
ATS,ATS Corporation,2.85,0.74,69,88,33,Industrials,Industrial Machinery/Components
GPOR,Gulfport Energy Corporation,-2.16,-3.41,34,49,12,Energy,Oil & Gas Production
IPAR,"Interparfums, Inc.",1.41,37.3,100,100,73,Consumer Discretionary,Package Goods/Cosmetics
RHI,Robert Half Inc.,-0.6,5.32,89,88,62,Consumer Discretionary,Professional Services
WDOFF,Wesdome Gold Mines Ltd.,4.82,0.62,94,100,61,Basic Materials,Gold
YUEIY,Yue Yuen Industrial (Holdings) Limited,5.89,-7.34,31,34,31,Consumer Cyclical,Footwear & Accessories
TATYY,Tate & Lyle plc,0.37,11.6,79,76,84,Consumer Defensive,Packaged Foods
NIC,"Nicolet Bankshares, Inc.",-0.36,21.94,87,89,69,Finance,Major Banks
JTCPF,JTC PLC,0.0,-1.15,4,34,54,Financial Services,Asset Management
KLRA,"Kailera Therapeutics, Inc.",5.96,11.01,100,100,19,Health Care,Biotechnology: Pharmaceutical Preparations
HMNKF,HMS Networks AB (publ),0.0,0.0,32,59,88,Technology,Communication Equipment
BWLP,BW LPG Limited,2.78,-4.18,30,36,81,Consumer Discretionary,Transportation Services
PAY,"Paymentus Holdings, Inc.",4.03,32.97,100,100,32,Consumer Discretionary,Business Services
EXK,Endeavour Silver Corp.,-0.58,-8.1,49,52,49,Basic Materials,Precious Metals
OLN,Olin Corporation,-1.45,-20.78,0,5,11,Industrials,Major Chemicals
AKR,AKR,0.19,-1.96,15,36,52,Real Estate,Real Estate Investment Trusts
SDRL,Seadrill Limited,-3.81,-16.03,4,13,44,Energy,Oil & Gas Production
VOYG,"Voyager Technologies, Inc.",-0.94,-28.93,21,23,60,Industrials,Military/Government/Technical
WSIOF,Wasion Holdings Limited,0.0,0.0,32,59,96,Industrials,Electrical Equipment & Parts
VAC,Marriott Vacations Worldwide Corporation,-2.37,12.66,51,56,87,Finance,Real Estate
OPMXF,"Operadora de Sites Mexicanos, S.A.B. de C.V.",2.33,0.78,94,100,96,Industrials,Engineering & Construction
GRBK,"Green Brick Partners, Inc.",-3.17,10.7,56,60,58,Consumer Discretionary,Homebuilding
IMPJY,Webuild S.p.A.,0.0,-10.7,0,10,6,Industrials,Engineering & Construction
BRZE,"Braze, Inc.",1.43,4.36,100,100,18,Technology,Computer Software: Prepackaged Software
LGDDF,Lagardere SA,0.0,0.0,5,39,21,Consumer Cyclical,Specialty Retail
DRTGF,Jet2 plc,0.0,6.85,62,73,38,Consumer Cyclical,Travel Services
TR,"Tootsie Roll Industries, Inc.",-5.84,1.11,41,50,31,Consumer Staples,Specialty Foods
VNET,"VNET Group, Inc.",-1.39,-19.57,10,16,23,Technology,Computer Software: Programming Data Processing
ACOPF,The a2 Milk Company Limited,0.0,28.81,96,95,18,Consumer Defensive,Packaged Foods
PHIN,PHINIA Inc.,5.24,-2.76,30,29,79,Consumer Discretionary,Auto Parts:O.E.M.
MGEE,"MGE Energy, Inc.",-1.51,12.32,77,78,38,Energy,Electric Utilities: Central
IPCFF,International Petroleum Corporation,-2.88,-21.58,0,0,43,Energy,Oil & Gas E&P
ZIM,ZIM Integrated Shipping Services Ltd.,-7.27,-6.84,0,0,71,Consumer Discretionary,Marine Transportation
JTTRY,"Japan Airport Terminal Co., Ltd.",0.0,-7.55,0,12,22,Industrials,Airports & Air Services
ACOPY,The a2 Milk Company Limited,12.12,41.23,100,100,19,Consumer Defensive,Packaged Foods
VISN,"Vistance Networks, Inc.",1.89,-0.24,36,40,92,Technology,Radio And Television Broadcasting And Communications Equipment
KD,"Kyndryl Holdings, Inc.",0.24,1.15,95,93,3,Technology,EDP Services
YUEIF,Yue Yuen Industrial (Holdings) Limited,0.0,4.0,14,23,12,Consumer Cyclical,Footwear & Accessories
ATKR,Atkore Inc.,1.79,-17.05,5,2,50,Miscellaneous,Industrial Machinery/Components
WK,Workiva Inc.,-0.75,5.08,86,85,6,Technology,Computer Software: Prepackaged Software
GMRS,GMR Solutions Inc.,-0.96,31.08,75,82,38,Consumer Discretionary,Transportation Services
IHS,IHS Holding Limited,0.49,-0.48,19,45,58,Telecommunications,Telecommunications Equipment
FSLY,"Fastly, Inc.",0.66,-8.34,53,59,87,Technology,Computer Software: Prepackaged Software
TRMD,TORM plc,1.05,-0.39,38,49,79,Consumer Discretionary,Marine Transportation
CALY,Callaway Golf Company,0.11,21.87,67,69,89,Consumer Discretionary,Recreational Games/Products/Toys
DRMKY,dormakaba Holding AG,1.68,11.28,54,61,33,Industrials,Building Products & Equipment
BRLXF,Boralex Inc.,0.0,-2.47,0,24,62,Utilities,Utilities - Renewable
BICEY,Société BIC SA,1.65,4.91,84,97,48,Consumer Defensive,Household & Personal Products
SUEZY,Südzucker AG,0.0,-15.77,0,7,39,Consumer Defensive,Packaged Foods
FCPT,"Four Corners Property Trust, Inc.",-0.4,6.0,43,63,43,Real Estate,Real Estate Investment Trusts
NMIH,"NMI Holdings, Inc.",0.83,14.69,90,95,43,Finance,Property-Casualty Insurers
SRAIF,Stadler Rail AG,0.0,4.82,66,73,63,Industrials,Railroads
TGB,Trekor Metals Limited,0.58,-8.65,37,45,83,Basic Materials,Precious Metals
NVG,Nuveen AMT-Free Municipal Credit Income Fund,0.0,1.98,45,62,47,Finance,Investment Managers
CZMWY,Carl Zeiss Meditec AG,3.56,6.14,100,100,12,Healthcare,Medical Instruments & Supplies
HUN,Huntsman Corporation,-2.22,-25.39,0,3,30,Industrials,Major Chemicals
MLFNF,Maple Leaf Foods Inc.,2.51,2.22,40,70,42,Consumer Defensive,Packaged Foods
SUPN,"Supernus Pharmaceuticals, Inc.",-1.69,5.68,74,75,43,Health Care,Biotechnology: Pharmaceutical Preparations
SMTGF,SMA Solar Technology AG,0.0,-10.15,96,94,94,Technology,Solar
HTFL,"Heartflow, Inc.",-3.06,-5.9,0,0,27,Health Care,Medical/Dental Instruments
MXCHY,"Orbia Advance Corporation, S.A.B. de C.V.",-0.77,-1.72,69,75,82,Industrials,Conglomerates
IRON,"Disc Medicine, Inc.",0.98,8.3,99,97,64,Health Care,Biotechnology: Pharmaceutical Preparations
AEO,"American Eagle Outfitters, Inc.",0.24,-0.96,0,0,42,Consumer Discretionary,Clothing/Shoe/Accessory Stores
NDVLY,New World Development Company Limited,-25.58,-28.89,0,0,6,Real Estate,Real Estate - Diversified
BRAI,Braiin Limited,-4.98,-29.69,0,1,1,Technology,EDP Services
WAFDP,"WaFd, Inc.",-0.61,1.86,36,61,40,Finance,Major Banks
TMC,TMC the metals company Inc.,0.24,-29.22,0,1,8,Basic Materials,Metal Mining
FXCNF,FXCNF,0.0,-20.21,0,8,87,Technology,Consumer Electronics
VVX,"V2X, Inc.",3.79,-8.11,24,30,76,Consumer Discretionary,Diversified Commercial Services
IDYA,"IDEAYA Biosciences, Inc.",4.57,34.74,100,100,80,Health Care,Biotechnology: Pharmaceutical Preparations
IVT,InvenTrust Properties Corp.,-0.73,7.94,45,58,70,Real Estate,Real Estate Investment Trusts
HKUOY,Hakuhodo DY Holdings Inc,4.57,-1.18,100,100,47,Communication Services,Advertising Agencies
ZNKKY,"ZENKOKU HOSHO Co.,Ltd.",0.0,-0.39,26,61,14,Financial Services,Credit Services
PDIYF,Predictive Discovery Limited,-1.0,-6.4,25,28,82,Basic Materials,Gold
LCID,"Lucid Group, Inc.",9.54,17.25,96,100,1,Industrials,Auto Manufacturing
USNZY,Usinas Siderúrgicas de Minas Gerais S.A.,0.61,-26.01,2,8,90,Basic Materials,Steel
ELUXY,AB Electrolux (publ),0.67,-12.05,0,12,16,Consumer Cyclical,"Furnishings, Fixtures & Appliances"
CUBI,"Customers Bancorp, Inc.",0.48,4.2,33,46,57,Finance,Major Banks
WU,The Western Union Company,-0.37,6.85,89,88,31,Consumer Discretionary,Business Services
FRME,First Merchants Corporation,-0.02,9.31,63,74,57,Finance,Major Banks
CALX,"Calix, Inc.",-0.03,0.34,61,62,7,Consumer Discretionary,Telecommunications Equipment
IMOS,ChipMOS TECHNOLOGIES INC.,13.45,14.94,100,100,97,Technology,Semiconductors
FURCF,Forvia SE,0.0,-23.97,0,5,11,Consumer Cyclical,Auto Parts
CSIOY,"Casio Computer Co.,Ltd.",0.0,11.25,73,80,83,Technology,Consumer Electronics
DGII,Digi International Inc.,1.48,5.73,75,90,92,Telecommunications,Computer Communications Equipment
BW,"Babcock & Wilcox Enterprises, Inc.",-3.58,-39.27,0,0,98,Industrials,Building Products
CHRYY,Chorus Limited,0.0,0.51,5,26,39,Communication Services,Telecom Services
SRBEF,Vusion S.A.,0.0,-13.93,17,22,10,Technology,Software - Application
KWR,Quaker Chemical Corporation,-1.07,13.32,74,77,73,Industrials,Major Chemicals
COHU,"Cohu, Inc.",-0.96,5.05,33,35,96,Industrials,Electrical Products
EKTAF,Elekta AB (publ),4.17,-19.23,12,18,22,Healthcare,Medical Devices
PPAAY,PT Perusahaan Gas Negara (Persero) Tbk,0.0,-19.74,0,12,12,Utilities,Utilities - Regulated Gas
UAA,"Under Armour, Inc.",2.71,22.04,100,100,68,Consumer Discretionary,Apparel
IMNM,"Immunome, Inc.",1.23,21.44,100,99,90,Health Care,Biotechnology: Pharmaceutical Preparations
MRPLY,Mr Price Group Limited,6.5,30.6,100,100,51,Consumer Cyclical,Apparel Retail
IWGFF,International Workplace Group plc,1.33,2.99,100,99,27,Real Estate,Real Estate Services
BCC,Boise Cascade Company,-0.86,9.93,42,46,30,Consumer Discretionary,RETAIL: Building Materials
TALO,Talos Energy Inc.,-2.87,-13.73,7,16,58,Energy,Oil & Gas Production
AEBZY,Anadolu Efes Biracilik ve Malt Sanayii Anonim Sirketi,0.0,13.51,94,91,72,Consumer Defensive,Beverages - Non-Alcoholic
PK,Park Hotels & Resorts Inc.,-0.83,3.63,23,49,83,Consumer Discretionary,Hotels/Resorts
ILKAY,Iluka Resources Limited,0.0,-18.79,0,3,71,Basic Materials,Other Industrial Metals & Mining
CHA,Chagee Holdings Limited,2.36,-2.68,12,20,16,Consumer Discretionary,Restaurants
OVHFF,OVH Groupe S.A.,6.71,1.17,37,41,89,Technology,Software - Infrastructure
HTO,H2O America,-1.94,8.24,70,73,62,Utilities,Water Supply
BBAI,"BigBear.ai Holdings, Inc.",1.42,-24.95,10,15,6,Technology,Computer Software: Prepackaged Software
ELVN,"Enliven Therapeutics, Inc.",0.38,40.91,91,93,95,Health Care,Biotechnology: Pharmaceutical Preparations
NBTB,NBT Bancorp Inc.,0.16,8.03,77,88,64,Finance,Major Banks
HNWAF,"Hanwa Co., Ltd.",0.0,-5.74,2,25,1,Industrials,Conglomerates
NSHBY,Nisshinbo Holdings Inc.,0.0,0.0,5,39,95,Industrials,Conglomerates
ALSSF,"Alsea, S.A.B. de C.V.",0.0,-12.07,0,9,13,Consumer Cyclical,Restaurants
NGVT,Ingevity Corporation,1.89,11.76,54,55,71,Industrials,Major Chemicals
AKRTF,Aker Solutions ASA,0.0,-7.0,0,13,76,Energy,Oil & Gas Equipment & Services
ATUSF,Altius Minerals Corporation,-0.2,6.37,92,87,89,Basic Materials,Other Industrial Metals & Mining
PRRFY,Premier Foods plc,0.0,8.6,73,82,53,Consumer Defensive,Packaged Foods
DNOW,DNOW Inc.,1.67,-5.11,6,5,28,Consumer Discretionary,Oil and Gas Field Machinery
RNW,ReNew Energy Global Plc,-1.97,-5.39,0,0,39,Utilities,Electric Utilities: Central
ZZHGY,"ZhongAn Online P & C Insurance Co., Ltd.",0.0,-15.19,5,16,3,Financial Services,Insurance - Property & Casualty
BUSEP,First Busey Corporation,-0.27,0.7,10,50,36,Finance,Major Banks
AVPT,"AvePoint, Inc.",5.1,10.61,100,100,26,Technology,Computer Software: Prepackaged Software
JBFCY,Jollibee Foods Corporation,2.76,8.27,100,100,5,Consumer Cyclical,Restaurants
MH,"McGraw Hill, Inc.",0.57,-12.15,32,36,6,Consumer Discretionary,Publishing
KOD,Kodiak Sciences Inc.,-3.94,8.37,76,77,97,Health Care,Biotechnology: Biological Products (No Diagnostic Substances)
HE,"Hawaiian Electric Industries, Inc.",-1.54,-0.15,43,63,44,Utilities,Electric Utilities: Central
SWONF,SoftwareOne Holding AG,0.0,-11.55,2,17,45,Technology,Software - Application
DRVN,Driven Brands Holdings Inc.,4.22,16.99,100,100,42,Consumer Discretionary,Automotive Aftermarket
DRD,DRDGOLD Limited,0.18,-14.3,17,24,20,Basic Materials,Precious Metals
IMYSY,Imerys S.A.,0.0,-6.54,38,47,31,Basic Materials,Specialty Chemicals
RAMP,"LiveRamp Holdings, Inc.",-0.5,0.43,3,36,77,Technology,EDP Services
DRH,DiamondRock Hospitality Company,-1.32,4.06,17,35,83,Real Estate,Real Estate Investment Trusts
AKRYY,Aker Solutions ASA,0.0,-5.02,33,49,89,Energy,Oil & Gas Equipment & Services
HNI,HNI Corporation,-0.17,37.41,96,94,44,Consumer Discretionary,Office Equipment/Supplies/Services
PCT,"PureCycle Technologies, Inc.",1.71,-44.52,1,3,31,Industrials,Major Chemicals
MNR,MNR,-0.32,-8.65,2,21,38,Energy,Oil & Gas Production
ALZCF,AlzChem Group AG,0.0,-16.82,1,13,48,Basic Materials,Specialty Chemicals
CRPHY,Ceres Power Holdings plc,-3.76,-35.34,13,18,98,Industrials,Electrical Equipment & Parts
NMZ,Nuveen Municipal High Income Opportunity Fund,0.19,3.69,48,73,43,Finance,Finance/Investors Services
EFSCP,Enterprise Financial Services Corp,-1.05,1.93,61,70,44,Finance,Major Banks
CCU,Compañía Cervecerías Unidas S.A.,1.8,0.98,46,59,24,Consumer Staples,Beverages (Production/Distribution)
EKTAY,Elekta AB (publ),0.76,-9.35,41,47,31,Healthcare,Medical Devices
SPKKY,Spark New Zealand Limited,-0.19,-2.05,1,16,11,Communication Services,Telecom Services
CDGLY,ComfortDelGro Corporation Limited,0.0,-10.47,4,21,18,Industrials,Railroads
ODFJF,ODFJF,0.0,-14.29,1,8,88,Energy,Oil & Gas Drilling
IMAX,IMAX Corporation,-6.39,-4.53,0,0,46,Consumer Discretionary,Industrial Machinery/Components
NGCRF,NagaCorp Ltd.,-10.87,-21.15,0,0,6,Consumer Cyclical,Resorts & Casinos
MBIN,Merchants Bancorp,-1.88,0.64,0,2,75,Finance,Major Banks
MBINN,Merchants Bancorp,0.6,-0.64,34,52,44,Finance,Major Banks
MLCO,Melco Resorts & Entertainment Limited,-2.97,-10.14,0,7,6,Consumer Discretionary,Hotels/Resorts
DRDGF,DRDGOLD Limited,-17.53,-17.53,0,0,11,Basic Materials,Gold
WLYB,"John Wiley & Sons, Inc.",2.03,21.88,100,100,84,Consumer Discretionary,Books
PLUS,ePlus inc.,3.11,3.34,55,64,49,Technology,Retail: Computer Software & Peripheral Equipment
WS,"Worthington Steel, Inc.",1.94,-23.46,3,5,41,Industrials,Steel/Iron Ore
RPBPF,RPBPF,3.1,2.63,42,44,95,Technology,Electronic Components
GMOYF,"GMO internet group, Inc.",0.0,0.0,5,39,26,Communication Services,Telecom Services
ACHC,"Acadia Healthcare Company, Inc.",-2.57,23.32,87,86,86,Health Care,Medical Specialities
ABBRF,AbraSilver Resource Corp.,-4.06,-18.27,27,31,89,Basic Materials,Other Precious Metals & Mining
ARR,"ARMOUR Residential REIT, Inc.",0.29,1.19,44,67,54,Real Estate,Real Estate Investment Trusts
SYBT,"Stock Yards Bancorp, Inc.",-0.4,8.98,83,82,55,Finance,Major Banks
ATHM,Autohome Inc.,2.48,9.96,90,95,19,Technology,EDP Services
OKCTF,Okinawa Cellular Telephone Company,0.0,0.0,32,59,1,Communication Services,Telecom Services
XRAY,DENTSPLY SIRONA Inc.,5.75,24.7,100,100,31,Health Care,Medical/Dental Instruments
CLBK,"Columbia Financial, Inc.",1.13,5.73,90,89,78,Finance,Savings Institutions
AESI,Atlas Energy Solutions Inc.,-4.49,-24.27,0,0,64,Industrials,Mining & Quarrying of Nonmetallic Minerals (No Fuels)
SPSC,"SPS Commerce, Inc.",1.66,7.04,91,98,8,Technology,Computer Software: Prepackaged Software
GEBHF,Genting Berhad,0.0,-9.26,0,11,6,Consumer Cyclical,Resorts & Casinos
MKMLF,"Makino Milling Machine Co., Ltd.",0.0,13.89,86,95,12,Industrials,Specialty Industrial Machinery
SLDE,"Slide Insurance Holdings, Inc.",-1.32,30.82,90,89,61,Finance,Property-Casualty Insurers
LC,LendingClub Corporation,0.2,12.29,67,75,79,Finance,Finance: Consumer Services
IOSP,Innospec Inc.,-0.83,2.18,10,36,47,Industrials,Major Chemicals
MHD,"BlackRock MuniHoldings Fund, Inc.",0.59,3.01,69,82,48,Finance,Investment Bankers/Brokers/Service
PRDO,Perdoceo Education Corporation,1.66,2.52,64,68,38,Real Estate,Other Consumer Services
PTKFY,PT Kalbe Farma Tbk.,4.7,4.05,38,44,3,Healthcare,Drug Manufacturers - General
FORTY,Formula Systems (1985) Ltd.,1.43,-21.5,20,27,17,Technology,EDP Services
LCSHF,Lancashire Holdings Limited,0.0,3.19,52,71,43,Financial Services,Insurance - Specialty
TRVI,"Trevi Therapeutics, Inc.",0.11,28.86,82,87,93,Health Care,Biotechnology: Pharmaceutical Preparations
OMCL,"Omnicell, Inc.",5.14,3.76,100,100,79,Technology,Computer Manufacturing
TAVHF,TAV Havalimanlari Holding A.S.,0.0,0.36,37,59,14,Industrials,Airports & Air Services
BHC,Bausch Health Companies Inc.,-1.84,-8.56,13,25,9,Health Care,Biotechnology: Pharmaceutical Preparations
CMGMY,Chemring Group PLC,4.39,17.77,100,100,36,Industrials,Aerospace & Defense
HRUFF,H&R Real Estate Investment Trust,0.0,4.45,46,56,45,Real Estate,REIT - Diversified
GNL,"Global Net Lease, Inc.",-2.28,-4.15,1,20,50,Real Estate,Real Estate Investment Trusts
FLYW,Flywire Corporation,-2.24,25.72,88,86,85,Consumer Discretionary,Business Services
NMM,Navios Maritime Partners L.P.,3.28,4.83,73,90,84,Consumer Discretionary,Marine Transportation
OCUL,"Ocular Therapeutix, Inc.",0.21,9.77,66,71,33,Health Care,Biotechnology: Pharmaceutical Preparations
SESMF,SUSS MicroTec SE,0.0,-12.25,0,0,94,Technology,Semiconductor Equipment & Materials
NTLA,"Intellia Therapeutics, Inc.",1.59,20.95,100,100,85,Health Care,Biotechnology: In Vitro & In Vivo Diagnostic Substances
UHOIF,Ushio Inc.,0.0,17.32,83,88,93,Industrials,Specialty Industrial Machinery
BLX,Bladex Inc.,-1.47,4.42,18,24,74,Finance,Commercial Banks
NEOG,Neogen Corporation,1.82,4.28,58,73,81,Health Care,Biotechnology: In Vitro & In Vivo Diagnostic Substances
PDFS,"PDF Solutions, Inc.",-4.11,0.64,23,24,94,Technology,Computer Software: Prepackaged Software
ALKT,"Alkami Technology, Inc.",-0.37,17.12,95,93,20,Technology,Computer Software: Prepackaged Software
SION,"Sionna Therapeutics, Inc.",-1.98,14.13,88,86,80,Health Care,Biotechnology: Pharmaceutical Preparations
STOK,"Stoke Therapeutics, Inc.",-0.83,7.67,85,83,84,Health Care,Biotechnology: Pharmaceutical Preparations
PFFVF,Pfeiffer Vacuum Technology AG,0.0,3.16,79,80,45,Industrials,Specialty Industrial Machinery
PLAB,"Photronics, Inc.",1.18,-7.36,2,0,35,Technology,Semiconductors
STEL,"Stellar Bancorp, Inc.",0.03,7.32,67,58,70,Finance,Major Banks
BLDP,Ballard Power Systems Inc.,-1.7,-43.0,0,0,86,Energy,Industrial Machinery/Components
RAPP,"Rapport Therapeutics, Inc.",-1.03,2.88,44,56,90,Health Care,Biotechnology: Pharmaceutical Preparations
AGM,Federal Agricultural Mortgage Corporation,-0.03,11.27,87,89,69,Finance,Finance Companies
ABCL,AbCellera Biologics Inc.,-2.96,23.55,88,89,94,Health Care,Biotechnology: Pharmaceutical Preparations
PDO,Pimco Dynamic Income Opportunities Fund,0.23,2.3,57,81,40,Finance,Trusts Except Educational Religious and Charitable
FBYD,"Falcon's Beyond Global, Inc.",3.07,30.22,100,100,94,Consumer Discretionary,Services-Misc. Amusement & Recreation
TY,Tri-Continental Corporation,-0.09,1.44,37,66,52,Finance,Finance Companies
LGYRF,Landis+Gyr Group AG,0.0,-16.32,1,7,10,Industrials,Electrical Equipment & Parts
PUMP,ProPetro Holding Corp.,1.65,-25.38,3,1,85,Energy,Oilfield Services/Equipment
SGML,Sigma Lithium Corporation,0.65,-16.02,8,12,83,Basic Materials,Metal Mining
FIVN,"Five9, Inc.",2.82,-1.47,100,99,73,Technology,EDP Services
CMRE,Costamare Inc.,1.61,-7.06,15,25,48,Consumer Discretionary,Marine Transportation
GUYGF,G2 Goldfields Inc.,3.19,10.39,95,100,95,Basic Materials,Gold
ADMA,"ADMA Biologics, Inc.",2.35,14.79,100,100,5,Health Care,Biotechnology: Biological Products (No Diagnostic Substances)
QFIN,"Qfin Holdings, Inc.",-1.23,-0.13,37,45,14,Finance,Finance: Consumer Services
KNCAF,"Konica Minolta, Inc.",0.0,-5.25,0,9,49,Industrials,Business Equipment & Supplies
BLRDF,Billerud AB (publ),0.0,-15.92,1,13,24,Basic Materials,Paper & Paper Products
AIN,Albany International Corp.,0.8,8.14,51,56,80,Consumer Discretionary,Textiles
CTS,CTS Corporation,-0.26,-8.91,0,0,80,Technology,Electrical Products
GDNGY,PT Gudang Garam Tbk,5.17,1.28,90,93,75,Consumer Defensive,Tobacco
HRMY,"Harmony Biosciences Holdings, Inc.",-0.67,12.29,88,85,70,Health Care,Biotechnology: Pharmaceutical Preparations
ASAN,"Asana, Inc.",-1.77,-10.66,46,48,8,Technology,Computer Software: Prepackaged Software
DETRF,Deterra Royalties Limited,-3.49,-10.12,0,0,52,Basic Materials,Other Industrial Metals & Mining
SFRGY,Salvatore Ferragamo S.p.A.,10.45,19.27,100,100,92,Consumer Cyclical,Luxury Goods
ECO,Okeanis Eco Tankers Corp.,0.45,12.32,50,55,90,Consumer Discretionary,Marine Transportation
TIC,"TIC Solutions, Inc.",0.86,-3.31,20,40,19,Consumer Discretionary,Business Services
PRLB,"Proto Labs, Inc.",0.97,3.13,33,32,88,Industrials,Metal Fabrications
BKSY,BlackSky Technology Inc.,-2.58,-31.52,19,22,59,Technology,Radio And Television Broadcasting And Communications Equipment
ADNT,Adient plc,3.46,-14.98,24,29,21,Consumer Discretionary,Auto Parts:O.E.M.
TBNGY,PT Bukit Asam (Persero) Tbk,-7.04,-13.03,0,0,16,Energy,Thermal Coal
ANIP,"ANI Pharmaceuticals, Inc.",-1.14,7.39,71,77,54,Health Care,Biotechnology: Pharmaceutical Preparations
CBZ,"CBIZ, Inc.",0.68,6.03,94,96,17,Consumer Discretionary,Business Services
INTA,"Intapp, Inc.",0.77,13.16,100,97,11,Technology,Computer Software: Prepackaged Software
NNWWF,The North West Company Inc.,0.11,-6.22,26,41,32,Consumer Defensive,Grocery Stores
SREMF,Sunrise Energy Metals Limited,-3.67,14.93,56,62,98,Industrials,Pollution & Treatment Controls
BEPTF,Beach Energy Limited,-1.48,-23.08,0,5,6,Energy,Oil & Gas E&P
CMPS,COMPASS Pathways plc,-5.73,-1.61,36,38,96,Health Care,Biotechnology: Pharmaceutical Preparations
WIPKF,WIPKF,-0.32,4.64,83,82,29,Consumer Cyclical,Packaging & Containers
CHCO,City Holding Company,0.06,7.29,69,83,53,Finance,Major Banks
AGIO,"Agios Pharmaceuticals, Inc.",-0.51,29.87,85,87,50,Health Care,Biotechnology: Pharmaceutical Preparations
FSHYF,Shougang Fushan Resources Group Limited,0.0,-13.56,1,16,77,Basic Materials,Coking Coal
HURN,Huron Consulting Group Inc.,2.93,-6.69,41,45,5,Consumer Discretionary,Professional Services
ETV,Eaton Vance Tax-Managed Buy-Write Opportunities Fund,0.07,1.35,60,72,55,Finance,Investment Bankers/Brokers/Service
CASH,"Pathward Financial, Inc.",1.44,13.92,96,100,53,Finance,Major Banks
CAPR,"Capricor Therapeutics, Inc.",-3.36,-19.75,0,0,85,Health Care,Biotechnology: Pharmaceutical Preparations
NKRKF,Nokian Renkaat Oyj,5.29,16.89,100,100,87,Consumer Cyclical,Auto Parts
BL,"BlackLine, Inc.",-2.61,1.36,74,76,3,Technology,Computer Software: Prepackaged Software
WD,"Walker & Dunlop, Inc.",-3.5,1.84,28,45,24,Finance,Finance: Consumer Services
USA,Liberty All-Star Equity Fund,1.21,1.03,71,84,37,Finance,Finance Companies
MGPPF,Megaport Limited,0.0,13.73,66,74,93,Technology,Software - Infrastructure
APPN,Appian Corporation,-0.08,-0.77,83,83,14,Technology,Computer Software: Prepackaged Software
SOIEF,Stolt-Nielsen Limited,-1.35,-9.74,0,0,32,Industrials,Marine Shipping
FMC,FMC Corporation,0.26,-5.99,33,54,2,Industrials,Major Chemicals
SLSR,Solaris Resources Inc.,-0.71,-16.43,18,22,67,Basic Materials,Other Precious Metals & Mining
AMBQ,AMBQ,1.17,-1.39,52,62,97,Technology,Semiconductors
EFC,Ellington Financial Inc.,0.82,1.41,41,58,56,Finance,Real Estate
CRRSF,CRRSF,-3.73,-11.26,52,52,62,,
CMOPF,Cosmo N.V.,0.67,-7.19,6,25,19,Healthcare,Drug Manufacturers - General
DALXF,Spartan Delta Corp.,0.07,-11.71,21,30,90,Energy,Oil & Gas E&P
XPRO,Expro Group Holdings N.V.,-2.5,-15.49,16,19,47,Energy,Oilfield Services/Equipment
LWLG,"Lightwave Logic, Inc.",0.41,-39.24,0,0,96,Industrials,Containers/Packaging
SYAXF,Elevra Lithium Limited,5.18,-23.43,11,18,94,Basic Materials,Other Industrial Metals & Mining
IIPR,"Innovative Industrial Properties, Inc.",-2.37,9.2,66,70,75,Finance,Real Estate
XFABF,X-FAB Silicon Foundries SE,7.5,-49.38,10,10,79,Technology,Semiconductors
WBTN,WEBTOON Entertainment Inc.,-0.86,-1.03,24,37,38,Consumer Discretionary,Publishing
LMPMY,Lee & Man Paper Manufacturing Limited,0.0,-4.31,52,66,52,Basic Materials,Paper & Paper Products
AIP,"Arteris, Inc.",-0.68,-6.37,2,2,97,Technology,Semiconductors
HCTPF,Hutchison Port Holdings Trust,0.0,-10.53,1,16,24,Industrials,Marine Shipping
GEAHF,Great Eagle Holdings Limited,0.0,0.0,5,39,61,Real Estate,Real Estate - Diversified
BOEUF,Bonesupport Holding AB (publ),0.0,-14.37,1,15,17,Healthcare,Medical Instruments & Supplies
IMKTA,"Ingles Markets, Incorporated",0.39,3.88,28,42,65,Consumer Staples,Food Chains
GABC,"German American Bancorp, Inc.",-0.25,8.63,62,75,64,Finance,Major Banks
TSLX,"Sixth Street Specialty Lending, Inc.",-0.52,-0.18,76,79,16,Finance,Investment Managers
STMRF,Stanmore Resources Limited,0.0,-9.44,1,14,43,Basic Materials,Coking Coal
DXC,DXC Technology Company,1.31,5.57,100,99,6,Technology,EDP Services
TNIEF,tonies SE,-0.34,26.12,95,100,85,Consumer Cyclical,Leisure
KSS,Kohl's Corporation,-7.09,6.72,30,29,75,Consumer Discretionary,Department/Specialty Retail Stores
VIR,"Vir Biotechnology, Inc.",-0.2,9.51,74,83,86,Health Care,Biotechnology: Biological Products (No Diagnostic Substances)
XHR,"Xenia Hotels & Resorts, Inc.",-0.84,11.09,59,65,85,Consumer Discretionary,Hotels/Resorts
AMLX,"Amylyx Pharmaceuticals, Inc.",-1.64,25.58,83,87,89,Health Care,Biotechnology: Pharmaceutical Preparations
RHUHF,Richelieu Hardware Ltd.,0.0,0.42,69,81,40,Industrials,Tools & Accessories
INVA,"Innoviva, Inc.",-2.2,-1.53,0,1,44,Health Care,Biotechnology: Pharmaceutical Preparations
VRNO,Verano Holdings Corp,-0.81,9.64,67,84,74,Healthcare,Drug Manufacturers - Specialty & Generic
FSUN,FirstSun Capital Bancorp,-0.59,9.87,66,78,40,Finance,Major Banks
BFC,Bank First Corporation,-0.32,8.56,77,83,64,Finance,Major Banks
PGEN,"Precigen, Inc.",-0.71,45.08,82,83,93,Health Care,Biotechnology: Pharmaceutical Preparations
IMTX,Immatics N.V.,0.4,-1.87,76,83,59,Health Care,Biotechnology: Biological Products (No Diagnostic Substances)
BORR,Borr Drilling Limited,-0.45,-11.49,39,47,73,Energy,Oil & Gas Production
OGCP,"Empire State Realty OP, L.P.",0.0,4.68,23,30,19,Real Estate,REIT - Office
LZB,La-Z-Boy Incorporated,-1.28,8.09,55,59,59,Consumer Discretionary,Home Furnishings
IMDXF,Imdex Limited,0.0,1.21,32,56,80,Industrials,Farm & Heavy Construction Machinery
DMRA,"Damora Therapeutics, Inc.",-0.6,33.57,96,94,98,Health Care,Biotechnology: Pharmaceutical Preparations
LWSCF,Sienna Senior Living Inc.,0.0,1.74,8,34,44,Healthcare,Medical Care Facilities
JPDYY,Japan Display Inc.,0.0,2.72,20,46,94,Technology,Electronic Components
LNDAF,"Línea Directa Aseguradora, S.A., Compañía de Seguros y Reaseguros",0.0,0.0,32,59,26,Financial Services,Insurance - Property & Casualty
CCS,"Century Communities, Inc.",-4.29,19.2,60,63,56,Consumer Discretionary,Homebuilding
NHNKY,Nihon Kohden Corporation,2.21,4.88,100,100,16,Healthcare,Medical Devices
TRINZ,Trinity Capital Inc. 7.875% Notes due 2029,-0.2,1.2,14,47,41,Finance,Finance: Consumer Services
SNIRF,Senior plc,0.0,4.38,81,86,79,Industrials,Aerospace & Defense
CNOB,"ConnectOne Bancorp, Inc.",0.62,6.93,48,50,74,Finance,Major Banks
WACLY,Wacoal Holdings Corp.,-8.7,-6.77,0,11,14,Consumer Cyclical,Apparel Manufacturing
NNE,NANO Nuclear Energy Inc.,0.8,-22.82,0,0,8,Utilities,Electric Utilities: Central
ACKAY,Arçelik Anonim Sirketi,0.0,7.1,73,80,23,Consumer Cyclical,"Furnishings, Fixtures & Appliances"
MBX,"MBX Biosciences, Inc.",-0.17,86.67,98,97,97,Health Care,Biotechnology: Pharmaceutical Preparations
ALKEF,Alkane Resources Ltd,2.02,-6.48,21,34,77,Basic Materials,Gold
CBL,"CBL & Associates Properties, Inc.",0.51,12.71,65,75,90,Real Estate,Real Estate Investment Trusts
RYZ,Ryerson Holding Corporation,7.62,-8.59,28,32,54,Industrials,Metal Fabrications
BTT,Blackrock Municipal 2030 Target Term Trust,0.09,0.91,27,51,38,Finance,Investment Managers
KARO,Karooooo Ltd.,4.55,17.43,100,100,56,Technology,Computer Software: Prepackaged Software
MAN,ManpowerGroup Inc.,-0.9,20.09,91,90,61,Consumer Discretionary,Professional Services
EBRCZ,EBRCZ,0.0,-6.13,70,73,1,Healthcare,Medical Devices
WEN,The Wendy's Company,-8.14,17.04,60,65,29,Consumer Discretionary,Restaurants
GBX,"The Greenbrier Companies, Inc.",1.66,3.18,11,28,29,Industrials,Railroads
FTRE,Fortrea Holdings Inc.,3.3,3.48,88,93,94,Health Care,Medical Specialities
KMPB,KMPB,0.29,0.78,12,43,40,Finance,Property-Casualty Insurers
CRLFF,Cardinal Energy Ltd.,-2.7,-16.82,0,0,64,Energy,Oil & Gas E&P
FUGRF,Fugro N.V.,0.0,4.6,13,37,62,Energy,Oil & Gas Equipment & Services
CSWC,Capital Southwest Corporation,0.21,2.07,62,71,57,Consumer Discretionary,Textiles
WZZZY,Wizz Air Holdings Plc,0.0,21.21,90,96,47,Industrials,Airlines
PLTK,Playtika Holding Corp.,0.26,23.17,82,87,55,Technology,EDP Services
BCAX,Bicara Therapeutics Inc.,0.76,43.17,93,98,93,Health Care,Biotechnology: Pharmaceutical Preparations
CRI,"Carter's, Inc.",-3.81,2.49,2,0,66,Consumer Discretionary,Apparel
ALMR,"Alamar Biosciences, Inc.",-1.08,19.4,71,75,60,Industrials,Biotechnology: Laboratory Analytical Instruments
HCSG,"Healthcare Services Group, Inc.",-2.11,20.39,84,81,84,Health Care,Hospital/Nursing Management
AVBP,"ArriVent BioPharma, Inc.",-0.52,4.23,89,88,89,Health Care,Biotechnology: Pharmaceutical Preparations
TRRSF,Trisura Group Ltd.,0.0,6.83,87,84,42,Financial Services,Insurance - Specialty
BORAY,"Bora Pharmaceuticals Co., Ltd.",15.11,-23.82,24,19,2,,
BAK,Braskem S.A.,-2.45,-36.44,1,3,7,Industrials,Major Chemicals
FOR,Forestar Group Inc.,-1.3,6.74,44,54,71,Finance,Real Estate
ARRY,"Array Technologies, Inc.",0.72,-22.77,0,0,18,Consumer Discretionary,Miscellaneous manufacturing industries
HBNB,Hotel101 Global Holdings Corp.,1.95,-8.67,55,58,57,Consumer Discretionary,Hotels/Resorts
IDT,IDT Corporation,2.48,8.61,100,100,58,Telecommunications,Telecommunications Equipment
SVV,"Savers Value Village, Inc.",-1.81,7.11,41,46,44,Consumer Discretionary,Other Specialty Stores
NRP,Natural Resource Partners L.P.,-1.25,-7.67,2,19,19,Energy,Coal Mining
WBI,WaterBridge Infrastructure LLC,2.78,4.38,58,69,81,Energy,Oilfield Services/Equipment
TDOC,"Teladoc Health, Inc.",0.98,27.09,100,98,84,Health Care,Medical/Nursing Services
OLPX,"Olaplex Holdings, Inc.",0.0,1.47,39,60,75,Consumer Discretionary,Package Goods/Cosmetics
NBR,Nabors Industries Ltd.,-1.97,-24.49,0,0,87,Energy,Oil & Gas Production
CRML,Critical Metals Corp.,-3.14,-15.59,0,0,86,Basic Materials,Metal Mining
SWDHY,Skyworth Group Limited,-23.91,-31.55,0,0,79,Technology,Consumer Electronics
AOSL,Alpha and Omega Semiconductor Limited,3.05,-23.9,7,6,90,Technology,Semiconductors
ATVDY,"Atresmedia Corporación de Medios de Comunicación, S.A.",0.0,-3.15,51,63,25,Communication Services,Entertainment
MUC,"BlackRock MuniHoldings California Quality Fund, Inc.",-0.09,2.46,51,74,47,Finance,Investment Bankers/Brokers/Service
MALJF,Magellan Aerospace Corporation,9.6,11.04,100,100,93,Industrials,Aerospace & Defense
MYI,"BlackRock MuniYield Quality Fund III, Inc.",-0.45,1.99,36,60,44,Finance,Investment Bankers/Brokers/Service
LIFZF,Labrador Iron Ore Royalty Corporation,-0.95,-1.43,5,31,25,Basic Materials,Steel
NSSC,"Napco Security Technologies, Inc.",3.68,9.99,100,100,39,Telecommunications,Telecommunications Equipment
NVGS,Navigator Holdings Ltd.,3.87,-8.65,24,30,59,Consumer Discretionary,Marine Transportation
CCEC,Capital Clean Energy Carriers Corp.,1.76,-5.14,73,76,47,Consumer Discretionary,Marine Transportation
LSPD,Lightspeed Commerce Inc.,-1.57,12.25,85,84,37,Technology,Computer Software: Prepackaged Software
COAG,"Hemab Therapeutics Holdings, Inc.",-3.32,17.95,40,45,17,Health Care,Biotechnology: Biological Products (No Diagnostic Substances)
KELTF,Kelt Exploration Ltd.,1.63,-12.37,18,25,56,Energy,Oil & Gas E&P
GCT,GigaCloud Technology Inc.,2.62,2.31,81,96,43,Consumer Discretionary,Catalog/Specialty Distribution
CHNFF,CHNFF,0.0,60.27,95,98,87,Consumer Defensive,Beverages - Non-Alcoholic
TUYA,Tuya Inc.,3.41,-9.45,10,19,9,Technology,Computer Software: Prepackaged Software
RDWR,Radware Ltd.,2.12,4.12,81,92,55,Consumer Discretionary,Business Services
MSDL,Morgan Stanley Direct Lending Fund,-0.13,2.23,82,83,40,Financial Services,Asset Management
ENOV,Enovis Corporation,15.11,13.3,100,100,30,Health Care,Industrial Specialties
PBT,Permian Basin Royalty Trust,0.89,-14.05,0,11,84,Energy,Oil & Gas Production
ATLC,Atlanticus Holdings Corporation,-0.59,16.55,36,36,91,Finance,Finance: Consumer Services
WABC,Westamerica Bancorporation,-0.34,5.31,57,76,65,Finance,Major Banks
TRIP,"Tripadvisor, Inc.",-2.87,16.15,78,76,44,Technology,Computer Software: Programming Data Processing
GILT,Gilat Satellite Networks Ltd.,1.63,-18.03,27,32,47,Technology,Radio And Television Broadcasting And Communications Equipment
TWOD,Two Harbors Investment Corp.,0.12,0.59,29,51,34,Real Estate,Real Estate Investment Trusts
UVV,Universal Corporation,-0.46,-2.82,0,15,31,Industrials,Farming/Seeds/Milling
RXT,"Rackspace Technology, Inc.",12.33,14.94,60,63,99,Technology,Computer Software: Programming Data Processing
LYPHF,Luye Pharma Group Ltd.,0.0,-37.74,2,6,3,Healthcare,Drug Manufacturers - Specialty & Generic
MNSAF,Mineros S.A.,2.45,13.7,80,91,88,Basic Materials,Gold
TV,"Grupo Televisa, S.A.B.",3.41,1.49,17,20,35,Industrials,Broadcasting
UAN,"CVR Partners, LP",0.23,-5.32,34,47,61,Industrials,Agricultural Chemicals
LUCK,Lucky Strike Entertainment Corporation,0.78,1.31,14,22,16,Consumer Discretionary,Services-Misc. Amusement & Recreation
SQZZF,Serica Energy plc,0.0,-16.47,1,10,52,Energy,Oil & Gas E&P
RMIX,"Suncrete, Inc.",-2.12,19.81,49,55,94,Industrials,Building Materials
DSL,DoubleLine Income Solutions Fund,-0.64,1.29,27,62,37,Finance,Trusts Except Educational Religious and Charitable
DFDDF,DFDS A/S,0.0,21.4,77,81,78,Industrials,Marine Shipping
XPEL,"XPEL, Inc.",3.15,8.8,86,93,67,Industrials,Industrial Specialties
XZO,"Exzeo Group, Inc.",0.16,49.16,98,96,39,Finance,Property-Casualty Insurers
TMLDF,TMLDF,-6.25,41.01,43,45,89,,
TUFBY,Thai Union Group Public Company Limited,0.0,-2.43,5,41,56,Consumer Defensive,Packaged Foods
FLTLF,Flow Traders Ltd.,0.0,3.81,66,85,27,Financial Services,Capital Markets
FGROY,FirstGroup plc,-3.92,22.14,79,79,25,Industrials,Railroads
PAHC,Phibro Animal Health Corporation,2.62,3.3,100,100,13,Health Care,Biotechnology: Pharmaceutical Preparations
DSGR,"Distribution Solutions Group, Inc.",-0.51,-2.13,0,13,30,Consumer Discretionary,Industrial Specialties
ICFI,"ICF International, Inc.",-0.19,9.02,92,91,27,Consumer Discretionary,Professional Services
ACNDF,CapitaLand India Trust,-1.25,3.95,26,39,22,Real Estate,Real Estate Services
MRVI,"Maravai LifeSciences Holdings, Inc.",-2.32,18.24,62,69,94,Health Care,Biotechnology: Pharmaceutical Preparations
VIA,VIA,0.16,26.57,97,96,9,Technology,Computer Software: Prepackaged Software
BCCMY,BAIC Motor Corporation Limited,0.0,-26.77,1,8,2,Consumer Cyclical,Auto Manufacturers
AFMJF,Alphamin Resources Corp.,0.0,0.97,48,58,86,Basic Materials,Other Industrial Metals & Mining
JFR,Nuveen Floating Rate Income Fund,-0.13,2.09,37,59,43,Finance,Trusts Except Educational Religious and Charitable
FQVTF,Fevertree Drinks PLC,-4.46,3.39,8,14,29,Consumer Defensive,Beverages - Non-Alcoholic
OPFI,OppFi Inc.,0.5,18.46,96,96,42,Finance,Finance: Consumer Services
ARYTF,Aryt Industries Ltd.,0.0,-16.5,28,32,1,Industrials,Aerospace & Defense
VULNF,Vulcan Energy Resources Limited,0.0,-19.7,15,27,13,Basic Materials,Other Industrial Metals & Mining
ORZCF,Orezone Gold Corporation,3.49,-6.81,71,78,85,Basic Materials,Gold
HKEPF,"Hokkaido Electric Power Company, Incorporated",0.0,0.89,51,72,1,Utilities,Utilities - Renewable
SBET,"Sharplink, Inc.",6.78,-0.87,90,100,3,Technology,Computer Software: Prepackaged Software
BRETF,Brazilian Rare Earths Limited,0.0,-27.91,1,10,6,Basic Materials,Other Precious Metals & Mining
EMO,ClearBridge Energy Midstream Opportunity Fund Inc,-0.06,-1.06,14,36,48,Finance,Investment Managers
QKIE,QKIE,0.0,0.44,16,45,95,Financial Services,Shell Companies
BMCLF,BAIC Motor Corporation Limited,0.0,-8.72,2,18,2,Consumer Cyclical,Auto Manufacturers
PSNL,"Personalis, Inc.",5.29,18.51,100,100,94,Health Care,Medical Specialities
INSP,"Inspire Medical Systems, Inc.",5.32,17.21,100,100,4,Health Care,Medical/Dental Instruments
BVHMY,BVHMY,1.95,-5.36,74,80,2,Consumer Cyclical,Residential Construction
LIFE,Ethos Technologies Inc.,-0.87,13.04,83,87,79,Finance,Specialty Insurers
BOMXF,"Bolsa Mexicana de Valores, S.A.B. de C.V.",0.0,-8.04,23,40,27,Financial Services,Financial Data & Stock Exchanges
CDNA,"CareDx, Inc.",-0.45,25.69,91,93,90,Health Care,Medical Specialities
FMBH,"First Mid Bancshares, Inc.",0.41,9.05,73,87,70,Finance,Major Banks
TBNRL,Tamboran Resources Corporation,0.0,2.78,65,88,86,Energy,Oil & Gas E&P
ALGGY,"Alliance Global Group, Inc.",0.0,-4.15,0,24,21,Industrials,Conglomerates
GIC,Global Industrial Company,-0.39,8.21,36,43,49,Industrials,Industrial Machinery/Components
REAL,"The RealReal, Inc.",-1.04,26.21,58,59,76,Consumer Discretionary,Other Specialty Stores
IRMD,IRADIMED CORPORATION,1.32,9.33,100,99,73,Health Care,Medical/Dental Instruments
SVC,Service Properties Trust,1.16,6.06,77,83,37,Real Estate,Real Estate Investment Trusts
PDS,Precision Drilling Corporation,-0.07,-23.33,0,2,49,Energy,Oil & Gas Production
WZZAF,Wizz Air Holdings Plc,0.0,0.0,5,39,13,Industrials,Airlines
AGBK,AGI Inc,1.69,5.55,94,100,10,Finance,Commercial Banks
HIVE,HIVE Digital Technologies Ltd.,4.32,-22.65,7,6,84,Finance,Finance: Consumer Services
ACVA,ACV Auctions Inc.,1.78,26.58,100,100,51,Consumer Discretionary,Business Services
ROCK,"Gibraltar Industries, Inc.",-1.57,12.87,69,73,18,Industrials,Steel/Iron Ore
MOGLF,Mongolian Mining Corporation,0.0,-29.2,13,17,4,Basic Materials,Coking Coal
NSUKF,NSUKF,0.0,0.0,32,59,1,Unknown,Unknown
CHRHF,Chervon Holdings Limited,0.0,-4.48,64,69,56,Industrials,Tools & Accessories
EYPT,"EyePoint, Inc.",3.29,17.78,90,93,52,Industrials,Biotechnology: Laboratory Analytical Instruments
UFCS,"United Fire Group, Inc.",-2.11,21.11,81,79,89,Finance,Property-Casualty Insurers
LNN,Lindsay Corporation,-3.69,3.09,22,37,32,Industrials,Industrial Machinery/Components
INDI,"indie Semiconductor, Inc.",6.93,-3.54,100,100,79,Technology,Semiconductors
LQDT,"Liquidity Services, Inc.",0.05,3.9,39,53,79,Consumer Discretionary,Business Services
DQ,Daqo New Energy Corp.,0.65,-26.95,0,0,2,Technology,Semiconductors
PZZA,"Papa John's International, Inc.",-3.29,7.31,42,47,17,Consumer Discretionary,Restaurants
HFWA,Heritage Financial Corporation,0.37,7.93,74,87,68,Finance,Banks
HSLV,Highlander Silver Corp.,2.4,1.59,99,100,10,Basic Materials,Silver
DEA,"Easterly Government Properties, Inc.",-1.8,5.73,72,75,64,Real Estate,Real Estate Investment Trusts
DLX,Deluxe Corporation,-0.7,5.32,72,82,56,Consumer Discretionary,Publishing
TPLKF,PVA TePla AG,0.0,0.02,84,94,91,Industrials,Specialty Industrial Machinery
ABR,"Arbor Realty Trust, Inc.",-5.5,-10.43,0,4,3,Real Estate,Real Estate Investment Trusts
MEQYF,Mainstreet Equity Corp.,0.0,1.44,25,49,21,Real Estate,Real Estate Services
AOD,Abrdn Total Dynamic Dividend Fund,1.06,1.07,79,91,64,Finance,Investment Managers
NMAX,NMAX,0.67,-5.43,85,86,58,Industrials,Broadcasting
OSBC,"Old Second Bancorp, Inc.",-0.04,8.4,59,72,66,Finance,Major Banks
MGAWY,Megaworld Corporation,0.0,2.3,85,84,26,Real Estate,Real Estate - Development
NAT,Nordic American Tankers Limited,0.34,15.62,45,48,89,Consumer Discretionary,Marine Transportation
EVV,Eaton Vance Limited Duration Income Fund,0.21,2.51,65,78,35,Finance,Finance/Investors Services
GLGDF,GoGold Resources Inc.,-0.42,-0.42,75,85,74,Basic Materials,Other Precious Metals & Mining
OCFC,OceanFirst Financial Corp.,0.0,6.96,46,60,47,Finance,Major Banks
AORT,"Artivion, Inc.",2.88,18.33,100,100,4,Health Care,Medical/Dental Instruments
BNGRF,Savencia SA,0.0,4.97,5,39,80,Consumer Defensive,Packaged Foods
SAFE,Safehold Inc.,-2.62,6.16,56,65,57,Real Estate,Real Estate Investment Trusts
OMDA,"Omada Health, Inc.",2.05,25.48,100,100,86,Health Care,Medical/Nursing Services
LPTH,"LightPath Technologies, Inc.",-3.16,-19.98,25,31,95,Technology,Semiconductors
THRM,Gentherm Incorporated,2.66,-8.3,18,35,54,Consumer Discretionary,Auto Parts:O.E.M.
TGONF,Tetragon Financial Group Limited,0.0,10.14,69,78,12,,
CHY,Calamos Convertible and High Income Fund,0.45,2.76,74,85,73,Finance,Investment Managers
UTZ,"Utz Brands, Inc.",-1.81,20.49,84,84,14,Consumer Staples,Packaged Foods
GNK,Genco Shipping & Trading Limited,1.96,3.69,75,84,81,Consumer Discretionary,Marine Transportation
DEC,Diversified Energy Company,-6.01,-4.75,30,35,22,Energy,Oil & Gas Integrated
IVA,Inventiva S.A.,-0.26,-7.8,64,66,13,Health Care,Biotechnology: Pharmaceutical Preparations
PDM,"Piedmont Realty Trust, Inc.",0.1,7.85,83,87,75,Real Estate,Building operators
MNXMF,FireFly Metals Ltd,0.0,-16.47,27,30,12,Basic Materials,Other Industrial Metals & Mining
PGUUF,"Prosegur Cash, S.A.",0.0,0.0,32,59,66,Industrials,Integrated Freight & Logistics
RSTCF,"RS Technologies Co., Ltd.",0.0,5.93,100,100,60,Technology,Semiconductors
INNV,InnovAge Holding Corp.,1.0,68.19,100,99,95,Health Care,Medical/Nursing Services
WTBFB,W.T.B. Financial Corporation,0.39,1.72,42,58,64,Financial Services,Banks - Regional
MHPSY,MHP SE,-1.09,-15.65,0,3,66,Consumer Defensive,Farm Products
PAKTY,PAKTY,0.0,0.0,32,59,91,Consumer Cyclical,Specialty Retail
LINIF,LINIF,-3.28,-2.4,0,32,98,Unknown,Unknown
ARAFF,Arafura Rare Earths Limited,5.88,-10.0,27,34,60,Basic Materials,Other Industrial Metals & Mining
MJDLF,Major Drilling Group International Inc.,3.08,-16.73,11,14,59,Basic Materials,Other Industrial Metals & Mining
CWAFF,China Water Affairs Group Limited,0.0,0.0,5,39,15,Utilities,Utilities - Regulated Water
YRCCF,Yurtec Corporation,0.0,0.0,32,59,1,Industrials,Engineering & Construction
RNP,"Cohen & Steers REIT and Preferred Income Fund, Inc.",-0.44,-1.02,43,60,37,Finance,Investment Managers
JVTSF,Juventus Football Club S.p.A.,-2.3,-2.26,0,2,13,Communication Services,Entertainment
GOOG,Alphabet Inc.,2.45,-1.12,70,69,84,Technology,Computer Software: Programming Data Processing
AMZN,Amazon.com Inc,0.61,-3.79,63,66,54,Consumer Discretionary,Catalog/Specialty Distribution
TSLA,Tesla Inc,6.69,0.32,81,91,51,Industrials,Auto Manufacturing
LLY,Eli Lilly and Company,-1.14,6.65,67,78,79,Health Care,Biotechnology: Pharmaceutical Preparations
WMT,Walmart Inc.,-1.06,-6.02,7,13,34,Consumer Discretionary,Department/Specialty Retail Stores
ORCL,Oracle Corporation,2.49,-39.17,3,2,8,Technology,Computer Software: Prepackaged Software
V,Visa Inc.,-1.35,11.58,81,81,49,Consumer Discretionary,Business Services
JNJ,Johnson & Johnson,-1.41,13.66,83,83,77,Health Care,Biotechnology: Pharmaceutical Preparations
CSCO,"Cisco Systems, Inc.",1.52,-12.0,6,1,88,Telecommunications,Computer Communications Equipment
CAT,Caterpillar Inc.,0.66,3.13,42,44,92,Industrials,Construction/Ag Equipment/Trucks
ARM,Arm Holdings plc,2.21,-18.1,3,2,96,Technology,Semiconductors
BAC,Bank of America Corporation,1.99,11.15,100,100,65,Finance,Major Banks
IDCBY,Industrial and Commercial Bank of China Limited,-0.18,-4.66,0,8,38,Financial Services,Banks - Diversified
UNH,UnitedHealth Group,-1.73,6.03,39,57,82,Health Care,Medical Specialities
RHHVF,Roche Holding AG,-1.23,-3.53,43,59,46,Healthcare,Drug Manufacturers - General
MS,Morgan Stanley,3.82,1.75,56,71,83,Finance,Investment Bankers/Brokers/Service
HSBC,HSBC Holdings plc,2.03,6.61,100,100,80,Finance,Savings Institutions
HBCYF,HSBC Holdings plc,3.81,6.64,96,100,79,Financial Services,Banks - Diversified
CTATF,CTATF,-0.86,-13.0,0,0,93,,
MRK,"Merck & Co., Inc.",-2.15,6.18,68,76,73,Health Care,Biotechnology: Pharmaceutical Preparations
PCCYF,PetroChina Company Limited,3.74,-17.78,10,13,41,Energy,Oil & Gas Integrated
TXN,Texas Instruments Incorporated,3.56,-0.61,31,46,89,Technology,Semiconductors
DELL,Dell Technologies Inc.,4.43,-2.43,46,47,97,Technology,Computer Manufacturing
LVMUY,"LVMH Moët Hennessy - Louis Vuitton, Société Européenne",-0.76,2.02,25,43,27,Consumer Cyclical,Luxury Goods
QCOM,QUALCOMM Incorporated,5.8,-23.12,17,18,73,Technology,Radio And Television Broadcasting And Communications Equipment
GEV,GE Vernova Inc.,3.5,19.65,89,100,91,Industrials,Specialty Industrial Machinery
BACHF,Bank of China Limited,-4.41,1.56,8,26,49,Financial Services,Banks - Diversified
TM,Toyota Motor Corporation,2.98,0.17,84,88,21,Industrials,Auto Manufacturing
SIEGY,Siemens Aktiengesellschaft,1.81,1.72,88,100,70,Industrials,Specialty Industrial Machinery
WFC,Wells Fargo & Company,2.27,7.14,100,100,44,Finance,Major Banks
LIN,Linde plc,-1.12,6.52,73,74,58,Basic Materials,Major Chemicals
RYDAF,Shell plc,6.62,-9.21,24,22,35,Energy,Oil & Gas Integrated
BHPLF,BHP Group Limited,0.0,-6.05,7,20,81,Basic Materials,Other Industrial Metals & Mining
SAPGF,SAP SE,-1.06,-14.0,29,36,6,Technology,Software - Application
MBFJF,"Mitsubishi UFJ Financial Group, Inc.",11.33,3.27,56,64,74,Financial Services,Banks - Diversified
NVO,Novo Nordisk A/S,-2.32,12.59,82,80,42,Health Care,Biotechnology: Pharmaceutical Preparations
VZ,Verizon Communications Inc.,-1.15,-6.24,0,7,29,Telecommunications,Telecommunications Equipment
NONOF,Novo Nordisk A/S,0.98,12.2,100,97,48,Healthcare,Drug Manufacturers - General
STX,Seagate Technology Holdings plc,5.86,-6.17,15,15,98,Technology,Electronic Components
IDEXY,"Industria de Diseño Textil, S.A.",-0.99,2.04,22,58,55,Consumer Cyclical,Apparel Retail
TD,The Toronto-Dominion Bank,1.12,6.06,66,79,83,Finance,Commercial Banks
CRWD,"CrowdStrike Holdings, Inc.",2.78,10.91,100,100,92,Technology,Computer Software: Prepackaged Software
WDC,Western Digital Corporation,7.14,0.37,28,30,98,Technology,Electronic Components
BA,The Boeing Company,3.55,7.87,100,100,51,Industrials,Aerospace
MRVL,"Marvell Technology, Inc.",1.62,-21.22,3,1,97,Technology,Semiconductors
SBGSY,Schneider Electric S.E.,0.81,-3.59,32,57,62,Industrials,Specialty Industrial Machinery
T,AT&T Inc.,0.0,-9.62,0,7,8,Telecommunications,Telecommunications Equipment
ALIZF,Allianz SE,-1.61,7.54,75,74,64,Financial Services,Insurance - Diversified
EADSF,Airbus SE,4.52,17.33,100,100,61,Industrials,Aerospace & Defense
SMERY,SMERY,0.03,2.46,75,90,81,Industrials,Specialty Industrial Machinery
DTEGF,Deutsche Telekom AG,-1.69,-13.91,30,38,11,Communication Services,Telecom Services
BUD,Anheuser-Busch InBev SA/NV,-2.4,1.87,0,6,66,Consumer Staples,Beverages (Production/Distribution)
UNP,Union Pacific Corporation,0.12,7.08,92,90,65,Industrials,Railroads
TOELF,Tokyo Electron Limited,4.39,10.4,65,69,95,Technology,Semiconductor Equipment & Materials
IBDRY,"Iberdrola, S.A.",-0.53,7.74,54,63,60,Utilities,Utilities - Diversified
RYCEF,Rolls-Royce Holdings plc,1.12,17.61,100,98,77,Industrials,Aerospace & Defense
ISRG,"Intuitive Surgical, Inc.",1.6,3.35,91,93,18,Health Care,Industrial Specialties
ABT,Abbott Laboratories,0.24,5.34,84,89,11,Health Care,Biotechnology: Pharmaceutical Preparations
SAFRF,Safran SA,2.59,16.79,100,100,69,Industrials,Aerospace & Defense
HTHIF,"Hitachi, Ltd.",0.57,-8.23,35,41,35,Industrials,Conglomerates
CIHKY,"China Merchants Bank Co., Ltd.",2.89,-2.79,27,38,21,Financial Services,Banks - Regional
UBS,UBS Group AG,2.17,9.4,100,100,80,Finance,Major Banks
PIAIF,"Ping An Insurance (Group) Company of China, Ltd.",-0.16,-19.05,6,10,14,Financial Services,Insurance - Life
SMFG,"Sumitomo Mitsui Financial Group, Inc.",4.0,8.18,100,100,83,Finance,Commercial Banks
PLD,"Prologis, Inc.",0.55,-1.79,28,40,60,Real Estate,Real Estate Investment Trusts
BTI,British American Tobacco p.l.c.,-0.5,6.24,41,59,60,Health Care,Medicinal Chemicals and Botanical Products
SNEJF,Sony Group Corporation,-0.68,-8.42,25,32,14,Technology,Consumer Electronics
UNCRY,UniCredit S.p.A.,0.58,9.6,97,93,77,Financial Services,Banks - Regional
HNHPF,"Hon Hai Precision Industry Co., Ltd.",5.13,-16.57,22,19,69,Technology,Electronic Components
CFRHF,Compagnie Financière Richemont SA,-0.23,9.01,69,75,67,Consumer Cyclical,Luxury Goods
SPGI,S&P Global Inc.,1.67,12.52,100,100,34,Finance,Finance: Consumer Services
UNLYF,Unilever PLC,-1.4,9.72,74,72,31,Consumer Defensive,Household & Personal Products
LMT,Lockheed Martin Corporation,-1.45,3.65,64,78,38,Industrials,Military/Government/Technical
IVSXF,Investor AB (publ),0.0,-0.02,62,69,67,Financial Services,Asset Management
LOW,"Lowe's Companies, Inc.",-1.64,7.83,68,66,28,Consumer Discretionary,RETAIL: Building Materials
EBBNF,Enbridge Inc.,0.19,0.51,17,46,43,Energy,Oil & Gas Midstream
EBGEF,Enbridge Inc.,1.04,-1.26,5,35,42,Energy,Oil & Gas Midstream
HDB,HDFC Bank Limited,6.33,14.02,100,100,19,Finance,Commercial Banks
IITSF,Intesa Sanpaolo S.p.A.,1.85,9.66,87,93,55,Financial Services,Banks - Regional
ZIJMY,Zijin Mining Group Company Limited,10.14,-5.42,57,65,38,Basic Materials,Gold
COF,Capital One Financial Corporation,0.67,12.72,86,92,36,Finance,Major Banks
MO,"Altria Group, Inc.",-1.14,3.34,37,55,64,Health Care,Medicinal Chemicals and Botanical Products
BYDDY,BYD Company Limited,4.83,-8.31,62,64,9,Consumer Cyclical,Auto Manufacturers
BMO,Bank of Montreal,1.13,6.59,66,80,82,Finance,Commercial Banks
SBUX,Starbucks Corporation,-2.07,8.47,49,56,61,Consumer Discretionary,Restaurants
MRAAY,"Murata Manufacturing Co., Ltd.",-2.63,1.6,37,44,98,Technology,Electronic Components
MFG,"Mizuho Financial Group, Inc.",4.12,5.72,98,100,86,Finance,Major Banks
MSBHF,Mitsubishi Corporation,0.18,-11.56,0,3,45,Industrials,Conglomerates
PWR,"Quanta Services, Inc.",0.86,-6.26,0,0,86,Industrials,Engineering & Construction
SNY,Sanofi,-1.27,-3.99,17,32,22,Health Care,Biotechnology: Pharmaceutical Preparations
ADBE,Adobe Inc.,-0.75,-15.61,36,41,6,Technology,Computer Software: Prepackaged Software
GLAXF,GSK plc,0.0,4.5,27,42,53,Healthcare,Drug Manufacturers - General
CDNS,"Cadence Design Systems, Inc.",0.7,-8.72,0,22,70,Technology,Computer Software: Prepackaged Software
BN,Brookfield Corporation,1.22,-2.27,33,46,38,Real Estate,Building operators
GSK,GSK plc,-1.06,3.55,67,73,54,Health Care,Biotechnology: Pharmaceutical Preparations
TT,Trane Technologies plc,1.91,5.3,44,57,60,Industrials,Auto Parts:O.E.M.
BNS,The Bank of Nova Scotia,1.98,7.0,74,83,77,Finance,Major Banks
GMBXF,"Grupo México, S.A.B. de C.V.",-3.94,-4.1,4,27,76,Basic Materials,Other Industrial Metals & Mining
DUK,Duke Energy Corporation,-2.8,3.41,20,48,40,Utilities,Power Generation
STOHF,Equinor ASA,0.0,-15.02,16,23,54,Energy,Oil & Gas Integrated
CNQ,Canadian Natural Resources Limited,-0.73,-16.55,2,7,46,Energy,Oil & Gas Production
FCX,Freeport-McMoRan Inc.,0.05,-12.47,0,7,68,Basic Materials,Metal Mining
CHDRY,Christian Dior SE,1.48,4.13,32,45,31,Consumer Cyclical,Luxury Goods
GD,General Dynamics Corporation,0.89,10.85,100,95,58,Industrials,Marine Transportation
SHECF,"Shin-Etsu Chemical Co., Ltd.",6.69,-4.16,42,53,76,Basic Materials,Chemicals
RCRRF,"Recruit Holdings Co., Ltd.",-0.39,7.25,83,81,85,Communication Services,Internet Content & Information
EQNR,Equinor ASA,0.06,-14.85,8,15,54,Energy,Integrated oil Companies
CIXPF,"CaixaBank, S.A.",0.0,5.85,93,100,78,Financial Services,Banks - Regional
PROSY,Prosus N.V.,2.33,-5.5,20,27,10,Consumer Cyclical,Internet Retail
RCRUY,"Recruit Holdings Co., Ltd.",2.72,9.75,100,100,86,Communication Services,Internet Content & Information
ATLKY,Atlas Copco AB (publ),1.4,4.31,71,98,63,Industrials,Specialty Industrial Machinery
MCK,McKesson Corporation,-0.26,3.6,47,58,30,Health Care,Other Pharmaceuticals
WEBNF,Westpac Banking Corporation,7.11,-0.78,87,100,40,Financial Services,Banks - Diversified
PNC,"The PNC Financial Services Group, Inc.",1.48,11.49,99,100,72,Finance,Major Banks
MGCOF,MGCOF,1.69,9.25,100,100,60,Unknown,Unknown
DDOG,"Datadog, Inc.",-1.92,4.83,74,82,94,Technology,Computer Software: Prepackaged Software
TKOMF,"Tokio Marine Holdings, Inc.",0.02,3.51,43,48,50,Financial Services,Insurance - Property & Casualty
BKFCF,"Bank of Communications Co., Ltd.",0.0,0.0,5,39,40,Financial Services,Banks - Diversified
MIELY,Mitsubishi Electric Corporation,2.82,-0.01,55,77,81,Industrials,Electrical Equipment & Parts
MELI,"MercadoLibre, Inc.",2.4,10.45,100,100,21,Consumer Discretionary,Business Services
ASX,"ASE Technology Holding Co., Ltd.",4.5,13.95,85,94,97,Technology,Semiconductors
TKOMY,"Tokio Marine Holdings, Inc.",3.24,10.56,100,100,58,Financial Services,Insurance - Property & Casualty
HCA,"HCA Healthcare, Inc.",1.6,15.5,100,100,26,Health Care,Hospital/Nursing Management
BCS,Barclays PLC,2.3,13.59,100,100,80,Finance,Commercial Banks
NOKBF,Nokia Oyj,3.21,-23.94,10,8,94,Technology,Communication Equipment
CIEN,Ciena Corporation,2.69,-19.01,11,19,96,Utilities,Telecommunications Equipment
SLB,SLB N.V.,1.31,-21.19,2,6,56,Energy,Oilfield Services/Equipment
NOK,Nokia Oyj,3.65,-24.73,12,10,94,Technology,Radio And Television Broadcasting And Communications Equipment
NPPXF,"NTT, Inc.",0.0,-5.21,31,43,22,Communication Services,Telecom Services
VCISF,Vinci SA,0.0,-1.39,0,4,37,Industrials,Engineering & Construction
MHVIY,MHVIY,9.03,9.64,100,100,1,Industrials,Specialty Industrial Machinery
NOC,Northrop Grumman Corporation,-0.23,0.47,73,75,20,Industrials,Industrial Machinery/Components
MHVYF,"Mitsubishi Heavy Industries, Ltd.",9.26,7.92,100,100,27,Industrials,Specialty Industrial Machinery
BAESY,BAE Systems plc,2.36,4.89,99,100,36,Industrials,Aerospace & Defense
CP,Canadian Pacific Kansas City Limited,0.24,-1.46,26,45,57,Industrials,Railroads
ENGIY,Engie SA,-0.13,-0.1,32,44,67,Utilities,Utilities - Diversified
NTES,"NetEase, Inc.",2.95,7.36,100,100,40,Technology,Computer Software: Prepackaged Software
E,Eni S.p.A.,-0.79,-14.54,6,10,56,Energy,Oil & Gas Production
EIPAF,Eni S.p.A.,0.0,-11.67,0,9,57,Energy,Oil & Gas Integrated
GM,General Motors Company,2.43,-6.25,19,25,62,Industrials,Auto Manufacturing
HLT,Hilton Worldwide Holdings Inc.,0.38,0.37,31,53,65,Consumer Discretionary,Hotels/Resorts
CI,The Cigna Group,-2.01,0.46,16,30,34,Health Care,Medical Specialities
MPC,Marathon Petroleum Corporation,0.99,0.73,85,85,81,Energy,Integrated oil Companies
ECL,Ecolab Inc.,0.13,11.86,72,79,45,Consumer Discretionary,Package Goods/Cosmetics
BSX,Boston Scientific Corporation,-1.2,-8.7,23,32,2,Health Care,Medical/Dental Instruments
ITW,Illinois Tool Works Inc.,0.55,9.88,95,90,48,Industrials,Industrial Machinery/Components
COHR,Coherent Corp.,0.7,-20.43,0,0,95,Technology,Electronic Components
RNMBY,Rheinmetall AG,2.2,-6.18,56,60,4,Industrials,Aerospace & Defense
RNMBF,Rheinmetall AG,0.22,-7.78,56,57,4,Industrials,Aerospace & Defense
TNCAF,TC Energy Corporation,0.0,0.0,32,59,48,Energy,Oil & Gas Midstream
ARZGY,Assicurazioni Generali S.p.A.,0.62,9.42,80,86,75,Financial Services,Insurance - Diversified
JAPAY,Japan Tobacco Inc.,0.53,1.06,31,51,51,Consumer Defensive,Tobacco
NKE,"NIKE, Inc.",-1.7,-0.64,36,50,8,Consumer Discretionary,Shoe Manufacturing
MURGF,Münchener Rückversicherungs-Gesellschaft Aktiengesellschaft in München,2.54,14.21,100,100,25,Financial Services,Insurance - Reinsurance
MKGAF,Merck KGaA,-2.18,1.58,61,71,68,Healthcare,Drug Manufacturers - Specialty & Generic
DLR,"Digital Realty Trust, Inc.",0.23,-7.34,0,0,38,Real Estate,Real Estate Investment Trusts
LITE,Lumentum Holdings Inc.,0.4,-22.63,0,0,98,Telecommunications,Telecommunications Equipment
ET,Energy Transfer LP,-0.41,-1.89,41,59,55,Utilities,Natural Gas Distribution
NRDBY,Nordea Bank Abp,1.24,3.83,100,97,65,Financial Services,Banks - Regional
RBSPF,NatWest Group plc,0.67,13.5,96,95,71,Financial Services,Banks - Regional
SOBKY,SoftBank Corp.,-0.69,-3.08,18,30,21,Communication Services,Telecom Services
HKXCF,Hong Kong Exchanges and Clearing Limited,4.18,-10.95,25,35,20,Financial Services,Financial Data & Stock Exchanges
BKR,Baker Hughes Company,0.89,-19.45,0,0,48,Consumer Discretionary,Oil and Gas Field Machinery
CMCLF,CMOC Group Limited,2.46,-14.4,20,23,63,Basic Materials,Other Industrial Metals & Mining
TRV,"The Travelers Companies, Inc.",-0.92,16.07,86,84,67,Finance,Property-Casualty Insurers
KDDIY,KDDI Corporation,-0.18,2.18,37,52,34,Communication Services,Telecom Services
KDDIF,KDDI Corporation,-3.11,-1.79,0,6,34,Communication Services,Telecom Services
DB,Deutsche Bank Aktiengesellschaft,3.29,15.03,100,100,65,Finance,Major Banks
SNGNF,Singapore Telecommunications Limited,0.0,7.14,64,71,32,Communication Services,Telecom Services
MPNGF,Meituan,0.0,-10.5,29,33,5,Consumer Cyclical,Internet Retail
LSEGY,London Stock Exchange Group plc,2.92,-4.61,51,55,26,Financial Services,Financial Data & Stock Exchanges
ALAB,"Astera Labs, Inc.",6.48,20.86,67,72,98,Technology,Semiconductors
SCBFY,Standard Chartered PLC,3.39,8.48,100,100,85,Financial Services,Banks - Diversified
LTOUF,Larsen & Toubro Limited,0.0,0.0,5,39,41,Industrials,Engineering & Construction
MBGAF,Mercedes-Benz Group AG,0.91,-9.11,23,36,17,Consumer Cyclical,Auto Manufacturers
NBIS,NBIS,-1.21,-17.97,0,0,96,Technology,Computer Software: Programming Data Processing
KEYS,"Keysight Technologies, Inc.",1.87,-6.81,5,3,87,Industrials,Industrial Machinery/Components
UMC,United Microelectronics Corporation,5.26,24.24,68,70,98,Technology,Semiconductors
IMO,Imperial Oil Limited,-0.83,-11.09,8,19,58,Energy,Integrated oil Companies
AFL,Aflac Incorporated,-0.34,4.49,56,76,53,Finance,Accident &Health Insurance
AAUKF,Anglo American plc,0.0,-6.8,41,52,78,Basic Materials,Other Industrial Metals & Mining
HOCPY,HOYA Corporation,0.37,-4.81,0,7,46,Healthcare,Medical Instruments & Supplies
OXY,Occidental Petroleum Corporation,-0.2,-16.42,5,10,32,Energy,Oil & Gas Production
STRD,Strategy Inc,2.48,-7.52,60,64,13,Technology,Computer Software: Prepackaged Software
STRC,Strategy Inc,0.81,-5.68,57,57,28,Technology,Computer Software: Prepackaged Software
CIIHY,CITIC Securities Company Limited,0.0,0.0,32,59,47,Financial Services,Capital Markets
HOCPF,HOYA Corporation,0.0,-9.56,0,2,49,Healthcare,Medical Instruments & Supplies
SE,Sea Limited,1.65,14.02,100,100,23,Consumer Discretionary,Other Consumer Services
FLEX,Flex Ltd.,1.31,-13.08,2,0,96,Technology,Electrical Products
KBCSF,KBC Group NV,0.0,-3.02,5,39,50,Financial Services,Banks - Regional
ENAKF,E.ON SE,0.0,-9.79,0,12,29,Utilities,Utilities - Diversified
VLKPF,Volkswagen AG,-0.46,-22.79,2,9,10,Consumer Cyclical,Auto Manufacturers
PCRHY,PCRHY,0.75,18.62,84,87,95,Technology,Consumer Electronics
FANG,"Diamondback Energy, Inc.",0.98,-14.39,2,7,49,Energy,Oil & Gas Production
UCBJF,UCB SA,-4.09,-5.15,14,31,48,Healthcare,Biotechnology
HCMLY,Holcim AG,3.45,0.42,83,100,61,Basic Materials,Building Materials
WMMVF,"Wal-Mart de México, S.A.B. de C.V.",-1.05,-5.35,0,9,17,Consumer Defensive,Discount Stores
WMMVY,"Wal-Mart de México, S.A.B. de C.V.",-1.36,-5.39,0,0,17,Consumer Defensive,Discount Stores
COR,"Cencora, Inc.",0.69,10.44,98,94,25,Health Care,Other Pharmaceuticals
NDAQ,"Nasdaq, Inc.",-0.22,-4.16,51,58,27,Finance,Investment Bankers/Brokers/Service
LBLCF,Loblaw Companies Limited,-2.18,-4.17,0,0,35,Consumer Defensive,Grocery Stores
ANCTF,Alimentation Couche-Tard Inc.,0.63,9.57,59,69,63,Consumer Cyclical,Specialty Retail
AME,"AMETEK, Inc.",1.07,3.82,44,69,63,Industrials,Industrial Machinery/Components
BMWKY,BMWKY,-0.09,-15.39,19,26,7,Consumer Cyclical,Auto Manufacturers
HCMLF,Holcim AG,4.44,-0.94,41,51,55,Basic Materials,Building Materials
DBOEF,Deutsche Börse AG,2.41,3.72,76,75,41,Financial Services,Financial Data & Stock Exchanges
MCHPP,Microchip Technology Incorporated,3.14,-8.36,12,11,71,Technology,Semiconductors
PRYMF,Prysmian S.p.A.,0.0,-7.45,1,22,90,Industrials,Electrical Equipment & Parts
ASMIY,ASM International NV,4.08,5.28,36,41,90,Technology,Semiconductor Equipment & Materials
FAST,Fastenal Company,-0.6,2.44,79,78,50,Consumer Discretionary,RETAIL: Building Materials
PRYMY,Prysmian S.p.A.,1.01,-6.59,11,12,91,Industrials,Electrical Equipment & Parts
ROK,"Rockwell Automation, Inc.",2.37,4.46,64,87,79,Industrials,Industrial Machinery/Components
FSUMF,Fortescue Ltd,0.0,-6.29,36,40,46,Basic Materials,Other Industrial Metals & Mining
COIN,"Coinbase Global, Inc.",2.05,2.89,96,100,6,Finance,Finance: Consumer Services
XEL,Xcel Energy Inc.,-1.94,4.12,36,56,46,Utilities,Power Generation
FSUGY,Fortescue Ltd,-0.27,-14.6,0,8,35,Basic Materials,Other Industrial Metals & Mining
JHPCY,JHPCY,0.0,-13.04,6,20,10,Healthcare,Drug Manufacturers - Specialty & Generic
CTPCY,CITIC Limited,-12.25,-20.82,0,0,21,Industrials,Conglomerates
SUHJY,Sun Hung Kai Properties Limited,1.31,-7.22,16,35,47,Real Estate,Real Estate - Development
UOVEY,United Overseas Bank Limited,1.4,4.54,87,100,58,Financial Services,Banks - Regional
CRZBF,Commerzbank AG,0.0,-1.49,27,36,58,Financial Services,Banks - Regional
TKPHF,Takeda Pharmaceutical Company Limited,0.0,5.02,46,53,38,Healthcare,Drug Manufacturers - Specialty & Generic
EBKDY,Erste Group Bank AG,0.8,15.6,99,96,78,Financial Services,Banks - Regional
ON,ON Semiconductor Corporation,3.8,-28.17,11,16,91,Technology,Semiconductors
ODFL,"Old Dominion Freight Line, Inc.",-0.56,-11.84,0,9,74,Industrials,Trucking Freight/Courier Services
BAIDF,"Baidu, Inc.",-9.84,-15.69,35,40,35,Communication Services,Internet Content & Information
TYHOY,Toyota Tsusho Corporation,1.76,-9.8,17,31,68,Industrials,Conglomerates
DANOY,Danone S.A.,-1.59,13.14,79,79,39,Consumer Defensive,Packaged Foods
DNBBY,DNB Bank ASA,2.45,-0.03,52,68,53,Financial Services,Banks - Regional
FANUY,Fanuc Corporation,5.35,-3.82,58,73,85,Industrials,Specialty Industrial Machinery
SMMNY,Siemens Healthineers AG,-0.1,-0.79,28,45,12,Healthcare,Medical Devices
FITB,Fifth Third Bancorp,1.28,12.55,100,99,75,Finance,Major Banks
FITBM,Fifth Third Bancorp,0.23,0.77,57,78,36,Finance,Major Banks
XYZ,"Block, Inc.",0.11,11.33,88,90,67,Technology,Computer Software: Prepackaged Software
SWZCF,Swisscom AG,-1.11,-11.65,0,0,35,Communication Services,Telecom Services
CHPXF,"China Pacific Insurance (Group) Co., Ltd.",0.0,-10.76,0,12,16,Financial Services,Insurance - Life
IDXX,"IDEXX Laboratories, Inc.",1.29,0.04,57,64,27,Health Care,Biotechnology: In Vitro & In Vivo Diagnostic Substances
WAB,Westinghouse Air Brake Technologies Corporation,-0.34,-0.46,0,0,61,Industrials,Railroads
SCMWY,Swisscom AG,-1.78,-9.36,0,0,35,Communication Services,Telecom Services
PINXF,The People's Insurance Company (Group) of China Limited,27.72,29.69,100,100,57,Financial Services,Insurance - Property & Casualty
CRDO,Credo Technology Group Holding Ltd,9.77,22.09,58,63,96,Technology,Semiconductors
CNSWF,Constellation Software Inc.,-1.14,-7.12,7,16,13,Technology,Software - Application
GMGSF,Goodman Group,0.0,-8.28,0,10,40,Real Estate,REIT - Diversified
ELEZY,"Endesa, S.A.",-1.13,5.18,54,65,68,Utilities,Utilities - Regulated Electric
SSREF,Swiss Re AG,3.42,11.37,93,100,27,Financial Services,Insurance - Reinsurance
TTRAF,TTRAF,0.0,-9.22,0,9,32,Communication Services,Telecom Services
DHI,"D.R. Horton, Inc.",-1.07,7.15,41,46,48,Consumer Discretionary,Homebuilding
PINXY,The People's Insurance Company (Group) of China Limited,3.74,-12.32,18,28,14,Financial Services,Insurance - Property & Casualty
HHUSF,Hua Hong Grace Semiconductor Limited,0.0,-0.26,83,89,97,Technology,Semiconductors
ESLT,Elbit Systems Ltd.,0.96,-3.09,38,42,79,Industrials,Military/Government/Technical
HEI,HEICO Corporation,0.89,9.75,100,95,68,Industrials,Aerospace
RKT,"Rocket Companies, Inc.",-1.4,17.54,88,87,26,Finance,Finance: Consumer Services
KDP,Keurig Dr Pepper Inc.,-4.65,6.37,28,44,64,Consumer Staples,Beverages (Production/Distribution)
SSREY,Swiss Re AG,0.44,10.97,95,91,33,Financial Services,Insurance - Reinsurance
IBIDF,"Ibiden Co.,Ltd.",-1.2,0.84,84,88,99,Technology,Electronic Components
IBIDY,"Ibiden Co.,Ltd.",6.37,17.51,53,57,98,Technology,Electronic Components
ALNY,"Alnylam Pharmaceuticals, Inc.",0.08,3.1,93,91,16,Health Care,Biotechnology: Pharmaceutical Preparations
AMP,"Ameriprise Financial, Inc.",3.75,11.52,100,100,47,Finance,Investment Managers
NPSNY,Naspers Limited,1.63,-6.9,7,17,12,Consumer Cyclical,Internet Retail
ASAZY,ASSA ABLOY AB (publ),-0.11,1.14,43,64,35,Industrials,Security & Protection Services
SVKEF,Skandinaviska Enskilda Banken AB (publ),1.9,0.84,33,54,49,Financial Services,Banks - Regional
MAHMF,Mahindra & Mahindra Limited,0.0,4.66,62,76,22,Consumer Cyclical,Auto Manufacturers
PBCRY,PT Bank Central Asia Tbk,5.58,12.93,81,86,9,Financial Services,Banks - Regional
HDLMY,HDLMY,2.11,-3.44,35,43,19,Basic Materials,Building Materials
ED,"Consolidated Edison, Inc.",-1.8,7.55,61,69,48,Utilities,Power Generation
ACSAY,"ACS, Actividades de Construcción y Servicios, S.A.",0.89,2.15,57,67,87,Industrials,Engineering & Construction
BLMIF,Bank Leumi le-Israel B.M.,9.3,1.56,70,72,54,Financial Services,Banks - Regional
A,A,-0.07,-5.43,32,46,42,Industrials,Biotechnology: Laboratory Analytical Instruments
ACSAF,"ACS, Actividades de Construcción y Servicios, S.A.",0.0,-2.25,8,22,87,Industrials,Engineering & Construction
LNVGY,Lenovo Group Limited,-5.18,-14.83,0,0,95,Technology,Computer Hardware
WCN,"Waste Connections, Inc.",-0.71,8.88,71,81,31,Utilities,Environmental Services
WAT,Waters Corporation,-0.11,0.64,76,84,58,Industrials,Biotechnology: Laboratory Analytical Instruments
PSZKF,Powszechna Kasa Oszczednosci Bank Polski Spólka Akcyjna,2.38,-2.66,85,100,82,Financial Services,Banks - Regional
TSCDF,Tesco PLC,0.16,3.97,67,81,45,Consumer Defensive,Grocery Stores
JDCMF,"JD.com, Inc.",0.0,-5.52,0,19,21,Consumer Cyclical,Internet Retail
SDZNY,Sandoz Group AG,-1.82,8.97,56,67,79,Healthcare,Drug Manufacturers - Specialty & Generic
CHHQF,China Hongqiao Group Limited,4.39,-24.04,17,20,75,Basic Materials,Aluminum
CBRE,"CBRE Group, Inc.",-0.73,7.33,81,81,28,Finance,Real Estate
FINMY,Leonardo S.p.a.,6.62,5.72,98,100,36,Industrials,Aerospace & Defense
SDZXF,Sandoz Group AG,0.0,8.26,82,94,82,Healthcare,Drug Manufacturers - Specialty & Generic
SYY,Sysco Corporation,-0.71,14.04,84,82,58,Consumer Discretionary,Food Distributors
AMKBF,A.P. Møller - Mærsk A/S,0.0,-12.33,0,8,48,Industrials,Marine Shipping
WDAY,"Workday, Inc.",1.91,-6.71,72,73,9,Technology,EDP Services
KGC,Kinross Gold Corporation,0.04,-13.57,24,34,34,Basic Materials,Precious Metals
AMKBY,A.P. Møller - Mærsk A/S,-2.97,-13.16,10,20,54,Industrials,Marine Shipping
KB,KB Financial Group Inc.,4.17,5.98,95,100,73,Finance,Commercial Banks
FJTSF,Fujitsu Limited,3.35,-12.46,30,35,20,Technology,Information Technology Services
UI,Ubiquiti Inc.,2.29,-7.55,11,20,16,Technology,Radio And Television Broadcasting And Communications Equipment
SHLAF,Schindler Holding AG,-2.98,2.65,8,37,28,Industrials,Specialty Industrial Machinery
CHHQY,China Hongqiao Group Limited,-11.95,-29.61,0,0,7,Basic Materials,Aluminum
NECPY,NECPY,1.05,-8.4,39,43,11,Technology,Information Technology Services
PRU,"Prudential Financial, Inc.",1.18,10.61,100,97,56,Finance,Life Insurance
DLMAY,DLMAY,-16.48,-17.37,0,0,22,Consumer Defensive,Discount Stores
IFCZF,Intact Financial Corporation,0.37,8.22,94,91,49,Financial Services,Insurance - Property & Casualty
ADDYY,adidas AG,1.0,13.64,97,96,58,Consumer Cyclical,Footwear & Accessories
ADYEY,Adyen N.V.,2.6,-4.92,52,72,8,Technology,Software - Infrastructure
CKHUY,CK Hutchison Holdings Limited,-0.54,-5.95,0,0,67,Industrials,Conglomerates
EQT,EQT Corporation,-1.71,-6.39,25,40,21,Energy,Oil & Gas Production
EPIAF,Epiroc AB (publ),1.89,-2.49,46,49,72,Industrials,Farm & Heavy Construction Machinery
EPOAY,EPOAY,2.6,-7.26,33,38,66,Industrials,Farm & Heavy Construction Machinery
ONC,BeOne Medicines AG,3.97,10.55,100,100,40,Health Care,Biotechnology: Pharmaceutical Preparations
DNNGY,Ørsted A/S,0.26,-6.95,35,46,12,Utilities,Utilities - Renewable
DOGEF,Ørsted A/S,4.91,-4.55,50,54,36,,
CKHUF,CK Hutchison Holdings Limited,0.0,-8.76,0,0,62,Industrials,Conglomerates
HBANM,Huntington Bancshares Incorporated,1.02,0.0,30,59,29,Finance,Major Banks
HBAN,Huntington Bancshares Incorporated,0.17,9.2,74,82,50,Finance,Major Banks
SAABY,Saab AB (publ),4.59,8.79,100,100,35,Industrials,Aerospace & Defense
FSLR,"First Solar, Inc.",3.78,-26.0,11,9,56,Technology,Semiconductors
CICOF,"COSCO SHIPPING Holdings Co., Ltd.",0.0,-3.74,45,49,37,Industrials,Marine Shipping
AAVMY,ABN AMRO Bank N.V.,2.74,12.44,100,100,84,Financial Services,Banks - Diversified
Q,"Qnity Electronics, Inc.",3.48,-5.25,11,10,86,Technology,Semiconductors
ZTS,Zoetis Inc.,0.83,-5.16,26,34,2,Health Care,Biotechnology: Pharmaceutical Preparations
TECK,Teck Resources Limited,2.4,-8.54,30,40,76,Industrials,Mining & Quarrying of Nonmetallic Minerals (No Fuels)
SUNB,"Sunbelt Rentals Holdings, Inc.",1.18,-9.96,2,4,43,Consumer Discretionary,Diversified Commercial Services
BMDPF,Banca Monte dei Paschi di Siena S.p.A.,0.0,13.58,55,58,75,Financial Services,Banks - Regional
NTRA,"Natera, Inc.",1.6,27.78,100,100,86,Health Care,Medical Specialities
DSKYF,"Daiichi Sankyo Company, Limited",0.7,5.25,36,47,8,Healthcare,Drug Manufacturers - General
MTB,M&T Bank Corporation,0.44,8.2,76,88,64,Finance,Major Banks
CPRT,"Copart, Inc.",-2.57,-4.97,21,31,7,Consumer Discretionary,Retail-Auto Dealers and Gas Stations
CICOY,"COSCO SHIPPING Holdings Co., Ltd.",3.66,-1.79,23,32,37,Industrials,Marine Shipping
ACGL,Arch Capital Group Ltd.,-0.38,15.25,89,87,48,Finance,Property-Casualty Insurers
TGOPY,3i Group plc,2.78,23.65,100,100,12,Financial Services,Asset Management
LNTCY,LNTCY,-16.83,-8.67,15,22,16,Technology,Electronic Components
HENKY,Henkel AG & Co. KGaA,-0.74,13.39,85,82,59,Consumer Defensive,Household & Personal Products
RYAAY,Ryanair Holdings plc,2.4,17.71,100,100,51,Consumer Discretionary,Air Freight/Delivery Services
IQV,IQVIA Holdings Inc.,-0.52,10.22,93,91,52,Health Care,Biotechnology: Commercial Physical & Biological Resarch
AJNMY,"Ajinomoto Co., Inc.",0.88,16.93,85,97,83,Consumer Defensive,Packaged Foods
FISV,"Fiserv, Inc.",-1.05,-7.91,52,58,4,Consumer Discretionary,Business Services
STLA,Stellantis N.V.,-0.17,-21.52,9,14,3,Industrials,Auto Manufacturing
MTZ,"MasTec, Inc.",1.93,1.57,37,39,89,Industrials,Water Sewer Pipeline Comm & Power Line Construction
CPNG,"Coupang, Inc.",3.18,15.85,100,100,11,Consumer Discretionary,Catalog/Specialty Distribution
DTE,DTE Energy Company,-1.75,6.89,46,56,52,Utilities,Electric Utilities: Central
RSHGY,RSHGY,3.32,6.62,100,100,82,Financial Services,Banks - Regional
TPR,"Tapestry, Inc.",0.89,3.87,22,43,70,Consumer Discretionary,Apparel
PMRTY,Pop Mart International Group Limited,-0.72,-14.39,0,0,12,Consumer Cyclical,Leisure
BTGOF,BT Group plc,-1.96,-9.09,28,39,30,Communication Services,Telecom Services
FICO,Fair Isaac Corporation,1.23,10.27,100,99,24,Consumer Discretionary,Business Services
TWLO,Twilio Inc.,-0.11,-11.65,52,56,91,Technology,Computer Software: Prepackaged Software
TDY,Teledyne Technologies Incorporated,0.44,5.88,71,89,60,Industrials,Industrial Machinery/Components
ALMMF,Aluminum Corporation of China Limited,-2.02,-27.07,0,0,16,Basic Materials,Aluminum
KHC,The Kraft Heinz Company,-2.17,12.46,77,78,42,Consumer Staples,Packaged Foods
VEEV,Veeva Systems Inc.,-0.38,7.51,94,92,17,Technology,Computer Software: Prepackaged Software
NRG,"NRG Energy, Inc.",3.15,5.71,55,58,20,Utilities,Electric Utilities: Central
BPXXY,BPER Banca SpA,0.0,14.98,58,63,84,Financial Services,Banks - Regional
TEFOF,"Telefónica, S.A.",1.52,-9.09,3,2,11,Communication Services,Telecom Services
CRCL,Circle Internet Group,6.24,-24.18,28,33,4,Finance,Finance: Consumer Services
AMADF,"Amadeus IT Group, S.A.",-0.68,-6.01,44,53,16,Technology,Information Technology Services
RJF,"Raymond James Financial, Inc.",2.31,10.96,100,100,49,Finance,Investment Bankers/Brokers/Service
CCOZY,China Coal Energy Company Limited,0.0,-8.68,22,32,47,Energy,Thermal Coal
CHLSY,Chocoladefabriken Lindt & Sprüngli AG,-2.66,1.3,46,52,11,Consumer Defensive,Confectioners
SMCI,"Super Micro Computer, Inc.",-0.11,-42.03,0,0,16,Technology,Computer Manufacturing
RSMDF,ResMed Inc.,0.0,-6.75,13,28,7,Healthcare,Medical Instruments & Supplies
CW,Curtiss-Wright Corporation,4.28,6.67,100,100,81,Technology,Industrial Machinery/Components
SMECF,SMC Corporation,11.67,16.24,92,100,81,Industrials,Specialty Industrial Machinery
TEAM,Atlassian Corporation,1.98,-15.76,36,38,10,Technology,Computer Software: Prepackaged Software
FTI,TechnipFMC plc,0.76,-2.54,24,39,83,Consumer Discretionary,Oil and Gas Field Machinery
OTIS,Otis Worldwide Corporation,0.48,5.21,57,72,15,Technology,Consumer Electronics/Appliances
TTNDY,Techtronic Industries Company Limited,0.4,6.62,78,83,79,Industrials,Tools & Accessories
IPXHY,Inpex Corporation,2.0,-10.29,19,24,34,Energy,Oil & Gas E&P
HSHCY,"Haier Smart Home Co., Ltd.",2.42,0.0,34,47,22,Consumer Cyclical,"Furnishings, Fixtures & Appliances"
NVT,nVent Electric plc,3.12,-9.77,10,10,89,Industrials,Industrial Machinery/Components
EIX,Edison International,-1.08,4.22,48,64,71,Utilities,Electric Utilities: Central
HMRZF,H & M Hennes & Mauritz AB (publ),-1.9,1.67,0,7,27,Consumer Cyclical,Apparel Manufacturing
KUASF,Kuaishou Technology,0.0,7.26,96,100,27,Communication Services,Internet Content & Information
FTAI,FTAI Aviation Ltd.,-2.63,-3.42,15,19,80,Industrials,Misc Corporate Leasing Services
PPLC,PPL Corporation,-2.09,1.18,8,43,27,Utilities,Electric Utilities: Central
CTSH,Cognizant Technology Solutions Corporation,-1.48,-22.53,16,20,3,Technology,EDP Services
MTSFY,"Mitsui Fudosan Co., Ltd.",2.66,4.4,62,64,20,Real Estate,Real Estate - Diversified
CFG,"Citizens Financial Group, Inc.",1.59,12.85,94,100,78,Finance,Major Banks
GELYF,Geely Automobile Holdings Limited,7.69,-0.83,50,56,25,Consumer Cyclical,Auto Manufacturers
MTRJF,MTR Corporation Limited,0.0,-7.62,0,2,53,Industrials,Railroads
XYL,Xylem Inc.,1.1,8.39,94,97,22,Industrials,Fluid Controls
TELFY,"Telefónica, S.A.",-2.7,-7.72,8,14,19,Communication Services,Telecom Services
ICAGY,International Consolidated Airlines Group S.A.,1.57,14.94,89,96,77,Industrials,Airlines
MGDDF,Compagnie Générale des Établissements Michelin Société en commandite par actions,0.0,12.13,92,90,69,Unknown,Unknown
SNMRF,Snam S.p.A.,-0.75,-1.42,49,51,51,Utilities,Utilities - Regulated Gas
RYLPF,Koninklijke Philips N.V.,0.0,7.47,90,88,45,Healthcare,Medical Devices
KSHTY,Kuaishou Technology,-8.33,-3.59,24,30,9,Communication Services,Internet Content & Information
BABWF,International Consolidated Airlines Group S.A.,0.49,6.38,97,94,69,Industrials,Airlines
MGDDY,Compagnie Générale des Établissements Michelin Société en commandite par actions,1.46,8.93,100,100,65,Unknown,Unknown
PPG,"PPG Industries, Inc.",-1.03,10.79,75,76,64,Consumer Discretionary,Paints/Coatings
FUJIY,FUJIFILM Holdings Corporation,3.13,0.99,93,90,44,Industrials,Conglomerates
AIBGY,AIB Group plc,1.46,-0.34,21,47,72,Financial Services,Banks - Regional
HRNNF,Hydro One Limited,-1.86,1.63,21,48,43,Utilities,Utilities - Regulated Electric
CLPHY,CLP Holdings Limited,1.93,0.42,31,51,47,Utilities,Utilities - Regulated Electric
PGPEF,Publicis Groupe S.A.,0.0,-2.45,0,0,43,Communication Services,Advertising Agencies
SNMRY,Snam S.p.A.,-0.63,2.25,0,40,49,Utilities,Utilities - Regulated Gas
ALFVF,Alfa Laval AB (publ),0.0,0.93,67,71,70,Industrials,Specialty Industrial Machinery
CINF,Cincinnati Financial Corporation,-1.27,18.65,86,84,68,Finance,Property-Casualty Insurers
QBEIF,QBE Insurance Group Limited,14.47,14.47,100,100,74,Financial Services,Insurance - Property & Casualty
EJPRY,East Japan Railway Company,1.89,4.86,62,66,20,Industrials,Railroads
EJPRF,EJPRF,0.0,-13.68,0,1,9,Industrials,Railroads
AXIA,AXIA Energia SA,0.48,4.51,42,51,52,Utilities,Electric Utilities: Central
AWK,"American Water Works Company, Inc.",-2.75,8.87,63,66,32,Utilities,Water Supply
SYF,Synchrony Financial,0.94,8.86,56,63,48,Finance,Finance: Consumer Services
WSM,"Williams-Sonoma, Inc.",-1.63,7.56,44,48,71,Consumer Discretionary,Home Furnishings
SUTNY,"Sumitomo Mitsui Trust Group, Inc.",3.85,11.11,100,100,79,Financial Services,Banks - Regional
HLAGF,Hapag-Lloyd Aktiengesellschaft,0.0,-1.11,27,48,28,Industrials,Marine Shipping
HLMAF,Halma plc,-4.2,-21.92,0,6,43,Industrials,Conglomerates
TW,Tradeweb Markets Inc.,-0.37,1.8,79,78,15,Finance,Investment Bankers/Brokers/Service
UTHR,United Therapeutics Corporation,-1.56,-0.08,29,53,69,Health Care,Biotechnology: Pharmaceutical Preparations
FSNUY,Fresenius SE & Co. KGaA,3.31,16.71,100,100,30,Healthcare,Medical Care Facilities
OMVKY,OMV Aktiengesellschaft,2.03,-4.11,43,49,61,Energy,Oil & Gas Integrated
FN,Fabrinet,0.23,-29.94,0,0,65,Utilities,Telecommunications Equipment
VACNY,VAT Group AG,-0.02,8.83,79,87,92,Industrials,Specialty Industrial Machinery
CRS,Carpenter Technology Corporation,3.69,25.71,99,100,94,Industrials,Steel/Iron Ore
NMR,"Nomura Holdings, Inc.",2.76,7.63,100,100,69,Finance,Investment Bankers/Brokers/Service
KEY,KeyCorp,1.78,8.12,69,82,67,Finance,Major Banks
TEZNY,Terna S.p.A.,-1.11,2.9,9,43,51,Utilities,Utilities - Regulated Electric
FUWAY,"Furukawa Electric Co., Ltd.",-1.6,-23.72,0,0,98,Industrials,Electrical Equipment & Parts
BDORY,Banco do Brasil S.A.,1.3,-1.02,37,58,21,Financial Services,Banks - Regional
ROL,"Rollins, Inc.",-1.5,-8.11,10,20,8,Consumer Discretionary,Diversified Commercial Services
WST,"West Pharmaceutical Services, Inc.",-2.21,12.71,76,74,83,Health Care,Medical/Dental Instruments
MKL,Markel Group Inc.,-0.08,11.23,89,85,36,Finance,Property-Casualty Insurers
FCNCP,"First Citizens BancShares, Inc.",1.55,0.89,39,61,32,Finance,Major Banks
FCNCO,"First Citizens BancShares, Inc.",1.17,0.34,39,61,31,Finance,Major Banks
CHD,"Church & Dwight Co., Inc.",-1.17,3.54,35,53,47,Consumer Discretionary,Package Goods/Cosmetics
BOUYY,Bouygues SA,0.46,-5.87,0,11,52,Industrials,Engineering & Construction
FWONK,Formula One Group,0.48,15.12,96,92,40,Industrials,Broadcasting
PHM,"PulteGroup, Inc.",-1.71,11.37,53,57,52,Consumer Discretionary,Homebuilding
TROW,"T. Rowe Price Group, Inc.",0.48,12.71,97,93,73,Finance,Investment Bankers/Brokers/Service
DLTR,"Dollar Tree, Inc.",-2.09,11.16,68,74,59,Consumer Discretionary,Department/Specialty Retail Stores
TELNY,Telenor ASA,1.32,-9.32,16,21,24,Communication Services,Telecom Services
TRUMY,Terumo Corporation,2.77,-1.4,53,55,24,Healthcare,Medical Instruments & Supplies
EXE,Expand Energy Corporation,-2.02,-4.83,21,41,12,Energy,Oil & Gas Production
FIS,"Fidelity National Information Services, Inc.",-1.27,0.63,78,79,5,Consumer Discretionary,Business Services
CMAKY,"China Minsheng Banking Corp., Ltd.",0.0,-12.43,9,19,13,Financial Services,Banks - Regional
CTOWY,China Tower Corporation Limited,0.0,0.0,32,59,57,Communication Services,Telecom Services
AGPPF,Valterra Platinum Limited,-0.67,-8.6,33,42,36,Basic Materials,Other Precious Metals & Mining
SGSOF,SGS SA,0.0,4.43,52,73,50,Industrials,Consulting Services
SURYY,"Sumitomo Realty & Development Co., Ltd.",-8.04,-5.93,58,69,28,Real Estate,Real Estate Services
RL,Ralph Lauren Corporation,-0.48,8.34,46,46,69,Industrials,Garments and Clothing
OKTA,"Okta, Inc.",5.08,20.34,100,100,91,Technology,Computer Software: Prepackaged Software
ROIV,Roivant Sciences Ltd.,0.74,19.84,97,96,94,Health Care,Biotechnology: Pharmaceutical Preparations
LYB,LyondellBasell Industries N.V.,-0.73,-19.96,0,8,22,Industrials,Major Chemicals
TNABF,Tenaga Nasional Berhad,-0.15,-2.17,13,34,50,Utilities,Utilities - Regulated Electric
PPERY,PT Bank Mandiri (Persero) Tbk,2.86,0.11,32,38,16,Financial Services,Banks - Regional
TQLCF,TQLCF,0.0,0.0,32,59,34,Basic Materials,Other Industrial Metals & Mining
ENTG,"Entegris, Inc.",-1.02,3.78,30,32,86,Industrials,Plastic Products
TSN,"Tyson Foods, Inc.",-0.24,3.29,65,75,33,Consumer Staples,Meat/Poultry/Fish
NNGRY,NN Group N.V.,-0.39,4.76,52,65,66,Financial Services,Insurance - Diversified
CHKGF,CK Asset Holdings Limited,0.0,-0.76,4,35,67,Real Estate,Real Estate - Development
RCI,Rogers Communications Inc.,-0.54,-16.53,0,0,22,Telecommunications,Cable & Other Pay Television Services
STE,STERIS plc,-2.25,0.79,55,68,22,Health Care,Industrial Specialties
MDIBY,Mediobanca Banca di Credito Finanziario S.p.A.,1.98,23.02,100,100,89,Financial Services,Banks - Regional
GBERY,Geberit AG,-1.11,2.11,40,54,24,Industrials,Building Products & Equipment
GPN,Global Payments Inc.,-1.55,14.6,87,85,44,Consumer Discretionary,Business Services
CLEGF,Coles Group Limited,0.0,10.26,95,100,60,Consumer Defensive,Grocery Stores
AA,Alcoa Corporation,2.44,-36.08,8,9,48,Industrials,Aluminum
CAPMF,Capgemini SE,2.89,-14.1,35,40,7,Technology,Information Technology Services
DKS,"DICK'S Sporting Goods, Inc.",-3.03,5.84,42,49,57,Consumer Discretionary,Other Specialty Stores
NESRF,Northern Star Resources Limited,7.63,0.03,74,83,33,Basic Materials,Gold
VNNVF,Vonovia SE,6.29,9.18,93,100,25,Real Estate,Real Estate Services
GBERF,Geberit AG,0.26,4.15,73,81,22,Industrials,Building Products & Equipment
CGEMY,Capgemini SE,1.48,-11.59,28,39,7,Technology,Information Technology Services
NJDCY,Nidec Corporation,9.52,-3.72,59,59,53,Industrials,Specialty Industrial Machinery
SDMHF,Sartorius Stedim Biotech S.A.,-4.09,-2.56,67,70,28,Healthcare,Medical Instruments & Supplies
JARLF,Jardine Matheson Holdings Limited,0.0,-5.13,14,22,32,Industrials,Conglomerates
CX,"CEMEX, S.A.B. de C.V.",0.24,-4.56,23,45,74,Industrials,Building Materials
GNENY,"Ganfeng Lithium Group Co., Ltd.",0.0,-6.94,35,43,74,Basic Materials,Chemicals
HKHHF,Heineken Holding N.V.,0.0,7.94,51,58,45,Consumer Defensive,Beverages - Brewers
JIAXF,Jiangxi Copper Company Limited,0.0,-19.47,0,0,41,Basic Materials,Copper
EFX,Equifax Inc.,-0.08,0.56,82,82,10,Finance,Finance: Consumer Services
MTUAY,MTU Aero Engines AG,0.68,23.25,99,96,46,Industrials,Aerospace & Defense
TRATF,Traton SE,0.0,3.51,69,89,64,Industrials,Farm & Heavy Construction Machinery
SBS,Companhia de Saneamento Básico do Estado de São Paulo - SABESP,1.04,5.83,77,86,57,Utilities,Water Supply
RCIAF,Rogers Communications Inc.,0.0,-10.39,2,19,36,Communication Services,Telecom Services
BKRIY,Bank of Ireland Group plc,0.4,-1.69,0,29,65,Financial Services,Banks - Regional
BEKE,KE Holdings Inc.,-0.46,-9.63,16,28,24,Finance,Real Estate
SAUHF,Straumann Holding AG,-2.88,7.86,64,72,63,Healthcare,Medical Instruments & Supplies
RGLD,"Royal Gold, Inc.",-1.09,-8.07,10,27,22,Industrials,Precious Metals
NISTF,Nippon Steel Corporation,2.71,0.29,14,29,5,Basic Materials,Steel
EVRG,"Evergy, Inc.",-2.11,5.35,48,64,59,Utilities,Power Generation
SITM,SiTime Corporation,2.29,-12.95,6,4,95,Technology,Semiconductors
MRNA,"Moderna, Inc.",2.56,58.56,100,100,96,Health Care,Biotechnology: Biological Products (No Diagnostic Substances)
GWLLY,Great Wall Motor Company Limited,-4.82,-8.59,16,26,4,Consumer Cyclical,Auto Manufacturers
MMSMY,"Mitsui Kinzoku Company, Limited",-3.44,-19.7,0,0,97,Industrials,Conglomerates
LNT,Alliant Energy Corporation,-1.86,7.27,54,67,59,Utilities,Power Generation
MONRF,Moncler S.p.A.,0.0,-14.76,0,8,28,Consumer Cyclical,Apparel Manufacturing
GWLLF,Great Wall Motor Company Limited,0.0,-13.33,18,22,4,Consumer Cyclical,Auto Manufacturers
HUNGF,"Huaneng Power International, Inc.",0.0,91.56,96,98,97,Utilities,Utilities - Independent Power Producers
SSLZY,Santos Limited,1.21,-11.13,5,12,38,Energy,Oil & Gas E&P
MGA,Magna International Inc.,4.77,-3.62,52,57,78,Consumer Discretionary,Auto Parts:O.E.M.
TTMI,"TTM Technologies, Inc.",-4.22,-19.18,0,0,96,Technology,Electrical Products
USFD,US Foods Holding Corp.,-1.37,25.13,88,85,73,Consumer Discretionary,Food Distributors
STOSF,Santos Limited,0.0,-12.12,10,14,30,Energy,Oil & Gas E&P
AMCCF,Amcor plc,0.0,0.0,32,59,23,Consumer Cyclical,Packaging & Containers
CABJF,Carlsberg A/S,9.45,1.33,77,78,60,Consumer Defensive,Beverages - Brewers
EDRVF,"EDP Renewables, S.A.",0.0,-3.12,0,0,68,Utilities,Utilities - Renewable
SOMLF,"SECOM CO., LTD.",0.0,0.0,5,39,59,Industrials,Security & Protection Services
IP,International Paper Company,-0.54,13.87,80,83,31,Basic Materials,Paper
SUVPF,Sartorius Aktiengesellschaft,0.0,-11.84,1,15,32,Healthcare,Medical Instruments & Supplies
SOMLY,"SECOM CO., LTD.",1.39,2.92,56,61,51,Industrials,Security & Protection Services
EVMNY,Evolution Mining Limited,2.2,-6.07,44,48,60,Basic Materials,Gold
MONRY,Moncler S.p.A.,-0.1,-6.38,2,16,30,Consumer Cyclical,Apparel Manufacturing
WCC,"WESCO International, Inc.",2.96,-13.11,10,9,80,Consumer Discretionary,Telecommunications Equipment
TLN,Talen Energy Corporation,3.6,-0.08,31,37,52,Utilities,Electric Utilities: Central
RAIFF,Raiffeisen Bank International AG,0.0,17.26,81,85,91,Financial Services,Banks - Regional
LII,Lennox International Inc.,-0.36,9.9,77,85,57,Industrials,Industrial Machinery/Components
DAIUF,"Daifuku Co., Ltd.",0.0,418.88,100,100,1,Industrials,Specialty Industrial Machinery
VODAF,Vodacom Group Limited,0.0,0.0,5,39,71,Communication Services,Telecom Services
DQJCY,Pan Pacific International Holdings Corporation,3.04,2.04,51,53,13,Consumer Defensive,Discount Stores
HKHGF,Hongkong Land Holdings Limited,0.0,0.0,5,39,59,Real Estate,Real Estate - Development
SN,"SharkNinja, Inc.",-1.68,20.61,87,86,83,Consumer Discretionary,Consumer Electronics/Appliances
PEXNY,PTT Exploration and Production Public Company Limited,0.0,-8.54,0,0,26,Energy,Oil & Gas E&P
ASBFY,Associated British Foods plc,-0.89,1.14,22,45,29,Consumer Defensive,Packaged Foods
KAOCF,Kao Corporation,0.0,10.61,76,84,34,Consumer Defensive,Household & Personal Products
HOKCY,The Hong Kong and China Gas Company Limited,1.3,-17.89,2,10,18,Utilities,Utilities - Regulated Gas
KWHIF,"Kawasaki Heavy Industries, Ltd.",13.59,-1.74,40,44,2,Industrials,Specialty Industrial Machinery
JDEPY,JDEPY,0.0,-1.76,12,41,29,Consumer Defensive,Packaged Foods
FLUT,Flutter Entertainment plc,1.32,6.55,48,54,4,Technology,Computer Software: Programming Data Processing
TLK,Perusahaan Perseroan (Persero) PT Telekomunikasi Indonesia Tbk,0.43,-5.65,41,50,10,Telecommunications,Telecommunications Equipment
BPCGY,"Banco Comercial Português, S.A.",0.0,8.16,45,50,82,Financial Services,Banks - Regional
URMCY,Unibail-Rodamco-Westfield SE,-8.2,-9.06,13,14,46,Real Estate,REIT - Retail
FPS,"Forgent Power Solutions, Inc.",1.37,-26.46,1,0,90,Energy,Industrial Machinery/Components
KEP,Korea Electric Power Corporation,1.92,-1.24,43,64,20,Utilities,Electric Utilities: Central
TSCO,Tractor Supply Company,-4.85,2.89,6,34,3,Consumer Discretionary,RETAIL: Building Materials
NVR,"NVR, Inc.",-0.85,8.36,53,65,22,Consumer Discretionary,Homebuilding
PHYS,Sprott Physical Gold Trust,1.06,-7.1,37,47,34,Financial Services,Asset Management
ACXIF,"Acciona, S.A.",-5.04,4.76,47,53,82,Industrials,Engineering & Construction
TPG,TPG Inc.,2.8,1.04,57,68,20,Finance,Investment Managers
HGKGY,Power Assets Holdings Limited,1.51,3.64,54,63,46,Utilities,Utilities - Independent Power Producers
BMBLF,Brambles Limited,2.18,10.65,95,100,18,Industrials,Specialty Business Services
DOCN,"DigitalOcean Holdings, Inc.",0.95,-27.22,0,0,97,Technology,Computer Software: Programming Data Processing
KIM,Kimco Realty Corporation,-1.07,5.47,24,46,64,Real Estate,Real Estate Investment Trusts
LUGDF,Lundin Gold Inc.,1.91,-3.66,56,64,18,Basic Materials,Gold
TYNPF,Nippon Sanso Holdings Corporation,4.53,7.74,100,100,99,Basic Materials,Chemicals
WTKWY,Wolters Kluwer N.V.,0.56,-10.34,14,23,4,Industrials,Specialty Business Services
PTC,PTC Inc.,0.35,-9.95,41,46,8,Technology,Computer Software: Prepackaged Software
GLPEY,"Galp Energia, SGPS, S.A.",0.28,-3.69,11,29,46,Energy,Oil & Gas Integrated
TXT,Textron Inc.,1.45,3.04,77,85,49,Industrials,Aerospace
NBIX,"Neurocrine Biosciences, Inc.",-0.09,4.03,91,88,76,Health Care,Biotechnology: Biological Products (No Diagnostic Substances)
PS,Pershing Square Inc.,9.13,-7.67,82,81,85,Finance,Investment Managers
PAA,"Plains All American Pipeline, L.P.",-1.07,-2.84,38,50,66,Energy,Natural Gas Distribution
DECK,Deckers Outdoor Corporation,0.94,-3.02,34,44,40,Consumer Discretionary,Shoe Manufacturing
OUKPY,Metso Oyj,4.03,-4.14,77,75,64,Industrials,Farm & Heavy Construction Machinery
OVV,Ovintiv Inc.,0.64,-9.63,13,23,63,Energy,Oil & Gas Production
RMBS,Rambus Inc.,0.29,-33.13,0,0,76,Technology,Semiconductors
KAEPY,"The Kansai Electric Power Company, Incorporated",-0.13,2.75,57,59,37,Utilities,Utilities - Renewable
IEX,IDEX Corporation,0.61,4.12,37,56,72,Industrials,Fluid Controls
GEN,Gen Digital Inc.,-0.26,0.3,92,90,57,Technology,Computer Software: Prepackaged Software
LAMR,Lamar Advertising Company,0.29,5.79,72,87,75,Real Estate,Real Estate Investment Trusts
PFGC,Performance Food Group Company,0.57,21.09,97,94,73,Consumer Discretionary,Food Distributors
BNT,Brookfield Wealth Solutions Ltd.,1.55,-1.98,34,47,37,Finance,Property-Casualty Insurers
PSLV,Sprott Physical Silver Trust,2.11,-15.27,33,38,46,Financial Services,Asset Management
VICR,Vicor Corporation,0.84,-6.79,8,8,98,Technology,Industrial Machinery/Components
SONVY,Sonova Holding AG,3.07,-1.71,76,77,37,Healthcare,Medical Devices
GPFOF,"Grupo Financiero Inbursa, S.A.B. de C.V.",0.0,-3.58,12,34,90,Financial Services,Banks - Regional
THC,Tenet Healthcare Corporation,1.21,27.77,100,99,49,Health Care,Hospital/Nursing Management
IPSEY,Ipsen S.A.,3.48,6.86,91,89,73,Healthcare,Drug Manufacturers - Specialty & Generic
EVGGF,Evolution AB (publ),1.49,-8.97,16,25,30,Consumer Cyclical,Gambling
AHCHY,Anhui Conch Cement Company Limited,-3.11,-8.94,15,28,9,Basic Materials,Building Materials
NWSA,News Corporation,0.0,-0.75,57,63,35,Consumer Discretionary,Newspapers/Magazines
AHKSF,Asahi Kasei Corporation,0.0,-0.88,4,34,74,Industrials,Conglomerates
CRWOF,China Railway Group Limited,0.0,4.89,61,76,16,Industrials,Engineering & Construction
CLH,"Clean Harbors, Inc.",1.15,2.67,41,57,60,Industrials,Environmental Services
WHGLY,WH Group Limited,-1.6,-5.32,7,25,29,Consumer Defensive,Packaged Foods
KPELY,Keppel Ltd.,-0.36,-3.75,5,23,56,Industrials,Conglomerates
BWA,BorgWarner Inc.,3.76,-14.44,14,14,85,Consumer Discretionary,Auto Parts:O.E.M.
PILBF,PLS Group Limited,-0.28,-18.23,3,10,93,Basic Materials,Other Industrial Metals & Mining
FUTU,Futu Holdings Limited,3.29,2.5,66,77,4,Finance,Investment Bankers/Brokers/Service
YRAIF,Yara International ASA,0.0,-12.43,0,12,50,Basic Materials,Agricultural Inputs
NCBDF,BANDAI NAMCO Holdings Inc.,0.0,0.0,5,39,9,Consumer Cyclical,Leisure
CPT,Camden Property Trust,-0.26,5.37,82,84,55,Real Estate,Real Estate Investment Trusts
WF,Woori Financial Group Inc.,3.44,0.67,48,61,42,Finance,Commercial Banks
TISCY,TISCY,-3.63,12.67,52,58,59,Industrials,Engineering & Construction
TIGO,Millicom International Cellular S.A.,1.12,8.61,96,98,93,Telecommunications,Telecommunications Equipment
DTM,"DT Midstream, Inc.",-0.25,1.71,26,43,67,Utilities,Natural Gas Distribution
MLI,"Mueller Industries, Inc.",0.6,-14.03,0,0,53,Industrials,Metal Fabrications
MAS,Masco Corporation,-2.09,15.92,81,80,75,Industrials,Industrial Specialties
REGCP,Regency Centers Corporation,-0.07,1.18,28,46,37,Real Estate,Real Estate Investment Trusts
SKM,"SK Telecom Co., Ltd.",-0.41,-22.77,0,1,75,Telecommunications,Telecommunications Equipment
CPAMF,CapitaLand Integrated Commercial Trust,0.0,0.54,11,42,43,Real Estate,REIT - Retail
LKREF,Link Real Estate Investment Trust,0.0,-8.37,0,1,15,Real Estate,REIT - Retail
CSL,Carlisle Companies Incorporated,0.11,7.17,45,46,48,Industrials,Specialty Chemicals
OHI,"Omega Healthcare Investors, Inc.",-0.77,12.25,84,84,65,Real Estate,Real Estate Investment Trusts
FELTY,"Fuji Electric Co., Ltd.",1.7,-11.18,7,9,77,Industrials,Electrical Equipment & Parts
LYSDY,Lynas Rare Earths Limited,2.28,-5.93,38,38,79,Basic Materials,Other Industrial Metals & Mining
BAWAY,BAWAY,-2.24,12.39,85,96,88,Unknown,Unknown
TRU,TransUnion,1.24,12.28,100,99,36,Finance,Finance: Consumer Services
STGPF,Scentre Group,0.0,-7.02,2,18,52,Real Estate,REIT - Retail
KRYAF,Kerry Group plc,0.0,14.63,83,89,50,Consumer Defensive,Packaged Foods
SMMT,Summit Therapeutics Inc.,3.31,7.35,100,100,10,Health Care,Biotechnology: Pharmaceutical Preparations
GPC,Genuine Parts Company,-2.95,31.87,85,84,53,Consumer Discretionary,Automotive Aftermarket
IFPJF,Informa plc,0.0,8.53,85,88,42,Communication Services,Publishing
DOC,"Healthpeak Properties, Inc.",-0.64,11.52,82,85,77,Real Estate,Real Estate Investment Trusts
IESC,"IES Holdings, Inc.",2.57,-9.61,9,7,91,Industrials,Engineering & Construction
JHX,James Hardie Industries plc,-0.74,9.53,60,64,70,Industrials,Building Materials
SKHSF,"Sekisui House, Ltd.",6.65,19.29,93,100,35,Consumer Cyclical,Residential Construction
SYIEF,Symrise AG,0.0,10.01,79,84,62,Basic Materials,Specialty Chemicals
BVVBY,Bureau Veritas SA,1.93,4.25,100,100,38,Industrials,Consulting Services
TMTNF,Toromont Industries Ltd.,0.0,-0.16,9,26,78,Industrials,Industrial Distribution
SOLS,"Solstice Advanced Materials, Inc.",-15.14,-19.11,0,0,65,Industrials,Aerospace
OSGSY,"Osaka Gas Co., Ltd.",0.0,-2.58,24,53,68,Utilities,Utilities - Regulated Gas
JBS,JBS N.V.,-1.06,-0.66,32,53,13,Consumer Staples,Meat/Poultry/Fish
GLPI,"Gaming and Leisure Properties, Inc.",-0.93,-4.12,0,4,32,Real Estate,Real Estate Investment Trusts
UNM,Unum Group,-3.06,5.42,15,26,63,Finance,Accident &Health Insurance
AMIGF,Admiral Group plc,0.0,9.35,88,81,57,Financial Services,Insurance - Property & Casualty
SNMCY,Suncorp Group Limited,-3.89,2.39,15,29,39,Financial Services,Insurance - Property & Casualty
PRBKY,PRBKY,-3.33,-6.28,29,45,76,Financial Services,Banks - Regional
TRMB,Trimble Inc.,-1.07,-5.8,51,59,5,Industrials,Industrial Machinery/Components
TOL,"Toll Brothers, Inc.",-1.28,10.95,52,56,62,Consumer Discretionary,Homebuilding
AKZOY,Akzo Nobel N.V.,-0.26,4.44,46,62,50,Basic Materials,Specialty Chemicals
DRS,"Leonardo DRS, Inc.",3.77,-2.87,42,48,45,Industrials,Industrial Machinery/Components
BLMOY,BLMOY,0.0,2.35,26,38,75,Industrials,Building Products & Equipment
TME,Tencent Music Entertainment Group,1.62,-5.7,35,42,3,Consumer Discretionary,Broadcasting
BLHWF,BELIMO Holding AG,0.0,14.37,86,95,80,Industrials,Building Products & Equipment
APA,APA Corporation,0.31,-15.07,5,9,64,Energy,Oil & Gas Production
ONTO,Onto Innovation Inc.,-1.21,10.59,37,39,94,Industrials,Industrial Machinery/Components
ARXCY,ARXCY,0.0,-5.67,3,28,42,Energy,Oil & Gas E&P
MXUBY,MXUBY,-8.11,-18.07,0,0,2,,
DSEEY,Daiwa Securities Group Inc.,3.98,10.06,100,100,73,Financial Services,Capital Markets
NIOIF,NIO Inc.,0.0,-4.94,14,39,32,Consumer Cyclical,Auto Manufacturers
SNN,Smith & Nephew plc,0.99,-0.97,51,57,25,Health Care,Industrial Specialties
TFII,TFI International Inc.,1.24,-11.84,2,0,83,Industrials,Trucking Freight/Courier Services
SNLAF,Sino Land Company Limited,0.0,0.0,32,59,89,Real Estate,Real Estate - Development
TDHOY,"T&D Holdings, Inc.",0.0,9.63,71,83,71,Financial Services,Insurance - Life
NIO,NIO Inc.,4.8,-11.78,26,34,24,Industrials,Auto Manufacturing
HKTTF,HKT Trust and HKT Limited,0.0,0.0,5,39,57,Communication Services,Telecom Services
FIVE,"Five Below, Inc.",-3.31,-8.21,0,0,31,Consumer Discretionary,Department/Specialty Retail Stores
ALGN,"Align Technology, Inc.",2.1,11.94,100,100,61,Health Care,Industrial Specialties
QXO,"QXO, Inc.",-2.47,-2.59,6,4,11,Consumer Discretionary,RETAIL: Building Materials
DT,"Dynatrace, Inc.",1.68,5.25,96,100,41,Technology,Computer Software: Prepackaged Software
SWK,"Stanley Black & Decker, Inc.",0.72,17.95,85,90,78,Consumer Discretionary,Industrial Machinery/Components
CRBG,"Corebridge Financial, Inc.",3.53,17.61,100,100,51,Finance,Life Insurance
OCPNF,Olympus Corporation,0.0,-10.47,0,12,19,Healthcare,Medical Devices
VARRY,Vår Energi ASA,12.5,-9.25,33,38,76,Energy,Oil & Gas E&P
ACRFF,Accor SA,0.0,14.91,93,90,65,Consumer Cyclical,Lodging
AVY,Avery Dennison Corporation,-0.56,8.35,68,77,28,Consumer Discretionary,Containers/Packaging
PRDSF,Prada S.p.A.,0.0,3.82,34,43,26,Consumer Cyclical,Luxury Goods
ATGFF,AltaGas Ltd.,0.74,-6.77,4,12,62,Energy,Oil & Gas Midstream
PNW,Pinnacle West Capital Corporation,-2.25,6.4,47,63,60,Utilities,Electric Utilities: Central
KTOS,"Kratos Defense & Security Solutions, Inc.",-3.27,-15.55,49,51,11,Industrials,Military/Government/Technical
DLAKY,Deutsche Lufthansa AG,0.7,16.82,99,96,79,Industrials,Airlines
SBHGF,"SBI Holdings, Inc.",2.74,-6.56,12,26,4,Financial Services,Financial Conglomerates
SITIY,SITC International Holdings Company Limited,1.19,-7.13,28,31,47,Industrials,Marine Shipping
BTSGU,"BrightSpring Health Services, Inc.",4.23,23.11,96,100,95,Health Care,Medical/Nursing Services
AGNCO,AGNC Investment Corp.,0.52,1.39,33,56,45,Real Estate,Real Estate Investment Trusts
AGNCZ,AGNC Investment Corp.,0.16,1.16,39,59,43,Real Estate,REIT - Mortgage
SVTMF,SM Investments Corporation,0.0,3.52,54,72,12,Consumer Cyclical,Department Stores
HL,Hecla Mining Company,0.8,-2.2,85,94,78,Industrials,Mining & Quarrying of Nonmetallic Minerals (No Fuels)
SKFRY,AB SKF (publ),1.85,3.81,100,100,57,Industrials,Tools & Accessories
VIAV,VIAV,1.82,-20.28,3,1,96,Technology,Semiconductors
YASKY,YASKAWA Electric Corporation,8.25,6.44,80,93,93,Industrials,Electrical Equipment & Parts
TDHOF,"T&D Holdings, Inc.",0.0,23.03,86,95,1,Financial Services,Insurance - Life
BDWBY,Budweiser Brewing Company APAC Limited,1.85,-16.24,23,29,18,Consumer Defensive,Beverages - Brewers
MIUFY,Mitsubishi HC Capital Inc.,0.0,2.85,70,91,35,Financial Services,Credit Services
JOBY,"Joby Aviation, Inc.",5.06,-19.93,24,26,12,Industrials,Aerospace
SOTGY,Sunny Optical Technology (Group) Company Limited,-1.78,-29.22,0,0,15,Technology,Electronic Components
POAHY,Porsche Automobil Holding SE,2.23,-3.89,47,55,15,Consumer Cyclical,Auto Manufacturers
BDWBF,Budweiser Brewing Company APAC Limited,0.0,-11.63,8,14,11,Consumer Defensive,Beverages - Brewers
CRDIY,"Yokohama Financial Group, Inc.",4.17,16.36,100,100,86,Financial Services,Banks - Regional
ZBRA,Zebra Technologies Corporation,1.16,10.11,100,98,52,Industrials,Industrial Machinery/Components
HBM,Hudbay Minerals Inc.,3.32,-22.49,9,13,82,Basic Materials,Metal Mining
HNSDF,Hensoldt AG,0.0,-8.62,5,24,16,Industrials,Aerospace & Defense
COKE,"Coca-Cola Consolidated, Inc.",-3.96,10.34,41,53,74,Consumer Staples,Beverages (Production/Distribution)
FHN,FHN,0.66,7.33,72,85,58,Finance,Major Banks
MDGL,"Madrigal Pharmaceuticals, Inc.",0.26,7.44,83,90,59,Health Care,Biotechnology: Pharmaceutical Preparations
CPYYY,Centrica plc,-0.32,-10.63,11,16,25,Utilities,Utilities - Independent Power Producers
GDDY,GoDaddy Inc.,-3.28,0.91,73,74,9,Technology,EDP Services
CACI,CACI International Inc,0.48,-5.05,58,62,25,Technology,EDP Services
GBLBY,Groupe Bruxelles Lambert SA,0.0,8.05,79,82,67,Financial Services,Asset Management
ASEKF,Aisin Corporation,-9.27,-17.08,1,8,1,Consumer Cyclical,Auto Parts
KLPEF,Klépierre SA,2.63,8.78,100,100,61,Real Estate,REIT - Retail
AIT,"Applied Industrial Technologies, Inc.",-0.7,4.74,36,54,74,Consumer Discretionary,Industrial Specialties
MGM,MGM Resorts International,-0.47,-2.21,0,27,75,Consumer Discretionary,Hotels/Resorts
GBLBF,Groupe Bruxelles Lambert SA,-2.68,-6.87,0,4,46,Financial Services,Asset Management
SKBSY,Skanska AB (publ),3.25,5.74,99,100,53,Industrials,Engineering & Construction
BMRN,BioMarin Pharmaceutical Inc.,-0.34,4.11,65,77,40,Health Care,Biotechnology: Pharmaceutical Preparations
SIEVF,D'Ieteren Group SA,0.0,0.52,6,42,37,Consumer Cyclical,Auto & Truck Dealerships
TRYIY,"Toray Industries, Inc.",3.28,4.25,56,75,45,Consumer Cyclical,Textile Manufacturing
PAG,"Penske Automotive Group, Inc.",2.23,6.88,66,79,59,Consumer Discretionary,Retail-Auto Dealers and Gas Stations
BMNR,"Bitmine Immersion Technologies, Inc.",8.29,-13.08,57,63,2,Finance,Finance: Consumer Services
QBCRF,Quebecor Inc.,3.14,0.64,41,54,82,Communication Services,Telecom Services
CGNX,Cognex Corporation,2.49,7.45,72,84,91,Industrials,Industrial Machinery/Components
SKUFF,AB SKF (publ),0.0,0.0,5,39,32,Industrials,Tools & Accessories
CLX,The Clorox Company,-0.01,8.5,50,57,21,Consumer Discretionary,Specialty Chemicals
IT,"Gartner, Inc.",-0.89,-18.05,20,26,3,Consumer Discretionary,Other Consumer Services
GSAT,"Globalstar, Inc.",-0.24,-2.96,4,36,92,Consumer Discretionary,Telecommunications Equipment
JEF,Jefferies Financial Group Inc.,4.22,-0.72,39,46,48,Finance,Investment Bankers/Brokers/Service
OBICY,OBICY,2.57,0.88,86,87,16,Technology,Software - Application
AKAAF,Aker ASA,0.0,-19.37,1,11,97,Industrials,Conglomerates
CCK,"Crown Holdings, Inc.",-0.01,21.73,95,93,53,Industrials,Containers/Packaging
CLILF,CapitaLand Investment Limited,0.0,-8.13,2,21,32,Real Estate,Real Estate Services
SGGEF,The Sage Group plc,7.3,-2.83,30,33,17,Technology,Software - Application
ORKLY,Orkla ASA,-0.54,6.19,82,82,34,Consumer Defensive,Packaged Foods
EHC,Encompass Health Corporation,0.5,7.36,96,92,33,Health Care,Hospital/Nursing Management
EMBJ,EMBJ,4.88,19.4,100,100,49,Industrials,Aerospace
SKSBF,Skanska AB (publ),0.0,-4.36,19,38,32,Industrials,Engineering & Construction
MAEOY,Manila Electric Company,0.0,1.69,24,40,46,Utilities,Utilities - Regulated Electric
FRT,Federal Realty Investment Trust,-0.93,0.72,7,36,68,Real Estate,Real Estate Investment Trusts
SUZ,Suzano S.A.,1.27,-0.62,30,47,12,Basic Materials,Paper
SLLDY,Sanlam Limited,3.37,9.97,95,100,52,Financial Services,Insurance - Life
DPZ,"Domino's Pizza, Inc.",-1.84,0.09,43,49,8,Consumer Discretionary,Food Distributors
WTS,"Watts Water Technologies, Inc.",0.27,17.29,67,78,79,Industrials,Metal Fabrications
TMXXF,TMX Group Limited,0.87,-4.24,19,29,20,Financial Services,Financial Data & Stock Exchanges
KHOLY,Koç Holding A.S.,0.0,1.83,50,56,36,Industrials,Conglomerates
BMXXY,bioMérieux S.A.,2.02,-17.07,30,35,3,Healthcare,Diagnostics & Research
SGPYY,The Sage Group plc,-0.58,-7.1,38,48,13,Technology,Software - Application
RKUNY,"Rakuten Group, Inc.",4.38,-1.45,86,97,17,Consumer Cyclical,Internet Retail
SFD,"Smithfield Foods, Inc.",-0.12,-7.11,4,18,35,Consumer Staples,Meat/Poultry/Fish
WTFCN,Wintrust Financial Corporation,0.15,1.64,34,56,42,Finance,Major Banks
ISUZY,Isuzu Motors Limited,7.4,7.63,100,100,46,Consumer Cyclical,Auto Manufacturers
MGYOY,MOL Magyar Olaj- és Gázipari Nyilvánosan Muködo Részvénytársaság,8.82,3.48,89,87,79,Energy,Oil & Gas Refining & Marketing
SNTMF,SenseTime Group Inc.,0.0,-22.39,11,19,71,Technology,Software - Application
AAVXF,ABIVAX Société Anonyme,0.0,-20.96,0,5,97,Healthcare,Biotechnology
FINGF,Finning International Inc.,5.12,-9.89,33,28,78,Industrials,Industrial Distribution
CHBAY,"The Chiba Bank, Ltd.",0.0,5.05,48,67,81,Financial Services,Banks - Regional
UMBFO,UMB Financial Corporation,0.42,2.74,44,68,41,Finance,Major Banks
SMGZY,Smiths Group plc,0.58,3.16,86,83,52,Industrials,Specialty Industrial Machinery
SIRI,Sirius XM Holdings Inc.,0.79,10.65,99,95,82,Consumer Discretionary,Broadcasting
MICC,The Magnum Ice Cream Company N.V.,0.21,10.16,95,92,72,Consumer Staples,Specialty Foods
ALBKY,Alpha Bank S.A.,0.87,7.41,64,76,71,Financial Services,Banks - Regional
BDOUY,"BDO Unibank, Inc.",5.62,6.19,42,55,26,Financial Services,Banks - Regional
HLI,"Houlihan Lokey, Inc.",1.64,0.89,82,86,15,Finance,Investment Managers
KAIKY,"Kawasaki Kisen Kaisha, Ltd.",0.0,-13.68,0,9,29,Industrials,Marine Shipping
SNCAF,AtkinsRéalis Group Inc.,3.86,9.47,75,83,26,Industrials,Engineering & Construction
OGE,OGE Energy Corp.,-1.54,3.64,33,55,47,Utilities,Electric Utilities: Central
R,"Ryder System, Inc.",0.68,-0.93,0,20,81,Consumer Discretionary,Rental/Leasing Companies
PSHZF,"Pershing Square Holdings, Ltd.",-0.76,-6.38,23,35,17,,
AAL,American Airlines Group Inc.,-0.95,33.46,86,88,87,Consumer Discretionary,Air Freight/Delivery Services
SPIIY,SPIIY,16.68,12.1,69,72,65,Industrials,Engineering & Construction
FCFS,"FirstCash Holdings, Inc.",1.05,0.83,40,54,80,Consumer Discretionary,Other Specialty Stores
KKOYY,Kesko Oyj,-0.63,-7.64,0,6,32,Consumer Defensive,Grocery Stores
BXP,"BXP, Inc.",0.94,13.95,100,96,60,Real Estate,Real Estate Investment Trusts
BROS,Dutch Bros Inc.,-5.64,21.76,66,67,69,Consumer Discretionary,Restaurants
MTLHY,Mitsubishi Chemical Group Corporation,0.0,0.17,74,73,70,Basic Materials,Specialty Chemicals
LUNR,"Intuitive Machines, Inc.",-3.52,-43.83,0,0,72,Industrials,Industrial Machinery/Components
GME,GameStop Corp.,-0.26,2.2,73,77,29,Consumer Discretionary,Electronics Distribution
BAH,Booz Allen Hamilton Holding Corporation,-0.22,-21.54,9,13,4,Consumer Discretionary,Professional Services
TRYIF,"Toray Industries, Inc.",0.0,-13.62,0,8,38,Consumer Cyclical,Textile Manufacturing
MKTAY,Makita Corporation,4.12,10.71,100,100,59,Industrials,Tools & Accessories
HLLGY,HELLA GmbH & Co. KGaA,0.0,0.0,5,39,22,Consumer Cyclical,Auto Parts
NCLTY,"Nitori Holdings Co., Ltd.",-1.62,-14.67,4,12,14,Consumer Cyclical,"Furnishings, Fixtures & Appliances"
CART,Maplebear Inc.,3.43,14.15,78,84,59,Consumer Discretionary,Business Services
SIMO,Silicon Motion Technology Corporation,6.04,8.21,73,82,98,Technology,Semiconductors
ONBPP,Old National Bancorp,0.6,0.32,6,44,39,Finance,Major Banks
SSB,SouthState Bank Corporation,0.68,6.26,54,69,45,Finance,Major Banks
ASGLY,AGC Inc.,-1.67,-18.7,0,7,73,Industrials,Conglomerates
ACLIF,Accelleron Industries AG,0.0,1.66,71,83,73,Industrials,Specialty Industrial Machinery
MAKSF,Marks and Spencer Group plc,0.0,0.0,5,39,24,Consumer Cyclical,Department Stores
DDS,"Dillard's, Inc.",-5.6,-15.75,0,0,25,Consumer Discretionary,Department/Specialty Retail Stores
SUMCF,Sumco Corporation,6.66,9.99,100,100,97,Technology,Semiconductor Equipment & Materials
RRC,Range Resources Corporation,-1.35,-7.64,18,34,24,Energy,Oil & Gas Production
IESFY,Interconexión Eléctrica S.A. E.S.P.,2.68,2.68,43,45,88,Utilities,Utilities - Regulated Electric
NRKBF,NKT A/S,0.0,25.23,88,89,86,Industrials,Electrical Equipment & Parts
JSNSF,J Sainsbury plc,-2.7,5.11,36,50,34,Consumer Defensive,Grocery Stores
CUBE,CUBE,-1.83,1.93,23,39,46,Real Estate,Real Estate Investment Trusts
LGN,Legence Corp.,2.57,-12.51,10,8,93,Consumer Discretionary,Engineering & Construction
GMWKF,GMWKF,-1.33,6.33,60,65,73,Consumer Cyclical,Leisure
MSGS,Madison Square Garden Sports Corp.,-2.26,0.3,45,59,86,Consumer Discretionary,Services-Misc. Amusement & Recreation
SNEX,StoneX Group Inc.,1.44,7.22,20,28,91,Finance,Investment Bankers/Brokers/Service
BRKR,Bruker Corporation,-0.49,2.37,82,86,89,Industrials,Biotechnology: Laboratory Analytical Instruments
INPOY,InPost S.A.,2.95,0.51,65,78,69,Industrials,Integrated Freight & Logistics
DTCWY,Deutsche Wohnen SE,0.0,-9.75,0,11,18,Real Estate,Real Estate Services
LEVI,Levi Strauss & Co.,1.11,9.54,73,79,70,Consumer Discretionary,Apparel
ALGM,"Allegro MicroSystems, Inc.",1.94,5.48,43,46,93,Technology,Semiconductors
SHZHY,Shenzhou International Group Holdings Limited,6.96,-2.81,57,61,10,Consumer Cyclical,Textile Manufacturing
PSORF,Pearson plc,0.0,8.11,85,87,64,Communication Services,Publishing
NSANF,"Nissan Motor Co., Ltd.",1.0,-12.17,22,27,12,Consumer Cyclical,Auto Manufacturers
ALNPY,ANA Holdings Inc.,1.04,12.39,100,96,32,Industrials,Airlines
WTCHF,WiseTech Global Limited,21.37,-19.3,40,44,2,Technology,Software - Application
TKHVY,Türk Hava Yollari Anonim Ortakligi,0.0,10.55,78,86,46,Industrials,Airlines
INPOF,InPost S.A.,0.0,0.0,32,59,77,Industrials,Integrated Freight & Logistics
NUVL,"Nuvalent, Inc.",-0.01,31.59,89,87,78,Health Care,Biotechnology: Pharmaceutical Preparations
SPHXF,"SM Prime Holdings, Inc.",0.0,5.82,100,100,1,Real Estate,Real Estate - Diversified
NSANY,"Nissan Motor Co., Ltd.",2.84,-11.56,31,44,15,Consumer Cyclical,Auto Manufacturers
EMN,Eastman Chemical Company,0.06,-3.79,19,36,34,Industrials,Major Chemicals
RTLLF,RATIONAL Aktiengesellschaft,0.0,-3.54,0,15,30,Industrials,Specialty Industrial Machinery
NCLTF,"Nitori Holdings Co., Ltd.",0.0,-9.73,0,14,9,Consumer Cyclical,"Furnishings, Fixtures & Appliances"
XP,XP Inc.,1.49,6.22,82,93,21,Finance,Investment Bankers/Brokers/Service
PSPSF,PSP Swiss Property AG,0.0,-3.57,0,22,31,Real Estate,Real Estate Services
WIGBY,WiseTech Global Limited,6.49,-15.27,45,48,3,Technology,Software - Application
ICL,ICL Group Ltd,0.4,-14.26,5,19,16,Industrials,Agricultural Chemicals
GGAL,Grupo Financiero Galicia S.A.,5.26,9.05,53,61,76,Finance,Commercial Banks
CFR,"Cullen/Frost Bankers, Inc.",0.9,13.34,78,85,65,Finance,Major Banks
WRFRF,Wharf Real Estate Investment Company Limited,0.0,-6.9,2,26,68,Real Estate,Real Estate Services
FR,"First Industrial Realty Trust, Inc.",1.03,3.02,48,67,61,Real Estate,Real Estate Investment Trusts
KT,KT Corporation,-0.28,-3.13,15,30,15,Telecommunications,Telecommunications Equipment
ACKDF,Auckland International Airport Limited,0.0,2.01,89,86,49,Industrials,Airports & Air Services
CMC,Commercial Metals Company,1.9,-17.52,7,11,42,Industrials,Steel/Iron Ore
NCLH,Norwegian Cruise Line Holdings Ltd.,-2.63,0.68,18,18,22,Consumer Discretionary,Marine Transportation
BRRLY,Barry Callebaut AG,4.46,-0.34,100,100,36,Consumer Defensive,Confectioners
HLTOY,Hellenic Telecommunications Organization S.A.,4.9,9.3,100,100,63,Communication Services,Telecom Services
RYAN,"Ryan Specialty Holdings, Inc.",-1.95,29.55,88,87,24,Finance,Specialty Insurers
AIXXF,AIXTRON SE,11.31,-14.03,29,29,96,Technology,Semiconductor Equipment & Materials
ENS,EnerSys,3.21,-10.4,18,16,90,Technology,Industrial Machinery/Components
NEMKY,Nemetschek SE,0.0,-2.57,61,63,5,Technology,Software - Application
BYCBF,Barry Callebaut AG,0.0,-4.28,0,20,30,Consumer Defensive,Confectioners
AIIXY,AIXTRON SE,-11.64,-24.01,0,0,96,Technology,Semiconductor Equipment & Materials
YAMHF,"Yamaha Motor Co., Ltd.",7.59,-0.26,81,81,49,Consumer Cyclical,Auto Manufacturers
NEMTF,Nemetschek SE,0.0,-14.34,1,14,2,Technology,Software - Application
BLDR,"Builders FirstSource, Inc.",-2.79,9.8,45,49,12,Consumer Discretionary,RETAIL: Building Materials
FNMAN,Federal National Mortgage Association,2.01,-1.69,30,35,9,Financial Services,Mortgage Finance
FNMAK,Federal National Mortgage Association,0.0,-7.85,0,14,6,Financial Services,Mortgage Finance
FNMAT,Federal National Mortgage Association,0.34,-9.62,4,24,5,Financial Services,Mortgage Finance
FNMFM,Federal National Mortgage Association,0.0,-6.25,6,25,8,Financial Services,Mortgage Finance
FNMAS,Federal National Mortgage Association,-3.3,-11.05,0,0,7,Financial Services,Mortgage Finance
XNGSF,ENN Energy Holdings Limited,-0.54,-19.24,29,31,4,Utilities,Utilities - Regulated Gas
KBDCF,Kingboard Holdings Limited,0.0,165.41,94,96,99,Industrials,Conglomerates
AGCO,AGCO Corporation,1.57,-1.29,65,84,48,Industrials,Industrial Machinery/Components
FITGF,FIT Hon Teng Limited,-10.09,-30.6,0,0,82,Technology,Electronic Components
NEXNY,Nexans S.A.,1.11,-11.74,1,0,62,Industrials,Electrical Equipment & Parts
MLSPF,Melrose Industries PLC,3.05,6.97,100,100,17,Industrials,Specialty Industrial Machinery
STJPF,St. James's Place plc,0.0,4.45,84,83,29,Financial Services,Asset Management
AMG,"Affiliated Managers Group, Inc.",3.49,6.51,78,100,85,Finance,Investment Managers
WILYY,Demant A/S,0.0,6.66,88,86,68,Healthcare,Medical Devices
SKPJY,SKY Perfect JSAT Corporation,0.0,-33.94,0,5,97,Communication Services,Broadcasting
SKPJF,SKY Perfect JSAT Corporation,0.0,-13.74,6,19,17,Communication Services,Broadcasting
KLYCY,Kunlun Energy Company Limited,10.97,1.26,87,86,28,Energy,Oil & Gas Refining & Marketing
HALO,"Halozyme Therapeutics, Inc.",1.67,12.82,100,100,72,Health Care,Biotechnology: Biological Products (No Diagnostic Substances)
IBRX,"ImmunityBio, Inc.",-5.61,22.22,78,77,97,Health Care,Biotechnology: Biological Products (No Diagnostic Substances)
CAMT,Camtek Ltd.,-0.46,-21.7,0,0,65,Technology,Electronic Components
SSL,Sasol Limited,1.96,-25.66,5,7,79,Energy,Oil & Gas Production
TOTDF,TOTO LTD.,0.0,-0.18,2,15,92,Industrials,Building Products & Equipment
TOPPY,TOPPAN Holdings Inc.,3.85,20.97,83,86,72,Industrials,Conglomerates
SDXOF,Sodexo S.A.,0.0,1.14,57,67,35,Industrials,Specialty Business Services
VIRT,"Virtu Financial, Inc.",1.94,22.34,83,88,89,Finance,Investment Bankers/Brokers/Service
ALBHF,Alibaba Health Information Technology Limited,2.44,-8.7,20,26,3,Healthcare,Pharmaceutical Retailers
CLF,Cleveland-Cliffs Inc.,-0.91,-32.29,7,12,33,Basic Materials,Metal Mining
PDI,PIMCO Dynamic Income Fund,0.24,0.87,51,76,33,Finance,Trusts Except Educational Religious and Charitable
PTBRY,PT Bank Negara Indonesia (Persero) Tbk,0.24,-6.89,20,26,9,Financial Services,Banks - Regional
SCABY,Svenska Cellulosa Aktiebolaget SCA (publ),7.87,5.13,37,45,14,Basic Materials,Paper & Paper Products
VLVCY,Volvo Car AB (publ.),0.0,-22.45,1,10,11,Consumer Cyclical,Auto Manufacturers
VLYPP,Valley National Bancorp,0.2,1.06,20,49,39,Finance,Major Banks
VLY,Valley National Bancorp,1.37,8.06,69,79,80,Finance,Major Banks
VLVOF,Volvo Car AB (publ.),0.0,-13.25,37,39,27,Consumer Cyclical,Auto Manufacturers
ECG,"Everus Construction Group, Inc.",4.05,-7.04,16,15,89,Consumer Discretionary,Homebuilding
RGEDF,Gedeon Richter PLC,0.3,2.39,59,90,1,Healthcare,Drug Manufacturers - Specialty & Generic
KEX,Kirby Corporation,2.41,-6.84,13,15,62,Consumer Discretionary,Marine Transportation
WJRYY,West Japan Railway Company,5.31,14.31,100,100,13,Industrials,Railroads
PLLIF,Pirelli & C. S.p.A.,17.93,18.96,100,100,62,Consumer Cyclical,Auto Parts
UGI,UGI Corporation,-0.65,2.73,36,59,33,Utilities,Natural Gas Distribution
CHOLF,China Oilfield Services Limited,0.0,-24.79,0,6,20,Energy,Oil & Gas Equipment & Services
CORT,Corcept Therapeutics Incorporated,1.55,22.33,100,100,93,Health Care,Biotechnology: Pharmaceutical Preparations
FLY,Firefly Aerospace Inc.,-3.11,-32.25,19,21,18,Industrials,Military/Government/Technical
CHRD,Chord Energy Corporation,-1.53,-20.33,0,1,36,Energy,Oil & Gas Production
NE,Noble Corporation plc,-1.53,-19.86,1,7,52,Energy,Oil & Gas Production
ATR,"AptarGroup, Inc.",-0.76,11.96,76,82,27,Industrials,Plastic Products
VOYA,"Voya Financial, Inc.",2.02,14.7,100,100,81,Finance,Life Insurance
HQY,"HealthEquity, Inc.",1.32,12.25,100,99,45,Consumer Discretionary,Business Services
HULCF,"Hulic Co., Ltd.",0.0,-135.96,100,100,1,Real Estate,Real Estate Services
THNPY,Technip Energies N.V.,3.78,-1.63,38,47,25,Energy,Oil & Gas Equipment & Services
CWAN,"Clearwater Analytics Holdings, Inc.",0.0,0.7,51,74,53,Technology,Computer Software: Prepackaged Software
CDP,COPT Defense Properties,-0.61,17.7,89,87,75,Real Estate,Real Estate Investment Trusts
STAG,"STAG Industrial, Inc.",-0.15,6.7,59,75,50,Real Estate,Real Estate Investment Trusts
JXN,Jackson Financial Inc.,4.68,4.08,67,82,52,Finance,Life Insurance
PLXS,Plexus Corp.,0.03,-3.22,0,0,91,Technology,Electrical Products
NOV,NOV Inc.,-1.28,-16.71,0,0,59,Consumer Discretionary,Oil and Gas Field Machinery
SHTDF,Sinopharm Group Co. Ltd.,0.0,-6.99,0,13,15,Healthcare,Medical Distribution
TSUKF,"Toyo Suisan Kaisha, Ltd.",0.0,-8.11,26,38,6,Consumer Defensive,Packaged Foods
NEU,NewMarket Corporation,1.3,0.64,26,37,59,Industrials,Major Chemicals
UMICY,Umicore SA,2.54,-13.68,25,36,80,Industrials,Waste Management
CIG,Companhia Energética de Minas Gerais - CEMIG,0.48,2.12,54,72,38,Utilities,Electric Utilities: Central
ESAIY,"Eisai Co., Ltd.",2.78,12.5,100,100,15,Healthcare,Drug Manufacturers - Specialty & Generic
SPXSF,Spirax Group plc,0.0,-6.65,0,23,38,Industrials,Specialty Industrial Machinery
SNROF,"Sanrio Company, Ltd.",0.0,24.57,97,95,2,Consumer Cyclical,Specialty Retail
MIDD,The Middleby Corporation,2.33,15.07,100,100,75,Industrials,Industrial Machinery/Components
JBTM,JBT Marel Corporation,1.52,18.24,100,100,53,Industrials,Industrial Machinery/Components
SHMXY,SHMXY,0.0,-12.82,2,22,14,Technology,Scientific & Technical Instruments
CEVMY,CTS Eventim AG & Co. KGaA,11.86,-2.95,98,100,17,Communication Services,Entertainment
LGFRY,Longfor Group Holdings Limited,6.65,-17.06,14,19,6,Real Estate,Real Estate - Development
RIG,Transocean Ltd.,-2.57,-21.12,2,9,65,Energy,Oil & Gas Production
SPXSY,Spirax Group plc,-0.67,-3.64,0,3,35,Industrials,Specialty Industrial Machinery
TTAN,"ServiceTitan, Inc.",-0.66,4.65,92,91,24,Technology,Computer Software: Prepackaged Software
MTLPF,MTLPF,-0.21,29.11,100,91,21,,
EXP,Eagle Materials Inc.,-1.19,0.13,23,29,45,Industrials,Building Materials
DKDRF,NewMed Energy - Limited Partnership,2.86,-14.29,19,31,41,Energy,Oil & Gas E&P
SNROY,SNROY,0.0,26.01,100,100,18,Consumer Cyclical,Specialty Retail
SRUUF,Sprott Physical Uranium Trust Fund,-0.21,-2.2,72,77,30,Energy,Uranium
AACAY,AAC Technologies Holdings Inc.,-1.18,-16.56,0,0,42,Technology,Communication Equipment
HXL,Hexcel Corporation,2.0,13.1,98,100,85,Industrials,Major Chemicals
UEC,Uranium Energy Corp.,-1.67,-25.11,26,24,30,Basic Materials,Other Metals and Minerals
ASXFF,ASX Limited,0.0,16.28,94,92,47,Financial Services,Financial Data & Stock Exchanges
KGS,"Kodiak Gas Services, Inc.",-2.52,-2.76,0,0,89,Utilities,Natural Gas Distribution
SHTDY,Sinopharm Group Co. Ltd.,5.15,4.98,100,100,23,Healthcare,Medical Distribution
VFC,V.F. Corporation,1.23,0.47,4,9,45,Industrials,Garments and Clothing
KIGRY,KION GROUP AG,5.63,5.63,100,100,14,Industrials,Farm & Heavy Construction Machinery
PUODY,"Promotora y Operadora de Infraestructura, S. A. B. de C. V.",3.06,3.2,65,77,63,Industrials,Infrastructure Operations
PNDRY,PNDRY,0.76,30.89,99,97,64,Consumer Cyclical,Luxury Goods
PAYC,"Paycom Software, Inc.",0.5,2.06,88,87,19,Technology,Computer Software: Prepackaged Software
LAD,"Lithia Motors, Inc.",0.91,6.34,62,73,41,Consumer Discretionary,Retail-Auto Dealers and Gas Stations
RKGRY,RKGRY,11.45,-5.61,60,61,19,Industrials,Aerospace & Defense
POOL,Pool Corporation,-1.94,17.47,83,81,20,Consumer Discretionary,Industrial Specialties
KCDMY,"Kimberly-Clark de México, S. A. B. de C. V.",2.54,5.28,100,100,50,Consumer Defensive,Household & Personal Products
ROAD,"Construction Partners, Inc.",0.16,-4.29,1,7,31,Industrials,Military/Government/Technical
FBASF,Fibra UNO,0.0,2.92,43,67,57,Real Estate,REIT - Diversified
YTLCF,YTLCF,0.0,-7.12,11,32,40,Utilities,Utilities - Diversified
INGM,Ingram Micro Holding Corporation,2.42,-14.49,9,6,60,Technology,Retail: Computer Software & Peripheral Equipment
CENX,Century Aluminum Company,6.67,-29.73,16,18,80,Industrials,Aluminum
FSS,Federal Signal Corporation,2.11,24.05,100,100,67,Industrials,Auto Manufacturing
KGFHY,Kingfisher plc,-1.04,-0.39,38,58,34,Consumer Cyclical,Home Improvement Retail
SSRM,SSR Mining Inc.,0.07,4.01,76,81,82,Industrials,Precious Metals
ASXFY,ASX Limited,9.42,8.96,84,98,29,Financial Services,Financial Data & Stock Exchanges
DELHF,De'Longhi S.p.A.,0.0,-5.5,3,27,53,Consumer Cyclical,"Furnishings, Fixtures & Appliances"
ETSY,"Etsy, Inc.",-2.48,11.95,54,57,80,Consumer Discretionary,Business Services
HBRIY,Harbour Energy plc,3.1,-20.27,6,11,30,Energy,Oil & Gas E&P
PTGX,"Protagonist Therapeutics, Inc.",-0.09,27.93,96,94,92,Health Care,Biotechnology: Pharmaceutical Preparations
INGR,Ingredion Incorporated,1.71,0.7,44,51,14,Consumer Staples,Packaged Foods
FLR,Fluor Corporation,4.06,2.08,43,44,56,Industrials,Military/Government/Technical
SYRE,"Spyre Therapeutics, Inc.",2.44,13.07,55,63,98,Health Care,Biotechnology: Pharmaceutical Preparations
KIROY,Kumba Iron Ore Limited,0.17,-5.95,0,5,28,Basic Materials,Steel
VNO,Vornado Realty Trust,0.3,16.55,95,91,76,Real Estate,Real Estate Investment Trusts
MSSMY,MISUMI Group Inc.,1.6,10.59,95,100,91,Industrials,Tools & Accessories
NNCHY,Nissan Chemical Corporation,0.0,1.62,86,95,79,Basic Materials,Chemicals
MAC,The Macerich Company,-0.71,9.6,59,66,83,Real Estate,Real Estate Investment Trusts
DFILF,DFI Retail Group Holdings Limited,0.0,-21.51,6,8,62,Consumer Defensive,Grocery Stores
AN,"AutoNation, Inc.",2.31,1.37,34,44,22,Consumer Discretionary,Retail-Auto Dealers and Gas Stations
WWNTY,Want Want China Holdings Limited,0.0,-19.86,0,6,4,Consumer Defensive,Packaged Foods
USAR,"USA Rare Earth, Inc.",1.04,-28.6,1,0,82,Basic Materials,Metal Mining
AVTR,"Avantor, Inc.",0.48,8.93,82,89,35,Industrials,Biotechnology: Laboratory Analytical Instruments
FNB,F.N.B. Corporation,0.74,8.67,63,73,63,Finance,Major Banks
CAR,"Avis Budget Group, Inc.",-3.08,-10.41,22,27,27,Consumer Discretionary,Rental/Leasing Companies
MIRM,"Mirum Pharmaceuticals, Inc.",-2.93,31.81,82,83,90,Health Care,Biotechnology: Pharmaceutical Preparations
KTWIY,Kurita Water Industries Ltd.,0.0,5.17,64,69,99,Industrials,Pollution & Treatment Controls
PCTY,Paylocity Holding Corporation,-1.16,0.99,85,85,14,Technology,Computer Software: Prepackaged Software
GTX,Garrett Motion Inc.,4.54,1.0,26,27,95,Consumer Discretionary,Auto Parts:O.E.M.
YPHDF,Ypsomed Holding AG,0.0,21.15,90,96,46,Healthcare,Medical Instruments & Supplies
EAT,"Brinker International, Inc.",-0.8,29.14,92,89,66,Consumer Discretionary,Restaurants
RRR,"Red Rock Resorts, Inc.",-0.85,15.12,61,64,59,Consumer Discretionary,Hotels/Resorts
BMA,Banco Macro S.A.,5.16,9.06,56,69,86,Finance,Commercial Banks
MTHRY,"M3, Inc.",3.19,22.48,100,100,26,Healthcare,Health Information Services
PHJMF,PT Hanjaya Mandala Sampoerna Tbk,0.0,-16.67,43,43,50,Consumer Defensive,Tobacco
HIMS,"Hims & Hers Health, Inc.",4.02,36.67,100,100,78,Health Care,Medical/Nursing Services
LOAR,Loar Holdings Inc.,0.48,25.47,98,96,67,Industrials,Military/Government/Technical
GLAPF,Glanbia plc,0.0,8.84,87,91,90,Consumer Defensive,Packaged Foods
SCCTY,Scout24 SE,0.0,1.23,54,77,22,Communication Services,Internet Content & Information
CACC,Credit Acceptance Corporation,0.01,19.84,95,92,84,Finance,Finance: Consumer Services
UBSI,"United Bankshares, Inc.",0.24,7.24,67,80,66,Finance,Major Banks
LNSPF,LondonMetric Property Plc,0.0,1.66,38,62,30,Real Estate,REIT - Industrial
LW,"Lamb Weston Holdings, Inc.",0.39,8.78,81,89,38,Consumer Staples,Packaged Foods
SLFPY,Aberdeen Group Plc,0.0,0.86,7,44,71,Financial Services,Asset Management
TVAVF,The Tel-Aviv Stock Exchange Ltd.,-0.12,-20.27,26,28,88,Financial Services,Financial Data & Stock Exchanges
RSI,"Rush Street Interactive, Inc.",1.7,22.84,95,99,90,Consumer Discretionary,Services-Misc. Amusement & Recreation
SIGCY,SIG Group AG,1.03,16.39,100,97,73,Consumer Cyclical,Packaging & Containers
TAL,TAL Education Group,1.02,1.95,82,94,20,Real Estate,Other Consumer Services
FLG,"Flagstar Bank, National Association",1.71,5.25,37,43,66,Finance,Banks
SQNNY,"Square Enix Holdings Co., Ltd.",0.0,-7.08,19,28,6,Communication Services,Electronic Gaming & Multimedia
JBHIF,JB Hi-Fi Limited,0.0,-6.1,12,35,10,Consumer Cyclical,Specialty Retail
ACT,"Enact Holdings, Inc.",0.77,11.58,80,88,62,Finance,Specialty Insurers
BEPC,Brookfield Renewable Corporation,0.36,-5.69,5,24,32,Utilities,Electric Utilities: Central
POR,Portland General Electric Company,-1.37,5.81,51,67,55,Utilities,Electric Utilities: Central
BLTE,"Belite Bio, Inc",5.04,6.62,85,98,87,Health Care,Biotechnology: Pharmaceutical Preparations
DFYFF,DFYFF,0.0,10.38,83,94,34,Financial Services,Insurance - Property & Casualty
ACMR,"ACM Research, Inc.",0.77,9.22,41,44,97,Technology,Industrial Machinery/Components
NSA,National Storage Affiliates Trust,-1.56,6.88,50,56,83,Real Estate,Real Estate Investment Trusts
COIHY,Croda International Plc,0.15,1.09,28,37,47,Basic Materials,Specialty Chemicals
TFX,Teleflex Incorporated,0.25,1.67,72,77,54,Health Care,Medical/Dental Instruments
COCSF,"Coca-Cola FEMSA, S.A.B. de C.V.",1.41,-3.02,10,30,55,Consumer Defensive,Beverages - Non-Alcoholic
BURBY,Burberry Group plc,2.21,-2.57,27,42,24,Consumer Cyclical,Luxury Goods
NOVT,Novanta Inc.,1.96,-0.13,81,92,84,Miscellaneous,Industrial Machinery/Components
GIGNY,Genting Singapore Limited,0.0,-14.69,0,8,9,Consumer Cyclical,Resorts & Casinos
SBSNY,Vend Marketplaces ASA,5.0,-3.74,39,42,16,Communication Services,Internet Content & Information
S,"SentinelOne, Inc.",3.66,9.8,100,100,65,Technology,Computer Software: Prepackaged Software
ESAB,ESAB Corporation,4.59,10.03,53,62,19,Industrials,Industrial Machinery/Components
TKMSF,TKMS AG & Co KGaA,10.4,-0.5,60,49,62,Unknown,Unknown
DELKY,Delek Group Ltd.,-4.05,-28.54,0,1,43,Energy,Oil & Gas E&P
ARGTF,Artemis Gold Inc.,-2.73,-1.85,18,24,22,Basic Materials,Other Precious Metals & Mining
XYIGY,Xinyi Glass Holdings Limited,0.0,-10.9,1,10,25,Basic Materials,Building Materials
SKSUF,"Sekisui Chemical Co., Ltd.",0.0,0.0,32,59,1,Industrials,Conglomerates
BLCO,Bausch + Lomb Corporation,-0.29,11.47,91,90,50,Health Care,Ophthalmic Goods
NSLYF,NSLYF,0.0,0.0,32,59,55,Consumer Defensive,Packaged Foods
KRG,Kite Realty Group Trust,-0.7,4.36,20,43,70,Real Estate,Real Estate Investment Trusts
LINRF,Liontown Limited,0.0,-32.02,0,5,88,Basic Materials,Other Industrial Metals & Mining
HPHTY,Hamamatsu Photonics K.K.,-2.23,-9.2,0,1,82,Technology,Electronic Components
ZEGLF,ZEGLF,0.0,-10.62,1,15,18,Communication Services,Telecom Services
SRTTY,"ZOZO, Inc.",-4.43,5.02,39,43,11,Consumer Cyclical,Internet Retail
ALM,Almonty Industries Inc.,3.18,-21.62,12,12,92,Basic Materials,Other Metals and Minerals
CGON,"CG Oncology, Inc.",-1.56,23.48,72,77,89,Health Care,Biotechnology: Biological Products (No Diagnostic Substances)
MATX,"Matson, Inc.",0.49,9.2,94,90,89,Consumer Discretionary,Marine Transportation
AUOTY,AUO Corporation,7.02,4.83,81,89,95,Technology,Electronic Components
TMSNY,Temenos AG,1.74,-2.59,92,90,42,Technology,Software - Application
TMHC,Taylor Morrison Home Corporation,-0.01,0.49,2,40,62,Consumer Discretionary,Homebuilding
JDSPY,JD Sports Fashion Plc,-0.28,-5.14,11,35,33,Consumer Cyclical,Apparel Retail
WILWY,Wallenius Wilhelmsen ASA,0.0,9.01,47,57,84,Industrials,Marine Shipping
NAVN,"Navan, Inc.",2.45,18.15,100,100,91,Technology,Computer Software: Prepackaged Software
AUB,Atlantic Union Bankshares Corporation,-0.14,11.76,73,82,69,Finance,Major Banks
HPHTF,Hamamatsu Photonics K.K.,0.0,-6.34,59,61,88,Technology,Electronic Components
GAERF,"Grupo Aeroportuario del Centro Norte, S.A.B. de C.V.",0.0,13.26,92,97,97,Industrials,Airports & Air Services
RANJF,Randstad N.V.,0.0,0.0,5,39,36,Industrials,Staffing & Employment Services
LPX,Louisiana-Pacific Corporation,-2.14,8.87,46,51,30,Basic Materials,Forest Products
MTG,MGIC Investment Corporation,-0.07,12.3,84,88,39,Finance,Property-Casualty Insurers
GCHEF,"Grupo Comercial Chedraui, S.A.B. de C.V.",0.0,-8.11,3,24,28,Consumer Defensive,Grocery Stores
RUSHA,"Rush Enterprises, Inc.",1.86,12.7,93,100,75,Consumer Discretionary,Retail-Auto Dealers and Gas Stations
CNVVY,Convatec Group PLC,0.94,7.08,100,96,27,Healthcare,Medical Instruments & Supplies
XENE,Xenon Pharmaceuticals Inc.,-0.69,14.25,89,88,81,Health Care,Biotechnology: Pharmaceutical Preparations
DLB,"Dolby Laboratories, Inc.",-2.17,-7.4,0,0,7,Miscellaneous,Multi-Sector Companies
BB,BlackBerry Limited,-1.13,10.06,66,70,97,Technology,Computer Software: Prepackaged Software
CRC,California Resources Corporation,-1.83,-17.51,0,0,25,Energy,Oil & Gas Production
ZHEXF,"Zhejiang Expressway Co., Ltd.",2.53,-10.0,30,33,15,Industrials,Infrastructure Operations
GTLB,GitLab Inc.,2.43,6.52,100,100,42,Technology,Computer Software: Prepackaged Software
CWST,"Casella Waste Systems, Inc.",-1.25,15.09,84,84,38,Utilities,Environmental Services
SMFRF,"Sumitomo Forestry Co., Ltd.",0.0,-153.87,100,100,1,Consumer Cyclical,Residential Construction
VSEC,VSE Corporation,2.44,29.4,100,100,84,Consumer Discretionary,Military/Government/Technical
ARKAF,Arkema S.A.,0.0,0.0,5,39,54,Basic Materials,Specialty Chemicals
DUOL,"Duolingo, Inc.",3.15,18.85,76,79,12,Technology,Computer Software: Prepackaged Software
IIDDY,IGO Limited,0.0,0.0,32,59,85,Basic Materials,Other Industrial Metals & Mining
SIGIP,"Selective Insurance Group, Inc.",-0.83,-1.45,15,42,31,Finance,Property-Casualty Insurers
CGHOF,China Gas Holdings Limited,0.0,0.0,5,39,32,Utilities,Utilities - Regulated Gas
AUTSF,AUTSF,-11.43,5.98,12,0,81,Unknown,Unknown
ALK,"Alaska Air Group, Inc.",-1.33,18.08,59,62,58,Consumer Discretionary,Air Freight/Delivery Services
DLPTF,"Liaoning Port Co., Ltd.",0.0,0.0,5,39,72,Industrials,Marine Shipping
KYSEF,"Kyushu Electric Power Company, Incorporated",0.0,-4.12,16,43,1,Utilities,Utilities - Independent Power Producers
USSJY,"USS Co., Ltd.",-2.63,0.82,22,23,54,Consumer Cyclical,Auto & Truck Dealerships
SMBMF,Seatrium Limited,0.0,-3.47,51,76,24,Energy,Oil & Gas Equipment & Services
BCPC,Balchem Corporation,-1.06,5.69,36,49,41,Industrials,Major Chemicals
TCLHF,TCL Electronics Holdings Limited,7.22,-3.5,100,100,82,Technology,Consumer Electronics
XMTR,"Xometry, Inc.",2.7,14.02,80,84,95,Consumer Discretionary,Business Services
IEP,Icahn Enterprises L.P.,0.28,-3.33,8,35,41,Consumer Discretionary,Auto Parts:O.E.M.
HCC,"Warrior Met Coal, Inc.",0.49,-23.32,10,13,50,Energy,Coal Mining
PUMSY,PUMA SE,3.97,-0.63,52,65,69,Consumer Cyclical,Footwear & Accessories
KOTMY,"Koito Manufacturing Co., Ltd.",0.0,-10.57,20,25,53,Consumer Cyclical,Auto Parts
NNNN,Anbio Biotechnology,-5.2,-55.42,0,0,1,Health Care,Biotechnology: In Vitro & In Vivo Diagnostic Substances
NTSK,"Netskope, Inc.",4.36,21.83,100,100,19,Technology,Computer Software: Prepackaged Software
PAM,Pampa Energía S.A.,2.2,-2.58,19,28,46,Utilities,Electric Utilities: Central
BECTY,Bechtle AG,0.0,-5.79,41,53,26,Technology,Information Technology Services
DNTUY,Dentsu Group Inc.,0.0,-1.17,66,71,33,Communication Services,Advertising Agencies
OGS,"ONE Gas, Inc.",-2.16,-2.13,0,12,26,Utilities,Oil/Gas Transmission
GBTG,"Global Business Travel Group, Inc.",0.0,0.53,16,46,85,Consumer Discretionary,Transportation Services
KYSEY,"Kyushu Electric Power Company, Incorporated",-0.18,-2.96,30,34,39,Utilities,Utilities - Independent Power Producers
IPGP,IPG Photonics Corporation,-0.54,-14.54,0,0,66,Technology,Semiconductors
LBRDP,Liberty Broadband Corporation,0.09,2.15,39,62,24,Telecommunications,Cable & Other Pay Television Services
LBRDK,LBRDK,-1.21,5.24,41,54,2,Telecommunications,Cable & Other Pay Television Services
DIOD,Diodes Incorporated,1.44,-13.21,2,0,91,Technology,Semiconductors
XNDU,Xanadu Quantum Technologies Limited,1.38,-18.53,22,30,85,Technology,Computer Manufacturing
AMVIF,AMVIF,-0.37,0.69,69,60,53,,
CGHLY,China Gas Holdings Limited,0.0,-15.81,0,8,6,Utilities,Utilities - Regulated Gas
SITE,"SiteOne Landscape Supply, Inc.",-1.47,7.84,42,47,16,Consumer Discretionary,Professional and commerical equipment
EIFZF,Exchange Income Corporation,0.0,4.48,47,73,89,Industrials,Airlines
NEXXY,Nexi S.p.A.,0.0,2.68,49,76,38,Technology,Software - Infrastructure
AYYLF,Ayala Corporation,0.0,-14.94,1,12,5,Industrials,Conglomerates
CNX,CNX Resources Corporation,-1.36,-1.91,30,54,23,Energy,Oil & Gas Production
MTN,"Vail Resorts, Inc.",1.02,7.4,78,86,41,Consumer Discretionary,Services-Misc. Amusement & Recreation
KVYO,"Klaviyo, Inc.",0.59,7.73,99,97,4,Technology,Computer Software: Prepackaged Software
QNTPF,XtalPi Holdings Limited,26.2,-18.6,41,41,21,,
DNLZY,Dyno Nobel Limited,-4.52,0.19,45,47,74,Basic Materials,Specialty Chemicals
ATAT,Atour Lifestyle Holdings Limited,0.59,-3.22,15,33,21,Consumer Discretionary,Hotels/Resorts
CHEOY,Cochlear Limited,6.01,30.42,100,100,2,Healthcare,Medical Devices
NNI,"Nelnet, Inc.",-0.7,3.75,60,75,42,Finance,Finance: Consumer Services
AMVOY,AMVOY,-0.09,-0.9,52,57,42,Consumer Cyclical,Auto Parts
PUTKY,PT United Tractors Tbk,6.0,9.41,100,100,14,Basic Materials,Other Industrial Metals & Mining
SEPLF,SEPLF,-1.08,-10.04,27,35,94,Energy,Oil & Gas E&P
RIOCF,RioCan Real Estate Investment Trust,0.0,1.19,2,35,65,Real Estate,REIT - Retail
GSISF,Genesis Minerals Limited,2.26,-15.46,10,17,25,Basic Materials,Gold
SMR,NuScale Power Corporation,-1.54,-19.92,0,0,3,Industrials,Metal Fabrications
FCN,"FTI Consulting, Inc.",1.37,-0.26,57,62,20,Consumer Discretionary,Professional Services
UNF,UniFirst Corporation,-1.17,-0.27,38,52,80,Consumer Discretionary,Other Consumer Services
RLI,RLI Corp.,-1.18,22.7,87,86,41,Finance,Property-Casualty Insurers
GMVHY,Entain Plc,-1.11,-5.85,0,4,7,Consumer Cyclical,Gambling
KNTNF,K92 Mining Inc.,-2.09,-5.93,35,49,53,Basic Materials,Gold
UFPI,"UFP Industries, Inc.",-2.13,8.81,42,43,24,Basic Materials,Forest Products
SMDPY,"Sumitomo Pharma Co., Ltd.",0.0,-5.42,23,37,18,Healthcare,Drug Manufacturers - Specialty & Generic
EBC,"Eastern Bankshares, Inc.",1.57,13.89,97,100,72,Finance,Savings Institutions
UUUU,Energy Fuels Inc.,-0.29,-20.73,0,0,53,Industrials,Mining & Quarrying of Nonmetallic Minerals (No Fuels)
MZDAY,Mazda Motor Corporation,5.0,2.29,82,97,44,Consumer Cyclical,Auto Manufacturers
AQN,Algonquin Power & Utilities Corp.,1.82,-5.03,14,22,26,Utilities,Electric Utilities: Central
HSSKY,HASEKO Corporation,0.0,0.0,32,59,38,Consumer Cyclical,Residential Construction
ACDVF,Air Canada,2.08,15.28,91,96,76,Industrials,Airlines
IBOC,International Bancshares Corporation,0.28,4.35,34,55,54,Finance,Major Banks
YADGF,Yadea Group Holdings Ltd.,0.0,48.42,97,99,91,Consumer Cyclical,Auto Manufacturers
COLD,"Americold Realty Trust, Inc.",-0.74,9.24,89,88,77,Real Estate,Real Estate Investment Trusts
TFSL,TFS Financial Corporation,0.17,11.32,90,89,81,Finance,Savings Institutions
TBBB,BBB Foods Inc.,-0.36,9.74,53,65,80,Consumer Staples,Food Chains
FRMI,Fermi Inc.,1.86,32.85,61,62,22,Real Estate,Real Estate Investment Trusts
HRI,Herc Holdings Inc.,0.57,-3.4,0,0,66,Industrials,Misc Corporate Leasing Services
EXLS,"ExlService Holdings, Inc.",0.41,-7.66,29,38,5,Consumer Discretionary,Business Services
NHKGF,"NHK Spring Co., Ltd.",0.0,12.05,80,83,1,Consumer Cyclical,Auto Parts
CUZ,Cousins Properties Incorporated,-0.33,11.56,88,86,71,Real Estate,Real Estate Investment Trusts
ACRXF,"Acerinox, S.A.",0.0,0.0,32,59,90,Basic Materials,Steel
KPDCF,Keppel DC REIT,0.0,-3.33,4,34,33,Real Estate,REIT - Office
AD,"Array Digital Infrastructure, Inc.",-3.5,-14.78,0,0,37,Telecommunications,Telecommunications Equipment
INDV,"Indivior Pharmaceuticals, Inc.",0.48,6.78,38,49,89,Health Care,Biotechnology: Pharmaceutical Preparations
AVEX,AEVEX Corp.,-5.27,-20.36,50,51,6,Industrials,Aerospace
RDNT,"RadNet, Inc.",0.25,30.51,97,95,54,Health Care,Medical Specialities
KRNTY,Krones AG,-6.93,-4.72,0,0,20,Industrials,Specialty Industrial Machinery
MTH,Meritage Homes Corporation,-2.39,17.95,58,61,67,Consumer Discretionary,Homebuilding
FELE,"Franklin Electric Co., Inc.",0.23,7.44,44,49,55,Consumer Discretionary,Metal Fabrications
NWE,"NorthWestern Energy Group, Inc.",-2.29,1.07,35,37,60,Utilities,Power Generation
UPCHY,Uni-President China Holdings Ltd,0.0,-8.25,0,13,16,Consumer Defensive,Beverages - Non-Alcoholic
OLED,OLED,2.31,-10.25,9,6,5,Technology,Electrical Products
SZGPY,Salzgitter AG,0.0,-36.47,0,3,82,Basic Materials,Steel
COCO,"The Vita Coco Company, Inc.",0.94,-9.73,1,10,86,Consumer Staples,Beverages (Production/Distribution)
BKGFY,The Berkeley Group Holdings plc,-0.99,-3.11,0,4,27,Consumer Cyclical,Residential Construction
TLPFF,Teleperformance SE,-1.66,-20.93,0,1,19,Industrials,Specialty Business Services
SFBS,"ServisFirst Bancshares, Inc.",1.34,13.06,74,80,61,Finance,Major Banks
ELFIF,E-L Financial Corporation Limited,-0.33,-1.65,0,28,45,Financial Services,Insurance - Life
PTEN,"Patterson-UTI Energy, Inc.",-1.15,-30.24,0,0,67,Energy,Oil & Gas Production
GRTUF,Granite Real Estate Investment Trust,1.56,-1.27,80,92,73,Real Estate,REIT - Industrial
BETA,"BETA Technologies, Inc.",4.91,4.8,100,100,12,Industrials,Aerospace
TAC,TransAlta Corporation,1.04,5.02,59,66,46,Utilities,Electric Utilities: Central
MANE,MANE,-5.91,20.59,78,77,97,Health Care,Biotechnology: Pharmaceutical Preparations
RMVEY,RMVEY,0.74,3.48,89,94,15,Communication Services,Internet Content & Information
LBTYK,Liberty Global Ltd.,-3.67,-6.58,0,7,23,Telecommunications,Cable & Other Pay Television Services
WYGPF,Worley Limited,0.0,-4.91,3,26,54,Energy,Oil & Gas Equipment & Services
SLM,SLM Corporation,-0.27,14.59,80,89,34,Finance,Finance: Consumer Services
HCHDF,Hochschild Mining plc,3.31,-15.9,20,23,55,Basic Materials,Other Precious Metals & Mining
THO,"THOR Industries, Inc.",-1.01,1.88,41,56,15,Industrials,Homebuilding
HGV,Hilton Grand Vacations Inc.,-2.97,4.75,27,33,67,Consumer Discretionary,Hotels/Resorts
SKT,Tanger Inc.,-0.43,8.25,38,48,65,Real Estate,Real Estate Investment Trusts
FMCCG,Federal Home Loan Mortgage Corporation,-0.64,-5.02,19,27,6,Financial Services,Mortgage Finance
FMCCH,Federal Home Loan Mortgage Corporation,0.0,-5.87,0,11,7,Financial Services,Mortgage Finance
FMCCS,Federal Home Loan Mortgage Corporation,0.0,-10.12,0,4,7,Financial Services,Mortgage Finance
FREJP,Federal Home Loan Mortgage Corporation PFD 5.30%,0.0,-6.53,2,22,10,Unknown,Unknown
FMCCJ,Federal Home Loan Mortgage Corporation,2.46,-3.85,41,56,8,Financial Services,Mortgage Finance
FMCCT,Federal Home Loan Mortgage Corporation,0.13,-9.88,0,3,5,Financial Services,Mortgage Finance
FREJN,Federal Home Loan Mortgage Corporation,0.0,-7.31,0,3,10,Financial Services,Mortgage Finance
FMCKN,Federal Home Loan Mortgage Corporation,-4.26,-7.79,0,0,7,Financial Services,Mortgage Finance
CVCO,"Cavco Industries, Inc.",-2.04,6.58,33,32,57,Consumer Discretionary,Homebuilding
MWH,"SOLV Energy, Inc.",2.92,-12.07,9,7,38,Industrials,Military/Government/Technical
MNSO,MINISO Group Holding Limited,1.54,-10.59,16,25,4,Consumer Discretionary,Department/Specialty Retail Stores
PSKRF,Protector Forsikring ASA,0.0,-1.78,19,47,98,Financial Services,Insurance - Specialty
PSKRY,PSKRY,0.0,-0.5,20,52,41,Financial Services,Insurance - Specialty
VEMLY,Venture Corporation Limited,-5.25,-14.08,0,0,62,Technology,Electronic Components
LIVN,LivaNova PLC,0.49,13.99,84,88,87,Health Care,Biotechnology: Electromedical & Electrotherapeutic Apparatus
BCHHF,Bucher Industries AG,0.0,0.0,32,59,15,Industrials,Specialty Industrial Machinery
GFF,Griffon Corporation,0.24,8.36,48,50,73,Industrials,Building Products
KRC,Kilroy Realty Corporation,0.05,8.13,91,88,67,Real Estate,Real Estate Investment Trusts
SOHVY,"Sumitomo Heavy Industries, Ltd.",7.02,11.74,100,100,83,Industrials,Specialty Industrial Machinery
CVSA,Covista Inc.,-0.25,4.11,68,71,46,Real Estate,Other Consumer Services
DNP,DNP Select Income Fund Inc.,0.37,2.39,46,66,55,Finance,Investment Managers
ERAS,"Erasca, Inc.",2.06,42.05,100,100,98,Health Care,Biotechnology: Pharmaceutical Preparations
NDGPF,Nine Dragons Paper (Holdings) Limited,0.0,7.14,63,73,82,Basic Materials,Paper & Paper Products
LOPE,"Grand Canyon Education, Inc.",0.5,1.78,78,80,14,Real Estate,Other Consumer Services
SLGN,Silgan Holdings Inc.,-0.47,27.26,86,89,47,Industrials,Containers/Packaging
TUIFF,TUI AG,0.0,5.38,63,77,33,Consumer Cyclical,Travel Services
PJT,PJT Partners Inc.,5.54,7.43,100,100,51,Finance,Investment Managers
UCB,"United Community Banks, Inc.",0.45,8.1,71,82,58,Finance,Major Banks
APNHY,Aspen Pharmacare Holdings Limited,0.0,6.09,89,87,83,Healthcare,Drug Manufacturers - Specialty & Generic
VRNS,"Varonis Systems, Inc.",6.56,37.35,100,100,84,Technology,Computer Software: Prepackaged Software
SZGPF,Salzgitter AG,0.0,-24.47,1,9,91,Basic Materials,Steel
SMMBF,SMMBF,-13.19,0.0,68,59,34,,
BNL,"Broadstone Net Lease, Inc.",-0.75,5.77,58,68,69,Real Estate,Real Estate Investment Trusts
STNG,Scorpio Tankers Inc.,0.9,-1.88,29,39,76,Consumer Discretionary,Marine Transportation
RGAKF,RGAKF,-6.56,-26.06,0,0,96,,
BELFA,Bel Fuse Inc.,2.97,-3.95,8,7,92,Technology,Electronic Components
UCTT,"Ultra Clean Holdings, Inc.",-0.89,12.64,36,38,97,Technology,Semiconductors
NVST,Envista Holdings Corporation,-0.43,20.29,92,88,68,Health Care,Medical/Dental Instruments
INSW,"International Seaways, Inc.",3.47,14.96,54,63,92,Consumer Discretionary,Marine Transportation
CRGY,Crescent Energy Company,-2.14,-25.08,0,0,21,Energy,Oil & Gas Production
HP,"Helmerich & Payne, Inc.",-2.46,-22.9,0,0,68,Energy,Oil & Gas Production
VKTX,"Viking Therapeutics, Inc.",3.39,29.99,88,93,69,Health Care,Biotechnology: Pharmaceutical Preparations
VLEEY,Valeo SE,3.25,-15.8,28,36,76,Consumer Cyclical,Auto Parts
TCMFF,Telecom Argentina S.A.,0.0,-59.83,0,1,95,Communication Services,Telecom Services
TPC,Tutor Perini Corporation,4.12,10.4,66,68,70,Consumer Discretionary,General Bldg Contractors - Nonresidential Bldgs
PAFRY,Pan African Resources PLC,3.68,-14.61,12,16,68,Basic Materials,Gold
IRTC,"iRhythm Holdings, Inc.",-0.36,17.4,94,91,19,Health Care,Medical/Dental Instruments
UTG,Reaves Utility Income Fund,0.58,-3.54,0,9,47,Finance,Investment Managers
MNGPF,Man Group Plc,0.0,2.31,81,81,81,Financial Services,Asset Management
TWODF,Taylor Wimpey plc,0.0,2.88,86,82,13,Consumer Cyclical,Residential Construction
ACAD,ACADIA Pharmaceuticals Inc.,-0.77,18.65,92,90,57,Health Care,Biotechnology: Pharmaceutical Preparations
DORM,"Dorman Products, Inc.",1.76,9.4,100,100,63,Consumer Discretionary,Auto Parts:O.E.M.
VCYT,"Veracyte, Inc.",1.6,16.13,70,73,92,Health Care,Medical Specialities
SKE,Skeena Resources Limited,-1.88,-4.67,45,48,73,Basic Materials,Precious Metals
CLBT,Cellebrite DI Ltd.,6.13,16.24,100,100,43,Technology,Computer Software: Prepackaged Software
AHEXY,Adecco Group AG,4.2,-2.77,75,76,10,Industrials,Staffing & Employment Services
SLTCY,Siltronic AG,8.49,-17.5,28,34,92,Technology,Semiconductors
TDW,Tidewater Inc.,0.1,-8.2,24,36,55,Consumer Discretionary,Marine Transportation
JOE,The St. Joe Company,-0.99,-6.43,0,0,47,Real Estate,Homebuilding
JUMSY,Jumbo S.A.,0.0,-0.83,55,65,24,Consumer Cyclical,Specialty Retail
YETI,"YETI Holdings, Inc.",-2.56,1.25,8,27,78,Consumer Discretionary,Recreational Games/Products/Toys
KFY,Korn Ferry,2.85,1.28,51,57,47,Consumer Discretionary,Diversified Commercial Services
FCXXF,First Capital Real Estate Investment Trust,0.0,-1.26,11,36,62,Real Estate,REIT - Retail
BMI,"Badger Meter, Inc.",2.69,17.05,100,100,14,Industrials,Industrial Machinery/Components
TKKHF,Tikehau Capital,0.0,-8.67,2,20,41,Financial Services,Asset Management
KC,Kingsoft Cloud Holdings Limited,0.33,-27.13,9,11,5,Technology,Computer Software: Prepackaged Software
BHF,"Brighthouse Financial, Inc.",1.36,4.04,77,80,54,Finance,Life Insurance
BHFAO,"Brighthouse Financial, Inc.",0.76,0.26,12,36,27,Finance,Life Insurance
DAVE,Dave Inc.,2.23,51.32,100,100,94,Finance,Finance: Consumer Services
CNS,"Cohen & Steers, Inc.",1.12,8.04,77,89,70,Finance,Investment Managers
GBNXF,Gibson Energy Inc.,1.01,-1.32,7,36,51,Energy,Oil & Gas Midstream
OSIS,"OSI Systems, Inc.",-0.42,3.87,56,59,16,Technology,Semiconductors
TPZEF,Topaz Energy Corp.,0.84,-10.44,0,13,43,Energy,Oil & Gas Midstream
TSYHF,TravelSky Technology Limited,-2.83,-16.94,6,10,8,Technology,Information Technology Services
SPTJF,Sinopec Shanghai Petrochemical Company Limited,0.0,3.33,68,89,22,Energy,Oil & Gas Refining & Marketing
CALM,"Cal-Maine Foods, Inc.",1.6,14.41,100,100,37,Consumer Staples,Farming/Seeds/Milling
FOUR,"Shift4 Payments, Inc.",0.06,30.77,97,95,17,Consumer Discretionary,Business Services
VECO,Veeco Instruments Inc.,-5.34,-14.51,0,0,93,Technology,Industrial Machinery/Components
HGTY,"Hagerty, Inc.",-1.13,20.57,88,86,47,Finance,Specialty Insurers
NHPEF,New Hope Corporation Limited,4.56,-11.36,17,23,69,Energy,Thermal Coal
ABG,"Asbury Automotive Group, Inc.",1.25,9.37,81,90,23,Consumer Discretionary,Retail-Auto Dealers and Gas Stations
QNTQY,QinetiQ Group plc,1.69,3.94,87,86,33,Industrials,Aerospace & Defense
AB,AllianceBernstein Holding L.P.,1.43,-0.97,46,56,33,Finance,Investment Managers
ARCAY,Arcadis NV,0.0,-5.0,0,16,39,Industrials,Engineering & Construction
SIG,Signet Jewelers Limited,-2.69,-5.7,0,0,27,Consumer Discretionary,Consumer Specialties
NEA,Nuveen AMT-Free Quality Municipal Income Fund,0.17,1.98,42,61,46,Finance,Finance/Investors Services
TSYHY,TravelSky Technology Limited,4.6,-7.03,20,18,9,Technology,Information Technology Services
AYAAF,"Ayala Land, Inc.",0.0,4.17,68,77,5,Real Estate,Real Estate - Development
INOD,Innodata Inc.,6.16,-39.82,9,9,88,Technology,EDP Services
MCHB,Mechanics Bancorp,0.31,8.72,84,91,69,Finance,Major Banks
BULL,Webull Corporation,0.56,18.2,98,96,32,Finance,Investment Bankers/Brokers/Service
JOYY,JOYY Inc.,3.11,4.29,100,96,73,Technology,EDP Services
OLGPF,Olam Group Limited,0.0,4.05,36,49,76,Consumer Defensive,Food Distribution
COLM,Columbia Sportswear Company,-0.03,-2.45,19,40,58,Consumer Discretionary,Apparel
SII,Sprott Inc.,3.1,-8.68,47,53,68,Finance,Finance: Consumer Services
MHO,"M/I Homes, Inc.",-2.85,10.13,48,52,66,Consumer Discretionary,Homebuilding
NPEGF,"Nippon Electric Glass Co., Ltd.",0.0,-6.46,39,46,62,Technology,Electronic Components
CBU,"Community Financial System, Inc.",0.0,7.32,74,83,61,Finance,Major Banks
DNLI,Denali Therapeutics Inc.,-0.35,27.81,91,93,87,Health Care,Biotechnology: Biological Products (No Diagnostic Substances)
MSGE,Madison Square Garden Entertainment Corp.,-3.21,6.45,25,40,86,Consumer Discretionary,Services-Misc. Amusement & Recreation
CC,The Chemours Company,-4.31,-16.06,0,0,62,Industrials,Major Chemicals
PTRN,Pattern Group Inc.,7.57,39.84,100,100,95,Consumer Discretionary,Catalog/Specialty Distribution
KYIV,Kyivstar Group Ltd.,2.93,15.78,95,100,85,Telecommunications,Telecommunications Equipment
NATL,NCR Atleos Corporation,0.88,1.7,64,69,64,Miscellaneous,Office Equipment/Supplies/Services
AGO,Assured Guaranty Ltd.,-0.05,13.21,91,89,34,Finance,Property-Casualty Insurers
FHB,"First Hawaiian, Inc.",1.23,11.38,95,98,69,Finance,Major Banks
OPCH,"Option Care Health, Inc.",-2.47,6.43,43,51,6,Health Care,Medical/Nursing Services
USLM,"United States Lime & Minerals, Inc.",-4.39,-4.08,0,13,12,Industrials,Mining & Quarrying of Nonmetallic Minerals (No Fuels)
OUTKY,Outokumpu Oyj,11.7,-14.2,29,35,70,Basic Materials,Steel
AMFPF,Amplifon S.p.A.,0.0,-6.66,3,25,13,Healthcare,Medical Distribution
HWKN,"Hawkins, Inc.",0.69,-8.59,1,6,20,Consumer Discretionary,Specialty Chemicals
YAMCY,Yamaha Corporation,0.0,-0.29,48,60,33,Consumer Cyclical,Leisure
TBCCF,TBC Bank Group PLC,0.0,2.05,45,68,42,Financial Services,Banks - Regional
TGSGY,TGS ASA,-0.31,-18.26,0,1,78,Energy,Oil & Gas Equipment & Services
ARLP,"Alliance Resource Partners, L.P.",-0.13,-8.54,5,24,27,Energy,Coal Mining
RCUS,"Arcus Biosciences, Inc.",-1.15,21.43,78,80,94,Health Care,Biotechnology: Pharmaceutical Preparations
SMUPF,Sims Limited,0.0,2.51,44,59,93,Basic Materials,Steel
SHOO,"Steven Madden, Ltd.",-0.53,-10.22,0,0,66,Consumer Discretionary,Shoe Manufacturing
NICMF,Nickel Industries Limited,0.0,-12.87,40,46,64,Basic Materials,Other Industrial Metals & Mining
GARPF,Golden Agri-Resources Ltd,0.0,0.0,0,7,31,Consumer Defensive,Farm Products
SKLTY,SEEK Limited,0.99,-1.88,24,35,5,Communication Services,Internet Content & Information
AMBA,"Ambarella, Inc.",1.75,10.66,63,66,74,Technology,Semiconductors
DNN,Denison Mines Corp.,1.25,-4.99,70,79,64,Basic Materials,Other Metals and Minerals
TOEAF,"Toei Animation Co.,Ltd.",0.0,-3.87,23,47,1,Communication Services,Entertainment
TMRAF,Tomra Systems ASA,0.0,-6.65,0,14,6,Industrials,Waste Management
ATRO,Astronics Corporation,1.36,3.0,17,19,92,Industrials,Military/Government/Technical
XISHY,Xinyi Solar Holdings Limited,0.0,-20.69,16,19,4,Technology,Solar
SOCNF,SOCNF,0.0,-14.19,42,53,70,Industrials,Electrical Equipment & Parts
CTRI,"Centuri Holdings, Inc.",0.29,-11.98,0,0,50,Utilities,Oil & Gas Production
TMRAY,Tomra Systems ASA,-0.1,-3.67,56,63,7,Industrials,Waste Management
ADX,"Adams Diversified Equity Fund, Inc.",0.43,1.38,79,83,65,Finance,Investment Managers
KPLUY,K+S Aktiengesellschaft,-3.1,-10.61,11,18,18,Basic Materials,Agricultural Inputs
WIX,Wix.com Ltd.,1.74,-6.5,73,72,1,Technology,Computer Software: Programming Data Processing
WBRBY,Wienerberger AG,0.76,-0.19,41,52,17,Basic Materials,Building Materials
MAURY,"Marui Group Co., Ltd.",0.0,5.1,49,72,14,Financial Services,Credit Services
MZTI,The Marzetti Company,-2.99,6.5,48,61,5,Consumer Staples,Packaged Foods
KBH,KB Home,-2.26,14.83,63,68,49,Consumer Discretionary,Homebuilding
FSM,Fortuna Mining Corp.,-0.46,-8.15,21,29,30,Basic Materials,Precious Metals
UNLRF,PT Unilever Indonesia Tbk,0.0,2.78,14,39,6,Consumer Defensive,Household & Personal Products
LXP,LXP Industrial Trust,0.14,9.02,80,86,71,Real Estate,Real Estate Investment Trusts
ATROB,Astronics Corporation,0.95,0.06,1,0,92,Industrials,Aerospace & Defense
ITGR,Integer Holdings Corporation,-1.83,0.71,45,62,34,Health Care,Biotechnology: Electromedical & Electrotherapeutic Apparatus
BHE,"Benchmark Electronics, Inc.",-0.65,-3.17,0,0,93,Technology,Electrical Products
GEO,"The GEO Group, Inc.",-1.75,18.17,71,74,88,Consumer Discretionary,Homebuilding
HYMC,Hycroft Mining Holding Corporation,-0.55,-22.53,23,28,97,Basic Materials,Precious Metals
RTOXF,Rotork plc,1.25,9.46,40,40,25,Industrials,Specialty Industrial Machinery
AYA,Aya Gold & Silver Inc.,1.68,2.36,73,78,88,Basic Materials,Precious Metals
MITFF,Mitie Group plc,0.5,-11.74,0,11,23,Industrials,Specialty Business Services
BBAGF,BB Biotech AG,0.0,0.0,32,59,37,Healthcare,Biotechnology
PATK,"Patrick Industries, Inc.",1.06,-0.14,1,15,10,Consumer Discretionary,Auto Parts:O.E.M.
NTCT,"NetScout Systems, Inc.",2.88,-0.21,57,83,86,Technology,EDP Services
NIPOF,Japan Hotel REIT Investment Corporation,0.0,-5.65,3,26,2,Real Estate,REIT - Hotel & Motel
QTWO,"Q2 Holdings, Inc.",1.48,19.09,100,100,15,Technology,Computer Software: Prepackaged Software
CPK,Chesapeake Utilities Corporation,-2.38,1.2,20,44,29,Utilities,Oil & Gas Production
CSMYF,COSMOS Pharmaceutical Corporation,0.0,0.0,32,59,1,Healthcare,Pharmaceutical Retailers
SBCF,Seacoast Banking Corporation of Florida,-0.3,10.63,67,75,51,Finance,Major Banks
TATYF,Tate & Lyle plc,0.0,10.6,62,59,83,Consumer Defensive,Packaged Foods
HG,"Hamilton Insurance Group, Ltd.",0.09,18.37,93,89,81,Finance,Property-Casualty Insurers
DBRG,"DigitalBridge Group, Inc.",0.0,0.77,17,47,63,Real Estate,Real Estate Investment Trusts
OUST,"Ouster, Inc.",-0.02,5.82,44,48,96,Industrials,Industrial Machinery/Components
PHPPY,Signify N.V.,0.0,-21.06,0,0,14,Industrials,Electrical Equipment & Parts
CWK,Cushman & Wakefield Limited,-1.43,3.92,73,76,37,Finance,Real Estate
AEHR,"Aehr Test Systems, Inc.",3.39,-37.96,4,3,97,Industrials,Electrical Products
EXALF,Exail Technologies,0.0,-8.26,62,62,63,Industrials,Aerospace & Defense
PFS,"Provident Financial Services, Inc.",0.3,5.68,50,71,67,Finance,Savings Institutions
SSSAF,Shurgard Self Storage Ltd,0.0,12.7,76,94,20,Real Estate,REIT - Specialty
BSM,"Black Stone Minerals, L.P.",-1.81,-2.45,0,24,39,Energy,Oil & Gas Production
HIW,"Highwoods Properties, Inc.",0.38,15.87,96,91,76,Real Estate,Real Estate Investment Trusts
AMPX,"Amprius Technologies, Inc.",5.74,-41.93,8,7,86,Miscellaneous,Industrial Machinery/Components
DREUF,Dream Industrial Real Estate Investment Trust,0.91,0.83,23,44,54,Real Estate,REIT - Industrial
CFNCF,Compagnie Financière Tradition SA,0.0,0.0,32,59,90,Financial Services,Capital Markets
FPAFF,FPAFF,0.0,-5.97,0,15,14,Consumer Defensive,Packaged Foods
HOEGF,Höegh Autoliners ASA,-1.0,-2.97,0,14,79,Industrials,Marine Shipping
PLMR,"Palomar Holdings, Inc.",1.52,37.63,100,100,57,Finance,Property-Casualty Insurers
EXPO,"Exponent, Inc.",0.33,3.4,76,86,18,Consumer Discretionary,Professional Services
PLXNF,PLXNF,0.0,-3.52,7,36,16,Industrials,Specialty Business Services
DX,"Dynex Capital, Inc.",1.77,3.11,59,77,53,Real Estate,Real Estate Investment Trusts
WHR,Whirlpool Corporation,-0.16,-4.9,17,31,2,Consumer Discretionary,Consumer Electronics/Appliances
DBD,"Diebold Nixdorf, Incorporated",1.2,2.28,36,57,73,Miscellaneous,Office Equipment/Supplies/Services
KNKZF,KWS SAAT SE & Co. KGaA,0.0,0.0,32,59,48,Basic Materials,Agricultural Inputs
WOR,"Worthington Enterprises, Inc.",0.62,-4.55,10,24,35,Industrials,Steel/Iron Ore
SVM,Silvercorp Metals Inc.,-3.02,-19.27,1,2,79,Basic Materials,Precious Metals
HMDPF,Hammond Power Solutions Inc.,9.14,-0.8,47,62,95,Industrials,Electrical Equipment & Parts
NAD,Nuveen Quality Municipal Income Fund,0.0,2.64,40,64,46,Finance,Investment Managers
FPAFY,First Pacific Company Limited,1.88,-1.52,48,59,18,Consumer Defensive,Packaged Foods
PTON,"Peloton Interactive, Inc.",2.09,-4.86,84,91,36,Consumer Discretionary,Recreational Games/Products/Toys
EEFT,"Euronet Worldwide, Inc.",1.01,10.02,100,98,36,Finance,Investment Bankers/Brokers/Service
ALMS,Alumis Inc.,2.91,33.74,88,96,98,Health Care,Biotechnology: Pharmaceutical Preparations
HLIO,"Helios Technologies, Inc.",0.13,-4.0,0,0,89,Industrials,Metal Fabrications
FA,First Advantage Corporation,-1.85,27.77,88,87,86,Technology,EDP Services
GARPY,Golden Agri-Resources Ltd,0.0,11.25,74,81,41,Consumer Defensive,Farm Products
CSPKF,COSCO SHIPPING Ports Limited,0.0,0.0,32,59,55,Industrials,Marine Shipping
UNIT,Uniti Group Inc.,2.7,-6.36,9,7,83,Real Estate,Real Estate Investment Trusts
INTR,"Inter & Co, Inc.",4.02,-1.22,66,76,5,Finance,Commercial Banks
PRVA,"Privia Health Group, Inc.",-0.62,27.23,93,91,66,Health Care,Medical/Nursing Services
CWT,California Water Service Group,-1.51,9.35,78,78,52,Utilities,Water Supply
CARG,"CarGurus, Inc.",-1.6,30.29,90,89,36,Technology,EDP Services
WDFC,WD-40 Company,0.25,21.38,80,84,66,Industrials,Major Chemicals
ARQT,"Arcutis Biotherapeutics, Inc.",1.01,18.77,69,71,72,Health Care,Biotechnology: Pharmaceutical Preparations
ALFRY,Alfresa Holdings Corporation,0.0,0.0,32,59,15,Healthcare,Medical Distribution
VIVHY,Vivendi SE,-1.57,-0.4,53,64,29,Communication Services,Electronic Gaming & Multimedia
HSQVY,Husqvarna AB (publ),2.77,-13.65,15,20,13,Industrials,Tools & Accessories
CZMWF,Carl Zeiss Meditec AG,0.0,-4.88,11,32,6,Healthcare,Medical Instruments & Supplies
ASH,Ashland Inc.,-0.46,16.87,85,88,72,Consumer Discretionary,Specialty Chemicals
FBGGF,Fabege AB (publ),0.0,0.0,32,59,76,Real Estate,Real Estate Services
DFTX,"Definium Therapeutics, Inc.",0.32,80.28,87,91,98,Health Care,Medicinal Chemicals and Botanical Products
DHT,"DHT Holdings, Inc.",-0.17,5.6,14,23,77,Consumer Discretionary,Marine Transportation
DKL,"Delek Logistics Partners, LP",0.69,0.54,58,67,64,Energy,Natural Gas Distribution
AFBOF,African Rainbow Minerals Limited,0.0,-23.66,1,10,96,Basic Materials,Other Industrial Metals & Mining
IPEU,IPE Universal Inc.,0.0,0.0,32,59,73,Technology,Software - Application
MLYS,"Mineralys Therapeutics, Inc.",5.16,16.25,100,100,58,Health Care,Biotechnology: Pharmaceutical Preparations
TRMK,Trustmark Corporation,0.37,5.75,52,72,61,Finance,Major Banks
KPLIF,Keppel Infrastructure Trust,0.0,0.0,32,59,85,Basic Materials,Specialty Chemicals
DJT,Trump Media & Technology Group Corp.,1.41,-1.59,100,100,5,Technology,Computer Software: Programming Data Processing
SMSGY,Samsonite Group S.A.,-1.75,-5.49,0,1,16,Consumer Cyclical,Footwear & Accessories
MXCHF,"Orbia Advance Corporation, S.A.B. de C.V.",0.0,-1.54,0,6,83,Industrials,Conglomerates
HXPLF,HEXPOL AB (publ),0.0,-6.1,0,21,18,Basic Materials,Specialty Chemicals
AUKUF,ams-OSRAM AG,0.0,-19.8,0,6,94,Technology,Semiconductors
HOG,"Harley-Davidson, Inc.",1.44,4.79,51,64,55,Consumer Discretionary,Motor Vehicles
AMSSY,ams-OSRAM AG,3.56,-7.36,100,100,95,Technology,Semiconductors
SPXX,Nuveen S&P 500 Dynamic Overwrite Fund,-0.21,3.21,73,76,56,Finance,Trusts Except Educational Religious and Charitable
HNLGY,Hang Lung Group Limited,0.0,-16.5,0,0,18,Real Estate,Real Estate Services
SHCAY,Sharp Corporation,4.4,6.74,67,68,19,Technology,Consumer Electronics
AMR,"Alpha Metallurgical Resources, Inc.",-1.54,-26.8,0,1,20,Energy,Coal Mining
ROG,Rogers Corporation,-1.95,-3.21,2,0,89,Industrials,Major Chemicals
WTTR,"Select Water Solutions, Inc.",0.61,-5.78,12,29,89,Energy,Oilfield Services/Equipment
PTY,PIMCO Corporate & Income Opportunity Fund,0.33,3.15,70,83,32,Finance,Investment Managers
BGAOY,Proximus PLC,0.0,-14.57,0,8,10,Communication Services,Telecom Services
RLX,RLX Technology Inc.,1.55,-2.97,51,56,13,Health Care,Medicinal Chemicals and Botanical Products
RUSMF,Russel Metals Inc.,-2.14,-10.32,0,0,75,Industrials,Industrial Distribution
OCDDY,Ocado Group plc,1.0,-12.12,38,45,16,Consumer Defensive,Grocery Stores
ILKAF,Iluka Resources Limited,-8.46,-17.93,14,20,74,Basic Materials,Other Industrial Metals & Mining
JBFCF,Jollibee Foods Corporation,0.0,6.14,93,91,6,Consumer Cyclical,Restaurants
CDLR,Cadeler A/S,6.63,-4.37,78,77,51,Consumer Discretionary,Marine Transportation
UA,"Under Armour, Inc.",2.47,22.74,100,100,69,Consumer Discretionary,Apparel
CLDX,"Celldex Therapeutics, Inc.",-1.09,26.8,92,90,83,Health Care,Biotechnology: In Vitro & In Vivo Diagnostic Substances
ALGT,Allegiant Travel Company,-2.57,36.88,88,87,89,Consumer Discretionary,Air Freight/Delivery Services
SOTDY,Ströer SE & Co. KGaA,0.0,4.15,56,65,33,Communication Services,Advertising Agencies
GRDN,"Guardian Pharmacy Services, Inc.",-1.48,1.42,43,50,85,Consumer Staples,Retail-Drug Stores and Proprietary Stores
ULIHF,The United Laboratories International Holdings Limited,0.0,0.0,32,59,11,Healthcare,Drug Manufacturers - Specialty & Generic
HYSNY,Hysan Development Company Limited,0.0,0.0,5,39,37,Real Estate,Real Estate Services
AGYS,"Agilysys, Inc.",0.17,24.13,97,95,69,Technology,EDP Services
KRKKF,KRUK Spólka Akcyjna,0.0,0.0,32,59,91,Financial Services,Credit Services
FBNC,First Bancorp,-0.25,7.49,64,76,69,Finance,Major Banks
ADPT,Adaptive Biotechnologies Corporation,1.46,18.92,81,85,87,Health Care,Biotechnology: Biological Products (No Diagnostic Substances)
TRRVF,TerraVest Industries Inc.,1.6,-24.58,12,15,8,Energy,Oil & Gas Equipment & Services
OSW,OneSpaWorld Holdings Limited,-3.49,15.33,70,69,74,Consumer Discretionary,Hotels/Resorts
XIFR,"XPLR Infrastructure, LP",0.73,2.39,98,93,69,Utilities,Electric Utilities: Central
ANDE,"The Andersons, Inc.",1.83,-7.21,6,6,77,Industrials,Farming/Seeds/Milling
CMPR,Cimpress plc,-3.53,-2.89,51,58,85,Consumer Discretionary,Publishing
KGTHY,Krungthai Card Public Company Limited,5.9,15.0,100,100,74,Financial Services,Credit Services
BKE,"The Buckle, Inc.",-0.78,-3.9,0,9,14,Consumer Discretionary,Clothing/Shoe/Accessory Stores
RARE,Ultragenyx Pharmaceutical Inc.,0.69,44.57,99,98,75,Health Care,Biotechnology: Pharmaceutical Preparations
GGGSY,Greggs plc,5.45,-2.25,41,52,37,Consumer Cyclical,Restaurants
TSRYF,Treasury Wine Estates Limited,0.0,8.97,37,48,39,Consumer Defensive,Beverages - Wineries & Distilleries
MPJPY,Metaplanet Inc.,6.06,-8.5,35,43,2,,
LU,Lufax Holding Ltd,1.43,-8.39,73,74,2,Finance,Finance: Consumer Services
MTPLF,MTPLF,5.74,-8.5,37,46,1,Consumer Cyclical,Restaurants
WOSGF,Watches of Switzerland Group PLC,0.57,2.4,88,86,91,Consumer Cyclical,Luxury Goods
BUSE,First Busey Corporation,-0.54,7.47,52,67,70,Finance,Major Banks
CROMF,Crombie Real Estate Investment Trust,0.0,1.41,40,59,56,Real Estate,REIT - Diversified
BVNRY,Bavarian Nordic A/S,1.51,3.2,100,97,30,Healthcare,Biotechnology
AVVOF,AVVOF,0.0,-23.5,12,17,22,Industrials,Aerospace & Defense
TBBK,"The Bancorp, Inc.",1.64,21.29,99,100,43,Finance,Major Banks
OCDGF,Ocado Group plc,0.0,-13.6,0,8,15,Consumer Defensive,Grocery Stores
SHHFF,SHHFF,1.02,1.54,15,4,90,,
DAC,Danaos Corporation,2.47,-3.55,21,37,75,Consumer Discretionary,Marine Transportation
NZTCF,Spark New Zealand Limited,7.0,-7.76,49,60,15,Communication Services,Telecom Services
BCRX,"BioCryst Pharmaceuticals, Inc.",3.35,20.07,96,100,67,Health Care,Biotechnology: Biological Products (No Diagnostic Substances)
ASRHF,ASRHF,-2.11,-63.01,0,0,71,,
PBH,Prestige Consumer Healthcare Inc.,-1.13,7.53,58,64,10,Health Care,Biotechnology: Pharmaceutical Preparations
DXPE,"DXP Enterprises, Inc.",2.91,0.79,21,22,81,Industrials,Industrial Machinery/Components
GEBHY,Genting Berhad,0.39,-10.65,6,17,13,Consumer Cyclical,Resorts & Casinos
PCTTU,"PureCycle Technologies, Inc.",0.0,-28.99,19,23,65,Industrials,Major Chemicals
ALRM,"Alarm.com Holdings, Inc.",0.36,10.85,96,93,37,Technology,Computer Software: Prepackaged Software
CDNL,Cardinal Infrastructure Group Inc.,7.87,26.68,54,56,97,Industrials,Military/Government/Technical
GRND,Grindr Inc.,-0.87,48.79,94,93,53,Technology,Computer Software: Programming Data Processing
RVT,"Royce Small-Cap Trust, Inc.",-0.54,2.98,59,70,63,Finance,Trusts Except Educational Religious and Charitable
DRSHF,DroneShield Limited,4.85,-18.01,39,40,5,Industrials,Aerospace & Defense
BANR,Banner Corporation,0.64,4.63,51,71,48,Finance,Major Banks
MTTRY,Ceconomy AG,93.85,85.29,100,100,80,Consumer Cyclical,Specialty Retail
CENT,Central Garden & Pet Company,-2.55,8.21,38,44,71,Consumer Discretionary,Consumer Specialties
PBI,Pitney Bowes Inc.,-0.12,0.36,0,2,88,Miscellaneous,Office Equipment/Supplies/Services
CLM,"Cornerstone Strategic Investment Fund, Inc.",1.07,0.85,58,87,44,Finance,Finance/Investors Services
SRRLF,Sirius Real Estate Limited,0.18,0.18,10,41,38,Real Estate,Real Estate Services
MBINL,Merchants Bancorp,0.44,1.48,50,66,52,Finance,Major Banks
LMAT,"LeMaitre Vascular, Inc.",0.82,10.86,100,96,55,Health Care,Medical/Dental Instruments
PSNY,Polestar Automotive Holding UK PLC,-0.39,4.89,80,79,16,Industrials,Auto Manufacturing
OSHDF,Oshidori International Holdings Limited,0.0,0.0,32,59,99,Financial Services,Capital Markets
GCMG,GCM Grosvenor Inc.,5.42,29.13,100,100,76,Finance,Investment Managers
JPFAF,JPFAF,0.0,0.0,32,59,1,Consumer Defensive,Farm Products
BSTZ,BlackRock Science and Technology Term Trust,0.78,-2.97,13,31,84,Finance,Trusts Except Educational Religious and Charitable
CDDRF,Headwater Exploration Inc.,-1.94,-16.56,0,0,71,Energy,Oil & Gas E&P
MCRI,"Monarch Casino & Resort, Inc.",-2.15,4.23,17,25,77,Consumer Discretionary,Hotels/Resorts
CPRI,Capri Holdings Limited,-0.63,0.05,5,19,28,Consumer Discretionary,Apparel
DSITF,Currys plc,0.0,6.09,63,77,71,Consumer Cyclical,Specialty Retail
BRSL,Brightstar Lottery PLC,-1.24,-3.39,23,34,11,Consumer Discretionary,Services-Misc. Amusement & Recreation
VAIAF,Vaisala Oyj,0.0,0.0,5,39,59,Technology,Scientific & Technical Instruments
CMPNF,Champion Real Estate Investment Trust,0.0,0.0,5,39,70,Real Estate,REIT - Retail
AXGN,"Axogen, Inc.",0.17,8.45,88,88,95,Health Care,Biotechnology: Electromedical & Electrotherapeutic Apparatus
CLOV,"Clover Health Investments, Corp.",-3.8,26.82,69,70,96,Health Care,Medical Specialities
PHVS,Pharvaris N.V.,-1.89,5.03,51,62,80,Health Care,Biotechnology: Pharmaceutical Preparations
CXW,"CoreCivic, Inc.",-1.97,31.92,84,86,87,Real Estate,Real Estate Investment Trusts
ESTA,Establishment Labs Holdings Inc.,2.59,19.7,100,100,92,Health Care,Industrial Specialties
GENSY,Genus plc,0.0,-8.09,33,58,45,Healthcare,Biotechnology
NWBI,"Northwest Bancshares, Inc.",0.0,6.63,56,72,69,Finance,Major Banks
EBLMY,Etablissements Maurel & Prom S.A.,0.0,-16.04,1,12,78,Energy,Oil & Gas E&P
MGNI,"Magnite, Inc.",2.26,40.24,100,100,78,Technology,Computer Software: Programming Data Processing
NWN,Northwest Natural Holding Company,-2.17,-0.49,0,21,41,Utilities,Oil/Gas Transmission
JBLU,JetBlue Airways Corporation,0.66,25.21,91,94,78,Consumer Discretionary,Air Freight/Delivery Services
DBMBF,FIBRA Macquarie México,3.38,3.94,100,97,75,Real Estate,REIT - Industrial
SHO,"Sunstone Hotel Investors, Inc.",-1.76,-2.03,0,5,72,Consumer Discretionary,Hotels/Resorts
DHC,Diversified Healthcare Trust,-1.63,5.58,47,52,93,Real Estate,Real Estate Investment Trusts
ZLAB,Zai Lab Limited,-0.21,10.03,92,89,10,Health Care,Biotechnology: Pharmaceutical Preparations
ZIZTF,Zip Co Limited,0.0,23.42,52,58,76,Financial Services,Credit Services
NBTX,Nanobiotix S.A.,7.03,11.35,100,100,97,Health Care,Biotechnology: Pharmaceutical Preparations
NEXA,Nexa Resources S.A.,1.3,-12.23,39,45,93,Basic Materials,Metal Mining
FRHLF,Freehold Royalties Ltd.,-1.42,-12.11,0,0,42,Energy,Oil & Gas E&P
TINLY,Teijin Limited,0.0,0.0,5,39,40,Industrials,Conglomerates
PKCOY,"PARK24 Co., Ltd.",0.0,16.81,80,86,42,Industrials,Infrastructure Operations
MESO,Mesoblast Limited,-0.35,-4.02,31,41,32,Health Care,Biotechnology: Biological Products (No Diagnostic Substances)
GRC,The Gorman-Rupp Company,1.49,9.4,46,51,91,Industrials,Fluid Controls
STC,Stewart Information Services Corporation,-0.13,7.89,45,63,42,Finance,Specialty Insurers
AUPH,Aurinia Pharmaceuticals Inc.,-0.77,-5.38,0,0,74,Health Care,Biotechnology: Pharmaceutical Preparations
GTY,Getty Realty Corp.,-0.99,7.06,60,75,66,Finance,Real Estate
YLLXF,Yellow Cake plc,5.58,-10.45,45,51,27,Energy,Uranium
SNWGF,Snowline Gold Corp.,1.03,-3.77,100,98,47,Basic Materials,Gold
SXGCF,Southern Cross Gold Consolidated Ltd.,7.12,-10.57,47,55,55,Basic Materials,Gold
CELJF,Cellcom Israel Ltd.,0.0,-8.87,29,36,50,Communication Services,Telecom Services
VRDN,"Viridian Therapeutics, Inc.",-2.11,14.6,84,82,26,Health Care,Medical Specialities
DEUZF,DEUTZ Aktiengesellschaft,0.0,-13.65,18,28,59,Industrials,Specialty Industrial Machinery
FCF,First Commonwealth Financial Corporation,0.1,8.13,59,73,66,Finance,Major Banks
GRGCF,Georgia Capital PLC,6.55,5.58,100,100,90,Financial Services,Financial Conglomerates
EZPW,"EZCORP, Inc.",-0.9,9.7,89,86,92,Consumer Discretionary,Other Specialty Stores
LTC,"LTC Properties, Inc.",-1.3,11.8,75,76,50,Real Estate,Real Estate Investment Trusts
TGLS,Tecnoglass Inc.,-2.35,4.57,36,47,12,Consumer Discretionary,Electronic Components
RXRX,"Recursion Pharmaceuticals, Inc.",4.21,4.21,100,100,35,Health Care,Biotechnology: Biological Products (No Diagnostic Substances)
NWARF,Norwegian Air Shuttle ASA,-0.69,-14.79,0,5,27,Industrials,Airlines
FFXDF,Fairfax India Holdings Corporation,1.82,2.38,72,83,45,Financial Services,Asset Management
SRPT,"Sarepta Therapeutics, Inc.",-0.52,15.13,94,91,21,Health Care,Biotechnology: Pharmaceutical Preparations
HVBVF,HVBVF,5.8,37.53,63,39,75,,
CMGMF,Chemring Group PLC,0.0,9.64,95,93,46,Industrials,Aerospace & Defense
POET,POET Technologies Inc.,2.17,-42.18,2,1,86,Technology,Semiconductors
COTY,Coty Inc.,-2.17,21.62,82,82,9,Consumer Discretionary,Package Goods/Cosmetics
NBHC,National Bank Holdings Corporation,-0.34,6.33,42,57,59,Finance,Major Banks
PAX,Patria Investments Limited,0.45,-3.09,30,42,11,Finance,Investment Managers
ASPHF,Ascentage Pharma Group International,0.0,-3.51,27,59,2,Healthcare,Biotechnology
WB,Weibo Corporation,2.85,-3.57,41,51,12,Technology,Computer Software: Programming Data Processing
AAPG,AAPG,4.7,5.96,100,100,3,Health Care,Biotechnology: Pharmaceutical Preparations
MNHFF,Mayr-Melnhof Karton AG,0.0,0.0,32,59,61,Consumer Cyclical,Packaging & Containers
ZYME,Zymeworks Inc.,-3.72,0.92,69,69,74,Health Care,Biotechnology: Pharmaceutical Preparations
HMN,Horace Mann Educators Corporation,0.5,19.62,97,94,72,Finance,Property-Casualty Insurers
PLGO,PLGO,-3.64,15.77,68,65,80,Finance,Property-Casualty Insurers
GEL,"Genesis Energy, L.P.",0.0,-9.32,1,13,15,Energy,Oil Refining/Marketing
INVX,"Innovex International, Inc.",-1.99,-16.66,0,0,58,Consumer Discretionary,Oil and Gas Field Machinery
ALG,Alamo Group Inc.,0.38,12.66,86,93,25,Industrials,Industrial Machinery/Components
IOVA,"Iovance Biotherapeutics, Inc.",-2.78,-4.34,50,57,90,Health Care,Biotechnology: Biological Products (No Diagnostic Substances)
ERMAY,ERAMET S.A.,1.35,-21.41,3,14,14,Basic Materials,Other Industrial Metals & Mining
WLTH,Wealthfront Corporation,4.49,-16.96,72,73,11,Finance,Finance: Consumer Services
CIAFF,Champion Iron Limited,-2.89,-11.08,37,40,11,Basic Materials,Steel
GOF,Guggenheim Strategic Opportunities Fund,-0.45,0.3,45,63,24,Finance,Finance/Investors Services
ILPMF,Permanent TSB Group Holdings plc,0.0,-8.13,0,12,39,Financial Services,Banks - Regional
WMK,"Weis Markets, Inc.",0.21,6.07,38,50,59,Consumer Staples,Food Chains
ASTVF,Austevoll Seafood ASA,0.0,-7.05,0,3,13,Consumer Defensive,Farm Products
MAWHY,Man Wah Holdings Limited,6.1,-17.08,30,32,9,Consumer Cyclical,"Furnishings, Fixtures & Appliances"
RMGGF,Resolute Mining Limited,9.52,-21.59,24,32,39,Basic Materials,Gold
TCNNF,Trulieve Cannabis Corp.,-9.82,-10.55,8,17,18,Healthcare,Drug Manufacturers - Specialty & Generic
QURE,uniQure N.V.,-1.08,47.77,62,64,94,Health Care,Biotechnology: Pharmaceutical Preparations
ETG,Eaton Vance Tax-Advantaged Global Dividend Income Fund,0.85,2.56,97,89,59,Finance,Investment Managers
SRCE,1st Source Corporation,0.32,10.31,72,83,73,Finance,Major Banks
AEVA,"Aeva Technologies, Inc.",0.92,-0.82,44,49,89,Consumer Discretionary,Auto Parts:O.E.M.
RLLWF,Reliance Worldwide Corporation Limited,0.0,13.64,65,69,52,Industrials,Building Products & Equipment
MD,"Pediatrix Medical Group, Inc.",2.35,22.44,100,100,86,Health Care,Hospital/Nursing Management
BSMAF,Bursa Malaysia Berhad,0.0,0.0,32,59,93,Financial Services,Financial Data & Stock Exchanges
NCNO,"nCino, Inc.",2.2,17.41,100,100,12,Technology,Computer Software: Prepackaged Software
CNXN,"PC Connection, Inc.",1.45,2.75,51,59,67,Consumer Discretionary,Catalog/Specialty Distribution
GT,The Goodyear Tire & Rubber Company,5.16,22.44,90,94,17,Consumer Discretionary,Automotive Aftermarket
SID,Companhia Siderúrgica Nacional,5.49,-26.15,16,19,4,Industrials,Steel/Iron Ore
GAB,The Gabelli Equity Trust Inc.,0.88,4.93,79,92,43,Finance,Investment Managers
ENVX,Enovix Corporation,4.85,-32.78,10,9,10,Miscellaneous,Industrial Machinery/Components
TH,Target Hospitality Corp.,-3.95,5.53,28,28,93,Consumer Discretionary,Hotels/Resorts
SNDX,"Syndax Pharmaceuticals, Inc.",1.19,22.53,100,99,78,Health Care,Biotechnology: Pharmaceutical Preparations
SLS,"SELLAS Life Sciences Group, Inc.",-6.94,54.2,79,81,98,Health Care,Biotechnology: Pharmaceutical Preparations
PLSE,"Pulse Biosciences, Inc.",-0.33,8.05,89,90,90,Health Care,Medical/Dental Instruments
EPAC,Enerpac Tool Group Corp.,0.98,6.09,28,27,24,Technology,Industrial Machinery/Components
RNDOF,Round One Corporation,0.0,256.04,100,100,99,Consumer Cyclical,Leisure
MQY,"BlackRock MuniYield Quality Fund, Inc.",0.0,2.27,38,67,44,Finance,Investment Bankers/Brokers/Service
THQQF,Embracer Group AB (publ),0.0,-12.23,39,47,29,Communication Services,Electronic Gaming & Multimedia
BST,BlackRock Science and Technology Trust,0.64,0.71,50,72,77,Finance,Finance Companies
AJMPF,Ashmore Group Plc,15.24,8.62,100,100,66,Financial Services,Asset Management
ECPG,"Encore Capital Group, Inc.",-1.21,11.05,61,70,91,Finance,Finance Companies
VSTS,Vestis Corporation,-4.83,2.64,38,45,95,Consumer Discretionary,Consumer Specialties
LAR,Lithium Argentina AG,-0.5,-19.06,0,0,93,Basic Materials,Metal Mining
VET,Vermilion Energy Inc.,-2.78,-26.4,0,0,23,Energy,Oil & Gas Production
PVLA,"Palvella Therapeutics, Inc.",-4.39,22.2,67,70,96,Health Care,Biotechnology: Pharmaceutical Preparations
MDCOY,MDCOY,0.0,2.64,64,88,47,Energy,Oil & Gas E&P
GENB,"Generate Biomedicines, Inc.",-2.81,15.1,87,86,75,Health Care,Biotechnology: Pharmaceutical Preparations
KRKNF,Kraken Robotics Inc.,3.67,-21.05,17,22,67,Technology,Scientific & Technical Instruments
SNDA,"Sonida Senior Living, Inc.",-2.44,24.15,83,82,82,Health Care,Hospital/Nursing Management
SJMHF,SJM Holdings Limited,0.0,-20.83,0,5,3,Consumer Cyclical,Resorts & Casinos
PARXF,Parex Resources Inc.,-1.43,-24.34,0,0,40,Energy,Oil & Gas E&P
ATAI,AtaiBeckley Inc.,-4.43,10.22,70,73,77,Health Care,Biotechnology: Pharmaceutical Preparations
GLUE,"Monte Rosa Therapeutics, Inc.",-3.97,33.93,85,83,96,Health Care,Biotechnology: Biological Products (No Diagnostic Substances)
EOPSF,Electro Optic Systems Holdings Limited,-0.58,-11.21,35,42,51,Industrials,Aerospace & Defense
ZD,"Ziff Davis, Inc.",2.57,12.16,100,100,83,Telecommunications,Telecommunications Equipment
BHVN,Biohaven Ltd.,0.56,40.79,95,97,81,Health Care,Biotechnology: Pharmaceutical Preparations
SVNBY,"Seven Bank, Ltd.",0.0,0.0,32,59,7,Financial Services,Banks - Regional
DCOM,"Dime Commercial Bancshares, Inc.",-0.32,7.0,49,61,77,Finance,Major Banks
TPB,"Turning Point Brands, Inc.",-0.47,-2.32,69,77,41,Consumer Discretionary,Tobacco
LILA,Liberty Latin America Ltd.,-1.18,47.99,86,89,85,Telecommunications,Cable & Other Pay Television Services
HLIT,Harmonic Inc.,-0.85,-4.52,14,14,84,Technology,Radio And Television Broadcasting And Communications Equipment
LSHGF,LSHGF,1.26,7.47,69,54,85,,
STBA,"S&T Bancorp, Inc.",0.47,8.87,67,78,72,Finance,Major Banks
TGLVY,Top Glove Corporation Bhd.,-2.82,-13.78,0,0,54,Healthcare,Medical Instruments & Supplies
FLO,"Flowers Foods, Inc.",-0.23,19.87,93,91,13,Consumer Staples,Packaged Foods
GLP,Global Partners LP,-0.74,-4.85,54,58,43,Energy,Oil Refining/Marketing
KMMPF,Killam Apartment REIT,0.0,-0.76,8,32,47,Real Estate,REIT - Residential
SFL,SFL Corporation Ltd.,3.21,-0.27,44,56,71,Consumer Discretionary,Marine Transportation
PWP,Perella Weinberg Partners,4.55,10.95,100,100,23,Finance,Finance: Consumer Services
AMVMF,AMG Critical Materials N.V.,0.0,-21.88,9,15,56,Basic Materials,Other Industrial Metals & Mining
DCH,Dauch Corporation,7.41,-16.52,23,26,29,Consumer Discretionary,Auto Parts:O.E.M.
CNPPF,China Overseas Property Holdings Limited,0.0,13.74,51,59,19,Real Estate,Real Estate Services
AVAH,Aveanna Healthcare Holdings Inc.,4.73,43.74,100,100,85,Health Care,Medical/Nursing Services
QQQX,Nuveen Nasdaq 100 Dynamic Overwrite Fund,0.83,0.23,72,77,60,Finance,Finance Companies
GRGTF,Grainger plc,0.0,0.0,32,59,19,Real Estate,Real Estate Services
COUR,"Coursera, Inc.",0.51,6.46,67,75,10,Technology,Computer Software: Prepackaged Software
ESBA,"Empire State Realty OP, L.P.",0.0,10.25,92,90,23,Real Estate,REIT - Office
REX,REX American Resources Corporation,1.16,-1.09,88,86,78,Industrials,Major Chemicals
CASBF,CanSino Biologics Inc.,0.0,-16.13,0,7,3,Healthcare,Drug Manufacturers - Specialty & Generic
FDP,Del Monte Corporation,2.14,-4.37,43,57,9,Consumer Staples,Farming/Seeds/Milling
SNLRF,Sanlorenzo S.p.A.,0.07,-8.31,4,28,61,Consumer Cyclical,Recreational Vehicles
INBX,"Inhibrx Biosciences, Inc.",-0.45,6.45,87,81,97,Health Care,Biotechnology: Biological Products (No Diagnostic Substances)
QCRH,"QCR Holdings, Inc.",0.77,4.87,43,63,67,Finance,Major Banks
UMAC,"Unusual Machines, Inc.",-1.95,-32.97,30,32,92,Technology,Radio And Television Broadcasting And Communications Equipment
MLLGF,Mullen Group Ltd.,2.51,-6.13,10,14,80,Industrials,Trucking
TRIN,Trinity Capital Inc.,-0.9,3.6,66,74,74,Finance,Finance: Consumer Services
PLFRF,Palfinger AG,0.0,0.0,32,59,33,Industrials,Farm & Heavy Construction Machinery
LKFN,Lakeland Financial Corporation,-1.09,4.08,34,57,41,Finance,Major Banks
EVTC,"EVERTEC, Inc.",-2.8,26.65,85,83,24,Technology,EDP Services
BY,"Byline Bancorp, Inc.",-0.16,11.58,69,76,73,Finance,Major Banks
PRCT,PROCEPT BioRobotics Corporation,0.86,-21.44,1,6,4,Health Care,Medical/Dental Instruments
GAM,"General American Investors Company, Inc.",1.31,1.47,100,97,58,Finance,Investment Managers
DV,"DoubleVerify Holdings, Inc.",2.01,10.41,100,100,39,Technology,Computer Software: Programming Data Processing
LOMA,Loma Negra Compañía Industrial Argentina Sociedad Anónima,0.34,3.69,36,43,59,Industrials,Building Materials
JNNDF,Japan Display Inc.,0.0,-12.93,0,7,88,Technology,Electronic Components
SFRGF,Salvatore Ferragamo S.p.A.,0.0,0.0,5,39,58,Consumer Cyclical,Luxury Goods
PRG,"PROG Holdings, Inc.",-1.99,26.65,63,64,86,Consumer Discretionary,Diversified Commercial Services
LINC,Lincoln Educational Services Corporation,3.4,6.94,100,100,94,Real Estate,Other Consumer Services
RES,"RPC, Inc.",-1.79,-24.24,0,0,31,Energy,Oilfield Services/Equipment
TRS,TriMas Corporation,-1.62,4.5,22,21,65,Industrials,Industrial Specialties
MAZE,"Maze Therapeutics, Inc.",3.49,27.36,100,100,83,Health Care,Biotechnology: Biological Products (No Diagnostic Substances)
TOWCF,TOWA Corporation,-0.36,10.84,77,91,1,Technology,Semiconductor Equipment & Materials
DPBSF,Dampskibsselskabet Norden A/S,0.0,-1.23,5,39,75,Industrials,Marine Shipping
PRXXF,Paradox Interactive AB (publ),0.0,-2.14,2,22,70,Communication Services,Electronic Gaming & Multimedia
ARLO,"Arlo Technologies, Inc.",1.62,2.01,54,69,16,Consumer Staples,Consumer Electronics/Appliances
NWL,Newell Brands Inc.,-4.46,45.05,74,79,83,Industrials,Plastic Products
FGETF,Flight Centre Travel Group Limited,0.0,22.28,89,96,36,Consumer Cyclical,Travel Services
WWW,"Wolverine World Wide, Inc.",2.84,7.37,37,42,22,Consumer Discretionary,Shoe Manufacturing
KALV,KalVista Pharmaceuticals Inc,0.0,0.9,53,47,91,Health Care,Biotechnology: Pharmaceutical Preparations
JJSF,J&J Snack Foods Corp.,-0.16,3.19,37,48,13,Consumer Staples,Specialty Foods
YSWY,"Yesway, Inc.",0.58,-4.83,15,20,31,Consumer Staples,Food Chains
DFH,"Dream Finders Homes, Inc.",-2.44,14.15,57,65,19,Consumer Discretionary,Homebuilding
MLTX,MoonLake Immunotherapeutics,-0.37,0.85,18,26,79,Health Care,Biotechnology: Pharmaceutical Preparations
SATL,Satellogic Inc.,-4.6,-36.36,17,19,85,Technology,Radio And Television Broadcasting And Communications Equipment
MRTN,"Marten Transport, Ltd.",-1.37,-2.71,20,39,83,Industrials,Trucking Freight/Courier Services
FRRFF,4imprint Group plc,0.0,-5.28,3,27,44,Communication Services,Advertising Agencies
RVLV,"Revolve Group, Inc.",0.13,17.18,65,66,31,Consumer Discretionary,Catalog/Specialty Distribution
LEG,"Leggett & Platt, Incorporated",-1.17,16.23,87,85,68,Consumer Discretionary,Home Furnishings
IAUX,i-80 Gold Corp.,-2.01,-7.59,23,35,77,Basic Materials,Precious Metals
ULCC,"Frontier Group Holdings, Inc.",3.03,33.5,83,86,94,Consumer Discretionary,Air Freight/Delivery Services
PRGS,Progress Software Corporation,0.83,22.79,94,98,50,Technology,Computer Software: Prepackaged Software
HMMCF,HMMCF,2.21,-14.58,39,45,99,Basic Materials,Gold
IRS,IRSA Inversiones y Representaciones Sociedad Anónima,1.83,5.23,36,50,48,Real Estate,Homebuilding
SLTMF,SLTMF,-99.95,-99.93,0,0,1,Unknown,Unknown
WLDN,"Willdan Group, Inc.",3.42,-19.4,8,6,25,Consumer Discretionary,Military/Government/Technical
SUPIF,Supermarket Income REIT plc,0.0,0.0,32,59,77,Industrials,Consulting Services
URGN,UroGen Pharma Ltd.,-1.6,35.54,91,90,95,Health Care,Biotechnology: Pharmaceutical Preparations
PKCPY,PT AKR Corporindo Tbk,0.0,-8.43,4,13,35,Energy,Oil & Gas Refining & Marketing
SEPN,"Septerna, Inc.",-1.56,6.69,33,37,91,Health Care,Biotechnology: Pharmaceutical Preparations
VZLA,Vizsla Silver Corp.,-2.1,-14.84,16,22,18,Basic Materials,Precious Metals
CGIFF,Chemtrade Logistics Income Fund,3.4,-5.59,26,31,56,Basic Materials,Chemicals
AIOSF,"Atresmedia Corporación de Medios de Comunicación, S.A.",0.0,3.63,69,89,38,Communication Services,Entertainment
SNMSF,Spin Master Corp.,6.27,13.06,100,100,50,Consumer Cyclical,Leisure
OGPIF,OGPIF,0.0,-16.8,1,13,68,Basic Materials,Gold
EYE,"National Vision Holdings, Inc.",1.06,28.84,100,98,9,Health Care,Ophthalmic Goods
ADTN,"ADTRAN Holdings, Inc.",1.42,-25.36,2,0,70,Utilities,Telecommunications Equipment
CMP,"Compass Minerals International, Inc.",-0.5,-5.0,31,43,83,Industrials,Mining & Quarrying of Nonmetallic Minerals (No Fuels)
LLESY,Lendlease Group,6.05,21.93,100,100,7,Real Estate,Real Estate - Diversified
CDRE,"Cadre Holdings, Inc.",2.85,0.13,66,77,17,Health Care,Industrial Specialties
BCTCF,OSL Group Limited,0.0,1.69,51,65,5,Financial Services,Capital Markets
TAOFF,IperionX Limited,0.0,-39.6,8,10,20,Basic Materials,Other Industrial Metals & Mining
EDN,Empresa Distribuidora y Comercializadora Norte Sociedad Anónima,4.53,-4.84,20,23,39,Utilities,Electric Utilities: Central
NAK,Northern Dynasty Minerals Ltd.,0.54,-16.14,10,17,73,Basic Materials,Precious Metals
HROW,"Harrow, Inc.",5.12,29.52,100,100,62,Health Care,Biotechnology: Pharmaceutical Preparations
GSL,"Global Ship Lease, Inc.",2.31,2.82,41,63,68,Consumer Discretionary,Marine Transportation
DMLP,"Dorchester Minerals, L.P.",0.0,-9.78,7,23,37,Energy,Oil & Gas Production
SPRPY,SPRPY,0.0,0.58,45,67,38,Utilities,Utilities - Regulated Gas
LRCDF,Laurentian Bank of Canada,-1.22,-1.75,0,27,47,Financial Services,Banks - Regional
ATLCP,Atlanticus Holdings Corporation,-0.57,3.31,42,64,49,Finance,Finance: Consumer Services
AHG,Akso Health Group,0.33,4.45,90,93,21,Consumer Discretionary,Business Services
SUUIF,Superior Plus Corp.,-0.36,-8.53,0,13,47,Utilities,Utilities - Regulated Gas
OCS,Oculis Holding AG,-2.27,16.65,87,85,3,Health Care,Biotechnology: Pharmaceutical Preparations
TWO,Two Harbors Investment Corp.,0.17,0.58,37,55,69,Real Estate,Real Estate Investment Trusts
SATA,"Strive, Inc.",0.51,1.93,78,81,51,Financial Services,Asset Management
SNSNF,"Sansan, Inc.",0.0,29.16,91,96,86,Technology,Software - Application
BLGFF,Baillie Gifford US Growth Trust PLC,3.41,-1.52,20,25,90,,
SLCVF,SLCVF,0.0,-3.7,58,64,52,Industrials,Engineering & Construction
BIREF,Birchcliff Energy Ltd.,0.68,-8.79,9,20,22,Energy,Oil & Gas E&P
BHRB,Burke & Herbert Financial Services Corp.,-0.66,9.56,50,63,57,Finance,Major Banks
UMH,"UMH Properties, Inc.",-0.71,2.26,44,57,40,Real Estate,Real Estate Investment Trusts
FINV,FinVolution Group,0.62,-4.89,39,55,15,Finance,Finance: Consumer Services
OMGGF,Omai Gold Mines Corp.,6.51,-3.12,100,100,95,Basic Materials,Gold
SBH,"Sally Beauty Holdings, Inc.",0.14,18.2,71,74,47,Consumer Discretionary,Other Specialty Stores
CHFHY,China Foods Limited,0.0,5.03,62,76,37,Consumer Defensive,Beverages - Non-Alcoholic
AFYA,Afya Limited,-2.62,3.84,64,68,30,Real Estate,Other Consumer Services
ALX,"Alexander's, Inc.",-0.96,6.41,51,68,70,Real Estate,Real Estate Investment Trusts
YELP,Yelp Inc.,-0.68,11.47,90,89,20,Consumer Discretionary,Other Consumer Services
TNGRF,Thungela Resources Limited,0.0,-35.9,6,10,16,Energy,Thermal Coal
PEBO,Peoples Bancorp Inc.,0.21,10.7,76,86,72,Finance,Major Banks
IART,Integra LifeSciences Holdings Corporation,0.72,3.53,44,54,89,Health Care,Medical/Dental Instruments
WLFC,Willis Lease Finance Corporation,5.91,35.18,100,100,90,Consumer Discretionary,Industrial Specialties
LEFUF,Leon's Furniture Limited,0.0,-2.91,4,26,16,Consumer Cyclical,Specialty Retail
KMTS,"Kestra Medical Technologies, Ltd.",3.34,36.33,100,100,81,Health Care,Medical/Dental Instruments
TMP,Tompkins Financial Corporation,0.11,9.13,69,81,79,Finance,Major Banks
PRA,ProAssurance Corporation,0.0,2.38,60,76,40,Finance,Property-Casualty Insurers
CPPKF,Faraday Copper Corp.,-1.1,-5.66,76,81,97,Basic Materials,Copper
SILXY,Silex Systems Limited,-2.06,-11.14,21,31,33,Technology,Semiconductors
CCO,"Clear Channel Outdoor Holdings, Inc.",0.0,0.0,14,42,78,Consumer Discretionary,Advertising
GSHD,"Goosehead Insurance, Inc.",0.59,47.96,99,98,18,Finance,Specialty Insurers
PRSU,"Pursuit Attractions and Hospitality, Inc.",-2.08,22.63,81,83,88,Consumer Discretionary,Business Services
BLFS,"BioLife Solutions, Inc.",-1.14,2.58,60,69,72,Health Care,Biotechnology: Electromedical & Electrotherapeutic Apparatus
SIFY,Sify Technologies Limited,-0.46,-10.08,20,23,89,Technology,Computer Software: Programming Data Processing
ASA,ASA Gold and Precious Metals Limited,0.22,-12.28,24,36,52,Industrials,Precious Metals
PKPYY,Pick n Pay Stores Limited,0.0,0.0,32,59,12,Consumer Cyclical,Department Stores
DTTLF,Datatec Limited,0.0,10.06,83,94,97,Technology,Information Technology Services
AVLN,Avalyn Pharma Inc.,-7.0,2.45,0,0,24,Health Care,Biotechnology: Pharmaceutical Preparations
ABTC,American Bitcoin Corp,-9.94,-39.83,0,0,1,Technology,EDP Services
ATEX,Anterix Inc.,0.86,56.06,93,96,98,Telecommunications,Telecommunications Equipment
CFPZF,Canfor Corporation,-1.77,-4.44,0,15,33,Basic Materials,Lumber & Wood Production
AGTEF,AGTech Holdings Limited,0.0,-0.71,27,59,98,Consumer Cyclical,Gambling
PNTG,"The Pennant Group, Inc.",3.61,32.5,100,100,85,Health Care,Medical/Nursing Services
BFLY,"Butterfly Network, Inc.",7.16,58.57,79,80,97,Health Care,Medical Electronics
CBLNY,Mersen S.A.,4.17,0.11,14,23,92,Industrials,Electrical Equipment & Parts
SG,"Sweetgreen, Inc.",-8.21,9.23,26,26,58,Consumer Discretionary,Restaurants
TNDM,"Tandem Diabetes Care, Inc.",0.65,-20.72,18,24,19,Health Care,Medical/Dental Instruments
JKS,"JinkoSolar Holding Co., Ltd.",0.82,-21.44,0,3,5,Technology,Semiconductors
GHM,Graham Corporation,0.46,7.4,66,70,92,Industrials,Industrial Machinery/Components
MNKD,MannKind Corporation,-5.53,21.31,74,73,69,Health Care,Biotechnology: Pharmaceutical Preparations
ZBIO,ZBIO,-2.86,43.91,83,86,82,Health Care,Biotechnology: Pharmaceutical Preparations
AVNS,"Avanos Medical, Inc.",-0.04,-0.32,10,36,94,Health Care,Industrial Specialties
CVSGF,CVS Group plc,0.0,0.0,32,59,34,Healthcare,Medical Care Facilities
BVHMF,Vistry Group PLC,-2.35,-5.14,41,51,2,Consumer Cyclical,Residential Construction
NDTAF,Northern Data AG,0.0,-48.33,25,26,3,Technology,Information Technology Services
OLMA,"Olema Pharmaceuticals, Inc.",1.03,19.57,100,99,70,Health Care,Biotechnology: Pharmaceutical Preparations
VITBF,VITBF,0.82,-16.01,3,7,2,,
FCELB,"FuelCell Energy, Inc.",0.66,4.68,87,93,83,Industrials,Electrical Equipment & Parts
ENHA,Enhanced Group Inc.,-1.56,-4.18,0,0,1,Consumer Discretionary,Services-Misc. Amusement & Recreation
ELE,Elemental Royalty Corporation,-0.94,-0.23,61,64,30,Basic Materials,Precious Metals
TDAY,"USA TODAY Co., Inc.",-1.81,6.12,81,82,91,Consumer Discretionary,Newspapers/Magazines
MGRT,Mega Fortune Company Limited,1.73,12.57,65,67,99,Technology,EDP Services
CIM,Chimera Investment Corporation,0.23,2.39,42,66,46,Real Estate,Real Estate Investment Trusts
IRPSY,IRPC Public Company Limited,0.0,0.0,32,59,94,Energy,Oil & Gas Refining & Marketing
TTAPY,TTW Public Company Limited,0.0,0.7,6,43,47,Utilities,Utilities - Regulated Water
SDGR,"Schrödinger, Inc.",0.71,7.26,79,89,50,Health Care,Biotechnology: Pharmaceutical Preparations
TOLWF,Trican Well Service Ltd.,-4.67,-19.51,0,0,39,Energy,Oil & Gas Equipment & Services
EKZRF,Eckert & Ziegler SE,0.0,1.24,54,77,35,Healthcare,Medical Devices
MRNFF,Meren Energy Inc.,0.72,-15.15,12,21,37,Energy,Oil & Gas E&P
FHNGY,The Foschini Group Limited,0.0,17.52,88,95,11,Consumer Cyclical,Department Stores
FBAK,First National Bank Alaska,0.75,-3.47,4,27,58,Financial Services,Banks - Regional
FPF,First Trust Intermediate Duration Preferred & Income Fund,0.55,1.89,53,74,38,Finance,Trusts Except Educational Religious and Charitable
CEVA,"CEVA, Inc.",10.44,-9.96,42,48,94,Technology,Computer Software: Programming Data Processing
LGIH,"LGI Homes, Inc.",-3.69,18.04,51,53,79,Consumer Discretionary,Homebuilding
TEN,Tsakos Energy Navigation Limited,1.31,3.95,35,45,84,Consumer Discretionary,Marine Transportation
ASGTF,Altus Group Limited,-3.73,-4.1,36,48,13,Real Estate,Real Estate Services
MPZZF,MPC Container Ships ASA,-0.73,-7.15,0,0,77,Industrials,Marine Shipping
IQ,"iQIYI, Inc.",5.94,-0.93,97,93,3,Consumer Discretionary,Consumer Electronics/Video Chains
UVSP,Univest Financial Corporation,0.18,9.68,64,74,81,Finance,Major Banks
SMSSY,"SMS Co., Ltd.",0.0,2.66,64,88,75,Healthcare,Health Information Services
FUBO,FuboTV Inc.,0.29,0.69,81,86,2,Consumer Discretionary,Movies/Entertainment
COLL,"Collegium Pharmaceutical, Inc.",1.19,14.62,94,98,48,Health Care,Biotechnology: Pharmaceutical Preparations
UPWK,Upwork Inc.,-3.28,1.37,71,73,3,Technology,EDP Services
CCB,Coastal Financial Corporation,0.74,12.31,84,94,13,Finance,Major Banks
LZ,"LegalZoom.com, Inc.",1.73,21.38,100,100,22,Technology,EDP Services
DYLLF,Deep Yellow Limited,-0.1,-9.14,89,91,11,Energy,Uranium
BOPCF,BioPharma Credit PLC,-2.29,0.8,29,17,52,,
MNXBF,"Monex Group, Inc.",0.0,-8.3,8,25,1,Financial Services,Capital Markets
MMI,"Marcus & Millichap, Inc.",0.31,6.82,88,91,58,Finance,Real Estate
FMBL,Farmers & Merchants Bank of Long Beach,0.0,7.91,87,86,72,Financial Services,Banks - Regional
XERS,"Xeris Biopharma Holdings, Inc.",1.09,36.1,100,99,78,Health Care,Biotechnology: Pharmaceutical Preparations
IRCUF,Irish Continental Group plc,0.0,-2.1,0,16,36,Industrials,Marine Shipping
APPS,"Digital Turbine, Inc.",-12.04,19.96,53,57,97,Miscellaneous,Multi-Sector Companies
AZTA,"Azenta, Inc.",-0.66,12.39,82,88,23,Technology,Industrial Machinery/Components
ABSI,Absci Corporation,-0.69,57.22,97,95,98,Health Care,Biotechnology: Commercial Physical & Biological Resarch
SAEYY,Redcare Pharmacy NV,0.0,37.27,93,97,74,Healthcare,Pharmaceutical Retailers
KOPN,Kopin Corporation,5.9,-35.37,15,17,93,Technology,Semiconductors
SMPL,The Simply Good Foods Company,-5.61,10.86,53,58,4,Consumer Staples,Packaged Foods
JBIO,"Jade Biosciences, Inc.",-0.98,20.07,81,84,91,Health Care,Biotechnology: Pharmaceutical Preparations
MDEVF,Melco International Development Limited,0.0,0.0,5,39,10,Consumer Cyclical,Resorts & Casinos
UVE,"Universal Insurance Holdings, Inc.",-0.26,20.91,92,90,85,Finance,Property-Casualty Insurers
CHI,Calamos Convertible Opportunities and Income Fund,0.23,2.88,53,77,74,Finance,Investment Managers
PLOW,"Douglas Dynamics, Inc.",-6.68,5.49,17,17,81,Industrials,Construction/Ag Equipment/Trucks
CMRF,"CIM Group, Inc.",0.0,-7.32,39,46,99,Real Estate,REIT - Diversified
TOETF,TOETF,0.0,0.0,32,59,1,Real Estate,Real Estate - Diversified
NLST,"Netlist, Inc.",-0.33,-3.53,85,91,97,Technology,Electronics & Computer Distribution
APYRF,Allied Properties Real Estate Investment Trust,0.0,2.88,47,58,11,Real Estate,REIT - Office
TWFG,"TWFG, Inc.",-2.6,32.61,84,83,44,Finance,Specialty Insurers
HEPS,D-Market Elektronik Hizmetler ve Ticaret A.S.,1.36,14.62,97,99,53,Consumer Discretionary,Catalog/Specialty Distribution
CGEM,"Cullinan Therapeutics, Inc.",1.02,23.42,82,84,93,Health Care,Biotechnology: Biological Products (No Diagnostic Substances)
SDTHF,Sdiptech AB (publ),0.0,0.0,32,59,67,Industrials,Conglomerates
RCKHF,Rockhopper Exploration plc,0.0,-2.06,23,40,30,Energy,Oil & Gas E&P
CTYMF,Catalyst Metals Limited,0.0,-3.9,39,44,12,Basic Materials,Gold
