ticker,name,daily_pct,one_month_pct,rs_sts_spy,rs_sts_qqq,ibd_rs,sector,industry
NVDA,NVIDIA Corporation,-3.52,-0.65,52,78,58,Technology,Semiconductors
AAPL,Apple Inc,0.63,7.33,100,100,78,Technology,Computer Manufacturing
AVGO,Broadcom Inc,-3.98,-0.24,43,68,63,Technology,Semiconductors
META,Meta Platforms Inc,-1.86,15.64,93,100,34,Technology,Computer Software: Programming Data Processing
AMD,Advanced Micro Devices,-4.21,9.41,35,59,97,Technology,Semiconductors
ASMLF,ASML Holding N.V.,-2.73,-7.98,1,0,90,Technology,Semiconductor Equipment & Materials
XOM,ExxonMobil Holdings Corporation,4.05,-1.43,66,95,62,Energy,Integrated oil Companies
TCTZF,Tencent Holdings Limited,-2.04,-2.15,64,73,14,Communication Services,Internet Content & Information
MA,Mastercard Incorporated,2.08,10.71,93,100,36,Consumer Discretionary,Business Services
LRCX,Lam Research Corporation,-5.83,-8.93,3,3,95,Technology,Industrial Machinery/Components
PLTR,Palantir Technologies Inc.,2.56,-0.79,82,83,19,Technology,Computer Software: Prepackaged Software
CVX,Chevron Corporation,3.29,-1.95,68,89,58,Energy,Integrated oil Companies
AMAT,"Applied Materials, Inc.",-4.5,4.12,12,14,96,Technology,Semiconductors
KO,The Coca-Cola Company,0.91,2.74,87,99,69,Consumer Staples,Beverages (Production/Distribution)
RHHBY,Roche Holding AG,-2.7,-1.66,27,56,52,Healthcare,Drug Manufacturers - General
RHHBF,Roche Holding AG,-3.9,-0.18,14,52,47,Healthcare,Drug Manufacturers - General
ACGBY,Agricultural Bank of China Limited,0.8,-6.83,30,44,40,Financial Services,Banks - Diversified
BABAF,Alibaba Group Holding Limited,-1.82,-9.99,54,62,11,Consumer Cyclical,Internet Retail
CYATY,CYATY,1.49,-11.75,8,14,26,Industrials,Electrical Equipment & Parts
CICHY,China Construction Bank Corporation,0.77,-3.78,36,58,45,Financial Services,Banks - Diversified
CICHF,China Construction Bank Corporation,2.78,2.94,93,100,63,Financial Services,Banks - Diversified
SFTBF,SoftBank Group Corp.,-2.36,-13.64,30,37,49,Communication Services,Telecom Services
NVS,Novartis AG,-0.44,-0.36,44,65,58,Health Care,Biotechnology: Pharmaceutical Preparations
SFTBY,SoftBank Group Corp.,-3.28,-13.33,23,29,90,Communication Services,Telecom Services
NVSEF,Novartis AG,0.0,6.05,62,72,56,Healthcare,Drug Manufacturers - General
BACHY,Bank of China Limited,0.12,-3.19,43,63,59,Financial Services,Banks - Diversified
KLAC,KLA Corporation,-4.0,-7.84,6,7,93,Technology,Electronic Components
TOYOF,Toyota Motor Corporation,2.19,-0.73,68,79,20,Consumer Cyclical,Auto Manufacturers
LRLCF,L'Oréal S.A.,-0.2,-7.18,5,20,40,Consumer Defensive,Household & Personal Products
SMAWF,Siemens Aktiengesellschaft,-0.98,2.13,22,49,56,Industrials,Specialty Industrial Machinery
PANW,"Palo Alto Networks, Inc.",1.35,18.16,66,73,94,Technology,Computer peripheral equipment
BHP,BHP Group Limited,-0.38,-7.53,19,25,80,Energy,Coal Mining
AXP,American Express Company,1.1,11.59,98,100,51,Finance,Finance: Consumer Services
SAP,SAP SE,1.34,-2.24,60,83,8,Technology,Computer Software: Prepackaged Software
APP,AppLovin Corporation,-12.65,-7.46,0,0,35,Technology,Computer Software: Programming Data Processing
ADI,"Analog Devices, Inc.",-2.44,-6.34,10,18,82,Technology,Semiconductors
HESAF,Hermès International Société en commandite par actions,1.53,-0.56,36,58,13,Consumer Cyclical,Luxury Goods
CMWAY,Commonwealth Bank of Australia,-0.25,4.57,100,100,37,Financial Services,Banks - Diversified
PEP,"PepsiCo, Inc.",0.81,-3.65,25,52,33,Consumer Staples,Beverages (Production/Distribution)
IDEXF,"Industria de Diseño Textil, S.A.",-1.38,-2.78,0,26,49,Consumer Cyclical,Apparel Retail
ABLZF,ABB Ltd,1.97,3.62,32,68,84,Industrials,Electrical Equipment & Parts
RIO,Rio Tinto Group,-0.76,-13.31,4,11,66,Basic Materials,Metal Mining
TMO,Thermo Fisher Scientific Inc.,0.28,11.22,100,100,45,Industrials,Industrial Machinery/Components
AMGN,Amgen Inc.,-0.81,1.8,58,73,61,Health Care,Biotechnology: Biological Products (No Diagnostic Substances)
RTPPF,Rio Tinto Group,-6.3,-12.52,0,0,65,Basic Materials,Other Industrial Metals & Mining
DIS,The Walt Disney Company,0.4,-3.59,11,31,21,Consumer Discretionary,Services-Misc. Amusement & Recreation
TJX,"The TJX Companies, Inc.",-0.54,-10.58,2,21,41,Consumer Discretionary,Clothing/Shoe/Accessory Stores
ALIZY,Allianz SE,-0.6,7.13,86,89,63,Financial Services,Insurance - Diversified
EADSY,Airbus SE,-1.78,7.03,38,54,43,Industrials,Aerospace & Defense
SMEGF,Siemens Energy AG,-0.66,-2.89,1,10,67,Industrials,Specialty Industrial Machinery
DTEGY,Deutsche Telekom AG,1.58,-7.25,49,63,19,Communication Services,Telecom Services
FRCOF,"Fast Retailing Co., Ltd.",-5.82,2.25,0,13,78,Consumer Cyclical,Apparel Retail
GLW,Corning Incorporated,-4.08,3.72,7,13,95,Industrials,Telecommunications Equipment
SHOP,Shopify Inc.,1.8,12.92,100,100,31,Technology,Computer Software: Prepackaged Software
IBDSF,"Iberdrola, S.A.",0.25,2.33,24,60,62,Utilities,Utilities - Diversified
RYCEY,Rolls-Royce Holdings plc,-2.54,8.91,45,60,68,Industrials,Aerospace & Defense
TOELY,Tokyo Electron Limited,-4.39,3.22,20,23,95,Technology,Semiconductor Equipment & Materials
SAFRY,Safran SA,-2.86,7.14,31,45,47,Industrials,Aerospace & Defense
HTHIY,"Hitachi, Ltd.",-1.05,-2.48,56,72,30,Industrials,Conglomerates
WELL,Welltower Inc.,1.28,11.34,89,90,79,Real Estate,Real Estate Investment Trusts
UBER,"Uber Technologies, Inc.",-0.38,6.77,53,71,21,Consumer Discretionary,Business Services
CIHHF,"China Merchants Bank Co., Ltd.",0.0,-2.76,17,39,26,Financial Services,Banks - Regional
DBSDY,DBS Group Holdings Ltd,-0.16,11.87,100,100,81,Financial Services,Banks - Regional
COP,ConocoPhillips,3.49,-2.18,63,82,54,Energy,Integrated oil Companies
PLDGP,"Prologis, Inc.",0.0,0.67,24,89,40,Real Estate,REIT - Industrial
BBVXF,"Banco Bilbao Vizcaya Argentaria, S.A.",-0.2,16.33,62,69,77,Financial Services,Banks - Diversified
BTAFF,British American Tobacco p.l.c.,3.26,1.39,52,77,63,Consumer Defensive,Tobacco
BKNG,Booking Holdings Inc.,-1.45,7.46,45,62,21,Consumer Discretionary,Transportation Services
NOW,"ServiceNow, Inc.",3.3,7.94,100,100,25,Technology,Computer Software: Prepackaged Software
CFRUY,Compagnie Financière Richemont SA,-0.31,1.12,7,58,61,Consumer Cyclical,Luxury Goods
IFNNF,Infineon Technologies AG,-4.92,-12.2,0,0,93,Technology,Semiconductors
IFNNY,Infineon Technologies AG,-4.92,-14.26,0,0,93,Technology,Semiconductors
KYCCF,Keyence Corporation,-4.67,1.64,3,21,71,Technology,Scientific & Technical Instruments
VRT,Vertiv Holdings Co,-4.07,2.7,10,25,92,Technology,Industrial Machinery/Components
PDD,PDD Holdings Inc.,-0.67,4.01,90,98,9,Technology,EDP Services
ENNPF,Enbridge Inc.,0.0,0.0,22,85,53,Energy,Oil & Gas Midstream
ZIJMF,Zijin Mining Group Company Limited,-4.58,-1.32,43,55,28,Basic Materials,Gold
ENB,Enbridge Inc.,0.75,-2.46,39,64,63,Energy,Natural Gas Distribution
ADTTF,Advantest Corporation,0.0,22.99,58,62,92,Technology,Semiconductor Equipment & Materials
NEM,Newmont Corporation,-2.3,-4.6,0,18,38,Basic Materials,Precious Metals
BMY,Bristol-Myers Squibb Company,3.06,5.47,100,100,64,Health Care,Biotechnology: Pharmaceutical Preparations
CVS,CVS Health Corporation,1.68,5.39,85,100,86,Consumer Staples,Retail-Drug Stores and Proprietary Stores
ACN,Accenture plc,2.43,-16.32,32,42,3,Consumer Discretionary,Business Services
ENLAY,Enel SpA,0.61,3.02,69,100,58,Utilities,Utilities - Diversified
PGR,The Progressive Corporation,1.63,15.98,99,98,57,Finance,Property-Casualty Insurers
AAGIY,AIA Group Limited,-0.75,-2.71,14,68,24,Financial Services,Insurance - Life
BP,BP p.l.c.,4.16,-4.33,64,79,59,Energy,Integrated oil Companies
PH,Parker-Hannifin Corporation,-1.04,5.42,39,69,59,Industrials,Metal Fabrications
BPAQF,BP p.l.c.,8.04,-4.41,65,81,55,Energy,Oil & Gas Integrated
ZFSVF,Zurich Insurance Group AG,-0.16,4.0,99,100,48,Financial Services,Insurance - Diversified
CEG,Constellation Energy Corporation,2.46,4.4,50,68,13,Utilities,Electric Utilities: Central
HWM,Howmet Aerospace Inc.,0.16,2.52,17,60,78,Industrials,Metal Fabrications
BAMGF,Brookfield Corporation,0.0,1.21,22,85,65,Financial Services,Asset Management
FTNT,"Fortinet, Inc.",1.97,10.73,86,98,95,Technology,Computer peripheral equipment
CME,CME Group Inc.,2.01,-6.51,46,60,21,Finance,Investment Bankers/Brokers/Service
FDX,FedEx Corporation,-0.3,-6.83,15,37,81,Consumer Discretionary,Air Freight/Delivery Services
SHECY,"Shin-Etsu Chemical Co., Ltd.",-1.01,3.15,49,75,77,Basic Materials,Chemicals
AXAHY,AXA SA,-0.26,6.3,92,94,58,Financial Services,Insurance - Diversified
MDT,Medtronic plc,-0.36,4.97,92,94,25,Health Care,Biotechnology: Electromedical & Electrotherapeutic Apparatus
CHDRF,Christian Dior SE,-3.04,-5.18,0,0,22,Consumer Cyclical,Luxury Goods
ESLOY,EssilorLuxottica Société anonyme,-2.02,-9.37,13,38,7,Healthcare,Medical Instruments & Supplies
ITOCF,ITOCHU Corporation,-3.1,-0.26,16,38,3,Industrials,Conglomerates
MITSY,"Mitsui & Co., Ltd.",-0.3,-8.17,23,54,32,Industrials,Conglomerates
SBKFF,State Bank of India,0.0,8.88,73,80,46,Financial Services,Banks - Regional
INGVF,ING Groep N.V.,-6.32,8.04,46,55,76,Financial Services,Banks - Diversified
AEM,Agnico Eagle Mines Limited,-2.29,-9.03,0,0,14,Basic Materials,Precious Metals
UPS,"United Parcel Service, Inc.",0.37,3.9,100,100,67,Industrials,Trucking Freight/Courier Services
PROSF,Prosus N.V.,-2.58,-1.1,47,78,10,Consumer Cyclical,Internet Retail
ATLPF,Atlas Copco AB (publ),6.43,3.93,55,69,79,Industrials,Specialty Industrial Machinery
ATLCY,Atlas Copco AB (publ),-2.02,-2.8,0,19,49,Industrials,Specialty Industrial Machinery
CMI,Cummins Inc.,-1.71,1.33,4,19,84,Industrials,Industrial Machinery/Components
MGCLY,MGCLY,-0.35,2.19,100,100,50,Consumer Cyclical,"Furnishings, Fixtures & Appliances"
ADP,"Automatic Data Processing, Inc.",3.77,12.04,100,100,50,Industrials,Diversified Commercial Services
ING,ING Groep N.V.,-0.28,8.83,78,95,77,Finance,Commercial Banks
BCMXY,"Bank of Communications Co., Ltd.",0.0,-3.45,14,30,38,Financial Services,Banks - Diversified
AMT,American Tower Corporation,0.54,-9.61,28,43,27,Real Estate,Real Estate Investment Trusts
SNPMF,China Petroleum & Chemical Corporation,-7.41,-3.85,0,21,18,Energy,Oil & Gas Integrated
MNST,Monster Beverage Corporation,-0.33,5.48,73,96,84,Consumer Staples,Beverages (Production/Distribution)
NET,"Cloudflare, Inc.",0.42,18.51,90,94,88,Technology,Computer Software: Prepackaged Software
USB,U.S. Bancorp,-0.11,9.1,89,91,73,Finance,Major Banks
WM,"Waste Management, Inc.",1.45,8.19,96,96,49,Utilities,Environmental Services
BCLYF,Barclays PLC,2.26,14.14,56,71,72,Financial Services,Banks - Diversified
AMXOF,"América Móvil, S.A.B. de C.V.",0.0,1.47,75,94,93,Communication Services,Telecom Services
OVCHY,Oversea-Chinese Banking Corporation Limited,-0.66,16.4,100,100,87,Financial Services,Banks - Regional
NABZY,National Australia Bank Limited,0.22,9.15,100,100,30,Financial Services,Banks - Diversified
CHGCY,"Chugai Pharmaceutical Co., Ltd.",-2.36,-5.06,0,27,18,Healthcare,Drug Manufacturers - General
NXPI,NXP Semiconductors N.V.,-4.75,-7.67,9,17,78,Technology,Semiconductors
LLDTF,Lloyds Banking Group plc,3.45,20.0,76,85,80,Financial Services,Banks - Regional
RACE,Ferrari N.V.,-0.97,2.01,56,71,27,Industrials,Auto Manufacturing
BAESF,BAE Systems plc,-2.51,-5.3,29,50,22,Industrials,Aerospace & Defense
NTTYY,"NTT, Inc.",0.74,-1.75,67,100,24,Communication Services,Telecom Services
MMM,3M Company,0.11,-0.13,17,40,41,Health Care,Medical/Dental Instruments
EPD,Enterprise Products Partners L.P.,2.79,2.76,100,100,66,Utilities,Natural Gas Distribution
MCO,Moody's Corporation,1.73,12.2,89,91,46,Finance,Finance: Consumer Services
AMX,"América Móvil, S.A.B. de C.V.",0.08,-5.89,13,40,68,Telecommunications,Telecommunications Equipment
MRSH,"Marsh & McLennan Companies, Inc.",1.81,7.96,100,100,33,Finance,Specialty Insurers
ENGQF,Engie SA,-0.77,-4.06,26,64,67,Utilities,Utilities - Diversified
ANZGY,ANZ Group Holdings Limited,0.24,3.87,100,100,50,Financial Services,Banks - Diversified
SHW,The Sherwin-Williams Company,-1.5,3.81,30,50,32,Consumer Discretionary,RETAIL: Building Materials
APO,"Apollo Global Management, Inc.",-1.25,-11.26,11,25,33,Finance,Investment Managers
VLO,Valero Energy Corporation,5.38,15.72,100,100,90,Energy,Integrated oil Companies
CL,Colgate-Palmolive Company,1.05,4.27,62,78,61,Consumer Discretionary,Package Goods/Cosmetics
ORLY,"O'Reilly Automotive, Inc.",1.16,-3.13,36,56,26,Consumer Discretionary,Auto & Home Supply Stores
B,B,-2.02,-8.08,0,7,45,Basic Materials,Precious Metals
EOG,"EOG Resources, Inc.",4.11,2.26,100,100,67,Energy,Oil & Gas Production
PSX,Phillips 66,5.27,11.34,100,100,85,Energy,Integrated oil Companies
F,Ford Motor Company,-1.07,-5.85,26,38,63,Industrials,Auto Manufacturing
TRP,TC Energy Corporation,0.91,-1.08,40,71,74,Utilities,Natural Gas Distribution
KMI,"Kinder Morgan, Inc.",0.37,2.81,33,64,58,Utilities,Natural Gas Distribution
AEP,"American Electric Power Company, Inc.",0.15,5.57,52,76,61,Utilities,Electric Utilities: Central
CTAS,Cintas Corporation,2.29,1.03,100,100,32,Industrials,Garments and Clothing
VALE,Vale S.A.,-1.94,-7.68,3,12,58,Basic Materials,Metal Mining
WBD,"Warner Bros. Discovery, Inc.",1.88,0.86,60,92,83,Consumer Discretionary,Services-Misc. Amusement & Recreation
MSI,"Motorola Solutions, Inc.",-1.14,2.18,77,84,35,Technology,Radio And Television Broadcasting And Communications Equipment
DHLGY,Deutsche Post AG,0.44,7.19,93,94,79,Industrials,Integrated Freight & Logistics
SPG,"Simon Property Group, Inc.",0.33,2.15,35,64,72,Real Estate,Real Estate Investment Trusts
DPSTF,Deutsche Post AG,-0.17,9.61,91,96,75,Industrials,Integrated Freight & Logistics
WFAFY,Wesfarmers Limited,1.12,4.55,67,97,63,Consumer Cyclical,Home Improvement Retail
HKXCY,Hong Kong Exchanges and Clearing Limited,0.06,2.49,100,100,25,Financial Services,Financial Data & Stock Exchanges
FIX,"Comfort Systems USA, Inc.",-1.37,-6.04,12,15,94,Industrials,Engineering & Construction
MFC,Manulife Financial Corporation,0.0,3.77,80,91,72,Finance,Life Insurance
MQBKY,Macquarie Group Limited,-1.3,3.68,60,94,67,Financial Services,Capital Markets
TEL,TE Connectivity plc,-1.09,-4.6,4,20,26,Technology,Electronic Components
APD,"Air Products and Chemicals, Inc.",0.81,9.25,68,76,51,Basic Materials,Major Chemicals
RSG,"Republic Services, Inc.",1.91,7.68,100,100,40,Utilities,Environmental Services
STMEF,STMicroelectronics N.V.,-2.45,-10.88,19,30,96,Technology,Semiconductors
WPM,Wheaton Precious Metals Corp.,-2.02,-4.29,0,1,23,Basic Materials,Precious Metals
TFC,Truist Financial Corporation,0.54,2.51,91,100,58,Finance,Major Banks
CRWV,"CoreWeave, Inc.",-6.27,-12.98,3,5,10,Technology,Computer Software: Prepackaged Software
D,"Dominion Energy, Inc.",1.03,6.16,85,100,69,Utilities,Electric Utilities: Central
LHX,"L3Harris Technologies, Inc.",-0.72,-7.52,3,39,25,Industrials,Industrial Machinery/Components
TER,"Teradyne, Inc.",-5.14,-10.56,0,0,94,Industrials,Electrical Products
CRARY,Crédit Agricole S.A.,-0.8,3.79,36,75,51,Financial Services,Banks - Regional
GWW,"W.W. Grainger, Inc.",1.16,5.91,89,100,80,Industrials,Office Equipment/Supplies/Services
RELX,RELX PLC,3.02,0.94,76,100,15,Consumer Discretionary,Business Services
MPNGY,Meituan,-1.2,-1.64,82,86,10,Consumer Cyclical,Internet Retail
TGT,Target Corporation,-0.27,1.61,49,61,78,Consumer Discretionary,Department/Specialty Retail Stores
THLLY,Thales S.A.,-1.88,-9.9,0,16,14,Industrials,Aerospace & Defense
O,Realty Income Corporation,1.36,4.1,91,99,55,Real Estate,Real Estate Investment Trusts
RLXXF,RELX PLC,2.76,0.15,87,100,15,Industrials,Specialty Business Services
THLEF,Thales S.A.,-0.21,-3.99,17,31,16,Industrials,Aerospace & Defense
SSUMF,Sumitomo Corporation,0.0,-77.05,0,1,1,Industrials,Conglomerates
STRF,Strategy Inc,-1.06,3.06,79,83,26,Technology,Computer Software: Prepackaged Software
STRK,Strategy Inc,-0.97,-8.88,48,58,7,Technology,Computer Software: Prepackaged Software
ANFGF,Antofagasta plc,-1.26,-2.94,29,36,78,Basic Materials,Copper
MPLX,MPLX LP,0.46,1.27,52,89,61,Energy,Natural Gas Distribution
CMPGF,Compass Group PLC,0.0,1.74,55,79,45,Consumer Cyclical,Restaurants
FNCTF,Orange S.A.,-2.72,-4.33,0,24,61,Communication Services,Telecom Services
CMPGY,Compass Group PLC,0.09,-1.44,24,47,49,Consumer Cyclical,Restaurants
FKURF,Fujikura Ltd.,0.0,11.55,26,33,99,Industrials,Conglomerates
VWAGY,Volkswagen AG,0.43,-13.31,6,22,10,Consumer Cyclical,Auto Manufacturers
DAL,"Delta Air Lines, Inc.",-1.37,5.59,27,46,83,Consumer Discretionary,Air Freight/Delivery Services
SCGLY,Société Générale Société anonyme,-0.29,1.87,18,32,67,Financial Services,Banks - Regional
MET,"MetLife, Inc.",1.51,6.22,100,100,72,Finance,Life Insurance
ALL,The Allstate Corporation,1.92,16.8,100,100,75,Finance,Property-Casualty Insurers
OKE,"ONEOK, Inc.",2.52,3.35,100,100,70,Utilities,Oil & Gas Production
GWLIF,Great-West Lifeco Inc.,-1.22,7.65,83,84,87,Financial Services,Insurance - Life
CTVA,"Corteva, Inc.",0.46,14.97,93,93,65,Consumer Staples,Farming/Seeds/Milling
BAMXF,Bayerische Motoren Werke Aktiengesellschaft,0.0,-13.64,6,25,5,Consumer Cyclical,Auto Manufacturers
CBRS,Cerebras Systems Inc.,-4.86,-9.68,51,63,4,Technology,Semiconductors
CVE,Cenovus Energy Inc.,4.58,-2.51,79,96,88,Energy,Oil & Gas Production
SDVKF,Sandvik AB (publ),0.0,4.54,79,89,81,Industrials,Specialty Industrial Machinery
ARGNF,argenx SE,0.0,5.69,88,96,81,Healthcare,Biotechnology
ARGX,argenx SE,-0.16,-2.52,7,34,69,Health Care,Biotechnology: Biological Products (No Diagnostic Substances)
BFFAF,BASF SE,0.13,-2.13,14,57,38,Basic Materials,Chemicals
MCHP,Microchip Technology Incorporated,-4.92,-9.37,0,0,69,Technology,Semiconductors
NTDOF,"Nintendo Co., Ltd.",0.98,-1.36,60,88,5,Communication Services,Electronic Gaming & Multimedia
SDVKY,Sandvik AB (publ),-1.8,0.94,4,15,73,Industrials,Specialty Industrial Machinery
EA,Electronic Arts Inc.,-0.03,1.63,48,97,53,Consumer Discretionary,Services-Misc. Amusement & Recreation
TTDKF,TDK Corporation,-8.82,-10.4,10,13,98,Technology,Electronic Components
CTPCF,CITIC Limited,0.0,-21.97,2,9,25,Industrials,Conglomerates
ETR,Entergy Corporation,-0.18,4.5,50,81,67,Utilities,Electric Utilities: Central
EW,Edwards Lifesciences Corporation,-0.46,7.03,65,73,65,Health Care,Industrial Specialties
DRPRY,Dr. Ing. h.c. F. Porsche AG,-2.72,-10.02,16,35,41,Consumer Cyclical,Auto Manufacturers
CCJ,Cameco Corporation,-6.03,-8.86,0,0,28,Basic Materials,Other Metals and Minerals
TTDKY,TDK Corporation,-6.66,-14.71,0,0,87,Technology,Electronic Components
FER,Ferrovial N.V.,-0.9,-5.42,0,9,39,Industrials,Military/Government/Technical
CRZBY,Commerzbank AG,0.27,4.52,96,100,68,Financial Services,Banks - Regional
AMSYF,ArcelorMittal S.A.,0.0,-0.28,50,64,91,Basic Materials,Steel
UOVEF,United Overseas Bank Limited,0.0,15.96,96,100,63,Financial Services,Banks - Regional
MDLN,Medline Inc.,-1.12,9.29,66,73,29,Health Care,Medical/Dental Instruments
RWNFF,RWE Aktiengesellschaft,-0.44,-3.81,11,36,68,Utilities,Utilities - Diversified
LNG,"Cheniere Energy, Inc.",1.8,9.64,100,100,59,Utilities,Oil/Gas Transmission
LGRVF,Legrand SA,0.0,0.22,6,30,57,Industrials,Electrical Equipment & Parts
FANUF,Fanuc Corporation,-2.25,-2.58,20,30,76,Industrials,Specialty Industrial Machinery
CAH,"Cardinal Health, Inc.",-0.91,5.88,53,75,76,Health Care,Other Pharmaceuticals
DGEAF,Diageo plc,2.3,2.85,65,94,30,Consumer Defensive,Beverages - Wineries & Distilleries
BIDU,"Baidu, Inc.",-3.52,-2.34,59,70,36,Technology,Computer Software: Programming Data Processing
GPDNF,Danone S.A.,0.0,8.27,79,88,37,Consumer Defensive,Packaged Foods
ERIXF,Telefonaktiebolaget LM Ericsson (publ),0.0,-13.16,4,20,57,Technology,Communication Equipment
LGRDY,Legrand SA,-2.03,-1.04,3,33,39,Industrials,Electrical Equipment & Parts
CODYY,Compagnie de Saint-Gobain S.A.,-1.62,-51.18,0,1,1,Industrials,Building Products & Equipment
GFS,GLOBALFOUNDRIES Inc.,-7.29,-20.69,0,0,89,Technology,Semiconductors
LZAGF,Lonza Group AG,-1.15,15.89,98,100,45,Healthcare,Diagnostics & Research
CLS,Celestica Inc.,-4.08,-10.54,11,18,82,Technology,Electrical Products
CODGF,Compagnie de Saint-Gobain S.A.,0.19,-1.61,7,16,18,Industrials,Building Products & Equipment
ASTS,"AST SpaceMobile, Inc.",-7.83,-30.73,3,12,22,Consumer Discretionary,Telecommunications Equipment
ANYYY,"Aena S.M.E., S.A.",-1.6,5.43,37,76,56,Industrials,Airports & Air Services
CNSWY,CNSWY,0.8,-7.05,41,63,17,Technology,Software - Application
STT,State Street Corporation,-1.14,8.62,85,89,86,Finance,Major Banks
HEINY,Heineken N.V.,-0.8,4.91,73,86,53,Consumer Defensive,Beverages - Brewers
VTR,"Ventas, Inc.",1.54,10.38,83,86,76,Real Estate,Real Estate Investment Trusts
WOPEF,Woodside Energy Group Ltd,0.0,-1.83,25,30,57,Energy,Oil & Gas E&P
WDS,Woodside Energy Group Ltd,1.73,-5.52,30,45,65,Energy,Oil & Gas Production
TTWO,"Take-Two Interactive Software, Inc.",0.37,15.1,68,72,53,Consumer Discretionary,Services-Misc. Amusement & Recreation
PPCCY,PICC Property and Casualty Company Limited,-0.9,-1.24,0,9,22,Financial Services,Insurance - Property & Casualty
SWDBY,Swedbank AB (publ),-1.38,2.22,38,70,73,Financial Services,Banks - Regional
HOCFF,HOCHTIEF Aktiengesellschaft,-5.86,-9.04,0,0,86,Industrials,Engineering & Construction
BAYZF,Bayer Aktiengesellschaft,-0.93,36.29,79,82,85,Healthcare,Drug Manufacturers - General
SWDBF,Swedbank AB (publ),-1.64,8.29,80,86,65,Financial Services,Banks - Regional
YUM,"Yum! Brands, Inc.",-1.14,5.49,62,72,46,Consumer Discretionary,Restaurants
TEVA,Teva Pharmaceutical Industries Limited,-2.34,-6.89,17,42,81,Health Care,Biotechnology: Pharmaceutical Preparations
RBGPF,Reckitt Benckiser Group plc,0.0,10.92,85,88,27,Consumer Defensive,Household & Personal Products
CCEP,Coca-Cola Europacific Partners PLC,0.15,8.51,88,94,64,Consumer Staples,Beverages (Production/Distribution)
CCI,Crown Castle Inc.,0.23,-12.24,29,40,22,Real Estate,Real Estate Investment Trusts
SSEZF,SSE plc,0.0,5.05,85,100,59,Utilities,Utilities - Diversified
MSADY,"MS&AD Insurance Group Holdings, Inc.",-0.25,-5.64,42,67,64,Financial Services,Insurance - Property & Casualty
HSY,The Hershey Company,0.91,-3.1,26,56,28,Consumer Staples,Specialty Foods
RBGLY,Reckitt Benckiser Group plc,-0.29,7.64,67,77,27,Consumer Defensive,Household & Personal Products
PEG,Public Service Enterprise Group Incorporated,0.42,2.68,19,56,38,Utilities,Power Generation
CCL,Carnival Corporation Ltd.,-0.82,-5.37,16,21,25,Consumer Discretionary,Marine Transportation
JBL,Jabil Inc.,-2.52,-14.57,0,0,81,Technology,Electrical Products
TRI,Thomson Reuters Corporation,5.18,17.5,100,100,14,Consumer Discretionary,Publishing
LNVGF,Lenovo Group Limited,-0.33,1.36,59,70,97,Technology,Computer Hardware
IRM,Iron Mountain Incorporated,0.71,-1.57,32,41,73,Real Estate,Real Estate Investment Trusts
EQBBF,EQT AB (publ),0.0,-5.4,37,56,43,Financial Services,Asset Management
SSEZY,SSE plc,-0.06,0.64,78,85,57,Utilities,Utilities - Diversified
MSADF,"MS&AD Insurance Group Holdings, Inc.",3.02,-6.29,30,43,61,Financial Services,Insurance - Property & Casualty
STLD,"Steel Dynamics, Inc.",2.5,-16.05,20,27,86,Industrials,Steel/Iron Ore
KMTUY,Komatsu Ltd.,-0.78,-2.98,29,58,49,Industrials,Farm & Heavy Construction Machinery
PBCRF,PT Bank Central Asia Tbk,-2.92,23.33,64,67,10,Financial Services,Banks - Regional
EME,"EMCOR Group, Inc.",-2.16,-5.75,0,0,60,Industrials,Engineering & Construction
FJTSY,Fujitsu Limited,-1.26,-4.32,52,73,19,Technology,Information Technology Services
WEGZY,WEG S.A.,-4.97,6.02,17,43,43,Industrials,Electrical Equipment & Parts
JPPHY,"Japan Post Holdings Co., Ltd.",6.83,-5.75,86,100,88,Financial Services,Banks - Regional
PPRUF,Kering SA,0.0,-7.11,4,12,21,Consumer Cyclical,Luxury Goods
WEC,"WEC Energy Group, Inc.",0.79,2.48,35,67,47,Utilities,Power Generation
FINMF,Leonardo S.p.a.,-0.47,-4.74,60,66,24,Industrials,Aerospace & Defense
KMTUF,Komatsu Ltd.,1.31,-1.7,14,23,42,Industrials,Farm & Heavy Construction Machinery
PCG,PG&E Corporation,1.16,3.76,68,95,49,Utilities,Power Generation
VODPF,Vodafone Group Public Limited Company,2.04,-4.46,63,77,66,Communication Services,Telecom Services
HMC,"Honda Motor Co., Ltd.",-0.32,2.84,50,67,38,Industrials,Auto Manufacturing
ADDDF,adidas AG,-3.32,1.72,47,62,55,Consumer Cyclical,Footwear & Accessories
BKHPF,Bank Hapoalim B.M.,0.0,-14.66,4,10,63,Financial Services,Banks - Regional
TEVJF,Teva Pharmaceutical Industries Limited,0.0,8.77,94,97,85,Healthcare,Drug Manufacturers - Specialty & Generic
AMKAF,A.P. Møller - Mærsk A/S,4.2,-9.92,40,55,60,Industrials,Marine Shipping
DLMAF,Dollarama Inc.,-1.92,-8.43,0,22,31,Consumer Defensive,Discount Stores
CBOE,"Cboe Global Markets, Inc.",3.38,-6.34,67,78,47,Finance,Investment Bankers/Brokers/Service
HIG,"The Hartford Insurance Group, Inc.",1.44,9.64,100,100,49,Finance,Property-Casualty Insurers
PAYX,"Paychex, Inc.",2.98,11.56,100,100,48,Industrials,Diversified Commercial Services
BBD,Banco Bradesco S.A.,-1.1,7.11,96,100,51,Finance,Major Banks
SMPNY,"Sompo Holdings, Inc.",-1.13,3.34,53,74,68,Financial Services,Insurance - Property & Casualty
NTAP,"NetApp, Inc.",-2.93,2.47,58,76,91,Technology,Electronic Components
DNZOF,DENSO Corporation,-4.95,1.82,62,77,24,Consumer Cyclical,Auto Parts
GVDNY,Givaudan SA,-1.74,4.92,48,65,49,Basic Materials,Specialty Chemicals
TRAUF,Transurban Group,-4.54,-7.73,1,15,40,Industrials,Infrastructure Operations
CHT,"Chunghwa Telecom Co., Ltd.",0.1,-6.27,9,26,38,Telecommunications,Telecommunications Equipment
BKHYY,Bank Hapoalim B.M.,-0.59,-2.14,24,70,41,Financial Services,Banks - Regional
RVMD,"Revolution Medicines, Inc.",-1.57,23.27,72,82,98,Health Care,Biotechnology: Biological Products (No Diagnostic Substances)
KVUE,Kenvue Inc.,-1.28,6.42,64,77,59,Consumer Discretionary,Specialty Chemicals
HBANZ,Huntington Bancshares Incorporated,0.05,-1.6,18,67,29,Finance,Major Banks
CSLLY,CSL Limited,-2.36,10.24,77,83,7,Healthcare,Biotechnology
NTR,Nutrien Ltd.,3.32,4.05,96,100,46,Industrials,Agricultural Chemicals
ROP,"Roper Technologies, Inc.",1.32,8.65,88,93,16,Technology,Computer Software: Programming Data Processing
HVRRF,Hannover Rück SE,0.0,4.79,70,96,23,Financial Services,Insurance - Reinsurance
BMPSY,BMPSY,0.27,7.9,100,100,71,Financial Services,Banks - Regional
HVRRY,Hannover Rück SE,0.53,7.04,97,100,31,Financial Services,Insurance - Reinsurance
HAL,Halliburton Company,2.38,-11.44,32,42,72,Energy,Oilfield Services/Equipment
TCKRF,Teck Resources Limited,0.0,-4.54,45,57,71,Basic Materials,Other Industrial Metals & Mining
EL,The Estée Lauder Companies Inc.,-1.83,-7.81,17,39,28,Consumer Discretionary,Package Goods/Cosmetics
RPRX,Royalty Pharma plc,0.04,2.1,60,74,85,Health Care,Biotechnology: Pharmaceutical Preparations
GASNY,"Naturgy Energy Group, S.A.",1.89,-4.71,44,67,50,Utilities,Utilities - Regulated Gas
PUTRY,PTT Public Company Limited,0.0,-12.37,4,19,43,Energy,Oil & Gas Integrated
CKHGY,Capitec Bank Holdings Limited,0.16,6.53,56,70,75,Financial Services,Banks - Regional
KBGGY,Kongsberg Gruppen ASA,-7.66,-10.88,0,6,31,Industrials,Aerospace & Defense
ACGLN,Arch Capital Group Ltd.,0.56,0.08,38,86,31,Finance,Property-Casualty Insurers
SVNDF,"Seven & i Holdings Co., Ltd.",10.12,10.12,100,100,29,Consumer Defensive,Grocery Stores
TCOM,Trip.com Group Limited,-1.03,-10.61,32,49,6,Consumer Discretionary,Business Services
EXPGY,Experian plc,1.57,7.66,86,89,17,Industrials,Consulting Services
SZLMY,Swiss Life Holding AG,-0.66,6.22,100,100,52,Financial Services,Insurance - Diversified
NTRSO,Northern Trust Corporation,-0.27,1.99,55,80,34,Finance,Major Banks
HENOF,Henkel AG & Co. KGaA,0.0,11.87,75,81,50,Consumer Defensive,Household & Personal Products
EXR,Extra Space Storage Inc.,0.94,-2.24,28,52,47,Real Estate,Real Estate Investment Trusts
WOLWF,Woolworths Group Limited,0.0,16.94,93,98,88,Consumer Defensive,Grocery Stores
VICI,VICI Properties Inc.,1.5,-4.44,23,49,24,Real Estate,Real Estate Investment Trusts
EXPGF,Experian plc,0.0,0.48,71,80,14,Industrials,Consulting Services
EC,Ecopetrol S.A.,1.93,-2.34,64,81,89,Energy,Oil & Gas Production
AEE,Ameren Corporation,0.43,4.79,35,61,55,Utilities,Power Generation
ZM,"Zoom Communications, Inc.",2.36,-0.48,71,94,63,Technology,Computer Software: Programming Data Processing
VEOEY,Veolia Environnement SA,1.16,1.21,70,86,67,Industrials,Waste Management
CNC,Centene Corporation,1.4,7.48,95,100,94,Health Care,Medical Specialities
SWSDF,Swiss Life Holding AG,0.0,5.61,81,86,54,Financial Services,Insurance - Diversified
MITEF,"Mitsubishi Estate Co., Ltd.",0.0,0.0,22,85,44,Real Estate,Real Estate - Diversified
DASTF,Dassault Systèmes SE,4.3,-2.39,90,91,14,Technology,Software - Application
RSNHF,"Resona Holdings, Inc.",-2.47,4.13,81,89,83,Financial Services,Banks - Regional
DUAVF,Dassault Aviation société anonyme,2.71,-4.74,36,48,27,Industrials,Aerospace & Defense
GBOOF,"Grupo Financiero Banorte, S.A.B. de C.V.",-3.22,0.1,27,48,41,Financial Services,Banks - Regional
ARES,Ares Management Corporation,-1.12,-8.4,44,56,26,Finance,Investment Managers
DOV,Dover Corporation,-0.49,-1.95,14,29,55,Industrials,Industrial Machinery/Components
GEHC,GE HealthCare Technologies Inc.,0.94,1.24,65,88,16,Health Care,Medical Electronics
ATO,Atmos Energy Corporation,1.87,6.7,95,100,44,Utilities,Oil/Gas Transmission
BRDCF,Bridgestone Corporation,8.24,6.03,81,90,12,Consumer Cyclical,Auto Parts
SKFOF,Sika AG,0.0,6.92,33,66,37,Basic Materials,Specialty Chemicals
FTS,Fortis Inc.,0.14,1.88,34,75,57,Utilities,Electric Utilities: Central
IR,Ingersoll Rand Inc.,-0.37,7.32,42,62,25,Industrials,Industrial Machinery/Components
IMBBY,Imperial Brands PLC,-2.16,-5.15,0,20,21,Consumer Defensive,Tobacco
MTSI,"MACOM Technology Solutions Holdings, Inc.",-4.63,-21.49,0,0,93,Technology,Semiconductors
IPXHF,Inpex Corporation,0.0,-13.14,4,22,37,Energy,Oil & Gas E&P
CNP,"CenterPoint Energy, Inc.",1.36,3.71,37,70,59,Utilities,Electric Utilities: Central
ALPMF,Astellas Pharma Inc.,3.58,-3.2,23,32,43,Healthcare,Drug Manufacturers - General
BPERF,BPERF,0.0,15.0,85,98,70,Financial Services,Banks - Regional
ICTEF,"International Container Terminal Services, Inc.",-10.72,-1.37,31,44,1,Industrials,Marine Shipping
TTNDF,Techtronic Industries Company Limited,0.0,14.07,78,92,82,Industrials,Tools & Accessories
BAP,Credicorp Ltd.,-2.89,5.66,77,91,85,Finance,Commercial Banks
SMCAY,SMC Corporation,-3.28,13.54,72,85,70,Industrials,Specialty Industrial Machinery
TPL,Texas Pacific Land Corporation,2.79,10.65,64,83,65,Energy,Oil & Gas Production
PBA,Pembina Pipeline Corporation,4.42,3.15,100,100,76,Energy,Oil & Gas Production
HRSHF,"Haier Smart Home Co., Ltd.",-2.26,2.44,13,40,23,Consumer Cyclical,"Furnishings, Fixtures & Appliances"
NVZMY,Novozymes A/S,0.54,9.03,99,98,43,Basic Materials,Specialty Chemicals
IONQ,"IonQ, Inc.",-9.29,-32.95,0,0,31,Technology,EDP Services
FE,FirstEnergy Corp.,1.06,3.77,57,90,48,Utilities,Electric Utilities: Central
BESIY,BE Semiconductor Industries N.V.,-5.74,-24.99,0,0,88,Technology,Semiconductor Equipment & Materials
FTAIN,FTAI Aviation Ltd,0.0,0.0,44,15,36,Industrials,Misc Corporate Leasing Services
PPL,PPL Corporation,0.81,1.72,23,62,35,Utilities,Electric Utilities: Central
STRL,"Sterling Infrastructure, Inc.",-3.26,-21.29,0,0,95,Industrials,Military/Government/Technical
CAJFF,Canon Inc.,5.38,4.52,51,70,26,Technology,Computer Hardware
NWWCF,New China Life Insurance Company Ltd.,-5.83,25.56,85,88,87,Financial Services,Insurance - Life
CEBCF,China Everbright Bank Company Limited,0.0,22.54,100,100,85,Financial Services,Banks - Regional
JBHT,"J.B. Hunt Transport Services, Inc.",1.09,-2.12,55,89,90,Industrials,Trucking Freight/Courier Services
VRSN,"VeriSign, Inc.",0.07,-3.31,62,84,42,Technology,EDP Services
YZCHF,Yankuang Energy Group Company Limited,0.0,0.0,22,85,81,Energy,Thermal Coal
HLVTY,Helvetia Baloise Holding AG,-6.9,1.85,11,26,48,Financial Services,Insurance - Diversified
ES,Eversource Energy,0.05,9.4,90,98,57,Utilities,Electric Utilities: Central
LUNMF,Lundin Mining Corporation,-2.96,-9.36,16,20,81,Basic Materials,Copper
FOX,Fox Corporation,3.02,-18.16,35,46,21,Industrials,Broadcasting
AVB,"AvalonBay Communities, Inc.",1.4,6.5,94,94,54,Real Estate,Real Estate Investment Trusts
CLPHF,CLP Holdings Limited,0.0,-7.29,21,48,47,Utilities,Utilities - Regulated Electric
AIVAF,Aviva plc,0.0,3.43,58,91,36,Financial Services,Insurance - Diversified
XPO,"XPO, Inc.",0.76,-7.99,30,52,80,Consumer Discretionary,Transportation Services
HUBB,Hubbell Incorporated,-2.83,1.64,0,13,41,Technology,Electrical Products
HPQ,HP Inc.,2.27,0.36,78,96,67,Technology,Computer Manufacturing
HXGBY,Hexagon AB (publ),-2.03,-1.25,0,45,25,Technology,Scientific & Technical Instruments
ILMN,"Illumina, Inc.",-0.08,14.34,89,94,92,Health Care,Medical Specialities
EQR,Equity Residential,1.5,5.69,91,93,61,Real Estate,Real Estate Investment Trusts
OMVJF,OMV Aktiengesellschaft,0.0,-3.53,13,61,65,Energy,Oil & Gas Integrated
DG,Dollar General Corporation,3.8,8.51,100,100,52,Consumer Discretionary,Department/Specialty Retail Stores
DOW,Dow Inc.,4.62,-9.69,45,56,45,Industrials,Major Chemicals
BNTX,BioNTech SE,-1.55,0.59,6,30,20,Health Care,Biotechnology: Biological Products (No Diagnostic Substances)
QBIEY,QBE Insurance Group Limited,-0.79,2.02,92,100,72,Financial Services,Insurance - Property & Casualty
AIPUY,Airports of Thailand Public Company Limited,0.0,27.21,98,99,85,Industrials,Airports & Air Services
BNCZF,Banco BPM S.p.A.,0.0,7.21,87,96,82,Financial Services,Banks - Regional
FMXUF,"Fomento Económico Mexicano, S.A.B. de C.V.",0.0,1.43,59,100,73,Consumer Defensive,Beverages - Brewers
PAAS,Pan American Silver Corp.,-2.22,-8.23,0,1,31,Basic Materials,Precious Metals
NHYDY,Norsk Hydro ASA,1.03,-25.52,6,10,56,Basic Materials,Aluminum
STZ,"Constellation Brands, Inc.",0.34,-6.02,21,31,17,Consumer Staples,Beverages (Production/Distribution)
RF,Regions Financial Corporation,0.16,7.55,100,100,69,Finance,Major Banks
HALMY,Halma plc,-2.68,-10.45,0,0,28,Industrials,Conglomerates
WRB,W. R. Berkley Corporation,2.29,10.31,100,100,51,Finance,Property-Casualty Insurers
OLCLY,"Oriental Land Co., Ltd.",1.1,13.32,100,100,18,Consumer Cyclical,Leisure
BCEFF,BCE Inc.,0.0,0.61,34,94,60,Communication Services,Telecom Services
CCOZF,China Coal Energy Company Limited,0.0,5.15,66,92,41,Energy,Thermal Coal
BCE,BCE Inc.,0.33,-11.57,17,26,27,Telecommunications,Telecommunications Equipment
DRI,"Darden Restaurants, Inc.",-3.7,-5.96,0,0,40,Consumer Discretionary,Restaurants
OEZVY,VERBUND AG,5.79,-6.11,78,95,27,Utilities,Utilities - Renewable
MTNOY,MTN Group Limited,-1.07,-0.86,30,81,84,Communication Services,Telecom Services
SQM,Sociedad Química y Minera de Chile S.A.,-1.71,-10.57,9,23,76,Industrials,Mining & Quarrying of Nonmetallic Minerals (No Fuels)
TELNF,Telenor ASA,2.21,-7.52,33,49,31,Communication Services,Telecom Services
UNPRF,Uniper SE,0.0,-9.0,6,15,66,Utilities,Utilities - Regulated Gas
VRSK,"Verisk Analytics, Inc.",4.5,6.74,100,100,27,Industrials,Diversified Commercial Services
JXAMY,JXAMY,0.0,0.22,97,100,37,,
AKRBF,Aker BP ASA,3.88,-9.39,43,56,62,Energy,Oil & Gas E&P
LSRCY,Lasertec Corporation,-1.42,3.62,9,12,89,Technology,Semiconductor Equipment & Materials
FCNCA,"First Citizens BancShares, Inc.",0.64,-0.52,47,90,47,Finance,Major Banks
FCNCB,"First Citizens BancShares, Inc.",2.52,-3.94,35,53,50,Financial Services,Banks - Regional
STMZF,Scottish Mortgage Investment Trust PLC,-4.7,-2.16,47,64,72,,
ICHGF,InterContinental Hotels Group PLC,4.53,11.73,74,97,83,Consumer Cyclical,Lodging
FWONA,Formula One Group,3.91,10.01,100,100,46,Industrials,Broadcasting
CHWRF,China Tower Corporation Limited,0.0,0.0,22,85,64,Communication Services,Telecom Services
PFG,"Principal Financial Group, Inc.",1.23,3.57,84,100,81,Finance,Accident &Health Insurance
WIT,Wipro Limited,1.6,-11.63,10,14,8,Technology,EDP Services
CLNXF,"Cellnex Telecom, S.A.",5.38,-10.63,33,41,16,Real Estate,Real Estate Services
SNHIY,SNHIY,0.0,0.0,22,85,38,Industrials,Farm & Heavy Construction Machinery
BDRPF,Bombardier Inc.,0.0,0.69,36,94,70,Industrials,Aerospace & Defense
BDRBF,Bombardier Inc.,-4.24,2.02,47,59,88,Industrials,Aerospace & Defense
ULTA,"Ulta Beauty, Inc.",0.88,-0.65,44,67,18,Consumer Discretionary,Other Specialty Stores
JXHLY,"ENEOS Holdings, Inc.",-4.82,3.74,45,58,60,Energy,Oil & Gas Refining & Marketing
LEN,Lennar Corporation,-1.7,-12.23,0,3,12,Consumer Discretionary,Homebuilding
MKSI,MKS Inc.,-4.49,1.94,2,3,96,Industrials,Industrial Machinery/Components
YPF,YPF Sociedad Anónima,4.04,-12.16,41,49,88,Energy,Integrated oil Companies
AKAM,"Akamai Technologies, Inc.",-0.84,-5.53,56,68,88,Consumer Discretionary,Business Services
ANGPY,Valterra Platinum Limited,-2.16,-9.71,0,6,23,Basic Materials,Other Precious Metals & Mining
IHICF,IHI Corporation,0.0,-9.76,38,47,5,Industrials,Specialty Industrial Machinery
SBAC,SBA Communications Corporation,-1.54,-8.13,33,52,23,Real Estate,Real Estate Investment Trusts
JXHGF,"ENEOS Holdings, Inc.",0.0,0.75,88,100,67,Energy,Oil & Gas Refining & Marketing
SURDF,"Sumitomo Realty & Development Co., Ltd.",0.0,11.34,95,98,6,Real Estate,Real Estate Services
L,Loews Corporation,1.31,8.5,93,94,60,Finance,Property-Casualty Insurers
ASCCY,ASICS Corporation,5.94,6.38,100,100,60,Consumer Cyclical,Footwear & Accessories
CNGKY,CK Asset Holdings Limited,-1.87,-0.86,57,74,59,Real Estate,Real Estate - Development
CHRW,"C.H. Robinson Worldwide, Inc.",1.55,2.82,100,100,85,Industrials,Integrated Freight & Logistics
EDPFY,"EDP, S.A.",0.51,-1.86,33,76,51,Utilities,Utilities - Diversified
LUV,Southwest Airlines Co.,-1.05,8.2,28,46,77,Consumer Discretionary,Air Freight/Delivery Services
TNABY,Tenaga Nasional Berhad,0.0,-2.13,7,16,42,Utilities,Utilities - Regulated Electric
CJPRY,Central Japan Railway Company,0.18,5.45,89,91,16,Industrials,Railroads
PKX,POSCO Holdings Inc.,-2.03,-16.24,9,15,23,Industrials,Steel/Iron Ore
OMC,Omnicom Group Inc.,0.76,9.21,100,100,57,Consumer Discretionary,Advertising
ARLUF,Aristocrat Leisure Limited,1.72,17.69,100,100,70,Consumer Cyclical,Gambling
RIVN,"Rivian Automotive, Inc.",-0.97,11.39,46,52,63,Industrials,Auto Manufacturing
KUBTF,Kubota Corporation,8.54,-5.37,48,67,81,Industrials,Farm & Heavy Construction Machinery
IOT,Samsara Inc.,0.3,14.17,93,99,65,Technology,EDP Services
MZTFF,Mizrahi Tefahot Bank Ltd.,0.0,-12.53,5,25,88,Financial Services,Banks - Regional
NXGPY,NEXT plc,0.0,7.66,75,95,60,Consumer Cyclical,Apparel Retail
SRTOY,Sartorius Stedim Biotech S.A.,-1.29,1.17,91,96,26,Healthcare,Medical Instruments & Supplies
CCHBF,Coca-Cola HBC AG,0.0,5.56,79,84,79,Consumer Defensive,Beverages - Non-Alcoholic
DSFIY,DSFIY,0.53,14.22,76,80,70,Basic Materials,Specialty Chemicals
DSMFF,DSM-Firmenich AG,0.0,15.27,100,100,73,Basic Materials,Specialty Chemicals
MTUAF,MTU Aero Engines AG,-0.03,12.05,72,82,33,Industrials,Aerospace & Defense
HKHHY,Heineken Holding N.V.,-0.08,5.48,87,90,56,Consumer Defensive,Beverages - Brewers
CHTR,"Charter Communications, Inc.",0.49,-5.58,23,45,2,Telecommunications,Cable & Other Pay Television Services
GNENF,"Ganfeng Lithium Group Co., Ltd.",-1.77,-28.06,0,0,13,Basic Materials,Chemicals
KKPNY,Koninklijke KPN N.V.,2.04,-1.58,30,49,42,Communication Services,Telecom Services
KKPNF,Koninklijke KPN N.V.,2.06,0.61,48,70,43,Communication Services,Telecom Services
MDIBF,Mediobanca Banca di Credito Finanziario S.p.A.,0.0,0.0,22,85,82,Financial Services,Banks - Regional
TU,TELUS Corporation,1.15,-11.35,19,29,12,Telecommunications,Telecommunications Equipment
PKG,Packaging Corporation of America,-1.27,1.32,9,24,54,Consumer Discretionary,Containers/Packaging
RS,"Reliance, Inc.",1.63,-6.1,25,51,75,Industrials,Metal Fabrications
INCY,Incyte Corporation,-2.12,5.94,79,82,78,Health Care,Biotechnology: Commercial Physical & Biological Resarch
DWAHF,"Daiwa House Industry Co., Ltd.",0.0,4.67,50,75,1,Real Estate,Real Estate - Development
ROKU,"Roku, Inc.",1.17,18.97,67,100,85,Telecommunications,Cable & Other Pay Television Services
BRO,"Brown & Brown, Inc.",2.29,15.45,90,95,18,Finance,Specialty Insurers
BKRIF,Bank of Ireland Group plc,0.0,7.98,53,81,66,Financial Services,Banks - Regional
VTRS,Viatris Inc.,0.74,0.49,62,72,87,Health Care,Biotechnology: Pharmaceutical Preparations
RAIFY,Raiffeisen Bank International AG,-0.87,10.18,55,70,91,Financial Services,Banks - Regional
IHICY,IHI Corporation,-0.97,15.79,54,62,12,Industrials,Specialty Industrial Machinery
SPXCF,Singapore Exchange Limited,1.31,4.5,48,68,84,Financial Services,Financial Data & Stock Exchanges
PRNDY,Pernod Ricard SA,-0.07,-0.07,39,65,14,Consumer Defensive,Beverages - Wineries & Distilleries
SHWDF,Resonac Holdings Corporation,0.0,-1.01,3,15,97,Basic Materials,Chemicals
IVBIY,IVBIY,0.0,9.47,100,100,38,Healthcare,Biotechnology
SPXCY,Singapore Exchange Limited,-0.8,7.28,71,92,80,Financial Services,Financial Data & Stock Exchanges
HLDVF,Henderson Land Development Company Limited,0.0,-4.64,46,65,33,Real Estate,Real Estate - Diversified
PDRDF,Pernod Ricard SA,-4.44,0.13,30,46,14,Consumer Defensive,Beverages - Wineries & Distilleries
RBC,RBC Bearings Incorporated,-1.83,-3.76,0,1,75,Industrials,Metal Fabrications
NURAF,"Nomura Research Institute, Ltd.",0.0,1.98,93,97,1,Technology,Information Technology Services
BIP,Brookfield Infrastructure Partners L.P.,-0.11,-1.98,56,93,56,Consumer Discretionary,Marine Transportation
BDRFF,Beiersdorf Aktiengesellschaft,0.47,11.42,100,100,20,Consumer Defensive,Household & Personal Products
ASUUY,ASUSTeK Computer Inc.,0.0,52.58,98,99,84,Technology,Computer Hardware
BWXT,"BWX Technologies, Inc.",-4.76,-9.01,0,0,26,Industrials,Industrial Machinery/Components
NRILY,"Nomura Research Institute, Ltd.",0.03,7.29,92,93,27,Technology,Information Technology Services
FTV,Fortive Corporation,0.18,4.23,68,91,62,Industrials,Industrial Machinery/Components
TRMLF,Tourmaline Oil Corp.,2.68,-3.46,49,76,36,Energy,Oil & Gas E&P
SARTF,Sartorius Aktiengesellschaft,0.0,-2.23,67,92,33,Healthcare,Medical Instruments & Supplies
SSSGY,Sartorius Aktiengesellschaft,0.0,0.0,22,85,48,Healthcare,Medical Instruments & Supplies
YAHOY,LY Corporation,-0.73,7.94,90,97,31,Consumer Cyclical,Internet Retail
DWAHY,"Daiwa House Industry Co., Ltd.",0.32,4.2,90,93,16,Real Estate,Real Estate - Development
WXXWY,WuXi Biologics (Cayman) Inc.,-1.95,22.85,94,100,52,Healthcare,Biotechnology
BNDSF,"Banco de Sabadell, S.A.",-2.96,8.76,69,78,55,Financial Services,Banks - Diversified
DQJCF,Pan Pacific International Holdings Corporation,8.57,-2243.9,100,100,1,Consumer Defensive,Discount Stores
BDRFY,Beiersdorf Aktiengesellschaft,1.01,10.25,100,100,20,Consumer Defensive,Household & Personal Products
CAHPF,Evolution Mining Limited,-2.05,-2.42,0,0,39,Basic Materials,Gold
INVH,Invitation Homes Inc.,1.72,3.29,61,84,58,Finance,Real Estate
DFKCY,"Daifuku Co., Ltd.",-3.93,1.23,0,7,75,Industrials,Specialty Industrial Machinery
KSPI,Joint Stock Company Kaspi.kz,-1.12,10.11,72,90,67,Technology,Software - Infrastructure
CF,"CF Industries Holdings, Inc.",3.42,13.48,100,100,73,Industrials,Agricultural Chemicals
AMKR,"Amkor Technology, Inc.",-6.26,-13.25,2,2,93,Technology,Semiconductors
LOGI,Logitech International S.A.,0.26,-6.98,44,61,47,Technology,Computer peripheral equipment
AGI,Alamos Gold Inc.,-2.04,-16.32,0,0,9,Basic Materials,Precious Metals
BOIVF,Bolloré SE,2.39,-25.24,9,19,13,Communication Services,Entertainment
BNCDY,Banca Mediolanum S.p.A.,0.0,4.64,34,72,79,Financial Services,Banks - Regional
BNDSY,"Banco de Sabadell, S.A.",-5.6,6.95,46,59,54,Financial Services,Banks - Diversified
ERBKY,Eurobank S.A.,-0.97,-33.5,6,9,5,,
CTTAF,Continental Aktiengesellschaft,-0.87,1.37,38,78,56,Consumer Cyclical,Auto Parts
NPXYY,NPXYY,-0.9,11.19,66,77,48,Basic Materials,Chemicals
JBAXY,Julius Bär Gruppe AG,-0.61,10.25,75,84,75,Financial Services,Asset Management
UNBLF,Unibail-Rodamco-Westfield SE,0.0,6.95,64,89,52,Real Estate,REIT - Retail
CTTAY,Continental Aktiengesellschaft,-0.97,-1.08,21,45,57,Consumer Cyclical,Auto Parts
WPC,W. P. Carey Inc.,1.21,-2.79,34,68,55,Real Estate,Real Estate Investment Trusts
KWHIY,"Kawasaki Heavy Industries, Ltd.",-3.29,-3.84,4,15,41,Industrials,Specialty Industrial Machinery
WMG,Warner Music Group Corp.,-0.83,0.7,87,95,33,Consumer Discretionary,Services-Misc. Amusement & Recreation
SWOBY,Swedish Orphan Biovitrum AB (publ),0.0,7.37,61,74,84,Healthcare,Drug Manufacturers - Specialty & Generic
ERNXY,Euronext N.V.,1.03,-0.08,41,59,52,Financial Services,Financial Data & Stock Exchanges
HNGKY,Hongkong Land Holdings Limited,-0.82,-0.49,51,91,40,Real Estate,Real Estate - Development
VNOM,"Viper Energy, Inc.",2.81,-1.12,62,84,58,Energy,Oil & Gas Production
EBCOY,Ebara Corporation,-4.76,7.12,17,34,84,Industrials,Specialty Industrial Machinery
SSNC,"SS&C Technologies Holdings, Inc.",2.16,0.47,92,100,19,Technology,Computer Software: Prepackaged Software
STMNF,"Sumitomo Metal Mining Co., Ltd.",0.0,4.41,94,97,87,Basic Materials,Other Industrial Metals & Mining
BEN,"Franklin Resources, Inc.",-2.0,4.24,33,55,83,Finance,Investment Managers
PR,Permian Resources Corporation,2.45,2.74,100,100,77,Energy,Oil & Gas Production
OWL,Blue Owl Capital Inc.,-0.75,-4.42,55,74,11,Finance,Investment Managers
NLY,"Annaly Capital Management, Inc.",-1.44,5.79,74,89,59,Real Estate,Real Estate Investment Trusts
DIDIY,DiDi Global Inc.,-1.13,-5.66,40,59,8,Technology,Software - Application
BXBLY,Brambles Limited,-0.08,0.66,9,41,13,Industrials,Specialty Business Services
ASRRF,ASRRF,0.0,6.68,93,100,65,Financial Services,Insurance - Diversified
SCHYY,Sands China Ltd.,-1.7,-13.08,0,25,7,Consumer Cyclical,Resorts & Casinos
GMAB,Genmab A/S,-0.69,14.1,83,87,40,Health Care,Biotechnology: Pharmaceutical Preparations
EMA,Emera Incorporated,0.64,3.15,52,88,54,Utilities,Electric Utilities: Central
NBGRY,National Bank of Greece S.A.,-1.94,0.4,0,57,37,Financial Services,Banks - Regional
HST,"Host Hotels & Resorts, Inc.",-0.47,-1.58,10,21,82,Real Estate,Real Estate Investment Trusts
SMMYY,"Sumitomo Metal Mining Co., Ltd.",-3.42,-12.56,0,0,55,Basic Materials,Other Industrial Metals & Mining
NBGIF,National Bank of Greece S.A.,-5.56,5.59,33,51,52,Financial Services,Banks - Regional
XPEV,XPeng Inc.,-0.61,-10.44,23,38,5,Industrials,Auto Manufacturing
ARNNY,ASR Nederland N.V.,-0.67,0.6,55,85,62,Financial Services,Insurance - Diversified
UPMKF,UPM-Kymmene Oyj,0.0,-12.72,4,11,24,Basic Materials,Paper & Paper Products
MMLTF,MMG Limited,0.0,-20.11,2,4,51,Basic Materials,Copper
UPMMY,UPM-Kymmene Oyj,-0.3,-8.87,11,33,26,Basic Materials,Paper & Paper Products
DY,"Dycom Industries, Inc.",-3.67,-11.72,0,0,77,Industrials,Water Sewer Pipeline Comm & Power Line Construction
AHKSY,Asahi Kasei Corporation,-2.0,0.81,39,63,78,Industrials,Conglomerates
RTO,Rentokil Initial plc,-0.17,-3.05,41,74,40,Consumer Discretionary,Other Consumer Services
CSDXF,"COSCO SHIPPING Energy Transportation Co., Ltd.",0.0,0.0,22,85,84,Energy,Oil & Gas Midstream
BPCGF,"Banco Comercial Português, S.A.",11.43,13.59,100,100,79,Financial Services,Banks - Regional
LI,Li Auto Inc.,0.66,-11.61,15,30,3,Industrials,Auto Manufacturing
GNMSF,Genmab A/S,3.65,14.8,90,94,42,Healthcare,Biotechnology
SHTLF,South32 Limited,-3.45,-5.25,31,43,61,Basic Materials,Other Industrial Metals & Mining
NWS,News Corporation,1.55,4.25,100,100,44,Consumer Discretionary,Newspapers/Magazines
FNBKY,FinecoBank Banca Fineco S.p.A.,0.0,-3.23,7,31,52,Financial Services,Banks - Regional
OUKPF,Metso Oyj,0.0,-2.06,18,82,86,Industrials,Farm & Heavy Construction Machinery
JAZZ,Jazz Pharmaceuticals plc,-2.81,0.34,48,64,90,Health Care,Biotechnology: Pharmaceutical Preparations
YUMC,"Yum China Holdings, Inc.",2.05,0.73,69,96,27,Consumer Discretionary,Restaurants
PNFP,"Pinnacle Financial Partners, Inc.",-0.33,6.83,55,83,42,Finance,Major Banks
MOD,Modine Manufacturing Company,-4.73,-13.71,5,6,91,Consumer Discretionary,Auto Parts:O.E.M.
GIB,CGI Inc.,1.03,1.24,100,100,12,Consumer Discretionary,Professional Services
BALL,Ball Corporation,-0.63,8.8,63,76,53,Industrials,Containers/Packaging
GRAB,Grab Holdings Limited,0.25,17.61,100,100,18,Consumer Discretionary,Business Services
CMSQF,Computershare Limited,6.03,11.88,90,95,73,Financial Services,Capital Markets
CJEWF,Chow Tai Fook Jewellery Group Limited,0.0,-4.11,10,40,18,Consumer Cyclical,Luxury Goods
APTV,Aptiv PLC,-2.21,-12.85,4,11,15,Consumer Discretionary,Auto Parts:O.E.M.
CMSQY,Computershare Limited,-0.07,4.64,100,100,73,Financial Services,Capital Markets
ASBRF,"Asahi Group Holdings, Ltd.",0.0,0.0,22,85,18,Consumer Defensive,Beverages - Brewers
GRBMF,"Grupo Bimbo, S.A.B. de C.V.",7.02,0.63,52,68,37,Consumer Defensive,Packaged Foods
SMTC,Semtech Corporation,-2.92,-19.21,11,13,95,Technology,Semiconductors
REGCO,Regency Centers Corporation,0.0,-1.69,37,75,37,Real Estate,Real Estate Investment Trusts
LECO,"Lincoln Electric Holdings, Inc.",0.09,-2.25,17,31,42,Industrials,Industrial Machinery/Components
EFGSY,Eiffage SA,-2.12,-2.68,19,26,31,Industrials,Engineering & Construction
HUT,Hut 8 Corp.,-2.98,-14.74,8,8,97,Finance,Finance: Consumer Services
RPGRY,REA Group Limited,-0.27,-1.18,100,100,10,Communication Services,Internet Content & Information
WCRIY,WCRIY,0.0,-9.76,6,26,22,Energy,Oil & Gas E&P
SANM,Sanmina Corporation,-3.35,-18.29,0,0,89,Technology,Electrical Products
YARIY,Yara International ASA,2.72,-7.87,55,71,55,Basic Materials,Agricultural Inputs
LYSCF,Lynas Rare Earths Limited,-2.94,-4.27,0,0,51,Basic Materials,Other Industrial Metals & Mining
SNMYF,Suncorp Group Limited,0.0,0.0,22,85,46,Financial Services,Insurance - Property & Casualty
GJNSY,Gjensidige Forsikring ASA,1.84,8.84,91,100,52,Financial Services,Insurance - Property & Casualty
IFJPY,Informa plc,-1.11,9.85,68,76,48,Communication Services,Publishing
ROHCY,"ROHM Co., Ltd.",-3.49,8.81,41,63,95,Technology,Semiconductors
ARCC,Ares Capital Corporation,-0.75,0.24,65,96,36,Finance,Finance: Consumer Services
CLPBF,Coloplast A/S,0.0,7.3,91,93,11,Healthcare,Medical Instruments & Supplies
CRRFY,Carrefour SA,1.07,-0.53,71,95,68,Consumer Defensive,Grocery Stores
BBSEY,BB Seguridade Participações S.A.,-0.76,5.63,67,99,74,Financial Services,Insurance - Diversified
HTHT,H World Group Limited,-0.56,-8.99,2,15,30,Consumer Discretionary,Hotels/Resorts
ONON,On Holding AG,-1.61,-3.29,68,95,24,Consumer Discretionary,Shoe Manufacturing
JHIUF,James Hardie Industries plc,0.0,15.27,96,98,74,Basic Materials,Building Materials
MTRAF,Metro Inc.,1.34,-0.34,32,37,30,Consumer Defensive,Grocery Stores
TMTNY,TMTNY,-1.36,9.51,48,68,49,Industrials,Industrial Distribution
SWGAF,The Swatch Group AG,0.0,-2.43,16,74,79,Consumer Cyclical,Luxury Goods
UUGRY,United Utilities Group PLC,0.8,7.15,100,100,59,Utilities,Utilities - Regulated Water
OGFGY,Origin Energy Limited,-3.23,-16.02,10,14,20,Utilities,Utilities - Diversified
TKGSY,"Tokyo Gas Co.,Ltd.",0.86,-5.96,31,36,34,Utilities,Utilities - Regulated Gas
JRONY,"Jerónimo Martins, SGPS, S.A.",-0.03,-9.13,6,17,9,Consumer Defensive,Food Distribution
U,Unity Software Inc.,-0.68,14.86,100,100,52,Technology,Computer Software: Prepackaged Software
RYKKY,"Ryohin Keikaku Co., Ltd.",10.81,11.28,100,100,45,Consumer Cyclical,Department Stores
TYL,"Tyler Technologies, Inc.",1.53,6.34,83,85,9,Technology,Computer Software: Prepackaged Software
CHUEF,"Chubu Electric Power Company, Incorporated",0.0,0.0,22,85,1,Utilities,Utilities - Diversified
AKZOF,Akzo Nobel N.V.,0.0,1.23,29,82,49,Basic Materials,Specialty Chemicals
CSGP,"CoStar Group, Inc.",1.34,-11.88,12,28,2,Finance,Real Estate
JLL,Jones Lang LaSalle Incorporated,-0.77,8.08,69,76,49,Finance,Real Estate
PAYP,PayPay Corporation,-1.55,6.34,83,84,12,Consumer Discretionary,Business Services
SOLV,Solventum Corporation,0.94,-2.27,44,71,49,Health Care,Medical/Dental Instruments
TLTZY,Tele2 AB (publ),1.15,-9.21,22,34,41,Communication Services,Telecom Services
CHKIF,China Southern Airlines Company Limited,0.0,-4.26,55,66,17,Industrials,Airlines
SYIEY,Symrise AG,-0.52,4.5,59,73,63,Basic Materials,Specialty Chemicals
DLVHF,Delivery Hero SE,0.0,-8.37,9,26,92,Consumer Cyclical,Internet Retail
IAUGY,Insurance Australia Group Limited,0.0,2.91,59,75,56,Financial Services,Insurance - Property & Casualty
HRL,Hormel Foods Corporation,0.09,1.28,18,44,52,Consumer Staples,Meat/Poultry/Fish
MEDP,"Medpace Holdings, Inc.",-1.49,11.6,68,77,60,Health Care,Biotechnology: Commercial Physical & Biological Resarch
FNF,"Fidelity National Financial, Inc.",1.03,6.25,100,100,39,Finance,Specialty Insurers
AEG,Aegon Ltd.,-0.57,5.59,95,96,67,Finance,Life Insurance
AAOI,"Applied Optoelectronics, Inc.",-6.7,-35.25,0,0,97,Technology,Semiconductors
EXEL,"Exelixis, Inc.",-0.81,4.75,79,84,79,Health Care,Biotechnology: Biological Products (No Diagnostic Substances)
WULF,TeraWulf Inc.,-4.92,-17.59,7,7,95,Technology,EDP Services
IVPAF,Ivanhoe Mines Ltd.,-4.39,-10.17,9,9,10,Basic Materials,Other Industrial Metals & Mining
IVZ,Invesco Ltd.,-2.0,0.39,69,95,77,Finance,Investment Managers
DINRF,"SCREEN Holdings Co., Ltd.",0.0,0.0,22,85,1,Technology,Semiconductor Equipment & Materials
DINO,HF Sinclair Corporation,4.65,16.88,100,100,91,Energy,Natural Gas Distribution
RXLSF,Rexel S.A.,0.0,4.24,100,100,65,Technology,Electronics & Computer Distribution
GGG,Graco Inc.,-0.11,-0.27,17,39,17,Industrials,Fluid Controls
DVA,DaVita Inc.,1.19,15.58,97,100,93,Health Care,Misc Health and Biotechnology Services
RICFY,Recordati Industria Chimica e Farmaceutica S.p.A.,-7.91,-18.29,0,0,25,Healthcare,Drug Manufacturers - General
JDLGF,"JD Logistics, Inc.",0.0,-15.28,16,28,55,Industrials,Integrated Freight & Logistics
AIZ,"Assurant, Inc.",0.35,8.27,95,96,80,Finance,Property-Casualty Insurers
IMPUF,Impala Platinum Holdings Limited,4.64,4.07,66,93,13,Basic Materials,Other Precious Metals & Mining
GPAEF,"Grupo Aeroportuario del Pacífico, S.A.B. de C.V.",0.0,5.99,37,53,52,Industrials,Airports & Air Services
HAS,"Hasbro, Inc.",0.72,-5.06,29,36,30,Consumer Discretionary,Recreational Games/Products/Toys
DKNG,DraftKings Inc.,-0.09,-11.89,50,61,21,Consumer Discretionary,Services-Misc. Amusement & Recreation
NRDXF,Nordex SE,0.0,13.0,76,92,90,Industrials,Specialty Industrial Machinery
NDEKY,Nitto Denko Corporation,-0.15,5.2,67,88,25,Basic Materials,Specialty Chemicals
AXSM,"Axsome Therapeutics, Inc.",-2.36,-10.04,0,0,91,Health Care,Biotechnology: Pharmaceutical Preparations
STRNY,Severn Trent PLC,1.34,2.95,100,99,48,Utilities,Utilities - Regulated Water
AGRPY,Absa Group Limited,0.23,-9.04,15,23,46,Financial Services,Banks - Regional
UDR,"UDR, Inc.",1.13,2.74,68,77,59,Real Estate,Real Estate Investment Trusts
PRDSY,Prada S.p.A.,1.59,3.02,80,100,33,Consumer Cyclical,Luxury Goods
RNR,RenaissanceRe Holdings Ltd.,1.8,7.7,76,87,66,Finance,Property-Casualty Insurers
AGNCM,AGNC Investment Corp.,-0.12,1.53,55,94,49,Real Estate,Real Estate Investment Trusts
AGNCP,AGNC Investment Corp.,0.08,1.52,79,95,49,Real Estate,Real Estate Investment Trusts
COO,"The Cooper Companies, Inc.",0.88,5.64,62,75,30,Health Care,Ophthalmic Goods
ELAN,Elanco Animal Health Incorporated,1.29,4.53,93,100,74,Health Care,Biotechnology: Pharmaceutical Preparations
HAGHY,Hensoldt AG,-1.78,-10.59,50,54,11,Industrials,Aerospace & Defense
PSKY,Paramount Skydance Corporation,1.49,-8.52,20,31,9,Industrials,Broadcasting
RGC,Regencell Bioscience Holdings Limited,-14.12,-74.35,0,0,1,Health Care,Medicinal Chemicals and Botanical Products
WBS,Webster Financial Corporation,-0.38,4.13,60,82,69,Finance,Major Banks
BLD,TopBuild Corp.,0.0,-13.21,1,13,27,Consumer Discretionary,Engineering & Construction
SWKS,"Skyworks Solutions, Inc.",-3.54,-19.92,0,0,25,Technology,Semiconductors
ITGGF,Italgas S.p.A.,0.0,-3.06,6,20,64,Utilities,Utilities - Regulated Gas
TYOYY,"Taiyo Yuden Co., Ltd.",-20.27,-35.61,0,0,98,Technology,Electronic Components
POAHF,Porsche Automobil Holding SE,0.0,-12.02,4,17,10,Consumer Cyclical,Auto Manufacturers
EQH,"Equitable Holdings, Inc.",1.7,9.61,100,100,54,Finance,Specialty Insurers
SFFLY,Schaeffler AG,1.25,-6.63,20,30,77,Consumer Cyclical,Auto Parts
KEYUF,Keyera Corp.,2.05,-1.58,63,96,75,Energy,Oil & Gas Midstream
IKTSF,Intertek Group plc,0.0,6.34,68,95,79,Industrials,Specialty Business Services
MNHVF,Mowi ASA,0.0,-6.41,28,41,16,Consumer Defensive,Farm Products
MP,MP Materials Corp.,-5.19,-13.43,0,0,19,Basic Materials,Metal Mining
AEIS,"Advanced Energy Industries, Inc.",-3.09,-12.3,10,11,83,Technology,Industrial Machinery/Components
PNR,Pentair plc,0.45,5.46,59,92,9,Industrials,Industrial Machinery/Components
HMY,Harmony Gold Mining Company Limited,-0.79,-1.45,15,19,20,Basic Materials,Precious Metals
CNA,CNA Financial Corporation,1.19,15.74,100,99,67,Finance,Property-Casualty Insurers
BEP,Brookfield Renewable Partners L.P.,-1.45,-9.95,0,4,56,Utilities,Electric Utilities: Central
RDY,Dr. Reddy's Laboratories Limited,-2.05,-3.29,0,6,28,Health Care,Biotechnology: Pharmaceutical Preparations
LUMN,"Lumen Technologies, Inc.",-4.16,-24.03,0,3,32,Telecommunications,Telecommunications Equipment
HUBS,"HubSpot, Inc.",4.87,16.71,100,100,8,Technology,Computer Software: Prepackaged Software
GAILF,GAIL (India) Limited,0.0,0.0,22,85,37,Utilities,Utilities - Regulated Gas
ASMVF,ASMPT Limited,0.0,0.0,22,85,96,Technology,Semiconductor Equipment & Materials
QBTS,D-Wave Quantum Inc.,-7.12,-21.66,0,0,35,Technology,EDP Services
GMED,"Globus Medical, Inc.",2.1,-0.96,28,44,48,Health Care,Medical/Dental Instruments
FUJHF,Subaru Corporation,-3.6,-1.7,23,43,15,Consumer Cyclical,Auto Manufacturers
CCDBF,CCL Industries Inc.,-0.93,5.43,48,69,44,Consumer Cyclical,Packaging & Containers
MRPRF,"MERLIN Properties SOCIMI, S.A.",0.0,0.62,29,87,71,Real Estate,REIT - Office
CSPCY,CSPC Pharmaceutical Group Limited,0.24,18.07,100,100,25,Healthcare,Drug Manufacturers - General
AIAGY,Aurubis AG,2.08,-12.46,14,21,80,Industrials,Metal Fabrication
ARW,"Arrow Electronics, Inc.",-2.24,-9.46,18,22,89,Technology,Electronic Components
IAFNF,iA Financial Corporation Inc.,0.0,13.44,96,98,73,Financial Services,Insurance - Diversified
VSAT,"Viasat, Inc.",-5.46,-4.36,29,37,96,Technology,Radio And Television Broadcasting And Communications Equipment
XE,"X-Energy, Inc.",-3.32,-17.62,0,0,2,Industrials,Metal Fabrications
UNICY,Unicharm Corporation,0.7,-0.35,27,53,26,Consumer Defensive,Household & Personal Products
EGP,"EastGroup Properties, Inc.",0.67,4.92,75,82,68,Real Estate,Real Estate Investment Trusts
AFG,"American Financial Group, Inc.",1.39,8.27,98,100,55,Finance,Property-Casualty Insurers
SF,Stifel Financial Corp.,0.0,5.32,96,100,33,Finance,Investment Bankers/Brokers/Service
SAIL,"SailPoint, Inc.",2.19,-2.84,37,45,27,Technology,Computer Software: Prepackaged Software
WMS,"Advanced Drainage Systems, Inc.",-1.89,9.3,51,67,45,Consumer Discretionary,Containers/Packaging
ORKLF,Orkla ASA,0.0,0.47,30,95,28,Consumer Defensive,Packaged Foods
SEIC,SEI Investments Company,0.76,9.11,100,99,65,Finance,Investment Bankers/Brokers/Service
ABVX,ABIVAX Société Anonyme,-2.8,34.81,81,84,98,Health Care,Biotechnology: Pharmaceutical Preparations
SIETY,D'Ieteren Group SA,0.0,-0.08,9,39,36,Consumer Cyclical,Auto & Truck Dealerships
GEAGF,GEA Group Aktiengesellschaft,0.0,0.0,22,85,20,Industrials,Specialty Industrial Machinery
WTRG,"Essential Utilities, Inc.",0.03,3.9,61,82,35,Utilities,Water Supply
TSGTY,Tsingtao Brewery Company Limited,0.0,-2.6,65,85,29,Consumer Defensive,Beverages - Brewers
ICLR,ICON Public Limited Company,-0.97,10.79,72,82,69,Health Care,Biotechnology: Commercial Physical & Biological Resarch
SCI,Service Corporation International,2.8,8.54,100,100,35,Consumer Discretionary,Other Consumer Services
POWL,"Powell Industries, Inc.",-2.81,-22.32,0,0,94,Energy,Electrical Products
TIMB,TIM S.A.,-1.75,-0.53,68,94,32,Telecommunications,Telecommunications Equipment
MALRY,Mineral Resources Limited,-4.38,-15.86,0,0,82,Basic Materials,Other Industrial Metals & Mining
MALRF,Mineral Resources Limited,0.0,-13.96,4,18,93,Basic Materials,Other Industrial Metals & Mining
RIOT,"Riot Platforms, Inc.",-3.7,-22.76,0,0,76,Finance,Finance: Consumer Services
SSAAY,SSAB AB (publ),2.48,-4.16,39,62,81,Basic Materials,Steel
AHR,"American Healthcare REIT, Inc.",1.46,17.32,89,93,76,Real Estate,Real Estate Investment Trusts
NXSNF,"NextVision Stabilized Systems, Ltd.",0.0,-21.12,3,12,86,Industrials,Security & Protection Services
TTD,"The Trade Desk, Inc.",1.33,4.71,100,100,3,Technology,Computer Software: Programming Data Processing
OC,Owens Corning,-1.56,16.23,50,65,62,Industrials,Industrial Machinery/Components
LINE,"Lineage, Inc.",1.69,-0.44,75,95,70,Real Estate,Real Estate Investment Trusts
ALEUY,ALEUY,1.25,13.64,82,79,61,Unknown,Unknown
VLPNY,Voestalpine AG,-0.41,-3.04,45,63,72,Basic Materials,Steel
PODD,Insulet Corporation,0.48,8.63,87,93,4,Health Care,Medical/Dental Instruments
CRHKY,China Resources Beer (Holdings) Company Limited,2.79,-1.83,65,86,17,Consumer Defensive,Beverages - Brewers
RNLSY,Renault SA,0.17,-7.13,18,42,10,Consumer Cyclical,Auto Manufacturers
PMCUF,Pro Medicus Limited,-2.13,15.31,56,62,39,Healthcare,Health Information Services
BLSFY,BlueScope Steel Limited,0.0,-7.95,6,17,81,Basic Materials,Steel
CDUAF,Canadian Utilities Limited,1.22,1.46,51,87,71,Utilities,Utilities - Diversified
BSY,"Bentley Systems, Incorporated",0.25,3.86,78,83,11,Technology,Computer Software: Prepackaged Software
PMDIY,PMDIY,0.0,18.34,97,99,49,Healthcare,Health Information Services
MDBKY,MDBKY,1.22,7.67,95,100,91,Financial Services,Insurance - Specialty
BMXMF,bioMérieux S.A.,-2.74,-4.23,51,69,5,Healthcare,Diagnostics & Research
APHBF,APHBF,-1.82,12.5,95,99,71,,
PRAX,"Praxis Precision Medicines, Inc.",-3.21,26.85,59,68,98,Health Care,Biotechnology: Pharmaceutical Preparations
SUBCY,Subsea 7 S.A.,0.47,-4.28,29,58,89,Energy,Oil & Gas Equipment & Services
BAX,Baxter International Inc.,-0.22,10.15,90,91,55,Health Care,Medical/Dental Instruments
MAKSY,Marks and Spencer Group plc,-2.57,1.34,50,68,41,Consumer Cyclical,Department Stores
CIFR,Cipher Digital Inc.,-9.16,-11.25,0,1,91,Finance,Finance: Consumer Services
MGPUF,M&G plc,0.0,9.58,100,100,77,Financial Services,Asset Management
CNM,"Core & Main, Inc.",-2.44,-10.63,0,5,13,Consumer Discretionary,Durable Goods
BPOP,"Popular, Inc.",-1.08,6.23,85,100,80,Finance,Major Banks
ADDHY,Addtech AB (publ.),3.44,1.9,63,80,40,Industrials,Industrial Distribution
CYTK,"Cytokinetics, Incorporated",-3.1,18.72,65,77,88,Health Care,Biotechnology: Pharmaceutical Preparations
SARO,"StandardAero, Inc.",-1.36,6.17,18,37,32,Industrials,Aerospace
BNTGY,Brenntag SE,3.13,1.23,100,100,49,Basic Materials,Specialty Chemicals
BNTGF,Brenntag SE,-3.81,-3.81,0,9,44,Basic Materials,Specialty Chemicals
TX,Ternium S.A.,1.2,-7.78,37,50,71,Industrials,Steel/Iron Ore
SAPMY,Saipem SpA,-7.77,0.0,0,11,85,Energy,Oil & Gas Equipment & Services
ALSN,"Allison Transmission Holdings, Inc.",1.55,0.4,25,48,58,Consumer Discretionary,Auto Parts:O.E.M.
UZAPF,Flughafen Zürich AG,-4.45,1.99,12,31,31,Industrials,Airports & Air Services
BRX,Brixmor Property Group Inc.,1.1,-1.55,29,66,66,Real Estate,Real Estate Investment Trusts
BZZUF,Buzzi S.p.A.,0.0,7.2,72,94,32,Basic Materials,Building Materials
IFUUF,Infratil Limited,0.0,1.22,63,91,88,Industrials,Conglomerates
ACLLY,Accelleron Industries AG,-0.91,0.48,0,16,60,Industrials,Specialty Industrial Machinery
ONBPO,Old National Bancorp,0.22,0.4,30,91,42,Finance,Major Banks
SEOAY,Stora Enso Oyj,-1.96,-5.31,18,40,24,Consumer Cyclical,Packaging & Containers
AYI,Acuity Inc.,-2.33,12.74,32,47,49,Consumer Discretionary,Building Products
ALSMY,Alstom SA,-2.31,-8.15,7,31,4,Industrials,Railroads
LKNCY,Luckin Coffee Inc.,-2.63,1.04,56,64,18,Consumer Cyclical,Restaurants
MDDNF,Meridian Energy Limited,0.0,-3.1,9,40,55,Utilities,Utilities - Renewable
ZIONP,"Zions Bancorporation, National Association",0.0,-0.89,18,69,24,Finance,Major Banks
AOMFF,Alstom SA,-1.54,-6.74,7,29,4,Industrials,Railroads
YMM,Full Truck Alliance Co. Ltd.,0.0,2.17,95,99,16,Technology,Computer Software: Prepackaged Software
QRVO,"Qorvo, Inc.",-1.7,-13.63,0,3,36,Technology,Semiconductors
ORI,Old Republic International Corporation,1.47,10.02,92,100,50,Finance,Property-Casualty Insurers
ACDSF,CapitaLand Ascendas REIT,0.0,-2.0,70,94,32,Real Estate,REIT - Industrial
CAVA,"CAVA Group, Inc.",0.5,-17.8,19,24,27,Consumer Discretionary,Restaurants
LLYVA,"Liberty Live Holdings, Inc.",1.47,2.7,63,78,67,Consumer Discretionary,Services-Misc. Amusement & Recreation
ENPH,"Enphase Energy, Inc.",-3.95,-21.61,0,0,74,Technology,Semiconductors
PSO,Pearson plc,4.14,14.87,100,100,78,Consumer Discretionary,Books
BRKRP,Bruker Corporation,-2.12,5.75,50,67,88,Industrials,Biotechnology: Laboratory Analytical Instruments
FDS,FactSet Research Systems Inc.,6.47,11.19,100,100,35,Technology,Computer Software: Programming Data Processing
LZRFY,Localiza Rent a Car S.A.,-8.47,1.78,54,64,33,Industrials,Rental & Leasing Services
IMIUY,IMI plc,-0.76,-2.11,18,33,46,Industrials,Specialty Industrial Machinery
ADC,Agree Realty Corporation,0.86,5.5,95,100,54,Real Estate,Real Estate Investment Trusts
ASR,"Grupo Aeroportuario del Sureste, S. A. B. de C. V.",-2.27,-1.9,0,0,16,Consumer Discretionary,Aerospace
MANH,"Manhattan Associates, Inc.",2.2,12.84,99,99,39,Technology,Computer Software: Prepackaged Software
UHS,"Universal Health Services, Inc.",-1.8,4.6,56,65,11,Health Care,Hospital/Nursing Management
JSAIY,J Sainsbury plc,0.27,13.35,100,100,54,Consumer Defensive,Grocery Stores
SUOPY,Sumco Corporation,-4.07,40.69,89,93,98,Technology,Semiconductor Equipment & Materials
CRPAY,CRPAY,0.0,0.13,22,86,32,Utilities,Utilities - Renewable
HSIC,"Henry Schein, Inc.",1.65,6.94,81,88,66,Health Care,Medical Specialities
TTC,The Toro Company,0.02,1.68,46,67,55,Consumer Discretionary,Tools/Hardware
CRL,"Charles River Laboratories International, Inc.",-1.57,22.17,94,99,78,Health Care,Biotechnology: Commercial Physical & Biological Resarch
WAL,Western Alliance Bancorporation,-0.25,-2.22,25,68,36,Finance,Major Banks
ARE,"Alexandria Real Estate Equities, Inc.",0.42,-7.69,7,14,22,Real Estate,Real Estate Investment Trusts
WARFY,The Wharf (Holdings) Limited,-1.92,-7.63,48,65,11,Real Estate,Real Estate - Development
NWOEF,NWOEF,0.0,0.0,22,85,27,Consumer Defensive,Education & Training Services
WARFF,The Wharf (Holdings) Limited,0.0,0.0,22,85,37,Real Estate,Real Estate - Development
CRUS,"Cirrus Logic, Inc.",-2.56,-10.08,0,16,57,Technology,Semiconductors
BYDIF,BYD Electronic (International) Company Limited,5.76,-6.07,58,76,6,Technology,Electronic Components
DUFRY,Avolta AG,-3.29,3.04,0,26,52,Consumer Cyclical,Specialty Retail
CORZ,"Core Scientific, Inc.",-3.32,-16.57,14,17,84,Finance,Finance: Consumer Services
CELH,"Celsius Holdings, Inc.",-2.52,5.04,26,41,5,Consumer Staples,Beverages (Production/Distribution)
RGTI,"Rigetti Computing, Inc.",-7.13,-25.55,0,0,15,Technology,EDP Services
WEGRY,The Weir Group PLC,-1.72,-0.06,4,29,13,Industrials,Specialty Industrial Machinery
KIKOY,Kikkoman Corporation,0.0,-5.92,8,34,55,Consumer Defensive,Packaged Foods
SBSW,Sibanye Stillwater Limited,-1.52,-13.55,4,9,7,Basic Materials,Precious Metals
MTCH,"Match Group, Inc.",-0.8,12.08,83,86,70,Technology,Computer Software: Programming Data Processing
PRI,"Primerica, Inc.",1.86,11.21,100,100,68,Finance,Life Insurance
BIO,"Bio-Rad Laboratories, Inc.",0.5,1.76,65,84,43,Industrials,Biotechnology: Laboratory Analytical Instruments
KUNUF,Kunlun Energy Company Limited,0.0,0.0,22,85,26,Energy,Oil & Gas Refining & Marketing
BYDIY,BYD Electronic (International) Company Limited,-9.35,-11.76,21,29,4,Technology,Electronic Components
NXDCF,NEXTDC Limited,0.0,-9.19,6,18,54,Technology,Information Technology Services
MXL,"MaxLinear, Inc.",-2.19,10.12,12,18,98,Technology,Semiconductors
DNOPY,Dino Polska S.A.,-1.08,-10.28,9,21,2,Consumer Defensive,Grocery Stores
GGB,Gerdau S.A.,-0.22,-3.65,59,74,75,Industrials,Steel/Iron Ore
GNZUF,"Guangzhou Automobile Group Co., Ltd.",-10.34,-13.33,2,19,3,Consumer Cyclical,Auto Manufacturers
CMHHY,China Merchants Port Holdings Company Limited,0.0,-2.41,5,22,17,Industrials,Marine Shipping
KYKOY,"Kyowa Kirin Co., Ltd.",0.0,11.05,89,97,40,Healthcare,Drug Manufacturers - Specialty & Generic
FNMAO,Federal National Mortgage Association,-4.2,-11.28,0,0,3,Financial Services,Mortgage Finance
FNMAH,Federal National Mortgage Association,-3.45,-11.18,0,0,5,Financial Services,Mortgage Finance
FNMAM,Federal National Mortgage Association,-0.68,-7.58,0,8,5,Financial Services,Mortgage Finance
FNMA,Federal National Mortgage Association,-2.84,-2.69,17,21,4,Financial Services,Mortgage Finance
FNMAG,Federal National Mortgage Association,0.0,-5.6,10,27,7,Financial Services,Mortgage Finance
FNMFN,Federal National Mortgage Association,-2.78,-12.45,0,0,4,Financial Services,Mortgage Finance
PPRQF,Choice Properties Real Estate Investment Trust,0.0,1.86,77,96,54,Real Estate,REIT - Retail
ASGLF,AGC Inc.,0.0,-157.54,100,100,1,Industrials,Conglomerates
OSK,Oshkosh Corporation,-0.33,8.88,50,69,44,Industrials,Auto Manufacturing
SHBBF,SHBBF,0.0,4.0,38,69,54,Basic Materials,Chemicals
BPHLY,Bank of the Philippine Islands,-0.87,3.78,69,81,17,Financial Services,Banks - Regional
ZG,"Zillow Group, Inc.",-0.19,-3.36,57,67,3,Consumer Discretionary,Business Services
TONPF,TOPPAN Holdings Inc.,0.0,21.35,97,98,60,Industrials,Conglomerates
SSDOF,"Shiseido Company, Limited",0.0,-1.86,14,56,28,Consumer Defensive,Household & Personal Products
EDU,New Oriental Education & Technology Group Inc.,0.23,7.65,84,92,19,Real Estate,Other Consumer Services
EMLAF,Empire Company Limited,4.11,-0.42,46,65,34,Consumer Defensive,Grocery Stores
CCOEY,"Capcom Co., Ltd.",0.88,15.15,100,100,16,Communication Services,Electronic Gaming & Multimedia
XNGSY,ENN Energy Holdings Limited,-0.09,-14.78,20,39,5,Utilities,Utilities - Regulated Gas
ESALF,"Eisai Co., Ltd.",4.72,9.63,100,100,19,Healthcare,Drug Manufacturers - Specialty & Generic
HCXLF,Hiscox Ltd,0.0,1.55,94,97,84,Financial Services,Insurance - Property & Casualty
KNCRY,Konecranes Plc,0.0,2.39,72,95,34,Industrials,Farm & Heavy Construction Machinery
YMHAY,"Yamaha Motor Co., Ltd.",-1.18,3.57,33,66,45,Consumer Cyclical,Auto Manufacturers
AOS,A. O. Smith Corporation,-1.51,1.48,22,53,19,Consumer Discretionary,Consumer Electronics/Appliances
SSD,"Simpson Manufacturing Co., Inc.",-1.69,-4.04,0,2,51,Consumer Discretionary,Industrial Machinery/Components
DVDCF,Davide Campari-Milano N.V.,0.0,5.08,73,85,22,Consumer Defensive,Beverages - Wineries & Distilleries
IDA,"IDACORP, Inc.",0.21,6.65,59,81,62,Utilities,Electric Utilities: Central
ELMUF,Elisa Oyj,0.0,0.0,22,85,45,Communication Services,Telecom Services
FPRUY,Fraport AG,0.0,6.96,93,100,38,Industrials,Airports & Air Services
HESM,Hess Midstream LP,1.5,1.5,99,98,59,Energy,Oil & Gas Production
ACI,"Albertsons Companies, Inc.",0.2,-3.9,61,81,14,Consumer Staples,Food Chains
KNTK,Kinetik Holdings Inc.,4.57,7.06,89,100,77,Utilities,Natural Gas Distribution
TOTDY,TOTO LTD.,-2.95,3.12,0,11,92,Industrials,Building Products & Equipment
VLYPN,Valley National Bancorp,-0.23,0.15,14,76,43,Finance,Major Banks
KRMN,Karman Holdings Inc.,-9.76,-8.98,0,2,3,Industrials,Military/Government/Technical
OCLDY,Orica Limited,0.0,2.97,61,96,69,Basic Materials,Specialty Chemicals
IDTRY,IDTRY,0.0,-2.07,70,92,17,Industrials,Industrial Distribution
QGEN,Qiagen N.V.,-0.17,11.74,93,100,26,Health Care,Biotechnology: Biological Products (No Diagnostic Substances)
JPNRF,"Japan Airlines Co., Ltd.",0.0,10.97,95,98,1,Industrials,Airlines
DNPLY,"Dai Nippon Printing Co., Ltd.",-3.37,18.67,83,86,54,Industrials,Conglomerates
UMICF,Umicore SA,10.46,-4.24,38,48,75,Industrials,Waste Management
PCOR,"Procore Technologies, Inc.",1.62,4.34,86,88,7,Technology,Computer Software: Prepackaged Software
KNCRF,Konecranes Plc,0.0,0.45,29,93,3,Industrials,Farm & Heavy Construction Machinery
WFRD,Weatherford International plc,-3.86,-19.73,2,11,43,Consumer Discretionary,Oil and Gas Field Machinery
BCKIF,Babcock International Group PLC,0.0,5.38,76,86,12,Industrials,Engineering & Construction
ICGUF,ICG plc,0.0,-12.31,4,19,25,Financial Services,Asset Management
YOU,"Clear Secure, Inc.",-3.88,4.08,38,54,88,Technology,Computer Software: Prepackaged Software
DPMLF,DPM Metals Inc.,-3.88,5.13,31,53,73,Basic Materials,Gold
LTH,"Life Time Group Holdings, Inc.",-1.0,18.93,92,93,88,Consumer Discretionary,Hotels/Resorts
BCHMY,Bachem Holding AG,-5.67,1.67,38,48,63,Healthcare,Biotechnology
IVTJY,Investec Group,0.0,-2.51,12,36,69,Financial Services,Capital Markets
WILLF,Demant A/S,0.0,17.09,100,100,74,Healthcare,Medical Devices
YORUF,"The Yokohama Rubber Company, Limited",0.0,6.75,71,93,92,Consumer Cyclical,Auto Parts
BILI,Bilibili Inc.,-0.62,-4.19,71,79,6,Technology,EDP Services
THNPF,Technip Energies N.V.,0.0,0.0,22,85,34,Energy,Oil & Gas Equipment & Services
NDBKY,Nedbank Group Limited,-2.32,2.3,5,47,56,Financial Services,Banks - Regional
SLAB,Silicon Laboratories Inc.,0.05,-0.07,24,86,82,Technology,Semiconductors
TSUKY,"Toyo Suisan Kaisha, Ltd.",1.19,5.64,77,88,36,Consumer Defensive,Packaged Foods
TTEK,"Tetra Tech, Inc.",0.58,11.64,100,100,28,Consumer Discretionary,Military/Government/Technical
AKBTY,Akbank T.A.S.,-2.43,0.72,0,0,19,Financial Services,Banks - Regional
OMRNY,OMRON Corporation,-7.31,-3.3,3,25,75,Technology,Electronic Components
VSH,"Vishay Intertechnology, Inc.",-6.11,-28.31,0,0,97,Technology,Electrical Products
SSDOY,"Shiseido Company, Limited",0.64,6.52,88,90,31,Consumer Defensive,Household & Personal Products
ALKS,Alkermes plc,-0.13,15.47,62,72,92,Health Care,Biotechnology: Pharmaceutical Preparations
LSTR,"Landstar System, Inc.",1.7,-5.48,41,61,85,Industrials,Trucking Freight/Courier Services
IFSUF,Infrastrutture Wireless Italiane S.p.A.,0.0,-2.63,61,86,12,Real Estate,Real Estate Services
RGEN,Repligen Corporation,0.44,8.66,74,88,49,Health Care,Biotechnology: Biological Products (No Diagnostic Substances)
GGDVY,Guangdong Investment Limited,0.0,-6.65,8,38,52,Utilities,Utilities - Regulated Water
HTCMY,"Hitachi Construction Machinery Co., Ltd.",0.0,0.0,22,85,37,Industrials,Farm & Heavy Construction Machinery
RAL,Ralliant Corporation,-3.18,2.26,2,23,86,Industrials,Industrial Machinery/Components
SKHHY,Sonic Healthcare Limited,-1.96,-0.07,50,65,35,Healthcare,Diagnostics & Research
KLAR,KLAR,-1.78,17.5,64,73,21,Finance,Finance: Consumer Services
SEOJF,Stora Enso Oyj,0.0,0.0,22,85,19,Consumer Cyclical,Packaging & Containers
STHRF,Strathcona Resources Ltd.,4.64,-14.03,45,53,68,Energy,Oil & Gas E&P
IMVT,"Immunovant, Inc.",-2.54,17.7,71,79,94,Health Care,Biotechnology: Biological Products (No Diagnostic Substances)
CDNAF,"Canadian Tire Corporation, Limited",-0.94,1.57,29,71,39,Consumer Cyclical,Specialty Retail
CBC,"Central Bancompany, Inc.",0.19,8.57,87,94,80,Financial Services,Banks - Regional
OGC,OceanaGold Corporation,-2.62,-4.36,0,0,36,Basic Materials,Gold
THNOF,Technology One Limited,0.0,2.95,100,100,76,Technology,Software - Application
CEVMF,CTS Eventim AG & Co. KGaA,0.0,-13.83,26,39,9,Communication Services,Entertainment
AXTI,"AXT, Inc.",-11.8,-42.88,0,0,99,Technology,Semiconductors
VBREY,VBREY,-0.62,12.59,86,98,83,Consumer Cyclical,Specialty Retail
CSXXY,CAR Group Limited,0.0,-2.02,24,40,22,Communication Services,Internet Content & Information
UOLGY,UOLGY,-5.2,-6.81,0,21,57,Real Estate,Real Estate - Development
KGFHF,Kingfisher plc,0.0,-0.52,23,61,33,Consumer Cyclical,Home Improvement Retail
KYMR,"Kymera Therapeutics, Inc.",-7.5,33.08,74,75,93,Health Care,Biotechnology: Biological Products (No Diagnostic Substances)
ESTC,Elastic N.V.,3.64,3.67,100,100,42,Technology,Computer Software: Prepackaged Software
GIFLF,"Grifols, S.A.",0.0,-1.47,21,71,23,Healthcare,Drug Manufacturers - General
PMOIF,Harbour Energy plc,0.0,-11.61,11,29,36,Energy,Oil & Gas E&P
GIKLY,"Grifols, S.A.",0.0,-9.54,6,32,17,Healthcare,Drug Manufacturers - General
GDS,GDS Holdings Limited,0.06,-2.84,84,99,15,Technology,Computer Software: Programming Data Processing
TEO,Telecom Argentina S.A.,-0.59,-15.71,30,39,84,Telecommunications,Telecommunications Equipment
GPTGF,The GPT Group,-0.29,0.59,5,19,54,Real Estate,REIT - Diversified
GTES,Gates Industrial Corporation plc,-0.38,-2.24,10,18,48,Industrials,Industrial Machinery/Components
TXNM,"TXNM Energy, Inc.",0.39,-0.09,31,84,36,Utilities,Electric Utilities: Central
MHK,"Mohawk Industries, Inc.",-2.1,-1.55,0,11,32,Consumer Discretionary,Home Furnishings
VLOWY,Vallourec S.A.,-1.64,-15.22,17,27,53,Basic Materials,Steel
IDCC,"InterDigital, Inc.",-1.27,-5.23,0,6,15,Miscellaneous,Multi-Sector Companies
RNKGF,RNKGF,-9.81,-10.78,23,37,5,Industrials,Aerospace & Defense
CELC,Celcuity Inc.,-3.52,15.98,57,61,97,Health Care,Medical Specialities
AUGO,Aura Minerals Inc.,-12.0,-5.43,0,0,66,Basic Materials,Gold
SBFFF,SBM Offshore N.V.,0.0,-1.68,20,85,79,Energy,Oil & Gas Equipment & Services
RADLY,Raia Drogasil S.A.,2.33,11.56,77,92,38,Healthcare,Pharmaceutical Retailers
EDNMY,Edenred SE,4.01,20.58,100,100,78,Financial Services,Credit Services
VAL,Valaris Limited,2.58,-11.37,37,50,76,Energy,Oil & Gas Production
MNESP,MSA Safety Incorporated,0.0,0.0,22,85,28,Industrials,Security & Protection Services
OTGLY,CD Projekt S.A.,-1.44,0.4,27,48,17,Communication Services,Electronic Gaming & Multimedia
OMF,"OneMain Holdings, Inc.",0.0,4.46,33,66,45,Finance,Finance: Consumer Services
GGPSF,GGPSF,2.55,-7.23,9,13,99,Basic Materials,Gold
CAG,"Conagra Brands, Inc.",3.62,6.54,91,100,20,Consumer Staples,Packaged Foods
DSGX,The Descartes Systems Group Inc.,0.96,-1.07,84,100,24,Technology,Computer Software: Prepackaged Software
STWD,"Starwood Property Trust, Inc.",-1.08,-0.0,37,80,27,Real Estate,Real Estate Investment Trusts
SGHC,Super Group (SGHC) Limited,1.88,10.17,82,87,84,Consumer Discretionary,Services-Misc. Amusement & Recreation
RYN,Rayonier Inc.,0.85,4.08,37,67,34,Real Estate,Real Estate Investment Trusts
CPB,The Campbell's Company,0.36,-0.91,60,71,24,Consumer Staples,Packaged Foods
LDSCY,Land Securities Group Plc,-0.22,6.12,97,97,68,Real Estate,REIT - Diversified
BSDGF,Bosideng International Holdings Limited,1.2,10.09,84,91,52,Consumer Cyclical,Apparel Manufacturing
SWX,"Southwest Gas Holdings, Inc.",0.7,4.32,70,100,57,Utilities,Oil & Gas Production
ACA,"Arcosa, Inc.",-0.06,14.16,83,97,85,Industrials,Metal Fabrications
URBN,"Urban Outfitters, Inc.",1.48,-9.73,16,27,31,Consumer Discretionary,Clothing/Shoe/Accessory Stores
MDA,MDA Space Ltd.,-7.44,-22.92,0,0,41,Consumer Discretionary,Electronic Components
SNDR,"Schneider National, Inc.",0.77,-3.5,32,66,84,Industrials,Trucking Freight/Courier Services
FSV,FirstService Corporation,-0.11,1.5,79,89,21,Finance,Real Estate
CNTA,Centessa Pharmaceuticals plc,0.0,0.0,0,0,36,Health Care,Biotechnology: Pharmaceutical Preparations
PTCT,"PTC Therapeutics, Inc.",-4.15,8.86,50,55,77,Health Care,Biotechnology: Pharmaceutical Preparations
SATLF,"ZOZO, Inc.",0.0,-1.85,14,48,1,Consumer Cyclical,Internet Retail
PATH,"UiPath, Inc.",1.46,11.27,100,100,34,Technology,Computer Software: Prepackaged Software
ONEXF,Onex Corporation,-0.55,-1.2,28,59,27,Financial Services,Asset Management
CHDN,Churchill Downs Incorporated,-2.07,-3.81,0,6,18,Consumer Discretionary,Services-Misc. Amusement & Recreation
GKOS,Glaukos Corporation,0.0,22.9,93,99,86,Health Care,Medical/Dental Instruments
TOITF,Topicus.com Inc.,0.71,-13.81,11,31,8,Technology,Software - Infrastructure
DBX,"Dropbox, Inc.",1.34,9.64,100,100,66,Technology,Computer Software: Prepackaged Software
TOKUY,Tokyu Corporation,0.0,-2.16,68,87,19,Consumer Cyclical,Department Stores
BRTHY,"Brother Industries, Ltd.",-0.68,-0.2,3,36,77,Industrials,Business Equipment & Supplies
WH,"Wyndham Hotels & Resorts, Inc.",-1.72,0.25,0,1,26,Consumer Discretionary,Hotels/Resorts
LNNGY,Li Ning Company Limited,-0.13,-15.6,9,15,8,Consumer Cyclical,Leisure
VCX,"Fundrise Growth Tech Fund, LLC",-5.49,-45.23,7,7,9,,
COGT,"Cogent Biosciences, Inc.",-3.63,14.84,60,68,94,Health Care,Biotechnology: Pharmaceutical Preparations
EDNMF,Edenred SE,0.0,0.0,22,85,51,Financial Services,Credit Services
SKHCF,Sonic Healthcare Limited,0.0,3.29,100,100,35,Healthcare,Diagnostics & Research
OSCR,"Oscar Health, Inc.",3.47,9.3,80,89,95,Health Care,Medical Specialities
CROX,"Crocs, Inc.",-1.75,3.65,88,100,85,Consumer Discretionary,Shoe Manufacturing
STEP,StepStone Group Inc.,-0.35,2.6,28,43,10,Finance,Investment Managers
CPA,"Copa Holdings, S.A.",-4.34,3.57,3,29,72,Consumer Discretionary,Air Freight/Delivery Services
MNTHF,Minth Group Limited,-8.74,6.18,74,78,77,Consumer Cyclical,Auto Parts
GLAPY,Glanbia plc,0.0,10.85,96,98,92,Consumer Defensive,Packaged Foods
SQNXF,"Square Enix Holdings Co., Ltd.",0.0,13.88,82,96,10,Communication Services,Electronic Gaming & Multimedia
CE,Celanese Corporation,2.13,-7.26,29,42,22,Industrials,Major Chemicals
TGTX,"TG Therapeutics, Inc.",-3.69,14.48,56,68,91,Health Care,Biotechnology: Pharmaceutical Preparations
HLBBF,H. Lundbeck A/S,0.0,-9.47,6,29,44,Healthcare,Drug Manufacturers - Specialty & Generic
MRUWY,MRUWY,-2.46,-12.46,12,12,18,,
M,"Macy's, Inc.",0.62,-8.33,7,14,80,Consumer Discretionary,Department/Specialty Retail Stores
ENREF,Energix - Renewable Energies Ltd.,0.0,-14.84,4,19,96,Utilities,Utilities - Renewable
WKCMF,Wacker Chemie AG,0.0,-4.81,14,44,71,Basic Materials,Specialty Chemicals
ZETA,Zeta Global Holdings Corp.,1.77,9.02,99,98,79,Technology,Computer Software: Prepackaged Software
ATOGF,AUTO1 Group SE,-3.9,10.33,68,75,47,Consumer Cyclical,Auto & Truck Dealerships
KOF,"Coca-Cola FEMSA, S.A.B. de C.V.",0.37,-2.37,20,46,57,Consumer Staples,Beverages (Production/Distribution)
OUT,OUTFRONT Media Inc.,0.33,8.3,66,90,89,Real Estate,Real Estate Investment Trusts
NOVTU,Novanta Inc.,-3.22,-5.63,6,23,74,Miscellaneous,Industrial Machinery/Components
CHE,Chemed Corporation,0.75,16.96,100,100,66,Health Care,Medical/Nursing Services
RMSYF,Ramsay Health Care Limited,0.0,21.9,97,99,78,Healthcare,Medical Care Facilities
EMLZF,Emmi AG,0.0,1.92,15,61,58,Consumer Defensive,Packaged Foods
SMBMY,Seatrium Limited,0.0,1.67,66,100,19,Energy,Oil & Gas Equipment & Services
BAFBF,Balfour Beatty plc,0.0,10.45,54,77,77,Industrials,Engineering & Construction
TKECF,"Tokyo Electric Power Company Holdings, Incorporated",0.0,-11.18,3,8,3,Utilities,Utilities - Renewable
BYCRF,"Baycurrent, Inc.",4.65,24.96,100,100,1,Industrials,Consulting Services
OBDC,Blue Owl Capital Corporation,-0.91,0.01,67,99,29,Finance,Diversified Financial Services
EUTLF,Eutelsat Communications S.A.,-0.75,-23.85,13,21,26,Communication Services,Telecom Services
NJR,New Jersey Resources Corporation,1.44,8.68,100,100,71,Utilities,Oil/Gas Transmission
PIPR,Piper Sandler Companies,-0.17,-7.62,7,21,18,Finance,Investment Bankers/Brokers/Service
BBRYF,Burberry Group plc,0.0,-3.75,35,51,28,Consumer Cyclical,Luxury Goods
DLKGF,Delek Group Ltd.,0.0,-4.43,57,74,44,Energy,Oil & Gas E&P
PREKF,PrairieSky Royalty Ltd.,2.52,-4.22,56,81,69,Energy,Oil & Gas E&P
HWC,Hancock Whitney Corporation,0.7,6.17,91,100,68,Finance,Major Banks
BXSL,Blackstone Secured Lending Fund,-0.3,0.94,50,82,32,Finance,Trusts Except Educational Religious and Charitable
PLUG,Plug Power Inc.,-2.69,-23.32,0,0,19,Energy,Industrial Machinery/Components
OZKAP,Bank OZK,1.08,-0.28,56,100,37,Finance,Major Banks
MARA,"MARA Holdings, Inc.",-3.25,-10.43,4,6,35,Technology,EDP Services
FUPBY,Fuchs SE,0.15,-0.71,35,79,35,Basic Materials,Specialty Chemicals
SSMXY,Sysmex Corporation,0.74,6.24,79,86,21,Healthcare,Medical Devices
ETCMY,Eutelsat Communications S.A.,-4.2,-27.36,0,5,17,Communication Services,Telecom Services
BC,Brunswick Corporation,-1.22,-5.72,9,13,52,Industrials,Industrial Machinery/Components
MCY,Mercury General Corporation,1.01,11.32,93,94,81,Finance,Property-Casualty Insurers
LB,LandBridge Company LLC,2.4,16.46,94,100,82,Energy,Oil & Gas Production
HOMB,"Home BancShares, Inc.",1.32,4.49,58,86,43,Finance,Major Banks
FINN,"First National of Nebraska, Inc.",0.0,2.84,82,97,74,Financial Services,Banks - Regional
THKLY,"THK Co., Ltd.",-2.34,1.4,14,39,89,Industrials,Specialty Industrial Machinery
AVAL,Grupo Aval Acciones y Valores S.A.,-3.16,-8.49,5,10,81,Finance,Commercial Banks
EPAM,"EPAM Systems, Inc.",2.97,-6.88,49,62,2,Technology,EDP Services
HRSEF,"Hirose Electric Co.,Ltd.",0.0,0.0,22,85,1,Technology,Electronic Components
TKMTY,TKMTY,7.19,3.47,100,100,7,Industrials,Railroads
CBUMF,China National Building Material Company Limited,-9.08,-17.4,0,0,50,Basic Materials,Building Materials
RUSHB,"Rush Enterprises, Inc.",-0.07,7.89,70,89,75,Consumer Discretionary,Retail-Auto Dealers and Gas Stations
LNNGF,Li Ning Company Limited,0.0,-22.57,3,11,8,Consumer Cyclical,Leisure
VCTR,"Victory Capital Holdings, Inc.",-0.28,6.43,100,100,84,Finance,Investment Managers
NBCLF,"Nitto Boseki Co., Ltd.",-0.18,-5.98,2,5,98,Consumer Cyclical,Textile Manufacturing
EQPT,EquipmentShare.com Inc.,-9.79,-13.63,8,11,4,Consumer Discretionary,Diversified Commercial Services
IPGDF,IGO Limited,0.0,-20.0,3,14,82,Basic Materials,Other Industrial Metals & Mining
PSMT,"PriceSmart, Inc.",-2.63,6.01,54,74,88,Consumer Discretionary,Department/Specialty Retail Stores
HASI,"HA Sustainable Infrastructure Capital, Inc.",0.21,2.66,23,52,66,Finance,Finance/Investors Services
RICOY,"Ricoh Company, Ltd.",0.0,-1.59,40,72,48,Industrials,Business Equipment & Supplies
RITM,Rithm Capital Corp.,-1.2,0.85,35,74,20,Real Estate,Real Estate Investment Trusts
VSECU,VSE Corporation,-4.0,4.99,11,27,39,Industrials,Aerospace & Defense
GLBE,Global-E Online Ltd.,0.52,16.44,100,100,64,Technology,Computer Software: Prepackaged Software
HLPPY,Hang Lung Properties Limited,2.24,-6.16,24,38,18,Real Estate,Real Estate Services
ENGGY,"Enagás, S.A.",0.0,-2.69,14,55,64,Utilities,Utilities - Regulated Gas
ACHR,Archer Aviation Inc.,-3.81,-14.15,0,0,3,Industrials,Aerospace
BOOT,"Boot Barn Holdings, Inc.",1.92,-6.09,29,39,33,Consumer Discretionary,Clothing/Shoe/Accessory Stores
OTF,Blue Owl Technology Finance Corp.,-1.74,-4.42,6,45,14,Financial Services,Asset Management
RNSHF,Renishaw plc,0.0,-3.83,6,25,88,Technology,Scientific & Technical Instruments
SEI,"Solaris Energy Infrastructure, Inc.",-6.18,-11.69,9,11,86,Consumer Discretionary,Oil and Gas Field Machinery
CNVVF,Convatec Group PLC,0.0,5.62,92,100,27,Healthcare,Medical Instruments & Supplies
TOSCF,Tosoh Corporation,0.0,0.0,22,85,1,Basic Materials,Chemicals
GLNG,Golar LNG Limited,-0.33,1.03,59,89,67,Consumer Discretionary,Marine Transportation
DSVSF,Discovery Mining Ltd.,-6.3,2.67,25,33,81,Basic Materials,Silver
SBRA,"Sabra Health Care REIT, Inc.",0.71,6.87,75,86,47,Real Estate,Real Estate Investment Trusts
JAN,"Janus Living, Inc.",1.5,14.19,84,86,74,Real Estate,Real Estate Investment Trusts
VLMTY,Valmet Oyj,0.0,0.0,22,85,8,Industrials,Specialty Industrial Machinery
BIPC,Brookfield Infrastructure Corporation,-0.4,-2.64,46,85,27,Utilities,Oil & Gas Production
MAPGF,Mapletree Logistics Trust,0.0,1.05,13,35,40,Real Estate,REIT - Industrial
TMICY,Trend Micro Incorporated,1.77,-0.59,77,87,26,Technology,Software - Infrastructure
BTDPY,Barratt Redrow plc,0.8,15.14,74,91,16,Consumer Cyclical,Residential Construction
YKLTY,"Yakult Honsha Co.,Ltd.",0.0,11.24,95,98,54,Consumer Defensive,Beverages - Non-Alcoholic
HSYDF,Harmonic Drive Systems Inc.,-4.61,17.57,35,41,98,Industrials,Specialty Industrial Machinery
WHITF,Whitehaven Coal Limited,2.94,-15.59,19,24,48,Energy,Thermal Coal
CVLT,"Commvault Systems, Inc.",-1.28,17.2,81,83,76,Technology,Computer Software: Prepackaged Software
HRB,"H&R Block, Inc.",3.21,13.85,100,100,47,Consumer Discretionary,Other Consumer Services
COLZF,COLZF,0.0,0.0,22,85,99,Consumer Defensive,Beverages - Non-Alcoholic
SR,Spire Inc.,2.09,5.88,90,100,35,Utilities,Oil/Gas Transmission
OMAB,"Grupo Aeroportuario del Centro Norte, S.A.B. de C.V.",-1.77,6.99,26,46,34,Consumer Discretionary,Aerospace
LBRDA,Liberty Broadband Corporation,0.2,-5.39,23,45,2,Telecommunications,Cable & Other Pay Television Services
SXT,Sensient Technologies Corporation,-1.59,-8.21,16,32,68,Industrials,Major Chemicals
HLNE,Hamilton Lane Incorporated,-0.04,3.71,50,68,6,Finance,Investment Managers
PMNXF,Perseus Mining Limited,34100.0,9.62,85,88,41,Basic Materials,Gold
PAGP,"Plains GP Holdings, L.P.",1.98,3.49,100,100,78,Energy,Natural Gas Distribution
PBF,PBF Energy Inc.,8.01,39.65,100,100,93,Energy,Integrated oil Companies
ATDRY,Autotrader Group plc,0.0,9.76,76,87,14,Communication Services,Internet Content & Information
GMVHF,Entain Plc,0.97,-7.82,52,71,13,Consumer Cyclical,Gambling
HSHZY,Hoshizaki Corporation,0.0,1.77,26,86,28,Industrials,Specialty Industrial Machinery
LBRT,Liberty Energy Inc.,3.02,-9.99,33,41,86,Energy,Oilfield Services/Equipment
LEGIF,LEG Immobilien SE,0.0,2.5,51,90,19,Real Estate,Real Estate Services
MOHCY,Motor Oil (Hellas) Corinth Refineries S.A.,0.0,3.76,79,96,90,Energy,Oil & Gas Refining & Marketing
FNCNF,Fincantieri S.p.A.,-1.29,1.48,83,87,5,Industrials,Aerospace & Defense
HISEF,"Hisense Home Appliances Group Co., Ltd.",0.0,68.19,99,99,95,Consumer Cyclical,"Furnishings, Fixtures & Appliances"
CAI,"Caris Life Sciences, Inc.",0.41,-5.22,9,20,7,Health Care,Medical Specialities
TKC,Turkcell Iletisim Hizmetleri A.S.,1.05,-1.19,30,48,29,Telecommunications,Telecommunications Equipment
CHEOF,Cochlear Limited,-4.83,11.38,67,73,2,Healthcare,Medical Devices
FFIN,"First Financial Bankshares, Inc.",0.46,4.96,55,80,50,Finance,Major Banks
DEXSF,DEXUS,0.0,-0.43,59,95,23,Real Estate,REIT - Office
LAZ,"Lazard, Inc.",-0.75,-4.24,7,34,16,Finance,Investment Managers
WHD,"Cactus, Inc.",-0.59,-8.71,41,53,61,Consumer Discretionary,Oil and Gas Field Machinery
FBIN,"Fortune Brands Innovations, Inc.",-2.58,17.04,66,78,50,Basic Materials,Forest Products
ORLA,Orla Mining Ltd.,-3.38,-8.98,0,2,5,Basic Materials,Precious Metals
ACLS,"Axcelis Technologies, Inc.",-4.74,-21.32,8,9,88,Technology,Industrial Machinery/Components
OCTV,Octave Intelligence plc,-0.29,-7.53,49,65,9,Technology,Computer Software: Prepackaged Software
CMZOF,"Corporación Moctezuma, S.A.B. de C.V.",0.0,0.0,22,85,99,Basic Materials,Building Materials
PI,"Impinj, Inc.",1.38,12.25,93,100,54,Technology,Industrial Machinery/Components
SKBNF,Shikun & Binui Ltd.,0.0,0.0,22,85,91,Industrials,Engineering & Construction
MIR,"Mirion Technologies, Inc.",-4.76,-1.34,3,5,8,Industrials,Industrial Machinery/Components
BKEAF,"The Bank of East Asia, Limited",0.0,0.0,22,85,19,Financial Services,Banks - Regional
REYN,Reynolds Consumer Products Inc.,0.11,12.3,70,82,68,Consumer Discretionary,Containers/Packaging
DNPUF,"Sumitomo Pharma Co., Ltd.",0.0,0.43,67,92,25,Healthcare,Drug Manufacturers - Specialty & Generic
TTCIF,Titan S.A.,0.0,6.14,87,97,56,Basic Materials,Building Materials
RDN,Radian Group Inc.,0.45,11.34,87,97,58,Finance,Property-Casualty Insurers
CSW,"CSW Industrials, Inc.",0.75,3.07,52,87,33,Industrials,Home Furnishings
NGXXF,NGEx Minerals Ltd.,-2.95,-1.75,15,27,34,Basic Materials,Other Industrial Metals & Mining
SAIC,Science Applications International Corporation,0.61,-1.09,89,98,60,Technology,EDP Services
SPGDF,Springer Nature AG & Co. KGaA,0.84,8.79,21,7,59,,
AIR,AAR Corp.,-3.52,2.88,5,28,84,Industrials,Aerospace
MONDY,Mondi plc,-1.0,-2.64,34,66,8,Basic Materials,Paper & Paper Products
SHC,Sotera Health Company,-1.36,10.86,94,100,70,Health Care,Misc Health and Biotechnology Services
KNF,Knife River Corporation,-3.3,3.28,3,14,36,Industrials,Mining & Quarrying of Nonmetallic Minerals (No Fuels)
FLIDY,FLSmidth & Co. A/S,0.0,3.33,96,98,49,Industrials,Specialty Industrial Machinery
ACIW,"ACI Worldwide, Inc.",0.02,27.21,100,100,77,Technology,Computer Software: Prepackaged Software
NPIFF,Northland Power Inc.,-0.7,-3.81,29,53,32,Utilities,Utilities - Renewable
KBR,"KBR, Inc.",0.79,1.57,69,81,17,Industrials,Military/Government/Technical
MAUTF,Montage Gold Corp.,-10.22,6.5,24,39,94,Basic Materials,Gold
MDU,"MDU Resources Group, Inc.",1.62,1.96,46,64,55,Industrials,Mining & Quarrying of Nonmetallic Minerals (No Fuels)
PONY,Pony AI Inc.,1.52,-19.4,8,14,2,Technology,EDP Services
MCARY,"Mercari, Inc.",0.0,17.67,97,98,85,Consumer Cyclical,Internet Retail
LIMAF,Linamar Corporation,0.0,-1.35,52,69,77,Consumer Cyclical,Auto Parts
MRVGF,Mirvac Group,0.0,4.53,81,96,22,Real Estate,REIT - Diversified
EPR,EPR Properties,0.32,1.63,66,96,61,Real Estate,Real Estate Investment Trusts
PFSI,"PennyMac Financial Services, Inc.",-1.06,0.99,14,46,9,Finance,Finance: Consumer Services
HNGE,"Hinge Health, Inc.",1.35,39.0,100,100,96,Technology,EDP Services
TCBI,"Texas Capital Bancshares, Inc.",-0.48,1.5,36,71,52,Finance,Major Banks
MAT,"Mattel, Inc.",3.83,-5.59,45,61,10,Consumer Discretionary,Recreational Games/Products/Toys
NRSDY,Nordic Semiconductor ASA,0.0,0.97,68,96,79,Technology,Semiconductors
VVV,Valvoline Inc.,-0.23,1.96,22,55,59,Industrials,Major Chemicals
PVH,PVH Corp.,-2.0,-4.93,45,66,31,Industrials,Garments and Clothing
JTKWY,Just Eat Takeaway.com N.V.,0.0,5.26,62,68,23,,
BCO,The Brink's Company,3.05,6.2,100,100,36,Industrials,Integrated Freight & Logistics
WING,Wingstop Inc.,0.5,0.12,7,20,5,Consumer Discretionary,Restaurants
AXXTF,Axiata Group Berhad,0.0,0.0,22,85,26,Communication Services,Telecom Services
FHI,"Federated Hermes, Inc.",-2.38,0.43,53,83,60,Finance,Investment Managers
PLNT,"Planet Fitness, Inc.",-1.62,-1.9,14,43,2,Consumer Discretionary,Hotels/Resorts
TNL,Travel + Leisure Co.,-1.6,0.08,0,25,55,Consumer Discretionary,Hotels/Resorts
APEMY,Aperam S.A.,0.0,-15.35,23,33,81,Basic Materials,Steel
HKMPY,Hikma Pharmaceuticals PLC,0.02,3.78,54,67,40,Healthcare,Drug Manufacturers - Specialty & Generic
RXO,"RXO, Inc.",3.2,-4.95,54,74,92,Consumer Discretionary,Transportation Services
RELY,"Remitly Global, Inc.",-0.38,26.02,90,90,88,Consumer Discretionary,Business Services
LBTYA,Liberty Global Ltd.,2.73,-9.39,18,26,31,Telecommunications,Cable & Other Pay Television Services
KKKUF,"Kakaku.com, Inc.",0.0,0.0,22,85,81,Communication Services,Internet Content & Information
SOOBF,Sapporo Breweries Limited,0.0,-228.16,100,100,1,Consumer Defensive,Beverages - Brewers
SLMBP,SLM Corporation,0.01,-0.43,47,89,45,Finance,Finance: Consumer Services
TWST,Twist Bioscience Corporation,-0.32,22.01,51,60,97,Health Care,Biotechnology: Biological Products (No Diagnostic Substances)
TDS,"Telephone and Data Systems, Inc.",-2.2,-16.5,0,0,11,Telecommunications,Telecommunications Equipment
FULT,Fulton Financial Corporation,-0.04,5.92,75,95,73,Finance,Major Banks
GNNSF,Genscript Biotech Corporation,0.0,-6.25,7,20,18,Healthcare,Biotechnology
FMCCK,Federal Home Loan Mortgage Corporation,0.0,-8.5,5,16,5,Financial Services,Mortgage Finance
FMCCI,Federal Home Loan Mortgage Corporation,-0.6,-2.54,5,10,5,Financial Services,Mortgage Finance
FMCC,Federal Home Loan Mortgage Corporation,-4.56,-0.18,23,28,5,Financial Services,Mortgage Finance
FMCKK,Federal Home Loan Mortgage Corporation PFD,2.92,-5.11,26,39,6,Unknown,Unknown
FMCKM,Federal Home Loan Mortgage Corporation,-1.32,-11.66,0,5,4,Financial Services,Mortgage Finance
FMCCO,Federal Home Loan Mortgage Corporation,0.0,-7.91,7,21,6,Financial Services,Mortgage Finance
FMCCL,Federal Home Loan Mortgage Corporation,-1.46,-4.48,0,6,5,Financial Services,Mortgage Finance
ITVPY,ITV plc,-1.88,-12.3,8,13,34,Communication Services,Broadcasting
SRAD,Sportradar Group AG,0.91,-8.08,58,73,9,Technology,Computer Software: Programming Data Processing
NCTKF,Nabtesco Corporation,0.0,14.0,96,98,92,Industrials,Specialty Industrial Machinery
WPP,WPP plc,2.0,0.91,88,100,26,Consumer Discretionary,Advertising
JGCCY,JGC Holdings Corporation,0.0,-11.89,2,5,71,Industrials,Engineering & Construction
NCTKY,Nabtesco Corporation,-0.3,4.69,33,43,81,Industrials,Specialty Industrial Machinery
NINOF,Nikon Corporation,0.0,15.88,71,82,1,Consumer Cyclical,Leisure
ESYJY,easyJet plc,-0.11,33.19,100,100,89,Industrials,Airlines
OPLN,"OPENLANE, Inc.",-0.9,2.14,28,44,84,Consumer Discretionary,Retail-Auto Dealers and Gas Stations
BBWI,"Bath & Body Works, Inc.",0.44,8.5,24,40,25,Consumer Discretionary,Clothing/Shoe/Accessory Stores
LMGIF,Lumine Group Inc.,-0.21,-6.51,14,43,8,Technology,Software - Application
PII,Polaris Inc.,-0.7,-3.55,31,39,66,Consumer Discretionary,Industrial Specialties
RUM,RUM Group Inc.,-3.26,-21.35,0,0,25,Technology,Computer Software: Programming Data Processing
GCWOF,"GCC, S.A.B. de C.V.",0.61,0.7,16,50,64,Basic Materials,Building Materials
USAC,"USA Compression Partners, LP",1.55,-4.95,87,95,56,Utilities,Natural Gas Distribution
NDGPY,Nine Dragons Paper (Holdings) Limited,0.0,0.0,22,85,74,Basic Materials,Paper & Paper Products
SEZL,Sezzle Inc.,-10.66,24.39,52,56,96,Finance,Finance: Consumer Services
KTB,"Kontoor Brands, Inc.",-0.96,5.51,71,76,72,Industrials,Garments and Clothing
GCPEF,GCL Technology Holdings Limited,0.0,-10.0,3,13,4,Technology,Solar
MWA,"Mueller Water Products, Inc.",-1.28,-3.98,0,6,24,Industrials,Metal Fabrications
BBAR,Banco BBVA Argentina S.A.,-5.58,-0.58,27,53,87,Finance,Commercial Banks
LRN,"Stride, Inc.",1.12,-7.49,57,74,27,Real Estate,Other Consumer Services
CRK,"Comstock Resources, Inc.",2.48,0.53,20,34,5,Energy,Oil & Gas Production
HLPMF,HELLENiQ ENERGY Holdings S.A.,0.0,11.31,100,100,82,Energy,Oil & Gas Refining & Marketing
VEON,VEON Ltd.,-2.35,3.09,40,66,45,Telecommunications,Telecommunications Equipment
SNPHY,"Santen Pharmaceutical Co., Ltd.",2.6,13.67,97,99,76,Healthcare,Drug Manufacturers - General
TTVSY,TTVSY,-2.24,-2.1,70,93,9,Technology,Software - Application
QLYS,"Qualys, Inc.",-0.75,36.73,85,88,88,Technology,Computer Software: Prepackaged Software
BELFB,Bel Fuse Inc.,-3.42,-11.23,14,16,91,Technology,Electronic Components
NPSKY,NSK Ltd.,-0.42,-1.39,42,57,66,Consumer Cyclical,Auto Parts
WYNMF,"Wynn Macau, Limited",0.0,-7.04,23,45,16,Consumer Cyclical,Resorts & Casinos
ATMU,Atmus Filtration Technologies Inc.,1.14,6.37,26,53,38,Consumer Discretionary,Auto Parts:O.E.M.
INDB,Independent Bank Corp.,-0.31,2.8,44,78,63,Finance,Major Banks
MRX,Marex Group Limited,-1.38,2.41,51,62,91,Finance,Investment Bankers/Brokers/Service
WYNMY,"Wynn Macau, Limited",-0.76,-3.7,27,47,19,Consumer Cyclical,Resorts & Casinos
HAFN,Hafnia Limited,0.69,0.55,61,76,75,Consumer Discretionary,Transportation Services
GPI,"Group 1 Automotive, Inc.",-1.41,-9.0,19,36,8,Consumer Discretionary,Retail-Auto Dealers and Gas Stations
NG,NovaGold Resources Inc.,-2.18,-17.4,0,3,7,Basic Materials,Precious Metals
EE,"Excelerate Energy, Inc.",0.0,17.68,85,91,79,Utilities,Oil/Gas Transmission
ARIS,Aris Mining Corporation,-2.54,-6.03,3,6,57,Basic Materials,Gold
BOX,"Box, Inc.",2.69,15.38,100,100,56,Technology,Computer Software: Prepackaged Software
KNSA,"Kiniksa Pharmaceuticals International, plc",-3.94,18.15,58,62,90,Health Care,Biotechnology: Pharmaceutical Preparations
ASMOF,ASMOF,-11.23,23.15,70,65,66,,
EDVGF,Endeavour Group Limited,0.0,9.69,77,94,26,Consumer Defensive,Beverages - Wineries & Distilleries
STUB,"StubHub Holdings, Inc.",-7.21,-3.01,0,0,39,Consumer Discretionary,Services-Misc. Amusement & Recreation
PEYUF,Peyto Exploration & Development Corp.,2.03,-4.95,30,61,56,Energy,Oil & Gas E&P
PALAF,Paladin Energy Ltd,-6.95,-4.23,12,20,34,Energy,Uranium
FG,"F&G Annuities & Life, Inc.",3.94,8.78,100,100,64,Finance,Life Insurance
SA,Seabridge Gold Inc.,-3.96,-7.56,0,3,37,Basic Materials,Precious Metals
ITRI,"Itron, Inc.",-2.01,3.31,47,75,9,Industrials,Electrical Products
SEYMF,"Solaria Energía y Medio Ambiente, S.A.",0.0,-14.81,4,15,96,Utilities,Utilities - Renewable
PIFMF,PT Indofood Sukses Makmur Tbk,0.0,-2.38,13,37,14,Consumer Defensive,Packaged Foods
BBAJF,"Banco del Bajío, S.A., Institución de Banca Múltiple",0.0,0.0,22,85,1,Financial Services,Banks - Regional
AAP,"Advance Auto Parts, Inc.",-4.56,-8.34,8,23,51,Consumer Discretionary,Auto & Home Supply Stores
ADOOY,PT Alamtri Resources Indonesia Tbk,0.0,1.42,37,72,59,Energy,Thermal Coal
NINOY,Nikon Corporation,-0.71,16.38,90,100,71,Consumer Cyclical,Leisure
FSRPF,Frasers Property Limited,0.0,-9.8,6,29,57,Real Estate,Real Estate - Diversified
HEGIY,Hengan International Group Company Limited,-0.58,-3.23,39,61,20,Consumer Defensive,Household & Personal Products
ZLDPY,Zealand Pharma A/S,0.0,-5.96,53,71,12,Healthcare,Biotechnology
BHFAN,"Brighthouse Financial, Inc.",-0.58,-2.04,5,75,27,Finance,Life Insurance
BHFAP,"Brighthouse Financial, Inc.",-0.88,-1.94,0,63,27,Finance,Life Insurance
AFLYY,Air France-KLM SA,-3.4,11.81,44,56,57,Industrials,Airlines
HIMX,"Himax Technologies, Inc.",-6.3,-17.87,20,26,91,Technology,Semiconductors
DRXGY,Drax Group plc,0.0,0.0,22,85,53,Utilities,Utilities - Renewable
AFRAF,Air France-KLM SA,-2.64,10.16,75,81,65,Industrials,Airlines
RGRNF,Regis Resources Limited,0.0,13.97,69,81,54,Basic Materials,Gold
WGXRF,Westgold Resources Limited,-5.39,-4.1,0,0,28,Basic Materials,Gold
JPSWY,"The Japan Steel Works, Ltd.",-1.43,2.29,20,36,10,Industrials,Specialty Industrial Machinery
INFQ,"Infleqtion, Inc.",-9.31,-28.26,0,0,6,Technology,EDP Services
ORKA,"Oruka Therapeutics, Inc.",-2.57,23.5,61,71,98,Health Care,Biotechnology: In Vitro & In Vivo Diagnostic Substances
IIJIY,Internet Initiative Japan Inc.,0.0,8.91,81,88,74,Communication Services,Telecom Services
OGN,Organon & Co.,-0.15,0.37,25,86,88,Health Care,Biotechnology: Pharmaceutical Preparations
DLO,DLocal Limited,-1.78,20.91,90,97,63,Consumer Discretionary,Business Services
PBMRY,PT Bumi Resources Tbk,0.0,0.0,22,85,21,Energy,Thermal Coal
ARX,Accelerant Holdings,5.54,1.68,67,80,17,Finance,Specialty Insurers
FIZZ,National Beverage Corp.,1.83,-6.82,53,68,28,Consumer Staples,Beverages (Production/Distribution)
ARCVF,Arcadis NV,0.0,-5.36,22,50,35,Industrials,Engineering & Construction
BRCTF,BioArctic AB (publ),0.0,0.0,22,85,76,Healthcare,Biotechnology
SMG,The Scotts Miracle-Gro Company,-2.4,3.28,16,34,47,Industrials,Agricultural Chemicals
GBDC,"Golub Capital BDC, Inc.",0.0,-0.61,73,95,38,Finance,Finance: Consumer Services
ASO,"Academy Sports and Outdoors, Inc.",0.39,-10.89,24,30,16,Consumer Discretionary,Other Specialty Stores
MMTOY,Mitsubishi Motors Corporation,0.0,0.0,22,85,8,Consumer Cyclical,Auto Manufacturers
SKYW,"SkyWest, Inc.",-1.95,9.0,59,81,33,Consumer Discretionary,Air Freight/Delivery Services
BEAM,Beam Therapeutics Inc.,-5.14,5.41,19,25,68,Health Care,Biotechnology: Biological Products (No Diagnostic Substances)
ICUI,"ICU Medical, Inc.",2.06,10.32,94,100,70,Health Care,Medical/Dental Instruments
CLZNY,Clariant AG,0.0,-7.51,6,18,23,Basic Materials,Specialty Chemicals
HTWSF,Helios Towers plc,4.62,-7.48,28,37,75,Communication Services,Telecom Services
SXI,Standex International Corporation,-2.55,1.16,13,28,83,Industrials,Industrial Machinery/Components
CVI,"CVR Energy, Inc.",8.04,10.1,100,100,57,Energy,Integrated oil Companies
WSBCO,"WesBanco, Inc.",0.47,0.95,45,100,44,Finance,Major Banks
GPK,Graphic Packaging Holding Company,0.97,-1.34,22,47,9,Consumer Discretionary,Containers/Packaging
CSQ,Calamos Strategic Total Return Fund,-1.2,3.54,56,95,61,Finance,Finance Companies
BTU,Peabody Energy Corporation,0.98,-10.47,24,34,29,Energy,Coal Mining
SNYYF,Sany Heavy Equipment International Holdings Company Limited,0.0,-8.59,4,13,7,Industrials,Farm & Heavy Construction Machinery
CAKE,The Cheesecake Factory Incorporated,-0.98,9.3,93,100,86,Consumer Discretionary,Restaurants
PEGRY,Pennon Group Plc,1.81,0.79,96,100,26,Utilities,Utilities - Regulated Water
AAUC,Allied Gold Corporation,-3.77,-10.7,0,0,44,Basic Materials,Gold
MMS,"Maximus, Inc.",3.05,-5.84,48,67,9,Consumer Discretionary,Business Services
UPST,"Upstart Holdings, Inc.",-3.91,-1.04,12,28,10,Finance,Finance: Consumer Services
FFBC,First Financial Bancorp.,-0.15,8.31,88,100,79,Finance,Major Banks
CLCMF,Sinch AB (publ),0.0,0.0,87,97,90,Communication Services,Telecom Services
THYCY,Taiheiyo Cement Corporation,0.0,-2.01,19,84,56,Basic Materials,Building Materials
TDC,Teradata Corporation,0.65,3.54,61,67,84,Technology,Computer Software: Prepackaged Software
CNALF,CNALF,-0.44,5.78,29,17,89,,
PRMRY,Paramount Resources Ltd.,0.0,-10.08,28,40,39,Energy,Oil & Gas E&P
TNGX,"Tango Therapeutics, Inc.",-8.69,-4.9,6,28,98,Health Care,Biotechnology: Pharmaceutical Preparations
BATRK,"Atlanta Braves Holdings, Inc.",2.7,2.06,71,89,72,Consumer Discretionary,Services-Misc. Amusement & Recreation
ERO,Ero Copper Corp.,-3.64,-11.01,10,13,42,Basic Materials,Metal Mining
TLX,Telix Pharmaceuticals Limited,-1.53,16.08,56,65,46,Health Care,Biotechnology: Pharmaceutical Preparations
HSAI,Hesai Group,-6.37,-16.22,0,7,3,Industrials,Industrial Machinery/Components
VC,Visteon Corporation,-2.85,-13.75,30,41,39,Consumer Discretionary,Auto Parts:O.E.M.
CZGZF,Colt CZ Group SE,0.0,163.64,99,100,98,Industrials,Aerospace & Defense
CRVL,CorVel Corporation,1.57,4.08,78,86,29,Finance,Specialty Insurers
CGNMF,CGN Mining Company Limited,0.0,-0.94,10,42,15,Energy,Uranium
UNFI,"United Natural Foods, Inc.",0.23,-1.76,47,67,83,Consumer Discretionary,Food Distributors
TENB,"Tenable Holdings, Inc.",-1.46,45.89,86,90,94,Technology,Computer Software: Prepackaged Software
PRK,Park National Corporation,0.7,4.49,75,97,59,Finance,Major Banks
VTMX,"Corporación Inmobiliaria Vesta, S.A.B. de C.V.",-0.97,-0.09,44,58,59,Finance,Real Estate
KURRY,"Kuraray Co., Ltd.",0.0,0.0,22,85,26,Basic Materials,Chemicals
YAMCF,Yamaha Corporation,0.0,0.0,22,85,36,Consumer Cyclical,Leisure
EQGPF,EQB Inc.,0.0,13.36,86,93,77,Financial Services,Banks - Regional
BXMT,"Blackstone Mortgage Trust, Inc.",-1.35,-4.97,1,35,24,Real Estate,Real Estate Investment Trusts
GRAL,"GRAIL, Inc.",-0.28,19.35,78,84,80,Health Care,Medical Specialities
BKD,Brookdale Senior Living Inc.,-0.07,11.28,33,48,85,Health Care,Hospital/Nursing Management
BGSI,Boyd Group Services Inc.,-1.05,1.3,70,87,6,Consumer Cyclical,Auto & Truck Dealerships
WLHSF,WLHSF,0.0,-6.24,7,31,99,Industrials,Marine Shipping
ULVAF,"ULVAC, Inc.",0.0,-161.98,100,100,1,Industrials,Specialty Industrial Machinery
JSGRY,LIXIL Corporation,-6.83,2.67,63,67,36,Industrials,Building Products & Equipment
HYPMY,Hypera S.A.,-1.71,0.74,57,81,28,Healthcare,Drug Manufacturers - Specialty & Generic
EFXT,Enerflex Ltd.,-0.13,-0.67,37,53,94,Industrials,Industrial Machinery/Components
APAM,Artisan Partners Asset Management Inc.,0.52,3.38,100,100,26,Finance,Investment Managers
VGPBF,VGP NV,0.0,0.22,9,22,18,Real Estate,Real Estate Services
AWR,American States Water Company,0.64,10.63,97,100,61,Utilities,Water Supply
MITFY,Mitie Group plc,0.0,-4.02,32,69,34,Industrials,Specialty Business Services
WRBY,Warby Parker Inc.,-5.65,5.99,49,62,69,Health Care,Ophthalmic Goods
BCCLF,"Becle, S.A.B. de C.V.",0.0,2.5,19,51,10,Consumer Defensive,Beverages - Wineries & Distilleries
TTAM,Titan America SA,-2.25,3.02,6,20,54,Industrials,Mining & Quarrying of Nonmetallic Minerals (No Fuels)
LFST,"LifeStance Health Group, Inc.",1.63,26.36,79,88,94,Health Care,Medical/Nursing Services
JNPKF,Jenoptik AG,0.0,-12.07,4,8,93,Technology,Electronic Components
KALU,Kaiser Aluminum Corporation,-1.01,-15.67,0,4,87,Industrials,Metal Fabrications
CSAN,Cosan S.A.,-2.86,15.04,88,95,6,Consumer Discretionary,Retail-Auto Dealers and Gas Stations
BANC,"Banc of California, Inc.",-0.05,3.74,46,77,65,Finance,Major Banks
BKFKF,P/F Bakkafrost,-1.69,-1.62,0,53,13,Consumer Defensive,Farm Products
TE,T1 Energy Inc.,-4.38,-22.67,0,0,96,Miscellaneous,Industrial Machinery/Components
ADEA,Adeia Inc.,-4.49,-15.14,0,0,86,Technology,Computer Software: Prepackaged Software
TNIPF,TNIPF,-3.64,-1.03,0,0,36,Unknown,Unknown
SGAMY,Sega Sammy Holdings Inc.,2.44,6.48,96,96,18,Communication Services,Electronic Gaming & Multimedia
LYSFF,Lerøy Seafood Group ASA,0.0,-1.3,22,83,15,Consumer Defensive,Packaged Foods
EXG,Eaton Vance Tax-Managed Global Diversified Equity Income Fund,-0.51,2.69,66,93,57,Finance,Finance Companies
SMIZF,"Meliá Hotels International, S.A.",0.0,0.0,22,85,79,Consumer Cyclical,Lodging
WT,"WisdomTree, Inc.",-1.3,9.78,71,82,83,Finance,Investment Bankers/Brokers/Service
BKV,BKV Corporation,1.94,5.05,51,64,39,Energy,Oil & Gas Production
RMTHF,Matrix IT Ltd.,0.0,1.68,79,82,35,Technology,Information Technology Services
HTGC,"Hercules Capital, Inc.",-0.56,2.64,81,91,38,Finance,Investment Managers
QNTQF,QinetiQ Group plc,0.0,-2.82,70,88,37,Industrials,Aerospace & Defense
NHC,National HealthCare Corporation,-1.19,6.43,58,67,90,Health Care,Hospital/Nursing Management
TROLB,"Tootsie Roll Industries, Inc.",0.0,1.52,42,88,39,Consumer Defensive,Confectioners
BOSSY,Hugo Boss AG,0.0,-9.22,8,34,28,Consumer Cyclical,Apparel Manufacturing
WOLF,"Wolfspeed, Inc.",-4.65,-26.11,0,0,87,Technology,Semiconductors
EOSE,"Eos Energy Enterprises, Inc.",-1.14,-29.84,0,1,3,Miscellaneous,Industrial Machinery/Components
TCAPF,TP ICAP Group PLC,0.0,14.25,90,98,80,Financial Services,Capital Markets
JPC,Nuveen Preferred & Income Opportunities Fund,-0.51,1.33,31,85,41,Finance,Investment Managers
PENG,"Penguin Solutions, Inc.",-1.46,20.02,81,86,98,Technology,Semiconductors
UE,Urban Edge Properties,0.22,-3.23,27,64,66,Finance,Real Estate
VBVBF,Verbio SE,0.0,0.0,22,85,96,Basic Materials,Specialty Chemicals
PARR,"Par Pacific Holdings, Inc.",7.81,28.06,100,100,91,Energy,Oil & Gas Production
NN,NextNav Inc.,-3.5,-32.22,0,0,42,Industrials,Industrial Machinery/Components
RH,RH,-2.13,1.57,75,80,33,Consumer Discretionary,Other Specialty Stores
AZLGY,AZLGY,0.0,2.39,83,95,22,Basic Materials,Specialty Chemicals
GPCR,Structure Therapeutics Inc.,-3.22,19.26,63,67,87,Health Care,Biotechnology: Pharmaceutical Preparations
FRSH,Freshworks Inc.,4.54,17.46,100,100,55,Technology,Computer Software: Prepackaged Software
STNE,StoneCo Ltd.,-0.54,-0.89,70,99,20,Technology,EDP Services
AMBBY,Ambu A/S,0.0,-0.92,89,97,9,Healthcare,Medical Devices
NYAX,Nayax Ltd.,-4.71,-5.67,0,13,69,Technology,Computer Software: Prepackaged Software
BWIN,"The Baldwin Insurance Group, Inc.",3.09,47.92,89,91,44,Finance,Specialty Insurers
CCC,CCC Intelligent Solutions Holdings Inc.,5.24,35.43,100,100,22,Technology,Computer Software: Prepackaged Software
SHAK,Shake Shack Inc.,6.11,6.6,100,100,3,Consumer Discretionary,Restaurants
ELALF,El Al Israel Airlines Ltd.,0.0,-3.37,6,22,48,Industrials,Airlines
PASTF,OPmobility SE,0.0,-7.96,22,85,81,Consumer Cyclical,Auto Parts
FPLSF,5N Plus Inc.,-4.52,-6.65,0,1,95,Basic Materials,Specialty Chemicals
DK,"Delek US Holdings, Inc.",4.5,23.24,100,100,93,Energy,Integrated oil Companies
CURLF,"Curaleaf Holdings, Inc.",6.34,-3.55,50,70,91,Healthcare,Drug Manufacturers - Specialty & Generic
FBK,FB Financial Corporation,-0.19,4.53,78,90,44,Finance,Major Banks
EOGSF,Emerald Resources NL,0.0,8.73,11,27,43,Basic Materials,Gold
QUBT,Quantum Computing Inc.,-7.62,-19.27,0,0,8,Technology,Computer Software: Prepackaged Software
RLAY,"Relay Therapeutics, Inc.",-6.37,31.53,66,72,97,Health Care,Biotechnology: Biological Products (No Diagnostic Substances)
WLWHY,Woolworths Holdings Limited,0.0,0.31,7,20,33,Consumer Cyclical,Department Stores
CECO,CECO Environmental Corp.,-2.07,-15.05,14,16,91,Industrials,Pollution Control Equipment
MGRC,McGrath RentCorp,0.35,2.03,27,53,42,Consumer Discretionary,Diversified Commercial Services
APELY,"Alps Alpine Co., Ltd.",0.0,-5.31,50,61,38,Technology,Electronic Components
SMGBF,San Miguel Corporation,0.0,-2.91,50,64,15,Industrials,Conglomerates
SMTGY,SMA Solar Technology AG,8.26,15.32,72,96,93,Technology,Solar
LCII,LCI Industries,0.96,11.41,73,77,26,Consumer Discretionary,Auto Parts:O.E.M.
WRD,WeRide Inc.,3.05,-8.74,32,43,4,Technology,EDP Services
PLBL,Polibeli Group Ltd,-10.71,9.93,20,22,12,Consumer Discretionary,Consumer Electronics/Appliances
WAFD,"WaFd, Inc.",-0.03,4.16,60,93,73,Finance,Major Banks
CESDF,CES Energy Solutions Corp.,2.17,-0.85,61,80,87,Energy,Oil & Gas Equipment & Services
SAH,"Sonic Automotive, Inc.",-4.26,7.95,72,80,78,Consumer Discretionary,Retail-Auto Dealers and Gas Stations
UTF,"Cohen & Steers Infrastructure Fund, Inc",0.58,2.24,54,95,59,Finance,Finance Companies
PAGS,PagSeguro Digital Ltd.,0.32,3.8,92,100,31,Technology,EDP Services
AEMFF,AEM Holdings Ltd.,0.0,3.91,62,94,99,Technology,Semiconductor Equipment & Materials
TRN,"Trinity Industries, Inc.",2.3,6.66,81,100,72,Industrials,Railroads
AAMI,Acadian Asset Management Inc.,-3.49,1.56,60,78,91,Finance,Investment Managers
IFMNF,Dentsu Soken Inc.,0.0,-239.62,99,100,98,Technology,Information Technology Services
GDV,The Gabelli Dividend & Income Trust,0.3,3.22,86,92,57,Finance,Investment Managers
TARS,"Tarsus Pharmaceuticals, Inc.",2.01,-5.27,12,17,27,Health Care,Biotechnology: Biological Products (No Diagnostic Substances)
VERA,"Vera Therapeutics, Inc.",-1.19,23.33,78,84,64,Health Care,Biotechnology: Pharmaceutical Preparations
PPAAF,PT Perusahaan Gas Negara (Persero) Tbk,0.0,-11.14,22,85,1,Utilities,Utilities - Regulated Gas
HUBG,"Hub Group, Inc.",3.23,4.13,100,100,74,Industrials,Integrated Freight & Logistics
FRMEP,First Merchants Corporation,0.0,2.18,55,94,44,Finance,Major Banks
FRPT,"Freshpet, Inc.",4.29,7.09,46,65,23,Consumer Staples,Packaged Foods
THUPY,Thule Group AB (publ),4.19,-0.14,34,52,19,Consumer Cyclical,Leisure
CEPU,Central Puerto S.A.,-3.15,-7.39,23,40,65,Utilities,Electric Utilities: Central
SMSOF,Samsonite Group S.A.,0.0,-3.35,11,31,13,Consumer Cyclical,Footwear & Accessories
PENN,"PENN Entertainment, Inc.",0.59,-3.44,12,24,78,Consumer Discretionary,Hotels/Resorts
CSPKY,COSCO SHIPPING Ports Limited,0.0,-19.94,3,13,18,Industrials,Marine Shipping
SPNT,SiriusPoint Ltd.,2.15,6.29,100,100,74,Finance,Property-Casualty Insurers
KMT,Kennametal Inc.,0.24,-2.66,15,29,67,Industrials,Industrial Machinery/Components
WFRSF,West African Resources Limited,0.0,-4.51,2,9,43,Basic Materials,Gold
WERN,"Werner Enterprises, Inc.",0.55,0.9,88,100,86,Industrials,Trucking Freight/Courier Services
ICHR,"Ichor Holdings, Ltd.",-9.86,7.58,19,26,98,Technology,Semiconductors
NMRK,"Newmark Group, Inc.",-0.72,1.89,23,58,36,Finance,Real Estate
AERO,AERO,-8.55,-10.89,0,0,14,Consumer Discretionary,Air Freight/Delivery Services
VVVNF,Vivendi SE,0.0,-15.91,3,8,10,Communication Services,Electronic Gaming & Multimedia
CALEF,CALEF,1.25,-3.19,11,8,31,,
NIQ,NIQ,-1.6,35.66,96,100,13,Technology,Computer Software: Programming Data Processing
NESR,National Energy Services Reunited Corp.,-1.47,13.44,68,86,96,Energy,Oilfield Services/Equipment
TSRYY,Treasury Wine Estates Limited,-1.59,-9.38,14,23,19,Consumer Defensive,Beverages - Wineries & Distilleries
BBT,Beacon Financial Corporation,0.0,0.3,21,56,56,Finance,Banks
NZF,Nuveen Municipal Credit Income Fund,-0.4,-0.55,8,64,46,Finance,Finance Companies
TNK,Teekay Tankers Ltd.,-2.39,-2.46,37,49,76,Consumer Discretionary,Marine Transportation
REMYY,Rémy Cointreau SA,1.86,-0.96,45,65,33,Consumer Defensive,Beverages - Wineries & Distilleries
AMSC,American Superconductor Corporation,-4.95,-13.49,0,0,18,Consumer Discretionary,Metal Fabrications
HMSNF,Hammerson Plc,0.0,18.29,85,96,65,Real Estate,REIT - Retail
OXINF,Oxford Instruments plc,0.0,-5.98,38,63,89,Technology,Scientific & Technical Instruments
ANGGF,Angang Steel Company Limited,0.0,0.0,22,85,3,Basic Materials,Steel
AMBP,Ardagh Metal Packaging S.A.,-3.67,9.85,38,52,58,Industrials,Containers/Packaging
BOWFF,Boardwalk Real Estate Investment Trust,2.93,1.22,99,100,34,Real Estate,REIT - Residential
MTX,Minerals Technologies Inc.,-0.39,-6.64,5,15,55,Basic Materials,Major Chemicals
ENDTF,Canoe EIT Income Fund,0.16,1.66,75,100,53,Financial Services,Asset Management
ETY,Eaton Vance Tax-Managed Diversified Equity Income Fund,-0.62,0.76,56,85,37,Finance,Finance Companies
CLBEY,"Calbee, Inc.",2.48,-6.81,72,96,32,Consumer Defensive,Packaged Foods
BIRDF,Bird Construction Inc.,1.19,14.43,100,100,95,Industrials,Engineering & Construction
ASAIY,Sendas Distribuidora S.A.,-2.97,5.2,77,91,33,Consumer Defensive,Grocery Stores
SOTDF,Ströer SE & Co. KGaA,0.0,0.0,22,85,20,Communication Services,Advertising Agencies
LCLN,"Lincoln International, Inc.",1.45,-8.66,16,23,35,Finance,Investment Managers
TMDX,"TransMedics Group, Inc.",6.33,2.92,72,85,3,Health Care,Biotechnology: Electromedical & Electrotherapeutic Apparatus
AOZOY,"Aozora Bank, Ltd.",0.0,-5.06,4,15,31,Financial Services,Banks - Regional
KYN,"Kayne Anderson Energy Infrastructure Fund, Inc.",1.49,3.79,100,100,65,Finance,Finance/Investors Services
BMRRY,B&M European Value Retail plc,0.19,2.89,51,68,42,Consumer Defensive,Discount Stores
NOG,"Northern Oil and Gas, Inc.",9.94,2.1,94,100,13,Energy,Oil & Gas Production
AVVSY,AVVSY,-0.89,-19.07,13,22,13,Industrials,Aerospace & Defense
DCO,Ducommun Incorporated,-0.94,-0.91,3,19,89,Industrials,Military/Government/Technical
ABM,ABM Industries Incorporated,1.7,-1.09,64,96,49,Consumer Discretionary,Diversified Commercial Services
BYLOF,Big Yellow Group Plc,0.0,3.51,41,61,26,Real Estate,REIT - Industrial
GNCGF,Greencore Group plc,0.0,1.87,73,100,8,Consumer Defensive,Packaged Foods
TCHBF,Tecan Group AG,0.0,9.81,100,100,82,Healthcare,Medical Instruments & Supplies
SOC,Sable Offshore Corp.,13.01,-62.2,17,19,1,Energy,Oil & Gas Production
NTB,The Bank of N.T. Butterfield & Son Limited,0.33,4.3,64,95,74,Finance,Commercial Banks
GGGSF,Greggs plc,0.0,-3.88,32,44,33,Consumer Cyclical,Restaurants
CPWHF,Ceres Power Holdings plc,-2.89,-21.56,0,0,96,Industrials,Electrical Equipment & Parts
DROSY,DROSY,-11.76,-29.41,6,12,6,,
CXT,"Crane NXT, Co.",-0.71,23.07,78,83,35,Industrials,Metal Fabrications
IMYSF,Imerys S.A.,0.0,-4.36,5,12,15,Basic Materials,Specialty Chemicals
GNNDY,GN Store Nord A/S,0.14,-0.47,66,100,16,Healthcare,Medical Devices
AEGXF,Aecon Group Inc.,-1.13,10.57,52,65,90,Industrials,Engineering & Construction
EFSC,Enterprise Financial Services Corp,0.81,4.66,56,80,65,Finance,Major Banks
EXETF,Extendicare Inc.,-0.11,9.93,100,99,94,Healthcare,Medical Care Facilities
HTH,Hilltop Holdings Inc.,-0.26,0.84,20,51,58,Finance,Major Banks
BVNKF,Bavarian Nordic A/S,0.0,-0.47,19,77,23,Healthcare,Biotechnology
NKTR,Nektar Therapeutics,-2.9,15.39,55,59,88,Health Care,Biotechnology: Pharmaceutical Preparations
CENTA,Central Garden & Pet Company,0.27,1.07,13,40,72,Consumer Discretionary,Consumer Specialties
CTOS,"Custom Truck One Source, Inc.",1.14,-0.56,40,44,93,Consumer Discretionary,Diversified Commercial Services
ATEN,"A10 Networks, Inc.",-1.02,12.65,77,88,94,Telecommunications,Computer Communications Equipment
SIVEF,Sivers Semiconductors AB (publ),-14.27,-52.13,1,2,98,Technology,Semiconductors
MBINM,Merchants Bancorp,-0.22,0.95,40,92,48,Finance,Major Banks
VERX,"Vertex, Inc.",4.85,7.18,84,86,10,Technology,Computer Software: Prepackaged Software
PSNYW,Polestar Automotive Holding UK PLC,7.96,-13.48,33,41,2,Industrials,Auto Manufacturing
WLY,"John Wiley & Sons, Inc.",-1.01,12.3,71,76,83,Consumer Discretionary,Books
FUN,Six Flags Entertainment Corporation,-2.77,-22.43,5,9,25,Consumer Discretionary,Services-Misc. Amusement & Recreation
BLBD,Blue Bird Corporation,-1.06,7.18,48,67,85,Consumer Discretionary,Construction/Ag Equipment/Trucks
BMRPF,B&M European Value Retail plc,0.0,-4.81,9,25,34,Consumer Defensive,Discount Stores
ACPIF,Acen Corporation,0.0,0.0,22,85,1,Utilities,Utilities - Renewable
NGL,NGL Energy Partners LP,6.46,-1.09,44,57,95,Utilities,Natural Gas Distribution
IE,Ivanhoe Electric Inc.,-3.29,-18.39,0,0,5,Basic Materials,Metal Mining
CYD,China Yuchai International Limited,-3.81,-7.28,10,16,74,Industrials,Industrial Machinery/Components
RCAT,"Red Cat Holdings, Inc.",-5.1,-30.22,0,0,9,Technology,Computer Software: Prepackaged Software
FLOC,FLOC,0.34,-11.93,39,46,53,Consumer Discretionary,Oil and Gas Field Machinery
BDGIF,Badger Infrastructure Solutions Ltd.,-1.07,-1.72,61,81,87,Industrials,Engineering & Construction
TNET,"TriNet Group, Inc.",3.64,21.08,100,100,70,Consumer Discretionary,Business Services
NEXT,NextDecade Corporation,2.13,-1.21,72,89,66,Utilities,Oil & Gas Production
SHLS,"Shoals Technologies Group, Inc.",-6.19,-4.95,9,22,79,Technology,Semiconductors
SAMHF,Alleima AB (publ),0.0,0.0,22,85,93,Basic Materials,Steel
BAND,Bandwidth Inc.,-2.21,14.8,84,88,98,Technology,Computer Software: Prepackaged Software
DTNOF,DNO ASA,0.0,-20.19,11,25,38,Energy,Oil & Gas E&P
CGGGF,Coats Group plc,0.0,-7.21,13,40,35,Consumer Cyclical,Textile Manufacturing
UTI,"Universal Technical Institute, Inc.",-0.83,17.83,78,80,89,Real Estate,Other Consumer Services
HCM,HUTCHMED (China) Limited,0.63,4.31,69,82,7,Health Care,Biotechnology: Pharmaceutical Preparations
PCFBY,Pacific Basin Shipping Limited,0.0,-2.67,73,90,77,Industrials,Marine Shipping
EERGF,Energean plc,0.0,-6.47,8,37,16,Energy,Oil & Gas E&P
EVT,Eaton Vance Tax-Advantaged Dividend Income Fund,-0.62,2.7,44,76,60,Finance,Finance Companies
KSRYY,KOSE Holdings Corporation,-3.92,-3.54,0,0,12,Consumer Defensive,Household & Personal Products
USAS,Americas Gold and Silver Corporation,-6.05,-19.04,0,0,29,Basic Materials,Metal Mining
CGEAF,Cogeco Communications Inc.,0.0,-3.83,12,58,27,Communication Services,Telecom Services
PGNY,"Progyny, Inc.",4.34,24.68,100,100,91,Health Care,Misc Health and Biotechnology Services
ATEAY,Atea ASA,0.0,2.71,35,70,74,Technology,Information Technology Services
EVCM,EverCommerce Inc.,6.39,15.11,100,100,32,Technology,Computer Software: Prepackaged Software
TYRA,"Tyra Biosciences, Inc.",-0.24,27.77,96,100,93,Health Care,Biotechnology: Pharmaceutical Preparations
NFYEF,NFI Group Inc.,2.09,10.26,100,100,84,Consumer Cyclical,Auto Manufacturers
NTST,NETSTREIT Corp.,0.79,7.38,88,90,69,Real Estate,Real Estate Investment Trusts
NVCR,NovoCure Limited,-1.29,-9.15,54,64,73,Health Care,Medical/Dental Instruments
CKNHF,Clarkson PLC,0.0,-4.99,50,72,60,Industrials,Marine Shipping
HCI,"HCI Group, Inc.",0.19,12.85,89,100,64,Finance,Property-Casualty Insurers
FIGS,"FIGS, Inc.",-0.4,-11.35,6,11,49,Consumer Discretionary,Apparel
WSR,Whitestone REIT,0.11,0.44,0,51,81,Real Estate,Real Estate Investment Trusts
PBATF,PT Bukit Asam (Persero) Tbk,0.0,-100.15,100,100,1,Energy,Thermal Coal
DEI,"Douglas Emmett, Inc.",1.42,0.48,62,78,50,Real Estate,Real Estate Investment Trusts
TAVHY,TAV Havalimanlari Holding A.S.,-2.5,-1.96,0,0,11,Industrials,Airports & Air Services
SHWGY,Shandong Weigao Group Medical Polymer Company Limited,0.0,-4.76,21,32,4,Healthcare,Medical Instruments & Supplies
OFG,OFG Bancorp,1.26,6.22,90,99,68,Finance,Major Banks
CYRBY,Cyrela Brazil Realty S.A. Empreendimentos e Participações,0.0,6.06,58,72,21,Consumer Cyclical,Residential Construction
ADDLF,AddLife AB (publ),0.0,0.0,22,85,1,Healthcare,Medical Instruments & Supplies
RBTEF,Robertet SA,0.0,-3.38,20,70,29,Basic Materials,Chemicals
RBSTF,RBSTF,-3.21,-28.21,4,9,3,,
AMRC,"Ameresco, Inc.",-4.77,-14.81,0,0,23,Consumer Discretionary,Engineering & Construction
NUV,"Nuveen Municipal Value Fund, Inc.",0.33,0.69,25,79,44,Finance,Trusts Except Educational Religious and Charitable
PRKS,United Parks & Resorts Inc.,-0.15,0.78,40,61,58,Health Care,Biotechnology: Electromedical & Electrotherapeutic Apparatus
WTSHF,Westshore Terminals Investment Corporation,0.0,-2.93,70,87,81,Industrials,Marine Shipping
HMDCF,HUTCHMED (China) Limited,0.0,0.0,22,85,6,Healthcare,Drug Manufacturers - Specialty & Generic
NAC,Nuveen California Quality Municipal Income Fund,-0.17,0.75,38,89,51,Finance,Investment Managers
SONO,"Sonos, Inc.",3.72,-2.59,75,94,52,Consumer Staples,Consumer Electronics/Appliances
LKFT,Lakefront Biotherapeutics NV,-1.55,2.97,58,72,31,Health Care,Biotechnology: Pharmaceutical Preparations
ZSHGY,Zhongsheng Group Holdings Limited,0.0,-12.26,29,44,1,Consumer Cyclical,Auto & Truck Dealerships
OXFYY,OXFYY,0.0,-11.92,22,85,34,Healthcare,Biotechnology
ASTH,"Astrana Health, Inc.",1.62,19.55,80,88,93,Consumer Discretionary,Professional Services
BVENY,BVENY,0.0,-16.24,3,9,7,Energy,Oil & Gas E&P
SMA,"SmartStop Self Storage REIT, Inc.",0.48,2.7,55,83,40,Real Estate,Real Estate Investment Trusts
SURRY,Sun Art Retail Group Limited,0.0,-31.02,2,7,2,Consumer Cyclical,Department Stores
SGHIF,Shanghai Industrial Holdings Limited,0.0,4.08,22,85,37,Industrials,Conglomerates
SAM,"The Boston Beer Company, Inc.",-2.49,-4.03,0,12,8,Consumer Staples,Beverages (Production/Distribution)
ITMPF,ITM Power Plc,0.0,-12.79,4,11,89,Industrials,Specialty Industrial Machinery
KNEVF,KNEVF,0.0,-18.45,4,11,7,Financial Services,Asset Management
NRIX,"Nurix Therapeutics, Inc.",-1.52,33.75,75,78,91,Health Care,Biotechnology: Pharmaceutical Preparations
ARCO,Arcos Dorados Holdings Inc.,-2.01,-4.58,27,58,52,Consumer Discretionary,Restaurants
LAC,Lithium Americas Corp.,-5.42,-28.8,0,0,7,Basic Materials,Metal Mining
TRVG,trivago N.V.,-0.19,23.2,89,94,94,Technology,EDP Services
TINLF,Teijin Limited,0.0,0.0,22,85,1,Industrials,Conglomerates
SPB,"Spectrum Brands Holdings, Inc.",1.66,1.03,37,60,81,Miscellaneous,Industrial Machinery/Components
ONTTF,Oxford Nanopore Technologies plc,-5.14,-4.91,40,53,20,Healthcare,Biotechnology
PLPC,Preformed Line Products Company,-1.84,-9.63,15,17,88,Industrials,Water Sewer Pipeline Comm & Power Line Construction
NVAX,"Novavax, Inc.",-4.5,-1.33,17,33,61,Health Care,Biotechnology: Biological Products (No Diagnostic Substances)
NMRSF,NMRSF,0.0,3.38,33,58,99,Industrials,Aerospace & Defense
RQI,"Cohen & Steers Quality Income Realty Fund, Inc.",0.0,-3.99,10,50,44,Finance,Trusts Except Educational Religious and Charitable
SKWD,"Skyward Specialty Insurance Group, Inc.",0.71,17.64,80,82,75,Finance,Property-Casualty Insurers
HUPHY,Hutchison Port Holdings Trust,0.0,-9.09,6,15,25,Industrials,Marine Shipping
NKRKY,Nokian Renkaat Oyj,-0.4,15.41,100,100,90,Consumer Cyclical,Auto Parts
MBC,"MasterBrand, Inc.",-2.97,-4.13,15,30,15,Consumer Discretionary,Home Furnishings
BOBS,"Bob's Discount Furniture, Inc.",0.32,17.43,74,82,59,Consumer Discretionary,Other Specialty Stores
NPPNY,"Nippon Shinyaku Co., Ltd.",0.0,-1.64,14,54,23,Healthcare,Drug Manufacturers - Specialty & Generic
ASCLF,Ascletis Pharma Inc.,-2.92,3.56,33,50,21,Healthcare,Biotechnology
GTBIF,Green Thumb Industries Inc.,7.17,-7.41,57,73,45,Healthcare,Drug Manufacturers - Specialty & Generic
ELVR,Elevra Lithium Limited,-3.4,-22.49,0,0,90,Industrials,Mining & Quarrying of Nonmetallic Minerals (No Fuels)
LOB,"Live Oak Bancshares, Inc.",-0.31,7.4,77,96,67,Finance,Major Banks
KRP,"Kimbell Royalty Partners, LP",1.7,-2.61,51,88,66,Energy,Oil & Gas Production
AGRO,Adecoagro S.A.,0.68,-11.21,45,58,46,Consumer Staples,Farming/Seeds/Milling
SGRY,"Surgery Partners, Inc.",-2.56,6.96,54,61,36,Health Care,Hospital/Nursing Management
GLOB,Globant S.A.,7.21,-11.81,40,48,2,Technology,EDP Services
PAYO,Payoneer Global Inc.,0.0,5.19,54,84,80,Consumer Discretionary,Business Services
STGW,Stagwell Inc.,0.77,19.97,100,100,87,Consumer Discretionary,Advertising
STRA,"Strategic Education, Inc.",1.83,7.35,100,100,50,Real Estate,Other Consumer Services
VLXGF,Volex plc,0.3,-13.46,5,10,65,Industrials,Electrical Equipment & Parts
PEB,Pebblebrook Hotel Trust,0.77,3.38,27,41,89,Real Estate,Real Estate Investment Trusts
CNXC,Concentrix Corporation,12.07,-5.29,69,79,6,Technology,Computer Software: Prepackaged Software
MTASF,MTASF,-5.1,3.15,41,66,14,Industrials,Aerospace & Defense
MQ,"Marqeta, Inc.",3.53,8.66,54,67,21,Technology,Computer Software: Prepackaged Software
LPG,Dorian LPG Ltd.,0.22,-7.81,48,59,85,Consumer Discretionary,Marine Transportation
TILE,"Interface, Inc.",-2.89,3.13,20,38,73,Consumer Discretionary,Home Furnishings
NVRI,Enviri Corporation,-1.55,8.47,85,100,91,Miscellaneous,Diversified Commercial Services
ADUS,Addus HomeCare Corporation,0.6,17.0,97,100,46,Health Care,Medical/Nursing Services
HTZ,"Hertz Global Holdings, Inc.",-10.73,-63.69,0,0,1,Consumer Discretionary,Rental/Leasing Companies
UFPT,"UFP Technologies, Inc.",0.14,-0.57,15,28,53,Health Care,Medical/Dental Instruments
VCEL,Vericel Corporation,1.04,23.13,94,100,80,Health Care,Biotechnology: Biological Products (No Diagnostic Substances)
TFIN,"Triumph Financial, Inc.",-0.17,4.92,82,100,79,Finance,Major Banks
TSHA,"Taysha Gene Therapies, Inc.",-15.14,-3.58,0,0,81,Health Care,Biotechnology: Biological Products (No Diagnostic Substances)
OPRA,Opera Limited,-2.08,7.9,37,56,73,Technology,Computer Software: Prepackaged Software
STEW,"SRH Total Return Fund, Inc.",0.33,2.6,81,89,43,Finance,Investment Managers
PAEXY,PAEXY,0.0,1.5,22,85,36,Energy,Oil & Gas E&P
NUVB,Nuvation Bio Inc.,-0.69,21.22,49,57,87,Health Care,Biotechnology: Pharmaceutical Preparations
VPG,"Vishay Precision Group, Inc.",-6.24,-25.43,0,0,97,Technology,Electrical Products
PMREF,Primaris Real Estate Investment Trust,-0.64,9.16,32,41,79,Real Estate,REIT - Retail
KOS,Kosmos Energy Ltd.,16.19,-15.57,46,53,86,Energy,Oil & Gas Production
LNXSY,LANXESS Aktiengesellschaft,0.0,-2.3,5,14,8,Basic Materials,Specialty Chemicals
VTKLY,Vtech Holdings Limited,4.65,-2.92,76,90,21,Technology,Communication Equipment
MWTCY,"Manila Water Company, Inc.",0.0,-14.28,4,18,25,Utilities,Utilities - Regulated Water
HGRAF,HydroGraph Clean Power Inc.,-8.69,-36.85,0,0,98,Basic Materials,Specialty Chemicals
GHRS,GH Research PLC,-4.38,22.7,59,65,92,Health Care,Biotechnology: Pharmaceutical Preparations
LILAK,Liberty Latin America Ltd.,3.04,38.46,85,91,87,Telecommunications,Cable & Other Pay Television Services
BDJ,BlackRock Enhanced Equity Dividend Trust,-0.21,4.46,87,100,57,Finance,Finance Companies
GPEAF,Great Portland Estates Plc,0.0,0.0,22,85,37,Real Estate,REIT - Office
TCBK,TriCo Bancshares,11.99,15.43,100,100,79,Finance,Major Banks
ANAB,"AnaptysBio, Inc.",5.15,28.71,100,100,97,Health Care,Biotechnology: Pharmaceutical Preparations
CLVT,Clarivate Plc,2.69,4.09,54,60,9,Technology,EDP Services
SESPF,SeSa S.p.A.,0.0,0.0,22,85,33,Technology,Information Technology Services
HOPE,"Hope Bancorp, Inc.",0.0,3.31,49,81,67,Finance,Major Banks
BELGF,Bellevue Gold Limited,3.5,5.25,28,35,33,Basic Materials,Gold
OERLY,OC Oerlikon Corporation AG,0.0,14.51,100,100,91,Industrials,Specialty Industrial Machinery
FLNG,FLEX LNG Ltd.,0.43,-1.18,56,76,73,Consumer Discretionary,Marine Transportation
CET,Central Securities Corporation,0.67,1.51,46,100,49,Finance,Finance/Investors Services
GENI,Genius Sports Limited,6.79,-5.97,76,89,43,Consumer Discretionary,Services-Misc. Amusement & Recreation
SLVM,Sylvamo Corporation,0.26,-4.48,47,70,20,Basic Materials,Paper
PTTMF,PT TIMAH Tbk,0.0,-100.24,100,100,1,Basic Materials,Other Industrial Metals & Mining
WGS,GeneDx Holdings Corp.,-2.73,4.69,50,61,9,Technology,Retail: Computer Software & Peripheral Equipment
AGLFF,AGLFF,0.0,-2.84,20,84,96,Healthcare,Medical Instruments & Supplies
FISK,"Empire State Realty OP, L.P.",0.0,0.65,61,77,20,Real Estate,REIT - Office
AGL,"agilon health, inc.",0.87,-0.27,59,75,98,Health Care,Misc Health and Biotechnology Services
ABXXF,Abaxx Technologies Inc.,-0.98,-42.2,0,1,13,Technology,Software - Application
FRVWY,Friedrich Vorwerk Group SE,0.0,1.72,19,44,28,Industrials,Engineering & Construction
PRGO,Perrigo Company plc,-0.49,-6.7,33,46,6,Health Care,Biotechnology: Pharmaceutical Preparations
AI,"C3.ai, Inc.",2.35,-18.72,13,23,7,Technology,Computer Software: Prepackaged Software
AZLUY,Azul SA,-0.22,5.12,26,36,40,Industrials,Airlines
CBLUF,China BlueChemical Ltd.,0.0,-33.33,1,6,7,Basic Materials,Agricultural Inputs
TPRKY,Travis Perkins plc,1.87,-1.77,27,38,23,Industrials,Industrial Distribution
SLCJY,SLC Agrícola S.A.,-4.35,-8.33,39,51,15,Consumer Defensive,Farm Products
MTRBF,Metro Bank Holdings PLC,-9.23,-6.0,0,0,84,Financial Services,Banks - Regional
CNOBP,"ConnectOne Bancorp, Inc.",0.12,0.5,31,95,49,Finance,Major Banks
AMTD,AMTD IDEA Group,-1.04,-4.23,9,35,24,Finance,Finance: Consumer Services
LIND,"Lindblad Expeditions Holdings, Inc.",-0.11,14.53,41,52,93,Consumer Discretionary,Transportation Services
XIORF,Xior Student Housing NV,0.0,2.53,71,100,33,Real Estate,REIT - Residential
AUSDF,Perenti Limited,0.0,12.5,88,97,70,Basic Materials,Other Industrial Metals & Mining
ARDX,"Ardelyx, Inc.",-2.65,-11.23,2,17,22,Health Care,Biotechnology: Pharmaceutical Preparations
STAA,STAAR Surgical Company,0.07,-3.88,22,26,69,Health Care,Ophthalmic Goods
RLJ,RLJ Lodging Trust,-0.52,5.35,40,63,90,Real Estate,Real Estate Investment Trusts
WKC,World Kinect Corporation,1.78,15.13,100,100,86,Energy,Oil Refining/Marketing
SISXF,Savaria Corporation,10.69,5.95,100,100,78,Industrials,Specialty Industrial Machinery
OBK,"Origin Bancorp, Inc.",-0.45,2.93,46,75,79,Finance,Major Banks
IMCR,Immunocore Holdings plc,1.69,13.52,75,80,35,Health Care,Biotechnology: Biological Products (No Diagnostic Substances)
TNC,Tennant Company,-0.3,-2.56,4,27,52,Industrials,Industrial Machinery/Components
NKOKF,"Noritsu Koki Co., Ltd.",0.0,-146.58,100,100,1,Technology,Consumer Electronics
HLMN,Hillman Solutions Corp.,1.68,1.95,19,30,21,Consumer Discretionary,Industrial Machinery/Components
ARI,"Apollo Commercial Real Estate Finance, Inc.",-1.15,-4.36,13,31,42,Real Estate,Real Estate Investment Trusts
KMPR,Kemper Corporation,1.63,20.7,100,100,9,Finance,Property-Casualty Insurers
AFXXF,Afry AB,0.0,0.0,22,85,90,Industrials,Engineering & Construction
XTEPY,Xtep International Holdings Limited,1.67,-17.69,9,15,8,Consumer Cyclical,Apparel Retail
ECVT,Ecovyst Inc.,0.17,-7.88,10,22,60,Industrials,Major Chemicals
NOMD,Nomad Foods Limited,-0.43,10.7,100,100,36,Consumer Staples,Packaged Foods
IDRSF,Idorsia Ltd,0.0,39.13,98,99,94,Healthcare,Biotechnology
AAT,"American Assets Trust, Inc.",0.08,2.74,58,86,81,Real Estate,Real Estate Investment Trusts
DAO,"Youdao, Inc.",2.23,18.6,88,91,83,Real Estate,Other Consumer Services
IPX,IperionX Limited,-1.44,-33.03,8,11,5,Basic Materials,Other Metals and Minerals
RBCAA,"Republic Bancorp, Inc.",0.31,2.37,46,71,73,Finance,Major Banks
NFJ,"Virtus Dividend, Interest & Premium Strategy Fund",-0.13,2.93,27,85,71,Finance,Finance: Consumer Services
BLKB,"Blackbaud, Inc.",4.87,13.41,100,100,4,Technology,Computer Software: Prepackaged Software
HYT,"BlackRock Corporate High Yield Fund, Inc.",-0.47,-0.14,10,72,35,Finance,Finance Companies
CNL,Collective Mining Ltd.,-2.66,-8.41,15,20,17,Basic Materials,Gold
ATRC,"AtriCure, Inc.",1.52,22.49,100,100,50,Health Care,Medical/Dental Instruments
ITAYY,PT Indo Tambangraya Megah Tbk,0.0,13.08,79,94,48,Energy,Thermal Coal
NCKAF,Nickel Asia Corporation,0.0,0.0,22,85,99,Basic Materials,Other Industrial Metals & Mining
TTI,"TETRA Technologies, Inc.",-2.86,-12.15,0,0,87,Energy,Oil & Gas Production
AHCO,AdaptHealth Corp.,0.68,1.88,54,69,33,Health Care,Medical/Nursing Services
HLX,"Helix Energy Solutions Group, Inc.",3.25,-2.56,75,92,75,Energy,Oilfield Services/Equipment
PYTCY,Playtech plc,31.88,9.27,100,100,47,Consumer Cyclical,Gambling
RYGYF,Reysas Gayrimenkul Yatirim Ortakligi A.S.,0.0,0.0,22,85,70,Real Estate,REIT - Industrial
PICS,PicS N.V.,-0.34,9.15,100,100,9,Finance,Finance: Consumer Services
GRPFF,"Grupo Televisa, S.A.B.",0.0,-2.14,18,79,43,Communication Services,Telecom Services
NEO,"NeoGenomics, Inc.",0.0,23.02,76,79,92,Health Care,Precision Instruments
GIII,"G-III Apparel Group, Ltd.",-0.72,-3.0,52,90,75,Consumer Discretionary,Apparel
ORC,"Orchid Island Capital, Inc.",-1.32,3.61,44,72,41,Real Estate,Real Estate Investment Trusts
WINA,Winmark Corporation,0.34,-2.05,7,16,23,Consumer Discretionary,Other Specialty Stores
BRDNF,BRDNF,0.0,1.03,11,28,15,Basic Materials,Building Materials
ARSTY,ARSTY,0.0,0.47,30,95,25,Industrials,Building Products & Equipment
ALNT,Allient Inc.,-3.56,-4.34,21,24,92,Industrials,Electrical Products
PURR,Hyperliquid Strategies Inc.,-5.17,-15.67,0,0,91,Finance,Finance: Consumer Services
OI,"O-I Glass, Inc.",-0.83,6.08,61,77,8,Consumer Discretionary,Containers/Packaging
GRWXF,Molten Ventures Plc,0.0,-0.63,45,34,35,,
FDMDF,4DMedical Limited,0.0,5.26,55,64,98,Healthcare,Medical Devices
TBLA,Taboola.com Ltd.,0.91,17.76,100,100,90,Technology,Computer Software: Programming Data Processing
DOLE,Dole plc,-0.77,1.09,54,93,35,Consumer Staples,Farming/Seeds/Milling
UAMY,United States Antimony Corporation,-7.59,-18.55,0,0,40,Industrials,Metal Fabrications
BRELY,BRELY,0.0,-11.21,2,5,61,Basic Materials,Other Precious Metals & Mining
ARDT,"Ardent Health, Inc.",-0.1,4.14,59,66,25,Health Care,Hospital/Nursing Management
NSP,"Insperity, Inc.",6.33,28.42,100,100,85,Consumer Discretionary,Professional Services
TSIOF,361 Degrees International Limited,0.0,-10.29,6,26,11,Consumer Cyclical,Footwear & Accessories
MUX,McEwen Inc.,-2.29,-5.41,2,15,35,Basic Materials,Precious Metals
CXM,"Sprinklr, Inc.",4.56,6.51,100,100,16,Technology,Computer Software: Prepackaged Software
LADR,Ladder Capital Corp,-1.32,-1.54,7,34,33,Real Estate,Real Estate Investment Trusts
ITRN,Ituran Location and Control Ltd.,-0.39,-14.94,7,10,80,Technology,Electronic Components
ATLCZ,Atlanticus Holdings Corporation 9.25% Senior Notes due 2029,-0.08,1.68,64,100,47,Finance,Finance: Consumer Services
FKRAF,Fiskars Oyj Abp,0.0,-4.53,7,21,35,Consumer Cyclical,"Furnishings, Fixtures & Appliances"
EWIIF,EWIIF,2.82,8.81,100,99,94,Unknown,Unknown
CRSR,"Corsair Gaming, Inc.",-1.97,5.81,82,99,86,Technology,Computer peripheral equipment
KDK,"Kodiak AI, Inc.",-4.12,-24.1,0,0,2,Technology,EDP Services
ASST,"Strive, Inc.",-4.29,-18.86,16,24,4,Technology,Computer Software: Prepackaged Software
CSIQ,Canadian Solar Inc.,-1.93,-6.54,14,16,42,Technology,Semiconductors
SPH,"Suburban Propane Partners, L.P.",3.65,-2.48,100,100,38,Consumer Discretionary,Other Specialty Stores
PFBC,Preferred Bank,0.18,5.69,82,97,64,Finance,Major Banks
AUTLF,Austal Limited,-4.71,-5.05,0,0,3,Industrials,Aerospace & Defense
AGZNF,Aegean Airlines S.A.,0.0,0.0,22,85,23,Industrials,Airlines
NBITF,NBITF,-1.32,-11.53,0,0,15,Unknown,Unknown
GUZOF,"Grupo Herdez, S.A.B. de C.V.",0.0,-6.96,8,38,10,Consumer Defensive,Packaged Foods
TROX,Tronox Holdings plc,-0.33,-20.93,5,9,50,Industrials,Major Chemicals
WVE,Wave Life Sciences Ltd.,-4.8,2.41,32,45,7,Health Care,Biotechnology: Pharmaceutical Preparations
PBTDF,Plover Bay Technologies Limited,0.0,-16.84,3,8,83,Technology,Communication Equipment
SHAZ,SharonAI Holdings Inc.,-8.52,-4.54,17,24,96,Technology,EDP Services
AIIR,AIR Global PLC,7.07,1.71,100,100,5,Consumer Discretionary,Tobacco
VLTAF,Voltalia SA,0.0,0.0,22,85,56,Utilities,Utilities - Renewable
PGY,Pagaya Technologies Ltd.,-2.22,11.68,65,78,38,Finance,Finance: Consumer Services
OILRF,Oil Refineries Ltd.,0.0,-15.22,3,7,55,Energy,Oil & Gas Refining & Marketing
MPLT,"MapLight Therapeutics, Inc.",-6.99,20.49,75,79,94,Health Care,Biotechnology: Pharmaceutical Preparations
ENR,"Energizer Holdings, Inc.",0.0,2.97,14,34,38,Miscellaneous,Industrial Machinery/Components
HYLN,Hyliion Holdings Corp.,-6.78,-48.74,0,0,96,Consumer Discretionary,Construction/Ag Equipment/Trucks
WBTNF,Weebit Nano Limited,-10.61,6.53,18,28,96,Technology,Semiconductors
HLF,Herbalife Ltd.,-0.38,7.38,93,95,48,Health Care,Other Pharmaceuticals
AMAL,Amalgamated Financial Corp.,-0.43,5.35,63,85,82,Finance,Major Banks
ZMPLF,Zimplats Holdings Limited,0.0,-14.89,21,84,15,Basic Materials,Other Precious Metals & Mining
VTOL,Bristow Group Inc.,0.11,1.39,77,95,47,Consumer Discretionary,Transportation Services
ASM,Avino Silver & Gold Mines Ltd.,-5.12,-4.01,0,8,40,Basic Materials,Metal Mining
NPKI,NPK International Inc.,-0.14,-2.18,25,29,70,Consumer Discretionary,Oil and Gas Field Machinery
CHYCY,Chiyoda Corporation,0.0,-7.87,6,17,68,Industrials,Engineering & Construction
DMZPY,Domino's Pizza Enterprises Limited,0.0,1.8,47,91,39,Consumer Cyclical,Restaurants
EOS,Eaton Vance Enhanced Equity Income Fund II,-0.27,1.33,90,100,39,Finance,Trusts Except Educational Religious and Charitable
CTBI,"Community Trust Bancorp, Inc.",0.28,3.83,63,91,74,Finance,Major Banks
SILXF,Silex Systems Limited,2.22,-0.81,31,48,33,Technology,Semiconductors
PSEC,Prospect Capital Corporation,-0.44,0.23,35,67,20,Finance,Finance: Consumer Services
GOLD,"Gold.com, Inc.",-3.57,-12.13,0,0,64,Industrials,Other Specialty Stores
EVEX,"Eve Holding, Inc.",-5.79,-15.87,0,0,3,Industrials,Aerospace
SCL,Stepan Company,0.41,6.87,87,100,55,Consumer Discretionary,Package Goods/Cosmetics
PAHGF,Pets at Home Group Plc,0.0,-3.33,61,72,22,Consumer Cyclical,Specialty Retail
ELKEF,Elkem ASA,0.0,0.0,22,85,76,Basic Materials,Specialty Chemicals
ATEC,"Alphatec Holdings, Inc.",1.67,19.8,100,100,8,Health Care,Medical/Dental Instruments
RPGSF,RPGSF,-24.66,-28.57,0,0,6,,
RZLV,Rezolve AI PLC,-4.23,-1.58,2,10,13,Technology,Computer Software: Programming Data Processing
DPZUF,Domino's Pizza Enterprises Limited,0.0,-13.2,4,18,27,Consumer Cyclical,Restaurants
AAVVF,Advantage Energy Ltd.,0.67,5.59,79,87,30,Energy,Oil & Gas E&P
ATUUF,Tenaz Energy Corp.,6.91,-5.92,63,78,90,Energy,Oil & Gas E&P
TBN,Tamboran Resources Corporation,-0.06,-5.79,6,13,60,Energy,Oil & Gas Production
BYITY,Bytes Technology Group plc,0.0,-7.06,8,38,30,Technology,Software - Infrastructure
INGEF,Ingenia Communities Group,0.0,0.0,22,85,20,Real Estate,REIT - Residential
HTLD,"Heartland Express, Inc.",0.47,-8.2,22,49,88,Industrials,Trucking Freight/Courier Services
EVLV,"Evolv Technologies Holdings, Inc.",1.01,-2.61,61,72,25,Technology,Computer peripheral equipment
DBVT,DBV Technologies S.A.,-3.09,-3.39,17,42,35,Health Care,Biotechnology: Biological Products (No Diagnostic Substances)
ASTE,"Astec Industries, Inc.",-1.41,11.0,35,51,57,Industrials,Construction/Ag Equipment/Trucks
CVHSY,Cablevisión Holding S.A.,0.0,0.0,22,85,75,Communication Services,Telecom Services
BV,"BrightView Holdings, Inc.",0.21,13.28,70,84,56,Consumer Discretionary,Business Services
WYFI,"WhiteFiber, Inc.",-5.74,47.82,54,59,96,Finance,Finance: Consumer Services
FCEL,"FuelCell Energy, Inc.",-9.27,7.86,10,13,97,Energy,Industrial Machinery/Components
AKTS,"Aktis Oncology, Inc.",-8.27,31.42,42,48,79,Health Care,Biotechnology: Pharmaceutical Preparations
FLTCF,Filtronic plc,3.06,-11.69,24,30,92,Technology,Communication Equipment
HQH,Abrdn Healthcare Investors,-2.18,10.92,60,70,75,Finance,Finance Companies
PRCH,"Porch Group, Inc.",-9.7,37.96,53,60,87,Technology,Computer Software: Prepackaged Software
CIMN,CIMN,0.12,0.99,36,94,46,Real Estate,Real Estate Investment Trusts
SHPPF,Redcare Pharmacy NV,0.0,43.43,91,98,32,Healthcare,Pharmaceutical Retailers
NWPX,"NWPX Infrastructure, Inc.",-0.52,3.07,13,32,96,Industrials,Steel/Iron Ore
CSR,Centerspace,0.38,-2.11,26,69,24,Real Estate,Real Estate Investment Trusts
SVAUF,StorageVault Canada Inc.,0.77,2.47,92,100,38,Real Estate,Real Estate Services
LNRCF,LNRCF,-4.09,-21.49,0,0,41,,
KSKGF,Kingsgate Consolidated Limited,-11.37,-7.69,0,0,41,Basic Materials,Gold
AMN,"AMN Healthcare Services, Inc.",4.97,10.36,67,79,94,Consumer Discretionary,Professional Services
UPBD,"Upbound Group, Inc.",-0.05,16.19,96,100,52,Consumer Discretionary,Diversified Commercial Services
MRCHF,"H.U. Group Holdings, Inc.",0.0,-0.48,75,94,30,Healthcare,Diagnostics & Research
GRRMF,Gerresheimer AG,0.0,3.89,94,100,42,Healthcare,Medical Instruments & Supplies
MCB,Metropolitan Bank Holding Corp.,-0.38,1.02,41,69,70,Finance,Major Banks
MLKN,"MillerKnoll, Inc.",0.55,30.02,79,83,70,Consumer Discretionary,Office Equipment/Supplies/Services
ACDC,ProFrac Holding Corp.,5.69,-26.45,18,20,35,Energy,Oilfield Services/Equipment
OPK,"OPKO Health, Inc.",-8.89,-15.17,0,0,28,Health Care,Biotechnology: Pharmaceutical Preparations
ORRAF,Orora Limited,0.0,0.0,22,85,7,Consumer Cyclical,Packaging & Containers
GPRE,Green Plains Inc.,2.49,16.1,100,100,91,Industrials,Major Chemicals
GRRMY,Gerresheimer AG,0.0,25.0,98,100,62,Healthcare,Medical Instruments & Supplies
EVO,Evotec SE,-12.9,-10.66,0,0,8,Health Care,Biotechnology: Pharmaceutical Preparations
SBR,Sabine Royalty Trust,1.14,-1.27,59,83,51,Energy,Oil & Gas Production
TSHTY,Toshiba Tec Corporation,0.0,-4.67,63,76,45,Technology,Computer Hardware
PXED,"Phoenix Education Partners, Inc.",-0.27,7.33,72,76,45,Real Estate,Other Consumer Services
TMVWY,TeamViewer SE,0.0,-0.65,70,88,24,Technology,Software - Application
TMVWF,TeamViewer SE,0.0,0.0,22,85,37,Technology,Software - Application
CNMD,CONMED Corporation,10.21,23.25,100,100,36,Health Care,Biotechnology: Electromedical & Electrotherapeutic Apparatus
LSDAF,Lassonde Industries Inc.,0.0,-4.54,10,33,30,Consumer Defensive,Beverages - Non-Alcoholic
CII,"BlackRock Enhanced Large Cap Core Fund, Inc.",-0.47,6.26,65,100,72,Finance,Investment Bankers/Brokers/Service
SVRA,Savara Inc.,-4.81,8.92,39,50,86,Health Care,Biotechnology: Pharmaceutical Preparations
TNLIY,Trainline plc,0.0,0.0,22,85,22,Consumer Cyclical,Travel Services
CRON,Cronos Group Inc.,0.0,0.0,52,68,55,Health Care,Medicinal Chemicals and Botanical Products
AMC,"AMC Entertainment Holdings, Inc.",-1.06,-17.98,13,16,49,Consumer Discretionary,Movies/Entertainment
OCSL,Oaktree Specialty Lending Corporation,-0.74,2.88,69,87,38,Finance,Finance: Consumer Services
ALVO,Alvotech,3.05,-19.91,13,18,5,Health Care,Biotechnology: Biological Products (No Diagnostic Substances)
IGIC,International General Insurance Holdings Ltd.,1.21,10.62,100,100,71,Finance,Property-Casualty Insurers
CRVS,"Corvus Pharmaceuticals, Inc.",-6.13,26.81,67,71,95,Health Care,Biotechnology: Pharmaceutical Preparations
HBT,"HBT Financial, Inc.",-0.06,6.69,72,92,72,Finance,Major Banks
BJCHF,Beijing Capital International Airport Company Limited,0.0,11.11,100,100,2,Industrials,Airports & Air Services
AMPL,"Amplitude, Inc.",1.96,36.05,100,100,65,Technology,Computer Software: Prepackaged Software
JWLLF,Jamieson Wellness Inc.,1.48,15.02,94,98,70,Consumer Defensive,Packaged Foods
SAFT,"Safety Insurance Group, Inc.",0.5,5.65,67,76,47,Finance,Property-Casualty Insurers
ODC,Oil-Dri Corporation of America,1.94,11.34,100,100,93,Consumer Discretionary,Miscellaneous manufacturing industries
ETW,Eaton Vance Tax-Managed Global Buy-Write Opportunities Fund,-0.52,3.08,58,96,56,Finance,Investment Managers
PLRRF,Polar Capital Holdings Plc,0.0,3.07,100,100,90,Financial Services,Asset Management
RERE,ATRenew Inc.,0.76,-3.4,70,80,22,Consumer Discretionary,Other Specialty Stores
COGNY,Cogna Educação S.A.,2.44,-2.33,17,37,7,Consumer Defensive,Education & Training Services
BUR,Burford Capital Limited,0.24,-1.18,36,66,3,Finance,Finance: Consumer Services
OXBDF,Oxford Biomedica plc,0.0,2.96,28,93,59,Healthcare,Biotechnology
KRNGF,Karoon Energy Ltd,0.0,-29.25,25,30,26,Energy,Oil & Gas E&P
GSBD,"Goldman Sachs BDC, Inc.",-0.11,0.33,24,34,35,Finance,Investment Managers
VIRDY,VIRDY,0.0,-34.49,1,6,26,Energy,Oil & Gas Equipment & Services
NBN,Northeast Bank,-0.52,1.95,45,73,70,Finance,Major Banks
GOOGL,Alphabet Inc,-1.31,-1.47,21,49,82,Technology,Computer Software: Programming Data Processing
MSFT,Microsoft Corporation,1.53,0.17,82,100,21,Technology,Computer Software: Prepackaged Software
TSM,Taiwan Semiconductor Manufacturing Company Limited,-2.89,0.12,0,13,84,Technology,Semiconductors
MU,"Micron Technology, Inc.",-4.32,-5.9,0,0,98,Technology,Semiconductors
JPM,JPMorgan Chase & Co.,-0.58,7.19,76,84,55,Finance,Major Banks
ASML,ASML Holding N.V.,-3.97,-9.13,0,0,90,Technology,Industrial Machinery/Components
INTC,Intel Corporation,-6.12,-11.83,0,0,97,Technology,Semiconductors
TCEHY,Tencent Holdings Limited,-2.19,-1.98,54,64,14,Communication Services,Internet Content & Information
COST,Costco Wholesale Corporation,1.11,-5.05,20,39,32,Consumer Discretionary,Department/Specialty Retail Stores
ABBV,AbbVie Inc.,-0.03,10.34,68,76,69,Health Care,Biotechnology: Pharmaceutical Preparations
BACRP,Bank of America Corporation PFD SER B 7%,0.0,8.5,86,100,39,Unknown,Unknown
NFLX,Netflix Inc,0.63,-9.15,23,47,5,Consumer Discretionary,Consumer Electronics/Video Chains
IDCBF,Industrial and Commercial Bank of China Limited,0.0,-12.36,4,17,36,Financial Services,Banks - Diversified
GE,GE Aerospace,-1.63,6.34,36,53,70,Technology,Consumer Electronics/Appliances
PG,The Procter & Gamble Company,0.9,0.02,26,58,40,Consumer Discretionary,Package Goods/Cosmetics
ACGBF,Agricultural Bank of China Limited,0.0,-16.88,11,21,29,Financial Services,Banks - Diversified
HD,"The Home Depot, Inc.",-1.8,3.4,28,52,30,Consumer Discretionary,RETAIL: Building Materials
GS,"The Goldman Sachs Group, Inc.",-0.88,0.99,30,60,77,Finance,Investment Bankers/Brokers/Service
BABA,Alibaba Group,0.02,-0.3,89,100,14,Consumer Discretionary,Business Services
AZN,AstraZeneca PLC,-1.25,-7.03,0,4,29,Health Care,Biotechnology: Pharmaceutical Preparations
IBM,International Business Machines Corporation,0.93,5.6,71,75,57,Technology,Computer Manufacturing
PM,Philip Morris International Inc.,-0.79,0.51,48,64,60,Health Care,Medicinal Chemicals and Botanical Products
LVMHF,"LVMH Moët Hennessy - Louis Vuitton, Société Européenne",-0.89,-4.75,7,39,23,Consumer Cyclical,Luxury Goods
RY,Royal Bank of Canada,-0.19,5.73,100,100,83,Finance,Commercial Banks
NSRGY,Nestlé S.A.,0.26,2.91,67,83,58,Consumer Defensive,Packaged Foods
NSRGF,Nestlé S.A.,0.62,0.36,60,77,54,Consumer Defensive,Packaged Foods
SNDK,Sandisk Corporation,-12.63,-11.03,7,7,99,Technology,Electronic Components
RTX,RTX Corporation,0.23,6.61,74,80,57,Industrials,Aerospace
LRLCY,L'Oréal S.A.,-0.18,-3.78,9,58,41,Consumer Defensive,Household & Personal Products
SHEL,Shell plc,2.13,-2.18,72,93,52,Energy,Oil & Gas Production
KXHCF,KXHCF,-15.55,-19.01,0,0,99,,
KXIAY,KXIAY,-13.87,-18.0,0,0,98,Technology,Semiconductors
C,Citigroup Inc.,-0.06,1.91,26,59,80,Finance,Major Banks
MUFG,"Mitsubishi UFJ Financial Group, Inc.",1.34,9.26,100,100,83,Finance,Commercial Banks
TMUS,"T-Mobile US, Inc.",0.43,1.39,87,100,24,Telecommunications,Telecommunications Equipment
ANET,"Arista Networks, Inc.",-3.11,15.82,82,91,83,Telecommunications,Computer Communications Equipment
MCD,McDonald's Corporation,-0.72,-4.27,15,54,23,Consumer Discretionary,Restaurants
HESAY,Hermès International Société en commandite par actions,-0.12,-3.3,24,49,11,Consumer Cyclical,Luxury Goods
TTE,TotalEnergies SE,3.45,-7.42,43,58,65,Energy,Oil & Gas Production
ABBNY,ABB Ltd,-1.65,-2.72,0,31,83,Industrials,Electrical Equipment & Parts
BCDRF,"Banco Santander, S.A.",2.52,14.67,75,82,80,Financial Services,Banks - Diversified
SAN,"Banco Santander, S.A.",-1.51,8.76,48,65,78,Finance,Commercial Banks
APH,Amphenol Corporation,-1.93,2.47,2,23,75,Technology,Electrical Products
NEE,"NextEra Energy, Inc.",0.48,4.17,51,88,48,Technology,EDP Services
RTNTF,Rio Tinto Group,-1.11,-14.07,0,4,63,Basic Materials,Other Industrial Metals & Mining
SBGSF,Schneider Electric S.E.,-2.71,-4.03,0,2,49,Industrials,Specialty Industrial Machinery
BLK,"BlackRock, Inc.",-0.44,1.47,64,90,33,Finance,Investment Bankers/Brokers/Service
GILD,"Gilead Sciences, Inc.",1.21,5.08,60,70,48,Health Care,Biotechnology: Biological Products (No Diagnostic Substances)
FRCOY,"Fast Retailing Co., Ltd.",-1.81,-0.24,0,24,81,Consumer Cyclical,Apparel Retail
BUDFF,Anheuser-Busch InBev SA/NV,0.0,-4.77,7,22,64,Consumer Defensive,Beverages - Brewers
SCCO,Southern Copper Corporation,-0.74,-4.19,24,37,73,Basic Materials,Metal Mining
CRM,"Salesforce, Inc.",4.84,2.87,100,100,13,Technology,Computer Software: Prepackaged Software
ETN,Eaton Corporation plc,-1.09,2.34,15,48,55,Technology,Industrial Machinery/Components
SCHW,The Charles Schwab Corporation,-0.72,15.42,100,100,51,Finance,Investment Bankers/Brokers/Service
HON,Honeywell International Inc.,-1.84,-3.29,3,20,34,Industrials,Aerospace
RLLCF,Rolls-Royce Holdings plc,6.67,-5.88,44,54,1,Industrials,Aerospace & Defense
PFE,Pfizer Inc.,1.28,-6.46,29,46,32,Health Care,Biotechnology: Pharmaceutical Preparations
IBKR,"Interactive Brokers Group, Inc.",-0.56,5.32,62,88,84,Finance,Investment Bankers/Brokers/Service
DE,Deere & Company,-0.21,3.26,20,47,57,Industrials,Industrial Machinery/Components
CSUAY,China Shenhua Energy Company Limited,1.35,-5.7,43,65,54,Energy,Thermal Coal
BX,Blackstone Inc.,-0.85,0.96,53,77,21,Finance,Investment Managers
PNGAY,"Ping An Insurance (Group) Company of China, Ltd.",0.22,-7.18,28,53,25,Financial Services,Insurance - Life
SMFNF,"Sumitomo Mitsui Financial Group, Inc.",0.47,5.79,63,93,86,Financial Services,Banks - Diversified
DBSDF,DBS Group Holdings Ltd,0.69,15.8,100,100,81,Financial Services,Banks - Regional
CILJF,China Life Insurance Company Limited,-1.68,-2.77,6,34,58,Financial Services,Insurance - Life
BBVA,"Banco Bilbao Vizcaya Argentaria, S.A.",-1.17,9.68,71,77,79,Finance,Commercial Banks
UNCFF,UniCredit S.p.A.,-1.63,14.17,88,98,72,Financial Services,Banks - Regional
DHR,Danaher Corporation,0.56,10.94,94,100,34,Industrials,Industrial Machinery/Components
SONY,Sony Group Corporation,-0.82,-2.22,58,70,17,Consumer Staples,Consumer Electronics/Appliances
IVSBF,Investor AB (publ),-1.62,1.57,0,51,61,Financial Services,Asset Management
BNPQF,BNP Paribas SA,-2.13,5.34,12,51,73,Financial Services,Banks - Regional
UL,Unilever PLC,-0.39,5.42,71,80,36,Consumer Discretionary,Package Goods/Cosmetics
AIQUF,L'Air Liquide S.A.,1.36,8.02,63,80,39,Basic Materials,Specialty Chemicals
CB,Chubb Limited,1.99,8.51,78,88,65,Finance,Property-Casualty Insurers
AIQUY,L'Air Liquide S.A.,0.96,4.26,63,80,37,Basic Materials,Specialty Chemicals
EBBGF,Enbridge Inc.,0.79,1.8,69,100,51,Energy,Oil & Gas Midstream
BNPQY,BNP Paribas SA,-0.61,5.17,16,64,71,Financial Services,Banks - Regional
ESOCF,Enel SpA,1.22,1.4,52,79,53,Utilities,Utilities - Diversified
ISNPY,Intesa Sanpaolo S.p.A.,-0.25,8.27,87,100,62,Financial Services,Banks - Regional
SYK,Stryker Corporation,0.51,8.73,74,93,24,Health Care,Medical/Dental Instruments
MRAAF,"Murata Manufacturing Co., Ltd.",-8.34,-1.95,7,13,97,Technology,Electronic Components
BYDDF,BYD Company Limited,-3.03,-4.09,65,81,9,Consumer Cyclical,Auto Manufacturers
ATEYY,Advantest Corporation,-5.98,4.22,0,5,87,Technology,Semiconductor Equipment & Materials
VRTX,Vertex Pharmaceuticals Incorporated,-1.06,7.91,39,51,50,Health Care,Biotechnology: Pharmaceutical Preparations
PBR,Petróleo Brasileiro S.A. - Petrobras,3.23,-1.97,71,89,73,Energy,Oil & Gas Production
MTSUY,Mitsubishi Corporation,-0.04,-6.35,17,46,49,Industrials,Conglomerates
AAIGF,AIA Group Limited,-0.78,-5.9,1,14,19,Financial Services,Insurance - Life
MZHOF,"Mizuho Financial Group, Inc.",3.62,7.33,62,89,86,Financial Services,Banks - Regional
ZURVY,Zurich Insurance Group AG,-0.45,6.46,91,96,56,Financial Services,Insurance - Diversified
EQIX,"Equinix, Inc.",-1.11,-0.35,30,43,72,Real Estate,Real Estate Investment Trusts
SNYNF,Sanofi,-2.14,-2.81,57,84,22,Healthcare,Drug Manufacturers - General
SO,The Southern Company,0.9,3.43,48,83,45,Utilities,Electric Utilities: Central
SPOT,Spotify Technology S.A.,0.01,-1.27,66,73,16,Consumer Discretionary,Broadcasting
CM,Canadian Imperial Bank of Commerce,-0.35,5.64,100,100,82,Finance,Commercial Banks
MAR,"Marriott International, Inc.",-3.52,-8.57,0,12,66,Consumer Discretionary,Hotels/Resorts
GPMXY,GPMXY,-4.94,-6.51,15,28,40,Basic Materials,Other Industrial Metals & Mining
BNY,BNY,-0.43,6.46,83,87,82,Finance,Major Banks
AXAHF,AXA SA,0.0,8.99,97,100,50,Financial Services,Insurance - Diversified
BRCFF,BRCFF,0.0,2.12,23,85,56,Financial Services,Asset Management
ITOCY,ITOCHU Corporation,-0.86,-0.34,47,87,32,Industrials,Conglomerates
CAIXY,"CaixaBank, S.A.",-1.9,3.79,26,63,79,Financial Services,Banks - Regional
IBN,ICICI Bank Limited,0.9,6.55,59,83,33,Finance,Commercial Banks
ESLOF,EssilorLuxottica Société anonyme,0.96,-1.82,33,58,7,Healthcare,Medical Instruments & Supplies
XIACF,Xiaomi Corporation,0.6,0.9,94,100,4,Technology,Consumer Electronics
XIACY,Xiaomi Corporation,-0.24,-0.48,88,100,4,Technology,Consumer Electronics
SNPS,"Synopsys, Inc.",-2.62,-4.92,0,8,27,Technology,Computer Software: Prepackaged Software
INTU,Intuit Inc.,5.38,5.1,100,100,3,Technology,Computer Software: Prepackaged Software
GLCNF,Glencore plc,0.44,-13.27,10,18,70,Basic Materials,Other Industrial Metals & Mining
MITSF,"Mitsui & Co., Ltd.",0.0,-5.42,22,43,32,Industrials,Conglomerates
GLNCY,Glencore plc,-0.44,-13.48,5,19,71,Basic Materials,Other Industrial Metals & Mining
MIELF,Mitsubishi Electric Corporation,-4.7,1.74,21,59,75,Industrials,Electrical Equipment & Parts
CMCSA,Comcast Corporation,1.7,1.36,78,100,15,Telecommunications,Cable & Other Pay Television Services
SNOW,Snowflake Inc.,2.75,11.76,100,100,91,Technology,Computer Software: Prepackaged Software
WBKCY,WBKCY,3.67,12.54,88,94,27,Financial Services,Banks - Diversified
WMB,"The Williams Companies, Inc.",-0.75,4.73,37,60,65,Utilities,Natural Gas Distribution
ITUB,Itaú Unibanco Holding S.A.,-1.74,8.12,90,100,67,Finance,Major Banks
ATLFF,Atlas Copco AB (publ),0.0,0.0,22,85,85,Industrials,Specialty Industrial Machinery
KKR,KKR & Co. Inc.,-0.03,1.69,76,100,17,Finance,Investment Managers
ELV,"Elevance Health, Inc.",2.15,6.51,100,100,77,Health Care,Medical Specialities
HOOD,"Robinhood Markets, Inc.",-1.88,19.12,68,75,69,Finance,Investment Bankers/Brokers/Service
CSX,CSX Corporation,0.47,4.79,100,100,81,Industrials,Railroads
ICE,"Intercontinental Exchange, Inc.",1.78,-0.57,78,97,15,Finance,Investment Bankers/Brokers/Service
RKLB,Rocket Lab Corporation,-5.32,-33.15,0,0,77,Industrials,Military/Government/Technical
NGGTF,National Grid plc,4.2,2.34,58,85,43,Utilities,Utilities - Regulated Electric
JCI,Johnson Controls International plc,0.78,0.22,43,90,71,Industrials,Industrial Machinery/Components
VCISY,Vinci SA,-0.32,-6.61,4,14,26,Industrials,Engineering & Construction
BE,Bloom Energy Corporation,-4.55,-6.18,0,0,98,Energy,Industrial Machinery/Components
EMR,Emerson Electric Co.,-2.52,-4.72,0,0,32,Technology,Consumer Electronics/Appliances
ABNB,"Airbnb, Inc.",-1.54,11.81,78,84,59,Consumer Discretionary,Diversified Commercial Services
CVNA,Carvana Co.,-1.28,-4.17,20,41,22,Consumer Discretionary,Retail-Auto Dealers and Gas Stations
NGG,National Grid plc,0.84,2.16,64,95,50,Utilities,Natural Gas Distribution
LYG,Lloyds Banking Group plc,-1.83,8.67,62,77,71,Finance,Commercial Banks
CHGCF,"Chugai Pharmaceutical Co., Ltd.",-0.86,-7.38,11,30,14,Healthcare,Drug Manufacturers - General
MDLZ,"Mondelez International, Inc.",1.75,-4.73,35,68,40,Consumer Staples,Packaged Foods
BAM,Brookfield Asset Management Ltd.,-0.19,0.02,52,81,26,Consumer Discretionary,Other Consumer Services
MPWR,"Monolithic Power Systems, Inc.",-4.54,-18.63,4,5,77,Technology,Semiconductors
RCL,Royal Caribbean Cruises Ltd.,1.14,0.23,13,21,32,Consumer Discretionary,Marine Transportation
ANZGF,ANZ Group Holdings Limited,0.0,-3.96,10,28,41,Financial Services,Banks - Diversified
ROST,"Ross Stores, Inc.",-1.53,-8.22,27,44,76,Consumer Discretionary,Clothing/Shoe/Accessory Stores
SU,Suncor Energy Inc.,3.41,-0.86,87,100,78,Energy,Integrated oil Companies
CRH,CRH plc,-1.91,-2.02,0,0,22,Industrials,Building Materials
VOLVF,AB Volvo (publ),-1.53,0.83,44,69,46,Industrials,Farm & Heavy Construction Machinery
CNI,Canadian National Railway Company,0.73,5.95,100,100,72,Industrials,Railroads
VLVLY,AB Volvo (publ),-1.7,2.57,52,72,56,Industrials,Farm & Heavy Construction Machinery
OVCHF,Oversea-Chinese Banking Corporation Limited,0.0,6.11,69,93,84,Financial Services,Banks - Regional
TDG,TransDigm Group Incorporated,-4.36,-1.8,0,9,29,Industrials,Military/Government/Technical
DASH,"DoorDash, Inc.",-1.17,22.63,85,86,30,Technology,EDP Services
JPPTY,"JAPAN POST BANK Co., Ltd.",0.15,4.54,89,100,89,Financial Services,Banks - Regional
NSC,Norfolk Southern Corporation,0.04,5.49,100,100,63,Industrials,Railroads
JAPAF,Japan Tobacco Inc.,0.1,-4.36,60,80,50,Consumer Defensive,Tobacco
AON,Aon plc,2.92,9.6,100,100,53,Finance,Specialty Insurers
MURGY,Münchener Rückversicherungs-Gesellschaft Aktiengesellschaft in München,0.78,8.88,100,100,27,Financial Services,Insurance - Reinsurance
SFBQF,SoftBank Corp.,-0.38,-4.78,16,43,20,Communication Services,Telecom Services
MKKGY,Merck KGaA,-0.78,-0.09,30,54,68,Healthcare,Drug Manufacturers - Specialty & Generic
NBNKF,Nordea Bank Abp,0.0,6.4,52,63,48,Financial Services,Banks - Regional
BHKLY,BOC Hong Kong (Holdings) Limited,1.57,0.97,75,99,69,Financial Services,Banks - Regional
REGN,"Regeneron Pharmaceuticals, Inc.",-0.22,8.44,78,83,36,Health Care,Biotechnology: Pharmaceutical Preparations
NWG,NatWest Group plc,-1.46,7.83,57,74,63,Finance,Commercial Banks
NU,Nu Holdings Ltd.,-0.65,13.07,79,91,22,Finance,Finance: Consumer Services
URI,"United Rentals, Inc.",-0.93,1.58,26,52,79,Consumer Discretionary,Diversified Commercial Services
PSTVY,"Postal Savings Bank of China Co., Ltd.",-2.7,-14.76,20,34,16,Financial Services,Banks - Regional
NNFSF,"Nongfu Spring Co., Ltd.",0.0,-7.68,9,33,42,Consumer Defensive,Beverages - Non-Alcoholic
SMTOY,"Sumitomo Electric Industries, Ltd.",-3.87,-9.36,9,11,92,Consumer Cyclical,Auto Parts
STM,STMicroelectronics N.V.,-4.18,-12.25,8,10,96,Technology,Semiconductors
SMTOF,"Sumitomo Electric Industries, Ltd.",-5.81,-5.44,8,12,2,Consumer Cyclical,Auto Parts
WFAFF,Wesfarmers Limited,0.0,7.36,66,95,61,Consumer Cyclical,Home Improvement Retail
MCQEF,Macquarie Group Limited,0.0,0.0,22,85,50,Financial Services,Capital Markets
DSDVY,DSV A/S,0.22,2.56,100,100,45,Industrials,Integrated Freight & Logistics
LDNXF,London Stock Exchange Group plc,1.68,0.67,76,100,32,Financial Services,Financial Data & Stock Exchanges
MBGYY,Mercedes-Benz Group AG,-0.32,-9.68,3,27,14,Consumer Cyclical,Auto Manufacturers
SCBFF,Standard Chartered PLC,-1.71,10.38,70,76,80,Financial Services,Banks - Diversified
SRE,Sempra,0.22,3.87,62,89,49,Utilities,Natural Gas Distribution
PCAR,PACCAR Inc,-0.25,5.68,80,94,60,Consumer Discretionary,Motor Vehicles
NGLOY,Anglo American plc,-2.35,-8.25,16,22,70,Basic Materials,Other Industrial Metals & Mining
CRARF,Crédit Agricole S.A.,2.32,6.48,58,82,53,Financial Services,Banks - Regional
DSDVF,DSV A/S,0.05,-1.34,100,100,50,Industrials,Integrated Freight & Logistics
HPE,Hewlett Packard Enterprise Company,-2.68,1.24,68,79,95,Technology,Retail: Computer Software & Peripheral Equipment
NUE,Nucor Corporation,2.48,-10.47,26,38,87,Industrials,Steel/Iron Ore
NTIOF,National Bank of Canada,-0.63,8.87,100,100,82,Financial Services,Banks - Diversified
SGAPY,Singapore Telecommunications Limited,-0.23,2.9,49,81,34,Communication Services,Telecom Services
MSTR,Strategy Inc,-2.68,-23.35,16,22,2,Technology,Computer Software: Prepackaged Software
UCBJY,UCB SA,-1.34,-15.14,0,3,31,Healthcare,Biotechnology
ORANY,Orange S.A.,1.99,-9.99,20,32,51,Communication Services,Telecom Services
KBCSY,KBC Group NV,-0.81,3.93,49,78,62,Financial Services,Banks - Regional
EONGY,E.ON SE,0.46,1.68,88,95,54,Utilities,Utilities - Diversified
TRGP,Targa Resources Corp.,2.21,3.72,96,100,87,Utilities,Natural Gas Distribution
MARUY,Marubeni Corporation,-1.01,-90.19,0,0,1,Industrials,Conglomerates
PCRFF,Panasonic Holdings Corporation,-0.81,13.96,50,63,95,Technology,Consumer Electronics
VWAPY,Volkswagen AG,-0.17,-13.91,4,20,10,Consumer Cyclical,Auto Manufacturers
VST,Vistra Corp.,-0.47,8.17,39,59,27,Utilities,Electric Utilities: Central
PSA,Public Storage,0.41,0.04,30,67,62,Real Estate,Real Estate Investment Trusts
SSUMY,Sumitomo Corporation,-0.83,-2.86,1,45,66,Industrials,Conglomerates
CARR,Carrier Global Corporation,-1.05,-1.62,15,21,56,Industrials,Industrial Machinery/Components
BASFY,BASF SE,2.37,-3.16,40,72,43,Basic Materials,Chemicals
FJIKY,FJIKY,-5.38,12.17,18,25,93,Industrials,Conglomerates
MARUF,Marubeni Corporation,-1.57,-1.25,46,60,46,Industrials,Conglomerates
VLKAF,Volkswagen AG,-0.06,-17.96,5,17,8,Consumer Cyclical,Auto Manufacturers
LOBLY,LOBLY,12.15,11.45,100,100,77,Consumer Defensive,Grocery Stores
DBOEY,Deutsche Börse AG,2.5,2.0,78,83,45,Financial Services,Financial Data & Stock Exchanges
NTDOY,"Nintendo Co., Ltd.",-1.0,-3.29,46,75,5,Communication Services,Electronic Gaming & Multimedia
AJG,Arthur J. Gallagher & Co.,3.22,18.26,100,100,42,Finance,Specialty Insurers
ASMXF,ASM International NV,-2.5,-11.36,8,12,85,Technology,Semiconductor Equipment & Materials
MT,ArcelorMittal S.A.,-0.24,-4.59,52,66,86,Industrials,Steel/Iron Ore
DVN,Devon Energy Corporation,3.55,-1.28,66,86,61,Energy,Oil & Gas Production
TAK,Takeda Pharmaceutical Company Limited,-0.42,3.91,65,75,40,Health Care,Biotechnology: Pharmaceutical Preparations
ABEV,Ambev S.A.,-0.33,-4.7,17,26,67,Consumer Staples,Beverages (Production/Distribution)
GDERF,GDERF,-3.74,-0.59,0,0,53,Healthcare,Drug Manufacturers - Specialty & Generic
RNECY,Renesas Electronics Corporation,-8.29,-2.0,0,17,95,Technology,Semiconductors
SCGLF,Société Générale Société anonyme,0.0,6.85,46,82,73,Financial Services,Banks - Regional
GALDY,GALDY,-2.15,-2.77,0,13,57,Healthcare,Drug Manufacturers - Specialty & Generic
RNECF,Renesas Electronics Corporation,0.0,3.66,11,26,95,Technology,Semiconductors
DRPRF,Dr. Ing. h.c. F. Porsche AG,0.0,-6.32,8,40,44,Consumer Cyclical,Auto Manufacturers
INFY,Infosys Limited,5.12,-0.86,67,88,8,Technology,EDP Services
AU,AngloGold Ashanti plc,-2.85,-4.11,0,12,46,Basic Materials,Precious Metals
ADSK,"Autodesk, Inc.",1.81,3.23,98,97,13,Technology,Computer Software: Prepackaged Software
WUXIF,"WuXi AppTec Co., Ltd.",1.79,27.7,93,96,95,Healthcare,Diagnostics & Research
EBAY,eBay Inc.,-1.8,5.0,84,97,79,Consumer Discretionary,Business Services
AZO,"AutoZone, Inc.",0.21,-0.09,46,75,17,Consumer Discretionary,Auto & Home Supply Stores
EBKOF,Erste Group Bank AG,-0.96,12.56,58,76,73,Financial Services,Banks - Regional
RWEOY,RWE Aktiengesellschaft,-0.44,-4.35,25,69,70,Utilities,Utilities - Diversified
WEICF,"Weichai Power Co., Ltd.",0.0,0.22,12,26,92,Consumer Cyclical,Auto Manufacturers
EXC,Exelon Corporation,0.62,3.47,41,80,44,Utilities,Power Generation
TYHOF,Toyota Tsusho Corporation,0.0,2.01,77,95,81,Industrials,Conglomerates
MSCI,MSCI Inc.,2.57,4.36,100,100,58,Consumer Discretionary,Business Services
DEO,Diageo plc,0.57,1.7,51,78,30,Consumer Staples,Beverages (Production/Distribution)
DNBBF,DNB Bank ASA,-1.18,-2.31,0,29,37,Financial Services,Banks - Regional
HINKF,Heineken N.V.,0.0,8.06,66,79,53,Consumer Defensive,Beverages - Brewers
ORLNY,ORLNY,12.65,1.15,66,78,63,Energy,Oil & Gas Integrated
GRMN,Garmin Ltd.,0.21,2.56,61,76,42,Industrials,Industrial Machinery/Components
SEMHF,Siemens Healthineers AG,6.09,3.59,100,100,12,Healthcare,Medical Devices
WUXAY,"WuXi AppTec Co., Ltd.",-3.34,23.58,88,93,86,Healthcare,Diagnostics & Research
FNV,Franco-Nevada Corporation,-2.45,-3.57,0,0,25,Basic Materials,Precious Metals
DSCSY,Disco Corporation,-4.23,-5.48,5,7,70,Technology,Semiconductor Equipment & Materials
DKILF,"Daikin Industries,Ltd.",1.55,2.12,56,66,73,Industrials,Building Products & Equipment
ANNSF,"Aena S.M.E., S.A.",-3.55,0.17,0,31,45,Industrials,Airports & Air Services
FERG,Ferguson Enterprises Inc.,2.52,2.26,46,63,33,Miscellaneous,Miscellaneous
LZAGY,Lonza Group AG,-0.95,15.27,99,100,51,Healthcare,Diagnostics & Research
DISPF,Disco Corporation,-2.25,-1.93,4,7,99,Technology,Semiconductor Equipment & Materials
ERIC,Telefonaktiebolaget LM Ericsson (publ),3.26,-3.46,55,72,73,Technology,Radio And Television Broadcasting And Communications Equipment
DKILY,"Daikin Industries,Ltd.",-1.09,5.6,60,76,75,Industrials,Building Products & Equipment
BAYRY,Bayer Aktiengesellschaft,-0.84,36.15,77,80,86,Healthcare,Drug Manufacturers - General
UNVGY,Universal Music Group N.V.,0.46,5.26,74,92,17,Communication Services,Entertainment
DNKEY,Danske Bank A/S,-0.88,8.02,94,97,78,Financial Services,Banks - Regional
TLGPY,Telstra Group Limited,1.24,-6.22,19,34,39,Communication Services,Telecom Services
ASAZF,ASSA ABLOY AB (publ),0.0,0.54,15,55,46,Industrials,Security & Protection Services
VIK,Viking Holdings Ltd,-0.96,5.38,38,56,87,Consumer Discretionary,Marine Transportation
CMG,"Chipotle Mexican Grill, Inc.",3.91,17.22,100,100,25,Consumer Discretionary,Restaurants
IX,ORIX Corporation,-2.03,1.99,54,98,86,Finance,Diversified Financial Services
UMGNF,Universal Music Group N.V.,-1.11,3.77,68,86,16,Communication Services,Entertainment
BDX,"Becton, Dickinson and Company",1.24,4.4,66,82,41,Health Care,Medical/Dental Instruments
HLNCF,Haleon plc,0.52,8.98,97,99,37,Healthcare,Drug Manufacturers - Specialty & Generic
HLN,Haleon plc,1.02,9.19,98,99,40,Consumer Discretionary,Package Goods/Cosmetics
TYIDY,Toyota Industries Corporation,0.0,0.96,67,92,52,Industrials,Farm & Heavy Construction Machinery
SLF,Sun Life Financial Inc.,-1.8,3.47,58,75,76,Finance,Life Insurance
ORXCF,ORIX Corporation,-1.71,2.27,50,70,87,Financial Services,Financial Conglomerates
PYPL,"PayPal Holdings, Inc.",2.87,15.54,100,100,14,Industrials,Diversified Commercial Services
AIG,"American International Group, Inc.",0.92,6.79,81,86,40,Finance,Life Insurance
TKO,"TKO Group Holdings, Inc.",-1.87,-14.99,0,0,29,Consumer Discretionary,Services-Misc. Amusement & Recreation
LYV,"Live Nation Entertainment, Inc.",1.92,6.34,72,86,70,Consumer Discretionary,Services-Misc. Amusement & Recreation
OTSKY,"Otsuka Holdings Co., Ltd.",-3.34,4.57,47,61,67,Healthcare,Drug Manufacturers - General
ADM,Archer-Daniels-Midland Company,2.03,3.98,100,100,81,Consumer Staples,Packaged Foods
KR,The Kroger Co.,-2.03,-7.5,37,55,21,Consumer Staples,Food Chains
DCNSF,"Daiichi Life Group, Inc.",0.0,3.77,60,91,76,Financial Services,Insurance - Life
HLBZF,Heidelberg Materials AG,4.68,-1.71,45,58,19,Basic Materials,Building Materials
PWCDF,Power Corporation of Canada,-1.95,3.48,47,63,83,Financial Services,Insurance - Life
DLICY,"Daiichi Life Group, Inc.",-2.4,3.32,73,90,83,Financial Services,Insurance - Life
DTRUY,Daimler Truck Holding AG,-0.62,-0.67,19,45,45,Industrials,Farm & Heavy Construction Machinery
UAL,"United Airlines Holdings, Inc.",-3.84,7.59,18,31,73,Consumer Discretionary,Air Freight/Delivery Services
ADRNY,Koninklijke Ahold Delhaize N.V.,-0.71,-3.34,36,72,29,Consumer Defensive,Grocery Stores
VMC,Vulcan Materials Company,-0.84,4.49,16,37,37,Industrials,Mining & Quarrying of Nonmetallic Minerals (No Fuels)
HUM,Humana Inc.,3.51,10.38,89,100,94,Health Care,Medical Specialities
PPRUY,Kering SA,-0.78,-8.51,3,23,21,Consumer Cyclical,Luxury Goods
TSCDY,Tesco PLC,-1.26,-1.16,64,83,47,Consumer Defensive,Grocery Stores
AHODF,Koninklijke Ahold Delhaize N.V.,0.02,-2.43,16,49,28,Consumer Defensive,Grocery Stores
AXON,"Axon Enterprise, Inc.",-3.32,22.6,59,61,57,Industrials,Ordnance And Accessories
NIPNF,NEC Corporation,-0.19,7.09,99,100,26,Technology,Information Technology Services
PUK,Prudential plc,0.96,9.06,100,100,35,Finance,Life Insurance
FRFHF,Fairfax Financial Holdings Limited,-0.12,1.58,63,77,27,Financial Services,Insurance - Property & Casualty
NHOLF,"Sompo Holdings, Inc.",0.0,0.0,22,85,68,Financial Services,Insurance - Property & Casualty
PSZKY,Powszechna Kasa Oszczednosci Bank Polski Spólka Akcyjna,-1.54,8.67,81,100,72,Financial Services,Banks - Regional
DTGHF,Daimler Truck Holding AG,1.42,1.6,55,65,49,Industrials,Farm & Heavy Construction Machinery
SHNDY,Schindler Holding AG,-0.44,0.36,8,45,19,Industrials,Specialty Industrial Machinery
JD,"JD.com, Inc.",2.41,2.92,99,100,30,Consumer Discretionary,Other Specialty Stores
GFI,Gold Fields Limited,-1.79,-6.6,13,24,18,Basic Materials,Precious Metals
MLM,"Martin Marietta Materials, Inc.",-1.45,0.67,0,18,25,Industrials,Mining & Quarrying of Nonmetallic Minerals (No Fuels)
GFIOF,Gold Fields Limited,0.0,0.0,22,85,89,Basic Materials,Gold
HNDAF,"Honda Motor Co., Ltd.",0.0,5.21,59,73,38,Consumer Cyclical,Auto Manufacturers
ADYYF,Adyen N.V.,3.72,-0.1,51,70,7,Technology,Software - Infrastructure
BBDO,Banco Bradesco S.A.,-1.25,8.39,94,100,49,Finance,Major Banks
VOD,Vodafone Group Public Limited Company,5.1,1.38,90,100,71,Telecommunications,Telecommunications Equipment
SAABF,Saab AB (publ),-2.4,0.6,38,45,24,Industrials,Aerospace & Defense
SHLRF,Schindler Holding AG,0.0,0.0,22,85,27,Industrials,Specialty Industrial Machinery
QSR,Restaurant Brands International Inc.,0.41,3.19,83,100,53,Consumer Discretionary,Restaurants
RDDT,"Reddit, Inc.",2.86,15.97,100,100,71,Technology,EDP Services
RBLX,Roblox Corporation,-0.58,26.53,78,87,7,Technology,Computer Software: Prepackaged Software
LVS,Las Vegas Sands Corp.,-1.69,-9.31,0,23,16,Consumer Discretionary,Hotels/Resorts
GVDBF,Givaudan SA,-0.77,1.27,5,32,41,Basic Materials,Specialty Chemicals
HBANP,Huntington Bancshares Incorporated,0.19,1.59,59,95,29,Finance,Major Banks
HBANL,Huntington Bancshares Incorporated,0.08,1.1,47,94,41,Finance,Major Banks
ALC,Alcon Inc.,1.75,3.74,79,92,17,Health Care,Ophthalmic Goods
DNZOY,DENSO Corporation,-1.33,2.51,41,69,22,Consumer Cyclical,Auto Parts
FNLPF,Fresnillo plc,-3.74,-9.88,0,0,38,Basic Materials,Other Precious Metals & Mining
KYOCF,Kyocera Corporation,-9.07,2.44,43,51,92,Industrials,Conglomerates
CMXHF,CSL Limited,0.0,16.46,97,98,8,Healthcare,Biotechnology
TS,Tenaris S.A.,0.5,-9.89,22,31,78,Industrials,Steel/Iron Ore
KMB,Kimberly-Clark Corporation,-1.98,8.51,63,73,46,Consumer Discretionary,Containers/Packaging
MLYBY,Malayan Banking Berhad,-2.5,12.07,91,97,68,Financial Services,Banks - Regional
AVIFY,Advanced Info Service Public Company Limited,-0.34,8.03,80,94,68,Communication Services,Telecom Services
SBGOF,Standard Bank Group Limited,0.0,-3.85,39,50,69,Financial Services,Banks - Regional
FANDF,FirstRand Limited,0.0,0.0,22,85,97,Financial Services,Banks - Diversified
FANDY,FirstRand Limited,0.0,4.61,53,87,72,Financial Services,Banks - Diversified
DSNKY,"Daiichi Sankyo Company, Limited",-1.99,5.61,74,91,12,Healthcare,Drug Manufacturers - General
SXYAY,Sika AG,-3.25,3.83,0,21,34,Basic Materials,Specialty Chemicals
ACGLO,Arch Capital Group Ltd.,0.69,-0.04,43,87,30,Finance,Property-Casualty Insurers
SGBLY,Standard Bank Group Limited,-1.7,0.92,23,64,72,Financial Services,Banks - Regional
TLLXY,Talanx AG,0.0,15.88,97,98,57,Financial Services,Insurance - Diversified
TGOPF,3i Group plc,0.0,19.0,100,100,10,Financial Services,Asset Management
AJINF,"Ajinomoto Co., Inc.",0.0,21.0,58,63,78,Consumer Defensive,Packaged Foods
NTRS,Northern Trust Corporation,0.31,7.82,100,100,81,Finance,Major Banks
HENOY,Henkel AG & Co. KGaA,-0.84,6.57,62,80,55,Consumer Defensive,Household & Personal Products
MITEY,"Mitsubishi Estate Co., Ltd.",-1.77,-2.44,55,63,47,Real Estate,Real Estate - Diversified
SVNDY,"Seven & i Holdings Co., Ltd.",-8.22,1.56,43,59,23,Consumer Defensive,Grocery Stores
QIHCF,"Haier Smart Home Co., Ltd.",0.0,0.0,22,85,62,Consumer Cyclical,"Furnishings, Fixtures & Appliances"
AMRZ,AMRZ,-3.25,-6.17,0,0,24,Industrials,Building Materials
VG,VG,9.15,4.93,100,100,61,Utilities,Oil/Gas Transmission
NSKFF,Kongsberg Gruppen ASA,-0.92,-4.88,53,65,43,Industrials,Aerospace & Defense
SVNLF,Svenska Handelsbanken AB (publ),0.0,3.19,60,96,53,Financial Services,Banks - Diversified
VEOEF,Veolia Environnement SA,3.28,4.98,88,100,70,Industrials,Waste Management
SVNLY,Svenska Handelsbanken AB (publ),-1.36,1.25,4,59,66,Financial Services,Banks - Diversified
GBOOY,"Grupo Financiero Banorte, S.A.B. de C.V.",-2.53,-1.87,0,28,53,Financial Services,Banks - Regional
DASTY,Dassault Systèmes SE,1.44,-1.54,83,93,13,Technology,Software - Application
POPMF,POPMF,-3.16,-5.0,19,31,3,,
BIIB,Biogen Inc.,4.96,4.54,50,70,79,Health Care,Biotechnology: Biological Products (No Diagnostic Substances)
SHG,"Shinhan Financial Group Co., Ltd.",-0.41,11.28,100,100,78,Finance,Major Banks
CQP,"Cheniere Energy Partners, L.P.",1.62,-2.33,78,86,64,Utilities,Oil/Gas Transmission
TSEM,Tower Semiconductor Ltd.,3.11,-11.09,16,18,97,Technology,Semiconductors
DXCM,"DexCom, Inc.",1.85,1.46,100,100,56,Health Care,Medical/Dental Instruments
CASY,"Casey's General Stores, Inc.",4.79,-6.24,60,79,85,Consumer Discretionary,Retail-Auto Dealers and Gas Stations
KHNGF,Kuehne + Nagel International AG,0.0,5.16,97,98,69,Industrials,Integrated Freight & Logistics
HNNMY,H & M Hennes & Mauritz AB (publ),-0.59,-4.8,25,38,33,Consumer Cyclical,Apparel Manufacturing
REPYY,"Repsol, S.A.",4.55,4.21,100,100,87,Energy,Oil & Gas Integrated
SAXPY,Sampo Oyj,-0.14,4.04,99,100,41,Financial Services,Insurance - Diversified
SYM,Symbotic Inc.,-2.77,-0.93,53,70,7,Industrials,Industrial Machinery/Components
VWDRY,Vestas Wind Systems A/S,0.34,1.72,29,46,59,Industrials,Specialty Industrial Machinery
LDSVF,Chocoladefabriken Lindt & Sprüngli AG,0.0,1.91,62,78,13,Consumer Defensive,Confectioners
AMADY,"Amadeus IT Group, S.A.",-2.56,-1.86,0,38,14,Technology,Information Technology Services
RMD,ResMed Inc.,-2.63,3.18,31,44,11,Health Care,Medical/Dental Instruments
IMBBF,Imperial Brands PLC,-2.24,-2.13,0,47,19,Consumer Defensive,Tobacco
PGPHF,Partners Group Holding AG,-0.39,-3.64,26,52,6,Financial Services,Asset Management
KHNGY,Kuehne + Nagel International AG,1.2,3.58,100,100,74,Industrials,Integrated Freight & Logistics
BRDCY,Bridgestone Corporation,-0.72,3.78,70,80,38,Consumer Cyclical,Auto Parts
SAXPF,Sampo Oyj,0.0,5.95,100,100,43,Financial Services,Insurance - Diversified
SGGKF,Singapore Technologies Engineering Ltd,4.98,0.28,83,100,65,Industrials,Aerospace & Defense
EXPE,"Expedia Group, Inc.",-1.92,18.24,89,89,69,Consumer Discretionary,Transportation Services
REPYF,"Repsol, S.A.",0.0,1.09,98,100,83,Energy,Oil & Gas Integrated
MDB,"MongoDB, Inc.",-1.2,-4.64,61,65,79,Technology,Computer Software: Prepackaged Software
BESVF,BE Semiconductor Industries N.V.,-6.39,-17.31,0,0,91,Technology,Semiconductor Equipment & Materials
ANPDY,ANTA Sports Products Limited,0.48,-2.9,51,75,17,Consumer Cyclical,Leisure
YZCAY,Yankuang Energy Group Company Limited,1.0,-17.91,6,10,39,Energy,Thermal Coal
FTAIM,FTAI Aviation Ltd.,-0.09,1.96,40,77,48,Industrials,Misc Corporate Leasing Services
VWSYF,Vestas Wind Systems A/S,2.42,6.93,34,50,63,Industrials,Specialty Industrial Machinery
ANPDF,ANTA Sports Products Limited,0.0,-7.51,7,22,11,Consumer Cyclical,Leisure
P,"Everpure, Inc.",-5.0,8.68,45,57,63,Technology,Electronic Components
WNGRF,George Weston Limited,0.0,-5.51,29,48,47,Consumer Defensive,Grocery Stores
ZTCOF,ZTE Corporation,0.0,-21.05,2,6,23,Technology,Communication Equipment
MTSFF,"Mitsui Fudosan Co., Ltd.",0.0,-1.37,54,98,19,Real Estate,Real Estate - Diversified
GELHY,Geely Automobile Holdings Limited,-3.07,-5.81,39,60,22,Consumer Cyclical,Auto Manufacturers
NVZMF,Novozymes A/S,1.64,8.27,97,100,41,Basic Materials,Specialty Chemicals
ALPMY,Astellas Pharma Inc.,-1.36,-1.43,0,42,40,Healthcare,Drug Manufacturers - General
FQVLF,First Quantum Minerals Ltd.,-8.7,-16.42,0,0,47,Basic Materials,Copper
CAJPY,Canon Inc.,-1.59,-1.44,47,87,27,Technology,Computer Hardware
LNDMY,Lundin Mining Corporation,0.0,-13.7,4,19,14,Basic Materials,Copper
FOXA,Fox Corporation,3.29,-18.16,36,47,22,Industrials,Broadcasting
PHG,Koninklijke Philips N.V.,-0.22,4.71,45,64,41,Health Care,Medical Electronics
NTOIF,Neste Oyj,0.0,7.32,100,100,91,Energy,Oil & Gas Refining & Marketing
NTOIY,Neste Oyj,3.54,4.77,100,100,92,Energy,Oil & Gas Refining & Marketing
EXXRF,Exor N.V.,-0.35,1.02,60,86,18,Industrials,Farm & Heavy Construction Machinery
BKRKY,PT Bank Rakyat Indonesia (Persero) Tbk,2.99,-1.0,39,55,10,Financial Services,Banks - Regional
AVVIY,Aviva plc,-1.57,4.39,57,71,41,Financial Services,Insurance - Diversified
AFRM,"Affirm Holdings, Inc.",-1.79,23.22,81,87,81,Finance,Finance: Consumer Services
SFHOY,SFHOY,0.03,-1.67,62,82,15,Industrials,Integrated Freight & Logistics
PUBGY,Publicis Groupe S.A.,-0.43,2.19,73,100,57,Communication Services,Advertising Agencies
THNBY,THNBY,-9.02,60.22,57,59,98,Unknown,Unknown
NHYKF,Norsk Hydro ASA,1.25,-25.02,7,10,52,Basic Materials,Aluminum
SZKMY,Suzuki Motor Corporation,-1.01,10.4,50,66,35,Consumer Cyclical,Auto Manufacturers
AIBRF,AIB Group plc,0.55,5.54,42,83,71,Financial Services,Banks - Regional
AONNY,"Aeon Co., Ltd.",1.29,0.12,64,71,8,Consumer Cyclical,Department Stores
HXGBF,Hexagon AB (publ),1.31,-1.17,29,68,9,Technology,Scientific & Technical Instruments
FUJIF,FUJIFILM Holdings Corporation,0.0,11.37,100,100,62,Industrials,Conglomerates
FMX,"Fomento Económico Mexicano, S.A.B. de C.V.",1.06,0.51,48,90,75,Consumer Staples,Beverages (Production/Distribution)
WRTBY,Wärtsilä Oyj Abp,-1.62,-14.1,0,2,43,Industrials,Specialty Industrial Machinery
BG,Bunge Global SA,2.69,-6.29,51,64,73,Consumer Staples,Packaged Foods
ATI,ATI Inc.,-1.76,-7.89,1,2,91,Industrials,Steel/Iron Ore
MTD,Mettler-Toledo International Inc.,0.26,13.87,90,96,33,Industrials,Biotechnology: Laboratory Analytical Instruments
BNNCY,Banco BPM S.p.A.,0.0,5.58,45,65,72,Financial Services,Banks - Regional
CPAY,"Corpay, Inc.",2.38,3.2,100,100,64,Consumer Discretionary,Business Services
WTW,Willis Towers Watson Public Limited Company,2.04,13.74,100,100,31,Finance,Specialty Insurers
NXT,Nextpower Inc.,-10.61,-16.72,0,0,61,Industrials,Industrial Machinery/Components
LSRCF,Lasertec Corporation,0.0,189.71,76,78,99,Technology,Semiconductor Equipment & Materials
SOFI,"SoFi Technologies, Inc.",-3.46,8.76,73,86,19,Finance,Finance: Consumer Services
NRSCF,"Nomura Holdings, Inc.",0.0,12.43,100,100,77,Financial Services,Capital Markets
AER,AerCap Holdings N.V.,-0.49,8.15,68,85,59,Consumer Discretionary,Diversified Commercial Services
INSM,Insmed Incorporated,-5.6,12.84,61,70,9,Health Care,Biotechnology: Pharmaceutical Preparations
ALFVY,Alfa Laval AB (publ),-1.15,1.9,33,61,60,Industrials,Specialty Industrial Machinery
SZKMF,Suzuki Motor Corporation,0.0,-1.88,33,48,31,Consumer Cyclical,Auto Manufacturers
CJPRF,Central Japan Railway Company,0.0,-6.86,7,19,97,Industrials,Railroads
IHG,InterContinental Hotels Group PLC,-1.58,-1.23,0,8,73,Consumer Discretionary,Hotels/Resorts
WRTBF,Wärtsilä Oyj Abp,0.0,-9.86,4,10,54,Industrials,Specialty Industrial Machinery
HPGLY,Hapag-Lloyd Aktiengesellschaft,9.59,4.43,100,100,44,Industrials,Marine Shipping
AKRBY,Aker BP ASA,1.27,-14.84,32,47,65,Energy,Oil & Gas E&P
FCNCN,"First Citizens BancShares, Inc. Depositary Shares, each representing a 1/40th interest in a share of 6.625% Non-Cumulative Perpetual Preferred Stock, Series E",-0.28,1.48,56,90,44,Finance,Major Banks
IREN,IREN Limited,-5.25,-31.26,0,1,64,Technology,EDP Services
CLLNY,"Cellnex Telecom, S.A.",-0.28,-13.94,6,13,12,Real Estate,Real Estate Services
ZS,"Zscaler, Inc.",1.83,12.46,67,73,10,Technology,EDP Services
SGSOY,SGS SA,-0.43,3.38,73,88,55,Industrials,Consulting Services
CMS,CMS Energy Corporation,0.46,3.98,32,59,43,Utilities,Power Generation
CAOVF,China Overseas Land & Investment Limited,0.0,-19.51,3,7,46,Real Estate,Real Estate - Development
TRUMF,Terumo Corporation,-9.71,-13.54,0,6,19,Healthcare,Medical Instruments & Supplies
NNGPF,NN Group N.V.,-1.0,-1.8,49,87,67,Financial Services,Insurance - Diversified
EMBVF,"Arca Continental, S.A.B. de C.V.",-0.75,-5.17,0,15,49,Consumer Defensive,Beverages - Non-Alcoholic
BDRXF,Bombardier Inc.,0.0,-0.11,31,81,44,Industrials,Aerospace & Defense
FUWAF,"Furukawa Electric Co., Ltd.",0.0,-90.56,0,0,1,Industrials,Electrical Equipment & Parts
NI,NiSource Inc.,0.36,0.97,14,40,53,Utilities,Power Generation
IPOAF,"Industrias Peñoles, S.A.B. de C.V.",0.0,-10.2,19,40,45,Basic Materials,Other Industrial Metals & Mining
BDRAF,Bombardier Inc.,-2.55,1.75,51,62,88,Industrials,Aerospace & Defense
LPLA,LPL Financial Holdings Inc.,1.27,12.48,100,100,30,Finance,Investment Bankers/Brokers/Service
CAOVY,China Overseas Land & Investment Limited,2.58,-17.42,30,35,42,Real Estate,Real Estate - Development
PPERF,PT Bank Mandiri (Persero) Tbk,0.0,15.55,83,96,16,Financial Services,Banks - Regional
FFIV,"F5, Inc.",-2.19,6.88,81,95,86,Telecommunications,Computer Communications Equipment
DGX,Quest Diagnostics Incorporated,-0.04,2.14,60,75,63,Health Care,Medical Specialities
SW,Smurfit Westrock Plc,-2.44,1.08,14,20,39,Consumer Discretionary,Containers/Packaging
VIV,Telefônica Brasil S.A.,-2.8,3.1,77,92,45,Telecommunications,Telecommunications Equipment
LH,Labcorp Holdings Inc.,-0.05,4.3,63,76,49,Health Care,Medical Specialities
SHWDY,Resonac Holdings Corporation,0.0,8.58,43,56,97,Basic Materials,Chemicals
VONOY,Vonovia SE,-2.45,3.29,18,43,16,Real Estate,Real Estate Services
FOJCF,Fortum Oyj,0.0,-3.37,15,61,55,Utilities,Utilities - Renewable
NXGPF,NEXT plc,0.0,8.55,85,97,59,Consumer Cyclical,Apparel Retail
SNX,TD SYNNEX Corporation,-0.08,-9.3,25,30,89,Technology,Retail: Computer Software & Peripheral Equipment
FOJCY,Fortum Oyj,-0.22,-7.36,28,57,50,Utilities,Utilities - Renewable
CCHGY,Coca-Cola HBC AG,-0.86,6.54,59,72,76,Consumer Defensive,Beverages - Non-Alcoholic
WWD,"Woodward, Inc.",-2.33,2.25,10,28,79,Energy,Industrial Machinery/Components
ALB,Albemarle Corporation,-0.21,-20.71,1,5,50,Industrials,Major Chemicals
EXPD,"Expeditors International of Washington, Inc.",2.02,5.44,100,100,80,Industrials,Integrated Freight & Logistics
AS,"Amer Sports, Inc.",-1.87,-4.07,15,53,27,Consumer Discretionary,Apparel
TLSNF,Telia Company AB (publ),0.0,-14.02,4,10,54,Communication Services,Telecom Services
TLSNY,Telia Company AB (publ),1.7,-10.83,19,28,60,Communication Services,Telecom Services
BURL,"Burlington Stores, Inc.",-0.04,-4.32,48,67,57,Consumer Discretionary,Department/Specialty Retail Stores
KUBTY,Kubota Corporation,-1.68,-3.01,11,40,66,Industrials,Farm & Heavy Construction Machinery
ELCPF,"EDP, S.A.",4.83,2.16,75,93,52,Utilities,Utilities - Diversified
VLTO,Veralto Corporation,0.23,12.59,97,97,30,Industrials,Electrical Products
LSCC,Lattice Semiconductor Corporation,-4.87,-8.48,0,0,92,Technology,Semiconductors
BSBR,Banco Santander (Brasil) S.A.,-0.74,-0.37,67,99,27,Finance,Commercial Banks
ULS,UL Solutions Inc.,0.3,-11.06,8,16,57,Health Care,Precision Instruments
LGGNY,Legal & General Group Plc,-1.16,2.78,63,76,72,Financial Services,Asset Management
CDE,"Coeur Mining, Inc.",-2.44,-4.94,8,11,30,Basic Materials,Precious Metals
LGGNF,Legal & General Group Plc,0.0,-1.31,58,80,56,Financial Services,Asset Management
FYGGY,"Fuyao Glass Industry Group Co., Ltd.",-5.46,-0.9,20,55,15,Consumer Cyclical,Auto Parts
DD,"DuPont de Nemours, Inc.",-1.5,-5.59,0,13,61,Industrials,Major Chemicals
RBA,"RB Global, Inc.",0.6,2.51,13,35,43,Consumer Discretionary,Business Services
CXMSF,"CEMEX, S.A.B. de C.V.",0.0,0.0,10,40,75,Basic Materials,Building Materials
JMHLY,Jardine Matheson Holdings Limited,-0.96,-0.6,10,53,32,Industrials,Conglomerates
KNRRY,Knorr-Bremse AG,-0.54,0.8,16,43,49,Consumer Cyclical,Auto Parts
IFF,International Flavors & Fragrances Inc.,-3.13,-2.6,0,18,53,Industrials,Major Chemicals
SAUHY,Straumann Holding AG,-0.94,9.04,69,81,60,Healthcare,Medical Instruments & Supplies
SNA,Snap-on Incorporated,-0.21,4.27,55,75,63,Consumer Discretionary,Industrial Machinery/Components
HLDCY,Henderson Land Development Company Limited,1.26,-5.31,34,63,23,Real Estate,Real Estate - Diversified
WSPOF,WSP Global Inc.,0.06,-6.48,14,32,5,Industrials,Engineering & Construction
NPSCY,Nippon Steel Corporation,0.86,1.74,63,99,13,Basic Materials,Steel
BCH,Banco de Chile,-2.33,0.18,52,69,68,Finance,Commercial Banks
NATKY,National Atomic Company Kazatomprom JSC,0.0,2.59,33,63,58,Energy,Uranium
IVBXF,"Innovent Biologics, Inc.",-4.37,13.53,64,74,30,Healthcare,Biotechnology
KGHPF,KGHM Polska Miedz S.A.,0.36,-9.12,4,8,85,Basic Materials,Copper
CABGY,Carlsberg A/S,-0.85,5.0,68,75,52,Consumer Defensive,Beverages - Brewers
GXYEF,Galaxy Entertainment Group Limited,8.03,-0.48,84,100,22,Consumer Cyclical,Resorts & Casinos
ARXS,"Arxis, Inc.",1.34,2.34,26,46,54,Industrials,Military/Government/Technical
WLMIF,Wilmar International Limited,0.0,1.72,100,100,66,Consumer Defensive,Packaged Foods
HALFF,HAL Trust,0.0,-1.17,40,93,59,Financial Services,Asset Management
CIB,Grupo Cibest S.A.,-3.05,1.15,56,84,83,Finance,Commercial Banks
TIIAY,Telecom Italia S.p.A.,0.55,1.69,6,18,89,Communication Services,Telecom Services
GIS,"General Mills, Inc.",1.05,10.09,84,95,22,Consumer Staples,Packaged Foods
KAJMY,Kajima Corporation,-5.57,2.56,0,7,46,Industrials,Engineering & Construction
VDMCY,Vodacom Group Limited,0.21,3.97,100,100,62,Communication Services,Telecom Services
AMCR,Amcor plc,-1.74,6.29,35,56,40,Consumer Discretionary,Miscellaneous manufacturing industries
APG,APi Group Corporation,0.1,-2.95,18,66,46,Consumer Discretionary,Engineering & Construction
DNGFF,Dongfang Electric Corporation Limited,0.0,6.35,83,95,89,Industrials,Specialty Industrial Machinery
BR,"Broadridge Financial Solutions, Inc.",2.42,4.97,100,100,11,Consumer Discretionary,Business Services
UFGSY,Unipol Assicurazioni S.p.A.,0.0,12.74,100,100,89,Financial Services,Insurance - Property & Casualty
PL,Planet Labs PBC,-0.35,-24.03,1,6,92,Technology,Radio And Television Broadcasting And Communications Equipment
SOAGY,Sartorius Aktiengesellschaft,2.42,4.31,100,100,51,Healthcare,Medical Instruments & Supplies
WY,Weyerhaeuser Company,-0.17,-3.78,26,37,30,Real Estate,Real Estate Investment Trusts
SIELF,"Shanghai Electric Group Co., Ltd.",0.0,2.96,55,90,76,Industrials,Specialty Industrial Machinery
BDNNY,Boliden AB (publ),-2.63,-5.71,0,0,60,Basic Materials,Other Industrial Metals & Mining
WLMIY,Wilmar International Limited,-0.1,7.32,100,100,70,Consumer Defensive,Packaged Foods
ESS,"Essex Property Trust, Inc.",1.34,6.96,88,95,65,Real Estate,Real Estate Investment Trusts
GXYYY,Galaxy Entertainment Group Limited,-1.94,-1.25,58,83,15,Consumer Cyclical,Resorts & Casinos
ITT,ITT Inc.,-0.26,5.14,50,68,44,Industrials,Fluid Controls
KAOOY,Kao Corporation,-0.75,4.17,41,63,33,Consumer Defensive,Household & Personal Products
WXIBF,WuXi Biologics (Cayman) Inc.,0.0,4.55,77,81,50,Healthcare,Biotechnology
AARTY,Airtel Africa Plc,0.0,-8.2,7,31,94,Communication Services,Telecom Services
BKZHY,Erste Bank Polska S.A.,0.0,13.88,73,80,86,Unknown,Unknown
AAFRF,Airtel Africa Plc,0.0,-11.27,3,9,64,Communication Services,Telecom Services
GH,"Guardant Health, Inc.",-1.03,21.01,70,78,96,Health Care,Medical Specialities
YAHOF,LY Corporation,0.0,8.35,100,100,31,Consumer Cyclical,Internet Retail
H,Hyatt Hotels Corporation,-3.36,-6.64,0,0,69,Consumer Discretionary,Hotels/Resorts
JBARF,Julius Bär Gruppe AG,0.0,15.77,75,78,75,Financial Services,Asset Management
KGSPF,Kingspan Group plc,0.0,-3.04,27,45,48,Industrials,Building Products & Equipment
WES,"Western Midstream Partners, LP",2.51,4.1,100,100,70,Utilities,Natural Gas Distribution
CLPXY,China Longyuan Power Group Corporation Limited,-4.1,-15.16,32,38,7,Utilities,Utilities - Renewable
EWBC,"East West Bancorp, Inc.",-0.1,0.94,59,100,68,Finance,Major Banks
SINGY,Singapore Airlines Limited,-0.93,8.98,64,74,61,Industrials,Airlines
ZTO,ZTO Express (Cayman) Inc.,0.84,6.75,100,100,59,Industrials,Trucking Freight/Courier Services
SGIOF,"Shionogi & Co., Ltd.",0.0,11.31,56,69,32,Healthcare,Drug Manufacturers - Specialty & Generic
SGIOY,"Shionogi & Co., Ltd.",-1.03,-0.23,43,59,25,Healthcare,Drug Manufacturers - Specialty & Generic
KGSPY,Kingspan Group plc,-2.77,-7.91,0,10,42,Industrials,Building Products & Equipment
BBY,"Best Buy Co., Inc.",-1.39,7.31,94,100,72,Consumer Discretionary,Consumer Electronics/Video Chains
SINGF,Singapore Airlines Limited,-7.96,11.0,49,55,50,Industrials,Airlines
GNRC,Generac Holdings Inc.,-2.99,-11.81,0,0,80,Consumer Discretionary,Metal Fabrications
CG,The Carlyle Group Inc.,-1.27,-0.92,54,73,12,Finance,Investment Managers
EUXTF,Euronext N.V.,0.0,0.3,80,99,51,Financial Services,Financial Data & Stock Exchanges
AGESY,ageas SA/NV,-0.41,4.47,78,92,65,Financial Services,Insurance - Diversified
XPNGF,XPeng Inc.,0.0,-14.53,4,18,5,Consumer Cyclical,Auto Manufacturers
RBRK,RBRK,-0.64,17.34,76,83,85,Technology,Computer Software: Prepackaged Software
KONMY,Konami Group Corporation,0.0,-4.52,43,57,16,Communication Services,Electronic Gaming & Multimedia
LDOS,"Leidos Holdings, Inc.",-0.41,-12.39,23,36,3,Technology,EDP Services
CDW,CDW Corporation,-0.02,11.79,100,100,42,Technology,Retail: Computer Software & Peripheral Equipment
NDSN,Nordson Corporation,-0.0,0.62,8,30,63,Industrials,Industrial Machinery/Components
NVMI,Nova Ltd.,-4.87,-19.1,3,4,71,Technology,Electronic Components
ZBH,"Zimmer Biomet Holdings, Inc.",3.0,8.25,86,100,36,Health Care,Industrial Specialties
SONVF,Sonova Holding AG,0.0,6.58,95,97,36,Healthcare,Medical Devices
BOLSY,"B3 S.A. - Brasil, Bolsa, Balcão",-3.44,-2.79,70,86,37,Financial Services,Financial Data & Stock Exchanges
WOLTF,Wolters Kluwer N.V.,-5.15,-5.49,37,46,6,Industrials,Specialty Business Services
AGESF,ageas SA/NV,5.12,4.97,100,100,66,Financial Services,Insurance - Diversified
CVCCF,CVC Capital Partners plc,0.0,-6.79,8,36,27,Financial Services,Asset Management
JDHIY,JD Health International Inc.,0.0,-15.57,20,33,4,Healthcare,Pharmaceutical Retailers
LULU,lululemon athletica inc.,0.87,-1.26,96,100,4,Consumer Discretionary,Apparel
GLPEF,"Galp Energia, SGPS, S.A.",0.0,-2.44,58,77,51,Energy,Oil & Gas Integrated
KAEPF,"The Kansai Electric Power Company, Incorporated",0.0,0.64,11,44,30,Utilities,Utilities - Renewable
LTM,LTM,-5.53,3.61,0,12,53,Consumer Discretionary,Air Freight/Delivery Services
NPPHY,"Nippon Paint Holdings Co., Ltd.",6.43,23.18,74,88,49,Basic Materials,Specialty Chemicals
SOUHY,South32 Limited,-3.18,-14.46,9,23,55,Basic Materials,Other Industrial Metals & Mining
WSE,Wise Group plc,0.93,25.0,95,97,15,Industrials,Diversified Commercial Services
PZAKY,Powszechny Zaklad Ubezpieczen SA,-2.56,-6.08,51,69,70,Financial Services,Insurance - Property & Casualty
SUI,"Sun Communities, Inc.",1.62,-3.12,32,70,32,Real Estate,Real Estate Investment Trusts
BKNIY,"Bankinter, S.A.",-1.2,7.82,73,90,56,Financial Services,Banks - Regional
EDVMF,Endeavour Mining plc,-1.28,-1.84,3,8,41,Basic Materials,Gold
TOST,"Toast, Inc.",2.18,21.34,100,100,26,Technology,EDP Services
MAA,"Mid-America Apartment Communities, Inc.",0.47,-1.6,25,57,42,Real Estate,Real Estate Investment Trusts
BKIMF,"Bankinter, S.A.",0.0,0.0,22,85,61,Financial Services,Banks - Regional
WSO,"Watsco, Inc.",2.57,2.44,38,56,34,Consumer Discretionary,Industrial Machinery/Components
ENLT,Enlight Renewable Energy Ltd,0.89,-11.95,11,23,95,Utilities,Electric Utilities: Central
EVVTY,Evolution AB (publ),0.79,-6.86,30,51,39,Consumer Cyclical,Gambling
SGI,Somnigroup International Inc.,-2.43,-0.77,0,17,20,Consumer Discretionary,Home Furnishings
BMBOY,"Grupo Bimbo, S.A.B. de C.V.",-0.33,-4.44,6,36,37,Consumer Defensive,Packaged Foods
MPFRF,"Mapfre, S.A.",0.0,0.0,22,85,68,Financial Services,Insurance - Diversified
BSAC,Banco Santander-Chile,-1.18,3.52,87,90,66,Finance,Commercial Banks
NCBDY,BANDAI NAMCO Holdings Inc.,0.63,9.33,99,99,23,Consumer Cyclical,Leisure
KPCPY,Kasikornbank Public Company Limited,-2.52,16.48,80,88,82,Financial Services,Banks - Regional
LFCBY,Lifco AB (publ),0.0,4.53,48,95,37,Industrials,Conglomerates
COVTY,Covestro AG,-0.31,0.37,60,99,32,Basic Materials,Specialty Chemicals
SNLAY,Sino Land Company Limited,-11.53,-17.56,20,29,26,Real Estate,Real Estate - Development
AUR,"Aurora Innovation, Inc.",-5.17,1.34,0,9,78,Technology,EDP Services
KPELF,Keppel Ltd.,0.0,7.55,94,97,74,Industrials,Conglomerates
CRERF,Carrefour SA,0.0,-3.82,9,24,68,Consumer Defensive,Grocery Stores
MPFRY,"Mapfre, S.A.",0.0,12.88,83,93,58,Financial Services,Insurance - Diversified
OBYCF,Obayashi Corporation,-2.92,1.55,32,47,1,Industrials,Engineering & Construction
SWGAY,The Swatch Group AG,-0.16,-3.1,33,62,73,Consumer Cyclical,Luxury Goods
REG,Regency Centers Corporation,0.4,0.01,40,71,58,Real Estate,Real Estate Investment Trusts
J,Jacobs Solutions Inc.,0.56,0.18,64,74,28,Industrials,Military/Government/Technical
CHKP,Check Point Software Technologies Ltd.,1.99,9.1,74,79,10,Technology,Computer Software: Prepackaged Software
ARMK,Aramark,0.47,6.64,100,100,86,Consumer Discretionary,Restaurants
ASND,Ascendis Pharma A/S,-1.93,23.01,77,81,76,Health Care,Biotechnology: Pharmaceutical Preparations
WCPRF,Whitecap Resources Inc.,2.79,-6.93,55,70,81,Energy,Oil & Gas E&P
CLPBY,Coloplast A/S,1.31,4.91,92,93,10,Healthcare,Medical Instruments & Supplies
CJEWY,Chow Tai Fook Jewellery Group Limited,0.0,4.64,96,98,26,Consumer Cyclical,Luxury Goods
KNBWY,"Kirin Holdings Company, Limited",-0.68,2.51,56,82,64,Consumer Defensive,Beverages - Brewers
NTNX,"Nutanix, Inc.",0.78,12.21,99,100,64,Technology,Computer Software: Prepackaged Software
AKESF,"Akeso, Inc.",0.0,11.18,100,100,9,Healthcare,Biotechnology
PTAIF,PT Astra International Tbk,0.0,-13.34,3,9,5,Industrials,Conglomerates
XJNGF,"Goldwind Science&Technology Co., Ltd.",0.0,-11.19,34,43,18,Industrials,Specialty Industrial Machinery
KRYAY,Kerry Group plc,-0.71,8.98,84,87,56,Consumer Defensive,Packaged Foods
OGFGF,Origin Energy Limited,0.0,-8.08,6,17,24,Utilities,Utilities - Diversified
AMIGY,Admiral Group plc,0.47,-0.08,82,90,63,Financial Services,Insurance - Property & Casualty
SEGXF,SEGRO Plc,-1.36,12.32,78,90,76,Real Estate,REIT - Industrial
RPM,RPM International Inc.,-2.46,-4.67,0,7,27,Consumer Discretionary,Paints/Coatings
APLD,Applied Digital Corporation,-7.42,-30.46,0,0,87,Finance,Finance: Consumer Services
SKHSY,"Sekisui House, Ltd.",0.05,4.14,82,89,30,Consumer Cyclical,Residential Construction
FIG,"Figma, Inc.",12.03,22.29,100,100,8,Technology,Computer Software: Prepackaged Software
UUGWF,United Utilities Group PLC,0.0,-4.67,11,54,44,Utilities,Utilities - Regulated Water
RRX,Regal Rexnord Corporation,-3.0,-1.16,3,15,74,Consumer Discretionary,Metal Fabrications
OSCUF,"Japan Exchange Group, Inc.",0.0,23.33,93,100,77,Financial Services,Financial Data & Stock Exchanges
RYKKF,"Ryohin Keikaku Co., Ltd.",0.0,5.13,100,100,99,Consumer Cyclical,Department Stores
AEOXF,Aeroports de Paris SA,-3.83,1.45,22,36,31,Industrials,Airports & Air Services
NPNYY,Nippon Yusen Kabushiki Kaisha,0.15,-6.77,34,57,25,Industrials,Marine Shipping
SUN,Sunoco LP,3.06,10.09,100,100,79,Energy,Integrated oil Companies
DSECF,Daiwa Securities Group Inc.,0.0,0.0,22,85,77,Financial Services,Capital Markets
IGIFF,IGM Financial Inc.,-0.19,2.74,87,100,86,Financial Services,Asset Management
EVR,Evercore Inc.,-0.18,-5.9,4,15,40,Finance,Investment Managers
RGA,"Reinsurance Group of America, Incorporated",2.96,15.44,100,100,69,Finance,Life Insurance
ALLY,Ally Financial Inc.,-1.03,3.75,11,40,56,Finance,Major Banks
DELHY,Delivery Hero SE,1.47,-5.91,36,65,93,Consumer Cyclical,Internet Retail
SCRNY,"SCREEN Holdings Co., Ltd.",0.0,21.55,87,97,83,Technology,Semiconductor Equipment & Materials
BBIO,"BridgeBio Pharma, Inc.",-3.27,22.99,71,77,81,Health Care,Biotechnology: Pharmaceutical Preparations
ACCYY,Accor SA,-3.29,1.97,0,17,48,Consumer Cyclical,Lodging
GWRE,"Guidewire Software, Inc.",3.07,18.39,100,100,19,Technology,Computer Software: Prepackaged Software
ATZAF,Aritzia Inc.,-7.0,-11.49,8,14,87,Consumer Cyclical,Apparel Retail
SWRAY,Swire Pacific Limited,-0.54,6.49,100,100,72,Industrials,Conglomerates
EG,"Everest Group, Ltd.",1.97,13.06,100,100,59,Finance,Property-Casualty Insurers
ERFSF,Eurofins Scientific SE,-4.91,-0.36,50,68,39,Healthcare,Diagnostics & Research
IMPUY,Impala Platinum Holdings Limited,-1.35,-6.48,15,27,12,Basic Materials,Other Precious Metals & Mining
MKC,"McCormick & Company, Incorporated",2.48,10.17,100,100,20,Consumer Staples,Packaged Foods
AETUF,ARC Resources Ltd.,1.18,-1.76,68,95,70,Energy,Oil & Gas E&P
ROHCF,"ROHM Co., Ltd.",0.0,2.43,22,85,95,Technology,Semiconductors
SNNUF,Smith & Nephew plc,3.97,-9.8,27,43,14,Healthcare,Medical Devices
CNH,CNH Industrial N.V.,-0.29,0.58,17,37,24,Industrials,Construction/Ag Equipment/Trucks
IONS,"Ionis Pharmaceuticals, Inc.",-2.58,-23.12,0,0,18,Health Care,Biotechnology: Pharmaceutical Preparations
RXEEY,Rexel S.A.,-0.23,3.55,71,100,71,Technology,Electronics & Computer Distribution
DPMAY,Diploma PLC,-0.97,-3.25,6,21,64,Industrials,Industrial Distribution
SAIA,"Saia, Inc.",2.67,-11.31,21,36,72,Industrials,Trucking Freight/Courier Services
JPXGY,"Japan Exchange Group, Inc.",-0.99,2.77,63,100,68,Financial Services,Financial Data & Stock Exchanges
PEN,"Penumbra, Inc.",0.26,0.19,34,97,55,Health Care,Medical/Dental Instruments
MSLOY,"Mitsui O.S.K. Lines, Ltd.",-0.12,-7.51,33,49,31,Industrials,Marine Shipping
RCDTF,Recordati Industria Chimica e Farmaceutica S.p.A.,0.0,-3.33,14,63,29,Healthcare,Drug Manufacturers - General
OLYMY,Olympus Corporation,0.46,-0.46,95,95,32,Healthcare,Medical Devices
SAPIF,Saputo Inc.,0.69,-1.33,23,65,55,Consumer Defensive,Packaged Foods
KNX,Knight-Swift Transportation Holdings Inc.,-1.14,-9.85,4,33,84,Industrials,Trucking Freight/Courier Services
CCRDF,"Yokohama Financial Group, Inc.",0.0,13.04,100,100,1,Financial Services,Banks - Regional
NYT,The New York Times Company,0.11,1.45,96,100,61,Consumer Discretionary,Newspapers/Magazines
HII,"Huntington Ingalls Industries, Inc.",-0.43,-5.35,23,64,17,Industrials,Marine Transportation
YASKF,YASKAWA Electric Corporation,0.0,-13.15,3,9,91,Industrials,Electrical Equipment & Parts
ATGAF,ATGAF,0.0,2.03,47,89,61,Energy,Oil & Gas Midstream
GFL,GFL Environmental Inc.,-1.44,9.22,62,69,20,Utilities,Environmental Services
DLAKF,Deutsche Lufthansa AG,0.0,16.45,53,63,71,Industrials,Airlines
CPYYF,Centrica plc,0.0,-1.7,12,47,33,Utilities,Utilities - Independent Power Producers
ELS,"Equity LifeStyle Properties, Inc.",2.38,2.51,65,83,46,Real Estate,Real Estate Investment Trusts
BTSG,"BrightSpring Health Services, Inc.",-2.51,10.4,78,90,96,Health Care,Medical/Nursing Services
AGNC,AGNC Investment Corp.,-1.26,7.88,82,87,63,Real Estate,Real Estate Investment Trusts
AGNCN,AGNC Investment Corp.,-0.24,0.43,50,93,46,Real Estate,Real Estate Investment Trusts
AGNCL,AGNC Investment Corp.,-0.12,1.39,55,87,47,Real Estate,Real Estate Investment Trusts
SVTRF,Severn Trent PLC,0.0,0.0,22,85,34,Utilities,Utilities - Regulated Water
PAC,"Grupo Aeroportuario del Pacífico, S.A.B. de C.V.",-1.22,1.29,0,8,30,Consumer Discretionary,Aerospace
GL,Globe Life Inc.,-0.28,8.39,70,92,80,Finance,Life Insurance
TXRH,"Texas Roadhouse, Inc.",1.34,14.51,72,84,60,Consumer Discretionary,Restaurants
LFUS,"Littelfuse, Inc.",-1.91,-12.04,4,8,84,Energy,Electrical Products
WSOUF,WHSP Holdings Limited,0.0,0.34,23,88,80,Financial Services,Capital Markets
SCAFF,SCAFF,2.39,-9.75,9,16,88,,
HKTTY,HKT Trust and HKT Limited,0.0,4.27,61,66,51,Communication Services,Telecom Services
GRPTF,Getlink SE,0.0,0.0,22,85,57,Industrials,Railroads
ISMAY,"Indra Sistemas, S.A.",-0.89,-17.11,0,14,36,Technology,Information Technology Services
RVTY,"Revvity, Inc.",-1.05,9.45,70,85,67,Industrials,Biotechnology: Laboratory Analytical Instruments
OKLO,Oklo Inc.,-6.22,-20.83,0,0,6,Utilities,Electric Utilities: Central
MHGVY,Mowi ASA,0.53,-4.84,28,48,21,Consumer Defensive,Farm Products
MINBY,MINEBEA MITSUMI Inc.,-0.33,-3.09,12,15,90,Technology,Electronic Components
AMH,American Homes 4 Rent,1.59,3.45,62,86,53,Real Estate,Real Estate Investment Trusts
GLXY,Galaxy Digital,-6.15,-29.82,0,0,29,Finance,Investment Bankers/Brokers/Service
FMS,Fresenius Medical Care AG,1.79,9.3,100,100,41,Health Care,Misc Health and Biotechnology Services
AAON,"AAON, Inc.",-1.73,-12.79,14,19,77,Industrials,Industrial Machinery/Components
NRXXY,Nordex SE,0.0,5.55,13,20,87,Industrials,Specialty Industrial Machinery
LPGCY,LPGCY,0.0,-11.02,20,27,2,Consumer Cyclical,Luxury Goods
GOFPY,Allwyn AG,0.66,-5.32,19,34,11,Consumer Cyclical,Gambling
PTAIY,PT Astra International Tbk,-1.12,-0.38,37,64,9,Industrials,Conglomerates
SBMFF,Sino Biopharmaceutical Limited,0.0,0.63,82,89,9,Healthcare,Biotechnology
GIL,Gildan Activewear Inc.,-1.56,-13.43,11,23,21,Consumer Discretionary,Apparel
PINS,"Pinterest, Inc.",0.36,5.12,99,100,29,Technology,Computer Software: Programming Data Processing
ALLE,Allegion plc,-0.2,2.4,40,70,19,Consumer Discretionary,Diversified Commercial Services
WLK,Westlake Corporation,0.77,-12.83,18,33,13,Industrials,Major Chemicals
YSHLF,Yangzijiang Shipbuilding (Holdings) Ltd.,0.0,4.18,100,100,48,Industrials,Aerospace & Defense
AR,Antero Resources Corporation,3.16,0.18,41,67,31,Energy,Oil & Gas Production
NGKIF,NGK Corporation,0.0,17.25,69,81,97,Industrials,Specialty Industrial Machinery
TKGBY,Turkiye Garanti Bankasi A.S.,-3.2,-4.9,0,0,15,Financial Services,Banks - Regional
SJM,The J. M. Smucker Company,-0.96,-5.39,24,55,64,Consumer Staples,Packaged Foods
IKTSY,Intertek Group plc,-2.51,1.01,0,49,81,Industrials,Specialty Business Services
ARWR,"Arrowhead Pharmaceuticals, Inc.",-3.0,-0.4,0,4,94,Health Care,Biotechnology: Pharmaceutical Preparations
FUJHY,Subaru Corporation,-1.81,-2.82,32,61,15,Consumer Cyclical,Auto Manufacturers
ASEKY,Aisin Corporation,0.0,0.32,61,77,24,Consumer Cyclical,Auto Parts
BJ,"BJ's Wholesale Club Holdings, Inc.",2.35,-0.89,74,100,30,Consumer Discretionary,Department/Specialty Retail Stores
NEXOY,"NEXON Co., Ltd.",-1.48,1.01,54,66,6,Communication Services,Electronic Gaming & Multimedia
SPXC,"SPX Technologies, Inc.",-2.15,-7.86,1,7,52,Industrials,Industrial Machinery/Components
FRVO,Fervo Energy Company,-4.68,-25.35,16,18,6,Utilities,Electric Utilities: Central
IDKOY,"Idemitsu Kosan Co.,Ltd.",2.18,-8.84,44,61,33,Energy,Oil & Gas Refining & Marketing
EQX,Equinox Gold Corp.,-3.18,-7.71,0,5,15,Basic Materials,Precious Metals
PLCQF,PLCQF,0.8,151.14,86,82,97,Unknown,Unknown
PUGBY,PUGBY,0.0,3.09,74,86,47,Consumer Defensive,Household & Personal Products
CR,Crane Company,-1.47,5.77,46,74,63,Industrials,Metal Fabrications
IAG,IAMGOLD Corporation,-3.26,-8.18,0,0,58,Basic Materials,Precious Metals
WYNN,"Wynn Resorts, Limited",-2.65,-9.86,12,27,18,Consumer Discretionary,Hotels/Resorts
TSGTF,Tsingtao Brewery Company Limited,0.0,-8.37,37,56,17,Consumer Defensive,Beverages - Brewers
AES,The AES Corporation,-0.14,0.61,42,97,53,Utilities,Electric Utilities: Central
RKUNF,"Rakuten Group, Inc.",0.0,13.82,100,100,21,Consumer Cyclical,Internet Retail
AG,First Majestic Silver Corp.,-3.24,-3.07,15,19,58,Basic Materials,Precious Metals
ASMVY,ASMPT Limited,-2.14,-0.33,0,6,96,Technology,Semiconductor Equipment & Materials
AVAV,"AeroVironment, Inc.",-1.92,-22.8,4,11,3,Industrials,Aerospace
ESI,Element Solutions Inc,-0.55,-7.74,9,10,81,Industrials,Major Chemicals
CPCAY,Cathay Pacific Airways Limited,-2.57,12.26,62,69,63,Industrials,Airlines
UHAL,U-Haul Holding Company,1.13,9.8,89,100,75,Consumer Discretionary,Rental/Leasing Companies
CPCAF,Cathay Pacific Airways Limited,0.0,-8.28,7,33,70,Industrials,Airlines
PTRRY,Prio S.A.,0.46,-9.02,37,50,72,Energy,Oil & Gas E&P
DOCU,"DocuSign, Inc.",1.4,11.94,100,100,19,Technology,Computer Software: Prepackaged Software
BZLFY,Bunzl plc,-0.55,3.81,99,100,69,Consumer Defensive,Food Distribution
QABSY,Qantas Airways Limited,-0.94,11.06,55,72,48,Industrials,Airlines
WTFC,Wintrust Financial Corporation,-0.01,3.63,62,93,64,Finance,Major Banks
BKKLY,Bangkok Bank Public Company Limited,0.57,11.51,100,100,73,Financial Services,Banks - Regional
SMGKF,Smiths Group plc,0.0,3.56,42,82,61,Industrials,Specialty Industrial Machinery
VMI,"Valmont Industries, Inc.",-1.29,2.26,4,37,83,Industrials,Metal Fabrications
UNCHF,Unicharm Corporation,0.0,-4.46,7,29,18,Consumer Defensive,Household & Personal Products
BZZUY,Buzzi S.p.A.,1.03,-1.12,24,37,22,Basic Materials,Building Materials
BZLYF,Beazley plc,0.0,2.16,73,92,79,Financial Services,Insurance - Specialty
UMBF,UMB Financial Corporation,-0.21,8.89,70,88,73,Finance,Major Banks
AM,Antero Midstream Corporation,0.81,5.15,47,69,68,Utilities,Natural Gas Distribution
GTLS,"Chart Industries, Inc.",-0.04,1.6,48,98,48,Industrials,Metal Fabrications
ERIE,Erie Indemnity Company,-1.84,9.99,74,81,17,Finance,Specialty Insurers
JPNPY,"Japan Post Insurance Co., Ltd.",0.0,3.46,51,82,13,Financial Services,Insurance - Life
APAJF,APA Group,2.6,-9.93,13,19,48,Utilities,Utilities - Regulated Gas
HRZRF,HRZRF,5.07,-21.49,25,27,2,,
MNBEF,MINEBEA MITSUMI Inc.,0.0,-4.36,9,26,1,Technology,Electronic Components
ENSG,"The Ensign Group, Inc.",-0.12,14.5,87,89,29,Health Care,Hospital/Nursing Management
SCTBF,Securitas AB (publ),-2.96,-4.49,44,71,40,Industrials,Security & Protection Services
FORM,"FormFactor, Inc.",-6.14,-15.31,7,8,95,Technology,Semiconductors
ASRMF,"Grupo Aeroportuario del Sureste, S. A. B. de C. V.",-9.53,-2.18,0,0,12,Industrials,Airports & Air Services
JKHY,"Jack Henry & Associates, Inc.",0.27,19.66,100,100,28,Technology,EDP Services
FLS,Flowserve Corporation,-3.01,-12.21,0,0,43,Industrials,Fluid Controls
CTRE,"CareTrust REIT, Inc.",0.27,10.81,70,76,63,Real Estate,Real Estate Investment Trusts
FROG,JFrog Ltd.,1.41,17.25,70,77,95,Technology,Computer Software: Prepackaged Software
BPOPO,"Popular, Inc.",0.0,-0.42,25,87,43,Financial Services,Banks - Regional
SRGHY,Shoprite Holdings Ltd,-1.04,-5.04,0,12,44,Consumer Cyclical,Department Stores
W,Wayfair Inc.,-3.21,11.19,42,53,61,Consumer Discretionary,Catalog/Specialty Distribution
ALV,"Autoliv, Inc.",1.35,-5.67,49,68,47,Consumer Discretionary,Auto Parts:O.E.M.
SCTBY,Securitas AB (publ),-4.45,-5.94,13,16,39,Industrials,Security & Protection Services
DCI,"Donaldson Company, Inc.",0.04,4.94,66,91,49,Industrials,Pollution Control Equipment
SAPMF,Saipem SpA,-1.19,0.0,16,37,87,Energy,Oil & Gas Equipment & Services
SNAP,Snap Inc.,-0.43,-12.57,19,31,6,Technology,Computer Software: Programming Data Processing
HPIFF,Huadian Power International Corporation Limited,0.0,0.0,22,85,67,Utilities,Utilities - Regulated Electric
DAR,Darling Ingredients Inc.,1.97,8.82,100,100,87,Consumer Staples,Packaged Foods
EQUEY,Equatorial S.A.,0.0,1.75,60,95,42,Utilities,Utilities - Regulated Electric
MUSA,Murphy USA Inc.,3.49,-1.81,80,96,85,Consumer Discretionary,Retail-Auto Dealers and Gas Stations
AGX,"Argan, Inc.",-4.85,-3.84,0,0,94,Consumer Discretionary,Engineering & Construction
FLGZY,Flughafen Zürich AG,0.0,5.29,44,69,38,Industrials,Airports & Air Services
ONB,Old National Bancorp,0.46,6.64,86,93,64,Finance,Major Banks
RDEIY,"Redeia Corporación, S.A.",0.0,4.51,95,100,33,Utilities,Utilities - Regulated Electric
SCRPF,Sembcorp Industries Ltd,-2.48,-7.71,20,23,22,Utilities,Utilities - Diversified
CEF,Sprott Physical Gold and Silver Trust,-3.26,-8.18,0,17,30,Financial Services,Asset Management
CHWY,"Chewy, Inc.",-2.68,8.26,75,84,4,Consumer Discretionary,Catalog/Specialty Distribution
XROLF,Xero Limited,0.0,-0.87,49,77,6,Technology,Software - Application
ZION,"Zions Bancorporation, National Association",-0.42,5.9,86,92,71,Finance,Major Banks
JCYGY,Jardine Cycle & Carriage Limited,0.0,-7.04,8,33,19,Industrials,Conglomerates
EVKIY,Evonik Industries AG,0.0,7.36,97,100,57,Basic Materials,Specialty Chemicals
KRYS,"Krystal Biotech, Inc.",-0.65,13.03,68,81,93,Health Care,Biotechnology: Biological Products (No Diagnostic Substances)
TEM,"Tempus AI, Inc.",-3.95,12.78,57,68,33,Technology,Computer Software: Programming Data Processing
ADRZY,Andritz AG,0.0,-2.07,20,27,52,Industrials,Specialty Industrial Machinery
MOH,"Molina Healthcare, Inc.",4.1,25.71,100,100,84,Health Care,Medical Specialities
LLYVK,"Liberty Live Holdings, Inc.",1.73,3.0,64,79,69,Consumer Discretionary,Services-Misc. Amusement & Recreation
PRMB,Primo Brands Corporation,-0.83,1.06,11,45,62,Consumer Staples,Beverages (Production/Distribution)
ALTB,Alpine Auto Brokers Inc.,0.0,-21.42,13,16,80,Consumer Cyclical,Auto & Truck Dealerships
CMHHF,China Merchants Port Holdings Company Limited,-6.98,-10.11,0,0,17,Industrials,Marine Shipping
KIKOF,Kikkoman Corporation,0.0,10.34,94,98,67,Consumer Defensive,Packaged Foods
SMNNY,Shimano Inc.,2.48,1.32,55,78,29,Consumer Cyclical,Leisure
ACM,AECOM,0.63,-0.87,28,58,6,Consumer Discretionary,Military/Government/Technical
JEXYY,Jiangsu Expressway Company Limited,0.0,-4.36,42,54,47,Industrials,Infrastructure Operations
TKR,The Timken Company,0.75,0.68,20,52,90,Industrials,Metal Fabrications
BVN,Compañía de Minas Buenaventura S.A.A.,-0.6,-8.97,18,25,60,Basic Materials,Metal Mining
EGO,Eldorado Gold Corporation,-3.64,-2.77,0,0,32,Basic Materials,Gold
GWKSY,GWKSY,0.0,5.53,40,56,73,Consumer Cyclical,Leisure
GZPZF,Gaztransport & Technigaz SA,-1.66,-7.71,0,16,73,Energy,Oil & Gas Equipment & Services
FRHC,Freedom Holdings Corp.,-3.17,14.56,88,94,50,Finance,Investment Bankers/Brokers/Service
SHMDF,Shimano Inc.,0.0,0.56,19,48,28,Consumer Cyclical,Leisure
MBLY,Mobileye Global Inc.,2.09,1.77,89,95,29,Technology,Computer Software: Prepackaged Software
TBVPF,Thai Beverage Public Company Limited,0.0,-2.89,15,66,30,Consumer Defensive,Beverages - Wineries & Distilleries
HDALF,Haidilao International Holding Ltd.,0.07,-15.53,12,19,9,Consumer Cyclical,Restaurants
AKBLF,ALK-Abelló A/S,0.0,4.53,63,92,82,Healthcare,Biotechnology
PTCAY,PT Chandra Asri Pacific Tbk,0.0,0.0,22,85,1,Basic Materials,Specialty Chemicals
SBYSF,Sibanye Stillwater Limited,0.0,-9.96,4,10,9,Basic Materials,Other Precious Metals & Mining
STN,Stantec Inc.,-0.69,-4.27,20,61,6,Consumer Discretionary,Military/Government/Technical
TYCMY,Tingyi (Cayman Islands) Holding Corp.,2.68,9.31,95,98,44,Consumer Defensive,Packaged Foods
COLB,"Columbia Banking System, Inc.",-0.22,3.76,59,86,70,Finance,Major Banks
ELPC,ELPC,-2.64,3.78,63,91,70,Utilities,Electric Utilities: Central
TKAMY,thyssenkrupp AG,-0.14,1.62,60,70,60,Industrials,Conglomerates
GZPZY,Gaztransport & Technigaz SA,0.0,0.98,75,89,64,Energy,Oil & Gas Equipment & Services
SFOSF,"Shanghai Fosun Pharmaceutical (Group) Co., Ltd.",0.0,8.91,94,97,15,Healthcare,Drug Manufacturers - Specialty & Generic
NNN,"NNN REIT, Inc.",1.26,2.71,61,90,62,Real Estate,Real Estate Investment Trusts
CWEN,"Clearway Energy, Inc.",-1.43,-11.94,4,13,31,Utilities,Electric Utilities: Central
ORA,"Ormat Technologies, Inc.",-2.7,-21.7,0,5,37,Utilities,Electric Utilities: Central
CIBEY,Commercial International Bank Egypt (CIB) S.A.E.,-2.24,7.38,55,94,75,Financial Services,Banks - Regional
WEIGF,The Weir Group PLC,0.0,2.48,78,95,20,Industrials,Specialty Industrial Machinery
SALRY,SalMar ASA,0.68,-12.91,14,24,22,Consumer Defensive,Farm Products
STBFY,Suntory Beverage & Food Limited,0.87,5.34,80,85,29,Consumer Defensive,Beverages - Non-Alcoholic
CIADY,China Mengniu Dairy Company Limited,-1.7,1.28,61,73,53,Consumer Defensive,Packaged Foods
CNRAF,Vicinity Centres,0.0,1.39,89,100,75,Real Estate,REIT - Retail
CSCCF,Capstone Copper Corp.,-1.43,-8.94,19,23,51,Basic Materials,Copper
CAE,CAE Inc.,-2.77,-2.28,0,39,16,Miscellaneous,Industrial Machinery/Components
BIRK,Birkenstock Holding plc,-1.87,-3.42,24,46,48,Consumer Discretionary,Shoe Manufacturing
DFRYF,Avolta AG,0.0,9.58,77,94,57,Consumer Cyclical,Specialty Retail
FBBPF,FIBRA Prologis,-3.74,-7.3,9,40,38,Real Estate,REIT - Industrial
AEMMY,A2A S.p.A.,0.0,0.0,22,85,39,Utilities,Utilities - Diversified
FNMFO,Federal National Mortgage Association,0.0,-5.41,5,13,7,Financial Services,Mortgage Finance
FNMAI,Federal National Mortgage Association,-2.93,-13.41,0,0,4,Financial Services,Mortgage Finance
FNMAJ,Federal National Mortgage Association,-1.11,-11.11,1,10,4,Financial Services,Mortgage Finance
FNMAP,Federal National Mortgage Association,-2.58,-12.69,0,0,3,Financial Services,Mortgage Finance
FNMAL,Federal National Mortgage Association,-1.79,-7.85,0,1,4,Financial Services,Mortgage Finance
VFS,VinFast Auto Ltd.,0.66,-0.65,26,64,13,Industrials,Auto Manufacturing
TYEKF,thyssenkrupp AG,0.0,11.51,97,98,71,Industrials,Conglomerates
CDNTF,"Canadian Tire Corporation, Limited",0.0,0.0,22,85,52,Consumer Cyclical,Specialty Retail
TECH,Bio-Techne Corporation,0.08,32.1,91,99,74,Health Care,Biotechnology: Biological Products (No Diagnostic Substances)
MYTKY,MYTKY,-2.63,-3.73,22,52,6,Communication Services,Telecom Services
SDXAY,Sodexo S.A.,-1.75,3.15,42,59,57,Industrials,Specialty Business Services
Z,"Zillow Group, Inc.",0.0,-1.56,60,71,3,Consumer Discretionary,Business Services
REXR,"Rexford Industrial Realty, Inc.",1.85,1.41,87,100,30,Real Estate,Real Estate Investment Trusts
IGGHY,IG Group Holdings plc,0.0,14.94,83,96,91,Financial Services,Capital Markets
JHG,Janus Henderson Group PLC,0.0,0.39,41,64,60,Finance,Investment Managers
NXPRF,Nexans S.A.,0.0,-10.91,4,11,60,Industrials,Electrical Equipment & Parts
CPXWF,Capital Power Corporation,-2.56,1.69,45,74,62,Utilities,Utilities - Independent Power Producers
FKKFY,"Fukuoka Financial Group, Inc.",0.44,14.63,64,68,84,Financial Services,Banks - Regional
ELEEF,Element Fleet Management Corp.,0.97,14.73,96,100,18,Industrials,Rental & Leasing Services
NIABY,NIBE Industrier AB (publ),-0.14,-4.32,53,66,23,Industrials,Building Products & Equipment
ZWS,Zurn Elkay Water Solutions Corporation,-0.89,-2.49,6,17,45,Industrials,Industrial Machinery/Components
DVCMY,Davide Campari-Milano N.V.,0.16,0.64,81,85,21,Consumer Defensive,Beverages - Wineries & Distilleries
WJRYF,West Japan Railway Company,0.0,7.75,100,100,14,Industrials,Railroads
FIGR,"Figure Technology Solutions, Inc.",-6.48,5.65,34,43,8,Finance,Finance: Consumer Services
BOKF,BOK Financial Corporation,-0.45,4.43,60,82,63,Finance,Major Banks
SFM,"Sprouts Farmers Market, Inc.",-1.47,-9.59,0,18,18,Consumer Staples,Food Chains
JINFF,China Gold International Resources Corp. Ltd.,-2.51,-1.19,39,51,54,Basic Materials,Other Precious Metals & Mining
GAP,"The Gap, Inc.",1.75,-8.58,39,54,12,Consumer Discretionary,Clothing/Shoe/Accessory Stores
FRO,Frontline plc,-3.17,3.77,23,36,90,Consumer Discretionary,Marine Transportation
ELMUY,Elisa Oyj,9.22,25.44,100,100,76,Communication Services,Telecom Services
NXE,NexGen Energy Ltd.,-6.83,-7.59,0,0,31,Basic Materials,Other Metals and Minerals
VLYPO,Valley National Bancorp,-0.36,0.99,26,80,43,Finance,Major Banks
CBSH,"Commerce Bancshares, Inc.",0.21,6.19,82,92,52,Finance,Major Banks
MOS,The Mosaic Company,3.72,5.78,70,89,11,Industrials,Agricultural Chemicals
ESE,ESCO Technologies Inc.,-2.52,1.57,7,26,83,Telecommunications,Telecommunications Equipment
HCXLY,Hiscox Ltd,4.48,8.83,87,95,75,Financial Services,Insurance - Property & Casualty
JAPSY,"Japan Airlines Co., Ltd.",-1.76,9.99,50,61,35,Industrials,Airlines
SOBO,South Bow Corporation,3.07,-0.01,76,100,80,Energy,Natural Gas Distribution
ALBBY,Alibaba Health Information Technology Limited,0.0,5.93,75,93,6,Healthcare,Pharmaceutical Retailers
EGIEY,Engie Brasil Energia S.A.,-2.33,-7.89,8,19,44,Utilities,Utilities - Renewable
TAP,Molson Coors Beverage Company,1.81,-2.57,32,54,19,Consumer Staples,Beverages (Production/Distribution)
LOTMY,LOTMY,-1.82,-7.29,27,48,41,Consumer Cyclical,Gambling
GMINF,G Mining Ventures Corp.,-7.82,9.22,21,30,65,Basic Materials,Gold
PCVX,"Vaxcyte, Inc.",-2.03,20.6,70,73,72,Health Care,Biotechnology: Pharmaceutical Preparations
SLOIY,Soitec SA,-11.59,-29.4,0,0,96,Technology,Semiconductor Equipment & Materials
SLOIF,Soitec SA,-3.59,-29.62,0,0,96,Technology,Semiconductor Equipment & Materials
SM,SM Energy Company,7.48,-4.44,71,84,72,Energy,Oil & Gas Production
NFG,National Fuel Gas Company,2.29,6.1,100,100,28,Utilities,Oil/Gas Transmission
ZJLMF,ZJLMF,0.0,-5.88,34,54,7,Consumer Cyclical,Auto Manufacturers
RHP,"Ryman Hospitality Properties, Inc.",-1.07,3.34,26,52,80,Real Estate,Real Estate Investment Trusts
STKAF,Stockland,0.0,-2.63,7,19,14,Real Estate,REIT - Diversified
MYRG,MYR Group Inc.,-1.78,-3.1,0,1,93,Industrials,Water Sewer Pipeline Comm & Power Line Construction
BCKIY,Babcock International Group PLC,-0.89,-4.49,53,59,10,Industrials,Engineering & Construction
ST,Sensata Technologies Holding plc,-2.03,-10.93,3,8,78,Industrials,Industrial Machinery/Components
LEA,Lear Corporation,-0.62,-6.69,27,48,68,Consumer Discretionary,Auto Parts:O.E.M.
VSOGF,"Vista Energy, S.A.B. de C.V.",0.0,0.0,22,85,89,Energy,Oil & Gas E&P
AVT,"Avnet, Inc.",-2.27,-3.77,31,44,89,Technology,Electronic Components
UBTRF,UBTRF,-5.86,-23.89,0,0,5,,
CHYM,"Chime Financial, Inc.",0.14,21.45,90,95,23,Finance,Finance: Consumer Services
VIST,"Vista Energy, S.A.B. de C.V.",1.02,-10.34,39,47,81,Energy,Oil & Gas Production
OPHLY,"Ono Pharmaceutical Co., Ltd.",-1.81,5.16,57,73,58,Healthcare,Drug Manufacturers - General
ZLNDY,Zalando SE,-0.26,4.14,90,91,48,Consumer Cyclical,Internet Retail
KNSL,"Kinsale Capital Group, Inc.",1.29,11.04,80,86,16,Finance,Property-Casualty Insurers
DITTF,"Daito Trust Construction Co.,Ltd.",-3.06,-5.0,0,16,10,Real Estate,Real Estate - Diversified
AXS,AXIS Capital Holdings Limited,1.29,15.52,98,98,66,Finance,Property-Casualty Insurers
TRNO,Terreno Realty Corporation,1.27,6.28,100,100,66,Finance,Real Estate
PB,"Prosperity Bancshares, Inc.",0.96,2.44,34,67,48,Finance,Major Banks
OR,OR Royalties Inc.,-1.88,-12.07,0,0,11,Basic Materials,Precious Metals
MORN,"Morningstar, Inc.",5.07,-1.74,90,100,15,Finance,Investment Managers
LKQ,LKQ Corporation,0.12,-2.19,9,33,12,Consumer Discretionary,Motor Vehicles
HR,Healthcare Realty Trust Incorporated,0.58,1.51,79,100,75,Real Estate,Real Estate Investment Trusts
DCCPY,DCC plc,0.0,0.0,41,91,36,Energy,Oil & Gas Refining & Marketing
DIFTY,"Daito Trust Construction Co.,Ltd.",0.0,0.21,66,80,23,Real Estate,Real Estate - Diversified
VIPS,Vipshop Holdings Limited,-0.14,0.22,82,100,17,Consumer Discretionary,Catalog/Specialty Distribution
PRIM,Primoris Services Corporation,-1.59,-9.75,0,3,5,Industrials,Water Sewer Pipeline Comm & Power Line Construction
SZCRF,SCOR SE,0.0,0.0,22,85,38,Financial Services,Insurance - Reinsurance
BBUC,Brookfield Business Corporation,-4.52,-6.09,2,19,21,Consumer Discretionary,Engineering & Construction
DOX,Amdocs Limited,1.64,-4.8,40,63,7,Technology,EDP Services
ZLDSF,Zalando SE,0.0,0.0,22,85,19,Consumer Cyclical,Internet Retail
FAF,First American Financial Corporation,1.08,8.05,78,84,67,Finance,Specialty Insurers
LNC,Lincoln National Corporation,2.82,12.9,100,100,62,Finance,Life Insurance
AWI,"Armstrong World Industries, Inc.",0.12,0.39,21,42,16,Industrials,Plastic Products
PPC,Pilgrim's Pride Corporation,0.92,-3.88,47,70,8,Consumer Staples,Meat/Poultry/Fish
MRCY,"Mercury Systems, Inc.",-9.0,-17.65,0,0,82,Technology,Electrical Products
VLOUF,Vallourec S.A.,6.31,-10.58,39,46,62,Basic Materials,Steel
KCDMF,"Kimberly-Clark de México, S. A. B. de C. V.",0.0,3.48,54,77,40,Consumer Defensive,Household & Personal Products
MTDR,Matador Resources Company,3.45,-0.95,70,95,47,Energy,Oil & Gas Production
TEX,Terex Corporation,-2.76,4.51,10,27,61,Industrials,Construction/Ag Equipment/Trucks
GRFS,"Grifols, S.A.",-0.96,-2.58,31,65,12,Health Care,Biotechnology: Pharmaceutical Preparations
EPRT,"Essential Properties Realty Trust, Inc.",0.64,4.49,100,100,43,Real Estate,Real Estate Investment Trusts
HRIBF,"HORIBA, Ltd.",0.0,2026.57,99,100,99,Technology,Scientific & Technical Instruments
AXTA,Axalta Coating Systems Ltd.,-1.35,-1.87,0,6,52,Consumer Discretionary,Paints/Coatings
LNWO,LNWO,-3.62,-19.04,0,0,9,Consumer Cyclical,Gambling
ONDS,Ondas Inc.,-4.13,-29.2,0,0,72,Technology,Radio And Television Broadcasting And Communications Equipment
TFPM,Triple Flag Precious Metals Corp.,-1.81,-1.46,0,1,20,Industrials,Precious Metals
BCUCY,Brunello Cucinelli S.p.A.,6.14,-6.4,47,62,20,Consumer Cyclical,Luxury Goods
THG,"The Hanover Insurance Group, Inc.",1.34,11.14,76,86,76,Finance,Property-Casualty Insurers
NPO,Enpro Inc.,-1.48,-2.68,7,10,83,Industrials,Metal Fabrications
BZ,Kanzhun Limited,3.78,4.01,94,99,16,Technology,Computer Software: Programming Data Processing
TRSBF,3SBio Inc.,0.0,-2.27,14,57,5,Healthcare,Biotechnology
LNTH,"Lantheus Holdings, Inc.",-0.24,1.03,28,51,88,Health Care,Biotechnology: In Vitro & In Vivo Diagnostic Substances
ASAAF,AT & S Austria Technologie & Systemtechnik Aktiengesellschaft,0.0,36.2,57,62,99,Technology,Electronic Components
SCRYY,SCOR SE,-0.53,2.47,56,88,56,Financial Services,Insurance - Reinsurance
YACAF,Yancoal Australia Ltd,8.24,-18.16,32,39,24,Energy,Thermal Coal
MSA,MSA Safety Incorporated,-1.2,5.69,51,80,33,Health Care,Industrial Specialties
BTG,B2Gold Corp.,-1.82,-7.58,3,20,14,Basic Materials,Precious Metals
FMOCF,"Fomento de Construcciones y Contratas, S.A.",0.0,0.0,22,85,80,Industrials,Waste Management
SBFFY,SBM Offshore N.V.,0.0,-6.7,43,63,64,Energy,Oil & Gas Equipment & Services
SULZF,Sulzer AG,0.0,-11.35,23,36,19,Industrials,Specialty Industrial Machinery
EFGIF,EFG International AG,0.0,0.0,22,85,55,Financial Services,Banks - Diversified
KMX,"CarMax, Inc.",2.58,6.4,100,100,60,Consumer Discretionary,Retail-Auto Dealers and Gas Stations
PSN,Parsons Corporation,-1.37,-4.22,73,82,13,Technology,EDP Services
FOVSY,Ford Otomotiv Sanayi A.S.,0.0,-0.33,13,44,11,Consumer Cyclical,Auto Manufacturers
BSDGY,Bosideng International Holdings Limited,1.9,4.78,100,100,52,Consumer Cyclical,Apparel Manufacturing
SOMMY,"Sumitomo Chemical Company, Limited",-3.38,-5.76,0,24,49,Basic Materials,Chemicals
WDPSF,Warehouses De Pauw SA,0.0,0.0,22,85,34,Real Estate,REIT - Industrial
COMP,"Compass, Inc.",-1.88,36.09,66,70,88,Technology,EDP Services
ZGN,Ermenegildo Zegna N.V.,-2.08,-10.75,15,37,77,Consumer Discretionary,Apparel
NVTS,Navitas Semiconductor Corporation,-4.45,-42.05,0,0,90,Technology,Semiconductors
APGE,"Apogee Therapeutics, Inc.",0.13,49.52,95,100,96,Health Care,Biotechnology: Biological Products (No Diagnostic Substances)
GBCI,"Glacier Bancorp, Inc.",0.52,6.71,72,94,56,Finance,Major Banks
TKCOF,"Toho Co., Ltd.",0.0,19.89,100,100,1,Communication Services,Entertainment
BYD,Boyd Gaming Corporation,-0.52,-0.7,11,48,37,Consumer Discretionary,Hotels/Resorts
KTWIF,Kurita Water Industries Ltd.,0.0,9.14,61,69,83,Industrials,Pollution & Treatment Controls
MSM,"MSC Industrial Direct Co., Inc.",0.79,8.07,100,100,85,Industrials,Industrial Machinery/Components
CDEVY,City Developments Limited,-5.83,-9.92,15,21,46,Real Estate,Real Estate - Development
VSNT,"Versant Media Group, Inc.",0.76,-10.11,10,24,21,Industrials,Broadcasting
IMCDY,IMCD N.V.,0.29,-5.45,55,76,25,Basic Materials,Specialty Chemicals
AZIHF,Azimut Holding S.p.A.,0.0,-2.55,38,52,58,Financial Services,Asset Management
RYTM,"Rhythm Pharmaceuticals, Inc.",-0.84,22.62,71,75,68,Health Care,Biotechnology: Pharmaceutical Preparations
GRGDF,GRGDF,0.0,-26.76,12,17,26,Consumer Cyclical,Apparel Retail
REECF,Reece Limited,0.0,0.0,22,85,79,Industrials,Industrial Distribution
GIGNF,Genting Singapore Limited,0.0,18.18,84,96,40,Consumer Cyclical,Resorts & Casinos
GATX,GATX Corporation,0.06,5.06,52,78,39,Consumer Discretionary,Transportation Services
GVA,Granite Construction Incorporated,-3.04,-14.5,0,0,45,Industrials,Military/Government/Technical
ENIC,Enel Chile S.A.,-2.01,-0.68,0,29,58,Utilities,Electric Utilities: Central
PEGA,Pegasystems Inc.,2.24,-2.55,69,90,5,Technology,EDP Services
SFGYY,SFGYY,0.0,3.6,100,100,25,Financial Services,Insurance - Life
CZR,"Caesars Entertainment, Inc.",-0.6,0.51,20,66,59,Consumer Discretionary,Hotels/Resorts
SRRK,Scholar Rock Holding Corporation,-3.54,22.4,77,83,77,Health Care,Biotechnology: Biological Products (No Diagnostic Substances)
MONOY,"MonotaRO Co., Ltd.",0.59,6.21,86,91,18,Consumer Cyclical,Internet Retail
SEKEY,Seiko Epson Corporation,-3.15,-2.16,46,75,82,Technology,Computer Hardware
AROC,"Archrock, Inc.",-1.12,5.63,32,45,83,Utilities,Natural Gas Distribution
VOPKF,Koninklijke Vopak N.V.,0.0,0.75,73,96,58,Energy,Oil & Gas Midstream
SFRRF,Sandfire Resources Limited,0.0,20.88,86,97,85,Basic Materials,Copper
VOPKY,Koninklijke Vopak N.V.,0.0,2.76,100,100,64,Energy,Oil & Gas Midstream
HROEY,"Hirose Electric Co.,Ltd.",-11.26,-3.34,0,6,85,Technology,Electronic Components
PACS,"PACS Group, Inc.",0.12,24.48,82,88,96,Health Care,Hospital/Nursing Management
OTEX,Open Text Corporation,2.43,7.77,100,100,21,Technology,EDP Services
GXO,"GXO Logistics, Inc.",-3.2,-1.65,7,42,21,Consumer Discretionary,Transportation Services
TMNSF,Temenos AG,0.0,-12.67,22,38,27,Technology,Software - Application
CTXAY,Ampol Limited,0.77,-4.43,87,100,77,Energy,Oil & Gas Refining & Marketing
IFS,Intercorp Financial Services Inc.,-1.48,8.2,93,100,85,Finance,Commercial Banks
APPF,"AppFolio, Inc.",2.46,12.66,100,100,30,Technology,Computer Software: Prepackaged Software
RGLXY,RTL Group S.A.,0.0,-9.32,16,28,48,Communication Services,Broadcasting
TKECY,"Tokyo Electric Power Company Holdings, Incorporated",2.73,-4.14,40,56,7,Utilities,Utilities - Renewable
AMTM,"Amentum Holdings, Inc.",-2.76,-7.47,5,22,9,Consumer Discretionary,Business Services
ABCB,Ameris Bancorp,-0.65,3.53,45,78,67,Finance,Major Banks
IBP,"Installed Building Products, Inc.",-1.15,7.45,46,65,19,Consumer Discretionary,Homebuilding
MNTHY,Minth Group Limited,-3.61,-10.01,22,32,15,Consumer Cyclical,Auto Parts
SLFPF,Aberdeen Group Plc,0.0,13.91,100,100,81,Financial Services,Asset Management
PCCWY,PCCW Limited,0.0,-5.1,8,26,31,Communication Services,Telecom Services
KMRRF,KMRRF,0.19,-10.92,12,31,20,,
IVCGF,Iveco Group N.V.,0.91,1.05,55,100,8,Industrials,Farm & Heavy Construction Machinery
SFGRF,SFGRF,0.0,13.75,97,98,1,Financial Services,Insurance - Life
G,Genpact Limited,3.78,-4.42,59,77,9,Consumer Discretionary,Professional Services
BTLCY,British Land Company PLC,-1.24,4.28,81,93,65,Real Estate,REIT - Diversified
UGP,Ultrapar Participações S.A.,0.0,22.45,100,100,84,Utilities,Oil/Gas Transmission
PECO,"Phillips Edison & Company, Inc.",0.67,1.75,49,86,69,Real Estate,Real Estate Investment Trusts
GNGBY,Getinge AB (publ),0.23,6.93,100,100,41,Healthcare,Medical Devices
FND,"Floor & Decor Holdings, Inc.",-3.82,2.19,40,54,18,Consumer Discretionary,RETAIL: Building Materials
BKH,Black Hills Corporation,0.78,5.6,62,88,64,Utilities,Electric Utilities: Central
QS,QuantumScape Corporation,-4.56,-13.14,0,0,7,Miscellaneous,Industrial Machinery/Components
SSMXF,Sysmex Corporation,0.0,0.0,22,85,17,Healthcare,Medical Devices
LQDA,Liquidia Corporation,-8.62,-0.59,24,32,97,Health Care,Biotechnology: Pharmaceutical Preparations
OZK,Bank OZK,0.78,-1.1,40,72,46,Finance,Major Banks
MC,Moelis & Company,-0.22,-7.72,4,20,32,Finance,Investment Managers
IRDM,Iridium Communications Inc.,-2.94,-2.34,44,54,95,Telecommunications,Telecommunications Equipment
SKSUY,"Sekisui Chemical Co., Ltd.",0.0,13.58,96,98,25,Industrials,Conglomerates
NXST,"Nexstar Media Group, Inc.",0.81,0.54,72,80,26,Industrials,Broadcasting
TMICF,Trend Micro Incorporated,0.0,-17.01,3,18,12,Technology,Software - Infrastructure
CRSP,CRISPR Therapeutics AG,-5.1,0.8,2,12,19,Health Care,Biotechnology: Biological Products (No Diagnostic Substances)
RANJY,Randstad N.V.,5.59,9.69,100,100,49,Industrials,Staffing & Employment Services
WFG,West Fraser Timber Co. Ltd.,-0.31,0.73,25,42,37,Basic Materials,Forest Products
TTBXF,Tritax Big Box REIT plc,-0.46,8.54,44,34,37,,
ARKAY,Arkema S.A.,2.28,-5.79,31,50,36,Basic Materials,Specialty Chemicals
LYFT,"Lyft, Inc.",0.38,14.3,99,100,34,Consumer Discretionary,Business Services
LPL,"LG Display Co., Ltd.",-3.23,-20.75,0,1,13,Technology,Industrial Machinery/Components
ESNT,Essent Group Ltd.,0.89,12.08,89,100,53,Finance,Property-Casualty Insurers
KLIC,"Kulicke and Soffa Industries, Inc.",-6.1,-4.6,6,8,95,Technology,Semiconductors
PCWLF,PCCW Limited,0.0,-8.22,16,40,34,Communication Services,Telecom Services
SYNA,Synaptics Incorporated,-6.0,-12.44,2,16,91,Technology,Semiconductors
HLHLY,HLHLY,0.0,0.0,22,85,79,Basic Materials,Paper & Paper Products
BRLAF,British Land Company PLC,0.0,-6.47,8,32,40,Real Estate,REIT - Diversified
WTBDY,Whitbread plc,-1.55,-2.06,0,4,15,Consumer Cyclical,Lodging
PRM,"Perimeter Solutions, Inc.",-4.22,-6.22,0,16,86,Industrials,Major Chemicals
MAAS,Maase Inc.,-14.36,3.12,6,10,98,Finance,Investment Managers
BLSH,Bullish,-5.61,-16.84,9,20,2,Finance,Finance: Consumer Services
RICOF,"Ricoh Company, Ltd.",0.0,0.0,22,85,1,Industrials,Business Equipment & Supplies
MGY,Magnolia Oil & Gas Corporation,3.53,-1.95,58,79,47,Energy,Oil & Gas Production
GOLF,Acushnet Holdings Corp.,-1.4,9.75,50,62,76,Consumer Discretionary,Recreational Games/Products/Toys
JDDSF,JD Sports Fashion Plc,0.0,-11.67,5,26,28,Consumer Cyclical,Apparel Retail
NICE,NICE Ltd.,3.75,17.48,100,100,19,Technology,Computer Software: Prepackaged Software
MUR,Murphy Oil Corporation,3.41,-9.33,42,53,55,Energy,Oil & Gas Production
SIGI,"Selective Insurance Group, Inc.",1.85,6.3,66,80,69,Finance,Property-Casualty Insurers
MTPOF,Metropolitan Bank & Trust Company,9.52,0.88,64,78,22,Financial Services,Banks - Regional
GNTX,Gentex Corporation,-1.2,-6.5,16,23,41,Consumer Discretionary,Auto Parts:O.E.M.
NFPDF,"Nissin Foods Holdings Co.,Ltd.",0.0,0.0,22,85,22,Consumer Defensive,Packaged Foods
BLFBY,BLFBY,-1.5,5.33,79,89,74,Industrials,Engineering & Construction
WTM,"White Mountains Insurance Group, Ltd.",-0.29,9.32,93,100,47,Finance,Property-Casualty Insurers
STVN,Stevanato Group S.p.A.,0.97,14.4,100,100,52,Health Care,Medical/Dental Instruments
DNTH,"Dianthus Therapeutics, Inc.",1.07,29.03,95,100,97,Health Care,Biotechnology: Pharmaceutical Preparations
LEGN,Legend Biotech Corporation,-4.91,-29.02,0,0,51,Health Care,Biotechnology: Pharmaceutical Preparations
WEX,WEX Inc.,1.63,17.39,100,100,39,Consumer Discretionary,Business Services
ALH,Alliance Laundry Holdings Inc.,-1.52,0.08,18,58,53,Industrials,Industrial Machinery/Components
BGC,"BGC Group, Inc.",1.86,-2.05,18,30,57,Finance,Investment Bankers/Brokers/Service
ACLLF,ATCO Ltd.,1.73,3.01,92,100,78,Utilities,Utilities - Diversified
OLLI,"Ollie's Bargain Outlet Holdings, Inc.",0.66,-21.9,14,17,3,Consumer Discretionary,Department/Specialty Retail Stores
SPHR,Sphere Entertainment Co.,-2.17,-3.84,0,0,95,Consumer Discretionary,Services-Misc. Amusement & Recreation
CHH,"Choice Hotels International, Inc.",-0.89,1.5,20,40,32,Consumer Discretionary,Hotels/Resorts
AX,"Axos Financial, Inc.",-0.25,8.83,73,86,53,Finance,Savings Institutions
ADT,ADT Inc.,1.04,0.89,71,77,21,Consumer Discretionary,Diversified Commercial Services
LGMMY,LEG Immobilien SE,0.0,-6.85,8,36,29,Real Estate,Real Estate Services
UWMC,UWM Holdings Corporation,-3.85,-12.48,0,8,2,Finance,Finance: Consumer Services
RDW,Redwire Corporation,-5.8,-43.89,0,0,24,Industrials,Military/Government/Technical
TGS,Transportadora de Gas del Sur S.A.,-0.94,-8.87,37,50,53,Utilities,Natural Gas Distribution
SEB,Seaboard Corporation,0.86,-9.92,34,45,59,Industrials,Farming/Seeds/Milling
OPEN,Opendoor Technologies Inc.,-5.88,0.34,20,33,92,Finance,Real Estate
BDVSY,The Bidvest Group Limited,-0.21,-0.45,8,32,44,Industrials,Conglomerates
LBRDB,Liberty Broadband Corporation,0.0,-4.7,4,21,2,Communication Services,Telecom Services
CWSRF,Chartwell Retirement Residences,-1.81,5.33,79,86,61,Real Estate,REIT - Healthcare Facilities
TCCHF,Technogym S.p.A.,0.0,0.0,22,85,90,Consumer Cyclical,Leisure
CIGI,Colliers International Group Inc.,-0.98,-0.28,62,71,8,Finance,Real Estate
MAQAF,Atlas Arteria Limited,15.21,21.01,100,100,78,Industrials,Infrastructure Operations
SON,Sonoco Products Company,-4.01,6.17,46,59,58,Consumer Discretionary,Containers/Packaging
PSMMY,Persimmon Plc,2.2,6.91,45,70,22,Consumer Cyclical,Residential Construction
PMMAF,PUMA SE,0.0,3.72,21,56,60,Consumer Cyclical,Footwear & Accessories
JMPLY,Johnson Matthey Plc,-1.13,-4.81,12,32,32,Basic Materials,Specialty Chemicals
XXI,"Twenty One Capital, Inc.",-2.85,-10.49,14,31,1,Finance,Finance: Consumer Services
MAIN,Main Street Capital Corporation,-0.62,2.61,100,100,28,Finance,Finance/Investors Services
ATDRF,Autotrader Group plc,0.0,0.7,44,64,12,Communication Services,Internet Content & Information
REZI,"Resideo Technologies, Inc.",4.3,13.57,100,100,42,Industrials,Wholesale Distributors
KEN,Kenon Holdings Ltd.,-0.78,-9.49,0,18,55,Utilities,Electric Utilities: Central
GHC,Graham Holdings Company,2.23,2.43,81,100,58,Real Estate,Other Consumer Services
CRNLF,Capricorn Metals Ltd,0.0,20.59,76,87,59,Basic Materials,Gold
CLSK,"CleanSpark, Inc.",-3.81,-23.56,0,0,40,Finance,Finance: Consumer Services
POWI,"Power Integrations, Inc.",-3.65,-10.7,13,17,87,Technology,Semiconductors
CSTM,Constellium SE,-1.61,-17.09,0,1,87,Industrials,Metal Fabrications
WSC,WillScot Holdings Corporation,0.27,-4.01,24,30,72,Industrials,Misc Corporate Leasing Services
LGND,Ligand Pharmaceuticals Incorporated,-2.21,21.48,82,86,93,Health Care,Biotechnology: Pharmaceutical Preparations
SEDG,"SolarEdge Technologies, Inc.",-5.53,-10.8,12,23,89,Technology,Semiconductors
MTPOY,Metropolitan Bank & Trust Company,0.0,8.7,69,87,25,Financial Services,Banks - Regional
MKTX,MarketAxess Holdings Inc.,1.33,-0.83,31,53,4,Finance,Investment Bankers/Brokers/Service
ASB,Associated Banc-Corp,0.56,6.25,54,78,67,Finance,Major Banks
BKEAY,"The Bank of East Asia, Limited",1.27,-6.98,15,25,30,Financial Services,Banks - Regional
NPTVF,"Nippon Television Holdings, Inc.",0.0,-1.04,68,93,1,Communication Services,Broadcasting
TRKNY,Türk Telekomünikasyon Anonim Sirketi,0.0,-3.77,1,5,15,Communication Services,Telecom Services
MTRN,Materion Corporation,-4.23,0.3,0,11,95,Industrials,Industrial Specialties
MEOH,Methanex Corporation,4.64,-13.34,44,51,61,Industrials,Major Chemicals
SGBAF,SES S.A.,0.0,-6.77,81,82,75,Communication Services,Broadcasting
BLLN,"BillionToOne, Inc.",-2.78,23.68,84,91,82,Health Care,Medical Specialities
WYGPY,Worley Limited,5.27,-15.93,16,20,15,Energy,Oil & Gas Equipment & Services
CUYTY,Colruyt Group N.V.,0.0,9.94,70,79,50,Consumer Defensive,Grocery Stores
CBT,Cabot Corporation,0.6,2.78,36,44,69,Industrials,Major Chemicals
CYAGF,"CyberAgent, Inc.",0.0,-0.34,20,78,1,Communication Services,Advertising Agencies
CMBT,Cmb.Tech NV,-0.83,3.35,62,80,89,Consumer Discretionary,Marine Transportation
MIAX,"Miami International Holdings, Inc.",-1.21,2.52,78,82,49,Finance,Investment Bankers/Brokers/Service
LAUR,"Laureate Education, Inc.",-0.87,5.69,97,100,81,Real Estate,Other Consumer Services
SPGNY,Springer Nature AG & Co. KGaA,0.0,-7.22,7,19,36,Communication Services,Publishing
CNR,"Core Natural Resources, Inc.",2.42,-6.84,38,51,29,Energy,Coal Mining
LMND,"Lemonade, Inc.",0.16,23.5,63,68,80,Finance,Property-Casualty Insurers
RMLRF,Ramelius Resources Limited,-1.43,3.5,19,36,16,Basic Materials,Gold
RTMVF,Rightmove plc,0.0,-0.34,22,85,14,Communication Services,Internet Content & Information
MMYT,MakeMyTrip Limited,-2.63,36.75,89,89,28,Consumer Discretionary,Transportation Services
TNEYF,Tamarack Valley Energy Ltd.,2.55,-2.12,92,100,93,Energy,Oil & Gas E&P
MBRFY,MBRF Global Foods Company S.A.,0.99,0.66,23,43,13,Consumer Defensive,Packaged Foods
ANIOY,"Acerinox, S.A.",1.64,-1.59,46,67,80,Basic Materials,Steel
TLPFY,Teleperformance SE,6.13,-1.69,73,86,29,Industrials,Specialty Business Services
AYALY,Ayala Corporation,0.0,13.64,73,77,15,Industrials,Conglomerates
TVTX,"Travere Therapeutics, Inc.",-0.53,15.09,46,62,96,Health Care,Biotechnology: Pharmaceutical Preparations
FTDR,"Frontdoor, Inc.",-0.69,10.77,56,67,76,Consumer Discretionary,Diversified Commercial Services
MRP,"Millrose Properties, Inc.",-0.7,-1.24,14,42,33,Finance,Real Estate
NDCVF,Nordic Semiconductor ASA,-4.36,-11.56,0,0,52,Technology,Semiconductors
TCBIO,"Texas Capital Bancshares, Inc.",-0.19,1.08,38,95,39,Finance,Major Banks
CAAP,Corporación América Airports S.A.,0.04,-6.11,11,23,51,Consumer Discretionary,Aerospace
WNDLF,Wendel,0.0,-10.05,6,27,37,Financial Services,Asset Management
TREX,"Trex Company, Inc.",-2.67,-0.95,0,26,41,Basic Materials,Forest Products
CNO,"CNO Financial Group, Inc.",0.46,4.46,53,82,79,Finance,Accident &Health Insurance
TORXF,Torex Gold Resources Inc.,-1.47,-5.61,0,2,17,Basic Materials,Gold
MNDY,monday.com Ltd.,5.3,9.12,100,100,16,Technology,Computer Software: Prepackaged Software
RBSFY,Rubis,0.0,-11.87,33,39,36,Energy,Oil & Gas Refining & Marketing
BKGFF,The Berkeley Group Holdings plc,0.0,2.17,82,95,20,Consumer Cyclical,Residential Construction
BTDR,Bitdeer Technologies Group,-8.73,-31.27,0,0,31,Finance,Finance: Consumer Services
HKMPF,Hikma Pharmaceuticals PLC,0.0,10.21,85,97,42,Healthcare,Drug Manufacturers - Specialty & Generic
YSS,"York Space Systems, Inc.",-3.82,-43.27,0,0,2,Industrials,Military/Government/Technical
DOO,BRP Inc.,-0.14,0.06,14,34,19,Consumer Discretionary,Industrial Specialties
CITAF,"COSCO SHIPPING Development Co., Ltd.",0.0,8.72,100,100,35,Industrials,Aerospace & Defense
MZDAF,Mazda Motor Corporation,4.48,2.04,36,56,53,Consumer Cyclical,Auto Manufacturers
LBTYB,Liberty Global Ltd.,9.87,-5.88,65,74,54,Telecommunications,Cable & Other Pay Television Services
AMRX,"Amneal Pharmaceuticals, Inc.",1.0,5.14,66,90,90,Health Care,Biotechnology: Pharmaceutical Preparations
LASR,"nLIGHT, Inc.",-4.52,-1.99,63,68,95,Technology,Semiconductors
LION,Lionsgate Studios Corp.,-1.34,-4.53,0,2,92,Consumer Discretionary,Movies/Entertainment
POST,"Post Holdings, Inc.",0.49,-6.94,23,36,15,Consumer Staples,Packaged Foods
ANDG,ANDG,-2.24,19.88,81,90,92,Consumer Discretionary,Business Services
FULTP,Fulton Financial Corporation,-0.5,-1.17,7,72,34,Finance,Major Banks
FMCKL,Federal Home Loan Mortgage Corporation,-6.0,-11.53,0,0,4,Financial Services,Mortgage Finance
FMCKJ,Federal Home Loan Mortgage Corporation,-3.68,-12.94,0,0,4,Financial Services,Mortgage Finance
FMCCM,Federal Home Loan Mortgage Corporation,0.0,-0.9,19,24,5,Financial Services,Mortgage Finance
FMCKO,Federal Home Loan Mortgage Corporation,-3.85,-9.38,0,0,3,Financial Services,Mortgage Finance
FMCCN,Federal Home Loan Mortgage Corporation,0.0,-3.12,34,58,5,Financial Services,Mortgage Finance
FMCKP,Federal Home Loan Mortgage Corporation,-2.58,-3.46,0,0,5,Financial Services,Mortgage Finance
FMCCP,Federal Home Loan Mortgage Corporation,-3.33,-6.45,0,16,5,Financial Services,Mortgage Finance
FMCKI,Federal Home Loan Mortgage Corporation,-2.61,-10.84,0,0,4,Financial Services,Mortgage Finance
AGLXY,AGL Energy Limited,-1.01,-4.54,43,63,23,Utilities,Utilities - Independent Power Producers
CYGIY,"CyberAgent, Inc.",0.0,5.93,100,100,53,Communication Services,Advertising Agencies
BDC,Belden Inc.,-4.39,-8.75,0,0,14,Industrials,Telecommunications Equipment
GTMEF,"Globe Telecom, Inc.",0.0,0.0,22,85,5,Communication Services,Telecom Services
AZZ,AZZ Inc.,0.03,-2.27,27,39,74,Industrials,Industrial Specialties
KLBAY,Klabin S.A.,0.44,5.7,99,100,32,Basic Materials,Paper & Paper Products
BRC,Brady Corporation,0.27,11.68,77,89,65,Consumer Discretionary,Miscellaneous manufacturing industries
SKY,"Champion Homes, Inc.",-1.32,-0.37,15,34,47,Consumer Discretionary,Homebuilding
AGLNF,AGL Energy Limited,-6.87,-7.33,0,0,19,Utilities,Utilities - Independent Power Producers
PHI,PLDT Inc.,0.81,7.3,100,100,24,Telecommunications,Telecommunications Equipment
ENVA,"Enova International, Inc.",-2.55,22.37,80,90,93,Finance,Finance: Consumer Services
PSUS,"Pershing Square USA, Ltd.",-1.11,0.48,0,44,23,Financial Services,Asset Management
EMAT,Evolution Metals & Technologies Corp.,-2.49,-21.91,4,5,1,Basic Materials,Other Industrial Metals & Mining
VNT,Vontier Corporation,-0.27,2.34,33,58,9,Industrials,Industrial Machinery/Components
RUN,Sunrun Inc.,-0.48,-1.12,13,19,17,Miscellaneous,Industrial Machinery/Components
DSRLF,DiaSorin S.p.A.,0.0,-8.15,26,50,35,Healthcare,Diagnostics & Research
CDPYF,Canadian Apartment Properties Real Estate Investment Trust,0.52,-0.51,32,83,22,Real Estate,REIT - Residential
SPASF,SATS Ltd.,0.0,32.96,100,100,79,Industrials,Airports & Air Services
SNNRF,SNNRF,0.1,-8.71,13,18,34,,
TSPCF,Cleanaway Waste Management Limited,-9.94,-8.26,0,0,13,Industrials,Waste Management
NAMS,NewAmsterdam Pharma Company N.V.,-5.62,9.98,47,54,50,Health Care,Biotechnology: Pharmaceutical Preparations
IRT,"Independence Realty Trust, Inc.",0.6,1.75,66,76,46,Real Estate,Real Estate Investment Trusts
DOCS,"Doximity, Inc.",2.39,11.34,81,85,4,Technology,EDP Services
SOUN,"SoundHound AI, Inc.",-2.26,-7.29,16,38,6,Technology,Computer Software: Prepackaged Software
NP,Neptune Insurance Holdings Inc.,0.81,18.79,70,77,76,Finance,Specialty Insurers
CATY,Cathay General Bancorp,0.21,2.92,53,85,73,Finance,Major Banks
VLEEF,Valeo SE,0.0,0.0,22,85,80,Consumer Cyclical,Auto Parts
BFLBF,Bilfinger SE,0.0,-12.82,4,18,11,Industrials,Engineering & Construction
ATHOF,Athabasca Oil Corporation,4.33,-7.0,62,77,85,Energy,Oil & Gas E&P
DAN,Dana Incorporated,-0.33,-9.53,36,42,59,Consumer Discretionary,Auto Parts:O.E.M.
CPRX,"Catalyst Pharmaceuticals, Inc.",0.03,0.35,23,85,84,Health Care,Biotechnology: Pharmaceutical Preparations
WAY,Waystar Holding Corp.,2.67,24.82,87,88,12,Technology,EDP Services
OII,"Oceaneering International, Inc.",2.66,8.59,100,100,90,Energy,Oilfield Services/Equipment
BFLBY,Bilfinger SE,0.0,-4.83,6,24,9,Industrials,Engineering & Construction
HHH,Howard Hughes Holdings Inc.,-0.53,7.52,62,75,37,Real Estate,Real Estate Investment Trusts
KAI,Kadant Inc.,-0.92,1.16,12,27,24,Industrials,Industrial Machinery/Components
MMSI,"Merit Medical Systems, Inc.",-0.25,9.52,94,100,23,Health Care,Medical/Dental Instruments
RNST,Renasant Corporation,0.0,1.19,29,68,61,Finance,Major Banks
CRNX,"Crinetics Pharmaceuticals, Inc.",0.11,149.54,100,100,96,Health Care,Biotechnology: Pharmaceutical Preparations
TWODY,Taylor Wimpey plc,1.4,6.65,44,62,14,Consumer Cyclical,Residential Construction
MMTOF,Mitsubishi Motors Corporation,0.0,-0.49,22,84,21,Consumer Cyclical,Auto Manufacturers
WSFS,WSFS Financial Corporation,0.23,4.64,70,98,78,Finance,Major Banks
FBP,First BanCorp.,-0.15,6.56,77,100,73,Finance,Major Banks
BANF,BancFirst Corporation,0.72,1.1,61,100,33,Finance,Major Banks
SMSMY,Sims Limited,-3.89,-11.55,0,0,88,Basic Materials,Steel
BILL,"BILL Holdings, Inc.",3.63,33.4,100,100,37,Technology,EDP Services
EWTX,"Edgewise Therapeutics, Inc.",-9.12,21.63,51,56,95,Health Care,Biotechnology: Pharmaceutical Preparations
MJPNF,"Micronics Japan Co., Ltd.",13.83,18.15,100,100,1,Technology,Semiconductor Equipment & Materials
CCKRF,CCKRF,0.0,2.03,60,66,39,Healthcare,Pharmaceutical Retailers
SSLLF,Siltronic AG,0.0,5.3,63,73,93,Technology,Semiconductors
UNLRY,PT Unilever Indonesia Tbk,2.04,16.21,100,100,29,Consumer Defensive,Household & Personal Products
SECCF,Serco Group plc,0.0,-4.4,8,31,27,Industrials,Specialty Business Services
OTTR,Otter Tail Corporation,0.11,0.62,27,69,50,Utilities,Electric Utilities: Central
RNG,"RingCentral, Inc.",0.67,11.63,100,100,85,Technology,EDP Services
MANU,Manchester United plc,1.23,-5.18,37,60,81,Consumer Discretionary,Services-Misc. Amusement & Recreation
BTE,Baytex Energy Corp.,3.44,-9.73,44,54,86,Energy,Oil & Gas Production
SMGSY,SMGSY,6.36,-2.98,61,83,14,Communication Services,Internet Content & Information
BFH,"Bread Financial Holdings, Inc.",0.7,-4.38,18,25,85,Consumer Discretionary,Business Services
TXG,"10x Genomics, Inc.",-2.25,43.79,91,95,97,Industrials,Biotechnology: Laboratory Analytical Instruments
BHFAM,"Brighthouse Financial, Inc.",-0.28,-2.22,11,72,25,Finance,Life Insurance
CVBF,CVB Financial Corp.,-0.09,8.29,77,95,62,Finance,Major Banks
LEU,Centrus Energy Corp.,-8.77,-1.66,0,0,5,Industrials,Mining & Quarrying of Nonmetallic Minerals (No Fuels)
CMTOY,Cementos Argos S.A.,-0.35,36.6,59,64,91,Basic Materials,Building Materials
CWYUF,SmartCentres Real Estate Investment Trust,-0.37,0.89,23,72,61,Real Estate,REIT - Retail
ELRXF,AB Electrolux (publ),0.0,-15.28,2,6,1,Consumer Cyclical,"Furnishings, Fixtures & Appliances"
NHI,"National Health Investors, Inc.",0.76,6.74,69,84,35,Real Estate,Real Estate Investment Trusts
PEGRF,Pennon Group Plc,0.0,-7.94,6,24,13,Utilities,Utilities - Regulated Water
CHCLY,"Citizen Watch Co., Ltd.",0.0,0.1,12,60,96,Consumer Cyclical,Footwear & Accessories
EUZOF,Eurazeo SE,0.0,-0.17,22,85,18,Financial Services,Asset Management
GPGI,"GPGI, Inc.",-2.26,17.27,33,39,13,Finance,Finance: Consumer Services
CGAU,Centerra Gold Inc.,-2.16,1.6,13,31,76,Basic Materials,Precious Metals
FRTAY,freenet AG,0.0,-9.41,6,32,24,Communication Services,Telecom Services
SLG,SL Green Realty Corp.,-0.66,-4.64,3,18,45,Real Estate,Real Estate Investment Trusts
FUL,H.B. Fuller Company,0.27,-11.86,10,18,21,Industrials,Home Furnishings
FLNC,"Fluence Energy, Inc.",-6.19,-37.56,0,0,62,Miscellaneous,Industrial Machinery/Components
ZLDPF,Zealand Pharma A/S,0.0,0.36,49,63,10,Healthcare,Biotechnology
EXTR,"Extreme Networks, Inc.",-2.37,5.92,84,95,94,Telecommunications,Computer Communications Equipment
FIBK,"First Interstate BancSystem, Inc.",-0.05,6.21,76,90,69,Finance,Major Banks
LIF,"Life360, Inc.",-4.31,15.33,52,58,31,Technology,EDP Services
PRBZF,Premium Brands Holdings Corporation,-0.75,0.81,92,100,32,Consumer Defensive,Packaged Foods
KEEL,Keel Infrastructure Corp.,-6.24,-21.01,0,0,96,Finance,Finance: Consumer Services
AVA,Avista Corporation,0.43,0.17,71,100,53,Utilities,Power Generation
PIFMY,PT Indofood Sukses Makmur Tbk,-3.31,12.04,75,88,24,Consumer Defensive,Packaged Foods
PHPRF,Primary Health Properties Plc,0.0,-3.19,12,48,51,Real Estate,REIT - Healthcare Facilities
AMFPY,Amplifon S.p.A.,0.0,-0.68,18,71,4,Healthcare,Medical Distribution
PPTA,Perpetua Resources Corp.,-4.01,-20.39,0,0,10,Basic Materials,Precious Metals
MMED,"MiniMed Group, Inc.",5.3,4.07,100,100,34,Health Care,Medical/Dental Instruments
BKU,"BankUnited, Inc.",-0.62,-0.78,18,53,61,Finance,Savings Institutions
SUNC,SunocoCorp LLC,2.3,8.12,100,100,82,Energy,Integrated oil Companies
CLCGY,Clicks Group Limited,-3.5,-6.64,0,6,6,Healthcare,Pharmaceutical Retailers
SENGF,"SINOPEC Engineering (Group) Co., Ltd.",0.0,0.0,22,85,74,Industrials,Engineering & Construction
ETOR,eToro Group Ltd.,-2.39,-2.09,20,37,42,Finance,Investment Bankers/Brokers/Service
WSBC,"WesBanco, Inc.",0.33,8.55,76,90,64,Finance,Major Banks
ELF,"e.l.f. Beauty, Inc.",-2.15,23.76,77,87,18,Consumer Discretionary,Package Goods/Cosmetics
XNYIF,Xinyi Solar Holdings Limited,0.0,-30.43,2,4,3,Technology,Solar
BFAM,Bright Horizons Family Solutions Inc.,1.98,14.47,85,87,11,Consumer Discretionary,Other Consumer Services
KGDEY,Kingdee International Software Group Company Limited,-6.62,-11.01,47,52,2,Technology,Software - Application
GEF,"Greif, Inc.",-3.04,7.32,35,58,50,Consumer Cyclical,Packaging & Containers
GNW,"Genworth Financial, Inc.",3.91,8.14,82,97,60,Finance,Life Insurance
CNK,"Cinemark Holdings, Inc.",0.38,-14.29,6,13,50,Consumer Discretionary,Movies/Entertainment
CHFLF,China Feihe Limited,0.0,-18.6,3,13,62,Consumer Defensive,Packaged Foods
AVNT,Avient Corporation,-1.28,-1.87,0,8,42,Industrials,Major Chemicals
KREVF,Keppel REIT,0.0,8.52,49,65,23,Real Estate,REIT - Office
TLPPF,Telix Pharmaceuticals Limited,3.55,11.2,38,46,47,Healthcare,Biotechnology
NSIT,"Insight Enterprises, Inc.",1.29,9.74,91,100,84,Consumer Discretionary,Catalog/Specialty Distribution
SECYF,SECURE Waste Infrastructure Corp.,-0.23,7.49,69,76,74,Industrials,Waste Management
KN,Knowles Corporation,-3.1,-9.0,16,19,89,Consumer Staples,Consumer Electronics/Appliances
DYN,"Dyne Therapeutics, Inc.",0.94,31.7,91,96,91,Health Care,Biotechnology: Pharmaceutical Preparations
CON,"Concentra Group Holdings Parent, Inc.",-0.51,15.23,83,90,89,Health Care,Medical Specialities
PRMRF,Paramount Resources Ltd.,2.52,-4.87,58,79,65,Energy,Oil & Gas E&P
BATRA,"Atlanta Braves Holdings, Inc.",3.07,3.38,82,98,74,Consumer Discretionary,Services-Misc. Amusement & Recreation
SVYSF,Solvay SA,-0.62,-1.64,27,42,34,Basic Materials,Chemicals
ALHC,"Alignment Healthcare, Inc.",2.77,0.69,15,27,60,Health Care,Medical Specialities
SLVYY,Solvay SA,0.68,-2.31,18,48,32,Basic Materials,Chemicals
ISLMF,ISLMF,2.36,30.93,75,84,11,,
TOWN,TowneBank,0.14,2.79,46,78,46,Finance,Major Banks
VGNT,Versigent PLC,-1.62,-15.78,11,26,81,Consumer Cyclical,Auto Parts
CHEF,"The Chefs' Warehouse, Inc.",1.72,8.56,83,88,91,Consumer Discretionary,Food Distributors
KXSCF,Kinaxis Inc.,3.37,-5.59,57,74,30,Technology,Software - Application
SFNC,Simmons First National Corporation,0.52,4.56,65,94,67,Finance,Major Banks
REDLF,REDLF,0.0,21.5,67,69,64,Basic Materials,Gold
SBLK,Star Bulk Carriers Corp.,0.72,-0.41,62,87,81,Consumer Discretionary,Marine Transportation
CTRRF,CT Real Estate Investment Trust,-2.16,2.83,54,78,62,Real Estate,REIT - Retail
CLMT,"Calumet, Inc.",0.28,13.34,100,100,94,Energy,Integrated oil Companies
TGSNF,TGS ASA,0.0,-13.5,32,39,84,Energy,Oil & Gas Equipment & Services
HAE,Haemonetics Corporation,0.92,-3.69,61,88,72,Health Care,Medical/Dental Instruments
CURB,Curbline Properties Corp.,-0.33,2.05,14,50,76,Finance,Real Estate
HAWK,"HawkEye 360, Inc.",-2.3,-23.79,9,11,2,Technology,EDP Services
HAYW,"Hayward Holdings, Inc.",-2.14,5.91,38,54,42,Industrials,Industrial Machinery/Components
MPT,"Medical Properties Trust, Inc.",-0.44,-7.91,11,35,29,Real Estate,Real Estate Investment Trusts
STLJF,Stella-Jones Inc.,0.0,-4.11,8,24,23,Basic Materials,Lumber & Wood Production
FSK,FS KKR Capital Corp.,0.09,3.96,100,100,21,Finance,Investment Managers
ARCB,ArcBest Corporation,1.61,-13.42,26,36,92,Industrials,Trucking Freight/Courier Services
BOH,Bank of Hawaii Corporation,-0.12,4.5,69,93,65,Finance,Major Banks
ATS,ATS Corporation,-2.33,1.56,0,31,27,Industrials,Industrial Machinery/Components
GPOR,Gulfport Energy Corporation,1.56,-4.92,18,27,12,Energy,Oil & Gas Production
IPAR,"Interparfums, Inc.",-0.68,19.23,84,85,72,Consumer Discretionary,Package Goods/Cosmetics
RHI,Robert Half Inc.,9.85,12.66,100,100,78,Consumer Discretionary,Professional Services
WDOFF,Wesdome Gold Mines Ltd.,-0.92,4.49,59,73,49,Basic Materials,Gold
YUEIY,Yue Yuen Industrial (Holdings) Limited,-1.39,-7.71,48,61,32,Consumer Cyclical,Footwear & Accessories
TATYY,Tate & Lyle plc,0.0,1.31,24,91,87,Consumer Defensive,Packaged Foods
NIC,"Nicolet Bankshares, Inc.",0.3,11.79,79,93,68,Finance,Major Banks
JTCPF,JTC PLC,0.0,-1.0,21,82,56,Financial Services,Asset Management
KLRA,"Kailera Therapeutics, Inc.",-3.43,2.2,30,38,9,Health Care,Biotechnology: Pharmaceutical Preparations
HMNKF,HMS Networks AB (publ),0.0,0.0,22,85,90,Technology,Communication Equipment
BWLP,BW LPG Limited,2.29,-6.55,61,74,87,Consumer Discretionary,Transportation Services
PAY,"Paymentus Holdings, Inc.",2.52,39.87,100,100,44,Consumer Discretionary,Business Services
EXK,Endeavour Silver Corp.,-2.97,-3.21,5,9,32,Basic Materials,Precious Metals
OLN,Olin Corporation,2.27,-12.6,25,35,15,Industrials,Major Chemicals
AKR,Acadia Realty Trust,0.23,-1.95,28,71,53,Real Estate,Real Estate Investment Trusts
SDRL,Seadrill Limited,4.37,-4.8,63,80,62,Energy,Oil & Gas Production
VOYG,"Voyager Technologies, Inc.",-4.81,-38.04,0,5,20,Industrials,Military/Government/Technical
WSIOF,Wasion Holdings Limited,0.0,0.0,22,85,97,Industrials,Electrical Equipment & Parts
VAC,Marriott Vacations Worldwide Corporation,-0.67,5.15,33,59,87,Finance,Real Estate
OPMXF,"Operadora de Sites Mexicanos, S.A.B. de C.V.",-0.98,1.22,77,84,97,Industrials,Engineering & Construction
GRBK,"Green Brick Partners, Inc.",-2.36,-1.56,2,24,48,Consumer Discretionary,Homebuilding
IMPJY,Webuild S.p.A.,0.0,-8.25,20,41,7,Industrials,Engineering & Construction
BRZE,"Braze, Inc.",5.85,22.81,100,100,58,Technology,Computer Software: Prepackaged Software
LGDDF,Lagardere SA,0.0,0.0,22,85,24,Consumer Cyclical,Specialty Retail
DRTGF,Jet2 plc,0.0,18.84,100,100,59,Consumer Cyclical,Travel Services
TR,"Tootsie Roll Industries, Inc.",-0.37,-1.62,36,54,31,Consumer Staples,Specialty Foods
VNET,"VNET Group, Inc.",-3.62,-13.74,7,20,21,Technology,Computer Software: Programming Data Processing
ACOPF,The a2 Milk Company Limited,0.0,35.0,82,84,19,Consumer Defensive,Packaged Foods
PHIN,PHINIA Inc.,-1.23,-5.66,9,16,77,Consumer Discretionary,Auto Parts:O.E.M.
MGEE,"MGE Energy, Inc.",0.49,7.13,70,82,39,Energy,Electric Utilities: Central
IPCFF,International Petroleum Corporation,3.25,-13.22,26,35,59,Energy,Oil & Gas E&P
ZIM,ZIM Integrated Shipping Services Ltd.,-0.71,-8.14,5,18,75,Consumer Discretionary,Marine Transportation
JTTRY,"Japan Airport Terminal Co., Ltd.",0.0,2.65,73,91,39,Industrials,Airports & Air Services
ACOPY,The a2 Milk Company Limited,0.0,37.45,91,91,24,Consumer Defensive,Packaged Foods
VISN,"Vistance Networks, Inc.",-2.88,-4.11,4,4,94,Technology,Radio And Television Broadcasting And Communications Equipment
KD,"Kyndryl Holdings, Inc.",2.92,9.22,95,95,4,Technology,EDP Services
YUEIF,Yue Yuen Industrial (Holdings) Limited,7.53,-9.25,29,35,16,Consumer Cyclical,Footwear & Accessories
ATKR,Atkore Inc.,-0.78,-9.25,18,26,46,Miscellaneous,Industrial Machinery/Components
WK,Workiva Inc.,4.54,11.01,100,100,12,Technology,Computer Software: Prepackaged Software
GMRS,GMR Solutions Inc.,-6.53,12.01,67,72,43,Consumer Discretionary,Transportation Services
IHS,IHS Holding Limited,-0.72,-0.84,26,83,59,Telecommunications,Telecommunications Equipment
FSLY,"Fastly, Inc.",2.25,6.09,94,100,94,Technology,Computer Software: Prepackaged Software
TRMD,TORM plc,-2.1,-0.31,59,76,81,Consumer Discretionary,Marine Transportation
CALY,Callaway Golf Company,0.38,10.01,56,70,91,Consumer Discretionary,Recreational Games/Products/Toys
DRMKY,dormakaba Holding AG,-0.07,11.92,54,64,31,Industrials,Building Products & Equipment
BRLXF,Boralex Inc.,0.0,-2.47,11,54,66,Utilities,Utilities - Renewable
BICEY,Société BIC SA,2.21,8.42,77,83,59,Consumer Defensive,Household & Personal Products
SUEZY,Südzucker AG,0.0,-15.77,3,15,29,Consumer Defensive,Packaged Foods
FCPT,"Four Corners Property Trust, Inc.",0.92,2.94,58,91,45,Real Estate,Real Estate Investment Trusts
NMIH,"NMI Holdings, Inc.",0.9,13.04,95,100,52,Finance,Property-Casualty Insurers
SRAIF,Stadler Rail AG,0.0,-0.11,22,85,66,Industrials,Railroads
TGB,Trekor Metals Limited,-3.84,2.48,43,56,81,Basic Materials,Precious Metals
NVG,Nuveen AMT-Free Municipal Credit Income Fund,-0.08,1.1,37,87,48,Finance,Investment Managers
CZMWY,Carl Zeiss Meditec AG,2.32,22.41,100,100,19,Healthcare,Medical Instruments & Supplies
HUN,Huntsman Corporation,4.31,-22.58,20,26,40,Industrials,Major Chemicals
MLFNF,Maple Leaf Foods Inc.,-1.75,-6.45,4,22,37,Consumer Defensive,Packaged Foods
SUPN,"Supernus Pharmaceuticals, Inc.",-2.29,3.95,53,63,44,Health Care,Biotechnology: Pharmaceutical Preparations
SMTGF,SMA Solar Technology AG,0.0,7.66,33,43,91,Technology,Solar
HTFL,"Heartflow, Inc.",-2.1,-14.7,0,0,17,Health Care,Medical/Dental Instruments
MXCHY,"Orbia Advance Corporation, S.A.B. de C.V.",0.0,3.56,67,88,82,Industrials,Conglomerates
IRON,"Disc Medicine, Inc.",-0.8,11.6,61,68,60,Health Care,Biotechnology: Pharmaceutical Preparations
AEO,"American Eagle Outfitters, Inc.",-4.64,-11.69,0,0,38,Consumer Discretionary,Clothing/Shoe/Accessory Stores
NDVLY,New World Development Company Limited,-20.0,-25.58,1,4,6,Real Estate,Real Estate - Diversified
BRAI,Braiin Limited,16.49,-16.28,24,27,4,Technology,EDP Services
WAFDP,"WaFd, Inc.",-0.15,2.23,43,83,43,Finance,Major Banks
TMC,TMC the metals company Inc.,-5.23,-22.22,0,0,5,Basic Materials,Metal Mining
FXCNF,FXCNF,0.0,-1.32,22,82,92,Technology,Consumer Electronics
VVX,"V2X, Inc.",-0.31,-16.98,15,25,75,Consumer Discretionary,Diversified Commercial Services
IDYA,"IDEAYA Biosciences, Inc.",-2.27,25.35,61,63,76,Health Care,Biotechnology: Pharmaceutical Preparations
IVT,InvenTrust Properties Corp.,-0.08,1.61,42,75,72,Real Estate,Real Estate Investment Trusts
HKUOY,Hakuhodo DY Holdings Inc,0.0,2.69,45,64,45,Communication Services,Advertising Agencies
ZNKKY,"ZENKOKU HOSHO Co.,Ltd.",0.0,0.11,25,93,18,Financial Services,Credit Services
PDIYF,Predictive Discovery Limited,0.0,-5.24,13,19,63,Basic Materials,Gold
LCID,"Lucid Group, Inc.",-0.72,6.58,29,37,1,Industrials,Auto Manufacturing
USNZY,Usinas Siderúrgicas de Minas Gerais S.A.,-3.64,-21.67,0,3,87,Basic Materials,Steel
ELUXY,AB Electrolux (publ),-0.77,-20.05,0,4,7,Consumer Cyclical,"Furnishings, Fixtures & Appliances"
CUBI,"Customers Bancorp, Inc.",-0.61,-1.39,4,37,51,Finance,Major Banks
WU,The Western Union Company,0.38,11.0,80,89,29,Consumer Discretionary,Business Services
FRME,First Merchants Corporation,0.46,5.07,61,85,56,Finance,Major Banks
CALX,"Calix, Inc.",-1.63,3.03,92,100,9,Consumer Discretionary,Telecommunications Equipment
IMOS,ChipMOS TECHNOLOGIES INC.,-8.77,9.86,65,71,97,Technology,Semiconductors
FURCF,Forvia SE,0.0,-13.16,4,17,11,Consumer Cyclical,Auto Parts
CSIOY,"Casio Computer Co.,Ltd.",-7.23,3.05,23,43,78,Technology,Consumer Electronics
DGII,Digi International Inc.,-2.16,-3.07,0,3,90,Telecommunications,Computer Communications Equipment
BW,"Babcock & Wilcox Enterprises, Inc.",-6.58,-31.08,3,3,98,Industrials,Building Products
CHRYY,Chorus Limited,0.0,-2.22,42,75,48,Communication Services,Telecom Services
SRBEF,Vusion S.A.,0.0,-16.26,17,27,10,Technology,Software - Application
KWR,Quaker Chemical Corporation,-0.13,3.14,9,33,59,Industrials,Major Chemicals
COHU,"Cohu, Inc.",-5.98,-9.83,8,8,95,Industrials,Electrical Products
EKTAF,Elekta AB (publ),0.0,-19.23,14,26,24,Healthcare,Medical Devices
PPAAY,PT Perusahaan Gas Negara (Persero) Tbk,0.0,-7.8,7,32,13,Utilities,Utilities - Regulated Gas
UAA,"Under Armour, Inc.",-0.59,12.31,96,99,60,Consumer Discretionary,Apparel
IMNM,"Immunome, Inc.",-2.36,24.18,75,77,88,Health Care,Biotechnology: Pharmaceutical Preparations
MRPLY,Mr Price Group Limited,0.0,12.75,69,79,41,Consumer Cyclical,Apparel Retail
IWGFF,International Workplace Group plc,0.0,2.82,64,81,24,Real Estate,Real Estate Services
BCC,Boise Cascade Company,-1.76,5.75,29,47,25,Consumer Discretionary,RETAIL: Building Materials
TALO,Talos Energy Inc.,5.41,-3.85,58,76,76,Energy,Oil & Gas Production
AEBZY,Anadolu Efes Biracilik ve Malt Sanayii Anonim Sirketi,-11.9,0.0,9,23,47,Consumer Defensive,Beverages - Non-Alcoholic
PK,Park Hotels & Resorts Inc.,0.07,0.48,32,58,81,Consumer Discretionary,Hotels/Resorts
ILKAY,Iluka Resources Limited,0.0,-14.59,7,10,55,Basic Materials,Other Industrial Metals & Mining
CHA,Chagee Holdings Limited,6.18,-2.5,49,62,21,Consumer Discretionary,Restaurants
OVHFF,OVH Groupe S.A.,0.0,-11.58,39,50,90,Technology,Software - Infrastructure
HTO,H2O America,1.63,10.29,95,100,69,Utilities,Water Supply
BBAI,"BigBear.ai Holdings, Inc.",-5.5,-25.36,0,0,4,Technology,Computer Software: Prepackaged Software
ELVN,"Enliven Therapeutics, Inc.",-0.43,26.04,88,96,94,Health Care,Biotechnology: Pharmaceutical Preparations
NBTB,NBT Bancorp Inc.,0.66,6.17,91,100,67,Finance,Major Banks
HNWAF,"Hanwa Co., Ltd.",0.0,0.84,58,78,1,Industrials,Conglomerates
NSHBY,Nisshinbo Holdings Inc.,0.0,0.0,22,85,96,Industrials,Conglomerates
ALSSF,"Alsea, S.A.B. de C.V.",0.0,-10.55,28,46,14,Consumer Cyclical,Restaurants
NGVT,Ingevity Corporation,-0.65,0.96,1,27,65,Industrials,Major Chemicals
AKRTF,Aker Solutions ASA,0.0,-0.73,66,94,82,Energy,Oil & Gas Equipment & Services
ATUSF,Altius Minerals Corporation,-3.04,7.51,50,62,90,Basic Materials,Other Industrial Metals & Mining
PRRFY,Premier Foods plc,0.0,4.79,44,66,54,Consumer Defensive,Packaged Foods
DNOW,DNOW Inc.,0.0,-4.47,25,39,32,Consumer Discretionary,Oil and Gas Field Machinery
RNW,ReNew Energy Global Plc,-1.91,-3.0,35,57,45,Utilities,Electric Utilities: Central
ZZHGY,"ZhongAn Online P & C Insurance Co., Ltd.",0.0,-15.19,4,20,4,Financial Services,Insurance - Property & Casualty
BUSEP,First Busey Corporation,-0.23,1.33,26,90,38,Finance,Major Banks
AVPT,"AvePoint, Inc.",1.93,16.87,100,100,46,Technology,Computer Software: Prepackaged Software
JBFCY,Jollibee Foods Corporation,-0.21,11.46,71,75,6,Consumer Cyclical,Restaurants
MH,"McGraw Hill, Inc.",7.13,-14.89,48,60,8,Consumer Discretionary,Publishing
KOD,Kodiak Sciences Inc.,-0.51,20.99,100,100,98,Health Care,Biotechnology: Biological Products (No Diagnostic Substances)
HE,"Hawaiian Electric Industries, Inc.",-0.52,2.51,55,86,43,Utilities,Electric Utilities: Central
SWONF,SoftwareOne Holding AG,0.0,-11.55,5,23,51,Technology,Software - Application
DRVN,Driven Brands Holdings Inc.,-1.23,10.7,98,100,50,Consumer Discretionary,Automotive Aftermarket
DRD,DRDGOLD Limited,-1.09,-9.06,5,8,15,Basic Materials,Precious Metals
IMYSY,Imerys S.A.,0.6,-0.99,34,52,30,Basic Materials,Specialty Chemicals
RAMP,"LiveRamp Holdings, Inc.",-0.16,0.53,32,92,83,Technology,EDP Services
DRH,DiamondRock Hospitality Company,0.0,1.08,17,47,83,Real Estate,Real Estate Investment Trusts
AKRYY,Aker Solutions ASA,0.0,-5.02,30,50,91,Energy,Oil & Gas Equipment & Services
HNI,HNI Corporation,-0.6,19.9,79,83,34,Consumer Discretionary,Office Equipment/Supplies/Services
PCT,"PureCycle Technologies, Inc.",-8.22,-25.72,0,0,8,Industrials,Major Chemicals
MNR,MNR,1.48,-0.84,53,90,56,Energy,Oil & Gas Production
ALZCF,AlzChem Group AG,0.0,-5.71,43,61,63,Basic Materials,Specialty Chemicals
CRPHY,Ceres Power Holdings plc,2.02,-20.73,8,11,97,Industrials,Electrical Equipment & Parts
NMZ,Nuveen Municipal High Income Opportunity Fund,0.1,1.32,23,75,44,Finance,Finance/Investors Services
EFSCP,Enterprise Financial Services Corp,-1.45,1.83,41,71,42,Finance,Major Banks
CCU,Compañía Cervecerías Unidas S.A.,-0.63,-3.92,20,49,19,Consumer Staples,Beverages (Production/Distribution)
EKTAY,Elekta AB (publ),0.95,-3.99,50,72,29,Healthcare,Medical Devices
SPKKY,Spark New Zealand Limited,0.95,-2.38,26,57,12,Communication Services,Telecom Services
CDGLY,ComfortDelGro Corporation Limited,2.7,-4.03,23,39,28,Industrials,Railroads
ODFJF,ODFJF,0.0,-13.23,10,21,84,Energy,Oil & Gas Drilling
IMAX,IMAX Corporation,0.21,-8.95,13,20,65,Consumer Discretionary,Industrial Machinery/Components
NGCRF,NagaCorp Ltd.,14.63,-4.08,67,77,12,Consumer Cyclical,Resorts & Casinos
MBIN,Merchants Bancorp,-0.73,-3.6,17,27,74,Finance,Major Banks
MBINN,Merchants Bancorp,0.65,0.93,39,85,44,Finance,Major Banks
MLCO,Melco Resorts & Entertainment Limited,-1.28,-2.52,55,85,10,Consumer Discretionary,Hotels/Resorts
DRDGF,DRDGOLD Limited,0.0,-15.94,9,15,17,Basic Materials,Gold
WLYB,"John Wiley & Sons, Inc.",0.0,17.7,76,81,83,Consumer Discretionary,Books
PLUS,ePlus inc.,0.41,7.78,100,100,64,Technology,Retail: Computer Software & Peripheral Equipment
WS,"Worthington Steel, Inc.",-0.76,-24.32,7,11,32,Industrials,Steel/Iron Ore
RPBPF,RPBPF,-1.88,2.81,59,74,95,Technology,Electronic Components
GMOYF,"GMO internet group, Inc.",0.0,0.0,22,85,18,Communication Services,Telecom Services
ACHC,"Acadia Healthcare Company, Inc.",-2.3,22.78,81,83,85,Health Care,Medical Specialities
ABBRF,AbraSilver Resource Corp.,4.94,-0.62,52,62,92,Basic Materials,Other Precious Metals & Mining
ARR,"ARMOUR Residential REIT, Inc.",-1.06,-0.12,20,64,51,Real Estate,Real Estate Investment Trusts
SYBT,"Stock Yards Bancorp, Inc.",0.38,2.76,62,80,51,Finance,Major Banks
ATHM,Autohome Inc.,0.34,18.2,98,100,30,Technology,EDP Services
OKCTF,Okinawa Cellular Telephone Company,0.0,0.0,22,85,1,Communication Services,Telecom Services
XRAY,DENTSPLY SIRONA Inc.,4.24,26.04,100,100,38,Health Care,Medical/Dental Instruments
CLBK,"Columbia Financial, Inc.",0.19,2.7,86,90,80,Finance,Savings Institutions
AESI,Atlas Energy Solutions Inc.,2.64,-10.32,27,33,77,Industrials,Mining & Quarrying of Nonmetallic Minerals (No Fuels)
SPSC,"SPS Commerce, Inc.",4.08,15.31,100,100,14,Technology,Computer Software: Prepackaged Software
GEBHF,Genting Berhad,0.0,-5.56,32,52,9,Consumer Cyclical,Resorts & Casinos
MKMLF,"Makino Milling Machine Co., Ltd.",0.0,13.89,82,96,14,Industrials,Specialty Industrial Machinery
SLDE,"Slide Insurance Holdings, Inc.",0.66,26.21,100,100,69,Finance,Property-Casualty Insurers
IOSP,Innospec Inc.,0.5,-4.46,22,49,45,Industrials,Major Chemicals
MHD,"BlackRock MuniHoldings Fund, Inc.",0.34,1.71,52,98,47,Finance,Investment Bankers/Brokers/Service
PRDO,Perdoceo Education Corporation,2.35,3.51,100,100,57,Real Estate,Other Consumer Services
PTKFY,PT Kalbe Farma Tbk.,0.0,1.33,41,61,5,Healthcare,Drug Manufacturers - General
FORTY,Formula Systems (1985) Ltd.,0.0,-5.51,47,66,22,Technology,EDP Services
LCSHF,Lancashire Holdings Limited,0.0,6.88,55,71,54,Financial Services,Insurance - Specialty
TRVI,"Trevi Therapeutics, Inc.",-7.4,22.73,41,45,92,Health Care,Biotechnology: Pharmaceutical Preparations
OMCL,"Omnicell, Inc.",3.92,23.43,100,100,82,Technology,Computer Manufacturing
TAVHF,TAV Havalimanlari Holding A.S.,0.0,0.0,22,85,16,Industrials,Airports & Air Services
BHC,Bausch Health Companies Inc.,1.46,-6.01,22,47,9,Health Care,Biotechnology: Pharmaceutical Preparations
CMGMY,Chemring Group PLC,0.0,1.28,70,75,26,Industrials,Aerospace & Defense
HRUFF,H&R Real Estate Investment Trust,-1.39,-4.23,2,71,38,Real Estate,REIT - Diversified
GNL,"Global Net Lease, Inc.",-0.68,-4.16,7,54,54,Real Estate,Real Estate Investment Trusts
FLYW,Flywire Corporation,0.91,20.3,73,77,86,Consumer Discretionary,Business Services
NMM,Navios Maritime Partners L.P.,-0.45,2.74,86,95,86,Consumer Discretionary,Marine Transportation
OCUL,"Ocular Therapeutix, Inc.",-3.14,13.56,60,72,31,Health Care,Biotechnology: Pharmaceutical Preparations
SESMF,SUSS MicroTec SE,0.0,-15.93,2,4,93,Technology,Semiconductor Equipment & Materials
NTLA,"Intellia Therapeutics, Inc.",-8.41,5.43,14,19,29,Health Care,Biotechnology: In Vitro & In Vivo Diagnostic Substances
UHOIF,Ushio Inc.,0.0,17.32,85,96,94,Industrials,Specialty Industrial Machinery
BLX,Bladex Inc.,-1.81,-3.44,7,21,75,Finance,Commercial Banks
NEOG,Neogen Corporation,0.31,4.32,78,100,78,Health Care,Biotechnology: In Vitro & In Vivo Diagnostic Substances
PDFS,"PDF Solutions, Inc.",-4.92,-17.32,5,6,93,Technology,Computer Software: Prepackaged Software
ALKT,"Alkami Technology, Inc.",1.9,18.58,67,73,17,Technology,Computer Software: Prepackaged Software
SION,"Sionna Therapeutics, Inc.",-2.96,21.91,90,90,86,Health Care,Biotechnology: Pharmaceutical Preparations
STOK,"Stoke Therapeutics, Inc.",-6.12,0.34,7,21,70,Health Care,Biotechnology: Pharmaceutical Preparations
PFFVF,Pfeiffer Vacuum Technology AG,0.0,-0.93,14,43,42,Industrials,Specialty Industrial Machinery
SKYT,"SkyWater Technology, Inc.",-2.24,-11.15,0,0,91,Technology,Semiconductors
JPEVF,JPEVF,0.0,-1.87,16,67,1,Industrials,Specialty Business Services
PLAB,"Photronics, Inc.",-4.48,-7.06,14,18,31,Technology,Semiconductors
BLDP,Ballard Power Systems Inc.,-4.22,-29.93,0,0,56,Energy,Industrial Machinery/Components
RAPP,"Rapport Therapeutics, Inc.",-2.78,15.28,67,77,91,Health Care,Biotechnology: Pharmaceutical Preparations
AGM,Federal Agricultural Mortgage Corporation,0.07,12.73,94,100,73,Finance,Finance Companies
ABCL,AbCellera Biologics Inc.,-4.12,23.72,46,50,90,Health Care,Biotechnology: Pharmaceutical Preparations
PDO,Pimco Dynamic Income Opportunities Fund,-0.47,3.82,56,87,42,Finance,Trusts Except Educational Religious and Charitable
FBYD,"Falcon's Beyond Global, Inc.",-11.27,-7.83,0,0,76,Consumer Discretionary,Services-Misc. Amusement & Recreation
TY,Tri-Continental Corporation,-0.25,3.92,79,100,57,Finance,Finance Companies
LGYRF,Landis+Gyr Group AG,0.0,-19.4,3,7,9,Industrials,Electrical Equipment & Parts
PUMP,ProPetro Holding Corp.,2.41,-10.83,29,34,89,Energy,Oilfield Services/Equipment
SGML,Sigma Lithium Corporation,-2.43,-21.11,1,2,74,Basic Materials,Metal Mining
FIVN,"Five9, Inc.",1.53,23.91,100,100,86,Technology,EDP Services
CMRE,Costamare Inc.,3.48,-3.56,51,67,65,Consumer Discretionary,Marine Transportation
GUYGF,G2 Goldfields Inc.,-6.03,3.44,11,28,91,Basic Materials,Gold
ADMA,"ADMA Biologics, Inc.",-1.21,7.81,71,78,5,Health Care,Biotechnology: Biological Products (No Diagnostic Substances)
QFIN,"Qfin Holdings, Inc.",-3.03,-14.67,0,0,6,Finance,Finance: Consumer Services
KNCAF,KNCAF,0.0,-11.5,5,19,54,Industrials,Business Equipment & Supplies
CTS,CTS Corporation,-1.78,-12.93,0,1,77,Technology,Electrical Products
GDNGY,PT Gudang Garam Tbk,0.0,16.01,89,98,80,Consumer Defensive,Tobacco
HRMY,"Harmony Biosciences Holdings, Inc.",-3.53,0.97,44,55,64,Health Care,Biotechnology: Pharmaceutical Preparations
ASAN,"Asana, Inc.",4.91,3.08,100,100,20,Technology,Computer Software: Prepackaged Software
DETRF,Deterra Royalties Limited,0.0,1.96,51,64,60,Basic Materials,Other Industrial Metals & Mining
SFRGY,Salvatore Ferragamo S.p.A.,4.63,11.69,76,85,90,Consumer Cyclical,Luxury Goods
ECO,Okeanis Eco Tankers Corp.,-1.35,8.92,53,72,92,Consumer Discretionary,Marine Transportation
TIC,"TIC Solutions, Inc.",-5.44,-14.63,0,0,8,Consumer Discretionary,Business Services
PRLB,"Proto Labs, Inc.",0.43,-4.16,14,21,86,Industrials,Metal Fabrications
BKSY,BlackSky Technology Inc.,4.2,-27.52,16,24,23,Technology,Radio And Television Broadcasting And Communications Equipment
ADNT,Adient plc,-3.81,-14.44,21,31,20,Consumer Discretionary,Auto Parts:O.E.M.
TBNGY,PT Bukit Asam (Persero) Tbk,0.0,-2.74,7,18,20,Energy,Thermal Coal
ANIP,"ANI Pharmaceuticals, Inc.",-1.21,-0.7,19,47,43,Health Care,Biotechnology: Pharmaceutical Preparations
CBZ,"CBIZ, Inc.",7.09,19.24,100,100,37,Consumer Discretionary,Business Services
INTA,"Intapp, Inc.",1.75,23.1,100,100,30,Technology,Computer Software: Prepackaged Software
NNWWF,The North West Company Inc.,0.0,2.02,100,100,41,Consumer Defensive,Grocery Stores
SREMF,Sunrise Energy Metals Limited,0.18,19.16,45,56,98,Industrials,Pollution & Treatment Controls
BEPTF,Beach Energy Limited,1.65,-20.9,14,27,10,Energy,Oil & Gas E&P
CMPS,COMPASS Pathways plc,-3.34,15.56,45,53,97,Health Care,Biotechnology: Pharmaceutical Preparations
WIPKF,Winpak Ltd.,-0.81,4.97,83,95,30,Consumer Cyclical,Packaging & Containers
CHCO,City Holding Company,0.92,4.23,64,92,53,Finance,Major Banks
AGIO,"Agios Pharmaceuticals, Inc.",-1.65,41.19,75,76,67,Health Care,Biotechnology: Pharmaceutical Preparations
FSHYF,Shougang Fushan Resources Group Limited,0.0,6.79,97,100,51,Basic Materials,Coking Coal
HURN,Huron Consulting Group Inc.,5.08,4.51,100,100,11,Consumer Discretionary,Professional Services
ETV,Eaton Vance Tax-Managed Buy-Write Opportunities Fund,-0.85,3.48,87,100,58,Finance,Investment Bankers/Brokers/Service
CASH,"Pathward Financial, Inc.",0.61,9.49,100,100,53,Finance,Major Banks
CAPR,"Capricor Therapeutics, Inc.",-4.18,-17.69,0,0,82,Health Care,Biotechnology: Pharmaceutical Preparations
NKRKF,Nokian Renkaat Oyj,0.0,16.89,97,98,89,Consumer Cyclical,Auto Parts
BL,"BlackLine, Inc.",3.3,7.73,100,100,7,Technology,Computer Software: Prepackaged Software
WD,"Walker & Dunlop, Inc.",-2.73,-6.65,0,0,15,Finance,Finance: Consumer Services
USA,Liberty All-Star Equity Fund,0.34,3.29,100,100,40,Finance,Finance Companies
MGPPF,Megaport Limited,0.0,5.57,37,55,95,Technology,Software - Infrastructure
APPN,Appian Corporation,2.72,10.19,100,100,39,Technology,Computer Software: Prepackaged Software
SOIEF,Stolt-Nielsen Limited,15.51,4.27,100,100,57,Industrials,Marine Shipping
FMC,FMC Corporation,0.0,-2.52,7,29,2,Industrials,Major Chemicals
SLSR,Solaris Resources Inc.,-5.66,-15.54,0,0,36,Basic Materials,Other Precious Metals & Mining
AMBQ,AMBQ,-4.61,-2.45,38,50,97,Technology,Semiconductors
EFC,Ellington Financial Inc.,-0.96,-0.37,35,89,54,Finance,Real Estate
CRRSF,CRRSF,-1.08,-14.02,57,63,61,,
CMOPF,Cosmo N.V.,0.0,-6.38,6,18,15,Healthcare,Drug Manufacturers - General
DALXF,Spartan Delta Corp.,3.86,-7.42,63,85,92,Energy,Oil & Gas E&P
XPRO,Expro Group Holdings N.V.,0.78,-4.83,67,78,63,Energy,Oilfield Services/Equipment
LWLG,"Lightwave Logic, Inc.",-5.27,-35.56,0,0,94,Industrials,Containers/Packaging
SYAXF,Elevra Lithium Limited,-2.0,-17.73,0,0,93,Basic Materials,Other Industrial Metals & Mining
IIPR,"Innovative Industrial Properties, Inc.",-1.01,6.47,98,100,80,Finance,Real Estate
XFABF,X-FAB Silicon Foundries SE,0.0,-13.0,20,23,82,Technology,Semiconductors
WBTN,WEBTOON Entertainment Inc.,1.82,1.03,45,70,31,Consumer Discretionary,Publishing
LMPMY,Lee & Man Paper Manufacturing Limited,0.0,1.89,73,95,60,Basic Materials,Paper & Paper Products
AIP,"Arteris, Inc.",-5.69,-12.11,8,9,97,Technology,Semiconductors
HCTPF,Hutchison Port Holdings Trust,0.0,0.0,22,85,23,Industrials,Marine Shipping
GEAHF,Great Eagle Holdings Limited,0.0,0.0,22,85,66,Real Estate,Real Estate - Diversified
BOEUF,Bonesupport Holding AB (publ),0.0,-14.37,4,19,14,Healthcare,Medical Instruments & Supplies
IMKTA,"Ingles Markets, Incorporated",-0.04,-2.34,58,81,66,Consumer Staples,Food Chains
GABC,"German American Bancorp, Inc.",0.85,4.59,62,87,64,Finance,Major Banks
TSLX,"Sixth Street Specialty Lending, Inc.",-0.76,3.27,67,87,18,Finance,Investment Managers
STMRF,Stanmore Resources Limited,0.0,-9.39,35,39,35,Basic Materials,Coking Coal
DXC,DXC Technology Company,4.18,10.09,75,78,8,Technology,EDP Services
TNIEF,tonies SE,-9.98,13.53,3,26,81,Consumer Cyclical,Leisure
KSS,Kohl's Corporation,-1.49,-4.45,15,19,73,Consumer Discretionary,Department/Specialty Retail Stores
VIR,"Vir Biotechnology, Inc.",-2.41,14.08,60,67,84,Health Care,Biotechnology: Biological Products (No Diagnostic Substances)
XHR,"Xenia Hotels & Resorts, Inc.",-0.84,4.71,47,69,85,Consumer Discretionary,Hotels/Resorts
AMLX,"Amylyx Pharmaceuticals, Inc.",-2.03,25.16,64,76,87,Health Care,Biotechnology: Pharmaceutical Preparations
RHUHF,Richelieu Hardware Ltd.,0.13,-11.58,5,12,25,Industrials,Tools & Accessories
INVA,"Innoviva, Inc.",-0.13,-1.02,18,32,53,Health Care,Biotechnology: Pharmaceutical Preparations
VRNO,Verano Holdings Corp.,0.67,1.19,49,70,62,Healthcare,Drug Manufacturers - Specialty & Generic
FSUN,FirstSun Capital Bancorp,1.14,-3.56,13,23,24,Finance,Major Banks
BFC,Bank First Corporation,-0.28,2.44,44,69,58,Finance,Major Banks
PGEN,"Precigen, Inc.",-2.82,14.13,44,51,91,Health Care,Biotechnology: Pharmaceutical Preparations
IMTX,Immatics N.V.,-4.65,1.88,11,25,43,Health Care,Biotechnology: Biological Products (No Diagnostic Substances)
BORR,Borr Drilling Limited,3.0,-4.29,64,87,77,Energy,Oil & Gas Production
OGCP,"Empire State Realty OP, L.P.",1.15,-7.26,12,21,19,Real Estate,REIT - Office
LZB,La-Z-Boy Incorporated,-1.05,-0.56,48,59,56,Consumer Discretionary,Home Furnishings
IMDXF,Imdex Limited,0.0,1.21,38,88,78,Industrials,Farm & Heavy Construction Machinery
DMRA,"Damora Therapeutics, Inc.",-1.86,31.09,75,79,98,Health Care,Biotechnology: Pharmaceutical Preparations
LWSCF,Sienna Senior Living Inc.,0.75,4.16,100,100,55,Healthcare,Medical Care Facilities
JPDYY,Japan Display Inc.,0.0,-0.79,21,82,95,Technology,Electronic Components
LNDAF,"Línea Directa Aseguradora, S.A., Compañía de Seguros y Reaseguros",0.0,1.2,52,94,30,Financial Services,Insurance - Property & Casualty
CCS,"Century Communities, Inc.",-1.14,6.0,29,44,51,Consumer Discretionary,Homebuilding
NHNKY,Nihon Kohden Corporation,1.67,8.26,100,100,18,Healthcare,Medical Devices
TRINZ,Trinity Capital Inc. 7.875% Notes due 2029,0.16,0.93,27,92,45,Finance,Finance: Consumer Services
SNIRF,Senior plc,0.0,1.6,64,95,79,Industrials,Aerospace & Defense
CNOB,"ConnectOne Bancorp, Inc.",-0.34,0.0,27,50,73,Finance,Major Banks
WACLY,Wacoal Holdings Corp.,-0.75,2.51,80,90,23,Consumer Cyclical,Apparel Manufacturing
NNE,NANO Nuclear Energy Inc.,-4.45,-23.48,0,0,4,Utilities,Electric Utilities: Central
ACKAY,Arçelik Anonim Sirketi,-1.47,-9.84,23,29,8,Consumer Cyclical,"Furnishings, Fixtures & Appliances"
MBX,"MBX Biosciences, Inc.",-1.65,61.18,82,84,98,Health Care,Biotechnology: Pharmaceutical Preparations
ALKEF,Alkane Resources Ltd,-2.04,-5.88,3,13,66,Basic Materials,Gold
CBL,"CBL & Associates Properties, Inc.",-1.28,5.24,52,70,90,Real Estate,Real Estate Investment Trusts
RYZ,Ryerson Holding Corporation,1.56,-9.59,42,51,54,Industrials,Metal Fabrications
BTT,Blackrock Municipal 2030 Target Term Trust,0.0,0.64,37,89,40,Finance,Investment Managers
KARO,Karooooo Ltd.,-0.94,25.58,92,94,63,Technology,Computer Software: Prepackaged Software
MAN,ManpowerGroup Inc.,4.93,19.47,100,100,79,Consumer Discretionary,Professional Services
EBRCZ,EBRCZ,0.0,63.04,90,96,2,Healthcare,Medical Devices
WEN,The Wendy's Company,-0.66,10.46,47,55,28,Consumer Discretionary,Restaurants
GBX,"The Greenbrier Companies, Inc.",1.84,1.65,39,47,29,Industrials,Railroads
FTRE,Fortrea Holdings Inc.,0.56,5.87,90,100,95,Health Care,Medical Specialities
KMPB,KMPB,-0.13,0.38,31,89,46,Finance,Property-Casualty Insurers
CRLFF,Cardinal Energy Ltd.,3.77,-9.87,40,54,73,Energy,Oil & Gas E&P
FUGRF,Fugro N.V.,0.0,-4.01,12,59,63,Energy,Oil & Gas Equipment & Services
CSWC,Capital Southwest Corporation,-0.8,2.08,56,97,59,Consumer Discretionary,Textiles
WZZZY,Wizz Air Holdings Plc,0.0,8.33,55,73,59,Industrials,Airlines
PLTK,Playtika Holding Corp.,7.31,31.31,100,100,64,Technology,EDP Services
BCAX,Bicara Therapeutics Inc.,-2.63,32.28,74,76,93,Health Care,Biotechnology: Pharmaceutical Preparations
CRI,"Carter's, Inc.",-4.01,-7.22,7,11,65,Consumer Discretionary,Apparel
ALMR,"Alamar Biosciences, Inc.",-3.59,23.48,90,94,75,Industrials,Biotechnology: Laboratory Analytical Instruments
HCSG,"Healthcare Services Group, Inc.",1.05,11.4,60,71,85,Health Care,Hospital/Nursing Management
AVBP,"ArriVent BioPharma, Inc.",-0.15,11.39,73,82,89,Health Care,Biotechnology: Pharmaceutical Preparations
TRRSF,Trisura Group Ltd.,0.07,2.24,51,68,35,Financial Services,Insurance - Specialty
BORAY,"Bora Pharmaceuticals Co., Ltd.",15.11,-23.82,24,19,2,,
BAK,Braskem S.A.,3.83,-29.24,26,31,13,Industrials,Major Chemicals
FOR,Forestar Group Inc.,-1.31,4.58,39,58,69,Finance,Real Estate
ARRY,"Array Technologies, Inc.",-3.92,-17.85,0,0,10,Consumer Discretionary,Miscellaneous manufacturing industries
HBNB,Hotel101 Global Holdings Corp.,-0.38,0.95,26,37,55,Consumer Discretionary,Hotels/Resorts
IDT,IDT Corporation,0.49,11.56,100,100,69,Telecommunications,Telecommunications Equipment
SVV,"Savers Value Village, Inc.",-0.92,-2.91,14,37,38,Consumer Discretionary,Other Specialty Stores
NRP,Natural Resource Partners L.P.,0.79,-5.28,31,67,25,Energy,Coal Mining
WBI,WaterBridge Infrastructure LLC,3.14,14.0,100,100,87,Energy,Oilfield Services/Equipment
TDOC,"Teladoc Health, Inc.",3.99,32.01,100,100,87,Health Care,Medical/Nursing Services
OLPX,"Olaplex Holdings, Inc.",0.0,1.47,46,95,77,Consumer Discretionary,Package Goods/Cosmetics
NBR,Nabors Industries Ltd.,1.91,-17.89,28,34,90,Energy,Oil & Gas Production
CRML,Critical Metals Corp.,-6.29,-23.51,0,0,48,Basic Materials,Metal Mining
SWDHY,Skyworth Group Limited,0.0,-21.51,2,6,84,Technology,Consumer Electronics
AOSL,Alpha and Omega Semiconductor Limited,-7.64,-19.94,0,0,82,Technology,Semiconductors
ATVDY,"Atresmedia Corporación de Medios de Comunicación, S.A.",0.0,3.94,48,75,30,Communication Services,Entertainment
MUC,"BlackRock MuniHoldings California Quality Fund, Inc.",-0.18,1.99,47,88,47,Finance,Investment Bankers/Brokers/Service
MALJF,Magellan Aerospace Corporation,-4.43,0.69,28,36,89,Industrials,Aerospace & Defense
MYI,"BlackRock MuniYield Quality Fund III, Inc.",-0.09,0.51,26,78,44,Finance,Investment Bankers/Brokers/Service
LIFZF,Labrador Iron Ore Royalty Corporation,-0.47,-2.38,6,24,26,Basic Materials,Steel
NSSC,"Napco Security Technologies, Inc.",-0.91,-1.49,0,11,21,Telecommunications,Telecommunications Equipment
NVGS,Navigator Holdings Ltd.,-0.92,-9.42,39,52,70,Consumer Discretionary,Marine Transportation
CCEC,Capital Clean Energy Carriers Corp.,0.31,4.04,99,100,59,Consumer Discretionary,Marine Transportation
LSPD,Lightspeed Commerce Inc.,0.68,6.69,71,79,38,Technology,Computer Software: Prepackaged Software
COAG,"Hemab Therapeutics Holdings, Inc.",3.89,46.66,100,100,65,Health Care,Biotechnology: Biological Products (No Diagnostic Substances)
KELTF,Kelt Exploration Ltd.,4.32,-3.9,66,83,74,Energy,Oil & Gas E&P
GCT,GigaCloud Technology Inc.,2.88,5.83,100,100,48,Consumer Discretionary,Catalog/Specialty Distribution
CHNFF,CHNFF,0.0,60.27,93,98,89,Consumer Defensive,Beverages - Non-Alcoholic
TUYA,Tuya Inc.,-1.63,-17.73,16,38,9,Technology,Computer Software: Prepackaged Software
RDWR,Radware Ltd.,-2.0,5.87,75,86,73,Consumer Discretionary,Business Services
MSDL,Morgan Stanley Direct Lending Fund,-0.77,3.03,95,99,42,Financial Services,Asset Management
ENOV,Enovis Corporation,1.94,24.29,100,100,25,Health Care,Industrial Specialties
PBT,Permian Basin Royalty Trust,7.1,-2.4,81,100,92,Energy,Oil & Gas Production
ATLC,Atlanticus Holdings Corporation,-2.67,5.96,15,28,90,Finance,Finance: Consumer Services
WABC,Westamerica Bancorporation,0.46,2.0,40,81,67,Finance,Major Banks
TRIP,"Tripadvisor, Inc.",3.0,20.91,100,100,49,Technology,Computer Software: Programming Data Processing
GILT,Gilat Satellite Networks Ltd.,-3.83,-24.85,0,0,19,Technology,Radio And Television Broadcasting And Communications Equipment
TWOD,Two Harbors Investment Corp.,-0.27,1.34,46,92,36,Real Estate,Real Estate Investment Trusts
UVV,Universal Corporation,0.37,-2.72,15,47,33,Industrials,Farming/Seeds/Milling
RXT,"Rackspace Technology, Inc.",-15.36,-19.29,5,7,98,Technology,Computer Software: Programming Data Processing
LYPHF,Luye Pharma Group Ltd.,0.0,0.0,22,85,3,Healthcare,Drug Manufacturers - Specialty & Generic
MNSAF,Mineros S.A.,-3.47,14.91,10,36,87,Basic Materials,Gold
TV,"Grupo Televisa, S.A.B.",-2.17,-5.57,14,26,40,Industrials,Broadcasting
UAN,"CVR Partners, LP",1.44,4.02,93,100,71,Industrials,Agricultural Chemicals
LUCK,Lucky Strike Entertainment Corporation,0.68,-16.57,14,19,12,Consumer Discretionary,Services-Misc. Amusement & Recreation
SQZZF,Serica Energy plc,0.0,-16.47,22,85,62,Energy,Oil & Gas E&P
RMIX,"Suncrete, Inc.",-2.31,-1.49,15,20,94,Industrials,Building Materials
DSL,DoubleLine Income Solutions Fund,-0.54,2.13,56,97,39,Finance,Trusts Except Educational Religious and Charitable
DFDDF,DFDS A/S,0.0,0.0,22,85,79,Industrials,Marine Shipping
XPEL,"XPEL, Inc.",0.52,-2.74,9,17,45,Industrials,Industrial Specialties
XZO,"Exzeo Group, Inc.",1.82,29.87,74,78,29,Finance,Property-Casualty Insurers
TMLDF,TMLDF,7.84,12.42,34,41,94,,
TUFBY,Thai Union Group Public Company Limited,0.0,-2.43,15,71,48,Consumer Defensive,Packaged Foods
FLTLF,Flow Traders Ltd.,0.0,0.56,25,80,27,Financial Services,Capital Markets
FGROY,FirstGroup plc,0.0,6.22,23,32,11,Industrials,Railroads
PAHC,Phibro Animal Health Corporation,2.9,5.57,64,83,10,Health Care,Biotechnology: Pharmaceutical Preparations
DSGR,"Distribution Solutions Group, Inc.",1.2,0.11,50,82,33,Consumer Discretionary,Industrial Specialties
ICFI,"ICF International, Inc.",2.99,9.16,100,100,35,Consumer Discretionary,Professional Services
ACNDF,CapitaLand India Trust,-2.53,-3.75,5,35,22,Real Estate,Real Estate Services
MRVI,"Maravai LifeSciences Holdings, Inc.",4.43,22.07,93,100,95,Health Care,Biotechnology: Pharmaceutical Preparations
VIA,VIA,2.12,24.05,79,82,11,Technology,Computer Software: Prepackaged Software
BCCMY,BAIC Motor Corporation Limited,0.0,-26.77,2,9,2,Consumer Cyclical,Auto Manufacturers
AFMJF,Alphamin Resources Corp.,-2.04,-4.0,0,0,77,Basic Materials,Other Industrial Metals & Mining
JFR,Nuveen Floating Rate Income Fund,-0.39,1.03,44,94,44,Finance,Trusts Except Educational Religious and Charitable
FQVTF,Fevertree Drinks PLC,0.0,-9.72,5,12,26,Consumer Defensive,Beverages - Non-Alcoholic
OPFI,OppFi Inc.,-2.44,10.96,54,64,28,Finance,Finance: Consumer Services
ARYTF,Aryt Industries Ltd.,0.0,-2.63,5,12,1,Industrials,Aerospace & Defense
VULNF,Vulcan Energy Resources Limited,-11.63,-17.07,23,29,4,Basic Materials,Other Industrial Metals & Mining
ORZCF,Orezone Gold Corporation,-2.44,1.27,12,24,75,Basic Materials,Gold
HKEPF,"Hokkaido Electric Power Company, Incorporated",0.0,0.89,33,87,1,Utilities,Utilities - Renewable
SBET,"Sharplink, Inc.",-1.63,-0.18,69,85,2,Technology,Computer Software: Prepackaged Software
BRETF,Brazilian Rare Earths Limited,-12.7,-29.85,0,0,4,Basic Materials,Other Precious Metals & Mining
EMO,ClearBridge Energy Midstream Opportunity Fund Inc,2.04,3.54,100,100,63,Finance,Investment Managers
QKIE,QKIE,0.0,3.07,100,100,91,Financial Services,Shell Companies
BMCLF,BAIC Motor Corporation Limited,0.0,0.0,22,85,2,Consumer Cyclical,Auto Manufacturers
PSNL,"Personalis, Inc.",6.89,59.66,100,100,96,Health Care,Medical Specialities
INSP,"Inspire Medical Systems, Inc.",-0.77,21.02,100,100,6,Health Care,Medical/Dental Instruments
BVHMY,BVHMY,5.71,-5.13,46,55,2,Consumer Cyclical,Residential Construction
LIFE,Ethos Technologies Inc.,-3.88,12.4,82,91,75,Finance,Specialty Insurers
BOMXF,"Bolsa Mexicana de Valores, S.A.B. de C.V.",0.0,-0.95,38,72,35,Financial Services,Financial Data & Stock Exchanges
CDNA,"CareDx, Inc.",0.88,21.56,87,94,93,Health Care,Medical Specialities
FMBH,"First Mid Bancshares, Inc.",0.83,4.61,68,97,71,Finance,Major Banks
TBNRL,Tamboran Resources Corporation,0.0,2.78,22,85,86,Energy,Oil & Gas E&P
ALGGY,"Alliance Global Group, Inc.",0.62,0.15,35,88,23,Industrials,Conglomerates
GIC,Global Industrial Company,0.81,6.34,47,66,51,Industrials,Industrial Machinery/Components
REAL,"The RealReal, Inc.",0.75,8.54,10,19,66,Consumer Discretionary,Other Specialty Stores
IRMD,IRADIMED CORPORATION,0.5,1.49,63,77,71,Health Care,Medical/Dental Instruments
SVC,Service Properties Trust,0.34,8.05,87,100,39,Real Estate,Real Estate Investment Trusts
PDS,Precision Drilling Corporation,3.85,-13.47,37,46,71,Energy,Oil & Gas Production
WZZAF,Wizz Air Holdings Plc,0.0,0.0,22,85,11,Industrials,Airlines
AGBK,AGI Inc,-2.2,3.79,60,95,11,Finance,Commercial Banks
HIVE,HIVE Digital Technologies Ltd.,-4.78,-15.83,0,0,69,Finance,Finance: Consumer Services
ACVA,ACV Auctions Inc.,2.1,5.58,55,63,39,Consumer Discretionary,Business Services
ROCK,"Gibraltar Industries, Inc.",-2.2,4.77,21,45,13,Industrials,Steel/Iron Ore
MOGLF,Mongolian Mining Corporation,0.0,-17.53,21,32,3,Basic Materials,Coking Coal
NSUKF,NSUKF,0.0,0.0,22,85,1,Unknown,Unknown
CHRHF,Chervon Holdings Limited,0.0,10.65,94,98,51,Industrials,Tools & Accessories
EYPT,"EyePoint, Inc.",-2.99,14.24,82,89,42,Industrials,Biotechnology: Laboratory Analytical Instruments
UFCS,"United Fire Group, Inc.",1.49,9.91,73,82,90,Finance,Property-Casualty Insurers
LNN,Lindsay Corporation,0.98,0.22,24,34,26,Industrials,Industrial Machinery/Components
INDI,"indie Semiconductor, Inc.",-7.21,3.26,45,51,67,Technology,Semiconductors
LQDT,"Liquidity Services, Inc.",-0.31,2.48,59,85,83,Consumer Discretionary,Business Services
DQ,Daqo New Energy Corp.,-6.21,-24.63,0,0,2,Technology,Semiconductors
PZZA,"Papa John's International, Inc.",-0.72,2.81,10,28,17,Consumer Discretionary,Restaurants
HFWA,Heritage Financial Corporation,1.33,3.44,77,100,68,Finance,Banks
HSLV,Highlander Silver Corp.,-6.5,-1.11,17,28,5,Basic Materials,Silver
DEA,"Easterly Government Properties, Inc.",-0.12,3.85,65,79,62,Real Estate,Real Estate Investment Trusts
DLX,Deluxe Corporation,2.61,8.64,100,100,67,Consumer Discretionary,Publishing
TPLKF,PVA TePla AG,0.0,11.15,79,95,92,Industrials,Specialty Industrial Machinery
ABR,"Arbor Realty Trust, Inc.",-2.77,-4.84,0,5,3,Real Estate,Real Estate Investment Trusts
MEQYF,Mainstreet Equity Corp.,0.0,0.63,36,94,23,Real Estate,Real Estate Services
AOD,Abrdn Total Dynamic Dividend Fund,-0.58,1.95,39,100,64,Finance,Investment Managers
NMAX,NMAX,2.07,-4.11,61,69,40,Industrials,Broadcasting
OSBC,"Old Second Bancorp, Inc.",0.74,3.78,55,80,67,Finance,Major Banks
MGAWY,Megaworld Corporation,0.0,5.04,90,96,29,Real Estate,Real Estate - Development
NAT,Nordic American Tankers Limited,-1.3,18.25,57,69,92,Consumer Discretionary,Marine Transportation
EVV,Eaton Vance Limited Duration Income Fund,0.0,1.53,47,81,35,Finance,Finance/Investors Services
GLGDF,GoGold Resources Inc.,-4.87,-5.29,0,15,61,Basic Materials,Other Precious Metals & Mining
OCFC,OceanFirst Financial Corp.,0.16,4.02,53,77,48,Finance,Major Banks
AORT,"Artivion, Inc.",-0.25,16.65,87,90,3,Health Care,Medical/Dental Instruments
BNGRF,Savencia SA,0.0,0.0,22,85,82,Consumer Defensive,Packaged Foods
SAFE,Safehold Inc.,1.49,2.73,80,98,57,Real Estate,Real Estate Investment Trusts
OMDA,"Omada Health, Inc.",0.95,32.54,100,100,90,Health Care,Medical/Nursing Services
LPTH,"LightPath Technologies, Inc.",-6.05,-29.48,0,0,89,Technology,Semiconductors
THRM,Gentherm Incorporated,0.81,0.11,73,100,58,Consumer Discretionary,Auto Parts:O.E.M.
TGONF,Tetragon Financial Group Limited,0.0,8.6,56,75,13,,
CHY,Calamos Convertible and High Income Fund,-0.51,7.21,100,100,75,Finance,Investment Managers
UTZ,"Utz Brands, Inc.",-2.17,8.55,54,64,12,Consumer Staples,Packaged Foods
GNK,Genco Shipping & Trading Limited,-0.63,7.01,98,100,85,Consumer Discretionary,Marine Transportation
DEC,Diversified Energy Company,2.69,0.07,60,71,29,Energy,Oil & Gas Integrated
IVA,Inventiva S.A.,0.0,13.16,75,77,24,Health Care,Biotechnology: Pharmaceutical Preparations
PDM,"Piedmont Realty Trust, Inc.",0.96,4.78,64,82,72,Real Estate,Building operators
PGUUF,"Prosegur Cash, S.A.",0.0,0.0,22,85,71,Industrials,Integrated Freight & Logistics
RSTCF,"RS Technologies Co., Ltd.",0.0,20.33,98,100,75,Technology,Semiconductors
INNV,InnovAge Holding Corp.,-2.17,23.17,74,79,95,Health Care,Medical/Nursing Services
WTBFB,W.T.B. Financial Corporation,0.02,2.51,69,98,69,Financial Services,Banks - Regional
MHPSY,MHP SE,0.0,-19.69,3,8,60,Consumer Defensive,Farm Products
PAKTY,PAKTY,0.0,0.36,26,92,93,Consumer Cyclical,Specialty Retail
ARAFF,Arafura Rare Earths Limited,-5.88,-15.79,0,0,17,Basic Materials,Other Industrial Metals & Mining
MJDLF,Major Drilling Group International Inc.,0.59,-19.92,9,12,47,Basic Materials,Other Industrial Metals & Mining
CWAFF,China Water Affairs Group Limited,0.0,0.0,22,85,17,Utilities,Utilities - Regulated Water
YRCCF,Yurtec Corporation,0.0,0.0,22,85,1,Industrials,Engineering & Construction
RNP,"Cohen & Steers REIT and Preferred Income Fund, Inc.",0.29,0.63,69,89,39,Finance,Investment Managers
JVTSF,Juventus Football Club S.p.A.,-6.25,-10.71,0,0,10,Communication Services,Entertainment
GOOG,Alphabet Inc.,-1.23,-1.65,24,50,82,Technology,Computer Software: Programming Data Processing
AMZN,Amazon.com Inc,0.8,2.4,100,100,47,Consumer Discretionary,Catalog/Specialty Distribution
TSLA,Tesla Inc,-3.19,-1.1,27,49,49,Industrials,Auto Manufacturing
LLY,Eli Lilly and Company,-0.56,1.8,56,68,80,Health Care,Biotechnology: Pharmaceutical Preparations
WMT,Walmart Inc.,0.77,-4.75,41,63,43,Consumer Discretionary,Department/Specialty Retail Stores
ORCL,Oracle Corporation,-6.47,-28.3,0,0,7,Technology,Computer Software: Prepackaged Software
V,Visa Inc.,2.52,12.13,85,92,52,Consumer Discretionary,Business Services
JNJ,Johnson & Johnson,0.31,8.16,74,79,79,Health Care,Biotechnology: Pharmaceutical Preparations
CSCO,"Cisco Systems, Inc.",-1.7,-1.75,64,86,91,Telecommunications,Computer Communications Equipment
CAT,Caterpillar Inc.,-2.2,3.77,6,24,91,Industrials,Construction/Ag Equipment/Trucks
ARM,Arm Holdings plc,-7.55,-12.63,0,0,96,Technology,Semiconductors
BAC,Bank of America Corporation,-0.28,7.87,89,92,66,Finance,Major Banks
IDCBY,Industrial and Commercial Bank of China Limited,2.11,-2.96,46,65,56,Financial Services,Banks - Diversified
UNH,UnitedHealth Group,1.05,6.41,72,96,82,Health Care,Medical Specialities
RHHVF,Roche Holding AG,-4.1,-4.15,41,69,47,Healthcare,Drug Manufacturers - General
MS,Morgan Stanley,-0.54,3.96,54,81,82,Finance,Investment Bankers/Brokers/Service
HSBC,HSBC Holdings plc,-1.01,8.12,94,100,80,Finance,Savings Institutions
HBCYF,HSBC Holdings plc,-5.65,11.91,46,63,75,Financial Services,Banks - Diversified
CTATF,CTATF,3.9,-6.69,17,23,92,,
MRK,"Merck & Co., Inc.",0.4,3.45,54,72,74,Health Care,Biotechnology: Pharmaceutical Preparations
PCCYF,PetroChina Company Limited,4.96,-2.31,69,80,68,Energy,Oil & Gas Integrated
TXN,Texas Instruments Incorporated,-4.14,0.49,22,45,88,Technology,Semiconductors
DELL,Dell Technologies Inc.,-1.81,9.11,59,70,98,Technology,Computer Manufacturing
LVMUY,"LVMH Moët Hennessy - Louis Vuitton, Société Européenne",-0.37,-4.96,12,43,23,Consumer Cyclical,Luxury Goods
QCOM,QUALCOMM Incorporated,-2.74,-9.35,14,19,75,Technology,Radio And Television Broadcasting And Communications Equipment
GEV,GE Vernova Inc.,-4.49,15.04,40,55,88,Industrials,Specialty Industrial Machinery
BACHF,Bank of China Limited,0.0,-7.14,14,54,51,Financial Services,Banks - Diversified
TM,Toyota Motor Corporation,-0.96,-0.11,54,69,18,Industrials,Auto Manufacturing
SIEGY,Siemens Aktiengesellschaft,-1.47,0.21,0,43,58,Industrials,Specialty Industrial Machinery
WFC,Wells Fargo & Company,0.59,6.4,100,100,44,Finance,Major Banks
LIN,Linde plc,-1.08,1.67,28,59,57,Basic Materials,Major Chemicals
RYDAF,Shell plc,3.74,-4.28,58,70,49,Energy,Oil & Gas Integrated
BHPLF,BHP Group Limited,0.0,-1.14,34,44,81,Basic Materials,Other Industrial Metals & Mining
SAPGF,SAP SE,0.99,-2.68,56,78,7,Technology,Software - Application
MBFJF,"Mitsubishi UFJ Financial Group, Inc.",10.29,15.03,100,100,84,Financial Services,Banks - Diversified
NVO,Novo Nordisk A/S,-0.4,12.1,80,88,40,Health Care,Biotechnology: Pharmaceutical Preparations
VZ,Verizon Communications Inc.,1.33,-7.53,22,38,43,Telecommunications,Telecommunications Equipment
NONOF,Novo Nordisk A/S,2.82,17.97,94,95,42,Healthcare,Drug Manufacturers - General
STX,Seagate Technology Holdings plc,-5.46,-0.79,13,18,98,Technology,Electronic Components
IDEXY,"Industria de Diseño Textil, S.A.",-0.89,-4.84,0,32,49,Consumer Cyclical,Apparel Retail
TD,The Toronto-Dominion Bank,0.08,4.46,76,96,84,Finance,Commercial Banks
CRWD,"CrowdStrike Holdings, Inc.",0.39,8.69,62,75,93,Technology,Computer Software: Prepackaged Software
WDC,Western Digital Corporation,-4.64,4.96,10,12,98,Technology,Electronic Components
BA,The Boeing Company,-3.05,-2.76,0,27,31,Industrials,Aerospace
MRVL,"Marvell Technology, Inc.",-7.75,-22.49,0,0,96,Technology,Semiconductors
SBGSY,Schneider Electric S.E.,-1.43,-4.04,0,13,50,Industrials,Specialty Industrial Machinery
T,AT&T Inc.,1.99,-5.05,39,56,16,Telecommunications,Telecommunications Equipment
ALIZF,Allianz SE,0.09,6.3,76,85,61,Financial Services,Insurance - Diversified
EADSF,Airbus SE,0.14,8.18,48,60,43,Industrials,Aerospace & Defense
SMERY,SMERY,-2.25,-3.46,0,0,66,Industrials,Specialty Industrial Machinery
DTEGF,Deutsche Telekom AG,0.6,-6.63,45,60,15,Communication Services,Telecom Services
BUD,Anheuser-Busch InBev SA/NV,-0.35,-3.57,4,21,68,Consumer Staples,Beverages (Production/Distribution)
UNP,Union Pacific Corporation,0.76,7.77,100,100,72,Industrials,Railroads
TOELF,Tokyo Electron Limited,-4.15,3.98,20,26,95,Technology,Semiconductor Equipment & Materials
IBDRY,"Iberdrola, S.A.",0.74,1.75,27,64,62,Utilities,Utilities - Diversified
RYCEF,Rolls-Royce Holdings plc,-3.03,10.74,54,67,70,Industrials,Aerospace & Defense
ISRG,"Intuitive Surgical, Inc.",0.08,-1.4,25,51,14,Health Care,Industrial Specialties
ABT,Abbott Laboratories,-1.94,2.74,46,65,11,Health Care,Biotechnology: Pharmaceutical Preparations
SAFRF,Safran SA,-0.75,9.03,33,51,50,Industrials,Aerospace & Defense
HTHIF,"Hitachi, Ltd.",8.77,-0.59,94,100,38,Industrials,Conglomerates
CIHKY,"China Merchants Bank Co., Ltd.",0.14,-3.03,44,70,28,Financial Services,Banks - Regional
UBS,UBS Group AG,-0.29,7.76,97,100,79,Finance,Major Banks
PIAIF,"Ping An Insurance (Group) Company of China, Ltd.",-3.34,-12.4,12,22,16,Financial Services,Insurance - Life
SMFG,"Sumitomo Mitsui Financial Group, Inc.",0.85,8.98,100,100,86,Finance,Commercial Banks
PLD,"Prologis, Inc.",0.92,-2.72,46,75,65,Real Estate,Real Estate Investment Trusts
BTI,British American Tobacco p.l.c.,-1.78,-2.64,12,47,58,Health Care,Medicinal Chemicals and Botanical Products
SNEJF,Sony Group Corporation,5.38,2.89,76,95,24,Technology,Consumer Electronics
UNCRY,UniCredit S.p.A.,-1.45,12.06,92,95,76,Financial Services,Banks - Regional
HNHPF,"Hon Hai Precision Industry Co., Ltd.",-4.16,-9.81,1,7,65,Technology,Electronic Components
CFRHF,Compagnie Financière Richemont SA,-0.01,4.76,20,57,63,Consumer Cyclical,Luxury Goods
SPGI,S&P Global Inc.,1.7,11.97,87,90,34,Finance,Finance: Consumer Services
UNLYF,Unilever PLC,2.76,4.74,74,82,33,Consumer Defensive,Household & Personal Products
LMT,Lockheed Martin Corporation,-0.49,-5.1,46,64,33,Industrials,Military/Government/Technical
IVSXF,Investor AB (publ),0.0,0.23,15,56,57,Financial Services,Asset Management
LOW,"Lowe's Companies, Inc.",-1.86,-6.04,0,4,18,Consumer Discretionary,RETAIL: Building Materials
EBBNF,Enbridge Inc.,0.04,0.98,48,100,47,Energy,Oil & Gas Midstream
EBGEF,Enbridge Inc.,3.34,3.03,100,100,51,Energy,Oil & Gas Midstream
HDB,HDFC Bank Limited,-0.38,10.92,68,77,15,Finance,Commercial Banks
IITSF,Intesa Sanpaolo S.p.A.,0.0,9.05,80,91,53,Financial Services,Banks - Regional
ZIJMY,Zijin Mining Group Company Limited,-2.91,-3.48,25,40,28,Basic Materials,Gold
COF,Capital One Financial Corporation,0.74,11.52,71,89,30,Finance,Major Banks
MO,"Altria Group, Inc.",0.11,2.15,40,69,69,Health Care,Medicinal Chemicals and Botanical Products
BYDDY,BYD Company Limited,-2.13,-3.44,68,84,10,Consumer Cyclical,Auto Manufacturers
BMO,Bank of Montreal,-0.15,7.26,90,99,84,Finance,Commercial Banks
SBUX,Starbucks Corporation,1.25,4.95,98,100,70,Consumer Discretionary,Restaurants
MRAAY,"Murata Manufacturing Co., Ltd.",-10.36,-5.14,0,7,97,Technology,Electronic Components
MFG,"Mizuho Financial Group, Inc.",0.1,10.19,100,100,87,Finance,Major Banks
MSBHF,Mitsubishi Corporation,-2.15,-6.51,3,21,49,Industrials,Conglomerates
PWR,"Quanta Services, Inc.",-1.8,-5.34,0,1,84,Industrials,Engineering & Construction
SNY,Sanofi,1.15,-0.25,73,100,31,Health Care,Biotechnology: Pharmaceutical Preparations
ADBE,Adobe Inc.,3.12,5.4,100,100,11,Technology,Computer Software: Prepackaged Software
GLAXF,GSK plc,0.0,-1.28,49,72,52,Healthcare,Drug Manufacturers - General
CDNS,"Cadence Design Systems, Inc.",-1.63,-1.52,27,71,76,Technology,Computer Software: Prepackaged Software
BN,Brookfield Corporation,-0.85,-3.56,24,64,35,Real Estate,Building operators
GSK,GSK plc,-0.93,-1.08,46,73,55,Health Care,Biotechnology: Pharmaceutical Preparations
TT,Trane Technologies plc,0.04,4.29,32,57,58,Industrials,Auto Parts:O.E.M.
BNS,The Bank of Nova Scotia,0.47,7.41,100,100,82,Finance,Major Banks
GMBXF,"Grupo México, S.A.B. de C.V.",1.43,-3.15,18,35,78,Basic Materials,Other Industrial Metals & Mining
DUK,Duke Energy Corporation,1.1,2.15,34,75,43,Utilities,Power Generation
STOHF,Equinor ASA,0.0,-10.61,23,40,62,Energy,Oil & Gas Integrated
CNQ,Canadian Natural Resources Limited,2.97,-4.25,63,80,70,Energy,Oil & Gas Production
FCX,Freeport-McMoRan Inc.,-2.52,-9.6,18,22,58,Basic Materials,Metal Mining
CHDRY,Christian Dior SE,-4.88,0.16,15,32,22,Consumer Cyclical,Luxury Goods
GD,General Dynamics Corporation,-0.61,4.34,89,93,60,Industrials,Marine Transportation
SHECF,"Shin-Etsu Chemical Co., Ltd.",3.5,7.56,65,92,77,Basic Materials,Chemicals
RCRRF,"Recruit Holdings Co., Ltd.",1.39,9.94,100,100,89,Communication Services,Internet Content & Information
EQNR,Equinor ASA,6.31,-1.88,89,100,78,Energy,Integrated oil Companies
CIXPF,"CaixaBank, S.A.",0.0,5.85,84,97,79,Financial Services,Banks - Regional
PROSY,Prosus N.V.,-0.88,-3.54,51,64,11,Consumer Cyclical,Internet Retail
RCRUY,"Recruit Holdings Co., Ltd.",0.92,8.11,96,100,89,Communication Services,Internet Content & Information
ATLKY,Atlas Copco AB (publ),-2.12,-1.92,0,29,48,Industrials,Specialty Industrial Machinery
MCK,McKesson Corporation,0.78,3.19,86,93,40,Health Care,Other Pharmaceuticals
WEBNF,Westpac Banking Corporation,0.0,3.24,85,94,33,Financial Services,Banks - Diversified
PNC,"The PNC Financial Services Group, Inc.",0.37,8.08,93,94,74,Finance,Major Banks
MGCOF,MGCOF,2.46,17.24,94,94,74,,
DDOG,"Datadog, Inc.",1.05,11.1,83,91,96,Technology,Computer Software: Prepackaged Software
TKOMF,"Tokio Marine Holdings, Inc.",-3.63,-2.28,78,88,58,Financial Services,Insurance - Property & Casualty
BKFCF,"Bank of Communications Co., Ltd.",0.0,0.0,22,85,43,Financial Services,Banks - Diversified
MIELY,Mitsubishi Electric Corporation,-3.98,0.1,0,9,70,Industrials,Electrical Equipment & Parts
MELI,"MercadoLibre, Inc.",0.81,15.98,100,100,24,Consumer Discretionary,Business Services
ASX,"ASE Technology Holding Co., Ltd.",-4.92,11.33,49,65,97,Technology,Semiconductors
TKOMY,"Tokio Marine Holdings, Inc.",-0.21,0.64,76,88,61,Financial Services,Insurance - Property & Casualty
HCA,"HCA Healthcare, Inc.",-3.9,3.44,30,47,18,Health Care,Hospital/Nursing Management
BCS,Barclays PLC,-0.69,10.26,63,80,74,Finance,Commercial Banks
NOKBF,Nokia Oyj,-5.2,-15.96,0,0,94,Technology,Communication Equipment
CIEN,Ciena Corporation,-3.32,0.05,34,47,97,Utilities,Telecommunications Equipment
SLB,SLB N.V.,-0.84,-15.43,18,28,61,Energy,Oilfield Services/Equipment
NOK,Nokia Oyj,-6.03,-17.03,0,0,94,Technology,Radio And Television Broadcasting And Communications Equipment
NPPXF,"NTT, Inc.",0.0,-3.19,39,58,24,Communication Services,Telecom Services
VCISF,Vinci SA,-5.4,-5.47,0,0,28,Industrials,Engineering & Construction
MHVIY,MHVIY,-2.93,5.26,26,46,1,Industrials,Specialty Industrial Machinery
NOC,Northrop Grumman Corporation,0.41,-1.94,72,86,21,Industrials,Industrial Machinery/Components
MHVYF,"Mitsubishi Heavy Industries, Ltd.",3.88,12.94,83,94,21,Industrials,Specialty Industrial Machinery
BAESY,BAE Systems plc,-0.91,-7.0,23,46,21,Industrials,Aerospace & Defense
CP,Canadian Pacific Kansas City Limited,1.36,2.51,100,100,66,Industrials,Railroads
ENGIY,Engie SA,0.68,-2.33,36,75,70,Utilities,Utilities - Diversified
NTES,"NetEase, Inc.",2.66,4.63,85,90,44,Technology,Computer Software: Prepackaged Software
E,Eni S.p.A.,3.6,-8.55,44,58,71,Energy,Oil & Gas Production
EIPAF,Eni S.p.A.,10.92,-0.96,83,100,76,Energy,Oil & Gas Integrated
GM,General Motors Company,-1.45,-5.11,11,40,63,Industrials,Auto Manufacturing
HLT,Hilton Worldwide Holdings Inc.,-3.88,-5.68,0,12,55,Consumer Discretionary,Hotels/Resorts
CI,The Cigna Group,3.76,3.28,100,100,50,Health Care,Medical Specialities
MPC,Marathon Petroleum Corporation,4.63,13.83,100,100,89,Energy,Integrated oil Companies
ECL,Ecolab Inc.,-0.9,3.4,21,52,37,Consumer Discretionary,Package Goods/Cosmetics
BSX,Boston Scientific Corporation,-0.27,-5.34,39,67,2,Health Care,Medical/Dental Instruments
ITW,Illinois Tool Works Inc.,1.0,7.35,81,96,46,Industrials,Industrial Machinery/Components
COHR,Coherent Corp.,-5.27,-15.45,0,0,95,Technology,Electronic Components
RNMBY,Rheinmetall AG,-1.14,-21.3,9,19,2,Industrials,Aerospace & Defense
RNMBF,Rheinmetall AG,-1.14,-19.86,9,18,2,Industrials,Aerospace & Defense
TNCAF,TC Energy Corporation,0.0,-0.34,20,78,53,Energy,Oil & Gas Midstream
ARZGY,Assicurazioni Generali S.p.A.,0.08,0.38,18,64,76,Financial Services,Insurance - Diversified
JAPAY,Japan Tobacco Inc.,-1.16,-5.25,27,70,55,Consumer Defensive,Tobacco
NKE,"NIKE, Inc.",-1.37,-4.79,60,87,11,Consumer Discretionary,Shoe Manufacturing
MURGF,Münchener Rückversicherungs-Gesellschaft Aktiengesellschaft in München,2.94,9.93,97,100,29,Financial Services,Insurance - Reinsurance
MKGAF,Merck KGaA,-2.1,-0.27,42,60,63,Healthcare,Drug Manufacturers - Specialty & Generic
DLR,"Digital Realty Trust, Inc.",-1.38,-2.04,18,29,44,Real Estate,Real Estate Investment Trusts
LITE,Lumentum Holdings Inc.,-4.22,-13.65,27,31,98,Telecommunications,Telecommunications Equipment
ET,Energy Transfer LP,2.64,7.57,100,100,68,Utilities,Natural Gas Distribution
NRDBY,Nordea Bank Abp,-1.3,0.74,24,58,62,Financial Services,Banks - Regional
RBSPF,NatWest Group plc,-1.46,8.52,63,80,63,Financial Services,Banks - Regional
SOBKY,SoftBank Corp.,0.96,-2.08,60,100,28,Communication Services,Telecom Services
HKXCF,Hong Kong Exchanges and Clearing Limited,-1.16,-1.98,60,83,24,Financial Services,Financial Data & Stock Exchanges
BKR,Baker Hughes Company,0.17,-9.17,42,53,62,Consumer Discretionary,Oil and Gas Field Machinery
CMCLF,CMOC Group Limited,-5.26,-17.43,0,0,34,Basic Materials,Other Industrial Metals & Mining
TRV,"The Travelers Companies, Inc.",0.76,12.38,93,93,72,Finance,Property-Casualty Insurers
KDDIY,KDDI Corporation,-0.06,0.0,80,100,48,Communication Services,Telecom Services
KDDIF,KDDI Corporation,0.0,-2.96,66,86,48,Communication Services,Telecom Services
DB,Deutsche Bank Aktiengesellschaft,-1.48,9.41,47,63,53,Finance,Major Banks
SNGNF,Singapore Telecommunications Limited,-6.09,-2.11,0,0,29,Communication Services,Telecom Services
MPNGF,Meituan,7.18,-3.7,70,82,10,Consumer Cyclical,Internet Retail
LSEGY,London Stock Exchange Group plc,0.8,0.74,85,94,31,Financial Services,Financial Data & Stock Exchanges
ALAB,"Astera Labs, Inc.",-12.33,-1.47,0,8,97,Technology,Semiconductors
SCBFY,Standard Chartered PLC,-2.17,10.51,73,89,82,Financial Services,Banks - Diversified
LTOUF,Larsen & Toubro Limited,0.0,0.0,22,85,34,Industrials,Engineering & Construction
MBGAF,Mercedes-Benz Group AG,0.24,-9.38,7,28,15,Consumer Cyclical,Auto Manufacturers
NBIS,NBIS,-4.16,-5.28,16,18,96,Technology,Computer Software: Programming Data Processing
KEYS,"Keysight Technologies, Inc.",-0.38,-5.65,17,21,88,Industrials,Industrial Machinery/Components
UMC,United Microelectronics Corporation,-3.62,15.44,32,40,97,Technology,Semiconductors
IMO,Imperial Oil Limited,2.6,2.21,100,100,76,Energy,Integrated oil Companies
AFL,Aflac Incorporated,1.14,5.88,98,100,62,Finance,Accident &Health Insurance
AAUKF,Anglo American plc,0.0,-6.28,23,28,69,Basic Materials,Other Industrial Metals & Mining
HOCPY,HOYA Corporation,1.14,-4.35,27,38,38,Healthcare,Medical Instruments & Supplies
OXY,Occidental Petroleum Corporation,3.63,-1.19,73,88,60,Energy,Oil & Gas Production
STRD,Strategy Inc,-1.42,-12.69,47,55,10,Technology,Computer Software: Prepackaged Software
STRC,Strategy Inc,-0.53,-8.37,59,71,28,Technology,Computer Software: Prepackaged Software
CIIHY,CITIC Securities Company Limited,0.0,0.0,22,85,36,Financial Services,Capital Markets
HOCPF,HOYA Corporation,0.0,-9.56,5,13,50,Healthcare,Medical Instruments & Supplies
SE,Sea Limited,-0.43,29.14,100,100,28,Consumer Discretionary,Other Consumer Services
FLEX,Flex Ltd.,-4.64,-14.8,0,0,95,Technology,Electrical Products
KBCSF,KBC Group NV,0.0,6.03,92,100,54,Financial Services,Banks - Regional
ENAKF,E.ON SE,0.0,3.2,47,66,42,Utilities,Utilities - Diversified
VLKPF,Volkswagen AG,-2.23,-15.06,34,41,12,Consumer Cyclical,Auto Manufacturers
PCRHY,PCRHY,-2.33,13.0,62,74,95,Technology,Consumer Electronics
FANG,"Diamondback Energy, Inc.",4.48,0.01,86,100,71,Energy,Oil & Gas Production
UCBJF,UCB SA,-1.27,-9.89,0,6,39,Healthcare,Biotechnology
HCMLY,Holcim AG,-0.98,-2.43,11,46,46,Basic Materials,Building Materials
WMMVF,"Wal-Mart de México, S.A.B. de C.V.",-0.7,-4.36,20,42,20,Consumer Defensive,Discount Stores
WMMVY,"Wal-Mart de México, S.A.B. de C.V.",0.14,-5.72,13,31,19,Consumer Defensive,Discount Stores
COR,"Cencora, Inc.",0.89,8.76,87,93,32,Health Care,Other Pharmaceuticals
NDAQ,"Nasdaq, Inc.",1.28,3.22,89,100,38,Finance,Investment Bankers/Brokers/Service
LBLCF,Loblaw Companies Limited,1.15,-3.67,58,77,50,Consumer Defensive,Grocery Stores
ANCTF,Alimentation Couche-Tard Inc.,0.72,7.01,72,88,71,Consumer Cyclical,Specialty Retail
AME,"AMETEK, Inc.",-0.8,2.76,17,61,60,Industrials,Industrial Machinery/Components
BMWKY,BMWKY,-1.27,-16.04,0,18,6,Consumer Cyclical,Auto Manufacturers
HCMLF,Holcim AG,0.0,-4.06,6,17,36,Basic Materials,Building Materials
DBOEF,Deutsche Börse AG,4.77,4.48,100,100,46,Financial Services,Financial Data & Stock Exchanges
MCHPP,Microchip Technology Incorporated,-4.34,-8.76,0,0,62,Technology,Semiconductors
PRYMF,Prysmian S.p.A.,-4.27,-8.29,0,1,86,Industrials,Electrical Equipment & Parts
ASMIY,ASM International NV,-3.42,-14.37,0,0,84,Technology,Semiconductor Equipment & Materials
FAST,Fastenal Company,1.2,1.42,46,66,43,Consumer Discretionary,RETAIL: Building Materials
PRYMY,Prysmian S.p.A.,-2.71,-12.16,0,0,86,Industrials,Electrical Equipment & Parts
ROK,"Rockwell Automation, Inc.",-2.47,0.63,0,45,74,Industrials,Industrial Machinery/Components
FSUMF,Fortescue Ltd,1.18,-11.64,11,19,34,Basic Materials,Other Industrial Metals & Mining
COIN,"Coinbase Global, Inc.",-1.07,-1.91,50,64,5,Finance,Finance: Consumer Services
XEL,Xcel Energy Inc.,0.52,3.6,41,72,47,Utilities,Power Generation
FSUGY,Fortescue Ltd,0.08,-8.11,18,29,35,Basic Materials,Other Industrial Metals & Mining
JHPCY,JHPCY,0.0,0.0,22,85,11,Healthcare,Drug Manufacturers - Specialty & Generic
CTPCY,CITIC Limited,0.0,-17.38,9,16,24,Industrials,Conglomerates
SUHJY,Sun Hung Kai Properties Limited,-1.32,-0.27,63,100,49,Real Estate,Real Estate - Development
UOVEY,United Overseas Bank Limited,-1.31,13.95,91,100,72,Financial Services,Banks - Regional
CRZBF,Commerzbank AG,7.02,12.11,73,91,71,Financial Services,Banks - Regional
TKPHF,Takeda Pharmaceutical Company Limited,0.0,12.59,97,100,54,Healthcare,Drug Manufacturers - Specialty & Generic
EBKDY,Erste Group Bank AG,-2.43,7.24,49,69,73,Financial Services,Banks - Regional
ON,ON Semiconductor Corporation,-5.83,-22.07,2,8,88,Technology,Semiconductors
ODFL,"Old Dominion Freight Line, Inc.",2.32,-6.0,52,71,80,Industrials,Trucking Freight/Courier Services
BAIDF,"Baidu, Inc.",0.0,-10.5,47,58,32,Communication Services,Internet Content & Information
TYHOY,Toyota Tsusho Corporation,-0.87,-2.82,9,33,59,Industrials,Conglomerates
DANOY,Danone S.A.,-0.61,7.46,67,77,41,Consumer Defensive,Packaged Foods
DNBBY,DNB Bank ASA,-0.03,1.53,59,97,57,Financial Services,Banks - Regional
FANUY,Fanuc Corporation,-4.19,-3.23,14,22,76,Industrials,Specialty Industrial Machinery
SMMNY,Siemens Healthineers AG,1.72,-0.01,66,97,11,Healthcare,Medical Devices
FITB,Fifth Third Bancorp,0.19,7.8,85,88,74,Finance,Major Banks
XYZ,"Block, Inc.",1.84,13.94,87,100,64,Technology,Computer Software: Prepackaged Software
SWZCF,Swisscom AG,5.47,-3.41,48,65,44,Communication Services,Telecom Services
CHPXF,"China Pacific Insurance (Group) Co., Ltd.",0.0,-10.76,5,26,14,Financial Services,Insurance - Life
IDXX,"IDEXX Laboratories, Inc.",0.11,1.13,79,88,28,Health Care,Biotechnology: In Vitro & In Vivo Diagnostic Substances
WAB,Westinghouse Air Brake Technologies Corporation,-0.13,-0.47,7,21,61,Industrials,Railroads
SCMWY,Swisscom AG,1.89,-5.01,31,47,42,Communication Services,Telecom Services
PINXF,The People's Insurance Company (Group) of China Limited,0.0,29.69,98,99,50,Financial Services,Insurance - Property & Casualty
CRDO,Credo Technology Group Holding Ltd,-8.11,-10.53,0,6,95,Technology,Semiconductors
CNSWF,Constellation Software Inc.,1.94,-7.78,56,81,23,Technology,Software - Application
GMGSF,Goodman Group,0.0,-1.92,72,90,48,Real Estate,REIT - Diversified
ELEZY,"Endesa, S.A.",0.03,3.21,73,100,74,Utilities,Utilities - Regulated Electric
SSREF,Swiss Re AG,-1.17,8.56,91,100,29,Financial Services,Insurance - Reinsurance
TTRAF,Telstra Group Limited,0.0,1.56,4,16,37,Communication Services,Telecom Services
DHI,"D.R. Horton, Inc.",-1.8,-3.61,0,8,42,Consumer Discretionary,Homebuilding
PINXY,The People's Insurance Company (Group) of China Limited,0.0,-12.32,18,35,16,Financial Services,Insurance - Property & Casualty
HHUSF,Hua Hong Grace Semiconductor Limited,0.0,10.36,97,98,97,Technology,Semiconductors
ESLT,Elbit Systems Ltd.,-2.18,-19.37,0,12,63,Industrials,Military/Government/Technical
HEI,HEICO Corporation,-1.94,1.48,35,59,57,Industrials,Aerospace
RKT,"Rocket Companies, Inc.",-3.34,3.57,25,36,19,Finance,Finance: Consumer Services
KDP,Keurig Dr Pepper Inc.,-1.33,0.78,17,44,63,Consumer Staples,Beverages (Production/Distribution)
SSREY,Swiss Re AG,0.66,7.91,98,100,35,Financial Services,Insurance - Reinsurance
IBIDF,"Ibiden Co.,Ltd.",0.0,18.98,38,44,99,Technology,Electronic Components
IBIDY,"Ibiden Co.,Ltd.",-10.11,-3.36,0,0,98,Technology,Electronic Components
ALNY,"Alnylam Pharmaceuticals, Inc.",-3.58,-0.46,20,37,12,Health Care,Biotechnology: Pharmaceutical Preparations
AMP,"Ameriprise Financial, Inc.",2.26,15.07,100,100,51,Finance,Investment Managers
NPSNY,Naspers Limited,-2.58,-4.94,29,45,13,Consumer Cyclical,Internet Retail
ASAZY,ASSA ABLOY AB (publ),-2.08,-3.03,0,17,26,Industrials,Security & Protection Services
SVKEF,SVKEF,0.0,-0.84,23,66,46,Financial Services,Banks - Regional
HDLMY,HDLMY,-1.74,-6.14,10,24,13,Basic Materials,Building Materials
ED,"Consolidated Edison, Inc.",0.63,4.66,60,82,51,Utilities,Power Generation
ACSAY,"ACS, Actividades de Construcción y Servicios, S.A.",-3.02,-8.02,0,0,83,Industrials,Engineering & Construction
BLMIF,Bank Leumi le-Israel B.M.,-4.47,-6.84,11,36,33,Financial Services,Banks - Regional
A,"Agilent Technologies, Inc.",-0.19,3.66,60,82,48,Industrials,Biotechnology: Laboratory Analytical Instruments
ACSAF,"ACS, Actividades de Construcción y Servicios, S.A.",0.0,-0.82,7,20,85,Industrials,Engineering & Construction
LNVGY,Lenovo Group Limited,-5.96,-0.37,51,62,97,Technology,Computer Hardware
WCN,"Waste Connections, Inc.",0.06,10.1,89,91,39,Utilities,Environmental Services
WAT,Waters Corporation,-0.85,3.75,60,85,54,Industrials,Biotechnology: Laboratory Analytical Instruments
PSZKF,Powszechna Kasa Oszczednosci Bank Polski Spólka Akcyjna,3.66,4.63,66,85,77,Financial Services,Banks - Regional
TSCDF,Tesco PLC,5.15,0.64,79,100,46,Consumer Defensive,Grocery Stores
JDCMF,"JD.com, Inc.",0.0,-2.63,18,81,27,Consumer Cyclical,Internet Retail
SDZNY,Sandoz Group AG,-2.58,-2.97,0,13,67,Healthcare,Drug Manufacturers - Specialty & Generic
CHHQF,China Hongqiao Group Limited,14.66,-19.69,34,40,82,Basic Materials,Aluminum
CBRE,"CBRE Group, Inc.",-1.08,4.64,55,67,26,Finance,Real Estate
FINMY,Leonardo S.p.a.,-2.1,-6.23,50,61,25,Industrials,Aerospace & Defense
SDZXF,Sandoz Group AG,0.0,9.88,77,95,82,Healthcare,Drug Manufacturers - Specialty & Generic
SYY,Sysco Corporation,-0.44,5.49,75,86,60,Consumer Discretionary,Food Distributors
AMKBF,A.P. Møller - Mærsk A/S,0.0,-16.17,4,16,52,Industrials,Marine Shipping
WDAY,"Workday, Inc.",4.26,10.99,100,100,22,Technology,EDP Services
KGC,Kinross Gold Corporation,-2.73,-5.55,6,14,25,Basic Materials,Precious Metals
AMKBY,A.P. Møller - Mærsk A/S,5.69,-11.3,42,61,66,Industrials,Marine Shipping
KB,KB Financial Group Inc.,0.05,19.28,100,100,81,Finance,Commercial Banks
FJTSF,Fujitsu Limited,-5.61,1.75,65,75,14,Technology,Information Technology Services
UI,Ubiquiti Inc.,-1.87,-7.06,20,38,17,Technology,Radio And Television Broadcasting And Communications Equipment
SHLAF,Schindler Holding AG,-0.58,-4.84,2,17,24,Industrials,Specialty Industrial Machinery
CHHQY,China Hongqiao Group Limited,0.0,-23.16,11,13,10,Basic Materials,Aluminum
NECPY,NECPY,0.0,-1.25,64,70,20,Technology,Information Technology Services
PRU,"Prudential Financial, Inc.",0.69,9.07,100,100,63,Finance,Life Insurance
DLMAY,DLMAY,0.0,-24.71,22,23,29,Consumer Defensive,Discount Stores
IFCZF,Intact Financial Corporation,1.02,2.96,73,82,52,Financial Services,Insurance - Property & Casualty
ADDYY,adidas AG,0.0,2.33,58,71,56,Consumer Cyclical,Footwear & Accessories
ADYEY,Adyen N.V.,-2.38,4.42,10,45,6,Technology,Software - Infrastructure
CKHUY,CK Hutchison Holdings Limited,-2.36,0.0,65,91,76,Industrials,Conglomerates
EQT,EQT Corporation,1.78,-2.89,22,35,21,Energy,Oil & Gas Production
EPIAF,Epiroc AB (publ),1.55,-1.55,22,32,53,Industrials,Farm & Heavy Construction Machinery
EPOAY,EPOAY,-2.55,-7.73,0,0,46,Industrials,Farm & Heavy Construction Machinery
ONC,BeOne Medicines AG,1.76,16.79,88,89,36,Health Care,Biotechnology: Pharmaceutical Preparations
DNNGY,Ørsted A/S,0.0,-8.49,8,41,7,Utilities,Utilities - Renewable
DOGEF,Ørsted A/S,0.75,-9.16,29,47,23,,
CKHUF,CK Hutchison Holdings Limited,0.0,-0.87,26,42,71,Industrials,Conglomerates
HBANM,Huntington Bancshares Incorporated,-0.5,-0.29,9,85,30,Finance,Major Banks
HBAN,Huntington Bancshares Incorporated,0.34,5.12,74,92,51,Finance,Major Banks
SAABY,Saab AB (publ),-4.13,-5.24,29,36,20,Industrials,Aerospace & Defense
FSLR,"First Solar, Inc.",-2.98,-18.49,0,0,50,Technology,Semiconductors
CICOF,"COSCO SHIPPING Holdings Co., Ltd.",-10.27,-11.23,0,13,26,Industrials,Marine Shipping
AAVMY,ABN AMRO Bank N.V.,-0.87,8.93,72,81,84,Financial Services,Banks - Diversified
Q,"Qnity Electronics, Inc.",-1.96,-5.46,0,0,82,Technology,Semiconductors
ZTS,Zoetis Inc.,-0.22,-7.38,39,65,2,Health Care,Biotechnology: Pharmaceutical Preparations
TECK,Teck Resources Limited,-2.26,-7.94,19,25,73,Industrials,Mining & Quarrying of Nonmetallic Minerals (No Fuels)
SUNB,"Sunbelt Rentals Holdings, Inc.",-1.36,-8.42,29,37,44,Consumer Discretionary,Diversified Commercial Services
BMDPF,Banca Monte dei Paschi di Siena S.p.A.,7.69,6.06,92,100,85,Financial Services,Banks - Regional
NTRA,"Natera, Inc.",1.09,24.48,85,88,87,Health Care,Medical Specialities
DSKYF,"Daiichi Sankyo Company, Limited",-2.5,14.53,87,96,14,Healthcare,Drug Manufacturers - General
MTB,M&T Bank Corporation,0.09,6.47,93,100,68,Finance,Major Banks
CPRT,"Copart, Inc.",-0.25,-11.62,3,12,6,Consumer Discretionary,Retail-Auto Dealers and Gas Stations
CICOY,"COSCO SHIPPING Holdings Co., Ltd.",0.34,1.01,63,100,47,Industrials,Marine Shipping
ACGL,Arch Capital Group Ltd.,1.98,13.09,100,99,55,Finance,Property-Casualty Insurers
TGOPY,3i Group plc,-1.2,22.83,98,100,14,Financial Services,Asset Management
KNYJY,KONE Oyj,-0.4,-0.28,10,52,15,Industrials,Specialty Industrial Machinery
LNTCY,LNTCY,-7.39,-15.85,0,0,8,Technology,Electronic Components
HENKY,Henkel AG & Co. KGaA,0.0,7.56,76,86,58,Consumer Defensive,Household & Personal Products
RYAAY,Ryanair Holdings plc,-1.11,7.61,49,65,41,Consumer Discretionary,Air Freight/Delivery Services
IQV,IQVIA Holdings Inc.,-0.14,14.63,97,97,59,Health Care,Biotechnology: Commercial Physical & Biological Resarch
AJNMY,"Ajinomoto Co., Inc.",-2.71,7.11,44,64,80,Consumer Defensive,Packaged Foods
FISV,"Fiserv, Inc.",1.45,-3.54,53,75,4,Consumer Discretionary,Business Services
STLA,Stellantis N.V.,1.27,-19.16,15,21,3,Industrials,Auto Manufacturing
MTZ,"MasTec, Inc.",-3.4,0.48,1,6,88,Industrials,Water Sewer Pipeline Comm & Power Line Construction
CPNG,"Coupang, Inc.",-4.68,3.88,43,58,8,Consumer Discretionary,Catalog/Specialty Distribution
DTE,DTE Energy Company,0.25,4.15,36,67,54,Utilities,Electric Utilities: Central
RSHGY,RSHGY,-0.34,9.23,96,100,85,Financial Services,Banks - Regional
TPR,"Tapestry, Inc.",-3.27,-6.37,0,0,53,Consumer Discretionary,Apparel
PMRTY,Pop Mart International Group Limited,0.88,-14.8,7,13,11,Consumer Cyclical,Leisure
BTGOF,BT Group plc,1.6,-6.96,38,54,32,Communication Services,Telecom Services
FICO,Fair Isaac Corporation,2.19,7.84,88,90,41,Consumer Discretionary,Business Services
TWLO,Twilio Inc.,1.72,5.62,100,100,94,Technology,Computer Software: Prepackaged Software
TDY,Teledyne Technologies Incorporated,-1.69,0.02,7,52,48,Industrials,Industrial Machinery/Components
ALMMF,Aluminum Corporation of China Limited,0.0,-18.49,2,6,16,Basic Materials,Aluminum
KHC,The Kraft Heinz Company,1.53,4.17,91,96,52,Consumer Staples,Packaged Foods
VEEV,Veeva Systems Inc.,3.52,21.83,100,100,29,Technology,Computer Software: Prepackaged Software
NRG,"NRG Energy, Inc.",-0.67,12.76,47,59,20,Utilities,Electric Utilities: Central
BPXXY,BPER Banca SpA,0.0,17.36,70,81,84,Financial Services,Banks - Regional
TEFOF,"Telefónica, S.A.",1.25,-7.95,11,18,15,Communication Services,Telecom Services
CRCL,Circle Internet Group,-4.75,-23.76,4,13,3,Finance,Finance: Consumer Services
AMADF,"Amadeus IT Group, S.A.",-0.3,0.16,30,62,13,Technology,Information Technology Services
RJF,"Raymond James Financial, Inc.",-0.68,11.4,93,95,50,Finance,Investment Bankers/Brokers/Service
CCOZY,China Coal Energy Company Limited,0.0,-8.68,28,50,49,Energy,Thermal Coal
CHLSY,Chocoladefabriken Lindt & Sprüngli AG,0.79,-1.37,32,49,12,Consumer Defensive,Confectioners
SMCI,"Super Micro Computer, Inc.",-2.3,-13.48,14,17,13,Technology,Computer Manufacturing
RSMDF,ResMed Inc.,0.0,-1.59,20,82,6,Healthcare,Medical Instruments & Supplies
CW,Curtiss-Wright Corporation,-1.95,-2.23,0,27,75,Technology,Industrial Machinery/Components
SMECF,SMC Corporation,-2.7,17.55,60,81,68,Industrials,Specialty Industrial Machinery
TEAM,Atlassian Corporation,8.22,7.8,100,100,41,Technology,Computer Software: Prepackaged Software
FTI,TechnipFMC plc,1.66,3.46,100,100,88,Consumer Discretionary,Oil and Gas Field Machinery
OTIS,Otis Worldwide Corporation,0.45,4.69,58,94,15,Technology,Consumer Electronics/Appliances
TTNDY,Techtronic Industries Company Limited,-2.03,5.15,27,45,75,Industrials,Tools & Accessories
IPXHY,Inpex Corporation,1.77,-4.53,56,75,51,Energy,Oil & Gas E&P
HSHCY,"Haier Smart Home Co., Ltd.",-1.46,-8.09,9,30,16,Consumer Cyclical,"Furnishings, Fixtures & Appliances"
NVT,nVent Electric plc,-1.68,-3.95,15,23,90,Industrials,Industrial Machinery/Components
EIX,Edison International,1.02,6.26,85,100,78,Utilities,Electric Utilities: Central
HMRZF,H & M Hennes & Mauritz AB (publ),0.0,-6.31,9,26,29,Consumer Cyclical,Apparel Manufacturing
KUASF,Kuaishou Technology,-6.36,5.51,42,56,23,Communication Services,Internet Content & Information
FTAI,FTAI Aviation Ltd.,-7.68,-13.04,0,0,61,Industrials,Misc Corporate Leasing Services
PPLC,PPL Corporation,0.75,0.7,30,76,30,Utilities,Electric Utilities: Central
CTSH,Cognizant Technology Solutions Corporation,3.74,-13.72,38,48,4,Technology,EDP Services
MTSFY,"Mitsui Fudosan Co., Ltd.",-0.04,-3.61,35,63,17,Real Estate,Real Estate - Diversified
CFG,"Citizens Financial Group, Inc.",0.03,5.79,67,80,76,Finance,Major Banks
GELYF,Geely Automobile Holdings Limited,-0.85,-6.8,37,56,21,Consumer Cyclical,Auto Manufacturers
MTRJF,MTR Corporation Limited,0.0,-7.62,4,9,58,Industrials,Railroads
XYL,Xylem Inc.,-0.01,11.15,100,100,22,Industrials,Fluid Controls
TELFY,"Telefónica, S.A.",2.77,-5.59,39,61,26,Communication Services,Telecom Services
ICAGY,International Consolidated Airlines Group S.A.,-2.77,10.22,38,64,66,Industrials,Airlines
MGDDF,Compagnie Générale des Établissements Michelin Société en commandite par actions,-6.64,2.9,34,52,61,Unknown,Unknown
SNMRF,Snam S.p.A.,-2.54,-8.87,0,13,43,Utilities,Utilities - Regulated Gas
RYLPF,Koninklijke Philips N.V.,0.0,7.1,86,92,39,Healthcare,Medical Devices
KSHTY,Kuaishou Technology,4.59,3.95,55,64,7,Communication Services,Internet Content & Information
BABWF,International Consolidated Airlines Group S.A.,0.0,19.11,96,98,70,Industrials,Airlines
MGDDY,Compagnie Générale des Établissements Michelin Société en commandite par actions,-1.26,3.65,59,76,62,Unknown,Unknown
PPG,"PPG Industries, Inc.",-2.5,-3.72,0,1,47,Consumer Discretionary,Paints/Coatings
FUJIY,FUJIFILM Holdings Corporation,-1.44,-0.45,71,80,45,Industrials,Conglomerates
AIBGY,AIB Group plc,-0.72,-0.3,26,70,73,Financial Services,Banks - Regional
HRNNF,Hydro One Limited,1.15,3.36,57,91,50,Utilities,Utilities - Regulated Electric
CLPHY,CLP Holdings Limited,-0.81,3.71,99,100,58,Utilities,Utilities - Regulated Electric
PGPEF,Publicis Groupe S.A.,0.0,-0.39,54,81,52,Communication Services,Advertising Agencies
SNMRY,Snam S.p.A.,0.43,-2.5,20,60,50,Utilities,Utilities - Regulated Gas
ALFVF,Alfa Laval AB (publ),0.0,0.93,91,97,71,Industrials,Specialty Industrial Machinery
CINF,Cincinnati Financial Corporation,1.89,9.13,59,70,64,Finance,Property-Casualty Insurers
QBEIF,QBE Insurance Group Limited,-0.06,8.19,55,64,71,Financial Services,Insurance - Property & Casualty
EJPRY,East Japan Railway Company,0.93,1.3,93,94,27,Industrials,Railroads
EJPRF,East Japan Railway Company,0.0,-3.19,70,81,23,Industrials,Railroads
AXIA,AXIA Energia SA,-2.67,-0.78,18,47,45,Utilities,Electric Utilities: Central
AWK,"American Water Works Company, Inc.",0.64,5.69,50,68,32,Utilities,Water Supply
SYF,Synchrony Financial,1.06,1.22,38,45,35,Finance,Finance: Consumer Services
WSM,"Williams-Sonoma, Inc.",-2.3,-0.96,0,10,64,Consumer Discretionary,Home Furnishings
SUTNY,"Sumitomo Mitsui Trust Group, Inc.",0.0,11.99,92,97,82,Financial Services,Banks - Regional
HLAGF,Hapag-Lloyd Aktiengesellschaft,6.22,0.04,86,100,34,Industrials,Marine Shipping
HLMAF,Halma plc,1.47,-11.25,18,26,30,Industrials,Conglomerates
TW,Tradeweb Markets Inc.,1.86,0.69,64,75,16,Finance,Investment Bankers/Brokers/Service
UTHR,United Therapeutics Corporation,-2.1,-1.8,0,39,69,Health Care,Biotechnology: Pharmaceutical Preparations
FSNUY,Fresenius SE & Co. KGaA,-2.46,8.69,57,64,23,Healthcare,Medical Care Facilities
OMVKY,OMV Aktiengesellschaft,1.91,3.34,100,100,78,Energy,Oil & Gas Integrated
FN,Fabrinet,0.75,-18.48,4,8,51,Utilities,Telecommunications Equipment
VACNY,VAT Group AG,-2.16,-2.9,5,31,90,Industrials,Specialty Industrial Machinery
CRS,Carpenter Technology Corporation,-2.03,0.78,10,39,93,Industrials,Steel/Iron Ore
NMR,"Nomura Holdings, Inc.",-0.41,10.7,100,100,75,Finance,Investment Bankers/Brokers/Service
KEY,KeyCorp,-0.34,3.99,57,89,68,Finance,Major Banks
TEZNY,Terna S.p.A.,0.11,1.34,40,89,55,Utilities,Utilities - Regulated Electric
FUWAY,"Furukawa Electric Co., Ltd.",-5.59,-18.05,0,0,97,Industrials,Electrical Equipment & Parts
BDORY,Banco do Brasil S.A.,-2.2,4.17,74,96,24,Financial Services,Banks - Regional
ROL,"Rollins, Inc.",1.01,-4.53,52,73,11,Consumer Discretionary,Diversified Commercial Services
WST,"West Pharmaceutical Services, Inc.",1.69,8.89,79,89,85,Health Care,Medical/Dental Instruments
MKL,Markel Group Inc.,0.64,7.23,80,93,35,Finance,Property-Casualty Insurers
FCNCP,"First Citizens BancShares, Inc.",-0.37,0.97,35,91,34,Finance,Major Banks
FCNCO,"First Citizens BancShares, Inc.",-0.15,0.64,30,85,31,Finance,Major Banks
CHD,"Church & Dwight Co., Inc.",0.83,0.08,35,68,47,Consumer Discretionary,Package Goods/Cosmetics
BOUYY,Bouygues SA,-0.47,-8.11,3,14,47,Industrials,Engineering & Construction
FWONK,Formula One Group,3.65,10.2,100,100,45,Industrials,Broadcasting
PHM,"PulteGroup, Inc.",-0.8,0.01,9,30,41,Consumer Discretionary,Homebuilding
TROW,"T. Rowe Price Group, Inc.",-4.13,6.23,48,59,66,Finance,Investment Bankers/Brokers/Service
DLTR,"Dollar Tree, Inc.",1.18,10.0,95,100,72,Consumer Discretionary,Department/Specialty Retail Stores
TELNY,Telenor ASA,1.01,-5.02,37,56,30,Communication Services,Telecom Services
TRUMY,Terumo Corporation,0.22,-4.42,36,50,24,Healthcare,Medical Instruments & Supplies
EXE,Expand Energy Corporation,-0.17,0.02,11,49,16,Energy,Oil & Gas Production
FIS,"Fidelity National Information Services, Inc.",-0.12,9.34,84,87,8,Consumer Discretionary,Business Services
CMAKY,"China Minsheng Banking Corp., Ltd.",-3.22,-1.89,0,31,11,Financial Services,Banks - Regional
CTOWY,China Tower Corporation Limited,0.0,0.0,22,85,62,Communication Services,Telecom Services
AGPPF,Valterra Platinum Limited,-0.7,-2.89,3,19,26,Basic Materials,Other Precious Metals & Mining
SGSOF,SGS SA,0.0,4.8,78,100,50,Industrials,Consulting Services
SURYY,"Sumitomo Realty & Development Co., Ltd.",9.3,2.69,61,75,31,Real Estate,Real Estate Services
RL,Ralph Lauren Corporation,-5.17,-4.55,0,0,54,Industrials,Garments and Clothing
OKTA,"Okta, Inc.",0.65,18.75,73,75,94,Technology,Computer Software: Prepackaged Software
ROIV,Roivant Sciences Ltd.,-4.06,16.08,68,75,94,Health Care,Biotechnology: Pharmaceutical Preparations
LYB,LyondellBasell Industries N.V.,3.5,-8.11,44,58,39,Industrials,Major Chemicals
TNABF,Tenaga Nasional Berhad,-3.4,-2.71,16,47,56,Utilities,Utilities - Regulated Electric
PPERY,PT Bank Mandiri (Persero) Tbk,2.99,-1.59,48,68,24,Financial Services,Banks - Regional
TQLCF,TQLCF,0.0,0.0,22,85,36,Basic Materials,Other Industrial Metals & Mining
ENTG,"Entegris, Inc.",-6.25,-5.97,2,2,78,Industrials,Plastic Products
TSN,"Tyson Foods, Inc.",0.16,4.1,50,81,38,Consumer Staples,Meat/Poultry/Fish
NNGRY,NN Group N.V.,-0.54,1.93,36,81,68,Financial Services,Insurance - Diversified
CHKGF,CK Asset Holdings Limited,0.0,-0.76,22,85,72,Real Estate,Real Estate - Development
RCI,Rogers Communications Inc.,1.37,-13.9,26,34,37,Telecommunications,Cable & Other Pay Television Services
STE,STERIS plc,0.49,4.74,77,96,26,Health Care,Industrial Specialties
MDIBY,Mediobanca Banca di Credito Finanziario S.p.A.,0.61,9.88,100,100,90,Financial Services,Banks - Regional
GBERY,Geberit AG,-1.66,1.05,0,23,18,Industrials,Building Products & Equipment
GPN,Global Payments Inc.,1.07,17.89,83,89,43,Consumer Discretionary,Business Services
CLEGF,Coles Group Limited,0.0,10.26,90,98,65,Consumer Defensive,Grocery Stores
AA,Alcoa Corporation,0.08,-29.37,5,10,37,Industrials,Aluminum
CAPMF,Capgemini SE,2.32,-5.57,47,66,8,Technology,Information Technology Services
DKS,"DICK'S Sporting Goods, Inc.",-0.86,-2.96,0,18,38,Consumer Discretionary,Other Specialty Stores
NESRF,Northern Star Resources Limited,2.49,4.38,39,55,24,Basic Materials,Gold
VNNVF,Vonovia SE,0.0,12.06,81,96,28,Real Estate,Real Estate Services
GBERF,Geberit AG,-4.1,5.17,35,56,16,Industrials,Building Products & Equipment
CGEMY,Capgemini SE,2.57,-7.24,27,54,9,Technology,Information Technology Services
NJDCY,Nidec Corporation,-1.96,-10.91,55,61,46,Industrials,Specialty Industrial Machinery
SDMHF,Sartorius Stedim Biotech S.A.,2.23,6.91,100,100,30,Healthcare,Medical Instruments & Supplies
JARLF,Jardine Matheson Holdings Limited,0.0,-0.81,22,52,32,Industrials,Conglomerates
CX,"CEMEX, S.A.B. de C.V.",-0.24,-1.73,38,71,73,Industrials,Building Materials
GNENY,"Ganfeng Lithium Group Co., Ltd.",5.68,-24.32,11,14,14,Basic Materials,Chemicals
HKHHF,Heineken Holding N.V.,1.86,9.13,97,100,56,Consumer Defensive,Beverages - Brewers
JIAXF,Jiangxi Copper Company Limited,0.0,-10.02,2,4,33,Basic Materials,Copper
EFX,Equifax Inc.,3.71,8.17,89,91,13,Finance,Finance: Consumer Services
MTUAY,MTU Aero Engines AG,-3.32,10.61,53,61,30,Industrials,Aerospace & Defense
TRATF,Traton SE,1.07,3.02,67,100,63,Industrials,Farm & Heavy Construction Machinery
SBS,Companhia de Saneamento Básico do Estado de São Paulo - SABESP,-2.15,8.41,89,98,62,Utilities,Water Supply
RCIAF,Rogers Communications Inc.,0.0,-9.87,5,22,50,Communication Services,Telecom Services
BKRIY,Bank of Ireland Group plc,-1.73,-1.88,0,45,64,Financial Services,Banks - Regional
BEKE,KE Holdings Inc.,3.21,-2.01,59,77,27,Finance,Real Estate
SAUHF,Straumann Holding AG,2.52,10.7,58,75,61,Healthcare,Medical Instruments & Supplies
RGLD,"Royal Gold, Inc.",-1.71,-5.2,2,6,19,Industrials,Precious Metals
NISTF,Nippon Steel Corporation,0.88,-2.56,21,48,7,Basic Materials,Steel
EVRG,"Evergy, Inc.",0.86,4.4,54,82,62,Utilities,Power Generation
SITM,SiTime Corporation,-4.2,-16.46,6,6,95,Technology,Semiconductors
MRNA,"Moderna, Inc.",-1.85,34.99,53,57,94,Health Care,Biotechnology: Biological Products (No Diagnostic Substances)
GWLLY,Great Wall Motor Company Limited,4.67,-12.3,17,22,3,Consumer Cyclical,Auto Manufacturers
MMSMY,"Mitsui Kinzoku Company, Limited",-6.72,-10.78,3,4,97,Industrials,Conglomerates
LNT,Alliant Energy Corporation,0.3,5.52,56,83,62,Utilities,Power Generation
MONRF,Moncler S.p.A.,6.17,-0.71,100,100,43,Consumer Cyclical,Apparel Manufacturing
GWLLF,Great Wall Motor Company Limited,-1.85,-18.46,0,0,3,Consumer Cyclical,Auto Manufacturers
HUNGF,"Huaneng Power International, Inc.",-26.08,41.61,43,47,95,Utilities,Utilities - Independent Power Producers
SSLZY,Santos Limited,0.75,-6.48,39,53,56,Energy,Oil & Gas E&P
MGA,Magna International Inc.,-0.31,-2.58,22,54,77,Consumer Discretionary,Auto Parts:O.E.M.
TTMI,"TTM Technologies, Inc.",-6.9,-27.17,0,0,95,Technology,Electrical Products
USFD,US Foods Holding Corp.,0.33,11.05,72,81,74,Consumer Discretionary,Food Distributors
STOSF,Santos Limited,0.0,-8.03,85,97,52,Energy,Oil & Gas E&P
AMCCF,Amcor plc,0.0,17.14,100,100,51,Consumer Cyclical,Packaging & Containers
CABJF,Carlsberg A/S,0.0,5.97,94,97,55,Consumer Defensive,Beverages - Brewers
EDRVF,"EDP Renewables, S.A.",0.0,-3.12,11,32,67,Utilities,Utilities - Renewable
SOMLF,"SECOM CO., LTD.",0.0,0.0,22,85,67,Industrials,Security & Protection Services
IP,International Paper Company,-2.45,5.87,22,51,22,Basic Materials,Paper
SUVPF,Sartorius Aktiengesellschaft,0.0,-15.4,4,18,26,Healthcare,Medical Instruments & Supplies
SOMLY,"SECOM CO., LTD.",-0.49,-1.07,72,89,58,Industrials,Security & Protection Services
EVMNY,Evolution Mining Limited,-4.49,-2.73,0,0,37,Basic Materials,Gold
MONRY,Moncler S.p.A.,0.07,-13.67,7,21,28,Consumer Cyclical,Apparel Manufacturing
WCC,"WESCO International, Inc.",-1.25,-3.74,36,48,80,Consumer Discretionary,Telecommunications Equipment
TLN,Talen Energy Corporation,2.73,14.95,43,62,69,Utilities,Electric Utilities: Central
RAIFF,Raiffeisen Bank International AG,0.0,12.11,80,95,92,Financial Services,Banks - Regional
LII,Lennox International Inc.,-0.15,6.86,53,74,42,Industrials,Industrial Machinery/Components
DAIUF,"Daifuku Co., Ltd.",0.0,490.32,99,100,1,Industrials,Specialty Industrial Machinery
VODAF,Vodacom Group Limited,0.0,0.0,22,85,76,Communication Services,Telecom Services
DQJCY,Pan Pacific International Holdings Corporation,-1.3,-2.02,85,97,18,Consumer Defensive,Discount Stores
HKHGF,Hongkong Land Holdings Limited,0.0,-9.79,5,14,43,Real Estate,Real Estate - Development
SN,"SharkNinja, Inc.",-1.87,10.47,85,93,83,Consumer Discretionary,Consumer Electronics/Appliances
PEXNY,PTT Exploration and Production Public Company Limited,5.26,-9.71,32,42,27,Energy,Oil & Gas E&P
ASBFY,Associated British Foods plc,0.19,1.74,88,100,40,Consumer Defensive,Packaged Foods
KAOCF,Kao Corporation,0.0,-44.64,1,2,2,Consumer Defensive,Household & Personal Products
HOKCY,The Hong Kong and China Gas Company Limited,-3.75,-14.44,0,11,21,Utilities,Utilities - Regulated Gas
KWHIF,"Kawasaki Heavy Industries, Ltd.",0.0,2.33,23,29,1,Industrials,Specialty Industrial Machinery
JDEPY,JDEPY,-0.3,-5.53,6,26,29,Consumer Defensive,Packaged Foods
FLUT,Flutter Entertainment plc,1.57,1.44,100,100,6,Technology,Computer Software: Programming Data Processing
TLK,Perusahaan Perseroan (Persero) PT Telekomunikasi Indonesia Tbk,0.5,-4.62,35,68,12,Telecommunications,Telecommunications Equipment
BPCGY,"Banco Comercial Português, S.A.",-2.55,11.76,75,80,84,Financial Services,Banks - Regional
URMCY,Unibail-Rodamco-Westfield SE,-2.6,9.72,50,60,59,Real Estate,REIT - Retail
FPS,"Forgent Power Solutions, Inc.",-6.89,-26.82,0,0,86,Energy,Industrial Machinery/Components
KEP,Korea Electric Power Corporation,-5.73,-4.5,0,0,12,Utilities,Electric Utilities: Central
TSCO,Tractor Supply Company,-0.62,-3.26,19,50,3,Consumer Discretionary,RETAIL: Building Materials
NVR,"NVR, Inc.",-0.64,-0.64,19,46,20,Consumer Discretionary,Homebuilding
PHYS,Sprott Physical Gold Trust,-2.68,-4.83,0,37,28,Financial Services,Asset Management
ACXIF,"Acciona, S.A.",-6.2,-1.48,0,0,71,Industrials,Engineering & Construction
TPG,TPG Inc.,-0.45,-0.49,57,79,20,Finance,Investment Managers
HGKGY,Power Assets Holdings Limited,-1.46,4.37,55,72,46,Utilities,Utilities - Independent Power Producers
BMBLF,Brambles Limited,-4.1,-1.61,0,12,10,Industrials,Specialty Business Services
DOCN,"DigitalOcean Holdings, Inc.",-5.49,-29.43,0,0,97,Technology,Computer Software: Programming Data Processing
KIM,Kimco Realty Corporation,0.92,-2.49,30,63,67,Real Estate,Real Estate Investment Trusts
LUGDF,Lundin Gold Inc.,-2.91,-0.26,11,25,12,Basic Materials,Gold
TYNPF,Nippon Sanso Holdings Corporation,-0.66,12.51,78,86,99,Basic Materials,Chemicals
WTKWY,Wolters Kluwer N.V.,2.68,1.67,98,100,7,Industrials,Specialty Business Services
PTC,PTC Inc.,0.55,5.94,100,100,9,Technology,Computer Software: Prepackaged Software
GLPEY,"Galp Energia, SGPS, S.A.",4.11,4.2,100,100,69,Energy,Oil & Gas Integrated
TXT,Textron Inc.,-1.64,-4.6,30,65,37,Industrials,Aerospace
NBIX,"Neurocrine Biosciences, Inc.",-1.7,7.0,75,84,80,Health Care,Biotechnology: Biological Products (No Diagnostic Substances)
PS,Pershing Square Inc.,-2.2,2.05,80,89,85,Finance,Investment Managers
PAA,"Plains All American Pipeline, L.P.",2.84,4.72,100,100,78,Energy,Natural Gas Distribution
DECK,Deckers Outdoor Corporation,1.71,-5.74,52,72,40,Consumer Discretionary,Shoe Manufacturing
OUKPY,Metso Oyj,-1.72,-0.35,24,48,49,Industrials,Farm & Heavy Construction Machinery
OVV,Ovintiv Inc.,1.76,0.49,76,100,77,Energy,Oil & Gas Production
RMBS,Rambus Inc.,-8.02,-28.63,0,0,60,Technology,Semiconductors
KAEPY,"The Kansai Electric Power Company, Incorporated",0.0,0.27,52,68,32,Utilities,Utilities - Renewable
IEX,IDEX Corporation,-0.31,2.45,18,59,70,Industrials,Fluid Controls
GEN,Gen Digital Inc.,0.96,9.27,82,85,65,Technology,Computer Software: Prepackaged Software
LAMR,Lamar Advertising Company,1.32,4.28,61,80,77,Real Estate,Real Estate Investment Trusts
PFGC,Performance Food Group Company,-0.04,8.89,81,85,75,Consumer Discretionary,Food Distributors
BNT,Brookfield Wealth Solutions Ltd.,-0.55,-3.16,29,69,34,Finance,Property-Casualty Insurers
PSLV,Sprott Physical Silver Trust,-3.13,-12.96,1,11,31,Financial Services,Asset Management
VICR,Vicor Corporation,-7.31,-15.4,0,0,98,Technology,Industrial Machinery/Components
SONVY,Sonova Holding AG,0.12,-0.28,70,81,33,Healthcare,Medical Devices
GPFOF,"Grupo Financiero Inbursa, S.A.B. de C.V.",0.0,-2.16,22,56,92,Financial Services,Banks - Regional
THC,Tenet Healthcare Corporation,-4.62,12.5,60,66,38,Health Care,Hospital/Nursing Management
IPSEY,Ipsen S.A.,-4.1,-2.11,41,59,71,Healthcare,Drug Manufacturers - Specialty & Generic
EVGGF,Evolution AB (publ),0.0,-7.98,34,54,39,Consumer Cyclical,Gambling
AHCHY,Anhui Conch Cement Company Limited,-1.49,-8.39,0,26,9,Basic Materials,Building Materials
NWSA,News Corporation,1.32,5.44,100,100,47,Consumer Discretionary,Newspapers/Magazines
AHKSF,Asahi Kasei Corporation,0.0,-0.88,22,85,82,Industrials,Conglomerates
CRWOF,China Railway Group Limited,0.0,2.69,38,70,13,Industrials,Engineering & Construction
CLH,"Clean Harbors, Inc.",-0.16,5.88,77,99,66,Industrials,Environmental Services
WHGLY,WH Group Limited,0.66,-10.11,20,31,26,Consumer Defensive,Packaged Foods
KPELY,Keppel Ltd.,-0.23,6.3,62,94,65,Industrials,Conglomerates
BWA,BorgWarner Inc.,-2.08,-14.98,0,5,85,Consumer Discretionary,Auto Parts:O.E.M.
PILBF,PLS Group Limited,-2.05,-24.06,0,2,88,Basic Materials,Other Industrial Metals & Mining
FUTU,Futu Holdings Limited,0.02,0.86,35,73,3,Finance,Investment Bankers/Brokers/Service
YRAIF,Yara International ASA,0.0,-4.23,12,55,55,Basic Materials,Agricultural Inputs
NCBDF,BANDAI NAMCO Holdings Inc.,0.0,-0.27,20,80,10,Consumer Cyclical,Leisure
CPT,Camden Property Trust,1.09,0.7,58,73,55,Real Estate,Real Estate Investment Trusts
WF,Woori Financial Group Inc.,-1.28,3.93,67,87,44,Finance,Commercial Banks
TISCY,Taisei Corporation,-4.99,-0.97,0,1,28,Industrials,Engineering & Construction
TIGO,Millicom International Cellular S.A.,-1.26,4.79,96,100,94,Telecommunications,Telecommunications Equipment
DTM,"DT Midstream, Inc.",0.64,4.76,41,66,74,Utilities,Natural Gas Distribution
MLI,"Mueller Industries, Inc.",-0.97,-16.69,5,5,46,Industrials,Metal Fabrications
MAS,Masco Corporation,-2.13,3.29,27,45,66,Industrials,Industrial Specialties
REGCP,Regency Centers Corporation,-1.19,-0.49,60,84,39,Real Estate,Real Estate Investment Trusts
SKM,"SK Telecom Co., Ltd.",-5.15,-16.88,5,6,73,Telecommunications,Telecommunications Equipment
CPAMF,CapitaLand Integrated Commercial Trust,0.0,0.54,16,62,29,Real Estate,REIT - Retail
LKREF,Link Real Estate Investment Trust,0.0,-3.8,63,80,31,Real Estate,REIT - Retail
CSL,Carlisle Companies Incorporated,0.94,-2.28,8,14,28,Industrials,Specialty Chemicals
OHI,"Omega Healthcare Investors, Inc.",0.29,6.98,75,81,68,Real Estate,Real Estate Investment Trusts
FELTY,"Fuji Electric Co., Ltd.",-2.86,-7.89,0,0,74,Industrials,Electrical Equipment & Parts
LYSDY,Lynas Rare Earths Limited,-4.4,-9.54,0,0,46,Basic Materials,Other Industrial Metals & Mining
BAWAY,BAWAY,-1.75,5.39,28,45,89,Unknown,Unknown
TRU,TransUnion,1.59,16.0,80,83,34,Finance,Finance: Consumer Services
STGPF,Scentre Group,-7.55,-7.55,0,0,34,Real Estate,REIT - Retail
KRYAF,Kerry Group plc,0.0,17.91,97,98,60,Consumer Defensive,Packaged Foods
SMMT,Summit Therapeutics Inc.,0.33,16.97,71,77,7,Health Care,Biotechnology: Pharmaceutical Preparations
GPC,Genuine Parts Company,-1.67,20.79,66,72,47,Consumer Discretionary,Automotive Aftermarket
IFPJF,Informa plc,0.0,8.53,88,97,47,Communication Services,Publishing
DOC,"Healthpeak Properties, Inc.",0.37,6.53,83,91,78,Real Estate,Real Estate Investment Trusts
IESC,"IES Holdings, Inc.",-3.62,-17.56,0,0,88,Industrials,Engineering & Construction
JHX,James Hardie Industries plc,-2.02,1.67,0,20,52,Industrials,Building Materials
SKHSF,"Sekisui House, Ltd.",10.47,15.86,84,89,35,Consumer Cyclical,Residential Construction
SYIEF,Symrise AG,0.0,5.75,60,83,62,Basic Materials,Specialty Chemicals
BVVBY,Bureau Veritas SA,0.31,6.86,98,97,37,Industrials,Consulting Services
TMTNF,Toromont Industries Ltd.,-0.22,2.6,27,52,82,Industrials,Industrial Distribution
SOLS,"Solstice Advanced Materials, Inc.",-0.39,-24.78,1,3,44,Industrials,Aerospace
OSGSY,"Osaka Gas Co., Ltd.",0.0,-5.32,11,47,44,Utilities,Utilities - Regulated Gas
JBS,JBS N.V.,-0.92,-3.28,11,37,16,Consumer Staples,Meat/Poultry/Fish
GLPI,"Gaming and Leisure Properties, Inc.",1.99,-6.4,23,37,34,Real Estate,Real Estate Investment Trusts
UNM,Unum Group,2.18,-2.51,36,56,64,Finance,Accident &Health Insurance
AMIGF,Admiral Group plc,5.46,8.56,100,100,70,Financial Services,Insurance - Property & Casualty
SNMCY,Suncorp Group Limited,1.69,0.46,45,81,46,Financial Services,Insurance - Property & Casualty
PRBKY,PRBKY,-3.79,0.85,16,38,79,Financial Services,Banks - Regional
TRMB,Trimble Inc.,-1.0,4.58,66,76,6,Industrials,Industrial Machinery/Components
TOL,"Toll Brothers, Inc.",-0.9,0.82,9,26,58,Consumer Discretionary,Homebuilding
AKZOY,Akzo Nobel N.V.,-0.09,-1.58,7,24,40,Basic Materials,Specialty Chemicals
DRS,"Leonardo DRS, Inc.",-1.81,-12.76,25,40,34,Industrials,Industrial Machinery/Components
BLMOY,BLMOY,0.0,-9.25,17,20,61,Industrials,Building Products & Equipment
TME,Tencent Music Entertainment Group,-0.56,-4.64,50,74,4,Consumer Discretionary,Broadcasting
BLHWF,BELIMO Holding AG,0.0,9.09,76,94,83,Industrials,Building Products & Equipment
APA,APA Corporation,3.68,-5.74,49,64,78,Energy,Oil & Gas Production
ONTO,Onto Innovation Inc.,-5.36,0.22,24,28,94,Industrials,Industrial Machinery/Components
ARXCY,ARXCY,0.0,-4.91,11,46,52,Energy,Oil & Gas E&P
MXUBY,MXUBY,-6.71,-27.94,0,0,2,,
DSEEY,Daiwa Securities Group Inc.,-0.27,14.12,99,100,79,Financial Services,Capital Markets
NIOIF,NIO Inc.,0.0,0.0,22,85,24,Consumer Cyclical,Auto Manufacturers
SNN,Smith & Nephew plc,1.24,1.34,100,100,27,Health Care,Industrial Specialties
TFII,TFI International Inc.,-0.01,-6.75,35,46,85,Industrials,Trucking Freight/Courier Services
SNLAF,Sino Land Company Limited,0.0,3.03,87,99,92,Real Estate,Real Estate - Development
TDHOY,"T&D Holdings, Inc.",1.32,7.11,86,100,79,Financial Services,Insurance - Life
NIO,NIO Inc.,3.14,-5.74,35,53,22,Industrials,Auto Manufacturing
HKTTF,HKT Trust and HKT Limited,0.0,0.0,22,85,68,Communication Services,Telecom Services
FIVE,"Five Below, Inc.",1.13,-5.17,62,80,53,Consumer Discretionary,Department/Specialty Retail Stores
ALGN,"Align Technology, Inc.",0.64,2.31,61,77,51,Health Care,Industrial Specialties
QXO,"QXO, Inc.",-7.34,-16.22,0,0,4,Consumer Discretionary,RETAIL: Building Materials
DT,"Dynatrace, Inc.",2.08,10.45,80,89,57,Technology,Computer Software: Prepackaged Software
SWK,"Stanley Black & Decker, Inc.",-1.92,4.09,26,46,69,Consumer Discretionary,Industrial Machinery/Components
CRBG,"Corebridge Financial, Inc.",0.88,10.23,100,100,54,Finance,Life Insurance
OCPNF,Olympus Corporation,0.0,-1.61,95,97,33,Healthcare,Medical Devices
VARRY,Vår Energi ASA,13.1,3.26,47,55,83,Energy,Oil & Gas E&P
ACRFF,Accor SA,0.0,5.52,30,41,43,Consumer Cyclical,Lodging
AVY,Avery Dennison Corporation,-0.91,0.31,6,49,25,Consumer Discretionary,Containers/Packaging
PRDSF,Prada S.p.A.,0.0,1.01,45,73,31,Consumer Cyclical,Luxury Goods
ATGFF,AltaGas Ltd.,1.53,-3.07,52,79,74,Energy,Oil & Gas Midstream
PNW,Pinnacle West Capital Corporation,0.47,6.08,71,94,65,Utilities,Electric Utilities: Central
KTOS,"Kratos Defense & Security Solutions, Inc.",-2.55,-20.11,0,9,4,Industrials,Military/Government/Technical
DLAKY,Deutsche Lufthansa AG,-5.35,6.76,21,33,64,Industrials,Airlines
SBHGF,"SBI Holdings, Inc.",3.79,0.22,49,69,5,Financial Services,Financial Conglomerates
SITIY,SITC International Holdings Company Limited,0.0,2.59,92,100,69,Industrials,Marine Shipping
BTSGU,"BrightSpring Health Services, Inc.",-2.2,10.35,81,88,96,Health Care,Medical/Nursing Services
AGNCO,AGNC Investment Corp.,0.0,1.32,66,94,47,Real Estate,Real Estate Investment Trusts
AGNCZ,AGNC Investment Corp.,0.34,1.83,57,97,45,Real Estate,REIT - Mortgage
SVTMF,SM Investments Corporation,0.0,3.52,58,91,14,Consumer Cyclical,Department Stores
HL,Hecla Mining Company,-3.6,1.73,22,40,71,Industrials,Mining & Quarrying of Nonmetallic Minerals (No Fuels)
SKFRY,AB SKF (publ),-1.07,4.54,58,82,50,Industrials,Tools & Accessories
VIAV,Viavi Solutions Inc.,-5.01,-18.55,4,5,97,Technology,Semiconductors
YASKY,YASKAWA Electric Corporation,-6.35,-5.7,0,0,83,Industrials,Electrical Equipment & Parts
TDHOF,"T&D Holdings, Inc.",0.0,12.83,72,87,1,Financial Services,Insurance - Life
BDWBY,Budweiser Brewing Company APAC Limited,0.0,-6.52,24,34,20,Consumer Defensive,Beverages - Brewers
MIUFY,Mitsubishi HC Capital Inc.,0.0,2.85,65,92,38,Financial Services,Credit Services
JOBY,"Joby Aviation, Inc.",-3.11,-20.09,0,0,4,Industrials,Aerospace
SOTGY,Sunny Optical Technology (Group) Company Limited,-4.92,-23.87,3,3,11,Technology,Electronic Components
POAHY,Porsche Automobil Holding SE,-0.98,-8.5,0,29,12,Consumer Cyclical,Auto Manufacturers
BDWBF,Budweiser Brewing Company APAC Limited,0.0,-8.64,6,16,9,Consumer Defensive,Beverages - Brewers
CRDIY,"Yokohama Financial Group, Inc.",2.45,13.5,85,88,88,Financial Services,Banks - Regional
ZBRA,Zebra Technologies Corporation,-2.13,19.9,88,96,41,Industrials,Industrial Machinery/Components
HBM,Hudbay Minerals Inc.,-3.56,-21.66,2,3,66,Basic Materials,Metal Mining
HNSDF,Hensoldt AG,0.0,-7.63,7,35,11,Industrials,Aerospace & Defense
COKE,"Coca-Cola Consolidated, Inc.",-0.72,-4.45,14,24,70,Consumer Staples,Beverages (Production/Distribution)
FHN,First Horizon Corporation,0.31,4.03,72,99,57,Finance,Major Banks
MDGL,"Madrigal Pharmaceuticals, Inc.",-1.06,11.96,54,62,67,Health Care,Biotechnology: Pharmaceutical Preparations
CPYYY,Centrica plc,0.65,-10.13,20,38,28,Utilities,Utilities - Independent Power Producers
GDDY,GoDaddy Inc.,2.18,20.87,100,100,16,Technology,EDP Services
CACI,CACI International Inc,-1.74,-9.03,35,56,22,Technology,EDP Services
GBLBY,Groupe Bruxelles Lambert SA,13.99,10.87,83,94,68,Financial Services,Asset Management
ASEKF,Aisin Corporation,0.0,-16.44,3,10,1,Consumer Cyclical,Auto Parts
KLPEF,Klépierre SA,0.0,8.78,93,97,60,Real Estate,REIT - Retail
AIT,"Applied Industrial Technologies, Inc.",-0.54,3.28,41,69,73,Consumer Discretionary,Industrial Specialties
MGM,MGM Resorts International,0.77,0.04,22,50,80,Consumer Discretionary,Hotels/Resorts
GBLBF,Groupe Bruxelles Lambert SA,0.0,-6.39,14,49,47,Financial Services,Asset Management
SKBSY,Skanska AB (publ),-1.25,1.84,7,47,35,Industrials,Engineering & Construction
BMRN,BioMarin Pharmaceutical Inc.,0.14,6.59,75,83,45,Health Care,Biotechnology: Pharmaceutical Preparations
SIEVF,D'Ieteren Group SA,5.91,4.81,100,100,43,Consumer Cyclical,Auto & Truck Dealerships
TRYIY,"Toray Industries, Inc.",-1.2,-1.41,11,54,38,Consumer Cyclical,Textile Manufacturing
PAG,"Penske Automotive Group, Inc.",-0.54,6.74,100,100,69,Consumer Discretionary,Retail-Auto Dealers and Gas Stations
BMNR,"Bitmine Immersion Technologies, Inc.",-2.47,-11.56,34,50,1,Finance,Finance: Consumer Services
QBCRF,Quebecor Inc.,0.0,-2.35,16,65,85,Communication Services,Telecom Services
CGNX,Cognex Corporation,-4.33,2.9,0,15,87,Industrials,Industrial Machinery/Components
SKUFF,AB SKF (publ),0.0,0.0,22,85,35,Industrials,Tools & Accessories
CLX,The Clorox Company,-1.56,-3.31,43,70,18,Consumer Discretionary,Specialty Chemicals
IT,"Gartner, Inc.",6.06,-5.04,63,80,6,Consumer Discretionary,Other Consumer Services
GSAT,"Globalstar, Inc.",-0.32,-1.58,12,74,92,Consumer Discretionary,Telecommunications Equipment
JEF,Jefferies Financial Group Inc.,0.96,-11.85,24,35,42,Finance,Investment Bankers/Brokers/Service
OBICY,OBICY,0.78,4.03,100,100,23,Technology,Software - Application
AKAAF,Aker ASA,0.0,-11.0,5,23,96,Industrials,Conglomerates
CCK,"Crown Holdings, Inc.",-1.55,12.36,71,80,50,Industrials,Containers/Packaging
CLILF,CapitaLand Investment Limited,0.0,-8.13,6,28,23,Real Estate,Real Estate Services
SGGEF,The Sage Group plc,0.0,-9.8,31,45,15,Technology,Software - Application
ORKLY,Orkla ASA,0.37,4.31,69,78,36,Consumer Defensive,Packaged Foods
EHC,Encompass Health Corporation,-0.11,7.68,93,94,35,Health Care,Hospital/Nursing Management
EMBJ,EMBJ,-2.32,15.34,71,81,40,Industrials,Aerospace
SKSBF,Skanska AB (publ),0.0,1.61,22,52,29,Industrials,Engineering & Construction
MAEOY,Manila Electric Company,0.0,1.69,7,33,42,Utilities,Utilities - Regulated Electric
FRT,Federal Realty Investment Trust,0.74,-1.41,28,70,72,Real Estate,Real Estate Investment Trusts
SUZ,Suzano S.A.,0.5,-0.49,53,85,19,Basic Materials,Paper
SLLDY,Sanlam Limited,-0.99,1.95,31,69,45,Financial Services,Insurance - Life
DPZ,"Domino's Pizza, Inc.",3.47,-0.16,56,77,10,Consumer Discretionary,Food Distributors
WTS,"Watts Water Technologies, Inc.",-1.57,8.08,25,47,72,Industrials,Metal Fabrications
TMXXF,TMX Group Limited,0.73,-5.31,37,60,25,Financial Services,Financial Data & Stock Exchanges
KHOLY,Koç Holding A.S.,3.08,-0.49,47,78,36,Industrials,Conglomerates
BMXXY,bioMérieux S.A.,-5.41,-5.0,33,55,4,Healthcare,Diagnostics & Research
SGPYY,The Sage Group plc,2.63,3.56,100,100,18,Technology,Software - Application
RKUNY,"Rakuten Group, Inc.",-3.99,1.48,74,81,16,Consumer Cyclical,Internet Retail
SFD,"Smithfield Foods, Inc.",0.24,-6.96,14,43,39,Consumer Staples,Meat/Poultry/Fish
WTFCN,Wintrust Financial Corporation,-0.02,1.27,53,87,44,Finance,Major Banks
ISUZY,Isuzu Motors Limited,-2.33,8.27,66,78,38,Consumer Cyclical,Auto Manufacturers
MGYOY,MOL Magyar Olaj- és Gázipari Nyilvánosan Muködo Részvénytársaság,-3.14,1.57,77,90,78,Energy,Oil & Gas Refining & Marketing
SNTMF,SenseTime Group Inc.,0.0,-20.81,10,22,78,Technology,Software - Application
AAVXF,ABIVAX Société Anonyme,0.0,37.28,100,100,98,Healthcare,Biotechnology
FINGF,Finning International Inc.,0.43,6.59,100,100,83,Industrials,Industrial Distribution
CHBAY,"The Chiba Bank, Ltd.",0.0,5.05,51,81,83,Financial Services,Banks - Regional
UMBFO,UMB Financial Corporation,0.0,1.54,38,86,44,Finance,Major Banks
SMGZY,Smiths Group plc,-1.13,-2.08,23,33,39,Industrials,Specialty Industrial Machinery
SIRI,Sirius XM Holdings Inc.,0.82,11.16,97,97,83,Consumer Discretionary,Broadcasting
MICC,The Magnum Ice Cream Company N.V.,-0.38,2.38,83,86,75,Consumer Staples,Specialty Foods
ALBKY,Alpha Bank S.A.,-1.71,6.29,56,95,71,Financial Services,Banks - Regional
BDOUY,"BDO Unibank, Inc.",3.31,7.51,38,61,25,Financial Services,Banks - Regional
HLI,"Houlihan Lokey, Inc.",-2.08,-2.29,0,27,9,Finance,Investment Managers
KAIKY,"Kawasaki Kisen Kaisha, Ltd.",0.0,-12.65,4,18,26,Industrials,Marine Shipping
SNCAF,AtkinsRéalis Group Inc.,-1.95,4.19,45,66,22,Industrials,Engineering & Construction
OGE,OGE Energy Corp.,0.7,4.43,56,88,51,Utilities,Electric Utilities: Central
R,"Ryder System, Inc.",-1.34,-5.36,16,51,83,Consumer Discretionary,Rental/Leasing Companies
PSHZF,"Pershing Square Holdings, Ltd.",-0.43,-0.53,76,100,21,,
AAL,American Airlines Group Inc.,-3.78,11.33,36,47,80,Consumer Discretionary,Air Freight/Delivery Services
SPIIY,SPIIY,-2.09,-1.43,22,38,31,Industrials,Engineering & Construction
FCFS,"FirstCash Holdings, Inc.",-1.83,-1.73,0,37,79,Consumer Discretionary,Other Specialty Stores
KKOYY,Kesko Oyj,1.46,-10.38,15,28,34,Consumer Defensive,Grocery Stores
BXP,"BXP, Inc.",0.33,2.29,58,71,56,Real Estate,Real Estate Investment Trusts
BROS,Dutch Bros Inc.,-1.63,2.2,14,32,66,Consumer Discretionary,Restaurants
MTLHY,Mitsubishi Chemical Group Corporation,0.0,1.44,84,96,71,Basic Materials,Specialty Chemicals
LUNR,"Intuitive Machines, Inc.",-6.13,-50.55,0,0,25,Industrials,Industrial Machinery/Components
GME,GameStop Corp.,1.61,-0.68,45,68,30,Consumer Discretionary,Electronics Distribution
BAH,Booz Allen Hamilton Holding Corporation,3.25,-16.06,25,35,7,Consumer Discretionary,Professional Services
TRYIF,"Toray Industries, Inc.",0.0,-13.62,3,15,40,Consumer Cyclical,Textile Manufacturing
MKTAY,Makita Corporation,-2.06,-1.97,0,10,44,Industrials,Tools & Accessories
HLLGY,HELLA GmbH & Co. KGaA,0.0,0.0,22,85,23,Consumer Cyclical,Auto Parts
NCLTY,"Nitori Holdings Co., Ltd.",-0.41,-12.12,10,28,22,Consumer Cyclical,"Furnishings, Fixtures & Appliances"
CART,Maplebear Inc.,-0.23,15.23,93,100,64,Consumer Discretionary,Business Services
MASI,Masimo Corporation,0.0,0.0,0,0,36,Health Care,Biotechnology: Electromedical & Electrotherapeutic Apparatus
SIMO,Silicon Motion Technology Corporation,-8.22,9.17,38,57,98,Technology,Semiconductors
ONBPP,Old National Bancorp,-0.38,0.74,27,92,43,Finance,Major Banks
SSB,SouthState Bank Corporation,0.76,3.02,49,82,43,Finance,Major Banks
ASGLY,AGC Inc.,-0.65,-11.43,0,6,60,Industrials,Conglomerates
ACLIF,Accelleron Industries AG,0.0,1.66,66,95,79,Industrials,Specialty Industrial Machinery
MAKSF,Marks and Spencer Group plc,0.0,9.95,95,98,43,Consumer Cyclical,Department Stores
DDS,"Dillard's, Inc.",0.33,-14.4,15,23,27,Consumer Discretionary,Department/Specialty Retail Stores
SUMCF,Sumco Corporation,-6.67,44.38,82,86,98,Technology,Semiconductor Equipment & Materials
RRC,Range Resources Corporation,2.11,-4.38,26,43,26,Energy,Oil & Gas Production
IESFY,Interconexión Eléctrica S.A. E.S.P.,-2.05,7.25,24,41,85,Utilities,Utilities - Regulated Electric
NRKBF,NKT A/S,0.0,0.0,22,85,88,Industrials,Electrical Equipment & Parts
JSNSF,J Sainsbury plc,0.0,8.64,89,98,51,Consumer Defensive,Grocery Stores
CUBE,CubeSmart,1.05,-1.35,50,87,48,Real Estate,Real Estate Investment Trusts
LGN,Legence Corp.,-7.24,-19.73,0,0,92,Consumer Discretionary,Engineering & Construction
GMWKF,Games Workshop Group PLC,-0.66,10.67,37,61,70,Consumer Cyclical,Leisure
MSGS,Madison Square Garden Sports Corp.,1.1,-1.92,48,75,88,Consumer Discretionary,Services-Misc. Amusement & Recreation
SNEX,StoneX Group Inc.,-4.54,-13.38,0,0,89,Finance,Investment Bankers/Brokers/Service
BRKR,Bruker Corporation,-1.81,6.96,53,68,88,Industrials,Biotechnology: Laboratory Analytical Instruments
INPOY,InPost S.A.,-0.17,0.0,59,90,62,Industrials,Integrated Freight & Logistics
DTCWY,Deutsche Wohnen SE,0.0,-9.75,5,23,24,Real Estate,Real Estate Services
LEVI,Levi Strauss & Co.,-0.49,-0.21,32,72,56,Consumer Discretionary,Apparel
ALGM,"Allegro MicroSystems, Inc.",-7.32,6.04,0,6,89,Technology,Semiconductors
SHZHY,Shenzhou International Group Holdings Limited,0.37,-5.61,43,67,9,Consumer Cyclical,Textile Manufacturing
PSORF,Pearson plc,0.0,8.11,88,97,67,Communication Services,Publishing
NSANF,"Nissan Motor Co., Ltd.",2.56,-8.26,23,40,14,Consumer Cyclical,Auto Manufacturers
ALNPY,ANA Holdings Inc.,-10.03,-4.37,0,10,22,Industrials,Airlines
WTCHF,WiseTech Global Limited,0.0,-11.68,62,69,3,Technology,Software - Application
TKHVY,Türk Hava Yollari Anonim Ortakligi,0.0,10.01,82,99,49,Industrials,Airlines
INPOF,InPost S.A.,0.0,0.0,22,85,79,Industrials,Integrated Freight & Logistics
NUVL,"Nuvalent, Inc.",0.03,0.4,29,92,80,Health Care,Biotechnology: Pharmaceutical Preparations
SPHXF,"SM Prime Holdings, Inc.",0.0,5.82,91,97,1,Real Estate,Real Estate - Diversified
NSANY,"Nissan Motor Co., Ltd.",-2.81,-9.29,10,29,13,Consumer Cyclical,Auto Manufacturers
EMN,Eastman Chemical Company,-0.53,-7.3,3,28,30,Industrials,Major Chemicals
RTLLF,RATIONAL Aktiengesellschaft,0.0,-7.16,8,37,20,Industrials,Specialty Industrial Machinery
NCLTF,"Nitori Holdings Co., Ltd.",-11.23,-14.44,0,0,6,Consumer Cyclical,"Furnishings, Fixtures & Appliances"
XP,XP Inc.,-3.25,4.6,71,88,23,Finance,Investment Bankers/Brokers/Service
PSPSF,PSP Swiss Property AG,0.0,-3.57,13,61,36,Real Estate,Real Estate Services
WIGBY,WiseTech Global Limited,0.0,-11.28,51,60,3,Technology,Software - Application
ICL,ICL Group Ltd,1.65,-13.05,12,19,17,Industrials,Agricultural Chemicals
GGAL,Grupo Financiero Galicia S.A.,-4.32,-7.22,30,49,72,Finance,Commercial Banks
CFR,"Cullen/Frost Bankers, Inc.",0.66,8.07,89,100,66,Finance,Major Banks
WRFRF,Wharf Real Estate Investment Company Limited,0.0,-6.9,8,38,55,Real Estate,Real Estate Services
FR,"First Industrial Realty Trust, Inc.",0.14,4.5,100,100,69,Real Estate,Real Estate Investment Trusts
KT,KT Corporation,-3.18,-7.31,3,40,14,Telecommunications,Telecommunications Equipment
ACKDF,Auckland International Airport Limited,0.0,15.45,100,100,48,Industrials,Airports & Air Services
CMC,Commercial Metals Company,1.64,-17.84,20,26,42,Industrials,Steel/Iron Ore
NCLH,Norwegian Cruise Line Holdings Ltd.,0.1,2.99,30,38,20,Consumer Discretionary,Marine Transportation
BRRLY,Barry Callebaut AG,1.33,-2.14,20,30,31,Consumer Defensive,Confectioners
HLTOY,Hellenic Telecommunications Organization S.A.,-0.89,4.79,98,100,69,Communication Services,Telecom Services
RYAN,"Ryan Specialty Holdings, Inc.",3.34,21.08,94,98,26,Finance,Specialty Insurers
AIXXF,AIXTRON SE,-4.58,-23.44,9,10,95,Technology,Semiconductor Equipment & Materials
ENS,EnerSys,-2.23,-9.69,12,15,88,Technology,Industrial Machinery/Components
NEMKY,Nemetschek SE,11.67,0.52,72,78,6,Technology,Software - Application
BYCBF,Barry Callebaut AG,0.0,-2.4,17,74,34,Consumer Defensive,Confectioners
AIIXY,AIXTRON SE,0.0,-20.71,2,5,95,Technology,Semiconductor Equipment & Materials
YAMHF,"Yamaha Motor Co., Ltd.",0.0,7.35,96,98,52,Consumer Cyclical,Auto Manufacturers
NEMTF,Nemetschek SE,0.0,-14.34,4,17,3,Technology,Software - Application
BLDR,"Builders FirstSource, Inc.",-2.88,-6.44,0,1,6,Consumer Discretionary,RETAIL: Building Materials
FNMAN,Federal National Mortgage Association,-3.49,-3.36,0,0,5,Financial Services,Mortgage Finance
FNMAK,Federal National Mortgage Association,-0.63,-10.04,1,8,4,Financial Services,Mortgage Finance
FNMAT,Federal National Mortgage Association,-1.76,-13.01,0,1,3,Financial Services,Mortgage Finance
FNMFM,Federal National Mortgage Association,0.0,-6.16,5,15,4,Financial Services,Mortgage Finance
FNMAS,Federal National Mortgage Association,-2.6,-16.03,0,0,5,Financial Services,Mortgage Finance
XNGSF,ENN Energy Holdings Limited,-0.37,-20.8,34,44,3,Utilities,Utilities - Regulated Gas
KBDCF,Kingboard Holdings Limited,0.0,110.88,92,95,99,Industrials,Conglomerates
AGCO,AGCO Corporation,-0.21,2.75,23,60,35,Industrials,Industrial Machinery/Components
FITGF,FIT Hon Teng Limited,-6.32,-19.59,0,0,69,Technology,Electronic Components
NEXNY,Nexans S.A.,-0.65,-10.24,4,11,47,Industrials,Electrical Equipment & Parts
MLSPF,Melrose Industries PLC,-1.49,8.7,86,95,15,Industrials,Specialty Industrial Machinery
STJPF,St. James's Place plc,0.0,4.45,89,96,31,Financial Services,Asset Management
AMG,"Affiliated Managers Group, Inc.",-1.81,4.49,84,97,84,Finance,Investment Managers
WILYY,Demant A/S,0.0,3.04,92,97,72,Healthcare,Medical Devices
SKPJY,SKY Perfect JSAT Corporation,0.0,-33.94,1,6,98,Communication Services,Broadcasting
SKPJF,SKY Perfect JSAT Corporation,0.0,0.0,22,85,19,Communication Services,Broadcasting
KLYCY,Kunlun Energy Company Limited,0.0,-9.7,6,25,17,Energy,Oil & Gas Refining & Marketing
HALO,"Halozyme Therapeutics, Inc.",-0.12,7.61,57,64,64,Health Care,Biotechnology: Biological Products (No Diagnostic Substances)
IBRX,"ImmunityBio, Inc.",-5.23,8.19,38,43,97,Health Care,Biotechnology: Biological Products (No Diagnostic Substances)
CAMT,Camtek Ltd.,-4.88,-25.72,5,5,48,Technology,Electronic Components
SSL,Sasol Limited,4.01,-18.85,36,43,87,Energy,Oil & Gas Production
TOTDF,TOTO LTD.,0.0,-2.1,4,23,93,Industrials,Building Products & Equipment
TOPPY,TOPPAN Holdings Inc.,0.25,18.68,65,76,63,Industrials,Conglomerates
SDXOF,Sodexo S.A.,0.0,11.22,95,100,58,Industrials,Specialty Business Services
VIRT,"Virtu Financial, Inc.",-1.72,16.65,79,90,92,Finance,Investment Bankers/Brokers/Service
ALBHF,Alibaba Health Information Technology Limited,0.0,-6.67,26,48,4,Healthcare,Pharmaceutical Retailers
CLF,Cleveland-Cliffs Inc.,3.3,-29.18,8,14,25,Basic Materials,Metal Mining
PDI,PIMCO Dynamic Income Fund,-0.84,1.21,42,87,33,Finance,Trusts Except Educational Religious and Charitable
PTBRY,PT Bank Negara Indonesia (Persero) Tbk,0.0,-5.61,20,36,13,Financial Services,Banks - Regional
SCABY,Svenska Cellulosa Aktiebolaget SCA (publ),-0.47,-6.54,33,53,14,Basic Materials,Paper & Paper Products
VLVCY,Volvo Car AB (publ.),0.0,-2.25,62,79,20,Consumer Cyclical,Auto Manufacturers
VLYPP,Valley National Bancorp,0.0,1.75,55,98,44,Finance,Major Banks
VLY,Valley National Bancorp,-0.61,1.74,44,73,78,Finance,Major Banks
VLVOF,Volvo Car AB (publ.),0.0,1.41,95,98,22,Consumer Cyclical,Auto Manufacturers
ECG,"Everus Construction Group, Inc.",-2.46,-7.22,0,0,86,Consumer Discretionary,Homebuilding
RGEDF,Gedeon Richter PLC,-3.02,-2.26,5,36,1,Healthcare,Drug Manufacturers - Specialty & Generic
KEX,Kirby Corporation,-0.69,1.74,83,100,73,Consumer Discretionary,Marine Transportation
WJRYY,West Japan Railway Company,2.8,13.13,100,100,21,Industrials,Railroads
PLLIF,Pirelli & C. S.p.A.,0.0,16.6,96,98,67,Consumer Cyclical,Auto Parts
UGI,UGI Corporation,1.31,5.56,96,100,42,Utilities,Natural Gas Distribution
CHOLF,China Oilfield Services Limited,0.0,-24.79,2,11,21,Energy,Oil & Gas Equipment & Services
CORT,Corcept Therapeutics Incorporated,-6.51,3.18,41,52,93,Health Care,Biotechnology: Pharmaceutical Preparations
FLY,Firefly Aerospace Inc.,-7.56,-43.43,0,0,3,Industrials,Military/Government/Technical
CHRD,Chord Energy Corporation,4.23,-8.51,43,53,60,Energy,Oil & Gas Production
NE,Noble Corporation plc,4.55,-9.41,44,56,71,Energy,Oil & Gas Production
ATR,"AptarGroup, Inc.",-0.51,7.13,62,79,27,Industrials,Plastic Products
VOYA,"Voya Financial, Inc.",1.44,8.87,100,100,84,Finance,Life Insurance
HQY,"HealthEquity, Inc.",1.33,7.53,87,90,53,Consumer Discretionary,Business Services
HULCF,"Hulic Co., Ltd.",0.0,-135.96,100,100,1,Real Estate,Real Estate Services
THNPY,Technip Energies N.V.,-1.67,-5.03,9,24,21,Energy,Oil & Gas Equipment & Services
CDP,COPT Defense Properties,-0.14,7.26,69,80,75,Real Estate,Real Estate Investment Trusts
STAG,"STAG Industrial, Inc.",0.26,3.87,62,93,50,Real Estate,Real Estate Investment Trusts
JXN,Jackson Financial Inc.,3.46,11.65,100,100,72,Finance,Life Insurance
PLXS,Plexus Corp.,-3.08,-10.04,5,6,89,Technology,Electrical Products
NOV,NOV Inc.,1.27,-9.03,38,48,68,Consumer Discretionary,Oil and Gas Field Machinery
SHTDF,Sinopharm Group Co. Ltd.,0.0,-6.99,7,30,18,Healthcare,Medical Distribution
TSUKF,"Toyo Suisan Kaisha, Ltd.",0.0,-8.11,26,50,7,Consumer Defensive,Packaged Foods
NEU,NewMarket Corporation,-0.87,-9.55,0,11,52,Industrials,Major Chemicals
UMICY,Umicore SA,0.53,-10.75,6,16,71,Industrials,Waste Management
CIG,Companhia Energética de Minas Gerais - CEMIG,-3.18,4.08,69,88,40,Utilities,Electric Utilities: Central
ESAIY,"Eisai Co., Ltd.",1.06,15.72,100,100,20,Healthcare,Drug Manufacturers - Specialty & Generic
SPXSF,Spirax Group plc,0.0,-1.69,13,53,41,Industrials,Specialty Industrial Machinery
SNROF,"Sanrio Company, Ltd.",0.0,24.57,98,99,2,Consumer Cyclical,Specialty Retail
MIDD,The Middleby Corporation,-0.55,6.18,40,56,63,Industrials,Industrial Machinery/Components
JBTM,JBT Marel Corporation,1.98,13.04,60,72,38,Industrials,Industrial Machinery/Components
SHMXY,SHMXY,0.0,-7.14,5,23,20,Technology,Scientific & Technical Instruments
CEVMY,CTS Eventim AG & Co. KGaA,-0.58,6.55,74,84,10,Communication Services,Entertainment
LGFRY,Longfor Group Holdings Limited,2.01,-28.03,7,15,6,Real Estate,Real Estate - Development
RIG,Transocean Ltd.,3.27,-10.95,39,52,77,Energy,Oil & Gas Production
SPXSY,Spirax Group plc,-0.78,-3.76,22,41,28,Industrials,Specialty Industrial Machinery
TTAN,"ServiceTitan, Inc.",3.42,17.75,100,100,44,Technology,Computer Software: Prepackaged Software
MTLPF,MTLPF,-0.21,29.11,100,91,23,,
EXP,Eagle Materials Inc.,-2.2,-5.38,1,8,29,Industrials,Building Materials
DKDRF,NewMed Energy - Limited Partnership,9.04,-2.11,72,92,40,Energy,Oil & Gas E&P
SNROY,SNROY,5.46,31.4,100,100,21,Consumer Cyclical,Specialty Retail
SRUUF,Sprott Physical Uranium Trust Fund,-3.14,-0.59,7,54,34,Energy,Uranium
AACAY,AAC Technologies Holdings Inc.,-3.02,-12.04,0,0,34,Technology,Communication Equipment
HXL,Hexcel Corporation,0.05,1.89,45,81,83,Industrials,Major Chemicals
UEC,Uranium Energy Corp.,-4.37,-5.27,7,8,22,Basic Materials,Other Metals and Minerals
ASXFF,ASX Limited,0.0,11.11,66,73,40,Financial Services,Financial Data & Stock Exchanges
KGS,"Kodiak Gas Services, Inc.",-1.86,-0.8,4,12,92,Utilities,Natural Gas Distribution
SHTDY,Sinopharm Group Co. Ltd.,0.09,4.37,69,82,20,Healthcare,Medical Distribution
VFC,V.F. Corporation,0.66,-3.49,44,58,46,Industrials,Garments and Clothing
KIGRY,KION GROUP AG,-3.08,6.1,27,41,8,Industrials,Farm & Heavy Construction Machinery
PUODY,"Promotora y Operadora de Infraestructura, S. A. B. de C. V.",0.0,2.7,17,67,58,Industrials,Infrastructure Operations
PNDRY,PNDRY,2.7,20.36,93,96,71,Consumer Cyclical,Luxury Goods
PAYC,"Paycom Software, Inc.",5.34,10.78,100,100,33,Technology,Computer Software: Prepackaged Software
LAD,"Lithia Motors, Inc.",1.35,1.7,100,100,45,Consumer Discretionary,Retail-Auto Dealers and Gas Stations
RKGRY,RKGRY,0.0,-13.77,16,31,12,Industrials,Aerospace & Defense
POOL,Pool Corporation,0.18,9.61,68,77,16,Consumer Discretionary,Industrial Specialties
KCDMY,"Kimberly-Clark de México, S. A. B. de C. V.",0.18,4.41,55,76,49,Consumer Defensive,Household & Personal Products
ROAD,"Construction Partners, Inc.",-1.45,-11.53,0,1,12,Industrials,Military/Government/Technical
FBASF,Fibra UNO,5.59,0.24,46,63,52,Real Estate,REIT - Diversified
YTLCF,YTLCF,0.0,0.0,22,85,64,Utilities,Utilities - Diversified
INGM,Ingram Micro Holding Corporation,-0.28,-0.92,74,89,76,Technology,Retail: Computer Software & Peripheral Equipment
CENX,Century Aluminum Company,1.66,-25.48,12,17,74,Industrials,Aluminum
FSS,Federal Signal Corporation,1.48,6.01,30,43,39,Industrials,Auto Manufacturing
KGFHY,Kingfisher plc,-0.67,-4.78,11,37,27,Consumer Cyclical,Home Improvement Retail
SSRM,SSR Mining Inc.,-2.41,5.97,7,22,78,Industrials,Precious Metals
ASXFY,ASX Limited,0.29,9.87,100,100,28,Financial Services,Financial Data & Stock Exchanges
DELHF,De'Longhi S.p.A.,0.0,-5.5,9,38,58,Consumer Cyclical,"Furnishings, Fixtures & Appliances"
ETSY,"Etsy, Inc.",-0.64,15.97,100,100,84,Consumer Discretionary,Business Services
HBRIY,Harbour Energy plc,2.28,-19.69,28,39,42,Energy,Oil & Gas E&P
PTGX,"Protagonist Therapeutics, Inc.",-1.16,18.31,63,66,93,Health Care,Biotechnology: Pharmaceutical Preparations
INGR,Ingredion Incorporated,0.6,-0.69,66,98,15,Consumer Staples,Packaged Foods
FLR,Fluor Corporation,-2.19,-1.04,14,23,45,Industrials,Military/Government/Technical
SYRE,"Spyre Therapeutics, Inc.",-4.1,16.05,62,80,98,Health Care,Biotechnology: Pharmaceutical Preparations
KIROY,Kumba Iron Ore Limited,-3.51,-5.09,17,21,23,Basic Materials,Steel
VNO,Vornado Realty Trust,-0.1,-1.69,35,51,68,Real Estate,Real Estate Investment Trusts
MSSMY,MISUMI Group Inc.,0.0,9.99,94,97,91,Industrials,Tools & Accessories
NNCHY,Nissan Chemical Corporation,0.0,12.84,77,88,83,Basic Materials,Chemicals
MAC,The Macerich Company,0.24,-0.37,44,62,82,Real Estate,Real Estate Investment Trusts
DFILF,DFI Retail Group Holdings Limited,0.0,-3.44,14,65,70,Consumer Defensive,Grocery Stores
AN,"AutoNation, Inc.",-1.21,-0.33,59,89,25,Consumer Discretionary,Retail-Auto Dealers and Gas Stations
WWNTY,Want Want China Holdings Limited,0.0,-19.86,3,8,7,Consumer Defensive,Packaged Foods
USAR,"USA Rare Earth, Inc.",-6.87,-23.71,0,0,50,Basic Materials,Metal Mining
AVTR,"Avantor, Inc.",1.64,9.32,100,100,40,Industrials,Biotechnology: Laboratory Analytical Instruments
FNB,F.N.B. Corporation,0.53,3.5,46,76,61,Finance,Major Banks
CAR,"Avis Budget Group, Inc.",-0.22,-17.8,18,28,14,Consumer Discretionary,Rental/Leasing Companies
MIRM,"Mirum Pharmaceuticals, Inc.",-2.53,19.59,65,70,90,Health Care,Biotechnology: Pharmaceutical Preparations
KTWIY,Kurita Water Industries Ltd.,6.43,17.19,64,75,99,Industrials,Pollution & Treatment Controls
PCTY,Paylocity Holding Corporation,5.06,15.03,100,100,34,Technology,Computer Software: Prepackaged Software
GTX,Garrett Motion Inc.,-2.48,-5.69,0,0,95,Consumer Discretionary,Auto Parts:O.E.M.
YPHDF,Ypsomed Holding AG,0.0,22.41,92,99,56,Healthcare,Medical Instruments & Supplies
EAT,"Brinker International, Inc.",2.16,19.24,100,100,77,Consumer Discretionary,Restaurants
RRR,"Red Rock Resorts, Inc.",0.31,3.78,49,65,60,Consumer Discretionary,Hotels/Resorts
BMA,Banco Macro S.A.,-4.54,-6.83,10,33,83,Finance,Commercial Banks
MTHRY,"M3, Inc.",0.52,14.94,91,91,31,Healthcare,Health Information Services
PHJMF,PT Hanjaya Mandala Sampoerna Tbk,0.0,-16.67,3,17,41,Consumer Defensive,Tobacco
HIMS,"Hims & Hers Health, Inc.",0.0,19.09,66,70,65,Health Care,Medical/Nursing Services
LOAR,Loar Holdings Inc.,-1.6,4.37,30,41,38,Industrials,Military/Government/Technical
GLAPF,Glanbia plc,0.0,15.34,96,98,92,Consumer Defensive,Packaged Foods
SCCTY,Scout24 SE,0.0,-3.28,9,26,13,Communication Services,Internet Content & Information
CACC,Credit Acceptance Corporation,0.03,14.08,67,74,78,Finance,Finance: Consumer Services
UBSI,"United Bankshares, Inc.",0.09,3.48,54,89,65,Finance,Major Banks
LNSPF,LondonMetric Property Plc,0.0,2.49,60,95,32,Real Estate,REIT - Industrial
LW,"Lamb Weston Holdings, Inc.",1.14,4.17,100,100,40,Consumer Staples,Packaged Foods
SLFPY,Aberdeen Group Plc,0.0,0.86,22,85,69,Financial Services,Asset Management
TVAVF,The Tel-Aviv Stock Exchange Ltd.,7.21,-18.52,23,29,83,Financial Services,Financial Data & Stock Exchanges
RSI,"Rush Street Interactive, Inc.",2.34,16.62,100,100,94,Consumer Discretionary,Services-Misc. Amusement & Recreation
SIGCY,SIG Group AG,0.37,9.85,53,63,63,Consumer Cyclical,Packaging & Containers
TAL,TAL Education Group,0.29,10.71,100,100,27,Real Estate,Other Consumer Services
FLG,"Flagstar Bank, National Association",-1.39,2.34,24,61,64,Finance,Banks
SQNNY,"Square Enix Holdings Co., Ltd.",-0.26,2.69,56,70,16,Communication Services,Electronic Gaming & Multimedia
JBHIF,JB Hi-Fi Limited,0.0,0.0,22,85,11,Consumer Cyclical,Specialty Retail
ACT,"Enact Holdings, Inc.",1.54,8.11,76,96,67,Finance,Specialty Insurers
BEPC,Brookfield Renewable Corporation,-2.54,-9.29,0,0,22,Utilities,Electric Utilities: Central
POR,Portland General Electric Company,0.51,7.13,78,100,62,Utilities,Electric Utilities: Central
BLTE,"Belite Bio, Inc",-1.54,7.44,44,52,84,Health Care,Biotechnology: Pharmaceutical Preparations
DFYFF,DFYFF,0.0,9.88,77,95,44,Financial Services,Insurance - Property & Casualty
ACMR,"ACM Research, Inc.",-8.66,2.6,8,15,96,Technology,Industrial Machinery/Components
NSA,National Storage Affiliates Trust,0.67,0.26,34,69,83,Real Estate,Real Estate Investment Trusts
COIHY,Croda International Plc,0.51,-5.56,21,35,40,Basic Materials,Specialty Chemicals
TFX,Teleflex Incorporated,0.49,5.48,100,100,64,Health Care,Medical/Dental Instruments
COCSF,"Coca-Cola FEMSA, S.A.B. de C.V.",0.78,-1.58,12,24,53,Consumer Defensive,Beverages - Non-Alcoholic
BURBY,Burberry Group plc,-0.62,-8.1,9,35,18,Consumer Cyclical,Luxury Goods
NOVT,Novanta Inc.,-4.39,-7.78,10,10,73,Miscellaneous,Industrial Machinery/Components
GIGNY,Genting Singapore Limited,-4.9,-7.22,47,63,16,Consumer Cyclical,Resorts & Casinos
SBSNY,Vend Marketplaces ASA,-1.54,-3.59,45,66,16,Communication Services,Internet Content & Information
S,"SentinelOne, Inc.",3.75,25.68,94,100,78,Technology,Computer Software: Prepackaged Software
ESAB,ESAB Corporation,-2.74,-2.6,0,5,9,Industrials,Industrial Machinery/Components
TKMSF,TKMS AG & Co KGaA,-3.68,7.65,25,24,47,Unknown,Unknown
DELKY,Delek Group Ltd.,0.0,-12.06,40,48,60,Energy,Oil & Gas E&P
ARGTF,Artemis Gold Inc.,-3.98,-4.41,8,19,21,Basic Materials,Other Precious Metals & Mining
XYIGY,Xinyi Glass Holdings Limited,0.5,-17.66,5,11,16,Basic Materials,Building Materials
SKSUF,"Sekisui Chemical Co., Ltd.",0.0,1.46,60,100,1,Industrials,Conglomerates
BLCO,Bausch + Lomb Corporation,-0.12,6.02,55,67,42,Health Care,Ophthalmic Goods
NSLYF,Nestlé (Malaysia) Berhad,0.0,0.0,22,85,55,Consumer Defensive,Packaged Foods
KRG,Kite Realty Group Trust,0.6,-1.03,36,73,73,Real Estate,Real Estate Investment Trusts
LINRF,Liontown Limited,-3.77,-32.38,7,9,63,Basic Materials,Other Industrial Metals & Mining
HPHTY,Hamamatsu Photonics K.K.,-3.36,-5.92,0,0,84,Technology,Electronic Components
ZEGLF,ZEGLF,0.0,-22.7,2,6,11,Communication Services,Telecom Services
SRTTY,"ZOZO, Inc.",-0.14,7.61,86,89,18,Consumer Cyclical,Internet Retail
ALM,Almonty Industries Inc.,-9.6,-12.04,9,15,91,Basic Materials,Other Metals and Minerals
CGON,"CG Oncology, Inc.",-3.64,25.78,86,92,92,Health Care,Biotechnology: Biological Products (No Diagnostic Substances)
MATX,"Matson, Inc.",0.19,3.1,96,100,91,Consumer Discretionary,Marine Transportation
AUOTY,AUO Corporation,-10.6,20.97,54,65,93,Technology,Electronic Components
TMSNY,Temenos AG,0.71,3.9,75,81,39,Technology,Software - Application
TMHC,Taylor Morrison Home Corporation,0.03,-0.06,23,86,66,Consumer Discretionary,Homebuilding
JDSPY,JD Sports Fashion Plc,1.82,-0.21,81,100,44,Consumer Cyclical,Apparel Retail
WILWY,Wallenius Wilhelmsen ASA,0.0,-5.54,6,29,86,Industrials,Marine Shipping
NAVN,"Navan, Inc.",0.81,15.47,86,86,92,Technology,Computer Software: Prepackaged Software
AUB,Atlantic Union Bankshares Corporation,-0.1,6.38,67,92,67,Finance,Major Banks
HPHTF,Hamamatsu Photonics K.K.,-4.52,-7.04,1,19,79,Technology,Electronic Components
GAERF,"Grupo Aeroportuario del Centro Norte, S.A.B. de C.V.",0.0,10.67,68,93,98,Industrials,Airports & Air Services
RANJF,Randstad N.V.,0.0,0.0,22,85,38,Industrials,Staffing & Employment Services
LPX,Louisiana-Pacific Corporation,-1.31,-3.42,0,6,18,Basic Materials,Forest Products
MTG,MGIC Investment Corporation,1.0,11.58,93,100,47,Finance,Property-Casualty Insurers
GCHEF,"Grupo Comercial Chedraui, S.A.B. de C.V.",0.39,0.78,59,100,32,Consumer Defensive,Grocery Stores
RUSHA,"Rush Enterprises, Inc.",-0.32,8.9,100,100,77,Consumer Discretionary,Retail-Auto Dealers and Gas Stations
CNVVY,Convatec Group PLC,-0.54,5.37,53,66,19,Healthcare,Medical Instruments & Supplies
XENE,Xenon Pharmaceuticals Inc.,-1.74,29.76,84,89,90,Health Care,Biotechnology: Pharmaceutical Preparations
DLB,"Dolby Laboratories, Inc.",-0.88,-6.39,0,10,8,Miscellaneous,Multi-Sector Companies
BB,BlackBerry Limited,-2.37,15.29,52,59,97,Technology,Computer Software: Prepackaged Software
CRC,California Resources Corporation,1.66,-6.19,34,45,34,Energy,Oil & Gas Production
ZHEXF,"Zhejiang Expressway Co., Ltd.",-2.5,-11.36,14,30,15,Industrials,Infrastructure Operations
GTLB,GitLab Inc.,3.24,17.85,96,100,66,Technology,Computer Software: Prepackaged Software
CWST,"Casella Waste Systems, Inc.",1.31,9.28,91,93,43,Utilities,Environmental Services
SMFRF,"Sumitomo Forestry Co., Ltd.",0.0,-148.91,97,97,1,Consumer Cyclical,Residential Construction
VSEC,VSE Corporation,-2.86,6.26,19,34,64,Consumer Discretionary,Military/Government/Technical
ARKAF,Arkema S.A.,0.0,0.0,22,85,59,Basic Materials,Specialty Chemicals
DUOL,"Duolingo, Inc.",6.08,6.86,86,100,20,Technology,Computer Software: Prepackaged Software
IIDDY,IGO Limited,0.0,0.0,22,85,86,Basic Materials,Other Industrial Metals & Mining
SIGIP,"Selective Insurance Group, Inc.",0.32,-0.72,23,74,32,Finance,Property-Casualty Insurers
CGHOF,China Gas Holdings Limited,0.0,0.0,22,85,35,Utilities,Utilities - Regulated Gas
AUTSF,AUTSF,0.0,6.76,24,18,87,,
ALK,"Alaska Air Group, Inc.",-5.3,0.3,0,1,42,Consumer Discretionary,Air Freight/Delivery Services
DLPTF,"Liaoning Port Co., Ltd.",0.0,0.0,22,85,76,Industrials,Marine Shipping
KYSEF,"Kyushu Electric Power Company, Incorporated",0.0,1.47,17,71,1,Utilities,Utilities - Independent Power Producers
USSJY,"USS Co., Ltd.",0.0,-5.05,9,24,61,Consumer Cyclical,Auto & Truck Dealerships
SMBMF,Seatrium Limited,0.0,7.14,90,98,31,Energy,Oil & Gas Equipment & Services
BCPC,Balchem Corporation,-0.44,-2.36,4,30,36,Industrials,Major Chemicals
TCLHF,TCL Electronics Holdings Limited,0.0,-1.67,61,68,66,Technology,Consumer Electronics
XMTR,"Xometry, Inc.",0.62,12.21,97,100,96,Consumer Discretionary,Business Services
IEP,Icahn Enterprises L.P.,0.53,1.76,100,100,50,Consumer Discretionary,Auto Parts:O.E.M.
HCC,"Warrior Met Coal, Inc.",2.53,-12.66,20,26,59,Energy,Coal Mining
PUMSY,PUMA SE,1.23,-0.62,83,100,67,Consumer Cyclical,Footwear & Accessories
KOTMY,"Koito Manufacturing Co., Ltd.",0.0,-6.54,33,52,54,Consumer Cyclical,Auto Parts
NNNN,Anbio Biotechnology,6.18,-39.36,9,11,1,Health Care,Biotechnology: In Vitro & In Vivo Diagnostic Substances
NTSK,"Netskope, Inc.",3.9,46.96,100,100,32,Technology,Computer Software: Prepackaged Software
PAM,Pampa Energía S.A.,0.52,-5.55,34,56,54,Utilities,Electric Utilities: Central
BECTY,Bechtle AG,0.0,1.34,38,59,18,Technology,Information Technology Services
DNTUY,Dentsu Group Inc.,0.0,4.56,97,100,45,Communication Services,Advertising Agencies
OGS,"ONE Gas, Inc.",1.53,5.64,77,100,37,Utilities,Oil/Gas Transmission
GBTG,"Global Business Travel Group, Inc.",0.0,0.43,23,81,86,Consumer Discretionary,Transportation Services
KYSEY,"Kyushu Electric Power Company, Incorporated",6.4,-16.24,53,70,44,Utilities,Utilities - Independent Power Producers
IPGP,IPG Photonics Corporation,-2.78,-5.81,35,43,59,Technology,Semiconductors
LBRDP,Liberty Broadband Corporation,-0.37,0.87,81,98,27,Telecommunications,Cable & Other Pay Television Services
LBRDK,Liberty Broadband Corporation,0.29,-5.58,24,45,2,Telecommunications,Cable & Other Pay Television Services
DIOD,Diodes Incorporated,-4.24,-13.62,2,2,87,Technology,Semiconductors
XNDU,Xanadu Quantum Technologies Limited,-6.0,-15.73,0,0,76,Technology,Computer Manufacturing
AMVIF,AMVIF,0.07,-7.7,17,26,30,,
CGHLY,China Gas Holdings Limited,0.0,-17.12,3,7,7,Utilities,Utilities - Regulated Gas
SITE,"SiteOne Landscape Supply, Inc.",-1.51,-1.45,0,18,11,Consumer Discretionary,Professional and commerical equipment
EIFZF,Exchange Income Corporation,0.0,1.2,33,84,89,Industrials,Airlines
NEXXY,Nexi S.p.A.,0.0,8.78,100,100,53,Technology,Software - Infrastructure
AYYLF,Ayala Corporation,12.67,12.67,100,100,12,Industrials,Conglomerates
CNX,CNX Resources Corporation,1.09,0.72,20,37,21,Energy,Oil & Gas Production
MTN,"Vail Resorts, Inc.",0.89,12.83,100,100,57,Consumer Discretionary,Services-Misc. Amusement & Recreation
KVYO,"Klaviyo, Inc.",3.25,22.18,100,100,10,Technology,Computer Software: Prepackaged Software
QNTPF,XtalPi Holdings Limited,-1.92,-17.07,42,47,37,,
DNLZY,Dyno Nobel Limited,-0.66,-2.6,1,11,70,Basic Materials,Specialty Chemicals
ATAT,Atour Lifestyle Holdings Limited,-2.48,-5.87,0,27,17,Consumer Discretionary,Hotels/Resorts
CHEOY,Cochlear Limited,-0.94,14.54,71,77,2,Healthcare,Medical Devices
NNI,"Nelnet, Inc.",-1.22,2.57,41,72,37,Finance,Finance: Consumer Services
AMVOY,AMVOY,-0.82,-3.85,28,38,33,Consumer Cyclical,Auto Parts
PUTKY,PT United Tractors Tbk,4.86,16.31,100,100,19,Basic Materials,Other Industrial Metals & Mining
SEPLF,SEPLF,6.36,-2.96,71,85,96,Energy,Oil & Gas E&P
RIOCF,RioCan Real Estate Investment Trust,1.01,-0.99,30,73,68,Real Estate,REIT - Retail
GSISF,Genesis Minerals Limited,0.0,-1.39,29,41,32,Basic Materials,Gold
SMR,NuScale Power Corporation,-7.63,-12.75,0,0,2,Industrials,Metal Fabrications
FCN,"FTI Consulting, Inc.",3.03,3.8,100,100,28,Consumer Discretionary,Professional Services
UNF,UniFirst Corporation,0.42,-0.99,83,92,82,Consumer Discretionary,Other Consumer Services
RLI,RLI Corp.,1.34,13.54,85,91,45,Finance,Property-Casualty Insurers
GMVHY,Entain Plc,0.41,-8.38,30,42,11,Consumer Cyclical,Gambling
KNTNF,K92 Mining Inc.,-4.04,-6.6,0,0,36,Basic Materials,Gold
UFPI,"UFP Industries, Inc.",-0.32,0.13,15,29,18,Basic Materials,Forest Products
SMDPY,"Sumitomo Pharma Co., Ltd.",0.0,2.21,49,90,24,Healthcare,Drug Manufacturers - Specialty & Generic
EBC,"Eastern Bankshares, Inc.",-0.18,7.43,81,89,69,Finance,Savings Institutions
UUUU,Energy Fuels Inc.,-3.9,-13.46,4,5,32,Industrials,Mining & Quarrying of Nonmetallic Minerals (No Fuels)
MZDAY,Mazda Motor Corporation,-2.33,-2.89,17,49,38,Consumer Cyclical,Auto Manufacturers
AQN,Algonquin Power & Utilities Corp.,1.24,-1.82,38,57,28,Utilities,Electric Utilities: Central
HSSKY,HASEKO Corporation,0.0,0.0,22,85,41,Consumer Cyclical,Residential Construction
ACDVF,Air Canada,-3.58,10.9,50,57,67,Industrials,Airlines
IBOC,International Bancshares Corporation,0.6,0.26,34,67,53,Finance,Major Banks
YADGF,Yadea Group Holdings Ltd.,0.0,60.09,96,99,90,Consumer Cyclical,Auto Manufacturers
COLD,"Americold Realty Trust, Inc.",1.16,8.5,74,80,73,Real Estate,Real Estate Investment Trusts
TFSL,TFS Financial Corporation,-0.06,5.12,80,91,80,Finance,Savings Institutions
TBBB,BBB Foods Inc.,-2.02,-0.22,40,72,83,Consumer Staples,Food Chains
FRMI,Fermi Inc.,-4.25,-9.21,0,0,8,Real Estate,Real Estate Investment Trusts
HRI,Herc Holdings Inc.,-0.81,3.65,64,76,70,Industrials,Misc Corporate Leasing Services
EXLS,"ExlService Holdings, Inc.",4.36,-0.35,79,100,10,Consumer Discretionary,Business Services
NHKGF,"NHK Spring Co., Ltd.",0.0,0.0,22,85,1,Consumer Cyclical,Auto Parts
CUZ,Cousins Properties Incorporated,0.79,6.41,87,91,72,Real Estate,Real Estate Investment Trusts
ACRXF,"Acerinox, S.A.",0.0,0.0,22,85,92,Basic Materials,Steel
KPDCF,Keppel DC REIT,0.0,-5.56,9,29,34,Real Estate,REIT - Office
AD,"Array Digital Infrastructure, Inc.",-1.82,-15.18,0,0,33,Telecommunications,Telecommunications Equipment
INDV,"Indivior Pharmaceuticals, Inc.",-0.72,5.46,44,64,91,Health Care,Biotechnology: Pharmaceutical Preparations
AVEX,AEVEX Corp.,-3.34,-25.86,4,11,3,Industrials,Aerospace
RDNT,"RadNet, Inc.",-3.49,8.78,63,68,37,Health Care,Medical Specialities
KRNTY,Krones AG,0.0,-7.27,7,18,22,Industrials,Specialty Industrial Machinery
MTH,Meritage Homes Corporation,-2.21,0.99,11,27,53,Consumer Discretionary,Homebuilding
FELE,"Franklin Electric Co., Inc.",-0.41,1.02,19,43,48,Consumer Discretionary,Metal Fabrications
NWE,"NorthWestern Energy Group, Inc.",0.67,6.39,62,89,69,Utilities,Power Generation
UPCHY,Uni-President China Holdings Ltd,0.0,0.12,6,27,21,Consumer Defensive,Beverages - Non-Alcoholic
OLED,Universal Display Corporation,-3.83,-12.82,0,0,4,Technology,Electrical Products
SZGPY,Salzgitter AG,-1.19,-18.17,39,46,79,Basic Materials,Steel
COCO,"The Vita Coco Company, Inc.",4.53,-5.1,47,56,91,Consumer Staples,Beverages (Production/Distribution)
BKGFY,The Berkeley Group Holdings plc,0.33,0.33,16,23,22,Consumer Cyclical,Residential Construction
TLPFF,Teleperformance SE,4.22,-4.22,45,65,28,Industrials,Specialty Business Services
SFBS,"ServisFirst Bancshares, Inc.",-0.5,4.58,45,67,52,Finance,Major Banks
ELFIF,E-L Financial Corporation Limited,0.0,-0.6,22,74,45,Financial Services,Insurance - Life
PTEN,"Patterson-UTI Energy, Inc.",3.09,-15.75,37,43,81,Energy,Oil & Gas Production
GRTUF,Granite Real Estate Investment Trust,1.5,3.3,77,85,72,Real Estate,REIT - Industrial
BETA,"BETA Technologies, Inc.",-1.41,2.71,53,65,7,Industrials,Aerospace
TAC,TransAlta Corporation,-2.04,4.19,41,63,47,Utilities,Electric Utilities: Central
MANE,MANE,-7.88,16.72,48,52,97,Health Care,Biotechnology: Pharmaceutical Preparations
RMVEY,RMVEY,-0.51,3.35,47,61,13,Communication Services,Internet Content & Information
LBTYK,Liberty Global Ltd.,2.63,-9.22,18,26,27,Telecommunications,Cable & Other Pay Television Services
WYGPF,Worley Limited,0.0,0.0,22,85,51,Energy,Oil & Gas Equipment & Services
SLM,SLM Corporation,-0.28,12.42,67,83,35,Finance,Finance: Consumer Services
HCHDF,Hochschild Mining plc,-3.91,-12.07,0,0,39,Basic Materials,Other Precious Metals & Mining
THO,"THOR Industries, Inc.",-1.24,-5.56,0,29,11,Industrials,Homebuilding
HGV,Hilton Grand Vacations Inc.,-1.49,-2.91,5,11,54,Consumer Discretionary,Hotels/Resorts
SKT,Tanger Inc.,0.61,0.15,24,70,68,Real Estate,Real Estate Investment Trusts
FMCCG,Federal Home Loan Mortgage Corporation,-5.62,-7.97,0,0,4,Financial Services,Mortgage Finance
FMCCH,Federal Home Loan Mortgage Corporation,-4.29,-7.07,0,0,6,Financial Services,Mortgage Finance
FMCCS,Federal Home Loan Mortgage Corporation,-1.24,-8.77,0,5,6,Financial Services,Mortgage Finance
FREJP,Federal Home Loan Mortgage Corporation PFD 5.30%,-3.86,-5.49,0,0,8,Unknown,Unknown
FMCCJ,Federal Home Loan Mortgage Corporation,0.0,-5.89,6,16,4,Financial Services,Mortgage Finance
FMCCT,Federal Home Loan Mortgage Corporation,-1.13,-12.51,0,5,4,Financial Services,Mortgage Finance
FREJN,Federal Home Loan Mortgage Corporation,-1.58,-6.02,0,4,11,Financial Services,Mortgage Finance
FMCKN,Federal Home Loan Mortgage Corporation,-2.94,-10.34,0,0,6,Financial Services,Mortgage Finance
CVCO,"Cavco Industries, Inc.",-2.15,-7.32,0,0,48,Consumer Discretionary,Homebuilding
MWH,"SOLV Energy, Inc.",-5.53,-14.33,0,0,18,Industrials,Military/Government/Technical
MNSO,MINISO Group Holding Limited,-3.14,-13.55,0,16,4,Consumer Discretionary,Department/Specialty Retail Stores
PSKRF,Protector Forsikring ASA,0.0,1.29,22,85,98,Financial Services,Insurance - Specialty
PSKRY,PSKRY,0.0,5.53,100,100,54,Financial Services,Insurance - Specialty
VEMLY,Venture Corporation Limited,0.0,-14.08,4,11,61,Technology,Electronic Components
LIVN,LivaNova PLC,0.51,3.8,60,87,87,Health Care,Biotechnology: Electromedical & Electrotherapeutic Apparatus
BCHHF,Bucher Industries AG,0.0,0.0,22,85,17,Industrials,Specialty Industrial Machinery
GFF,Griffon Corporation,-1.26,-5.6,0,34,64,Industrials,Building Products
KRC,Kilroy Realty Corporation,1.46,2.11,83,93,68,Real Estate,Real Estate Investment Trusts
SOHVY,"Sumitomo Heavy Industries, Ltd.",0.0,4.41,65,96,76,Industrials,Specialty Industrial Machinery
CVSA,Covista Inc.,1.74,0.98,86,88,58,Real Estate,Other Consumer Services
DNP,DNP Select Income Fund Inc.,0.64,3.6,86,100,62,Finance,Investment Managers
ERAS,"Erasca, Inc.",-3.4,27.77,79,83,98,Health Care,Biotechnology: Pharmaceutical Preparations
NDGPF,Nine Dragons Paper (Holdings) Limited,0.0,7.14,66,91,83,Basic Materials,Paper & Paper Products
LOPE,"Grand Canyon Education, Inc.",1.57,0.9,98,99,17,Real Estate,Other Consumer Services
SLGN,Silgan Holdings Inc.,-0.09,11.74,63,78,41,Industrials,Containers/Packaging
TUIFF,TUI AG,0.0,7.69,93,100,36,Consumer Cyclical,Travel Services
PJT,PJT Partners Inc.,0.13,2.05,42,54,29,Finance,Investment Managers
UCB,"United Community Banks, Inc.",-0.03,4.46,71,92,55,Finance,Major Banks
APNHY,Aspen Pharmacare Holdings Limited,0.0,2.62,41,60,79,Healthcare,Drug Manufacturers - Specialty & Generic
VRNS,"Varonis Systems, Inc.",1.91,35.62,96,96,88,Technology,Computer Software: Prepackaged Software
SZGPF,Salzgitter AG,0.0,-11.64,4,17,89,Basic Materials,Steel
BNL,"Broadstone Net Lease, Inc.",0.5,6.45,99,100,74,Real Estate,Real Estate Investment Trusts
STNG,Scorpio Tankers Inc.,-2.57,1.46,56,71,81,Consumer Discretionary,Marine Transportation
RGAKF,RGAKF,-3.85,-1.8,30,33,97,,
BELFA,Bel Fuse Inc.,-3.72,-15.47,4,4,89,Technology,Electronic Components
UCTT,"Ultra Clean Holdings, Inc.",-7.55,-6.28,14,15,97,Technology,Semiconductors
NVST,Envista Holdings Corporation,1.2,7.02,51,65,60,Health Care,Medical/Dental Instruments
INSW,"International Seaways, Inc.",-2.61,10.46,62,77,94,Consumer Discretionary,Marine Transportation
CRGY,Crescent Energy Company,5.49,-12.98,34,41,39,Energy,Oil & Gas Production
HP,"Helmerich & Payne, Inc.",1.92,-13.32,38,45,80,Energy,Oil & Gas Production
VKTX,"Viking Therapeutics, Inc.",-1.9,33.24,69,70,65,Health Care,Biotechnology: Pharmaceutical Preparations
VLEEY,Valeo SE,-0.14,-19.47,2,8,62,Consumer Cyclical,Auto Parts
TCMFF,Telecom Argentina S.A.,0.0,22.86,82,85,99,Communication Services,Telecom Services
TPC,Tutor Perini Corporation,-1.52,1.54,0,16,59,Consumer Discretionary,General Bldg Contractors - Nonresidential Bldgs
PAFRY,Pan African Resources PLC,0.0,-8.49,3,8,54,Basic Materials,Gold
IRTC,"iRhythm Holdings, Inc.",2.2,5.33,64,71,15,Health Care,Medical/Dental Instruments
UTG,Reaves Utility Income Fund,-0.17,2.03,24,49,51,Finance,Investment Managers
MNGPF,Man Group Plc,0.0,6.75,100,100,86,Financial Services,Asset Management
TWODF,Taylor Wimpey plc,-4.67,3.03,0,40,13,Consumer Cyclical,Residential Construction
ACAD,ACADIA Pharmaceuticals Inc.,-2.75,19.21,85,87,60,Health Care,Biotechnology: Pharmaceutical Preparations
DORM,"Dorman Products, Inc.",0.3,8.35,94,94,62,Consumer Discretionary,Auto Parts:O.E.M.
VCYT,"Veracyte, Inc.",0.9,21.21,67,76,93,Health Care,Medical Specialities
SKE,Skeena Resources Limited,-4.37,-0.04,0,11,60,Basic Materials,Precious Metals
CLBT,Cellebrite DI Ltd.,1.19,25.62,88,89,63,Technology,Computer Software: Prepackaged Software
AHEXY,Adecco Group AG,4.19,11.8,100,100,20,Industrials,Staffing & Employment Services
SLTCY,Siltronic AG,0.0,1.89,76,94,93,Technology,Semiconductors
TDW,Tidewater Inc.,1.34,0.18,73,88,66,Consumer Discretionary,Marine Transportation
JOE,The St. Joe Company,-0.13,-6.6,11,15,45,Real Estate,Homebuilding
JUMSY,Jumbo S.A.,7.14,-2.04,84,100,26,Consumer Cyclical,Specialty Retail
YETI,"YETI Holdings, Inc.",-1.19,-4.64,9,39,80,Consumer Discretionary,Recreational Games/Products/Toys
KFY,Korn Ferry,3.08,3.73,100,100,64,Consumer Discretionary,Diversified Commercial Services
FCXXF,First Capital Real Estate Investment Trust,0.0,-2.02,25,91,66,Real Estate,REIT - Retail
BMI,"Badger Meter, Inc.",-2.82,7.36,51,63,11,Industrials,Industrial Machinery/Components
TKKHF,Tikehau Capital,0.0,-8.67,6,26,45,Financial Services,Asset Management
KC,Kingsoft Cloud Holdings Limited,-4.77,-4.5,64,79,10,Technology,Computer Software: Prepackaged Software
BHF,"Brighthouse Financial, Inc.",0.92,5.33,100,100,67,Finance,Life Insurance
BHFAO,"Brighthouse Financial, Inc.",-0.79,-2.21,0,63,26,Finance,Life Insurance
DAVE,Dave Inc.,-2.79,36.48,92,97,94,Finance,Finance: Consumer Services
CNS,"Cohen & Steers, Inc.",-1.07,0.72,27,61,65,Finance,Investment Managers
GBNXF,Gibson Energy Inc.,2.52,3.25,100,100,70,Energy,Oil & Gas Midstream
OSIS,"OSI Systems, Inc.",-1.53,-7.71,0,27,11,Technology,Semiconductors
TPZEF,Topaz Energy Corp.,0.94,-3.81,52,79,61,Energy,Oil & Gas Midstream
TSYHF,TravelSky Technology Limited,-0.94,-8.7,21,36,9,Technology,Information Technology Services
SPTJF,Sinopec Shanghai Petrochemical Company Limited,-6.9,-10.0,0,0,11,Energy,Oil & Gas Refining & Marketing
CALM,"Cal-Maine Foods, Inc.",-5.58,4.43,62,76,41,Consumer Staples,Farming/Seeds/Milling
FOUR,"Shift4 Payments, Inc.",-3.11,24.79,81,85,12,Consumer Discretionary,Business Services
VECO,Veeco Instruments Inc.,-2.86,-22.07,8,9,94,Technology,Industrial Machinery/Components
HGTY,"Hagerty, Inc.",1.96,14.51,100,100,54,Finance,Specialty Insurers
NHPEF,New Hope Corporation Limited,-6.6,-12.38,24,29,71,Energy,Thermal Coal
ABG,"Asbury Automotive Group, Inc.",-0.58,5.64,98,100,23,Consumer Discretionary,Retail-Auto Dealers and Gas Stations
QNTQY,QinetiQ Group plc,0.0,-2.75,60,64,25,Industrials,Aerospace & Defense
AB,AllianceBernstein Holding L.P.,0.51,2.61,100,100,38,Finance,Investment Managers
ARCAY,Arcadis NV,0.0,-5.09,8,32,53,Industrials,Engineering & Construction
SIG,Signet Jewelers Limited,0.33,-7.79,30,47,27,Consumer Discretionary,Consumer Specialties
NEA,Nuveen AMT-Free Quality Municipal Income Fund,0.0,-0.01,20,80,46,Finance,Finance/Investors Services
TSYHY,TravelSky Technology Limited,-0.57,-5.26,46,64,11,Technology,Information Technology Services
AYAAF,"Ayala Land, Inc.",0.0,8.7,71,93,7,Real Estate,Real Estate - Development
INOD,Innodata Inc.,0.47,-35.35,2,4,84,Technology,EDP Services
MCHB,Mechanics Bancorp,0.43,6.92,88,100,71,Finance,Major Banks
BULL,Webull Corporation,-1.36,8.17,94,99,35,Finance,Investment Bankers/Brokers/Service
JOYY,JOYY Inc.,-1.12,4.67,75,90,74,Technology,EDP Services
OLGPF,Olam Group Limited,0.0,4.05,21,40,80,Consumer Defensive,Food Distribution
COLM,Columbia Sportswear Company,1.19,-4.27,29,62,59,Consumer Discretionary,Apparel
SII,Sprott Inc.,-3.7,-10.18,0,0,41,Finance,Finance: Consumer Services
MHO,"M/I Homes, Inc.",-0.85,2.9,20,37,63,Consumer Discretionary,Homebuilding
NPEGF,"Nippon Electric Glass Co., Ltd.",0.0,-0.14,7,27,54,Technology,Electronic Components
CBU,"Community Financial System, Inc.",1.36,4.32,77,97,61,Finance,Major Banks
DNLI,Denali Therapeutics Inc.,3.12,25.98,88,95,90,Health Care,Biotechnology: Biological Products (No Diagnostic Substances)
MSGE,Madison Square Garden Entertainment Corp.,1.01,0.97,15,42,89,Consumer Discretionary,Services-Misc. Amusement & Recreation
CC,The Chemours Company,1.74,-15.8,16,22,54,Industrials,Major Chemicals
PTRN,Pattern Group Inc.,-1.76,34.91,91,95,96,Consumer Discretionary,Catalog/Specialty Distribution
KYIV,Kyivstar Group Ltd.,-1.31,9.75,55,70,79,Telecommunications,Telecommunications Equipment
NATL,NCR Atleos Corporation,1.2,2.94,100,100,65,Miscellaneous,Office Equipment/Supplies/Services
AGO,Assured Guaranty Ltd.,1.99,10.7,95,95,38,Finance,Property-Casualty Insurers
FHB,"First Hawaiian, Inc.",-3.29,3.52,48,66,62,Finance,Major Banks
OPCH,"Option Care Health, Inc.",0.6,4.43,46,81,7,Health Care,Medical/Nursing Services
USLM,"United States Lime & Minerals, Inc.",2.23,-2.47,33,49,14,Industrials,Mining & Quarrying of Nonmetallic Minerals (No Fuels)
OUTKY,Outokumpu Oyj,0.0,-10.14,44,53,77,Basic Materials,Steel
AMFPF,Amplifon S.p.A.,0.0,-6.66,8,38,12,Healthcare,Medical Distribution
HWKN,"Hawkins, Inc.",0.08,-14.67,4,9,16,Consumer Discretionary,Specialty Chemicals
YAMCY,Yamaha Corporation,-0.69,4.78,95,100,39,Consumer Cyclical,Leisure
TBCCF,TBC Bank Group PLC,0.0,2.05,35,70,45,Financial Services,Banks - Regional
TGSGY,TGS ASA,3.35,-12.43,37,46,87,Energy,Oil & Gas Equipment & Services
ARLP,"Alliance Resource Partners, L.P.",1.31,-1.75,63,98,39,Energy,Coal Mining
RCUS,"Arcus Biosciences, Inc.",-2.94,20.47,54,62,93,Health Care,Biotechnology: Pharmaceutical Preparations
SMUPF,Sims Limited,0.0,-15.5,3,7,90,Basic Materials,Steel
SHOO,"Steven Madden, Ltd.",0.83,-7.69,42,51,72,Consumer Discretionary,Shoe Manufacturing
NICMF,Nickel Industries Limited,0.0,0.14,46,62,53,Basic Materials,Other Industrial Metals & Mining
GARPF,Golden Agri-Resources Ltd,0.0,-16.0,6,24,32,Consumer Defensive,Farm Products
SKLTY,SEEK Limited,-3.59,-5.8,24,47,5,Communication Services,Internet Content & Information
AMBA,"Ambarella, Inc.",-6.86,9.42,33,39,61,Technology,Semiconductors
DNN,Denison Mines Corp.,-6.19,1.0,0,24,52,Basic Materials,Other Metals and Minerals
TOEAF,"Toei Animation Co.,Ltd.",0.0,0.53,27,87,1,Communication Services,Entertainment
TMRAF,Tomra Systems ASA,1.86,-1.89,47,74,7,Industrials,Waste Management
ATRO,Astronics Corporation,-0.65,-4.8,9,10,93,Industrials,Military/Government/Technical
XISHY,Xinyi Solar Holdings Limited,-6.86,-23.65,0,3,2,Technology,Solar
SOCNF,SOCNF,0.0,11.43,79,95,75,Industrials,Electrical Equipment & Parts
CTRI,"Centuri Holdings, Inc.",0.78,-12.98,6,11,36,Utilities,Oil & Gas Production
TMRAY,Tomra Systems ASA,0.93,-3.26,41,76,6,Industrials,Waste Management
ADX,"Adams Diversified Equity Fund, Inc.",-0.57,4.89,100,100,68,Finance,Investment Managers
KPLUY,K+S Aktiengesellschaft,3.58,1.82,61,91,28,Basic Materials,Agricultural Inputs
WIX,Wix.com Ltd.,4.53,18.92,100,100,2,Technology,Computer Software: Programming Data Processing
WBRBY,Wienerberger AG,0.0,0.8,7,22,13,Basic Materials,Building Materials
MAURY,"Marui Group Co., Ltd.",0.0,1.97,53,91,17,Financial Services,Credit Services
MZTI,The Marzetti Company,-0.6,4.25,63,83,7,Consumer Staples,Packaged Foods
KBH,KB Home,-2.68,0.92,18,35,37,Consumer Discretionary,Homebuilding
FSM,Fortuna Mining Corp.,-1.76,-2.79,13,18,24,Basic Materials,Precious Metals
UNLRF,PT Unilever Indonesia Tbk,0.0,-25.68,2,5,2,Consumer Defensive,Household & Personal Products
LXP,LXP Industrial Trust,-0.69,5.29,56,70,68,Real Estate,Real Estate Investment Trusts
ATROB,Astronics Corporation,-0.53,-7.72,11,12,93,Industrials,Aerospace & Defense
ITGR,Integer Holdings Corporation,2.88,4.65,98,100,41,Health Care,Biotechnology: Electromedical & Electrotherapeutic Apparatus
BHE,"Benchmark Electronics, Inc.",-3.87,-7.95,3,3,93,Technology,Electrical Products
GEO,"The GEO Group, Inc.",-0.75,5.66,66,89,91,Consumer Discretionary,Homebuilding
HYMC,Hycroft Mining Holding Corporation,-4.44,-18.9,0,0,96,Basic Materials,Precious Metals
RTOXF,Rotork plc,0.0,-0.34,12,40,27,Industrials,Specialty Industrial Machinery
AYA,Aya Gold & Silver Inc.,-5.86,9.38,45,58,87,Basic Materials,Precious Metals
MITFF,Mitie Group plc,0.0,-13.04,4,15,23,Industrials,Specialty Business Services
BBAGF,BB Biotech AG,0.0,0.0,22,85,40,Healthcare,Biotechnology
PATK,"Patrick Industries, Inc.",0.88,-2.67,9,15,9,Consumer Discretionary,Auto Parts:O.E.M.
NTCT,"NetScout Systems, Inc.",-1.24,2.49,69,83,90,Technology,EDP Services
NIPOF,Japan Hotel REIT Investment Corporation,0.0,-5.65,9,42,2,Real Estate,REIT - Hotel & Motel
QTWO,"Q2 Holdings, Inc.",1.6,21.56,88,89,20,Technology,Computer Software: Prepackaged Software
CPK,Chesapeake Utilities Corporation,3.91,10.14,100,100,45,Utilities,Oil & Gas Production
CSMYF,COSMOS Pharmaceutical Corporation,0.0,0.0,22,85,1,Healthcare,Pharmaceutical Retailers
SBCF,Seacoast Banking Corporation of Florida,0.15,5.9,59,82,46,Finance,Major Banks
TATYF,Tate & Lyle plc,0.0,-0.75,17,83,88,Consumer Defensive,Packaged Foods
HG,"Hamilton Insurance Group, Ltd.",1.59,10.15,100,100,85,Finance,Property-Casualty Insurers
DBRG,"DigitalBridge Group, Inc.",-0.51,-0.0,10,75,65,Real Estate,Real Estate Investment Trusts
OUST,"Ouster, Inc.",-7.51,1.06,0,3,92,Industrials,Industrial Machinery/Components
PHPPY,Signify N.V.,-3.47,-25.45,0,2,12,Industrials,Electrical Equipment & Parts
CWK,Cushman & Wakefield Limited,-1.26,0.83,38,60,31,Finance,Real Estate
AEHR,"Aehr Test Systems, Inc.",-6.31,-33.98,2,2,97,Industrials,Electrical Products
EXALF,Exail Technologies,0.17,-5.44,95,96,69,Industrials,Aerospace & Defense
PFS,"Provident Financial Services, Inc.",-0.08,1.12,48,84,67,Finance,Savings Institutions
SSSAF,Shurgard Self Storage Ltd,0.0,10.6,69,95,17,Real Estate,REIT - Specialty
BSM,"Black Stone Minerals, L.P.",3.62,3.55,82,100,55,Energy,Oil & Gas Production
HIW,"Highwoods Properties, Inc.",0.35,3.57,74,79,74,Real Estate,Real Estate Investment Trusts
AMPX,"Amprius Technologies, Inc.",-3.9,-35.2,0,0,39,Miscellaneous,Industrial Machinery/Components
DREUF,Dream Industrial Real Estate Investment Trust,0.8,-0.08,52,90,58,Real Estate,REIT - Industrial
CFNCF,Compagnie Financière Tradition SA,0.0,0.0,22,85,91,Financial Services,Capital Markets
FPAFF,First Pacific Company Limited,0.0,1.59,17,41,18,Consumer Defensive,Packaged Foods
HOEGF,Höegh Autoliners ASA,6.79,-5.61,85,100,86,Industrials,Marine Shipping
PLMR,"Palomar Holdings, Inc.",2.58,21.22,82,84,53,Finance,Property-Casualty Insurers
EXPO,"Exponent, Inc.",2.4,12.31,100,100,25,Consumer Discretionary,Professional Services
PLXNF,PLXNF,0.0,9.63,96,100,37,Industrials,Specialty Business Services
DX,"Dynex Capital, Inc.",-1.29,1.95,18,70,50,Real Estate,Real Estate Investment Trusts
WHR,Whirlpool Corporation,-4.59,-8.39,31,50,2,Consumer Discretionary,Consumer Electronics/Appliances
DBD,"Diebold Nixdorf, Incorporated",0.43,4.9,68,100,74,Miscellaneous,Office Equipment/Supplies/Services
KNKZF,KWS SAAT SE & Co. KGaA,0.0,0.0,22,85,51,Basic Materials,Agricultural Inputs
WOR,"Worthington Enterprises, Inc.",-0.77,-8.0,13,22,30,Industrials,Steel/Iron Ore
SVM,Silvercorp Metals Inc.,-3.15,-12.27,2,3,65,Basic Materials,Precious Metals
HMDPF,Hammond Power Solutions Inc.,-3.13,0.59,0,11,94,Industrials,Electrical Equipment & Parts
NAD,Nuveen Quality Municipal Income Fund,0.08,0.09,19,73,46,Finance,Investment Managers
FPAFY,First Pacific Company Limited,0.31,0.0,48,81,20,Consumer Defensive,Packaged Foods
PTON,"Peloton Interactive, Inc.",3.75,7.61,100,100,46,Consumer Discretionary,Recreational Games/Products/Toys
EEFT,"Euronet Worldwide, Inc.",0.48,17.54,95,95,34,Finance,Investment Bankers/Brokers/Service
ALMS,Alumis Inc.,-0.74,34.45,73,79,98,Health Care,Biotechnology: Pharmaceutical Preparations
HLIO,"Helios Technologies, Inc.",-0.41,-4.56,2,9,88,Industrials,Metal Fabrications
FA,First Advantage Corporation,5.32,32.26,98,100,89,Technology,EDP Services
GARPY,Golden Agri-Resources Ltd,0.0,11.25,76,94,43,Consumer Defensive,Farm Products
CSPKF,COSCO SHIPPING Ports Limited,0.0,0.0,22,85,51,Industrials,Marine Shipping
UNIT,Uniti Group Inc.,1.94,-11.82,14,21,83,Real Estate,Real Estate Investment Trusts
INTR,"Inter & Co, Inc.",-2.92,-1.05,61,88,6,Finance,Commercial Banks
PRVA,"Privia Health Group, Inc.",1.46,19.39,100,100,74,Health Care,Medical/Nursing Services
CWT,California Water Service Group,0.58,10.25,90,97,56,Utilities,Water Supply
CARG,"CarGurus, Inc.",-1.26,21.93,70,74,30,Technology,EDP Services
WDFC,WD-40 Company,-5.09,12.19,70,81,72,Industrials,Major Chemicals
ARQT,"Arcutis Biotherapeutics, Inc.",-2.24,10.29,61,69,75,Health Care,Biotechnology: Pharmaceutical Preparations
ALFRY,Alfresa Holdings Corporation,0.0,0.0,22,85,17,Healthcare,Medical Distribution
VIVHY,Vivendi SE,0.46,-11.79,6,12,10,Communication Services,Electronic Gaming & Multimedia
HSQVY,Husqvarna AB (publ),-1.34,-16.27,0,7,8,Industrials,Tools & Accessories
CZMWF,Carl Zeiss Meditec AG,0.0,12.53,92,96,12,Healthcare,Medical Instruments & Supplies
ASH,Ashland Inc.,-1.24,0.6,46,76,72,Consumer Discretionary,Specialty Chemicals
FBGGF,Fabege AB (publ),7.0,7.0,100,100,85,Real Estate,Real Estate Services
DFTX,"Definium Therapeutics, Inc.",-7.27,81.05,81,84,98,Health Care,Medicinal Chemicals and Botanical Products
DHT,DHT,-2.53,3.96,19,34,82,Consumer Discretionary,Marine Transportation
IPEU,IPE Universal Inc.,0.0,0.0,22,85,77,Technology,Software - Application
MLYS,"Mineralys Therapeutics, Inc.",-2.78,15.25,56,61,56,Health Care,Biotechnology: Pharmaceutical Preparations
TRMK,Trustmark Corporation,0.26,2.16,51,86,61,Finance,Major Banks
KPLIF,Keppel Infrastructure Trust,0.0,0.0,22,85,82,Basic Materials,Specialty Chemicals
DJT,Trump Media & Technology Group Corp.,-0.23,3.27,92,99,5,Technology,Computer Software: Programming Data Processing
SMSGY,Samsonite Group S.A.,-1.11,-9.4,6,12,14,Consumer Cyclical,Footwear & Accessories
MXCHF,"Orbia Advance Corporation, S.A.B. de C.V.",0.0,-2.29,8,24,85,Industrials,Conglomerates
HXPLF,HEXPOL AB (publ),0.0,-1.32,22,93,20,Basic Materials,Specialty Chemicals
AUKUF,ams-OSRAM AG,0.0,-15.15,4,17,95,Technology,Semiconductors
HOG,"Harley-Davidson, Inc.",0.99,-1.36,61,75,55,Consumer Discretionary,Motor Vehicles
AMSSY,ams-OSRAM AG,2.7,12.0,78,89,94,Technology,Semiconductors
SPXX,Nuveen S&P 500 Dynamic Overwrite Fund,-0.7,3.95,62,89,56,Finance,Trusts Except Educational Religious and Charitable
HNLGY,Hang Lung Group Limited,0.0,-7.81,6,17,19,Real Estate,Real Estate Services
SHCAY,Sharp Corporation,-3.16,2.22,46,64,17,Technology,Consumer Electronics
AMR,"Alpha Metallurgical Resources, Inc.",1.37,-21.38,5,9,17,Energy,Coal Mining
ROG,Rogers Corporation,-1.96,-7.64,3,3,86,Industrials,Major Chemicals
WTTR,"Select Water Solutions, Inc.",1.56,5.85,73,91,92,Energy,Oilfield Services/Equipment
PTY,PIMCO Corporate & Income Opportunity Fund,-0.26,3.07,64,88,32,Finance,Investment Managers
BGAOY,Proximus PLC,0.0,-8.61,43,57,17,Communication Services,Telecom Services
RLX,RLX Technology Inc.,1.03,-3.43,58,78,20,Health Care,Medicinal Chemicals and Botanical Products
RUSMF,Russel Metals Inc.,5.4,4.52,100,100,85,Industrials,Industrial Distribution
OCDDY,Ocado Group plc,-1.18,-10.8,18,38,10,Consumer Defensive,Grocery Stores
ILKAF,Iluka Resources Limited,-5.78,-11.65,5,5,45,Basic Materials,Other Industrial Metals & Mining
JBFCF,Jollibee Foods Corporation,-1.63,14.15,77,83,7,Consumer Cyclical,Restaurants
CDLR,Cadeler A/S,0.22,0.04,53,69,38,Consumer Discretionary,Marine Transportation
UA,"Under Armour, Inc.",0.0,13.38,99,100,62,Consumer Discretionary,Apparel
CLDX,"Celldex Therapeutics, Inc.",-1.48,28.6,82,84,84,Health Care,Biotechnology: In Vitro & In Vivo Diagnostic Substances
ALGT,Allegiant Travel Company,-3.72,24.23,52,59,86,Consumer Discretionary,Air Freight/Delivery Services
SOTDY,Ströer SE & Co. KGaA,0.0,-1.14,22,84,34,Communication Services,Advertising Agencies
GRDN,"Guardian Pharmacy Services, Inc.",-1.64,-6.48,23,43,85,Consumer Staples,Retail-Drug Stores and Proprietary Stores
ULIHF,The United Laboratories International Holdings Limited,0.0,31.78,98,99,44,Healthcare,Drug Manufacturers - Specialty & Generic
HYSNY,Hysan Development Company Limited,6.85,2.26,94,100,43,Real Estate,Real Estate Services
AGYS,"Agilysys, Inc.",0.71,19.58,88,89,78,Technology,EDP Services
KRKKF,KRUK Spólka Akcyjna,0.0,0.0,22,85,92,Financial Services,Credit Services
FBNC,First Bancorp,0.78,5.16,74,100,71,Finance,Major Banks
ADPT,Adaptive Biotechnologies Corporation,-0.19,12.23,73,83,90,Health Care,Biotechnology: Biological Products (No Diagnostic Substances)
TRRVF,TerraVest Industries Inc.,-0.12,-2.12,16,53,11,Energy,Oil & Gas Equipment & Services
OSW,OneSpaWorld Holdings Limited,-0.8,5.2,2,29,64,Consumer Discretionary,Hotels/Resorts
XIFR,"XPLR Infrastructure, LP",-0.16,4.93,55,69,67,Utilities,Electric Utilities: Central
ANDE,"The Andersons, Inc.",3.57,6.19,100,100,86,Industrials,Farming/Seeds/Milling
CMPR,Cimpress plc,0.17,10.37,79,91,89,Consumer Discretionary,Publishing
KGTHY,Krungthai Card Public Company Limited,0.0,11.83,90,97,62,Financial Services,Credit Services
BKE,"The Buckle, Inc.",-0.07,-5.65,25,45,14,Consumer Discretionary,Clothing/Shoe/Accessory Stores
RARE,Ultragenyx Pharmaceutical Inc.,-1.77,38.53,76,77,78,Health Care,Biotechnology: Pharmaceutical Preparations
GGGSY,Greggs plc,0.0,-10.55,5,27,26,Consumer Cyclical,Restaurants
TSRYF,Treasury Wine Estates Limited,0.0,6.9,28,46,17,Consumer Defensive,Beverages - Wineries & Distilleries
MPJPY,Metaplanet Inc.,-6.73,1.04,49,62,2,,
LU,Lufax Holding Ltd,-6.72,-6.72,0,24,2,Finance,Finance: Consumer Services
MTPLF,MTPLF,-7.45,-1.67,42,56,1,Consumer Cyclical,Restaurants
WOSGF,Watches of Switzerland Group PLC,1.19,4.38,100,100,93,Consumer Cyclical,Luxury Goods
BUSE,First Busey Corporation,0.24,2.81,46,75,70,Finance,Major Banks
CROMF,Crombie Real Estate Investment Trust,0.0,1.41,67,95,59,Real Estate,REIT - Diversified
BVNRY,Bavarian Nordic A/S,-1.72,-2.25,21,46,19,Healthcare,Biotechnology
AVVOF,AVVOF,-1.11,-20.91,23,31,18,Industrials,Aerospace & Defense
TBBK,"The Bancorp, Inc.",-0.02,17.68,100,100,42,Finance,Major Banks
OCDGF,Ocado Group plc,0.0,-13.6,5,23,12,Consumer Defensive,Grocery Stores
SHHFF,SHHFF,-1.59,11.05,51,63,93,,
DAC,Danaos Corporation,0.75,-0.55,65,97,80,Consumer Discretionary,Marine Transportation
NZTCF,Spark New Zealand Limited,0.0,3.81,66,85,16,Communication Services,Telecom Services
BCRX,"BioCryst Pharmaceuticals, Inc.",-5.17,16.59,47,52,66,Health Care,Biotechnology: Biological Products (No Diagnostic Substances)
ASRHF,ASRHF,1.18,-53.92,0,0,72,,
PBH,Prestige Consumer Healthcare Inc.,-0.14,2.65,61,74,9,Health Care,Biotechnology: Pharmaceutical Preparations
DXPE,"DXP Enterprises, Inc.",-1.48,-4.32,25,36,80,Industrials,Industrial Machinery/Components
GEBHY,Genting Berhad,-7.69,-4.91,0,14,8,Consumer Cyclical,Resorts & Casinos
PCTTU,"PureCycle Technologies, Inc.",0.0,-21.37,86,98,68,Industrials,Major Chemicals
ALRM,"Alarm.com Holdings, Inc.",1.44,12.56,100,100,51,Technology,Computer Software: Prepackaged Software
CDNL,Cardinal Infrastructure Group Inc.,-4.81,-0.66,0,0,96,Industrials,Military/Government/Technical
GRND,Grindr Inc.,-0.25,36.44,88,91,62,Technology,Computer Software: Programming Data Processing
RVT,"Royce Small-Cap Trust, Inc.",-1.05,2.05,0,56,58,Finance,Trusts Except Educational Religious and Charitable
DRSHF,DroneShield Limited,-1.06,-19.96,14,21,4,Industrials,Aerospace & Defense
BANR,Banner Corporation,1.46,2.57,76,100,50,Finance,Major Banks
MTTRY,Ceconomy AG,-4.88,14.71,23,26,13,Consumer Cyclical,Specialty Retail
CENT,Central Garden & Pet Company,0.56,1.77,16,46,75,Consumer Discretionary,Consumer Specialties
PBI,Pitney Bowes Inc.,-1.09,5.78,74,93,92,Miscellaneous,Office Equipment/Supplies/Services
CLM,"Cornerstone Strategic Investment Fund, Inc.",-0.66,2.46,73,100,46,Finance,Finance/Investors Services
SRRLF,Sirius Real Estate Limited,0.0,2.61,95,100,45,Real Estate,Real Estate Services
MBINL,Merchants Bancorp,-0.44,2.26,43,90,55,Finance,Major Banks
LMAT,"LeMaitre Vascular, Inc.",-2.38,8.61,66,72,46,Health Care,Medical/Dental Instruments
PSNY,Polestar Automotive Holding UK PLC,-3.69,-10.49,9,24,8,Industrials,Auto Manufacturing
OSHDF,Oshidori International Holdings Limited,0.0,0.0,22,85,99,Financial Services,Capital Markets
GCMG,GCM Grosvenor Inc.,-0.58,19.82,96,100,79,Finance,Investment Managers
JPFAF,JPFAF,0.0,0.0,22,85,1,Consumer Defensive,Farm Products
BSTZ,BlackRock Science and Technology Term Trust,-1.36,-3.55,17,27,83,Finance,Trusts Except Educational Religious and Charitable
CDDRF,Headwater Exploration Inc.,3.22,-4.63,75,93,84,Energy,Oil & Gas E&P
MCRI,"Monarch Casino & Resort, Inc.",0.27,-2.71,9,20,80,Consumer Discretionary,Hotels/Resorts
CPRI,Capri Holdings Limited,-3.16,-16.21,0,0,13,Consumer Discretionary,Apparel
DSITF,Currys plc,1.44,5.5,60,84,67,Consumer Cyclical,Specialty Retail
BRSL,Brightstar Lottery PLC,-0.92,-9.61,5,34,10,Consumer Discretionary,Services-Misc. Amusement & Recreation
VAIAF,Vaisala Oyj,0.39,0.39,33,93,64,Technology,Scientific & Technical Instruments
CMPNF,Champion Real Estate Investment Trust,0.0,0.0,22,85,74,Real Estate,REIT - Retail
AXGN,"Axogen, Inc.",-2.69,-6.78,0,0,94,Health Care,Biotechnology: Electromedical & Electrotherapeutic Apparatus
CLOV,"Clover Health Investments, Corp.",2.93,-6.73,14,20,95,Health Care,Medical Specialities
PHVS,Pharvaris N.V.,0.0,8.91,79,85,88,Health Care,Biotechnology: Pharmaceutical Preparations
CXW,"CoreCivic, Inc.",-1.44,17.06,95,100,90,Real Estate,Real Estate Investment Trusts
ESTA,Establishment Labs Holdings Inc.,-0.15,3.28,61,68,92,Health Care,Industrial Specialties
GENSY,Genus plc,0.0,-6.86,5,15,29,Healthcare,Biotechnology
NWBI,"Northwest Bancshares, Inc.",0.07,3.22,53,85,69,Finance,Major Banks
EBLMY,Etablissements Maurel & Prom S.A.,0.0,-16.04,4,16,78,Energy,Oil & Gas E&P
MGNI,"Magnite, Inc.",0.34,25.99,84,90,80,Technology,Computer Software: Programming Data Processing
NWN,Northwest Natural Holding Company,1.67,3.98,73,100,53,Utilities,Oil/Gas Transmission
JBLU,JetBlue Airways Corporation,-2.78,12.45,48,59,67,Consumer Discretionary,Air Freight/Delivery Services
DBMBF,FIBRA Macquarie México,0.0,3.94,84,91,83,Real Estate,REIT - Industrial
SHO,"Sunstone Hotel Investors, Inc.",0.71,-2.67,18,35,74,Consumer Discretionary,Hotels/Resorts
DHC,Diversified Healthcare Trust,-0.11,-0.57,5,27,93,Real Estate,Real Estate Investment Trusts
ZLAB,Zai Lab Limited,-4.25,11.22,77,85,13,Health Care,Biotechnology: Pharmaceutical Preparations
ZIZTF,Zip Co Limited,0.0,15.95,46,50,61,Financial Services,Credit Services
NBTX,Nanobiotix S.A.,-2.3,10.81,69,80,97,Health Care,Biotechnology: Pharmaceutical Preparations
NEXA,Nexa Resources S.A.,-6.95,6.74,61,72,94,Basic Materials,Metal Mining
FRHLF,Freehold Royalties Ltd.,1.58,-6.16,42,61,55,Energy,Oil & Gas E&P
TINLY,Teijin Limited,0.0,0.0,22,85,43,Industrials,Conglomerates
PKCOY,"PARK24 Co., Ltd.",0.0,22.68,82,94,48,Industrials,Infrastructure Operations
MESO,Mesoblast Limited,5.05,14.87,100,100,46,Health Care,Biotechnology: Biological Products (No Diagnostic Substances)
GRC,The Gorman-Rupp Company,-1.13,-5.1,1,5,89,Industrials,Fluid Controls
STC,Stewart Information Services Corporation,1.4,8.0,78,100,53,Finance,Specialty Insurers
AUPH,Aurinia Pharmaceuticals Inc.,1.58,1.14,16,23,76,Health Care,Biotechnology: Pharmaceutical Preparations
GTY,Getty Realty Corp.,0.26,5.3,82,93,71,Finance,Real Estate
YLLXF,Yellow Cake plc,-3.07,-4.31,24,36,25,Energy,Uranium
SNWGF,Snowline Gold Corp.,-4.62,7.4,64,72,41,Basic Materials,Gold
SXGCF,Southern Cross Gold Consolidated Ltd.,-6.07,-2.58,0,7,41,Basic Materials,Gold
CELJF,Cellcom Israel Ltd.,-4.58,-13.79,13,25,52,Communication Services,Telecom Services
VRDN,"Viridian Therapeutics, Inc.",-3.8,17.66,66,69,42,Health Care,Medical Specialities
DEUZF,DEUTZ Aktiengesellschaft,0.07,-1.79,51,91,54,Industrials,Specialty Industrial Machinery
FCF,First Commonwealth Financial Corporation,0.64,4.18,57,86,66,Finance,Major Banks
GRGCF,Georgia Capital PLC,2.49,10.85,84,91,90,Financial Services,Financial Conglomerates
EZPW,"EZCORP, Inc.",-4.11,6.24,37,48,91,Consumer Discretionary,Other Specialty Stores
LTC,"LTC Properties, Inc.",2.08,8.31,100,100,58,Real Estate,Real Estate Investment Trusts
TGLS,Tecnoglass Inc.,-2.41,-1.74,0,23,12,Consumer Discretionary,Electronic Components
RXRX,"Recursion Pharmaceuticals, Inc.",-7.3,4.76,19,28,9,Health Care,Biotechnology: Biological Products (No Diagnostic Substances)
NWARF,Norwegian Air Shuttle ASA,0.0,-1.03,4,13,24,Industrials,Airlines
FFXDF,Fairfax India Holdings Corporation,-1.26,1.63,67,78,46,Financial Services,Asset Management
SRPT,"Sarepta Therapeutics, Inc.",-0.69,25.47,67,73,18,Health Care,Biotechnology: Pharmaceutical Preparations
HVBVF,HVBVF,5.8,37.53,63,39,78,,
CMGMF,Chemring Group PLC,-1.53,3.65,56,64,37,Industrials,Aerospace & Defense
POET,POET Technologies Inc.,-3.73,-28.89,0,0,51,Technology,Semiconductors
COTY,Coty Inc.,0.0,10.34,81,87,8,Consumer Discretionary,Package Goods/Cosmetics
NBHC,National Bank Holdings Corporation,0.74,4.1,53,79,59,Finance,Major Banks
PAX,Patria Investments Limited,-1.27,-5.13,5,41,12,Finance,Investment Managers
ASPHF,Ascentage Pharma Group International,0.0,0.0,22,85,2,Healthcare,Biotechnology
WB,Weibo Corporation,-0.65,0.52,85,100,13,Technology,Computer Software: Programming Data Processing
AAPG,AAPG,-1.85,14.55,92,100,4,Health Care,Biotechnology: Pharmaceutical Preparations
MNHFF,Mayr-Melnhof Karton AG,0.0,0.0,22,85,66,Consumer Cyclical,Packaging & Containers
ZYME,Zymeworks Inc.,-3.63,8.6,54,62,76,Health Care,Biotechnology: Pharmaceutical Preparations
HMN,Horace Mann Educators Corporation,0.02,8.57,73,81,73,Finance,Property-Casualty Insurers
PLGO,PLGO,1.12,7.87,87,95,84,Finance,Property-Casualty Insurers
GEL,"Genesis Energy, L.P.",0.69,-6.39,44,74,20,Energy,Oil Refining/Marketing
INVX,"Innovex International, Inc.",0.12,-11.3,31,39,68,Consumer Discretionary,Oil and Gas Field Machinery
ALG,Alamo Group Inc.,0.47,5.07,49,68,16,Industrials,Industrial Machinery/Components
IOVA,"Iovance Biotherapeutics, Inc.",-4.49,2.02,30,44,89,Health Care,Biotechnology: Biological Products (No Diagnostic Substances)
ERMAY,ERAMET S.A.,0.98,-11.55,7,12,11,Basic Materials,Other Industrial Metals & Mining
WLTH,Wealthfront Corporation,-2.46,3.4,69,76,9,Finance,Finance: Consumer Services
CIAFF,Champion Iron Limited,-0.36,-3.16,31,50,10,Basic Materials,Steel
GOF,Guggenheim Strategic Opportunities Fund,-0.37,0.84,50,87,25,Finance,Finance/Investors Services
ILPMF,Permanent TSB Group Holdings plc,0.0,-8.13,6,27,36,Financial Services,Banks - Regional
WMK,"Weis Markets, Inc.",-1.35,-4.66,25,62,60,Consumer Staples,Food Chains
ASTVF,Austevoll Seafood ASA,0.0,-8.73,6,15,13,Consumer Defensive,Farm Products
MAWHY,Man Wah Holdings Limited,-4.69,-6.74,29,43,6,Consumer Cyclical,"Furnishings, Fixtures & Appliances"
RMGGF,Resolute Mining Limited,2.99,0.0,25,37,29,Basic Materials,Gold
QURE,uniQure N.V.,-3.59,53.24,61,65,96,Health Care,Biotechnology: Pharmaceutical Preparations
ETG,Eaton Vance Tax-Advantaged Global Dividend Income Fund,-0.56,1.3,29,77,57,Finance,Investment Managers
SRCE,1st Source Corporation,0.37,5.02,65,90,74,Finance,Major Banks
AEVA,"Aeva Technologies, Inc.",-10.39,-19.99,0,0,63,Consumer Discretionary,Auto Parts:O.E.M.
RLLWF,Reliance Worldwide Corporation Limited,0.0,-3.85,52,77,54,Industrials,Building Products & Equipment
MD,"Pediatrix Medical Group, Inc.",-0.49,8.2,68,81,85,Health Care,Hospital/Nursing Management
BSMAF,Bursa Malaysia Berhad,0.0,0.0,22,85,94,Financial Services,Financial Data & Stock Exchanges
NCNO,"nCino, Inc.",2.41,18.05,80,82,10,Technology,Computer Software: Prepackaged Software
CNXN,"PC Connection, Inc.",1.61,8.41,100,100,77,Consumer Discretionary,Catalog/Specialty Distribution
GT,The Goodyear Tire & Rubber Company,-2.5,10.85,62,69,12,Consumer Discretionary,Automotive Aftermarket
SID,Companhia Siderúrgica Nacional,1.98,-14.88,38,46,6,Industrials,Steel/Iron Ore
GAB,The Gabelli Equity Trust Inc.,0.53,3.46,64,99,42,Finance,Investment Managers
ENVX,Enovix Corporation,-4.81,-26.12,0,0,3,Miscellaneous,Industrial Machinery/Components
TH,Target Hospitality Corp.,-6.79,-5.26,0,0,93,Consumer Discretionary,Hotels/Resorts
SNDX,"Syndax Pharmaceuticals, Inc.",-3.05,27.81,71,76,81,Health Care,Biotechnology: Pharmaceutical Preparations
SLS,"SELLAS Life Sciences Group, Inc.",-1.1,62.84,63,67,98,Health Care,Biotechnology: Pharmaceutical Preparations
PLSE,"Pulse Biosciences, Inc.",-1.52,-3.72,25,36,88,Health Care,Medical/Dental Instruments
EPAC,Enerpac Tool Group Corp.,-1.08,-1.33,26,40,23,Technology,Industrial Machinery/Components
RNDOF,Round One Corporation,0.0,216.13,99,100,99,Consumer Cyclical,Leisure
MQY,"BlackRock MuniYield Quality Fund, Inc.",-0.09,1.21,33,83,45,Finance,Investment Bankers/Brokers/Service
THQQF,Embracer Group AB (publ),4.55,-0.26,87,100,25,Communication Services,Electronic Gaming & Multimedia
BST,BlackRock Science and Technology Trust,-2.84,1.17,0,24,74,Finance,Finance Companies
AJMPF,Ashmore Group Plc,4.45,13.45,100,100,74,Financial Services,Asset Management
ECPG,"Encore Capital Group, Inc.",-1.8,13.02,72,91,92,Finance,Finance Companies
VSTS,Vestis Corporation,1.45,10.74,88,100,96,Consumer Discretionary,Consumer Specialties
LAR,Lithium Argentina AG,-3.41,-21.33,0,0,87,Basic Materials,Metal Mining
VET,Vermilion Energy Inc.,3.83,-12.17,42,50,46,Energy,Oil & Gas Production
PVLA,"Palvella Therapeutics, Inc.",0.88,37.27,77,86,96,Health Care,Biotechnology: Pharmaceutical Preparations
MDCOY,MDCOY,0.0,2.63,52,90,52,Energy,Oil & Gas E&P
GENB,"Generate Biomedicines, Inc.",-0.35,10.44,35,40,67,Health Care,Biotechnology: Pharmaceutical Preparations
KRKNF,Kraken Robotics Inc.,-2.31,-8.48,28,35,44,Technology,Scientific & Technical Instruments
SNDA,"Sonida Senior Living, Inc.",-0.52,14.7,73,79,83,Health Care,Hospital/Nursing Management
SJMHF,SJM Holdings Limited,0.0,-17.39,3,14,3,Consumer Cyclical,Resorts & Casinos
PARXF,Parex Resources Inc.,4.07,-13.21,41,48,68,Energy,Oil & Gas E&P
ATAI,AtaiBeckley Inc.,-3.87,30.79,71,78,82,Health Care,Biotechnology: Pharmaceutical Preparations
GLUE,"Monte Rosa Therapeutics, Inc.",-4.6,28.54,63,65,96,Health Care,Biotechnology: Biological Products (No Diagnostic Substances)
EOPSF,Electro Optic Systems Holdings Limited,-4.48,-18.35,0,0,20,Industrials,Aerospace & Defense
ZD,"Ziff Davis, Inc.",-0.59,13.4,80,84,82,Telecommunications,Telecommunications Equipment
BHVN,Biohaven Ltd.,-2.44,33.42,71,73,81,Health Care,Biotechnology: Pharmaceutical Preparations
SVNBY,"Seven Bank, Ltd.",0.0,0.0,22,85,8,Financial Services,Banks - Regional
DCOM,"Dime Commercial Bancshares, Inc.",0.38,0.35,36,72,77,Finance,Major Banks
TPB,"Turning Point Brands, Inc.",-7.68,0.09,37,53,30,Consumer Discretionary,Tobacco
LILA,Liberty Latin America Ltd.,2.74,39.56,85,91,88,Telecommunications,Cable & Other Pay Television Services
HLIT,Harmonic Inc.,-2.7,-5.79,7,8,85,Technology,Radio And Television Broadcasting And Communications Equipment
LSHGF,LSHGF,1.26,7.47,69,54,87,,
STBA,"S&T Bancorp, Inc.",0.27,3.69,52,84,72,Finance,Major Banks
TGLVY,Top Glove Corporation Bhd.,0.0,-26.71,2,5,24,Healthcare,Medical Instruments & Supplies
FLO,"Flowers Foods, Inc.",-0.6,8.01,70,78,14,Consumer Staples,Packaged Foods
GLP,Global Partners LP,0.83,-1.83,86,91,54,Energy,Oil Refining/Marketing
KMMPF,Killam Apartment REIT,0.0,-3.76,11,45,47,Real Estate,REIT - Residential
SFL,SFL Corporation Ltd.,0.0,-0.71,58,78,77,Consumer Discretionary,Marine Transportation
PWP,Perella Weinberg Partners,0.0,-3.62,5,12,8,Finance,Finance: Consumer Services
AMVMF,AMG Critical Materials N.V.,0.0,-11.81,3,10,38,Basic Materials,Other Industrial Metals & Mining
DCH,Dauch Corporation,-0.19,-17.82,2,6,19,Consumer Discretionary,Auto Parts:O.E.M.
CNPPF,China Overseas Property Holdings Limited,0.0,13.74,48,59,22,Real Estate,Real Estate Services
AVAH,Aveanna Healthcare Holdings Inc.,-0.31,38.14,96,100,89,Health Care,Medical/Nursing Services
QQQX,Nuveen Nasdaq 100 Dynamic Overwrite Fund,-0.72,0.42,78,100,62,Finance,Finance Companies
GRGTF,Grainger plc,0.0,0.0,22,85,24,Real Estate,Real Estate Services
COUR,"Coursera, Inc.",-0.7,6.38,42,58,13,Technology,Computer Software: Prepackaged Software
ESBA,"Empire State Realty OP, L.P.",0.18,4.48,69,81,21,Real Estate,REIT - Office
REX,REX American Resources Corporation,1.19,10.84,99,100,84,Industrials,Major Chemicals
CASBF,CanSino Biologics Inc.,0.0,-16.13,4,16,3,Healthcare,Drug Manufacturers - Specialty & Generic
FDP,Del Monte Corporation,-0.25,4.94,39,65,45,Consumer Staples,Farming/Seeds/Milling
SNLRF,Sanlorenzo S.p.A.,0.0,-0.07,69,100,70,Consumer Cyclical,Recreational Vehicles
INBX,"Inhibrx Biosciences, Inc.",-0.91,-1.47,0,21,96,Health Care,Biotechnology: Biological Products (No Diagnostic Substances)
QCRH,"QCR Holdings, Inc.",0.32,0.55,39,74,68,Finance,Major Banks
UMAC,"Unusual Machines, Inc.",-8.45,-33.05,0,0,82,Technology,Radio And Television Broadcasting And Communications Equipment
MLLGF,Mullen Group Ltd.,7.18,2.56,100,100,87,Industrials,Trucking
TRIN,Trinity Capital Inc.,-0.23,3.91,64,87,76,Finance,Finance: Consumer Services
PLFRF,Palfinger AG,0.0,0.0,22,85,34,Industrials,Farm & Heavy Construction Machinery
LKFN,Lakeland Financial Corporation,0.53,-0.18,31,56,37,Finance,Major Banks
EVTC,"EVERTEC, Inc.",1.23,16.57,96,100,33,Technology,EDP Services
BY,"Byline Bancorp, Inc.",0.35,6.53,67,89,75,Finance,Major Banks
PRCT,PROCEPT BioRobotics Corporation,1.58,-23.37,24,30,5,Health Care,Medical/Dental Instruments
GAM,"General American Investors Company, Inc.",-0.45,2.21,51,83,57,Finance,Investment Managers
DV,"DoubleVerify Holdings, Inc.",2.06,16.42,100,100,52,Technology,Computer Software: Programming Data Processing
LOMA,Loma Negra Compañía Industrial Argentina Sociedad Anónima,-3.21,-11.44,13,23,48,Industrials,Building Materials
JNNDF,Japan Display Inc.,0.0,-18.98,3,15,88,Technology,Electronic Components
SFRGF,Salvatore Ferragamo S.p.A.,0.0,0.0,22,85,60,Consumer Cyclical,Luxury Goods
PRG,"PROG Holdings, Inc.",0.88,20.2,70,81,89,Consumer Discretionary,Diversified Commercial Services
LINC,Lincoln Educational Services Corporation,-0.68,13.15,83,85,95,Real Estate,Other Consumer Services
RES,"RPC, Inc.",2.3,-18.25,16,22,41,Energy,Oilfield Services/Equipment
TRS,TriMas Corporation,-2.13,-1.19,0,11,62,Industrials,Industrial Specialties
MAZE,"Maze Therapeutics, Inc.",-4.55,21.13,59,61,65,Health Care,Biotechnology: Biological Products (No Diagnostic Substances)
TOWCF,TOWA Corporation,2.54,18.58,39,64,1,Technology,Semiconductor Equipment & Materials
DPBSF,Dampskibsselskabet Norden A/S,0.0,0.0,22,85,78,Industrials,Marine Shipping
PRXXF,Paradox Interactive AB (publ),0.0,0.29,76,94,80,Communication Services,Electronic Gaming & Multimedia
ARLO,"Arlo Technologies, Inc.",0.85,3.15,49,81,22,Consumer Staples,Consumer Electronics/Appliances
NWL,Newell Brands Inc.,-0.58,11.26,28,42,70,Industrials,Plastic Products
FGETF,Flight Centre Travel Group Limited,0.0,22.28,87,96,39,Consumer Cyclical,Travel Services
WWW,"Wolverine World Wide, Inc.",1.86,-0.39,95,100,29,Consumer Discretionary,Shoe Manufacturing
KALV,KalVista Pharmaceuticals Inc,0.0,0.0,0,0,36,Health Care,Biotechnology: Pharmaceutical Preparations
JJSF,J&J Snack Foods Corp.,0.14,-1.31,58,86,15,Consumer Staples,Specialty Foods
YSWY,"Yesway, Inc.",3.34,-16.26,30,45,35,Consumer Staples,Food Chains
DFH,"Dream Finders Homes, Inc.",-1.83,2.78,32,47,17,Consumer Discretionary,Homebuilding
MLTX,MoonLake Immunotherapeutics,0.25,14.99,46,68,77,Health Care,Biotechnology: Pharmaceutical Preparations
SATL,Satellogic Inc.,-4.63,-42.42,0,0,38,Technology,Radio And Television Broadcasting And Communications Equipment
MRTN,"Marten Transport, Ltd.",1.52,-4.44,39,72,82,Industrials,Trucking Freight/Courier Services
FRRFF,4imprint Group plc,0.0,-0.92,54,79,56,Communication Services,Advertising Agencies
RVLV,"Revolve Group, Inc.",1.21,18.49,95,100,36,Consumer Discretionary,Catalog/Specialty Distribution
LEG,"Leggett & Platt, Incorporated",-2.19,0.66,1,25,49,Consumer Discretionary,Home Furnishings
IAUX,i-80 Gold Corp.,-4.29,-6.94,0,0,69,Basic Materials,Precious Metals
ULCC,"Frontier Group Holdings, Inc.",-5.33,8.24,13,22,90,Consumer Discretionary,Air Freight/Delivery Services
PRGS,Progress Software Corporation,0.98,21.02,90,91,50,Technology,Computer Software: Prepackaged Software
HMMCF,HMMCF,0.67,8.11,72,83,99,Basic Materials,Gold
IRS,IRSA Inversiones y Representaciones Sociedad Anónima,-2.07,-10.47,5,17,43,Real Estate,Homebuilding
WLDN,"Willdan Group, Inc.",-1.07,-26.85,0,2,14,Consumer Discretionary,Military/Government/Technical
SUPIF,Supermarket Income REIT plc,0.0,0.0,22,85,81,Industrials,Consulting Services
URGN,UroGen Pharma Ltd.,2.46,33.93,94,99,96,Health Care,Biotechnology: Pharmaceutical Preparations
PKCPY,PT AKR Corporindo Tbk,0.0,0.0,22,85,38,Energy,Oil & Gas Refining & Marketing
SEPN,"Septerna, Inc.",-4.37,0.97,20,38,93,Health Care,Biotechnology: Pharmaceutical Preparations
VZLA,Vizsla Silver Corp.,-3.51,-12.97,6,9,12,Basic Materials,Precious Metals
CGIFF,Chemtrade Logistics Income Fund,0.93,3.15,99,100,64,Basic Materials,Chemicals
AIOSF,"Atresmedia Corporación de Medios de Comunicación, S.A.",0.0,3.63,45,86,46,Communication Services,Entertainment
SNMSF,Spin Master Corp.,0.0,14.84,100,100,47,Consumer Cyclical,Leisure
OGPIF,OGPIF,0.0,-7.54,7,33,49,Basic Materials,Gold
EYE,"National Vision Holdings, Inc.",-1.33,5.7,82,85,8,Health Care,Ophthalmic Goods
ADTN,"ADTRAN Holdings, Inc.",-7.51,-18.22,0,0,63,Utilities,Telecommunications Equipment
CMP,"Compass Minerals International, Inc.",-1.04,-2.25,25,48,80,Industrials,Mining & Quarrying of Nonmetallic Minerals (No Fuels)
LLESY,Lendlease Group,0.0,21.62,94,100,7,Real Estate,Real Estate - Diversified
CDRE,"Cadre Holdings, Inc.",-2.14,-8.49,21,50,11,Health Care,Industrial Specialties
BCTCF,OSL Group Limited,0.0,0.0,22,85,7,Financial Services,Capital Markets
TAOFF,IperionX Limited,0.0,-21.28,14,21,8,Basic Materials,Other Industrial Metals & Mining
EDN,Empresa Distribuidora y Comercializadora Norte Sociedad Anónima,-3.3,-13.36,4,16,37,Utilities,Electric Utilities: Central
NAK,Northern Dynasty Minerals Ltd.,-4.09,-15.9,4,6,15,Basic Materials,Precious Metals
HROW,"Harrow, Inc.",-1.58,11.05,45,51,56,Health Care,Biotechnology: Pharmaceutical Preparations
GSL,"Global Ship Lease, Inc.",1.87,5.51,100,100,78,Consumer Discretionary,Marine Transportation
DMLP,"Dorchester Minerals, L.P.",1.09,-0.22,88,100,51,Energy,Oil & Gas Production
SPRPY,SPRPY,0.0,0.58,33,94,41,Utilities,Utilities - Regulated Gas
LRCDF,Laurentian Bank of Canada,0.0,-1.02,31,92,56,Financial Services,Banks - Regional
ATLCP,Atlanticus Holdings Corporation,0.21,3.06,52,95,57,Finance,Finance: Consumer Services
AHG,Akso Health Group,-2.63,8.03,72,75,15,Consumer Discretionary,Business Services
SUUIF,Superior Plus Corp.,0.0,-8.43,6,27,50,Utilities,Utilities - Regulated Gas
OCS,Oculis Holding AG,-3.52,19.55,65,71,3,Health Care,Biotechnology: Pharmaceutical Preparations
TWO,Two Harbors Investment Corp.,0.0,0.75,41,88,71,Real Estate,Real Estate Investment Trusts
SATA,"Strive, Inc.",-0.66,-0.46,77,94,56,Financial Services,Asset Management
SNSNF,"Sansan, Inc.",0.0,29.16,89,97,88,Technology,Software - Application
BLGFF,Baillie Gifford US Growth Trust PLC,3.41,-1.52,20,25,94,,
SLCVF,SLCVF,0.0,13.04,81,95,57,Industrials,Engineering & Construction
BIREF,Birchcliff Energy Ltd.,3.2,-4.81,51,85,35,Energy,Oil & Gas E&P
BHRB,Burke & Herbert Financial Services Corp.,0.09,6.06,61,83,59,Finance,Major Banks
UMH,"UMH Properties, Inc.",0.85,1.31,49,87,39,Real Estate,Real Estate Investment Trusts
FINV,FinVolution Group,0.66,-7.68,11,23,12,Finance,Finance: Consumer Services
OMGGF,Omai Gold Mines Corp.,-5.08,7.65,50,64,94,Basic Materials,Gold
SBH,"Sally Beauty Holdings, Inc.",-3.86,8.41,77,88,56,Consumer Discretionary,Other Specialty Stores
CHFHY,China Foods Limited,0.0,5.03,66,92,40,Consumer Defensive,Beverages - Non-Alcoholic
AFYA,Afya Limited,-0.9,-2.2,25,47,31,Real Estate,Other Consumer Services
ALX,"Alexander's, Inc.",0.67,5.74,68,98,70,Real Estate,Real Estate Investment Trusts
YELP,Yelp Inc.,2.13,14.51,93,94,22,Consumer Discretionary,Other Consumer Services
TNGRF,Thungela Resources Limited,3.28,-20.0,29,36,29,Energy,Thermal Coal
PEBO,Peoples Bancorp Inc.,0.31,6.43,69,91,73,Finance,Major Banks
IART,Integra LifeSciences Holdings Corporation,-1.12,6.11,63,85,90,Health Care,Medical/Dental Instruments
WLFC,Willis Lease Finance Corporation,-2.21,12.66,53,62,82,Consumer Discretionary,Industrial Specialties
LEFUF,Leon's Furniture Limited,-1.12,-3.84,0,52,17,Consumer Cyclical,Specialty Retail
KMTS,"Kestra Medical Technologies, Ltd.",-4.73,22.94,64,65,77,Health Care,Medical/Dental Instruments
TMP,Tompkins Financial Corporation,0.03,0.35,31,62,76,Finance,Major Banks
CPPKF,Faraday Copper Corp.,-7.38,-1.27,0,15,97,Basic Materials,Copper
SILXY,Silex Systems Limited,-10.63,-3.88,14,19,28,Technology,Semiconductors
CCO,"Clear Channel Outdoor Holdings, Inc.",0.42,0.42,25,75,83,Consumer Discretionary,Advertising
GSHD,"Goosehead Insurance, Inc.",2.48,48.7,89,91,30,Finance,Specialty Insurers
PRSU,"Pursuit Attractions and Hospitality, Inc.",-1.63,10.91,58,73,87,Consumer Discretionary,Business Services
BLFS,"BioLife Solutions, Inc.",-0.28,5.64,69,84,75,Health Care,Biotechnology: Electromedical & Electrotherapeutic Apparatus
SIFY,Sify Technologies Limited,-4.69,-7.45,20,24,87,Technology,Computer Software: Programming Data Processing
ASA,ASA Gold and Precious Metals Limited,-3.03,-8.37,2,6,36,Industrials,Precious Metals
PKPYY,Pick n Pay Stores Limited,0.0,0.0,22,85,14,Consumer Cyclical,Department Stores
DTTLF,Datatec Limited,0.0,10.06,78,95,97,Technology,Information Technology Services
AVLN,Avalyn Pharma Inc.,-0.78,-0.82,5,12,28,Health Care,Biotechnology: Pharmaceutical Preparations
ABTC,American Bitcoin Corp,-13.78,-57.75,0,0,1,Technology,EDP Services
ATEX,Anterix Inc.,2.37,26.9,84,92,98,Telecommunications,Telecommunications Equipment
CFPZF,Canfor Corporation,-1.04,-3.14,12,41,37,Basic Materials,Lumber & Wood Production
AGTEF,AGTech Holdings Limited,0.0,1.94,75,99,98,Consumer Cyclical,Gambling
PNTG,"The Pennant Group, Inc.",-1.58,21.6,94,100,86,Health Care,Medical/Nursing Services
BFLY,"Butterfly Network, Inc.",1.5,42.61,71,76,97,Health Care,Medical Electronics
CBLNY,Mersen S.A.,0.0,-12.44,5,16,93,Industrials,Electrical Equipment & Parts
SG,"Sweetgreen, Inc.",-1.08,-9.52,31,35,53,Consumer Discretionary,Restaurants
TNDM,"Tandem Diabetes Care, Inc.",5.45,2.85,76,94,21,Health Care,Medical/Dental Instruments
JKS,"JinkoSolar Holding Co., Ltd.",-3.3,-10.96,0,0,5,Technology,Semiconductors
GHM,Graham Corporation,-4.41,-0.29,0,0,89,Industrials,Industrial Machinery/Components
MNKD,MannKind Corporation,-1.22,7.73,40,47,59,Health Care,Biotechnology: Pharmaceutical Preparations
ZBIO,"Zenas BioPharma, Inc.",-2.99,56.98,87,90,90,Health Care,Biotechnology: Pharmaceutical Preparations
AVNS,"Avanos Medical, Inc.",0.0,-0.2,21,83,95,Health Care,Industrial Specialties
CVSGF,CVS Group plc,0.0,-5.44,8,23,28,Healthcare,Medical Care Facilities
BVHMF,Vistry Group PLC,0.86,4.43,36,49,2,Consumer Cyclical,Residential Construction
NDTAF,Northern Data AG,0.0,51.1,100,100,3,Technology,Information Technology Services
OLMA,"Olema Pharmaceuticals, Inc.",-0.5,21.54,75,78,55,Health Care,Biotechnology: Pharmaceutical Preparations
VITBF,VITBF,0.82,-16.01,3,7,2,,
FCELB,"FuelCell Energy, Inc.",0.0,15.12,100,100,89,Industrials,Electrical Equipment & Parts
ENHA,Enhanced Group Inc.,-10.34,-32.99,5,7,1,Consumer Discretionary,Services-Misc. Amusement & Recreation
ELE,Elemental Royalty Corporation,-4.06,4.04,0,12,16,Basic Materials,Precious Metals
TDAY,"USA TODAY Co., Inc.",0.94,11.99,77,85,92,Consumer Discretionary,Newspapers/Magazines
MGRT,Mega Fortune Company Limited,-4.78,8.85,68,82,99,Technology,EDP Services
CIM,Chimera Investment Corporation,-1.75,0.14,16,61,44,Real Estate,Real Estate Investment Trusts
IRPSY,IRPC Public Company Limited,0.0,0.0,22,85,95,Energy,Oil & Gas Refining & Marketing
TTAPY,TTW Public Company Limited,0.0,0.7,22,85,57,Utilities,Utilities - Regulated Water
SDGR,"Schrödinger, Inc.",-0.49,12.4,62,78,48,Health Care,Biotechnology: Pharmaceutical Preparations
TOLWF,Trican Well Service Ltd.,1.29,-10.81,28,38,42,Energy,Oil & Gas Equipment & Services
EKZRF,Eckert & Ziegler SE,0.0,1.24,38,88,38,Healthcare,Medical Devices
MRNFF,Meren Energy Inc.,4.29,-4.58,55,78,49,Energy,Oil & Gas E&P
FHNGY,The Foschini Group Limited,0.0,15.34,83,96,10,Consumer Cyclical,Department Stores
FBAK,First National Bank Alaska,0.94,1.67,50,93,62,Financial Services,Banks - Regional
FPF,First Trust Intermediate Duration Preferred & Income Fund,0.0,1.73,43,88,41,Finance,Trusts Except Educational Religious and Charitable
CEVA,"CEVA, Inc.",-6.21,-6.21,22,31,94,Technology,Computer Software: Programming Data Processing
LGIH,"LGI Homes, Inc.",-2.74,4.28,32,43,78,Consumer Discretionary,Homebuilding
TEN,Tsakos Energy Navigation Limited,-2.09,4.63,51,68,88,Consumer Discretionary,Marine Transportation
ASGTF,Altus Group Limited,-1.44,-1.86,60,77,15,Real Estate,Real Estate Services
MPZZF,MPC Container Ships ASA,2.67,-12.28,18,26,82,Industrials,Marine Shipping
IQ,"iQIYI, Inc.",0.0,9.71,96,100,5,Consumer Discretionary,Consumer Electronics/Video Chains
UVSP,Univest Financial Corporation,0.53,3.95,50,78,80,Finance,Major Banks
SMSSY,"SMS Co., Ltd.",0.0,13.08,96,98,86,Healthcare,Health Information Services
FUBO,FuboTV Inc.,7.08,-6.11,79,83,1,Consumer Discretionary,Movies/Entertainment
COLL,"Collegium Pharmaceutical, Inc.",-1.16,1.4,30,54,30,Health Care,Biotechnology: Pharmaceutical Preparations
UPWK,Upwork Inc.,3.4,7.8,93,98,5,Technology,EDP Services
CCB,Coastal Financial Corporation,0.17,9.18,83,100,12,Finance,Major Banks
LZ,"LegalZoom.com, Inc.",6.48,30.63,100,100,41,Technology,EDP Services
DYLLF,Deep Yellow Limited,-10.6,-8.31,80,83,6,Energy,Uranium
BOPCF,BioPharma Credit PLC,-2.29,0.8,29,17,42,,
MNXBF,"Monex Group, Inc.",0.0,0.12,95,97,1,Financial Services,Capital Markets
MMI,"Marcus & Millichap, Inc.",-0.72,0.43,45,61,56,Finance,Real Estate
FMBL,Farmers & Merchants Bank of Long Beach,-0.0,6.92,85,93,76,Financial Services,Banks - Regional
XERS,"Xeris Biopharma Holdings, Inc.",-2.16,17.75,62,66,77,Health Care,Biotechnology: Pharmaceutical Preparations
IRCUF,Irish Continental Group plc,0.0,-3.77,41,69,44,Industrials,Marine Shipping
APPS,"Digital Turbine, Inc.",-5.78,-1.87,28,35,97,Miscellaneous,Multi-Sector Companies
AZTA,"Azenta, Inc.",2.72,15.98,93,100,25,Technology,Industrial Machinery/Components
ABSI,Absci Corporation,-3.68,56.84,69,71,98,Health Care,Biotechnology: Commercial Physical & Biological Resarch
SAEYY,Redcare Pharmacy NV,0.0,37.27,91,98,54,Healthcare,Pharmaceutical Retailers
KOPN,Kopin Corporation,-6.92,-29.24,0,0,86,Technology,Semiconductors
SMPL,The Simply Good Foods Company,4.23,5.3,73,82,14,Consumer Staples,Packaged Foods
JBIO,"Jade Biosciences, Inc.",1.67,32.46,81,83,92,Health Care,Biotechnology: Pharmaceutical Preparations
MDEVF,Melco International Development Limited,0.0,0.0,22,85,12,Consumer Cyclical,Resorts & Casinos
UVE,"Universal Insurance Holdings, Inc.",1.57,12.42,93,98,86,Finance,Property-Casualty Insurers
CHI,Calamos Convertible Opportunities and Income Fund,-1.27,5.53,70,100,76,Finance,Investment Managers
PLOW,"Douglas Dynamics, Inc.",0.16,-7.39,3,7,69,Industrials,Construction/Ag Equipment/Trucks
CMRF,"CIM Group, Inc.",0.0,-12.09,51,70,99,Real Estate,REIT - Diversified
TOETF,TOETF,0.0,-13.27,4,11,1,Real Estate,Real Estate - Diversified
NLST,"Netlist, Inc.",-2.46,9.88,47,59,98,Technology,Electronics & Computer Distribution
APYRF,Allied Properties Real Estate Investment Trust,0.0,0.18,74,92,10,Real Estate,REIT - Office
TWFG,"TWFG, Inc.",0.66,23.27,98,100,58,Finance,Specialty Insurers
HEPS,D-Market Elektronik Hizmetler ve Ticaret A.S.,-0.34,3.86,90,96,54,Consumer Discretionary,Catalog/Specialty Distribution
CGEM,"Cullinan Therapeutics, Inc.",-1.43,37.67,81,88,94,Health Care,Biotechnology: Biological Products (No Diagnostic Substances)
SDTHF,Sdiptech AB (publ),0.0,0.0,22,85,71,Industrials,Conglomerates
RCKHF,Rockhopper Exploration plc,0.0,1.06,45,89,29,Energy,Oil & Gas E&P
CTYMF,Catalyst Metals Limited,0.0,4.23,40,49,12,Basic Materials,Gold
