ticker,name,daily_pct,one_month_pct,rs_sts_spy,rs_sts_qqq,ibd_rs,sector,industry
NVDA,NVIDIA Corporation,-3.55,-5.04,1,52,32,Technology,Semiconductors
AAPL,Apple Inc,-0.56,16.88,100,100,85,Technology,Computer Manufacturing
AVGO,Broadcom Inc,-2.78,-1.97,48,88,48,Technology,Semiconductors
META,Meta Platforms Inc,-1.31,3.96,17,51,14,Technology,Computer Software: Programming Data Processing
AMD,Advanced Micro Devices,-5.51,-26.05,0,0,95,Technology,Semiconductors
ASMLF,ASML Holding N.V.,-1.85,-22.22,0,2,87,Technology,Semiconductor Equipment & Materials
XOM,ExxonMobil Holdings Corporation,2.42,14.65,100,100,74,Energy,Integrated oil Companies
TCTZF,Tencent Holdings Limited,3.64,3.13,82,100,14,Communication Services,Internet Content & Information
MA,Mastercard Incorporated,0.1,9.86,100,100,48,Consumer Discretionary,Business Services
LRCX,Lam Research Corporation,-6.4,-41.76,0,0,91,Technology,Industrial Machinery/Components
PLTR,Palantir Technologies Inc.,-0.43,5.43,15,61,10,Technology,Computer Software: Prepackaged Software
CVX,Chevron Corporation,2.28,15.75,99,100,65,Energy,Integrated oil Companies
AMAT,"Applied Materials, Inc.",-8.4,-39.63,0,0,93,Technology,Semiconductors
KO,The Coca-Cola Company,0.92,9.61,100,100,76,Consumer Staples,Beverages (Production/Distribution)
RHHBY,Roche Holding AG,-2.74,7.05,90,96,69,Healthcare,Drug Manufacturers - General
RHHBF,Roche Holding AG,-0.14,6.56,100,100,59,Healthcare,Drug Manufacturers - General
ACGBY,Agricultural Bank of China Limited,1.41,18.33,100,100,58,Financial Services,Banks - Diversified
BABAF,Alibaba Group Holding Limited,0.17,14.4,86,94,11,Consumer Cyclical,Internet Retail
CYATY,CYATY,2.24,-12.56,37,71,32,Industrials,Electrical Equipment & Parts
CICHY,China Construction Bank Corporation,0.17,17.38,100,100,61,Financial Services,Banks - Diversified
CICHF,China Construction Bank Corporation,-6.84,5.85,64,75,59,Financial Services,Banks - Diversified
SFTBF,SoftBank Group Corp.,-8.26,-24.77,0,0,5,Communication Services,Telecom Services
NVS,Novartis AG,-0.64,1.35,100,100,70,Health Care,Biotechnology: Pharmaceutical Preparations
SFTBY,SoftBank Group Corp.,-8.87,-24.65,0,0,38,Communication Services,Telecom Services
NVSEF,Novartis AG,5.68,3.35,100,100,68,Healthcare,Drug Manufacturers - General
BACHY,Bank of China Limited,-0.81,11.59,100,100,68,Financial Services,Banks - Diversified
KLAC,KLA Corporation,-10.8,-43.59,0,0,78,Technology,Electronic Components
TOYOF,Toyota Motor Corporation,5.91,11.83,100,100,26,Consumer Cyclical,Auto Manufacturers
LRLCF,L'Oréal S.A.,1.32,-3.9,61,92,35,Consumer Defensive,Household & Personal Products
SMAWF,Siemens Aktiengesellschaft,0.12,-2.4,79,100,47,Industrials,Specialty Industrial Machinery
PANW,"Palo Alto Networks, Inc.",-1.52,-7.88,2,38,94,Technology,Computer peripheral equipment
BHP,BHP Group Limited,-0.81,-0.24,100,100,82,Energy,Coal Mining
AXP,American Express Company,-1.52,-1.73,32,71,38,Finance,Finance: Consumer Services
SAP,SAP SE,3.81,20.69,100,100,17,Technology,Computer Software: Prepackaged Software
APP,AppLovin Corporation,-4.49,-22.47,8,15,14,Technology,Computer Software: Programming Data Processing
ADI,"Analog Devices, Inc.",-3.41,-11.03,0,23,74,Technology,Semiconductors
HESAF,Hermès International Société en commandite par actions,-7.16,-5.67,0,44,9,Consumer Cyclical,Luxury Goods
CMWAY,Commonwealth Bank of Australia,-1.86,7.64,97,100,50,Financial Services,Banks - Diversified
PEP,"PepsiCo, Inc.",0.45,5.98,100,100,31,Consumer Staples,Beverages (Production/Distribution)
IDEXF,"Industria de Diseño Textil, S.A.",-0.35,1.83,82,100,56,Consumer Cyclical,Apparel Retail
ABLZF,ABB Ltd,-0.71,-14.5,6,17,63,Industrials,Electrical Equipment & Parts
RIO,Rio Tinto Group,2.2,-1.34,100,100,69,Basic Materials,Metal Mining
TMO,TMO,0.01,14.98,100,100,59,Industrials,Industrial Machinery/Components
AMGN,Amgen Inc.,-1.39,7.05,100,100,74,Health Care,Biotechnology: Biological Products (No Diagnostic Substances)
RTPPF,Rio Tinto Group,5.23,-1.4,100,100,70,Basic Materials,Other Industrial Metals & Mining
DIS,DIS,-0.41,2.32,100,100,22,Consumer Discretionary,Services-Misc. Amusement & Recreation
TJX,"The TJX Companies, Inc.",0.52,6.69,100,100,60,Consumer Discretionary,Clothing/Shoe/Accessory Stores
ALIZY,Allianz SE,-1.3,3.2,100,100,70,Financial Services,Insurance - Diversified
EADSY,Airbus SE,-4.04,4.33,75,85,56,Industrials,Aerospace & Defense
SMEGF,Siemens Energy AG,-0.63,-18.28,4,10,43,Industrials,Specialty Industrial Machinery
DTEGY,Deutsche Telekom AG,-0.19,14.99,100,100,30,Communication Services,Telecom Services
FRCOF,"Fast Retailing Co., Ltd.",2.62,-4.52,60,85,81,Consumer Cyclical,Apparel Retail
GLW,Corning Incorporated,-1.56,-51.43,0,1,81,Industrials,Telecommunications Equipment
SHOP,Shopify Inc.,-0.85,13.13,100,100,30,Technology,Computer Software: Prepackaged Software
IBDSF,"Iberdrola, S.A.",-0.54,-4.16,56,100,60,Utilities,Utilities - Diversified
RYCEY,Rolls-Royce Holdings plc,-1.59,-3.74,42,100,75,Industrials,Aerospace & Defense
TOELY,Tokyo Electron Limited,-9.58,-38.27,0,0,80,Technology,Semiconductor Equipment & Materials
SAFRY,Safran SA,-0.25,-1.06,77,100,69,Industrials,Aerospace & Defense
HTHIY,"Hitachi, Ltd.",7.91,16.49,100,100,42,Industrials,Conglomerates
WELL,Welltower Inc.,-1.02,6.22,69,92,82,Real Estate,Real Estate Investment Trusts
UBER,"Uber Technologies, Inc.",0.65,-1.33,78,100,17,Consumer Discretionary,Business Services
CIHHF,"China Merchants Bank Co., Ltd.",0.0,9.85,94,100,32,Financial Services,Banks - Regional
DBSDY,DBS Group Holdings Ltd,0.92,14.1,100,100,88,Financial Services,Banks - Regional
COP,ConocoPhillips,3.47,13.56,96,100,64,Energy,Integrated oil Companies
PLDGP,"Prologis, Inc.",0.0,-2.93,73,100,34,Real Estate,REIT - Industrial
BBVXF,"Banco Bilbao Vizcaya Argentaria, S.A.",-1.35,2.16,96,100,79,Financial Services,Banks - Diversified
BTAFF,British American Tobacco p.l.c.,-0.05,1.52,89,100,60,Consumer Defensive,Tobacco
BKNG,Booking Holdings Inc.,1.0,12.94,100,100,43,Consumer Discretionary,Transportation Services
NOW,"ServiceNow, Inc.",4.65,16.6,100,100,24,Technology,Computer Software: Prepackaged Software
CFRUY,Compagnie Financière Richemont SA,-3.35,-0.22,65,89,75,Consumer Cyclical,Luxury Goods
IFNNF,Infineon Technologies AG,-5.44,-33.06,0,0,77,Technology,Semiconductors
IFNNY,Infineon Technologies AG,-6.5,-34.13,0,0,80,Technology,Semiconductors
KYCCF,Keyence Corporation,0.64,-9.84,54,86,64,Technology,Scientific & Technical Instruments
VRT,Vertiv Holdings Co,-17.26,-33.39,0,0,52,Technology,Industrial Machinery/Components
PDD,PDD Holdings Inc.,3.05,15.78,100,100,12,Technology,EDP Services
ENNPF,Enbridge Inc.,-0.08,0.25,83,100,51,Energy,Oil & Gas Midstream
ZIJMF,Zijin Mining Group Company Limited,0.94,27.1,90,100,47,Basic Materials,Gold
ENB,Enbridge Inc.,-0.2,1.72,76,100,66,Energy,Natural Gas Distribution
ADTTF,Advantest Corporation,14.47,-14.71,49,61,90,Technology,Semiconductor Equipment & Materials
NEM,Newmont Corporation,-0.2,-2.21,48,100,34,Basic Materials,Precious Metals
BMY,Bristol-Myers Squibb Company,-0.79,10.75,100,100,77,Health Care,Biotechnology: Pharmaceutical Preparations
CVS,CVS Health Corporation,-3.13,3.02,81,92,90,Consumer Staples,Retail-Drug Stores and Proprietary Stores
ACN,Accenture plc,5.17,40.83,100,100,11,Consumer Discretionary,Business Services
ENLAY,Enel SpA,0.09,0.64,100,100,55,Utilities,Utilities - Diversified
PGR,The Progressive Corporation,0.21,0.75,71,100,47,Finance,Property-Casualty Insurers
AAGIY,AIA Group Limited,-1.04,8.77,100,100,35,Financial Services,Insurance - Life
BP,BP p.l.c.,3.96,17.24,99,100,65,Energy,Integrated oil Companies
PH,Parker-Hannifin Corporation,-4.03,-2.77,57,81,58,Industrials,Metal Fabrications
BPAQF,BP p.l.c.,2.29,20.0,94,100,62,Energy,Oil & Gas Integrated
ZFSVF,Zurich Insurance Group AG,-0.18,1.23,81,100,50,Financial Services,Insurance - Diversified
CEG,Constellation Energy Corporation,-0.72,3.86,65,85,12,Utilities,Electric Utilities: Central
HWM,Howmet Aerospace Inc.,-4.63,1.46,47,79,80,Industrials,Metal Fabrications
BAMGF,Brookfield Corporation,0.0,0.0,84,100,65,Financial Services,Asset Management
FTNT,"Fortinet, Inc.",2.16,-0.26,39,94,95,Technology,Computer peripheral equipment
CME,CME Group Inc.,2.09,20.2,100,100,31,Finance,Investment Bankers/Brokers/Service
FDX,FDX,-1.29,-1.44,62,100,81,Consumer Discretionary,Air Freight/Delivery Services
SHECY,"Shin-Etsu Chemical Co., Ltd.",-4.0,-20.26,0,0,33,Basic Materials,Chemicals
AXAHY,AXA SA,-0.69,2.71,100,100,66,Financial Services,Insurance - Diversified
MDT,Medtronic plc,0.76,11.9,100,100,35,Health Care,Biotechnology: Electromedical & Electrotherapeutic Apparatus
CHDRF,Christian Dior SE,0.0,-9.59,0,52,17,Consumer Cyclical,Luxury Goods
ESLOY,EssilorLuxottica Société anonyme,-3.52,-0.31,39,83,7,Healthcare,Medical Instruments & Supplies
ITOCF,ITOCHU Corporation,-2.39,1.03,86,97,4,Industrials,Conglomerates
MITSY,"Mitsui & Co., Ltd.",-0.56,8.07,97,100,44,Industrials,Conglomerates
SBKFF,State Bank of India,-6.28,-6.13,0,34,20,Financial Services,Banks - Regional
INGVF,ING Groep N.V.,0.0,7.64,98,100,84,Financial Services,Banks - Diversified
AEM,Agnico Eagle Mines Limited,0.5,-6.9,61,100,15,Basic Materials,Precious Metals
UPS,UPS,-0.92,-2.73,6,38,52,Industrials,Trucking Freight/Courier Services
PROSF,Prosus N.V.,8.05,-2.44,90,100,11,Consumer Cyclical,Internet Retail
ATLPF,Atlas Copco AB (publ),0.0,-2.02,96,100,78,Industrials,Specialty Industrial Machinery
ATLCY,Atlas Copco AB (publ),-1.88,0.17,73,96,59,Industrials,Specialty Industrial Machinery
CMI,Cummins Inc.,-5.55,-15.03,0,0,73,Industrials,Industrial Machinery/Components
MGCLY,MGCLY,1.22,18.68,100,100,73,Consumer Cyclical,"Furnishings, Fixtures & Appliances"
ADP,"Automatic Data Processing, Inc.",3.48,22.07,100,100,65,Industrials,Diversified Commercial Services
ING,ING,-2.31,3.6,76,98,78,Finance,Commercial Banks
BCMXY,"Bank of Communications Co., Ltd.",0.0,3.11,100,100,30,Financial Services,Banks - Diversified
AMT,American Tower Corporation,4.52,9.59,100,100,30,Real Estate,Real Estate Investment Trusts
SNPMF,China Petroleum & Chemical Corporation,9.62,14.0,93,100,36,Energy,Oil & Gas Integrated
MNST,Monster Beverage Corporation,-0.52,1.15,100,100,86,Consumer Staples,Beverages (Production/Distribution)
NET,"Cloudflare, Inc.",2.38,10.23,92,100,83,Technology,Computer Software: Prepackaged Software
USB,U.S. Bancorp,-2.5,4.01,83,95,75,Finance,Major Banks
WM,"Waste Management, Inc.",-1.17,6.16,100,100,48,Utilities,Environmental Services
BCLYF,Barclays PLC,-4.18,-5.73,2,36,70,Financial Services,Banks - Diversified
AMXOF,"América Móvil, S.A.B. de C.V.",0.0,25.34,73,84,93,Communication Services,Telecom Services
OVCHY,Oversea-Chinese Banking Corporation Limited,2.41,19.68,100,100,93,Financial Services,Banks - Regional
NABZY,National Australia Bank Limited,-1.46,8.65,100,100,44,Financial Services,Banks - Diversified
CHGCY,"Chugai Pharmaceutical Co., Ltd.",-0.16,-7.19,34,73,16,Healthcare,Drug Manufacturers - General
NXPI,NXP Semiconductors N.V.,-7.0,-14.25,0,0,50,Technology,Semiconductors
LLDTF,Lloyds Banking Group plc,0.0,-3.45,25,56,68,Financial Services,Banks - Regional
RACE,Ferrari N.V.,-1.14,3.6,100,100,41,Industrials,Auto Manufacturing
BAESF,BAE Systems plc,2.06,12.34,100,100,45,Industrials,Aerospace & Defense
NTTYY,"NTT, Inc.",2.31,9.76,100,100,33,Communication Services,Telecom Services
MMM,3M Company,-2.48,9.91,94,98,68,Health Care,Medical/Dental Instruments
EPD,Enterprise Products Partners L.P.,0.1,5.2,100,100,68,Utilities,Natural Gas Distribution
MCO,Moody's Corporation,-0.2,6.69,54,94,36,Finance,Finance: Consumer Services
AMX,"América Móvil, S.A.B. de C.V.",-3.27,-3.16,11,85,60,Telecommunications,Telecommunications Equipment
MRSH,"Marsh & McLennan Companies, Inc.",2.81,19.22,100,100,56,Finance,Specialty Insurers
ENGQF,Engie SA,-4.08,-6.75,0,36,54,Utilities,Utilities - Diversified
ANZGY,ANZ Group Holdings Limited,-0.53,6.59,100,100,58,Financial Services,Banks - Diversified
SHW,The Sherwin-Williams Company,-2.93,-0.13,88,94,43,Consumer Discretionary,RETAIL: Building Materials
APO,"Apollo Global Management, Inc.",-3.95,1.23,59,83,24,Finance,Investment Managers
VLO,Valero Energy Corporation,0.82,15.7,86,100,94,Energy,Integrated oil Companies
CL,Colgate-Palmolive Company,0.82,2.56,100,100,61,Consumer Discretionary,Package Goods/Cosmetics
ORLY,"O'Reilly Automotive, Inc.",-0.59,-1.59,100,100,27,Consumer Discretionary,Auto & Home Supply Stores
B,B,-0.9,-1.01,70,100,53,Basic Materials,Precious Metals
EOG,"EOG Resources, Inc.",4.51,13.33,100,100,76,Energy,Oil & Gas Production
PSX,Phillips 66,0.47,22.34,100,100,90,Energy,Integrated oil Companies
F,Ford Motor Company,2.14,9.93,100,100,76,Industrials,Auto Manufacturing
TRP,TC Energy Corporation,-0.61,1.49,56,88,76,Utilities,Natural Gas Distribution
KMI,KMI,0.76,-0.38,65,100,60,Utilities,Natural Gas Distribution
AEP,"American Electric Power Company, Inc.",-2.72,-5.42,26,82,52,Utilities,Electric Utilities: Central
CTAS,Cintas Corporation,0.76,27.31,100,100,65,Industrials,Garments and Clothing
VALE,Vale S.A.,-0.34,-2.59,97,100,60,Basic Materials,Metal Mining
WBD,"Warner Bros. Discovery, Inc.",0.12,-3.83,40,100,69,Consumer Discretionary,Services-Misc. Amusement & Recreation
MSI,"Motorola Solutions, Inc.",-1.39,4.55,100,100,40,Technology,Radio And Television Broadcasting And Communications Equipment
DHLGY,Deutsche Post AG,-0.15,7.63,100,100,83,Industrials,Integrated Freight & Logistics
SPG,SPG,-0.46,5.35,100,100,83,Real Estate,Real Estate Investment Trusts
DPSTF,Deutsche Post AG,0.25,9.02,100,100,79,Industrials,Integrated Freight & Logistics
WFAFY,Wesfarmers Limited,-0.19,-0.22,73,100,64,Consumer Cyclical,Home Improvement Retail
HKXCY,Hong Kong Exchanges and Clearing Limited,0.14,12.12,100,100,30,Financial Services,Financial Data & Stock Exchanges
FIX,FIX,-6.54,-23.31,0,0,87,Industrials,Engineering & Construction
MFC,Manulife Financial Corporation,-1.61,8.42,99,100,79,Finance,Life Insurance
MQBKY,Macquarie Group Limited,-2.56,1.32,80,95,68,Financial Services,Capital Markets
TEL,TE Connectivity plc,-3.43,2.65,79,89,29,Technology,Electronic Components
APD,"Air Products and Chemicals, Inc.",0.48,1.0,44,100,48,Basic Materials,Major Chemicals
RSG,RSG,1.05,3.04,100,100,37,Utilities,Environmental Services
STMEF,STMicroelectronics N.V.,-2.0,-31.75,0,0,92,Technology,Semiconductors
WPM,Wheaton Precious Metals Corp.,-0.11,-2.55,68,100,27,Basic Materials,Precious Metals
TFC,Truist Financial Corporation,-1.28,5.0,100,100,58,Finance,Major Banks
CRWV,"CoreWeave, Inc.",-9.63,-38.9,0,0,2,Technology,Computer Software: Prepackaged Software
D,"Dominion Energy, Inc.",-0.1,3.31,98,100,69,Utilities,Electric Utilities: Central
LHX,"L3Harris Technologies, Inc.",-2.51,2.39,90,96,29,Industrials,Industrial Machinery/Components
TER,"Teradyne, Inc.",-0.39,-33.98,6,20,96,Industrials,Electrical Products
CRARY,Crédit Agricole S.A.,-1.51,4.81,100,100,61,Financial Services,Banks - Regional
GWW,"W.W. Grainger, Inc.",-2.86,-0.11,70,92,80,Industrials,Office Equipment/Supplies/Services
RELX,RELX PLC,1.24,20.71,100,100,28,Consumer Discretionary,Business Services
MPNGY,Meituan,0.04,31.9,100,100,30,Consumer Cyclical,Internet Retail
TGT,Target Corporation,1.18,11.71,100,100,86,Consumer Discretionary,Department/Specialty Retail Stores
THLLY,Thales S.A.,-1.13,8.9,100,100,38,Industrials,Aerospace & Defense
O,Realty Income Corporation,-0.29,5.78,100,100,58,Real Estate,Real Estate Investment Trusts
RLXXF,RELX PLC,1.2,20.98,100,100,27,Industrials,Specialty Business Services
THLEF,Thales S.A.,5.1,10.87,100,100,41,Industrials,Aerospace & Defense
SSUMF,Sumitomo Corporation,1.76,-0.81,55,86,1,Industrials,Conglomerates
STRF,Strategy Inc,0.6,4.57,100,100,32,Technology,Computer Software: Prepackaged Software
STRK,Strategy Inc,0.7,6.94,100,100,10,Technology,Computer Software: Prepackaged Software
ANFGF,Antofagasta plc,2.2,-4.48,51,100,77,Basic Materials,Copper
MPLX,MPLX LP,-2.38,2.59,87,97,62,Energy,Natural Gas Distribution
CMPGF,Compass Group PLC,3.81,1.69,100,100,48,Consumer Cyclical,Restaurants
FNCTF,Orange S.A.,2.83,0.56,100,100,66,Communication Services,Telecom Services
CMPGY,Compass Group PLC,-0.55,0.65,100,100,48,Consumer Cyclical,Restaurants
FKURF,Fujikura Ltd.,-13.75,-45.66,0,0,99,Industrials,Conglomerates
VWAGY,Volkswagen AG,2.05,6.75,100,100,14,Consumer Cyclical,Auto Manufacturers
DAL,"Delta Air Lines, Inc.",-3.49,-7.68,54,86,87,Consumer Discretionary,Air Freight/Delivery Services
SCGLY,Société Générale Société anonyme,-0.17,-1.46,96,100,74,Financial Services,Banks - Regional
MET,"MetLife, Inc.",-0.48,14.67,100,100,79,Finance,Life Insurance
ALL,The Allstate Corporation,0.72,15.32,100,100,87,Finance,Property-Casualty Insurers
OKE,"ONEOK, Inc.",1.35,3.52,74,99,64,Utilities,Oil & Gas Production
GWLIF,Great-West Lifeco Inc.,-2.0,0.71,90,100,89,Financial Services,Insurance - Life
CTVA,"Corteva, Inc.",1.75,6.87,100,100,78,Consumer Staples,Farming/Seeds/Milling
BAMXF,Bayerische Motoren Werke Aktiengesellschaft,0.0,-5.34,29,61,4,Consumer Cyclical,Auto Manufacturers
CBRS,Cerebras Systems Inc.,-12.11,-23.35,0,11,2,Technology,Semiconductors
CVE,Cenovus Energy Inc.,5.1,17.17,95,100,91,Energy,Oil & Gas Production
SDVKF,Sandvik AB (publ),0.0,-11.75,19,54,50,Industrials,Specialty Industrial Machinery
ARGNF,argenx SE,0.0,-3.89,12,58,69,Healthcare,Biotechnology
ARGX,argenx SE,1.18,-4.87,58,94,68,Health Care,Biotechnology: Biological Products (No Diagnostic Substances)
BFFAF,BASF SE,2.07,8.24,100,100,48,Basic Materials,Chemicals
MCHP,Microchip Technology Incorporated,-5.73,-21.74,0,0,31,Technology,Semiconductors
NTDOF,"Nintendo Co., Ltd.",6.85,13.42,100,100,9,Communication Services,Electronic Gaming & Multimedia
SDVKY,Sandvik AB (publ),-0.86,-13.52,26,50,47,Industrials,Specialty Industrial Machinery
EA,Electronic Arts Inc.,0.02,1.89,100,100,56,Consumer Discretionary,Services-Misc. Amusement & Recreation
TTDKF,TDK Corporation,-9.93,-28.42,0,0,98,Technology,Electronic Components
CTPCF,CITIC Limited,0.0,0.0,100,100,29,Industrials,Conglomerates
ETR,Entergy Corporation,-4.03,-6.16,0,52,54,Utilities,Electric Utilities: Central
EW,Edwards Lifesciences Corporation,2.49,-5.2,38,72,49,Health Care,Industrial Specialties
DRPRY,Dr. Ing. h.c. F. Porsche AG,0.4,1.4,64,100,45,Consumer Cyclical,Auto Manufacturers
CCJ,Cameco Corporation,-2.75,-16.97,10,43,13,Basic Materials,Other Metals and Minerals
TTDKY,TDK Corporation,-7.08,-25.49,0,0,60,Technology,Electronic Components
FER,Ferrovial N.V.,1.25,-8.85,31,92,34,Industrials,Military/Government/Technical
CRZBY,Commerzbank AG,-1.5,-0.12,61,100,59,Financial Services,Banks - Regional
AMSYF,ArcelorMittal S.A.,0.0,4.4,100,100,92,Basic Materials,Steel
UOVEF,United Overseas Bank Limited,0.0,18.4,100,100,75,Financial Services,Banks - Regional
MDLN,Medline Inc.,-1.06,1.62,63,99,23,Health Care,Medical/Dental Instruments
RWNFF,RWE Aktiengesellschaft,-0.14,-1.28,37,86,63,Utilities,Utilities - Diversified
LNG,"Cheniere Energy, Inc.",2.55,8.2,66,94,58,Utilities,Oil/Gas Transmission
LGRVF,Legrand SA,0.0,-5.04,49,100,30,Industrials,Electrical Equipment & Parts
FANUF,Fanuc Corporation,1.1,-9.01,18,58,52,Industrials,Specialty Industrial Machinery
CAH,"Cardinal Health, Inc.",-1.46,-3.34,74,100,77,Health Care,Other Pharmaceuticals
DGEAF,Diageo plc,1.4,9.96,100,100,38,Consumer Defensive,Beverages - Wineries & Distilleries
BIDU,"Baidu, Inc.",0.33,-7.89,16,52,18,Technology,Computer Software: Programming Data Processing
GPDNF,Danone S.A.,0.71,-0.04,67,100,35,Consumer Defensive,Packaged Foods
ERIXF,Telefonaktiebolaget LM Ericsson (publ),0.0,-12.01,25,55,33,Technology,Communication Equipment
FITBO,Fifth Third Bancorp,0.14,-0.06,26,100,35,Finance,Major Banks
FITBI,Fifth Third Bancorp,0.04,0.04,84,100,36,Finance,Major Banks
LGRDY,Legrand SA,-0.37,-13.02,11,31,21,Industrials,Electrical Equipment & Parts
CODYY,Compagnie de Saint-Gobain S.A.,-0.97,-52.31,4,9,1,Industrials,Building Products & Equipment
GFS,GLOBALFOUNDRIES Inc.,-3.98,-42.88,0,0,39,Technology,Semiconductors
LZAGF,Lonza Group AG,2.47,3.92,94,100,42,Healthcare,Diagnostics & Research
CLS,Celestica Inc.,-6.22,-9.97,57,75,67,Technology,Electrical Products
CODGF,Compagnie de Saint-Gobain S.A.,2.97,-3.09,64,100,19,Industrials,Building Products & Equipment
ASTS,"AST SpaceMobile, Inc.",-6.22,-40.32,0,5,7,Consumer Discretionary,Telecommunications Equipment
ANYYY,"Aena S.M.E., S.A.",-2.92,-1.06,57,90,54,Industrials,Airports & Air Services
CNSWY,CNSWY,7.14,10.01,100,100,26,Technology,Software - Application
STT,State Street Corporation,-3.58,4.31,59,87,87,Finance,Major Banks
HEINY,Heineken N.V.,1.41,9.41,100,100,67,Consumer Defensive,Beverages - Brewers
VTR,"Ventas, Inc.",-0.43,10.05,87,100,82,Real Estate,Real Estate Investment Trusts
WOPEF,Woodside Energy Group Ltd,0.0,14.53,100,100,80,Energy,Oil & Gas E&P
WDS,Woodside Energy Group Ltd,4.92,20.24,100,100,78,Energy,Oil & Gas Production
TTWO,"Take-Two Interactive Software, Inc.",-0.48,-1.42,79,100,51,Consumer Discretionary,Services-Misc. Amusement & Recreation
PPCCY,PICC Property and Casualty Company Limited,7.02,17.27,100,100,61,Financial Services,Insurance - Property & Casualty
SWDBY,Swedbank AB (publ),0.26,3.26,100,100,78,Financial Services,Banks - Regional
HOCFF,HOCHTIEF Aktiengesellschaft,1.64,-15.42,17,33,87,Industrials,Engineering & Construction
BAYZF,Bayer Aktiengesellschaft,1.78,-2.29,26,63,86,Healthcare,Drug Manufacturers - General
SWDBF,Swedbank AB (publ),0.08,6.01,100,100,71,Financial Services,Banks - Regional
YUM,"Yum! Brands, Inc.",1.09,-4.97,42,77,40,Consumer Discretionary,Restaurants
TEVA,Teva Pharmaceutical Industries Limited,9.6,2.45,100,100,90,Health Care,Biotechnology: Pharmaceutical Preparations
RBGPF,Reckitt Benckiser Group plc,4.86,5.49,100,100,29,Consumer Defensive,Household & Personal Products
CCEP,Coca-Cola Europacific Partners PLC,-0.31,11.02,100,100,71,Consumer Staples,Beverages (Production/Distribution)
CCI,Crown Castle Inc.,4.41,4.44,100,100,18,Real Estate,Real Estate Investment Trusts
SSEZF,SSE plc,0.0,2.38,35,67,45,Utilities,Utilities - Diversified
MSADY,"MS&AD Insurance Group Holdings, Inc.",0.03,17.63,100,100,83,Financial Services,Insurance - Property & Casualty
HSY,The Hershey Company,0.28,4.82,100,100,36,Consumer Staples,Specialty Foods
RBGLY,Reckitt Benckiser Group plc,4.56,10.22,100,100,38,Consumer Defensive,Household & Personal Products
PEG,Public Service Enterprise Group Incorporated,-1.52,-4.2,51,100,29,Utilities,Power Generation
CCL,Carnival Corporation Ltd.,-1.49,-2.66,97,100,36,Consumer Discretionary,Marine Transportation
JBL,Jabil Inc.,-5.22,-25.51,0,1,58,Technology,Electrical Products
TRI,Thomson Reuters Corporation,2.95,30.21,100,100,22,Consumer Discretionary,Publishing
LNVGF,Lenovo Group Limited,-1.67,-0.68,75,90,97,Technology,Computer Hardware
IRM,Iron Mountain Incorporated,-3.94,-4.4,57,81,70,Real Estate,Real Estate Investment Trusts
EQBBF,EQT AB (publ),0.0,16.28,92,100,60,Financial Services,Asset Management
SSEZY,SSE plc,-1.16,-3.58,16,82,45,Utilities,Utilities - Diversified
MSADF,"MS&AD Insurance Group Holdings, Inc.",7.36,15.73,100,100,85,Financial Services,Insurance - Property & Casualty
STLD,"Steel Dynamics, Inc.",-2.85,9.97,92,96,90,Industrials,Steel/Iron Ore
KMTUY,Komatsu Ltd.,4.49,10.99,100,100,59,Industrials,Farm & Heavy Construction Machinery
PBCRF,PT Bank Central Asia Tbk,0.0,11.58,48,66,10,Financial Services,Banks - Regional
EME,"EMCOR Group, Inc.",-4.72,-18.92,0,0,19,Industrials,Engineering & Construction
FJTSY,Fujitsu Limited,3.45,17.61,100,100,37,Technology,Information Technology Services
WEGZY,WEG S.A.,0.86,-0.46,100,100,52,Industrials,Electrical Equipment & Parts
JPPHY,"Japan Post Holdings Co., Ltd.",0.0,25.94,100,100,94,Financial Services,Banks - Regional
PPRUF,Kering SA,21.58,10.48,100,100,64,Consumer Cyclical,Luxury Goods
WEC,WEC,-2.04,-4.69,31,91,36,Utilities,Power Generation
FINMF,Leonardo S.p.a.,-1.43,16.24,98,100,36,Industrials,Aerospace & Defense
KMTUF,Komatsu Ltd.,-0.19,8.43,100,100,53,Industrials,Farm & Heavy Construction Machinery
PCG,PG&E Corporation,-0.39,5.29,100,100,64,Utilities,Power Generation
VODPF,Vodafone Group Public Limited Company,-3.23,7.14,86,93,61,Communication Services,Telecom Services
HMC,HMC,1.32,13.17,100,100,54,Industrials,Auto Manufacturing
ADDDF,adidas AG,4.97,0.53,83,100,64,Consumer Cyclical,Footwear & Accessories
BKHPF,Bank Hapoalim B.M.,0.0,-14.66,10,43,53,Financial Services,Banks - Regional
TEVJF,Teva Pharmaceutical Industries Limited,0.0,-6.39,15,39,83,Healthcare,Drug Manufacturers - Specialty & Generic
AMKAF,A.P. Møller - Mærsk A/S,0.0,10.8,100,100,60,Industrials,Marine Shipping
DLMAF,Dollarama Inc.,0.0,-0.94,90,100,38,Consumer Defensive,Discount Stores
CBOE,"Cboe Global Markets, Inc.",3.5,26.84,100,100,65,Finance,Investment Bankers/Brokers/Service
HIG,"The Hartford Insurance Group, Inc.",1.58,9.93,100,100,61,Finance,Property-Casualty Insurers
PAYX,"Paychex, Inc.",2.74,25.5,100,100,68,Industrials,Diversified Commercial Services
BBD,Banco Bradesco S.A.,-2.21,4.13,70,99,44,Finance,Major Banks
SMPNY,"Sompo Holdings, Inc.",0.58,17.05,100,100,86,Financial Services,Insurance - Property & Casualty
NTAP,"NetApp, Inc.",-0.74,12.27,100,100,94,Technology,Electronic Components
DNZOF,DENSO Corporation,15.79,16.16,100,100,51,Consumer Cyclical,Auto Parts
GVDNY,Givaudan SA,0.26,-4.76,42,89,42,Basic Materials,Specialty Chemicals
TRAUF,Transurban Group,0.0,-3.55,89,100,54,Industrials,Infrastructure Operations
CHT,"Chunghwa Telecom Co., Ltd.",-0.25,1.29,100,100,43,Telecommunications,Telecommunications Equipment
BKHYY,Bank Hapoalim B.M.,-3.1,-0.16,41,79,39,Financial Services,Banks - Regional
RVMD,"Revolution Medicines, Inc.",-1.6,-3.4,54,86,98,Health Care,Biotechnology: Biological Products (No Diagnostic Substances)
KVUE,Kenvue Inc.,0.2,3.56,100,100,64,Consumer Discretionary,Specialty Chemicals
HBANZ,Huntington Bancshares Incorporated,-0.45,0.36,100,100,27,Finance,Major Banks
CSLLY,CSL Limited,5.27,10.62,100,100,9,Healthcare,Biotechnology
NTR,Nutrien Ltd.,1.63,12.14,100,100,52,Industrials,Agricultural Chemicals
ROP,"Roper Technologies, Inc.",4.39,20.89,100,100,36,Technology,Computer Software: Programming Data Processing
HVRRF,Hannover Rück SE,0.0,0.0,84,100,23,Financial Services,Insurance - Reinsurance
BMPSY,BMPSY,0.1,3.37,89,100,75,Financial Services,Banks - Regional
HVRRY,Hannover Rück SE,-0.33,5.72,100,100,39,Financial Services,Insurance - Reinsurance
HAL,Halliburton Company,-0.13,-8.13,12,31,38,Energy,Oilfield Services/Equipment
TCKRF,Teck Resources Limited,-2.78,-4.88,67,93,73,Basic Materials,Other Industrial Metals & Mining
EL,EL,-0.73,6.56,100,100,25,Consumer Discretionary,Package Goods/Cosmetics
RPRX,Royalty Pharma plc,-1.32,5.55,100,100,89,Health Care,Biotechnology: Pharmaceutical Preparations
GASNY,"Naturgy Energy Group, S.A.",0.0,10.88,100,100,58,Utilities,Utilities - Regulated Gas
PUTRY,PTT Public Company Limited,0.0,0.0,84,100,38,Energy,Oil & Gas Integrated
CKHGY,Capitec Bank Holdings Limited,1.33,-4.55,54,100,66,Financial Services,Banks - Regional
KBGGY,Kongsberg Gruppen ASA,-0.39,1.19,60,93,54,Industrials,Aerospace & Defense
ACGLN,Arch Capital Group Ltd.,-0.24,0.18,100,100,31,Finance,Property-Casualty Insurers
SVNDF,"Seven & i Holdings Co., Ltd.",0.0,5.02,79,100,28,Consumer Defensive,Grocery Stores
TCOM,Trip.com Group Limited,1.52,15.46,100,100,9,Consumer Discretionary,Business Services
EXPGY,Experian plc,2.59,21.64,100,100,35,Industrials,Consulting Services
SZLMY,Swiss Life Holding AG,-0.66,3.95,87,100,50,Financial Services,Insurance - Diversified
NTRSO,Northern Trust Corporation,-0.03,-1.84,84,100,30,Finance,Major Banks
HENOF,Henkel AG & Co. KGaA,1.34,12.1,95,100,46,Consumer Defensive,Household & Personal Products
EXR,Extra Space Storage Inc.,0.42,5.2,100,100,53,Real Estate,Real Estate Investment Trusts
WOLWF,Woolworths Group Limited,-3.42,-3.42,0,80,85,Consumer Defensive,Grocery Stores
VICI,VICI Properties Inc.,0.11,2.18,100,100,26,Real Estate,Real Estate Investment Trusts
EXPGF,Experian plc,4.21,23.3,100,100,35,Industrials,Consulting Services
EC,Ecopetrol S.A.,3.6,15.17,100,100,92,Energy,Oil & Gas Production
AEE,Ameren Corporation,-2.26,-2.72,51,97,47,Utilities,Power Generation
ZM,"Zoom Communications, Inc.",1.02,7.07,100,100,49,Technology,Computer Software: Programming Data Processing
VEOEY,Veolia Environnement SA,-0.74,-3.12,22,91,58,Industrials,Waste Management
CNC,Centene Corporation,-3.27,-3.69,0,54,94,Health Care,Medical Specialities
SWSDF,Swiss Life Holding AG,0.0,11.08,95,100,62,Financial Services,Insurance - Diversified
MITEF,"Mitsubishi Estate Co., Ltd.",2.61,0.16,100,100,45,Real Estate,Real Estate - Diversified
DASTF,Dassault Systèmes SE,1.47,15.41,100,100,19,Technology,Software - Application
RSNHF,"Resona Holdings, Inc.",-2.93,3.54,55,72,82,Financial Services,Banks - Regional
DUAVF,Dassault Aviation société anonyme,3.64,19.94,100,100,56,Industrials,Aerospace & Defense
GBOOF,"Grupo Financiero Banorte, S.A.B. de C.V.",1.5,10.47,100,100,58,Financial Services,Banks - Regional
ARES,Ares Management Corporation,-2.58,11.94,90,97,23,Finance,Investment Managers
DOV,Dover Corporation,-2.51,-11.72,15,60,33,Industrials,Industrial Machinery/Components
GEHC,GE HealthCare Technologies Inc.,12.15,12.39,100,100,30,Health Care,Medical Electronics
ATO,Atmos Energy Corporation,-0.95,3.13,100,100,42,Utilities,Oil/Gas Transmission
BRDCF,Bridgestone Corporation,18.09,22.98,100,100,32,Consumer Cyclical,Auto Parts
SKFOF,Sika AG,0.0,6.63,100,100,48,Basic Materials,Specialty Chemicals
FTS,Fortis Inc.,-1.34,0.58,81,100,56,Utilities,Electric Utilities: Central
IR,Ingersoll Rand Inc.,-2.18,3.2,95,99,39,Industrials,Industrial Machinery/Components
IMBBY,Imperial Brands PLC,1.16,5.19,100,100,42,Consumer Defensive,Tobacco
MTSI,"MACOM Technology Solutions Holdings, Inc.",-8.23,-39.87,0,0,73,Technology,Semiconductors
IPXHF,Inpex Corporation,0.0,0.0,100,100,41,Energy,Oil & Gas E&P
CNP,"CenterPoint Energy, Inc.",-2.65,-2.52,61,93,51,Utilities,Electric Utilities: Central
ALPMF,Astellas Pharma Inc.,6.97,5.86,100,100,79,Healthcare,Drug Manufacturers - General
BPERF,BPERF,0.0,-3.6,11,54,53,Financial Services,Banks - Regional
ICTEF,"International Container Terminal Services, Inc.",-3.53,4.32,46,74,1,Industrials,Marine Shipping
TTNDF,Techtronic Industries Company Limited,0.0,-4.7,59,100,77,Industrials,Tools & Accessories
BAP,Credicorp Ltd.,-1.29,-1.45,76,100,88,Finance,Commercial Banks
SMCAY,SMC Corporation,-2.14,-11.38,0,0,30,Industrials,Specialty Industrial Machinery
TPL,Texas Pacific Land Corporation,-0.0,-11.02,23,65,52,Energy,Oil & Gas Production
PBA,Pembina Pipeline Corporation,1.02,8.99,95,100,79,Energy,Oil & Gas Production
HRSHF,"Haier Smart Home Co., Ltd.",0.0,3.25,33,59,19,Consumer Cyclical,"Furnishings, Fixtures & Appliances"
NVZMY,Novozymes A/S,-1.4,0.4,91,100,40,Basic Materials,Specialty Chemicals
IONQ,"IonQ, Inc.",-5.58,-39.94,0,2,6,Technology,EDP Services
FE,FirstEnergy Corp.,-1.05,3.34,95,100,51,Utilities,Electric Utilities: Central
BESIY,BE Semiconductor Industries N.V.,-4.54,-34.72,0,0,50,Technology,Semiconductor Equipment & Materials
FTAIN,FTAI Aviation Ltd,0.0,0.0,44,15,36,Industrials,Misc Corporate Leasing Services
PPL,PPL,-1.73,-1.79,73,100,30,Utilities,Electric Utilities: Central
STRL,"Sterling Infrastructure, Inc.",-8.15,-41.12,0,0,84,Industrials,Military/Government/Technical
CAJFF,Canon Inc.,4.6,2.35,62,78,33,Technology,Computer Hardware
NWWCF,New China Life Insurance Company Ltd.,1.71,68.79,100,100,96,Financial Services,Insurance - Life
CEBCF,China Everbright Bank Company Limited,0.0,8.34,35,54,63,Financial Services,Banks - Regional
JBHT,"J.B. Hunt Transport Services, Inc.",-0.53,-4.59,40,86,89,Industrials,Trucking Freight/Courier Services
VRSN,"VeriSign, Inc.",3.48,15.65,100,100,55,Technology,EDP Services
YZCHF,Yankuang Energy Group Company Limited,0.0,0.0,100,100,79,Energy,Thermal Coal
HLVTY,Helvetia Baloise Holding AG,0.0,-5.06,39,96,55,Financial Services,Insurance - Diversified
ES,Eversource Energy,-0.84,3.45,100,100,57,Utilities,Electric Utilities: Central
LUNMF,Lundin Mining Corporation,0.04,0.99,62,90,88,Basic Materials,Copper
FOX,Fox Corporation,2.13,12.57,100,100,26,Industrials,Broadcasting
AVB,AVB,1.08,1.99,100,100,47,Real Estate,Real Estate Investment Trusts
CLPHF,CLP Holdings Limited,0.0,10.52,100,100,62,Utilities,Utilities - Regulated Electric
AIVAF,Aviva plc,0.0,3.67,100,100,44,Financial Services,Insurance - Diversified
XPO,"XPO, Inc.",-2.61,-2.88,10,61,77,Consumer Discretionary,Transportation Services
HUBB,Hubbell Incorporated,-4.69,-11.9,0,46,28,Technology,Electrical Products
HPQ,HPQ,0.42,29.49,100,100,84,Technology,Computer Manufacturing
HXGBY,Hexagon AB (publ),12.27,20.34,100,100,48,Technology,Scientific & Technical Instruments
ILMN,"Illumina, Inc.",0.95,10.8,100,100,94,Health Care,Medical Specialities
EQR,Equity Residential,1.12,1.35,100,100,55,Real Estate,Real Estate Investment Trusts
OMVJF,OMV Aktiengesellschaft,0.0,11.91,100,100,81,Energy,Oil & Gas Integrated
DG,Dollar General Corporation,2.15,12.36,100,100,61,Consumer Discretionary,Department/Specialty Retail Stores
DOW,Dow Inc.,5.55,11.29,98,100,46,Industrials,Major Chemicals
BNTX,BioNTech SE,0.54,-0.11,67,100,16,Health Care,Biotechnology: Biological Products (No Diagnostic Substances)
QBIEY,QBE Insurance Group Limited,-0.84,1.54,100,100,77,Financial Services,Insurance - Property & Casualty
AIPUY,Airports of Thailand Public Company Limited,0.0,-5.67,24,59,76,Industrials,Airports & Air Services
BNCZF,Banco BPM S.p.A.,0.0,3.01,88,100,78,Financial Services,Banks - Regional
FMXUF,"Fomento Económico Mexicano, S.A.B. de C.V.",0.0,3.8,100,100,77,Consumer Defensive,Beverages - Brewers
PAAS,Pan American Silver Corp.,-1.57,-5.0,39,88,35,Basic Materials,Precious Metals
NHYDY,Norsk Hydro ASA,0.46,-2.32,58,100,51,Basic Materials,Aluminum
STZ,"Constellation Brands, Inc.",-0.2,-5.28,63,100,16,Consumer Staples,Beverages (Production/Distribution)
RF,Regions Financial Corporation,-1.06,2.45,76,100,68,Finance,Major Banks
HALMY,Halma plc,-3.81,-13.94,0,34,19,Industrials,Conglomerates
WRB,WRB,-0.68,7.26,100,100,59,Finance,Property-Casualty Insurers
OLCLY,"Oriental Land Co., Ltd.",4.2,20.84,100,100,45,Consumer Cyclical,Leisure
BCEFF,BCE Inc.,0.0,0.61,84,100,61,Communication Services,Telecom Services
CCOZF,China Coal Energy Company Limited,13.33,-4.9,77,89,26,Energy,Thermal Coal
BCE,BCE Inc.,2.38,3.81,100,100,28,Telecommunications,Telecommunications Equipment
DRI,"Darden Restaurants, Inc.",2.54,3.85,100,100,57,Consumer Discretionary,Restaurants
OEZVY,VERBUND AG,0.0,23.48,100,100,41,Utilities,Utilities - Renewable
MTNOY,MTN Group Limited,-0.99,-0.5,100,100,86,Communication Services,Telecom Services
SQM,Sociedad Química y Minera de Chile S.A.,1.02,-8.77,37,76,59,Industrials,Mining & Quarrying of Nonmetallic Minerals (No Fuels)
TELNF,Telenor ASA,-7.01,-1.86,14,57,18,Communication Services,Telecom Services
UNPRF,Uniper SE,0.0,-9.0,17,74,70,Utilities,Utilities - Regulated Gas
VRSK,"Verisk Analytics, Inc.",0.42,18.73,100,100,38,Industrials,Diversified Commercial Services
JXAMY,JXAMY,0.54,-16.94,10,22,13,,
AKRBF,Aker BP ASA,0.0,13.42,76,93,65,Energy,Oil & Gas E&P
LSRCY,Lasertec Corporation,-7.49,-33.57,0,0,69,Technology,Semiconductor Equipment & Materials
FCNCA,"First Citizens BancShares, Inc.",-1.19,4.38,92,100,59,Finance,Major Banks
FCNCB,"First Citizens BancShares, Inc.",-3.59,1.62,80,89,63,Financial Services,Banks - Regional
STMZF,Scottish Mortgage Investment Trust PLC,-0.25,-8.13,25,55,49,,
ICHGF,InterContinental Hotels Group PLC,0.0,-13.08,16,40,66,Consumer Cyclical,Lodging
FWONA,Formula One Group,0.65,6.81,100,100,59,Industrials,Broadcasting
CHWRF,China Tower Corporation Limited,0.0,0.0,84,100,54,Communication Services,Telecom Services
PFG,PFG,-0.8,5.01,100,100,81,Finance,Accident &Health Insurance
WIT,Wipro Limited,2.6,-11.45,100,100,14,Technology,EDP Services
CLNXF,"Cellnex Telecom, S.A.",3.01,-1.91,90,100,23,Real Estate,Real Estate Services
SNHIY,SNHIY,0.0,-15.11,10,33,16,Industrials,Farm & Heavy Construction Machinery
BDRPF,Bombardier Inc.,0.0,0.69,84,100,72,Industrials,Aerospace & Defense
BDRBF,Bombardier Inc.,-3.04,10.75,83,94,94,Industrials,Aerospace & Defense
ULTA,"Ulta Beauty, Inc.",1.31,12.66,100,100,23,Consumer Discretionary,Other Specialty Stores
JXHLY,"ENEOS Holdings, Inc.",0.0,4.48,88,100,61,Energy,Oil & Gas Refining & Marketing
LEN,Lennar Corporation,-3.53,-6.0,73,86,12,Consumer Discretionary,Homebuilding
MKSI,MKS Inc.,-9.71,-42.08,0,0,91,Industrials,Industrial Machinery/Components
YPF,YPF Sociedad Anónima,0.96,10.67,87,100,89,Energy,Integrated oil Companies
AKAM,"Akamai Technologies, Inc.",-3.92,-9.14,0,29,74,Consumer Discretionary,Business Services
ANGPY,Valterra Platinum Limited,4.49,4.49,95,100,38,Basic Materials,Other Precious Metals & Mining
IHICF,IHI Corporation,0.0,-15.3,51,89,6,Industrials,Specialty Industrial Machinery
SBAC,SBA Communications Corporation,6.49,5.57,100,100,21,Real Estate,Real Estate Investment Trusts
JXHGF,"ENEOS Holdings, Inc.",0.0,17.08,100,100,73,Energy,Oil & Gas Refining & Marketing
SURDF,"Sumitomo Realty & Development Co., Ltd.",7.0,-4.47,73,100,6,Real Estate,Real Estate Services
L,Loews Corporation,-0.39,5.06,100,100,66,Finance,Property-Casualty Insurers
ASCCY,ASICS Corporation,-1.5,8.25,81,100,59,Consumer Cyclical,Footwear & Accessories
CNGKY,CK Asset Holdings Limited,0.0,16.21,88,100,79,Real Estate,Real Estate - Development
CHRW,"C.H. Robinson Worldwide, Inc.",2.6,-7.75,19,24,71,Industrials,Integrated Freight & Logistics
EDPFY,"EDP, S.A.",0.41,-0.6,80,100,47,Utilities,Utilities - Diversified
LUV,Southwest Airlines Co.,-4.17,-13.69,4,42,77,Consumer Discretionary,Air Freight/Delivery Services
TNABY,Tenaga Nasional Berhad,0.0,5.28,100,100,65,Utilities,Utilities - Regulated Electric
CJPRY,Central Japan Railway Company,3.37,21.15,100,100,40,Industrials,Railroads
PKX,POSCO Holdings Inc.,-4.92,-5.25,3,52,9,Industrials,Steel/Iron Ore
OMC,Omnicom Group Inc.,-4.22,13.39,78,87,55,Consumer Discretionary,Advertising
ARLUF,Aristocrat Leisure Limited,0.63,7.14,100,100,73,Consumer Cyclical,Gambling
RIVN,"Rivian Automotive, Inc.",-2.16,-5.88,18,32,57,Industrials,Auto Manufacturing
KUBTF,Kubota Corporation,0.0,6.75,100,100,83,Industrials,Farm & Heavy Construction Machinery
IOT,Samsara Inc.,3.33,19.49,100,100,68,Technology,EDP Services
MZTFF,Mizrahi Tefahot Bank Ltd.,0.0,0.0,84,100,79,Financial Services,Banks - Regional
NXGPY,NEXT plc,-2.31,3.72,88,98,70,Consumer Cyclical,Apparel Retail
SRTOY,Sartorius Stedim Biotech S.A.,1.77,-5.72,43,70,24,Healthcare,Medical Instruments & Supplies
CCHBF,Coca-Cola HBC AG,4.03,7.22,100,100,86,Consumer Defensive,Beverages - Non-Alcoholic
DSFIY,DSFIY,0.16,1.43,95,100,73,Basic Materials,Specialty Chemicals
DSMFF,DSM-Firmenich AG,0.0,3.54,37,68,65,Basic Materials,Specialty Chemicals
MTUAF,MTU Aero Engines AG,0.15,-0.78,49,97,41,Industrials,Aerospace & Defense
HKHHY,Heineken Holding N.V.,1.06,10.38,100,100,72,Consumer Defensive,Beverages - Brewers
CHTR,"Charter Communications, Inc.",3.74,2.1,100,100,7,Telecommunications,Cable & Other Pay Television Services
GNENF,"Ganfeng Lithium Group Co., Ltd.",4.58,-25.62,16,28,8,Basic Materials,Chemicals
KKPNY,Koninklijke KPN N.V.,0.82,-2.0,89,100,37,Communication Services,Telecom Services
KKPNF,Koninklijke KPN N.V.,0.84,-5.31,67,100,31,Communication Services,Telecom Services
MDIBF,Mediobanca Banca di Credito Finanziario S.p.A.,0.0,0.0,84,100,81,Financial Services,Banks - Regional
TU,TELUS Corporation,4.12,5.3,100,100,14,Telecommunications,Telecommunications Equipment
PKG,Packaging Corporation of America,-1.5,4.68,95,100,69,Consumer Discretionary,Containers/Packaging
RS,RS,-2.58,8.04,90,97,79,Industrials,Metal Fabrications
INCY,Incyte Corporation,-2.18,12.12,95,99,89,Health Care,Biotechnology: Commercial Physical & Biological Resarch
DWAHF,"Daiwa House Industry Co., Ltd.",0.0,1.48,94,100,1,Real Estate,Real Estate - Development
ROKU,"Roku, Inc.",0.99,5.2,100,100,89,Telecommunications,Cable & Other Pay Television Services
BRO,"Brown & Brown, Inc.",1.66,16.71,100,100,35,Finance,Specialty Insurers
BKRIF,Bank of Ireland Group plc,-3.61,-2.42,65,87,65,Financial Services,Banks - Regional
VTRS,Viatris Inc.,-0.22,12.22,100,100,92,Health Care,Biotechnology: Pharmaceutical Preparations
RAIFY,Raiffeisen Bank International AG,-1.79,1.67,84,100,93,Financial Services,Banks - Regional
IHICY,IHI Corporation,-0.47,0.9,30,75,11,Industrials,Specialty Industrial Machinery
SPXCF,Singapore Exchange Limited,0.0,-5.62,57,90,78,Financial Services,Financial Data & Stock Exchanges
PRNDY,Pernod Ricard SA,1.56,11.37,100,100,22,Consumer Defensive,Beverages - Wineries & Distilleries
SHWDF,Resonac Holdings Corporation,0.0,-33.75,3,5,96,Basic Materials,Chemicals
IVBIY,IVBIY,0.0,10.47,97,100,35,Healthcare,Biotechnology
SPXCY,Singapore Exchange Limited,-0.56,-0.88,94,100,82,Financial Services,Financial Data & Stock Exchanges
HLDVF,Henderson Land Development Company Limited,-18.16,-0.93,16,29,16,Real Estate,Real Estate - Diversified
PDRDF,Pernod Ricard SA,0.56,7.97,100,100,19,Consumer Defensive,Beverages - Wineries & Distilleries
RBC,RBC Bearings Incorporated,-4.53,-14.56,0,27,63,Industrials,Metal Fabrications
NURAF,"Nomura Research Institute, Ltd.",0.0,21.83,96,100,1,Technology,Information Technology Services
BIP,Brookfield Infrastructure Partners L.P.,1.65,16.8,100,100,80,Consumer Discretionary,Marine Transportation
BDRFF,Beiersdorf Aktiengesellschaft,0.0,5.44,88,100,19,Consumer Defensive,Household & Personal Products
ASUUY,ASUSTeK Computer Inc.,0.0,5.98,95,100,87,Technology,Computer Hardware
BWXT,"BWX Technologies, Inc.",-7.21,-19.12,0,0,12,Industrials,Industrial Machinery/Components
NRILY,"Nomura Research Institute, Ltd.",2.87,19.65,100,100,42,Technology,Information Technology Services
FTV,Fortive Corporation,-7.1,-2.54,23,54,52,Industrials,Industrial Machinery/Components
TRMLF,Tourmaline Oil Corp.,2.73,9.76,100,100,39,Energy,Oil & Gas E&P
SARTF,Sartorius Aktiengesellschaft,0.0,0.0,84,100,35,Healthcare,Medical Instruments & Supplies
SSSGY,Sartorius Aktiengesellschaft,0.0,0.0,84,100,42,Healthcare,Medical Instruments & Supplies
YAHOY,LY Corporation,4.94,8.1,100,100,40,Consumer Cyclical,Internet Retail
DWAHY,"Daiwa House Industry Co., Ltd.",2.85,10.56,100,100,22,Real Estate,Real Estate - Development
WXXWY,WuXi Biologics (Cayman) Inc.,2.96,13.87,100,100,64,Healthcare,Biotechnology
BNDSF,"Banco de Sabadell, S.A.",0.0,5.91,98,100,70,Financial Services,Banks - Diversified
DQJCF,Pan Pacific International Holdings Corporation,0.77,-2.51,64,86,1,Consumer Defensive,Discount Stores
BDRFY,Beiersdorf Aktiengesellschaft,1.96,8.2,100,100,23,Consumer Defensive,Household & Personal Products
CAHPF,Evolution Mining Limited,0.0,1.51,79,100,51,Basic Materials,Gold
INVH,Invitation Homes Inc.,0.2,-0.33,100,100,51,Finance,Real Estate
DFKCY,"Daifuku Co., Ltd.",-3.45,-21.26,0,0,40,Industrials,Specialty Industrial Machinery
KSPI,Joint Stock Company Kaspi.kz,0.53,0.58,79,100,56,Technology,Software - Infrastructure
CF,"CF Industries Holdings, Inc.",3.6,17.63,100,100,80,Industrials,Agricultural Chemicals
AMKR,"Amkor Technology, Inc.",-6.48,-50.45,0,0,51,Technology,Semiconductors
LOGI,Logitech International S.A.,-7.76,9.52,61,72,46,Technology,Computer peripheral equipment
AGI,Alamos Gold Inc.,-0.73,-5.8,32,74,12,Basic Materials,Precious Metals
BOIVF,Bolloré SE,2.93,0.66,94,100,10,Communication Services,Entertainment
BNCDY,Banca Mediolanum S.p.A.,-2.53,3.86,85,96,82,Financial Services,Banks - Regional
BNDSY,"Banco de Sabadell, S.A.",0.92,2.12,100,100,72,Financial Services,Banks - Diversified
ERBKY,Eurobank S.A.,14.92,19.26,96,100,9,,
CTTAF,Continental Aktiengesellschaft,1.84,1.12,91,100,60,Consumer Cyclical,Auto Parts
NPXYY,NPXYY,-0.77,-4.66,9,66,43,Basic Materials,Chemicals
JBAXY,Julius Bär Gruppe AG,-0.87,-0.93,34,88,68,Financial Services,Asset Management
UNBLF,Unibail-Rodamco-Westfield SE,0.6,5.53,100,100,53,Real Estate,REIT - Retail
CTTAY,Continental Aktiengesellschaft,-2.2,-3.61,40,98,49,Consumer Cyclical,Auto Parts
WPC,W. P. Carey Inc.,-1.19,4.49,86,100,59,Real Estate,Real Estate Investment Trusts
KWHIY,"Kawasaki Heavy Industries, Ltd.",-1.51,-10.33,12,54,29,Industrials,Specialty Industrial Machinery
WMG,Warner Music Group Corp.,1.53,7.87,100,100,32,Consumer Discretionary,Services-Misc. Amusement & Recreation
SWOBY,Swedish Orphan Biovitrum AB (publ),0.0,2.17,1,61,82,Healthcare,Drug Manufacturers - Specialty & Generic
ERNXY,Euronext N.V.,0.0,1.1,84,98,58,Financial Services,Financial Data & Stock Exchanges
HNGKY,Hongkong Land Holdings Limited,4.75,14.25,100,100,66,Real Estate,Real Estate - Development
VNOM,"Viper Energy, Inc.",2.71,1.84,73,93,49,Energy,Oil & Gas Production
EBCOY,Ebara Corporation,-6.79,-23.93,0,0,50,Industrials,Specialty Industrial Machinery
SSNC,"SS&C Technologies Holdings, Inc.",0.53,26.2,100,100,38,Technology,Computer Software: Prepackaged Software
STMNF,"Sumitomo Metal Mining Co., Ltd.",0.0,-8.38,22,48,46,Basic Materials,Other Industrial Metals & Mining
BEN,"Franklin Resources, Inc.",-2.82,-2.65,41,89,80,Finance,Investment Managers
PR,Permian Resources Corporation,5.17,12.71,90,100,84,Energy,Oil & Gas Production
OWL,Blue Owl Capital Inc.,-2.65,9.14,91,97,11,Finance,Investment Managers
NLY,"Annaly Capital Management, Inc.",-0.65,3.09,100,100,59,Real Estate,Real Estate Investment Trusts
DIDIY,DiDi Global Inc.,-0.29,2.39,44,100,8,Technology,Software - Application
BXBLY,Brambles Limited,0.67,0.26,100,100,17,Industrials,Specialty Business Services
ASRRF,ASRRF,0.0,6.68,92,100,69,Financial Services,Insurance - Diversified
SCHYY,Sands China Ltd.,1.66,13.72,100,100,16,Consumer Cyclical,Resorts & Casinos
GMAB,Genmab A/S,-1.66,3.82,79,100,41,Health Care,Biotechnology: Pharmaceutical Preparations
EMA,Emera Incorporated,-0.81,1.89,93,100,53,Utilities,Electric Utilities: Central
NBGRY,National Bank of Greece S.A.,0.49,4.11,100,100,45,Financial Services,Banks - Regional
HST,HST,0.27,7.72,100,100,91,Real Estate,Real Estate Investment Trusts
SMMYY,"Sumitomo Metal Mining Co., Ltd.",-1.77,-3.98,47,80,56,Basic Materials,Other Industrial Metals & Mining
NBGIF,National Bank of Greece S.A.,-2.19,3.33,96,99,64,Financial Services,Banks - Regional
XPEV,XPeng Inc.,2.75,-1.36,60,92,7,Industrials,Auto Manufacturing
ARNNY,ASR Nederland N.V.,1.24,5.74,100,100,64,Financial Services,Insurance - Diversified
UPMKF,UPM-Kymmene Oyj,1.65,-9.72,44,92,28,Basic Materials,Paper & Paper Products
MMLTF,MMG Limited,0.0,12.13,76,90,76,Basic Materials,Copper
UPMMY,UPM-Kymmene Oyj,1.09,0.57,87,100,27,Basic Materials,Paper & Paper Products
DY,"Dycom Industries, Inc.",-7.45,-26.44,0,0,56,Industrials,Water Sewer Pipeline Comm & Power Line Construction
AHKSY,Asahi Kasei Corporation,0.18,0.91,61,100,82,Industrials,Conglomerates
RTO,Rentokil Initial plc,2.12,2.87,78,100,33,Consumer Discretionary,Other Consumer Services
CSDXF,"COSCO SHIPPING Energy Transportation Co., Ltd.",0.0,0.0,100,100,87,Energy,Oil & Gas Midstream
BPCGF,"Banco Comercial Português, S.A.",0.0,11.43,100,100,81,Financial Services,Banks - Regional
LI,Li Auto Inc.,4.47,17.55,100,100,6,Industrials,Auto Manufacturing
GNMSF,Genmab A/S,0.0,5.15,100,100,50,Healthcare,Biotechnology
SHTLF,South32 Limited,0.0,13.33,100,100,64,Basic Materials,Other Industrial Metals & Mining
NWS,News Corporation,2.61,16.32,100,100,47,Consumer Discretionary,Newspapers/Magazines
FNBKY,FinecoBank Banca Fineco S.p.A.,0.0,3.64,96,100,60,Financial Services,Banks - Regional
OUKPF,Metso Oyj,0.0,0.0,84,100,89,Industrials,Farm & Heavy Construction Machinery
JAZZ,Jazz Pharmaceuticals plc,-0.37,6.22,100,100,94,Health Care,Biotechnology: Pharmaceutical Preparations
YUMC,"Yum China Holdings, Inc.",0.7,12.18,100,100,32,Consumer Discretionary,Restaurants
PNFP,"Pinnacle Financial Partners, Inc.",-0.48,3.83,100,100,60,Finance,Major Banks
MOD,Modine Manufacturing Company,-14.43,-33.32,0,0,56,Consumer Discretionary,Auto Parts:O.E.M.
GIB,GIB,4.34,15.38,100,100,20,Consumer Discretionary,Professional Services
BALL,Ball Corporation,-1.57,5.51,100,100,66,Industrials,Containers/Packaging
GRAB,Grab Holdings Limited,-2.9,-11.14,15,40,7,Consumer Discretionary,Business Services
CMSQF,Computershare Limited,-6.2,7.8,66,78,67,Financial Services,Capital Markets
CJEWF,Chow Tai Fook Jewellery Group Limited,0.0,0.0,100,100,16,Consumer Cyclical,Luxury Goods
APTV,Aptiv PLC,-2.41,-5.56,72,95,14,Consumer Discretionary,Auto Parts:O.E.M.
CMSQY,Computershare Limited,-0.56,6.68,100,100,75,Financial Services,Capital Markets
ASBRF,"Asahi Group Holdings, Ltd.",0.0,3.69,100,100,26,Consumer Defensive,Beverages - Brewers
GRBMF,"Grupo Bimbo, S.A.B. de C.V.",0.0,15.89,100,100,53,Consumer Defensive,Packaged Foods
SMTC,Semtech Corporation,-6.96,-36.02,0,0,88,Technology,Semiconductors
REGCO,Regency Centers Corporation,-0.08,3.03,100,100,37,Real Estate,Real Estate Investment Trusts
LECO,"Lincoln Electric Holdings, Inc.",-3.46,-2.83,79,90,45,Industrials,Industrial Machinery/Components
EFGSY,Eiffage SA,-0.29,-11.27,20,64,27,Industrials,Engineering & Construction
HUT,Hut 8 Corp.,-12.81,-23.62,0,8,97,Finance,Finance: Consumer Services
RPGRY,REA Group Limited,5.23,20.6,100,100,16,Communication Services,Internet Content & Information
WCRIY,WCRIY,0.0,13.15,97,100,39,Energy,Oil & Gas E&P
SANM,Sanmina Corporation,-4.98,-35.26,0,0,58,Technology,Electrical Products
YARIY,Yara International ASA,2.8,6.92,93,100,50,Basic Materials,Agricultural Inputs
LYSCF,Lynas Rare Earths Limited,-5.14,-22.64,0,0,18,Basic Materials,Other Industrial Metals & Mining
SNMYF,Suncorp Group Limited,0.0,0.0,100,100,56,Financial Services,Insurance - Property & Casualty
GJNSY,Gjensidige Forsikring ASA,5.58,11.58,75,95,55,Financial Services,Insurance - Property & Casualty
IFJPY,Informa plc,2.41,4.2,100,100,53,Communication Services,Publishing
ROHCY,"ROHM Co., Ltd.",-5.09,-28.92,0,0,88,Technology,Semiconductors
ARCC,Ares Capital Corporation,-1.73,0.97,89,100,33,Finance,Finance: Consumer Services
CLPBF,Coloplast A/S,-0.42,13.76,100,100,14,Healthcare,Medical Instruments & Supplies
CRRFY,Carrefour SA,-0.34,-2.48,58,100,61,Consumer Defensive,Grocery Stores
BBSEY,BB Seguridade Participações S.A.,-0.61,6.45,78,100,81,Financial Services,Insurance - Diversified
HTHT,H World Group Limited,0.93,3.67,100,100,42,Consumer Discretionary,Hotels/Resorts
ONON,On Holding AG,0.05,7.03,100,100,23,Consumer Discretionary,Shoe Manufacturing
JHIUF,James Hardie Industries plc,0.0,4.08,100,100,66,Basic Materials,Building Materials
MTRAF,Metro Inc.,0.0,3.27,40,66,29,Consumer Defensive,Grocery Stores
TMTNY,TMTNY,-2.8,-11.34,3,26,32,Industrials,Industrial Distribution
SWGAF,The Swatch Group AG,-6.76,-19.47,0,8,32,Consumer Cyclical,Luxury Goods
UUGRY,United Utilities Group PLC,-0.44,5.59,100,100,61,Utilities,Utilities - Regulated Water
OGFGY,Origin Energy Limited,0.0,-4.96,72,100,28,Utilities,Utilities - Diversified
TKGSY,"Tokyo Gas Co.,Ltd.",-1.4,2.36,98,100,34,Utilities,Utilities - Regulated Gas
JRONY,"Jerónimo Martins, SGPS, S.A.",3.59,6.35,100,100,17,Consumer Defensive,Food Distribution
U,Unity Software Inc.,0.66,12.11,100,100,36,Technology,Computer Software: Prepackaged Software
RYKKY,"Ryohin Keikaku Co., Ltd.",-0.14,31.56,100,100,64,Consumer Cyclical,Department Stores
TYL,TYL,0.04,14.03,100,100,11,Technology,Computer Software: Prepackaged Software
CHUEF,"Chubu Electric Power Company, Incorporated",0.0,0.0,84,100,1,Utilities,Utilities - Diversified
AKZOF,Akzo Nobel N.V.,0.0,0.0,100,100,42,Basic Materials,Specialty Chemicals
CSGP,"CoStar Group, Inc.",-1.65,5.33,99,100,2,Finance,Real Estate
JLL,Jones Lang LaSalle Incorporated,-0.9,9.7,100,100,49,Finance,Real Estate
PAYP,PayPay Corporation,-2.11,3.56,36,68,10,Consumer Discretionary,Business Services
SOLV,Solventum Corporation,2.76,14.78,100,100,77,Health Care,Medical/Dental Instruments
TLTZY,Tele2 AB (publ),0.93,-0.23,100,100,36,Communication Services,Telecom Services
CHKIF,China Southern Airlines Company Limited,0.0,-4.26,84,100,11,Industrials,Airlines
SYIEY,Symrise AG,-0.47,1.04,92,100,63,Basic Materials,Specialty Chemicals
DLVHF,Delivery Hero SE,0.0,5.85,95,100,95,Consumer Cyclical,Internet Retail
IAUGY,Insurance Australia Group Limited,0.0,-2.77,84,100,59,Financial Services,Insurance - Property & Casualty
HRL,Hormel Foods Corporation,0.94,5.19,100,100,59,Consumer Staples,Meat/Poultry/Fish
MEDP,"Medpace Holdings, Inc.",2.44,10.45,84,100,74,Health Care,Biotechnology: Commercial Physical & Biological Resarch
FNF,"Fidelity National Financial, Inc.",-1.2,13.34,100,100,38,Finance,Specialty Insurers
AEG,Aegon Ltd.,-1.74,6.87,97,100,73,Finance,Life Insurance
AAOI,"Applied Optoelectronics, Inc.",-13.18,-48.35,0,0,95,Technology,Semiconductors
EXEL,"Exelixis, Inc.",-2.09,1.69,88,100,81,Health Care,Biotechnology: Biological Products (No Diagnostic Substances)
WULF,TeraWulf Inc.,-11.7,-38.91,0,0,82,Technology,EDP Services
IVPAF,Ivanhoe Mines Ltd.,0.69,-3.29,99,100,12,Basic Materials,Other Industrial Metals & Mining
IVZ,Invesco Ltd.,-4.62,6.37,52,76,67,Finance,Investment Managers
DINRF,"SCREEN Holdings Co., Ltd.",-12.09,23.25,35,43,5,Technology,Semiconductor Equipment & Materials
DINO,HF Sinclair Corporation,0.78,29.22,100,100,95,Energy,Natural Gas Distribution
RXLSF,Rexel S.A.,0.0,4.5,86,100,71,Technology,Electronics & Computer Distribution
GGG,Graco Inc.,-1.28,7.83,100,100,33,Industrials,Fluid Controls
DVA,DaVita Inc.,0.63,8.31,100,100,96,Health Care,Misc Health and Biotechnology Services
RICFY,Recordati Industria Chimica e Farmaceutica S.p.A.,-10.83,2.24,40,52,32,Healthcare,Drug Manufacturers - General
JDLGF,"JD Logistics, Inc.",0.0,3.88,93,100,54,Industrials,Integrated Freight & Logistics
AIZ,"Assurant, Inc.",-0.73,4.64,100,100,82,Finance,Property-Casualty Insurers
IMPUF,Impala Platinum Holdings Limited,0.0,-6.86,13,32,10,Basic Materials,Other Precious Metals & Mining
GPAEF,"Grupo Aeroportuario del Pacífico, S.A.B. de C.V.",0.0,-14.64,10,32,31,Industrials,Airports & Air Services
HAS,"Hasbro, Inc.",-1.21,15.23,100,100,61,Consumer Discretionary,Recreational Games/Products/Toys
DKNG,DraftKings Inc.,-0.28,-2.81,53,81,14,Consumer Discretionary,Services-Misc. Amusement & Recreation
NRDXF,Nordex SE,0.0,-9.17,15,32,83,Industrials,Specialty Industrial Machinery
NDEKY,Nitto Denko Corporation,3.1,10.13,100,100,42,Basic Materials,Specialty Chemicals
AXSM,"Axsome Therapeutics, Inc.",-2.89,-7.09,37,75,92,Health Care,Biotechnology: Pharmaceutical Preparations
STRNY,Severn Trent PLC,-1.16,3.41,100,100,49,Utilities,Utilities - Regulated Water
AGRPY,Absa Group Limited,0.0,-4.54,80,100,46,Financial Services,Banks - Regional
UDR,"UDR, Inc.",1.85,-0.14,82,100,53,Real Estate,Real Estate Investment Trusts
PRDSY,Prada S.p.A.,-0.2,-2.89,28,79,29,Consumer Cyclical,Luxury Goods
RNR,RenaissanceRe Holdings Ltd.,-0.49,4.96,100,100,74,Finance,Property-Casualty Insurers
AGNCM,AGNC Investment Corp.,-0.06,1.95,100,100,46,Real Estate,Real Estate Investment Trusts
AGNCP,AGNC Investment Corp.,-0.12,2.54,100,100,46,Real Estate,Real Estate Investment Trusts
COO,"The Cooper Companies, Inc.",1.39,1.88,100,100,44,Health Care,Ophthalmic Goods
ELAN,Elanco Animal Health Incorporated,3.41,7.23,100,100,82,Health Care,Biotechnology: Pharmaceutical Preparations
HAGHY,Hensoldt AG,0.63,25.06,100,100,34,Industrials,Aerospace & Defense
PSKY,Paramount Skydance Corporation,-1.49,-19.37,1,9,4,Industrials,Broadcasting
RGC,Regencell Bioscience Holdings Limited,-5.36,-7.22,31,41,1,Health Care,Medicinal Chemicals and Botanical Products
WBS,Webster Financial Corporation,-1.61,-0.75,95,100,72,Finance,Major Banks
BLD,TopBuild Corp.,0.0,0.0,100,100,36,Consumer Discretionary,Engineering & Construction
SWKS,"Skyworks Solutions, Inc.",-5.4,-9.75,66,81,29,Technology,Semiconductors
ITGGF,Italgas S.p.A.,0.0,0.74,94,100,62,Utilities,Utilities - Regulated Gas
TYOYY,"Taiyo Yuden Co., Ltd.",-12.49,-58.72,0,0,97,Technology,Electronic Components
POAHF,Porsche Automobil Holding SE,8.31,5.3,100,100,12,Consumer Cyclical,Auto Manufacturers
EQH,"Equitable Holdings, Inc.",-2.11,10.19,95,100,50,Finance,Specialty Insurers
SFFLY,Schaeffler AG,0.33,-1.71,1,27,67,Consumer Cyclical,Auto Parts
KEYUF,Keyera Corp.,0.0,3.62,85,100,79,Energy,Oil & Gas Midstream
IKTSF,Intertek Group plc,0.0,-0.27,100,100,73,Industrials,Specialty Business Services
MNHVF,Mowi ASA,0.0,1.15,100,100,19,Consumer Defensive,Farm Products
MP,MP Materials Corp.,-7.7,-31.98,0,0,3,Basic Materials,Metal Mining
AEIS,"Advanced Energy Industries, Inc.",-7.65,-32.28,0,0,51,Technology,Industrial Machinery/Components
PNR,Pentair plc,-0.27,-12.76,46,69,6,Industrials,Industrial Machinery/Components
HMY,HMY,0.0,2.1,83,100,25,Basic Materials,Precious Metals
CNA,CNA,-0.27,13.47,100,100,77,Finance,Property-Casualty Insurers
BEP,BEP,-1.06,-8.87,28,85,49,Utilities,Electric Utilities: Central
RDY,Dr. Reddy's Laboratories Limited,0.26,-18.27,23,39,13,Health Care,Biotechnology: Pharmaceutical Preparations
LUMN,"Lumen Technologies, Inc.",0.81,-18.75,16,57,15,Telecommunications,Telecommunications Equipment
HUBS,"HubSpot, Inc.",5.49,37.59,100,100,11,Technology,Computer Software: Prepackaged Software
GAILF,GAIL (India) Limited,0.0,-12.84,11,35,15,Utilities,Utilities - Regulated Gas
ASMVF,ASMPT Limited,0.0,-5.41,15,64,97,Technology,Semiconductor Equipment & Materials
QBTS,D-Wave Quantum Inc. Common Stock,-8.25,-32.56,3,9,9,Technology,EDP Services
GMED,"Globus Medical, Inc.",1.04,3.05,100,100,55,Health Care,Medical/Dental Instruments
FUJHF,Subaru Corporation,2.04,17.06,100,100,32,Consumer Cyclical,Auto Manufacturers
CCDBF,CCL Industries Inc.,0.43,3.28,100,100,58,Consumer Cyclical,Packaging & Containers
MRPRF,"MERLIN Properties SOCIMI, S.A.",0.0,-2.09,91,100,57,Real Estate,REIT - Office
CSPCY,CSPC Pharmaceutical Group Limited,3.02,26.25,100,100,40,Healthcare,Drug Manufacturers - General
AIAGY,Aurubis AG,0.0,-5.9,65,100,80,Industrials,Metal Fabrication
ARW,"Arrow Electronics, Inc.",-3.05,-3.96,65,92,90,Technology,Electronic Components
IAFNF,iA Financial Corporation Inc.,0.0,5.33,100,100,76,Financial Services,Insurance - Diversified
VSAT,"Viasat, Inc.",-5.31,-21.85,23,46,97,Technology,Radio And Television Broadcasting And Communications Equipment
XE,"X-Energy, Inc.",-3.29,-16.83,39,58,2,Industrials,Metal Fabrications
UNICY,Unicharm Corporation,4.29,11.27,100,100,37,Consumer Defensive,Household & Personal Products
EGP,EGP,-0.82,2.92,44,87,67,Real Estate,Real Estate Investment Trusts
AFG,AFG,-0.94,3.19,100,100,63,Finance,Property-Casualty Insurers
SF,SF,-3.21,17.41,89,94,46,Finance,Investment Bankers/Brokers/Service
SAIL,"SailPoint, Inc.",0.7,8.54,100,100,40,Technology,Computer Software: Prepackaged Software
WMS,"Advanced Drainage Systems, Inc.",-4.65,-11.88,22,70,32,Consumer Discretionary,Containers/Packaging
ORKLF,Orkla ASA,0.0,0.47,100,100,29,Consumer Defensive,Packaged Foods
SEIC,SEI Investments Company,-0.25,17.3,100,100,70,Finance,Investment Bankers/Brokers/Service
ABVX,ABIVAX Société Anonyme,-4.34,-10.82,0,0,78,Health Care,Biotechnology: Pharmaceutical Preparations
SIETY,D'Ieteren Group SA,0.0,8.89,100,100,38,Consumer Cyclical,Auto & Truck Dealerships
GEAGF,GEA Group Aktiengesellschaft,0.0,8.89,100,100,27,Industrials,Specialty Industrial Machinery
WTRG,"Essential Utilities, Inc.",-0.02,6.24,100,100,48,Utilities,Water Supply
TSGTY,Tsingtao Brewery Company Limited,0.0,4.84,100,100,20,Consumer Defensive,Beverages - Brewers
ICLR,ICON Public Limited Company,-1.14,2.57,100,100,80,Health Care,Biotechnology: Commercial Physical & Biological Resarch
SCI,Service Corporation International,0.82,12.8,100,100,47,Consumer Discretionary,Other Consumer Services
POWL,"Powell Industries, Inc.",-7.27,-34.91,0,0,83,Energy,Electrical Products
TIMB,TIM S.A.,-3.74,-11.06,0,0,15,Telecommunications,Telecommunications Equipment
MALRY,Mineral Resources Limited,4.06,-8.94,40,66,73,Basic Materials,Other Industrial Metals & Mining
MALRF,Mineral Resources Limited,0.0,0.0,100,100,88,Basic Materials,Other Industrial Metals & Mining
RIOT,"Riot Platforms, Inc.",-14.12,-33.38,6,16,50,Finance,Finance: Consumer Services
SSAAY,SSAB AB (publ),2.23,10.84,100,100,89,Basic Materials,Steel
AHR,"American Healthcare REIT, Inc.",-0.35,10.3,100,100,82,Real Estate,Real Estate Investment Trusts
NXSNF,"NextVision Stabilized Systems, Ltd.",0.0,-4.46,12,46,51,Industrials,Security & Protection Services
TTD,"The Trade Desk, Inc.",0.95,5.59,93,100,3,Technology,Computer Software: Programming Data Processing
OC,Owens Corning,-4.72,-13.74,20,71,52,Industrials,Industrial Machinery/Components
LINE,"Lineage, Inc.",4.06,2.52,100,100,70,Real Estate,Real Estate Investment Trusts
ALEUY,ALEUY,9.52,24.46,100,100,77,Unknown,Unknown
VLPNY,Voestalpine AG,0.0,9.75,100,100,79,Basic Materials,Steel
PODD,Insulet Corporation,1.88,12.07,100,100,7,Health Care,Medical/Dental Instruments
CRHKY,China Resources Beer (Holdings) Company Limited,2.61,16.3,100,100,27,Consumer Defensive,Beverages - Brewers
RNLSY,Renault SA,6.33,15.32,100,100,26,Consumer Cyclical,Auto Manufacturers
PMCUF,Pro Medicus Limited,3.68,-24.1,15,22,17,Healthcare,Health Information Services
BLSFY,BlueScope Steel Limited,0.0,-11.93,12,46,71,Basic Materials,Steel
CDUAF,Canadian Utilities Limited,-0.23,4.69,99,100,77,Utilities,Utilities - Diversified
BSY,"Bentley Systems, Incorporated",3.12,23.65,100,100,24,Technology,Computer Software: Prepackaged Software
PMDIY,PMDIY,0.0,20.7,94,100,50,Healthcare,Health Information Services
MDBKY,MDBKY,0.0,0.14,64,95,93,Financial Services,Insurance - Specialty
BMXMF,bioMérieux S.A.,0.0,1.36,62,100,9,Healthcare,Diagnostics & Research
APHBF,APHBF,0.0,-6.72,72,86,59,,
PRAX,"Praxis Precision Medicines, Inc.",-1.62,-13.07,0,15,97,Health Care,Biotechnology: Pharmaceutical Preparations
SUBCY,Subsea 7 S.A.,0.1,-8.44,12,26,85,Energy,Oil & Gas Equipment & Services
BAX,Baxter International Inc.,1.64,16.18,100,100,71,Health Care,Medical/Dental Instruments
MAKSY,Marks and Spencer Group plc,1.31,9.76,100,100,63,Consumer Cyclical,Department Stores
CIFR,Cipher Digital Inc.,-13.37,-27.8,6,13,86,Finance,Finance: Consumer Services
MGPUF,M&G plc,0.0,9.79,87,100,75,Financial Services,Asset Management
CNM,"Core & Main, Inc.",-3.66,-12.19,4,73,10,Consumer Discretionary,Durable Goods
BPOP,"Popular, Inc.",-1.11,4.9,100,100,85,Finance,Major Banks
ADDHY,Addtech AB (publ.),0.06,-1.54,77,100,37,Industrials,Industrial Distribution
CYTK,"Cytokinetics, Incorporated",-1.33,-7.98,9,62,91,Health Care,Biotechnology: Pharmaceutical Preparations
SARO,"StandardAero, Inc.",-4.74,-3.95,69,82,44,Industrials,Aerospace
BNTGY,Brenntag SE,2.15,16.27,100,100,62,Basic Materials,Specialty Chemicals
BNTGF,Brenntag SE,0.0,6.03,100,100,64,Basic Materials,Specialty Chemicals
TX,TX,-2.57,12.55,94,97,80,Industrials,Steel/Iron Ore
SAPMY,Saipem SpA,3.45,-9.09,22,31,78,Energy,Oil & Gas Equipment & Services
ALSN,"Allison Transmission Holdings, Inc.",-5.33,1.7,46,73,56,Consumer Discretionary,Auto Parts:O.E.M.
UZAPF,Flughafen Zürich AG,0.0,-11.74,24,55,29,Industrials,Airports & Air Services
BRX,Brixmor Property Group Inc.,-0.53,1.41,82,100,66,Real Estate,Real Estate Investment Trusts
BZZUF,Buzzi S.p.A.,1.28,-10.19,9,36,15,Basic Materials,Building Materials
IFUUF,Infratil Limited,-2.22,-3.93,0,74,89,Industrials,Conglomerates
ACLLY,Accelleron Industries AG,-2.23,-14.79,0,0,25,Industrials,Specialty Industrial Machinery
ONBPO,ONBPO,-0.1,1.23,100,100,42,Finance,Major Banks
SEOAY,Stora Enso Oyj,2.25,6.77,100,100,37,Consumer Cyclical,Packaging & Containers
AYI,Acuity Inc.,-3.03,-11.34,40,91,51,Consumer Discretionary,Building Products
ALSMY,Alstom SA,0.55,8.28,100,100,11,Industrials,Railroads
LKNCY,Luckin Coffee Inc.,1.28,17.46,93,100,27,Consumer Cyclical,Restaurants
MDDNF,Meridian Energy Limited,0.0,-2.73,30,100,38,Utilities,Utilities - Renewable
ZIONP,"Zions Bancorporation, National Association",0.63,-0.54,100,100,23,Finance,Major Banks
AOMFF,Alstom SA,0.0,5.54,100,100,12,Industrials,Railroads
YMM,Full Truck Alliance Co. Ltd.,3.77,19.88,100,100,30,Technology,Computer Software: Prepackaged Software
QRVO,"Qorvo, Inc.",-2.46,-4.04,92,97,45,Technology,Semiconductors
ORI,ORI,0.41,8.97,100,100,71,Finance,Property-Casualty Insurers
ACDSF,CapitaLand Ascendas REIT,0.0,-1.03,100,100,24,Real Estate,REIT - Industrial
CAVA,"CAVA Group, Inc.",0.55,-16.72,26,48,15,Consumer Discretionary,Restaurants
LLYVA,"Liberty Live Holdings, Inc.",0.58,-1.19,78,100,64,Consumer Discretionary,Services-Misc. Amusement & Recreation
ENPH,"Enphase Energy, Inc.",-3.44,-28.78,0,0,32,Technology,Semiconductors
PSO,Pearson plc,1.15,11.01,100,100,79,Consumer Discretionary,Books
BRKRP,Bruker Corporation,-1.7,1.82,98,100,93,Industrials,Biotechnology: Laboratory Analytical Instruments
FDS,FactSet Research Systems Inc.,-0.64,22.58,100,100,45,Technology,Computer Software: Programming Data Processing
LZRFY,Localiza Rent a Car S.A.,-1.74,2.2,22,57,21,Industrials,Rental & Leasing Services
IMIUY,IMI plc,-2.09,-4.32,49,77,48,Industrials,Specialty Industrial Machinery
ADC,Agree Realty Corporation,-0.9,6.14,100,100,56,Real Estate,Real Estate Investment Trusts
ASR,ASR,0.29,-11.32,19,53,19,Consumer Discretionary,Aerospace
MANH,"Manhattan Associates, Inc.",21.32,46.51,100,100,74,Technology,Computer Software: Prepackaged Software
UHS,"Universal Health Services, Inc.",1.17,13.09,100,100,29,Health Care,Hospital/Nursing Management
JSAIY,J Sainsbury plc,-0.16,11.79,100,100,62,Consumer Defensive,Grocery Stores
SUOPY,Sumco Corporation,-6.79,-29.38,0,0,94,Technology,Semiconductor Equipment & Materials
CRPAY,CRPAY,0.0,-4.13,43,83,24,Utilities,Utilities - Renewable
HSIC,"Henry Schein, Inc.",0.14,2.77,93,100,70,Health Care,Medical Specialities
TTC,The Toro Company,-3.14,-5.21,46,87,56,Consumer Discretionary,Tools/Hardware
CRL,CRL,-2.34,3.53,92,98,80,Health Care,Biotechnology: Commercial Physical & Biological Resarch
WAL,Western Alliance Bancorporation,-3.53,-1.82,69,86,35,Finance,Major Banks
ARE,"Alexandria Real Estate Equities, Inc.",-0.43,1.74,100,100,40,Real Estate,Real Estate Investment Trusts
WARFY,The Wharf (Holdings) Limited,0.86,1.52,100,100,11,Real Estate,Real Estate - Development
NWOEF,NWOEF,0.0,0.0,84,100,18,Consumer Defensive,Education & Training Services
WARFF,The Wharf (Holdings) Limited,0.0,0.0,100,100,51,Real Estate,Real Estate - Development
CRUS,"Cirrus Logic, Inc.",-1.53,-9.74,16,72,35,Technology,Semiconductors
BYDIF,BYD Electronic (International) Company Limited,5.44,21.09,100,100,9,Technology,Electronic Components
DUFRY,Avolta AG,0.07,-9.8,46,70,60,Consumer Cyclical,Specialty Retail
CORZ,"Core Scientific, Inc.",-12.65,-29.19,0,0,35,Finance,Finance: Consumer Services
CELH,"Celsius Holdings, Inc.",-1.94,-1.37,37,60,5,Consumer Staples,Beverages (Production/Distribution)
RGTI,"Rigetti Computing, Inc.",-8.95,-31.57,0,0,5,Technology,EDP Services
WEGRY,The Weir Group PLC,-2.22,7.04,70,88,17,Industrials,Specialty Industrial Machinery
KIKOY,Kikkoman Corporation,0.0,-3.08,76,100,46,Consumer Defensive,Packaged Foods
SBSW,Sibanye Stillwater Limited,2.03,0.71,76,100,7,Basic Materials,Precious Metals
MTCH,"Match Group, Inc.",0.31,4.1,100,100,67,Technology,Computer Software: Programming Data Processing
PRI,"Primerica, Inc.",0.56,13.8,100,100,73,Finance,Life Insurance
BIO,"Bio-Rad Laboratories, Inc.",-1.13,11.46,100,100,63,Industrials,Biotechnology: Laboratory Analytical Instruments
KUNUF,Kunlun Energy Company Limited,0.0,-6.19,43,100,17,Energy,Oil & Gas Refining & Marketing
BYDIY,BYD Electronic (International) Company Limited,1.08,5.34,69,82,9,Technology,Electronic Components
NXDCF,NEXTDC Limited,0.0,-4.88,47,96,28,Technology,Information Technology Services
MXL,"MaxLinear, Inc.",-2.87,-55.28,0,0,98,Technology,Semiconductors
DNOPY,Dino Polska S.A.,1.8,12.01,100,100,6,Consumer Defensive,Grocery Stores
GGB,GGB,-1.82,20.3,99,100,80,Industrials,Steel/Iron Ore
GNZUF,"Guangzhou Automobile Group Co., Ltd.",0.0,0.0,27,70,5,Consumer Cyclical,Auto Manufacturers
CMHHY,China Merchants Port Holdings Company Limited,-0.74,13.41,100,100,41,Industrials,Marine Shipping
KYKOY,"Kyowa Kirin Co., Ltd.",0.0,1.54,98,100,33,Healthcare,Drug Manufacturers - Specialty & Generic
FNMAO,Federal National Mortgage Association,-0.65,-2.77,80,100,7,Financial Services,Mortgage Finance
FNMAH,Federal National Mortgage Association,-0.14,-17.55,46,75,6,Financial Services,Mortgage Finance
FNMAM,Federal National Mortgage Association,-4.65,-12.65,52,79,5,Financial Services,Mortgage Finance
FNMA,Federal National Mortgage Association,-2.45,-8.45,54,89,7,Financial Services,Mortgage Finance
FNMAG,Federal National Mortgage Association,-3.5,-15.56,0,24,5,Financial Services,Mortgage Finance
FNMFN,Federal National Mortgage Association,1.04,-10.86,48,89,6,Financial Services,Mortgage Finance
PPRQF,Choice Properties Real Estate Investment Trust,0.0,-0.83,100,100,52,Real Estate,REIT - Retail
ASGLF,AGC Inc.,0.0,0.0,84,100,1,Industrials,Conglomerates
OSK,Oshkosh Corporation,-6.35,-6.95,36,63,37,Industrials,Auto Manufacturing
SHBBF,SHBBF,0.0,9.3,92,100,53,Basic Materials,Chemicals
BPHLY,Bank of the Philippine Islands,0.0,2.78,18,76,25,Financial Services,Banks - Regional
ZG,"Zillow Group, Inc.",1.51,9.4,100,100,3,Consumer Discretionary,Business Services
TONPF,TOPPAN Holdings Inc.,0.0,-6.25,24,74,47,Industrials,Conglomerates
SSDOF,"Shiseido Company, Limited",0.0,0.0,100,100,25,Consumer Defensive,Household & Personal Products
EDU,New Oriental Education & Technology Group Inc.,15.34,27.6,100,100,56,Real Estate,Other Consumer Services
EMLAF,Empire Company Limited,2.69,6.99,100,100,51,Consumer Defensive,Grocery Stores
CCOEY,"Capcom Co., Ltd.",9.65,37.77,100,100,40,Communication Services,Electronic Gaming & Multimedia
XNGSY,ENN Energy Holdings Limited,4.08,14.73,100,100,8,Utilities,Utilities - Regulated Gas
ESALF,"Eisai Co., Ltd.",0.0,4.72,100,100,25,Healthcare,Drug Manufacturers - Specialty & Generic
HCXLF,Hiscox Ltd,0.0,2.0,75,100,86,Financial Services,Insurance - Property & Casualty
KNCRY,Konecranes Plc,0.0,-6.79,20,56,22,Industrials,Farm & Heavy Construction Machinery
YMHAY,"Yamaha Motor Co., Ltd.",6.9,11.77,100,100,71,Consumer Cyclical,Auto Manufacturers
AOS,A. O. Smith Corporation,-3.08,-1.08,83,92,24,Consumer Discretionary,Consumer Electronics/Appliances
SSD,SSD,-4.44,-9.36,49,78,47,Consumer Discretionary,Industrial Machinery/Components
DVDCF,Davide Campari-Milano N.V.,0.0,1.47,46,92,17,Consumer Defensive,Beverages - Wineries & Distilleries
IDA,"IDACORP, Inc.",-2.85,-4.56,25,88,52,Utilities,Electric Utilities: Central
ELMUF,Elisa Oyj,0.0,1.25,89,100,47,Communication Services,Telecom Services
FPRUY,Fraport AG,0.0,6.96,100,100,37,Industrials,Airports & Air Services
HESM,Hess Midstream LP,1.18,7.58,100,100,64,Energy,Oil & Gas Production
ACI,"Albertsons Companies, Inc.",4.15,-9.52,31,40,6,Consumer Staples,Food Chains
KNTK,Kinetik Holdings Inc.,2.45,6.34,100,100,74,Utilities,Natural Gas Distribution
TOTDY,TOTO LTD.,-4.12,-23.49,0,0,85,Industrials,Building Products & Equipment
VLYPN,Valley National Bancorp,0.0,1.57,100,100,43,Finance,Major Banks
KRMN,Karman Holdings Inc.,-7.97,-8.67,15,35,4,Industrials,Military/Government/Technical
OCLDY,Orica Limited,0.0,0.59,100,100,66,Basic Materials,Specialty Chemicals
IDTRY,IDTRY,0.0,29.62,99,100,46,Industrials,Industrial Distribution
QGEN,Qiagen N.V.,-1.11,7.9,100,100,34,Health Care,Biotechnology: Biological Products (No Diagnostic Substances)
JPNRF,"Japan Airlines Co., Ltd.",0.36,11.37,100,100,1,Industrials,Airlines
DNPLY,"Dai Nippon Printing Co., Ltd.",-1.17,1.42,55,83,50,Industrials,Conglomerates
UMICF,Umicore SA,-2.08,4.72,60,96,65,Industrials,Waste Management
PCOR,"Procore Technologies, Inc.",2.7,23.49,100,100,10,Technology,Computer Software: Prepackaged Software
KNCRF,Konecranes Plc,0.0,-1.31,100,100,3,Industrials,Farm & Heavy Construction Machinery
WFRD,Weatherford International plc,-1.52,0.99,51,73,35,Consumer Discretionary,Oil and Gas Field Machinery
BCKIF,Babcock International Group PLC,0.0,14.49,90,100,27,Industrials,Engineering & Construction
ICGUF,ICG plc,0.0,0.0,100,100,20,Financial Services,Asset Management
YOU,"Clear Secure, Inc.",8.45,4.77,100,100,93,Technology,Computer Software: Prepackaged Software
DPMLF,DPM Metals Inc.,-1.35,7.47,66,85,84,Basic Materials,Gold
LTH,"Life Time Group Holdings, Inc.",0.15,11.9,100,100,95,Consumer Discretionary,Hotels/Resorts
BCHMY,Bachem Holding AG,1.47,-10.44,34,62,55,Healthcare,Biotechnology
IVTJY,Investec Group,0.0,-2.51,48,100,71,Financial Services,Capital Markets
WILLF,Demant A/S,4.82,8.15,100,100,76,Healthcare,Medical Devices
YORUF,"The Yokohama Rubber Company, Limited",0.0,0.0,100,100,94,Consumer Cyclical,Auto Parts
BILI,Bilibili Inc.,2.6,8.81,100,100,8,Technology,EDP Services
THNPF,Technip Energies N.V.,0.0,-5.35,49,100,24,Energy,Oil & Gas Equipment & Services
NDBKY,Nedbank Group Limited,-0.61,-1.74,72,100,56,Financial Services,Banks - Regional
SLAB,Silicon Laboratories Inc.,-0.37,-0.97,100,100,86,Technology,Semiconductors
TSUKY,"Toyo Suisan Kaisha, Ltd.",2.58,11.8,100,100,42,Consumer Defensive,Packaged Foods
TTEK,"Tetra Tech, Inc.",0.81,16.93,100,100,35,Consumer Discretionary,Military/Government/Technical
AKBTY,Akbank T.A.S.,-6.71,-23.26,0,22,15,Financial Services,Banks - Regional
OMRNY,OMRON Corporation,-0.85,-12.85,4,12,52,Technology,Electronic Components
VSH,"Vishay Intertechnology, Inc.",-8.44,-44.29,0,0,91,Technology,Electrical Products
SSDOY,"Shiseido Company, Limited",6.6,32.26,100,100,68,Consumer Defensive,Household & Personal Products
ALKS,Alkermes plc,-4.28,-7.75,0,27,93,Health Care,Biotechnology: Pharmaceutical Preparations
LSTR,"Landstar System, Inc.",-4.04,-14.01,0,0,67,Industrials,Trucking Freight/Courier Services
IFSUF,Infrastrutture Wireless Italiane S.p.A.,0.0,-0.27,93,100,12,Real Estate,Real Estate Services
RGEN,Repligen Corporation,-2.83,3.51,78,93,48,Health Care,Biotechnology: Biological Products (No Diagnostic Substances)
GGDVY,Guangdong Investment Limited,0.0,0.53,48,100,47,Utilities,Utilities - Regulated Water
HTCMY,"Hitachi Construction Machinery Co., Ltd.",0.0,0.0,100,100,44,Industrials,Farm & Heavy Construction Machinery
RAL,Ralliant Corporation,-1.14,-9.05,38,86,90,Industrials,Industrial Machinery/Components
SKHHY,Sonic Healthcare Limited,1.43,7.89,100,100,40,Healthcare,Diagnostics & Research
KLAR,KLAR,-0.48,-8.0,52,98,17,Finance,Finance: Consumer Services
SEOJF,Stora Enso Oyj,0.0,0.0,84,100,18,Consumer Cyclical,Packaging & Containers
STHRF,Strathcona Resources Ltd.,5.82,11.24,98,100,73,Energy,Oil & Gas E&P
IMVT,"Immunovant, Inc.",-0.75,0.21,51,93,95,Health Care,Biotechnology: Biological Products (No Diagnostic Substances)
CDNAF,"Canadian Tire Corporation, Limited",1.61,7.49,100,100,60,Consumer Cyclical,Specialty Retail
CBC,"Central Bancompany, Inc.",0.68,7.54,100,100,85,Financial Services,Banks - Regional
OGC,OceanaGold Corporation,0.54,-3.35,65,100,36,Basic Materials,Gold
THNOF,Technology One Limited,0.0,2.95,92,100,77,Technology,Software - Application
CEVMF,CTS Eventim AG & Co. KGaA,0.0,17.81,98,100,15,Communication Services,Entertainment
AXTI,"AXT, Inc.",-13.54,-48.71,0,0,99,Technology,Semiconductors
VBREY,VBREY,-1.08,18.67,96,100,89,Consumer Cyclical,Specialty Retail
CSXXY,CAR Group Limited,0.0,4.25,93,100,14,Communication Services,Internet Content & Information
UOLGY,UOL Group Limited,2.3,1.32,100,100,49,Real Estate,Real Estate - Development
KGFHF,Kingfisher plc,0.0,5.7,100,100,43,Consumer Cyclical,Home Improvement Retail
KYMR,"Kymera Therapeutics, Inc.",-0.86,-8.21,6,30,94,Health Care,Biotechnology: Biological Products (No Diagnostic Substances)
ESTC,Elastic N.V.,3.77,13.01,100,100,37,Technology,Computer Software: Prepackaged Software
GIFLF,"Grifols, S.A.",0.0,-1.91,95,100,17,Healthcare,Drug Manufacturers - General
PMOIF,Harbour Energy plc,2.17,12.63,74,93,43,Energy,Oil & Gas E&P
GIKLY,"Grifols, S.A.",0.0,0.93,100,100,15,Healthcare,Drug Manufacturers - General
GDS,GDS Holdings Limited,-3.4,-1.5,12,55,8,Technology,Computer Software: Programming Data Processing
TEO,Telecom Argentina S.A.,-0.37,4.23,84,99,84,Telecommunications,Telecommunications Equipment
GPTGF,The GPT Group,0.0,-5.8,46,100,36,Real Estate,REIT - Diversified
GTES,Gates Industrial Corporation Ltd.,-5.68,-10.9,0,50,36,Industrials,Industrial Machinery/Components
TXNM,"TXNM Energy, Inc.",-0.62,1.6,100,100,36,Utilities,Electric Utilities: Central
MHK,MHK,-3.21,-6.55,69,91,34,Consumer Discretionary,Home Furnishings
VLOWY,Vallourec S.A.,-0.41,0.0,65,85,47,Basic Materials,Steel
IDCC,"InterDigital, Inc.",0.36,-7.53,37,100,13,Miscellaneous,Multi-Sector Companies
RNKGF,RNKGF,0.0,5.77,44,82,7,Industrials,Aerospace & Defense
CELC,Celcuity Inc.,0.97,-20.42,7,12,57,Health Care,Medical Specialities
AUGO,Aura Minerals Inc.,-1.0,-13.42,33,50,75,Basic Materials,Gold
SBFFF,SBM Offshore N.V.,0.0,0.0,100,100,69,Energy,Oil & Gas Equipment & Services
RADLY,Raia Drogasil S.A.,-4.34,3.07,52,68,25,Healthcare,Pharmaceutical Retailers
EDNMY,Edenred SE,3.12,29.92,100,100,87,Financial Services,Credit Services
VAL,Valaris Limited,-0.38,2.18,43,75,54,Energy,Oil & Gas Production
MNESP,MSA Safety Incorporated,0.0,0.0,84,100,34,Industrials,Security & Protection Services
OTGLY,CD Projekt S.A.,4.35,9.52,100,100,18,Communication Services,Electronic Gaming & Multimedia
OMF,"OneMain Holdings, Inc.",1.12,3.23,100,100,56,Finance,Finance: Consumer Services
GGPSF,GGPSF,-4.44,-24.56,0,0,99,Basic Materials,Gold
CAG,"Conagra Brands, Inc.",0.45,15.16,100,100,32,Consumer Staples,Packaged Foods
DSGX,The Descartes Systems Group Inc.,3.19,12.65,100,100,26,Technology,Computer Software: Prepackaged Software
STWD,"Starwood Property Trust, Inc.",-0.84,0.85,77,100,26,Real Estate,Real Estate Investment Trusts
SGHC,Super Group (SGHC) Limited,-0.73,9.89,74,100,84,Consumer Discretionary,Services-Misc. Amusement & Recreation
RYN,Rayonier Inc.,0.41,4.23,100,100,40,Real Estate,Real Estate Investment Trusts
CPB,The Campbell's Company,0.66,4.84,100,100,25,Consumer Staples,Packaged Foods
LDSCY,Land Securities Group Plc,0.84,10.4,100,100,70,Real Estate,REIT - Diversified
BSDGF,Bosideng International Holdings Limited,1.25,13.49,100,100,65,Consumer Cyclical,Apparel Manufacturing
SWX,"Southwest Gas Holdings, Inc.",-0.91,3.52,98,100,55,Utilities,Oil & Gas Production
ACA,"Arcosa, Inc.",-0.28,-0.25,100,100,87,Industrials,Metal Fabrications
URBN,"Urban Outfitters, Inc.",0.27,6.41,100,100,49,Consumer Discretionary,Clothing/Shoe/Accessory Stores
MDA,MDA Space Ltd.,-3.78,-30.33,0,2,26,Consumer Discretionary,Electronic Components
SNDR,"Schneider National, Inc.",-2.54,-3.48,21,70,81,Industrials,Trucking Freight/Courier Services
FSV,FirstService Corporation,-0.43,0.21,74,100,20,Finance,Real Estate
CNTA,Centessa Pharmaceuticals plc,0.0,0.0,0,0,36,Health Care,Biotechnology: Pharmaceutical Preparations
PTCT,"PTC Therapeutics, Inc.",-1.19,-8.68,2,24,69,Health Care,Biotechnology: Pharmaceutical Preparations
SATLF,"ZOZO, Inc.",0.0,-1.85,58,100,1,Consumer Cyclical,Internet Retail
PATH,"UiPath, Inc.",3.28,15.82,100,100,38,Technology,Computer Software: Prepackaged Software
ONEXF,Onex Corporation,0.04,4.89,100,100,24,Financial Services,Asset Management
CHDN,Churchill Downs Incorporated,-0.77,-1.24,94,100,17,Consumer Discretionary,Services-Misc. Amusement & Recreation
GKOS,Glaukos Corporation,6.83,15.67,100,100,93,Health Care,Medical/Dental Instruments
TOITF,Topicus.com Inc.,4.67,16.39,100,100,15,Technology,Software - Infrastructure
DBX,"Dropbox, Inc.",3.96,21.33,100,100,80,Technology,Computer Software: Prepackaged Software
TOKUY,Tokyu Corporation,0.0,2.16,100,100,22,Consumer Cyclical,Department Stores
BRTHY,"Brother Industries, Ltd.",0.0,3.3,100,100,84,Industrials,Business Equipment & Supplies
WH,"Wyndham Hotels & Resorts, Inc.",-0.12,-10.25,33,85,24,Consumer Discretionary,Hotels/Resorts
LNNGY,Li Ning Company Limited,3.67,3.54,100,100,12,Consumer Cyclical,Leisure
VCX,"Fundrise Growth Tech Fund, LLC",3.25,-59.6,3,4,2,,
COGT,"Cogent Biosciences, Inc.",-2.7,2.25,87,95,96,Health Care,Biotechnology: Pharmaceutical Preparations
EDNMF,Edenred SE,0.0,0.0,100,100,54,Financial Services,Credit Services
SKHCF,Sonic Healthcare Limited,14.2,23.51,100,100,45,Healthcare,Diagnostics & Research
OSCR,"Oscar Health, Inc.",-2.64,7.19,74,95,96,Health Care,Medical Specialities
CROX,"Crocs, Inc.",-1.78,10.68,90,100,89,Consumer Discretionary,Shoe Manufacturing
STEP,StepStone Group Inc.,-3.65,3.97,75,89,8,Finance,Investment Managers
CPA,"Copa Holdings, S.A.",-2.66,-12.4,13,54,68,Consumer Discretionary,Air Freight/Delivery Services
MNTHF,Minth Group Limited,0.0,60.85,87,100,82,Consumer Cyclical,Auto Parts
GLAPY,Glanbia plc,0.0,-3.93,27,67,93,Consumer Defensive,Packaged Foods
SQNXF,"Square Enix Holdings Co., Ltd.",0.0,-3.44,70,100,8,Communication Services,Electronic Gaming & Multimedia
CE,Celanese Corporation,0.99,-4.44,24,65,12,Industrials,Major Chemicals
TGTX,"TG Therapeutics, Inc.",-2.53,-2.66,35,87,93,Health Care,Biotechnology: Pharmaceutical Preparations
HLBBF,H. Lundbeck A/S,0.0,-5.95,23,52,28,Healthcare,Drug Manufacturers - Specialty & Generic
MRUWY,MRUWY,-4.54,-30.81,0,0,7,,
M,"Macy's, Inc.",-1.55,5.14,100,100,89,Consumer Discretionary,Department/Specialty Retail Stores
ENREF,Energix - Renewable Energies Ltd.,0.0,0.0,84,100,97,Utilities,Utilities - Renewable
WKCMF,Wacker Chemie AG,0.0,2.13,100,100,65,Basic Materials,Specialty Chemicals
ZETA,Zeta Global Holdings Corp.,0.87,12.2,100,100,75,Technology,Computer Software: Prepackaged Software
ATOGF,AUTO1 Group SE,0.0,4.63,58,100,42,Consumer Cyclical,Auto & Truck Dealerships
KOF,KOF,-1.55,1.84,94,100,64,Consumer Staples,Beverages (Production/Distribution)
OUT,OUTFRONT Media Inc.,0.49,-0.37,90,100,90,Real Estate,Real Estate Investment Trusts
NOVTU,Novanta Inc.,-0.37,-10.91,9,41,63,Miscellaneous,Industrial Machinery/Components
CHE,Chemed Corporation,4.2,15.81,100,100,77,Health Care,Medical/Nursing Services
RMSYF,Ramsay Health Care Limited,0.0,7.72,98,100,72,Healthcare,Medical Care Facilities
EMLZF,Emmi AG,0.0,-0.92,84,100,57,Consumer Defensive,Packaged Foods
SMBMY,Seatrium Limited,0.0,4.0,93,100,17,Energy,Oil & Gas Equipment & Services
BAFBF,Balfour Beatty plc,0.0,-1.79,100,100,72,Industrials,Engineering & Construction
TKECF,"Tokyo Electric Power Company Holdings, Incorporated",0.0,9.68,100,100,16,Utilities,Utilities - Renewable
BYCRF,"Baycurrent, Inc.",0.0,17.6,59,74,1,Industrials,Consulting Services
OBDC,Blue Owl Capital Corporation,-2.18,-0.83,79,98,23,Finance,Diversified Financial Services
EUTLF,Eutelsat Communications S.A.,0.85,-13.55,19,33,8,Communication Services,Telecom Services
NJR,New Jersey Resources Corporation,-0.68,6.08,100,100,73,Utilities,Oil/Gas Transmission
PIPR,Piper Sandler Companies,-4.71,2.05,64,80,17,Finance,Investment Bankers/Brokers/Service
BBRYF,Burberry Group plc,0.0,-3.75,78,100,20,Consumer Cyclical,Luxury Goods
DLKGF,Delek Group Ltd.,0.0,-89.92,0,1,1,Energy,Oil & Gas E&P
PREKF,PrairieSky Royalty Ltd.,2.48,10.73,100,100,74,Energy,Oil & Gas E&P
HWC,Hancock Whitney Corporation,0.05,3.02,100,100,76,Finance,Major Banks
BXSL,Blackstone Secured Lending Fund,-1.24,-2.87,56,100,25,Finance,Trusts Except Educational Religious and Charitable
PLUG,Plug Power Inc.,-3.06,-29.89,0,0,8,Energy,Industrial Machinery/Components
OZKAP,Bank OZK,0.24,3.71,100,100,38,Finance,Major Banks
MARA,"MARA Holdings, Inc.",-11.69,-27.65,0,0,10,Technology,EDP Services
FUPBY,Fuchs SE,0.48,8.42,100,100,45,Basic Materials,Specialty Chemicals
SSMXY,Sysmex Corporation,3.02,13.76,100,100,38,Healthcare,Medical Devices
ETCMY,Eutelsat Communications S.A.,0.0,-14.57,6,16,8,Communication Services,Telecom Services
BC,Brunswick Corporation,-1.89,-4.49,96,100,55,Industrials,Industrial Machinery/Components
MCY,MCY,-1.04,1.64,100,100,81,Finance,Property-Casualty Insurers
LB,LandBridge Company LLC,-0.15,-5.46,73,100,76,Energy,Oil & Gas Production
HOMB,"Home BancShares, Inc.",-0.16,10.09,100,100,65,Finance,Major Banks
FINN,"First National of Nebraska, Inc.",1.58,1.33,100,100,77,Financial Services,Banks - Regional
THKLY,"THK Co., Ltd.",-1.15,-19.09,2,5,75,Industrials,Specialty Industrial Machinery
AVAL,Grupo Aval Acciones y Valores S.A.,0.41,-2.58,72,100,76,Finance,Commercial Banks
EPAM,"EPAM Systems, Inc.",6.46,34.71,100,100,8,Technology,EDP Services
HRSEF,"Hirose Electric Co.,Ltd.",0.0,0.0,84,100,1,Technology,Electronic Components
TKMTY,TKMTY,0.0,6.23,95,100,8,Industrials,Railroads
CBUMF,China National Building Material Company Limited,1.74,-31.75,7,13,33,Basic Materials,Building Materials
RUSHB,"Rush Enterprises, Inc.",2.25,3.25,100,100,79,Consumer Discretionary,Retail-Auto Dealers and Gas Stations
LNNGF,Li Ning Company Limited,0.0,11.43,94,100,11,Consumer Cyclical,Leisure
VCTR,"Victory Capital Holdings, Inc.",-3.0,15.94,90,95,88,Finance,Investment Managers
NBCLF,"Nitto Boseki Co., Ltd.",-4.18,-42.86,0,0,98,Consumer Cyclical,Textile Manufacturing
EQPT,EquipmentShare.com Inc.,-7.14,-8.65,64,77,4,Consumer Discretionary,Diversified Commercial Services
IPGDF,IGO Limited,0.0,-21.23,6,12,42,Basic Materials,Other Industrial Metals & Mining
PSMT,"PriceSmart, Inc.",0.64,-1.42,92,100,90,Consumer Discretionary,Department/Specialty Retail Stores
HASI,"HA Sustainable Infrastructure Capital, Inc.",-2.86,-2.51,74,92,65,Finance,Finance/Investors Services
RICOY,"Ricoh Company, Ltd.",0.0,5.02,100,100,56,Industrials,Business Equipment & Supplies
RITM,Rithm Capital Corp.,2.15,9.31,100,100,30,Real Estate,Real Estate Investment Trusts
VSECU,VSE Corporation,-5.28,-13.89,0,21,39,Industrials,Aerospace & Defense
GLBE,Global-E Online Ltd.,3.5,15.92,100,100,69,Technology,Computer Software: Prepackaged Software
HLPPY,Hang Lung Properties Limited,0.65,2.86,83,100,17,Real Estate,Real Estate Services
ENGGY,"Enagás, S.A.",-2.01,1.02,85,100,67,Utilities,Utilities - Regulated Gas
ACHR,Archer Aviation Inc.,-7.05,-5.29,14,32,3,Industrials,Aerospace
BOOT,"Boot Barn Holdings, Inc.",-4.87,-8.15,38,72,15,Consumer Discretionary,Clothing/Shoe/Accessory Stores
OTF,Blue Owl Technology Finance Corp.,-1.19,-3.86,33,100,14,Financial Services,Asset Management
RNSHF,Renishaw plc,0.0,0.0,84,100,90,Technology,Scientific & Technical Instruments
SEI,"Solaris Energy Infrastructure, Inc.",-8.22,-46.04,0,0,14,Consumer Discretionary,Oil and Gas Field Machinery
CNVVF,Convatec Group PLC,0.0,8.06,96,100,25,Healthcare,Medical Instruments & Supplies
TOSCF,Tosoh Corporation,0.0,0.0,84,100,2,Basic Materials,Chemicals
GLNG,Golar LNG Limited,-2.73,-5.0,0,79,54,Consumer Discretionary,Marine Transportation
DSVSF,Discovery Mining Ltd.,-1.22,1.84,71,100,86,Basic Materials,Silver
SBRA,"Sabra Health Care REIT, Inc.",-0.94,13.02,99,100,72,Real Estate,Real Estate Investment Trusts
JAN,"Janus Living, Inc.",-0.92,9.29,100,100,83,Real Estate,Real Estate Investment Trusts
VLMTY,Valmet Oyj,0.0,0.0,84,100,10,Industrials,Specialty Industrial Machinery
BIPC,Brookfield Infrastructure Corporation,1.67,12.29,100,100,45,Utilities,Oil & Gas Production
MAPGF,Mapletree Logistics Trust,0.0,-9.52,21,61,31,Real Estate,REIT - Industrial
TMICY,Trend Micro Incorporated,3.41,10.89,100,100,31,Technology,Software - Infrastructure
BTDPY,Barratt Redrow plc,-0.77,4.32,100,100,21,Consumer Cyclical,Residential Construction
YKLTY,"Yakult Honsha Co.,Ltd.",0.0,-4.29,15,57,27,Consumer Defensive,Beverages - Non-Alcoholic
HSYDF,Harmonic Drive Systems Inc.,-4.2,-33.78,0,0,98,Industrials,Specialty Industrial Machinery
WHITF,Whitehaven Coal Limited,6.92,-4.67,98,100,34,Energy,Thermal Coal
CVLT,"Commvault Systems, Inc.",0.24,-15.11,7,10,46,Technology,Computer Software: Prepackaged Software
HRB,"H&R Block, Inc.",4.98,23.9,100,100,74,Consumer Discretionary,Other Consumer Services
COLZF,COLZF,0.0,0.0,84,100,99,Consumer Defensive,Beverages - Non-Alcoholic
SR,SR,-1.87,3.74,80,100,30,Utilities,Oil/Gas Transmission
OMAB,"Grupo Aeroportuario del Centro Norte, S.A.B. de C.V.",-1.75,-5.93,59,100,42,Consumer Discretionary,Aerospace
LBRDA,Liberty Broadband Corporation,3.65,2.34,100,100,7,Telecommunications,Cable & Other Pay Television Services
SXT,Sensient Technologies Corporation,-1.58,-0.56,86,100,63,Industrials,Major Chemicals
HLNE,Hamilton Lane Incorporated,-0.93,12.51,100,100,10,Finance,Investment Managers
PMNXF,Perseus Mining Limited,0.0,-2.83,99,100,44,Basic Materials,Gold
PAGP,"Plains GP Holdings, L.P.",1.48,9.85,100,100,85,Energy,Natural Gas Distribution
PBF,PBF Energy Inc.,3.85,39.17,94,100,97,Energy,Integrated oil Companies
ATDRY,Autotrader Group plc,0.0,6.83,100,100,15,Communication Services,Internet Content & Information
GMVHF,Entain Plc,-3.83,-2.7,70,86,10,Consumer Cyclical,Gambling
HSHZY,Hoshizaki Corporation,0.0,3.29,95,100,39,Industrials,Specialty Industrial Machinery
LBRT,Liberty Energy Inc.,-3.45,-34.75,6,10,14,Energy,Oilfield Services/Equipment
LEGIF,LEG Immobilien SE,0.0,0.0,84,100,12,Real Estate,Real Estate Services
MOHCY,Motor Oil (Hellas) Corinth Refineries S.A.,0.0,0.0,84,100,88,Energy,Oil & Gas Refining & Marketing
FNCNF,Fincantieri S.p.A.,0.0,25.51,98,100,9,Industrials,Aerospace & Defense
HISEF,"Hisense Home Appliances Group Co., Ltd.",0.0,96.25,95,100,97,Consumer Cyclical,"Furnishings, Fixtures & Appliances"
CAI,"Caris Life Sciences, Inc.",0.0,-12.51,17,43,5,Health Care,Medical Specialities
TKC,Turkcell Iletisim Hizmetleri A.S.,-1.64,-8.16,0,54,18,Telecommunications,Telecommunications Equipment
CHEOF,Cochlear Limited,5.49,4.72,100,100,9,Healthcare,Medical Devices
FFIN,"First Financial Bankshares, Inc.",0.09,1.85,90,100,53,Finance,Major Banks
DEXSF,DEXUS,0.0,-0.06,49,100,18,Real Estate,REIT - Office
LAZ,"Lazard, Inc.",-4.89,-3.03,19,57,12,Finance,Investment Managers
WHD,"Cactus, Inc.",-1.54,2.13,66,89,47,Consumer Discretionary,Oil and Gas Field Machinery
FBIN,"Fortune Brands Innovations, Inc.",-3.86,-10.53,26,80,42,Basic Materials,Forest Products
ORLA,Orla Mining Ltd.,-1.87,-8.68,32,61,6,Basic Materials,Precious Metals
ACLS,"Axcelis Technologies, Inc.",-6.65,-40.86,0,0,64,Technology,Industrial Machinery/Components
OCTV,Octave Intelligence plc,0.98,7.67,93,100,11,Technology,Computer Software: Prepackaged Software
CMZOF,"Corporación Moctezuma, S.A.B. de C.V.",0.0,0.0,84,100,99,Basic Materials,Building Materials
PI,"Impinj, Inc.",4.71,-2.74,76,100,32,Technology,Industrial Machinery/Components
SKBNF,Shikun & Binui Ltd.,0.0,0.0,84,100,93,Industrials,Engineering & Construction
MIR,"Mirion Technologies, Inc.",-13.22,-18.74,0,0,5,Industrials,Industrial Machinery/Components
BKEAF,"The Bank of East Asia, Limited",0.0,26.95,100,100,60,Financial Services,Banks - Regional
REYN,Reynolds Consumer Products Inc.,-0.43,-4.28,46,100,71,Consumer Discretionary,Containers/Packaging
DNPUF,"Sumitomo Pharma Co., Ltd.",0.0,-10.63,26,65,10,Healthcare,Drug Manufacturers - Specialty & Generic
TTCIF,Titan S.A.,0.0,1.82,88,100,62,Basic Materials,Building Materials
RDN,RDN,1.12,5.42,100,100,68,Finance,Property-Casualty Insurers
CSW,"CSW Industrials, Inc.",-8.8,-2.04,28,54,29,Industrials,Home Furnishings
NGXXF,NGEx Minerals Ltd.,0.94,2.07,81,100,39,Basic Materials,Other Industrial Metals & Mining
SAIC,Science Applications International Corporation,-3.77,6.32,84,91,70,Technology,EDP Services
AIR,AIR,-3.84,-5.27,72,86,89,Industrials,Aerospace
MONDY,Mondi plc,0.24,15.12,100,100,20,Basic Materials,Paper & Paper Products
SHC,Sotera Health Company,-1.3,-1.24,67,100,62,Health Care,Misc Health and Biotechnology Services
KNF,Knife River Corporation,-3.52,-8.88,3,64,35,Industrials,Mining & Quarrying of Nonmetallic Minerals (No Fuels)
FLIDY,FLSmidth & Co. A/S,2.67,12.9,100,100,37,Industrials,Specialty Industrial Machinery
ACIW,"ACI Worldwide, Inc.",0.35,19.67,100,100,84,Technology,Computer Software: Prepackaged Software
NPIFF,Northland Power Inc.,-0.26,-2.61,82,100,25,Utilities,Utilities - Renewable
KBR,"KBR, Inc.",-3.93,4.05,73,86,19,Industrials,Military/Government/Technical
MAUTF,Montage Gold Corp.,-1.83,1.37,79,100,96,Basic Materials,Gold
MDU,"MDU Resources Group, Inc.",-3.05,-5.66,19,72,38,Industrials,Mining & Quarrying of Nonmetallic Minerals (No Fuels)
PONY,Pony AI Inc.,1.06,10.22,100,100,3,Technology,EDP Services
MCARY,"Mercari, Inc.",-3.15,18.44,77,87,87,Consumer Cyclical,Internet Retail
LIMAF,Linamar Corporation,0.0,4.87,100,100,82,Consumer Cyclical,Auto Parts
MRVGF,Mirvac Group,0.0,0.0,84,100,22,Real Estate,REIT - Diversified
EPR,EPR Properties,-0.61,10.21,100,100,73,Real Estate,Real Estate Investment Trusts
PFSI,"PennyMac Financial Services, Inc.",0.4,-1.22,100,100,12,Finance,Finance: Consumer Services
HNGE,"Hinge Health, Inc.",-1.58,-10.77,5,19,94,Technology,EDP Services
TCBI,"Texas Capital Bancshares, Inc.",-0.29,-4.69,17,66,46,Finance,Major Banks
MAT,"Mattel, Inc.",-0.45,10.73,100,100,21,Consumer Discretionary,Recreational Games/Products/Toys
NRSDY,Nordic Semiconductor ASA,0.0,-6.91,15,38,51,Technology,Semiconductors
VVV,Valvoline Inc.,-1.37,0.28,100,100,70,Industrials,Major Chemicals
PVH,PVH Corp.,1.63,18.96,100,100,56,Industrials,Garments and Clothing
JTKWY,Just Eat Takeaway.com N.V.,0.0,1.83,67,92,19,,
BCO,The Brink's Company,2.94,29.08,100,100,61,Industrials,Integrated Freight & Logistics
WING,Wingstop Inc.,3.4,-19.58,18,34,4,Consumer Discretionary,Restaurants
AXXTF,Axiata Group Berhad,0.0,0.0,84,100,20,Communication Services,Telecom Services
FHI,"Federated Hermes, Inc.",-0.74,8.8,100,100,67,Finance,Investment Managers
PLNT,"Planet Fitness, Inc.",0.45,7.71,100,100,5,Consumer Discretionary,Hotels/Resorts
TNL,Travel + Leisure Co.,-0.94,1.67,100,100,73,Consumer Discretionary,Hotels/Resorts
APEMY,Aperam S.A.,0.0,14.56,100,100,87,Basic Materials,Steel
HKMPY,Hikma Pharmaceuticals PLC,0.0,5.51,100,100,41,Healthcare,Drug Manufacturers - Specialty & Generic
RXO,"RXO, Inc.",-1.55,-19.21,0,2,81,Consumer Discretionary,Transportation Services
RELY,"Remitly Global, Inc.",-0.17,3.93,46,87,83,Consumer Discretionary,Business Services
LBTYA,Liberty Global Ltd.,3.03,-7.39,64,100,29,Telecommunications,Cable & Other Pay Television Services
KKKUF,"Kakaku.com, Inc.",0.0,9.86,100,100,91,Communication Services,Internet Content & Information
SOOBF,Sapporo Breweries Limited,0.0,14.92,97,100,1,Consumer Defensive,Beverages - Brewers
SLMBP,SLM Corporation,0.07,1.07,100,100,44,Finance,Finance: Consumer Services
TWST,Twist Bioscience Corporation,-3.48,-16.92,0,26,97,Health Care,Biotechnology: Biological Products (No Diagnostic Substances)
TDS,TDS,-0.15,-8.27,38,100,12,Telecommunications,Telecommunications Equipment
FULT,Fulton Financial Corporation,-0.89,1.92,99,100,78,Finance,Major Banks
GNNSF,Genscript Biotech Corporation,0.0,25.0,99,100,63,Healthcare,Biotechnology
FMCCK,Federal Home Loan Mortgage Corporation,-1.92,-15.28,33,56,4,Financial Services,Mortgage Finance
FMCCI,Federal Home Loan Mortgage Corporation,0.0,-7.27,67,100,7,Financial Services,Mortgage Finance
FMCC,Federal Home Loan Mortgage Corporation,-1.77,-7.36,69,100,9,Financial Services,Mortgage Finance
FMCKK,Federal Home Loan Mortgage Corporation PFD,-1.9,-11.43,34,66,6,Unknown,Unknown
FMCKM,Federal Home Loan Mortgage Corporation,-0.27,-10.78,46,75,6,Financial Services,Mortgage Finance
FMCCO,Federal Home Loan Mortgage Corporation,0.0,-12.62,26,54,5,Financial Services,Mortgage Finance
FMCCL,Federal Home Loan Mortgage Corporation,0.09,-12.94,23,53,5,Financial Services,Mortgage Finance
ITVPY,ITV plc,-0.29,-5.28,61,100,32,Communication Services,Broadcasting
SRAD,Sportradar Group AG,0.88,-0.13,54,95,16,Technology,Computer Software: Programming Data Processing
NCTKF,Nabtesco Corporation,0.0,-12.02,6,9,80,Industrials,Specialty Industrial Machinery
WPP,WPP plc,1.55,39.64,100,100,48,Consumer Discretionary,Advertising
JGCCY,JGC Holdings Corporation,0.0,-24.06,10,28,76,Industrials,Engineering & Construction
NCTKY,Nabtesco Corporation,-1.94,-10.1,0,0,68,Industrials,Specialty Industrial Machinery
NINOF,Nikon Corporation,0.0,-1.81,88,100,1,Consumer Cyclical,Leisure
ESYJY,easyJet plc,0.24,9.79,58,78,90,Industrials,Airlines
OPLN,"OPENLANE, Inc.",0.25,-1.94,100,100,89,Consumer Discretionary,Retail-Auto Dealers and Gas Stations
BBWI,"Bath & Body Works, Inc.",-3.9,-14.83,25,70,18,Consumer Discretionary,Clothing/Shoe/Accessory Stores
LMGIF,Lumine Group Inc.,2.94,14.38,100,100,21,Technology,Software - Application
PII,Polaris Inc.,-6.02,-1.69,46,63,55,Consumer Discretionary,Industrial Specialties
RUM,RUM Group Inc.,-6.14,-10.73,13,50,11,Technology,Computer Software: Programming Data Processing
GCWOF,"GCC, S.A.B. de C.V.",0.0,0.61,100,100,51,Basic Materials,Building Materials
USAC,"USA Compression Partners, LP",-1.74,-1.64,65,100,49,Utilities,Natural Gas Distribution
NDGPY,Nine Dragons Paper (Holdings) Limited,0.0,10.39,100,100,80,Basic Materials,Paper & Paper Products
SEZL,Sezzle Inc.,-2.73,-11.03,3,15,96,Finance,Finance: Consumer Services
KTB,"Kontoor Brands, Inc.",-3.27,2.21,71,89,79,Industrials,Garments and Clothing
GCPEF,GCL Technology Holdings Limited,0.0,0.0,100,100,5,Technology,Solar
MWA,"Mueller Water Products, Inc.",-2.86,-2.56,78,92,27,Industrials,Metal Fabrications
BBAR,Banco BBVA Argentina S.A.,0.0,-3.54,15,62,83,Finance,Commercial Banks
LRN,"Stride, Inc.",1.91,13.3,100,100,31,Real Estate,Other Consumer Services
CRK,"Comstock Resources, Inc.",1.86,-15.48,19,45,5,Energy,Oil & Gas Production
HLPMF,HELLENiQ ENERGY Holdings S.A.,0.0,11.31,97,100,85,Energy,Oil & Gas Refining & Marketing
VEON,VEON Ltd.,-2.0,-3.12,18,100,31,Telecommunications,Telecommunications Equipment
SNPHY,"Santen Pharmaceutical Co., Ltd.",-0.5,-11.45,21,46,61,Healthcare,Drug Manufacturers - General
TTVSY,TTVSY,-1.24,3.79,100,100,10,Technology,Software - Application
QLYS,"Qualys, Inc.",-0.46,-1.72,11,30,77,Technology,Computer Software: Prepackaged Software
BELFB,Bel Fuse Inc.,-3.4,-27.19,0,14,83,Technology,Electronic Components
NPSKY,NSK Ltd.,-1.17,-5.71,24,74,56,Consumer Cyclical,Auto Parts
WYNMF,"Wynn Macau, Limited",0.0,10.61,100,100,27,Consumer Cyclical,Resorts & Casinos
ATMU,Atmus Filtration Technologies Inc.,-7.48,-1.06,38,63,34,Consumer Discretionary,Auto Parts:O.E.M.
INDB,Independent Bank Corp.,-1.42,1.43,100,100,68,Finance,Major Banks
MRX,Marex Group Limited,-1.59,3.59,45,83,93,Finance,Investment Bankers/Brokers/Service
WYNMY,"Wynn Macau, Limited",0.0,12.5,100,100,31,Consumer Cyclical,Resorts & Casinos
HAFN,Hafnia Limited,0.53,14.16,100,100,74,Consumer Discretionary,Transportation Services
GPI,"Group 1 Automotive, Inc.",2.09,22.94,100,100,25,Consumer Discretionary,Retail-Auto Dealers and Gas Stations
NG,NovaGold Resources Inc.,-0.52,-3.02,58,82,8,Basic Materials,Precious Metals
EE,EE,-0.19,-1.92,21,79,78,Utilities,Oil/Gas Transmission
ARIS,Aris Mining Corporation,-3.94,-6.77,28,54,57,Basic Materials,Gold
BOX,BOX,2.92,22.16,100,100,67,Technology,Computer Software: Prepackaged Software
KNSA,"Kiniksa Pharmaceuticals International, plc",1.86,26.54,100,100,97,Health Care,Biotechnology: Pharmaceutical Preparations
EDVGF,Endeavour Group Limited,0.0,0.0,84,100,24,Consumer Defensive,Beverages - Wineries & Distilleries
STUB,"StubHub Holdings, Inc.",-0.12,-33.72,7,12,8,Consumer Discretionary,Services-Misc. Amusement & Recreation
PEYUF,Peyto Exploration & Development Corp.,3.2,10.51,98,100,62,Energy,Oil & Gas E&P
PALAF,Paladin Energy Ltd,-4.02,-7.19,27,49,24,Energy,Uranium
FG,"F&G Annuities & Life, Inc.",-3.09,10.98,59,82,40,Finance,Life Insurance
SA,Seabridge Gold Inc.,0.88,-1.9,45,85,44,Basic Materials,Precious Metals
ITRI,"Itron, Inc.",-4.38,18.26,88,91,32,Industrials,Electrical Products
SEYMF,"Solaria Energía y Medio Ambiente, S.A.",0.0,-14.81,84,100,97,Utilities,Utilities - Renewable
PIFMF,PT Indofood Sukses Makmur Tbk,0.0,-2.38,91,100,13,Consumer Defensive,Packaged Foods
BBAJF,"Banco del Bajío, S.A., Institución de Banca Múltiple",0.0,6.45,96,100,1,Financial Services,Banks - Regional
AAP,AAP,-0.46,-5.66,73,100,51,Consumer Discretionary,Auto & Home Supply Stores
ADOOY,PT Alamtri Resources Indonesia Tbk,0.0,7.88,100,100,66,Energy,Thermal Coal
NINOY,Nikon Corporation,0.67,-14.07,14,21,54,Consumer Cyclical,Leisure
FSRPF,Frasers Property Limited,0.0,0.0,84,100,56,Real Estate,Real Estate - Diversified
HEGIY,Hengan International Group Company Limited,2.65,16.06,100,100,32,Consumer Defensive,Household & Personal Products
ZLDPY,Zealand Pharma A/S,0.0,9.79,96,100,15,Healthcare,Biotechnology
BHFAN,"Brighthouse Financial, Inc.",-0.44,-5.26,39,100,20,Finance,Life Insurance
BHFAP,"Brighthouse Financial, Inc.",-0.43,-5.64,39,100,20,Finance,Life Insurance
AFLYY,Air France-KLM SA,-3.62,-10.14,32,55,62,Industrials,Airlines
HIMX,"Himax Technologies, Inc.",-2.84,-24.12,0,0,74,Technology,Semiconductors
DRXGY,Drax Group plc,-14.68,-14.68,0,0,22,Utilities,Utilities - Renewable
AFRAF,Air France-KLM SA,0.0,10.16,96,100,72,Industrials,Airlines
RGRNF,Regis Resources Limited,2.0,9.29,89,100,52,Basic Materials,Gold
WGXRF,Westgold Resources Limited,-0.66,1.41,88,100,39,Basic Materials,Gold
JPSWY,"The Japan Steel Works, Ltd.",0.27,-5.23,19,45,7,Industrials,Specialty Industrial Machinery
INFQ,"Infleqtion, Inc.",-7.64,-33.71,1,10,3,Technology,EDP Services
ORKA,"Oruka Therapeutics, Inc.",-2.63,-7.46,66,92,98,Health Care,Biotechnology: In Vitro & In Vivo Diagnostic Substances
IIJIY,Internet Initiative Japan Inc.,2.85,18.11,100,100,84,Communication Services,Telecom Services
OGN,Organon & Co.,0.15,0.0,100,100,81,Health Care,Biotechnology: Pharmaceutical Preparations
DLO,DLocal Limited,-1.95,12.27,76,100,57,Consumer Discretionary,Business Services
PBMRY,PT Bumi Resources Tbk,0.0,0.0,100,100,20,Energy,Thermal Coal
ARX,Accelerant Holdings,-15.76,5.8,8,30,13,Finance,Specialty Insurers
ANF,Abercrombie & Fitch Co.,-0.65,13.87,100,100,71,Consumer Discretionary,Clothing/Shoe/Accessory Stores
APLE,"Apple Hospitality REIT, Inc.",-0.06,0.0,100,100,88,Real Estate,Real Estate Investment Trusts
FIZZ,National Beverage Corp.,0.46,15.91,100,100,34,Consumer Staples,Beverages (Production/Distribution)
ARCVF,Arcadis NV,0.0,25.33,100,100,51,Industrials,Engineering & Construction
BRCTF,BioArctic AB (publ),0.0,-9.2,16,55,65,Healthcare,Biotechnology
SMG,The Scotts Miracle-Gro Company,-3.79,3.26,83,90,62,Industrials,Agricultural Chemicals
GBDC,"Golub Capital BDC, Inc.",-1.23,-0.62,75,100,31,Finance,Finance: Consumer Services
ASO,"Academy Sports and Outdoors, Inc.",-2.68,4.12,91,96,24,Consumer Discretionary,Other Specialty Stores
MMTOY,Mitsubishi Motors Corporation,0.0,0.0,84,100,21,Consumer Cyclical,Auto Manufacturers
SKYW,"SkyWest, Inc.",-3.6,10.4,88,92,66,Consumer Discretionary,Air Freight/Delivery Services
BEAM,Beam Therapeutics Inc.,-1.03,-24.18,10,16,27,Health Care,Biotechnology: Biological Products (No Diagnostic Substances)
ICUI,"ICU Medical, Inc.",0.45,13.59,100,100,83,Health Care,Medical/Dental Instruments
CLZNY,Clariant AG,0.0,-1.62,100,100,42,Basic Materials,Specialty Chemicals
HTWSF,Helios Towers plc,-1.38,1.12,99,100,78,Communication Services,Telecom Services
SXI,Standex International Corporation,-6.53,-23.26,0,0,71,Industrials,Industrial Machinery/Components
CVI,"CVR Energy, Inc.",2.61,25.71,100,100,66,Energy,Integrated oil Companies
WSBCO,"WesBanco, Inc.",-0.31,1.67,100,100,43,Finance,Major Banks
GPK,GPK,-2.75,7.19,91,96,16,Consumer Discretionary,Containers/Packaging
CSQ,Calamos Strategic Total Return Fund,-2.01,-4.43,0,100,48,Finance,Finance Companies
BTU,BTU,-10.41,-9.95,0,22,14,Energy,Coal Mining
SNYYF,Sany Heavy Equipment International Holdings Company Limited,-1.63,10.26,99,100,10,Industrials,Farm & Heavy Construction Machinery
CAKE,The Cheesecake Factory Incorporated,13.63,27.16,100,100,95,Consumer Discretionary,Restaurants
PEGRY,Pennon Group Plc,-1.68,2.82,82,100,22,Utilities,Utilities - Regulated Water
AAUC,Allied Gold Corporation,-18.28,-28.39,0,0,10,Basic Materials,Gold
MMS,"Maximus, Inc.",0.35,17.5,100,100,14,Consumer Discretionary,Business Services
UPST,"Upstart Holdings, Inc.",-4.39,-24.92,0,8,3,Finance,Finance: Consumer Services
FFBC,First Financial Bancorp.,0.09,-0.03,47,94,79,Finance,Major Banks
CLCMF,Sinch AB (publ),0.0,0.0,9,69,82,Communication Services,Telecom Services
THYCY,Taiheiyo Cement Corporation,-8.5,-8.5,0,4,33,Basic Materials,Building Materials
TDC,TDC,4.93,-11.6,40,56,77,Technology,Computer Software: Prepackaged Software
PRMRY,Paramount Resources Ltd.,0.0,1.18,94,100,39,Energy,Oil & Gas E&P
TNGX,"Tango Therapeutics, Inc.",-3.0,-17.31,0,3,98,Health Care,Biotechnology: Pharmaceutical Preparations
BATRK,"Atlanta Braves Holdings, Inc.",0.59,-1.33,83,100,66,Consumer Discretionary,Services-Misc. Amusement & Recreation
ERO,Ero Copper Corp.,-1.25,-5.5,63,96,61,Basic Materials,Metal Mining
TLX,Telix Pharmaceuticals Limited,-0.88,-12.4,13,29,29,Health Care,Biotechnology: Pharmaceutical Preparations
HSAI,Hesai Group,2.7,-10.37,56,89,6,Industrials,Industrial Machinery/Components
VC,Visteon Corporation,-0.2,7.57,100,100,37,Consumer Discretionary,Auto Parts:O.E.M.
CZGZF,Colt CZ Group SE,0.0,176.89,99,100,98,Industrials,Aerospace & Defense
CRVL,CorVel Corporation,0.99,-0.43,85,100,22,Finance,Specialty Insurers
CGNMF,CGN Mining Company Limited,-13.72,-13.72,0,0,7,Energy,Uranium
UNFI,"United Natural Foods, Inc.",-1.22,9.83,100,100,81,Consumer Discretionary,Food Distributors
TENB,"Tenable Holdings, Inc.",0.35,-14.64,6,14,81,Technology,Computer Software: Prepackaged Software
PRK,Park National Corporation,2.7,16.16,100,100,82,Finance,Major Banks
VTMX,"Corporación Inmobiliaria Vesta, S.A.B. de C.V.",-0.8,1.59,100,100,58,Finance,Real Estate
KURRY,"Kuraray Co., Ltd.",0.0,2.39,100,100,36,Basic Materials,Chemicals
YAMCF,Yamaha Corporation,0.0,0.0,100,100,33,Consumer Cyclical,Leisure
EQGPF,EQB Inc.,0.0,5.42,61,94,79,Financial Services,Banks - Regional
BXMT,"Blackstone Mortgage Trust, Inc.",-1.44,-3.24,16,100,20,Real Estate,Real Estate Investment Trusts
GRAL,"GRAIL, Inc.",-1.52,-7.07,0,18,51,Health Care,Medical Specialities
BKD,Brookdale Senior Living Inc.,-3.32,-7.64,62,90,88,Health Care,Hospital/Nursing Management
BGSI,Boyd Group Services Inc.,-2.38,16.51,95,98,9,Consumer Cyclical,Auto & Truck Dealerships
WLHSF,WLHSF,0.0,-6.24,84,100,99,Industrials,Marine Shipping
ULVAF,"ULVAC, Inc.",0.0,19.32,98,100,1,Industrials,Specialty Industrial Machinery
JSGRY,LIXIL Corporation,0.0,2.67,98,100,51,Industrials,Building Products & Equipment
HYPMY,Hypera S.A.,-1.2,0.99,100,100,23,Healthcare,Drug Manufacturers - Specialty & Generic
EFXT,Enerflex Ltd.,-2.49,-13.79,0,19,90,Industrials,Industrial Machinery/Components
APAM,Artisan Partners Asset Management Inc.,-1.32,16.83,100,100,40,Finance,Investment Managers
VGPBF,VGP NV,-1.33,-2.37,66,96,20,Real Estate,Real Estate Services
AWR,American States Water Company,-0.23,6.33,100,100,68,Utilities,Water Supply
MITFY,Mitie Group plc,0.0,35.75,99,100,82,Industrials,Specialty Business Services
WRBY,Warby Parker Inc.,0.12,-14.21,43,73,58,Health Care,Ophthalmic Goods
BCCLF,"Becle, S.A.B. de C.V.",5.17,10.49,100,100,12,Consumer Defensive,Beverages - Wineries & Distilleries
TTAM,Titan America SA,-9.36,-14.42,0,21,40,Industrials,Mining & Quarrying of Nonmetallic Minerals (No Fuels)
LFST,"LifeStance Health Group, Inc.",-3.38,1.4,54,87,96,Health Care,Medical/Nursing Services
JNPKF,Jenoptik AG,-6.12,-23.61,0,0,92,Technology,Electronic Components
KALU,Kaiser Aluminum Corporation,-6.61,-22.26,0,23,82,Industrials,Metal Fabrications
CSAN,Cosan S.A.,-1.61,6.25,96,100,7,Consumer Discretionary,Retail-Auto Dealers and Gas Stations
BANC,"Banc of California, Inc.",-12.23,-9.01,0,0,47,Finance,Major Banks
BKFKF,P/F Bakkafrost,0.0,12.24,100,100,38,Consumer Defensive,Farm Products
TE,T1 Energy Inc.,-10.36,-60.76,0,0,61,Miscellaneous,Industrial Machinery/Components
ADEA,Adeia Inc.,-7.95,-29.7,0,0,70,Technology,Computer Software: Prepackaged Software
TNIPF,TNIPF,7.05,17.26,56,59,63,Unknown,Unknown
SGAMY,Sega Sammy Holdings Inc.,5.26,26.8,100,100,49,Communication Services,Electronic Gaming & Multimedia
LYSFF,Lerøy Seafood Group ASA,0.0,0.0,100,100,18,Consumer Defensive,Packaged Foods
EXG,EXG,-0.73,-2.4,90,100,51,Finance,Finance Companies
SMIZF,"Meliá Hotels International, S.A.",0.0,0.0,100,100,82,Consumer Cyclical,Lodging
WT,"WisdomTree, Inc.",-6.03,7.67,34,67,76,Finance,Investment Bankers/Brokers/Service
BKV,BKV Corporation,-0.68,-14.8,5,13,24,Energy,Oil & Gas Production
RMTHF,Matrix IT Ltd.,-1.11,9.45,66,100,17,Technology,Information Technology Services
HTGC,"Hercules Capital, Inc.",-1.66,1.27,97,100,33,Finance,Investment Managers
QNTQF,QinetiQ Group plc,0.0,16.09,100,100,37,Industrials,Aerospace & Defense
NHC,National HealthCare Corporation,-1.01,8.19,100,100,95,Health Care,Hospital/Nursing Management
TROLB,"Tootsie Roll Industries, Inc.",0.0,0.0,100,100,39,Consumer Defensive,Confectioners
BOSSY,Hugo Boss AG,0.0,0.0,100,100,25,Consumer Cyclical,Apparel Manufacturing
WOLF,"Wolfspeed, Inc.",-8.32,-58.42,0,0,15,Technology,Semiconductors
EOSE,"Eos Energy Enterprises, Inc.",-6.82,-46.6,0,0,1,Miscellaneous,Industrial Machinery/Components
TCAPF,TP ICAP Group PLC,0.0,0.0,84,100,79,Financial Services,Capital Markets
JPC,Nuveen Preferred & Income Opportunities Fund,-0.52,-1.75,100,100,37,Finance,Investment Managers
PENG,"Penguin Solutions, Inc.",-9.2,-42.51,0,0,96,Technology,Semiconductors
UE,Urban Edge Properties,-0.78,0.44,79,100,63,Finance,Real Estate
VBVBF,Verbio SE,0.0,0.0,84,100,97,Basic Materials,Specialty Chemicals
PARR,"Par Pacific Holdings, Inc.",5.03,48.13,100,100,97,Energy,Oil & Gas Production
NN,NextNav Inc.,-2.53,-26.47,16,26,16,Industrials,Industrial Machinery/Components
RH,RH,-0.87,6.93,69,91,47,Consumer Discretionary,Other Specialty Stores
AZLGY,AZLGY,0.0,2.39,84,100,12,Basic Materials,Specialty Chemicals
GPCR,Structure Therapeutics Inc.,-1.13,-11.78,25,43,89,Health Care,Biotechnology: Pharmaceutical Preparations
FRSH,Freshworks Inc.,3.85,14.72,100,100,61,Technology,Computer Software: Prepackaged Software
STNE,StoneCo Ltd.,-1.79,1.11,84,100,18,Technology,EDP Services
AMBBY,Ambu A/S,0.0,15.78,100,100,14,Healthcare,Medical Devices
NYAX,Nayax Ltd.,-0.93,3.83,80,100,77,Technology,Computer Software: Prepackaged Software
BWIN,"The Baldwin Insurance Group, Inc.",-1.43,6.17,100,100,54,Finance,Specialty Insurers
CCC,CCC Intelligent Solutions Holdings Inc.,-1.14,17.25,89,100,22,Technology,Computer Software: Prepackaged Software
SHAK,Shake Shack Inc.,-0.24,12.55,100,100,3,Consumer Discretionary,Restaurants
ELALF,El Al Israel Airlines Ltd.,0.0,5.49,67,88,77,Industrials,Airlines
PASTF,OPmobility SE,0.0,0.0,84,100,84,Consumer Cyclical,Auto Parts
FPLSF,5N Plus Inc.,-3.15,-27.14,0,2,92,Basic Materials,Specialty Chemicals
DK,DK,3.38,27.77,96,100,97,Energy,Integrated oil Companies
CURLF,"Curaleaf Holdings, Inc.",-2.63,-22.66,0,0,62,Healthcare,Drug Manufacturers - Specialty & Generic
FBK,FB Financial Corporation,0.07,7.84,100,100,57,Finance,Major Banks
EOGSF,Emerald Resources NL,0.0,-4.99,64,100,37,Basic Materials,Gold
QUBT,Quantum Computing Inc.,-5.44,-24.74,0,10,4,Technology,Computer Software: Prepackaged Software
RLAY,"Relay Therapeutics, Inc.",0.44,-1.82,36,78,98,Health Care,Biotechnology: Biological Products (No Diagnostic Substances)
WLWHY,Woolworths Holdings Limited,0.0,-13.64,10,30,16,Consumer Cyclical,Department Stores
CECO,CECO Environmental Corp.,-11.35,-34.08,0,0,49,Industrials,Pollution Control Equipment
MGRC,McGrath RentCorp,-2.48,-2.93,82,96,34,Consumer Discretionary,Diversified Commercial Services
APELY,"Alps Alpine Co., Ltd.",0.0,2.7,93,100,47,Technology,Electronic Components
SMGBF,San Miguel Corporation,0.0,0.0,100,100,16,Industrials,Conglomerates
SMTGY,SMA Solar Technology AG,0.0,11.05,55,73,96,Technology,Solar
LCII,LCI Industries,-1.04,0.63,100,100,31,Consumer Discretionary,Auto Parts:O.E.M.
WRD,WeRide Inc.,-0.52,-0.69,73,100,4,Technology,EDP Services
PLBL,Polibeli Group Ltd,-17.33,-33.57,0,0,5,Consumer Discretionary,Consumer Electronics/Appliances
WAFD,"WaFd, Inc.",-0.16,-4.51,33,91,66,Finance,Major Banks
CESDF,CES Energy Solutions Corp.,0.0,2.29,98,100,88,Energy,Oil & Gas Equipment & Services
SAH,"Sonic Automotive, Inc.",7.61,32.87,100,100,94,Consumer Discretionary,Retail-Auto Dealers and Gas Stations
UTF,UTF,-0.5,0.81,95,100,59,Finance,Finance Companies
PAGS,PagSeguro Digital Ltd.,-0.73,5.41,100,100,33,Technology,EDP Services
AEMFF,AEM Holdings Ltd.,0.0,-13.89,19,33,99,Technology,Semiconductor Equipment & Materials
TRN,"Trinity Industries, Inc.",-3.6,7.05,83,91,82,Industrials,Railroads
AAMI,Acadian Asset Management Inc.,-2.02,13.02,91,100,92,Finance,Investment Managers
IFMNF,Dentsu Soken Inc.,0.0,0.0,84,100,98,Technology,Information Technology Services
GDV,The Gabelli Dividend & Income Trust,-1.4,1.12,100,100,53,Finance,Investment Managers
TARS,"Tarsus Pharmaceuticals, Inc.",-0.73,-7.02,28,49,37,Health Care,Biotechnology: Biological Products (No Diagnostic Substances)
VERA,"Vera Therapeutics, Inc.",-2.43,-24.24,0,0,40,Health Care,Biotechnology: Pharmaceutical Preparations
PPAAF,PT Perusahaan Gas Negara (Persero) Tbk,0.0,11.29,97,100,1,Utilities,Utilities - Regulated Gas
HUBG,"Hub Group, Inc.",-0.06,8.91,60,87,69,Industrials,Integrated Freight & Logistics
FRMEP,First Merchants Corporation,-3.76,-0.43,59,84,42,Finance,Major Banks
FRPT,"Freshpet, Inc.",1.18,4.77,100,100,28,Consumer Staples,Packaged Foods
THUPY,Thule Group AB (publ),0.0,6.09,100,100,17,Consumer Cyclical,Leisure
CEPU,Central Puerto S.A.,-1.03,-3.23,36,85,55,Utilities,Electric Utilities: Central
SMSOF,Samsonite Group S.A.,0.0,-1.14,100,100,21,Consumer Cyclical,Footwear & Accessories
PENN,"PENN Entertainment, Inc.",0.57,-0.75,82,100,77,Consumer Discretionary,Hotels/Resorts
CSPKY,COSCO SHIPPING Ports Limited,0.0,10.44,62,84,24,Industrials,Marine Shipping
SPNT,SiriusPoint Ltd.,-1.9,7.54,96,100,77,Finance,Property-Casualty Insurers
KMT,Kennametal Inc.,-5.78,-4.28,48,71,58,Industrials,Industrial Machinery/Components
WFRSF,West African Resources Limited,0.0,-3.74,0,12,30,Basic Materials,Gold
WERN,"Werner Enterprises, Inc.",-4.33,-15.69,0,0,69,Industrials,Trucking Freight/Courier Services
ICHR,"Ichor Holdings, Ltd.",-8.59,-44.56,0,0,96,Technology,Semiconductors
NMRK,"Newmark Group, Inc.",-8.06,-1.46,37,58,22,Finance,Real Estate
AERO,AERO,-3.08,-16.22,16,43,15,Consumer Discretionary,Air Freight/Delivery Services
VVVNF,Vivendi SE,0.0,-7.76,41,61,7,Communication Services,Electronic Gaming & Multimedia
NIQ,NIQ,2.31,28.02,100,100,17,Technology,Computer Software: Programming Data Processing
NESR,National Energy Services Reunited Corp.,-4.46,-18.44,0,0,95,Energy,Oilfield Services/Equipment
TSRYY,Treasury Wine Estates Limited,2.69,5.52,100,100,26,Consumer Defensive,Beverages - Wineries & Distilleries
BBT,Beacon Financial Corporation,-0.37,-2.0,67,100,53,Finance,Banks
NZF,Nuveen Municipal Credit Income Fund,-0.65,-2.78,72,100,43,Finance,Finance Companies
TNK,Teekay Tankers Ltd.,1.82,20.52,100,100,82,Consumer Discretionary,Marine Transportation
REMYY,Rémy Cointreau SA,4.04,17.74,100,100,58,Consumer Defensive,Beverages - Wineries & Distilleries
AMSC,American Superconductor Corporation,-7.34,-35.82,0,0,3,Consumer Discretionary,Metal Fabrications
HMSNF,Hammerson Plc,0.0,2.06,100,100,71,Real Estate,REIT - Retail
OXINF,Oxford Instruments plc,0.0,-5.59,20,83,80,Technology,Scientific & Technical Instruments
ANGGF,Angang Steel Company Limited,0.0,0.0,100,100,3,Basic Materials,Steel
AMBP,Ardagh Metal Packaging S.A.,-4.8,4.64,80,86,82,Industrials,Containers/Packaging
BOWFF,Boardwalk Real Estate Investment Trust,0.0,2.32,100,100,28,Real Estate,REIT - Residential
MTX,Minerals Technologies Inc.,-2.05,-0.31,91,100,59,Basic Materials,Major Chemicals
ENDTF,Canoe EIT Income Fund,-0.47,4.8,100,100,57,Financial Services,Asset Management
ETY,Eaton Vance Tax-Managed Diversified Equity Income Fund,-0.99,-2.71,38,100,30,Finance,Finance Companies
CLBEY,"Calbee, Inc.",3.45,6.9,100,100,41,Consumer Defensive,Packaged Foods
BIRDF,Bird Construction Inc.,-5.3,0.31,23,42,96,Industrials,Engineering & Construction
ASAIY,Sendas Distribuidora S.A.,6.91,-4.39,61,100,27,Consumer Defensive,Grocery Stores
SOTDF,Ströer SE & Co. KGaA,0.0,0.0,84,100,19,Communication Services,Advertising Agencies
LCLN,"Lincoln International, Inc.",-3.34,-7.88,27,68,31,Finance,Investment Managers
TMDX,"TransMedics Group, Inc.",2.24,17.43,100,100,5,Health Care,Biotechnology: Electromedical & Electrotherapeutic Apparatus
AOZOY,"Aozora Bank, Ltd.",0.0,22.27,100,100,71,Financial Services,Banks - Regional
KYN,"Kayne Anderson Energy Infrastructure Fund, Inc.",-0.21,4.27,68,95,68,Finance,Finance/Investors Services
BMRRY,B&M European Value Retail plc,0.79,18.66,100,100,81,Consumer Defensive,Discount Stores
NOG,"Northern Oil and Gas, Inc.",6.05,15.92,89,100,15,Energy,Oil & Gas Production
AVVSY,AVVSY,-1.84,-10.21,20,37,11,Industrials,Aerospace & Defense
DCO,DCO,-4.55,-8.44,39,69,91,Industrials,Military/Government/Technical
ABM,ABM Industries Incorporated,0.28,12.3,100,100,64,Consumer Discretionary,Diversified Commercial Services
BYLOF,Big Yellow Group Plc,-1.1,-1.6,77,100,18,Real Estate,REIT - Industrial
GNCGF,Greencore Group plc,0.0,27.67,100,100,31,Consumer Defensive,Packaged Foods
TCHBF,Tecan Group AG,0.0,13.96,97,100,79,Healthcare,Medical Instruments & Supplies
SOC,Sable Offshore Corp.,5.31,41.56,66,80,1,Energy,Oil & Gas Production
NTB,The Bank of N.T. Butterfield & Son Limited,1.72,2.42,100,100,78,Finance,Commercial Banks
GGGSF,Greggs plc,0.0,-0.45,98,100,39,Consumer Cyclical,Restaurants
CPWHF,Ceres Power Holdings plc,-7.71,-41.39,0,0,46,Industrials,Electrical Equipment & Parts
DROSY,DROSY,-18.35,-49.41,0,0,2,,
CXT,"Crane NXT, Co.",-4.69,1.64,69,81,39,Industrials,Metal Fabrications
IMYSF,Imerys S.A.,0.0,-0.78,93,100,16,Basic Materials,Specialty Chemicals
GNNDY,GN Store Nord A/S,4.07,11.17,100,100,21,Healthcare,Medical Devices
AEGXF,Aecon Group Inc.,-8.61,-1.5,5,33,88,Industrials,Engineering & Construction
EFSC,Enterprise Financial Services Corp,-0.79,0.47,89,100,67,Finance,Major Banks
EXETF,Extendicare Inc.,0.0,9.9,100,100,97,Healthcare,Medical Care Facilities
HTH,Hilltop Holdings Inc.,-0.7,1.93,100,100,63,Finance,Major Banks
BVNKF,Bavarian Nordic A/S,0.0,0.0,100,100,14,Healthcare,Biotechnology
NKTR,Nektar Therapeutics,-0.13,1.25,76,100,93,Health Care,Biotechnology: Pharmaceutical Preparations
CENTA,Central Garden & Pet Company,-0.46,0.13,100,100,73,Consumer Discretionary,Consumer Specialties
CTOS,"Custom Truck One Source, Inc.",-6.09,-17.7,26,50,86,Consumer Discretionary,Diversified Commercial Services
ATEN,"A10 Networks, Inc.",-8.11,-22.97,0,0,87,Telecommunications,Computer Communications Equipment
SIVEF,Sivers Semiconductors AB (publ),-8.78,-59.7,0,0,92,Technology,Semiconductors
MBINM,Merchants Bancorp,0.47,1.71,100,100,48,Finance,Major Banks
VERX,"Vertex, Inc.",0.6,16.03,100,100,8,Technology,Computer Software: Prepackaged Software
PSNYW,Polestar Automotive Holding UK PLC,-2.11,-7.57,6,10,3,Industrials,Auto Manufacturing
WLY,"John Wiley & Sons, Inc.",2.62,15.65,100,100,92,Consumer Discretionary,Books
FUN,Six Flags Entertainment Corporation,-2.03,-13.85,40,65,17,Consumer Discretionary,Services-Misc. Amusement & Recreation
BLBD,Blue Bird Corporation,-2.12,-8.41,0,25,84,Consumer Discretionary,Construction/Ag Equipment/Trucks
BMRPF,B&M European Value Retail plc,0.0,7.87,100,100,69,Consumer Defensive,Discount Stores
ACPIF,Acen Corporation,0.0,0.0,84,100,1,Utilities,Utilities - Renewable
NGL,NGL Energy Partners LP,3.4,-2.57,80,100,96,Utilities,Natural Gas Distribution
IE,Ivanhoe Electric Inc.,-3.85,-9.16,57,81,3,Basic Materials,Metal Mining
CYD,China Yuchai International Limited,-2.82,-2.94,80,94,82,Industrials,Industrial Machinery/Components
RCAT,"Red Cat Holdings, Inc.",-9.13,-36.43,0,0,3,Technology,Computer Software: Prepackaged Software
FLOC,FLOC,0.62,-9.14,47,82,28,Consumer Discretionary,Oil and Gas Field Machinery
BDGIF,Badger Infrastructure Solutions Ltd.,0.0,-3.38,27,54,85,Industrials,Engineering & Construction
TNET,"TriNet Group, Inc.",2.71,42.74,100,100,85,Consumer Discretionary,Business Services
NEXT,NextDecade Corporation,3.26,-15.92,15,20,22,Utilities,Oil & Gas Production
SHLS,"Shoals Technologies Group, Inc.",-7.03,-19.8,0,0,36,Technology,Semiconductors
SAMHF,Alleima AB (publ),0.0,0.0,84,100,95,Basic Materials,Steel
BAND,Bandwidth Inc.,-29.28,-41.63,0,0,97,Technology,Computer Software: Prepackaged Software
DTNOF,DNO ASA,0.0,16.15,100,100,71,Energy,Oil & Gas E&P
CGGGF,Coats Group plc,7.81,8.13,100,100,34,Consumer Cyclical,Textile Manufacturing
UTI,"Universal Technical Institute, Inc.",4.96,-4.04,40,52,79,Real Estate,Other Consumer Services
HCM,HUTCHMED (China) Limited,1.7,5.86,100,100,9,Health Care,Biotechnology: Pharmaceutical Preparations
PCFBY,Pacific Basin Shipping Limited,5.23,23.09,100,100,81,Industrials,Marine Shipping
EERGF,Energean plc,0.0,15.96,98,100,28,Energy,Oil & Gas E&P
EVT,Eaton Vance Tax-Advantaged Dividend Income Fund,-0.68,0.53,100,100,64,Finance,Finance Companies
KSRYY,KOSE Holdings Corporation,8.74,17.53,100,100,37,Consumer Defensive,Household & Personal Products
USAS,Americas Gold and Silver Corporation,-5.67,-22.46,2,15,13,Basic Materials,Metal Mining
CGEAF,Cogeco Communications Inc.,1.65,-2.9,68,100,24,Communication Services,Telecom Services
PGNY,"Progyny, Inc.",1.98,8.81,98,100,92,Health Care,Misc Health and Biotechnology Services
ATEAY,Atea ASA,0.0,-9.55,30,82,59,Technology,Information Technology Services
EVCM,EverCommerce Inc.,1.0,20.48,100,100,39,Technology,Computer Software: Prepackaged Software
TYRA,"Tyra Biosciences, Inc.",0.74,-2.6,72,100,93,Health Care,Biotechnology: Pharmaceutical Preparations
NFYEF,NFI Group Inc.,-2.59,5.61,92,97,87,Consumer Cyclical,Auto Manufacturers
NTST,NETSTREIT Corp.,-0.09,3.74,100,100,67,Real Estate,Real Estate Investment Trusts
NVCR,NovoCure Limited,-6.81,0.33,2,19,74,Health Care,Medical/Dental Instruments
CKNHF,Clarkson PLC,0.0,11.62,81,96,65,Industrials,Marine Shipping
HCI,"HCI Group, Inc.",2.3,4.65,100,100,65,Finance,Property-Casualty Insurers
FIGS,"FIGS, Inc.",2.23,3.23,100,100,43,Consumer Discretionary,Apparel
PBATF,PT Bukit Asam (Persero) Tbk,0.0,0.0,84,100,1,Energy,Thermal Coal
DEI,"Douglas Emmett, Inc.",2.08,3.9,87,100,47,Real Estate,Real Estate Investment Trusts
TAVHY,TAV Havalimanlari Holding A.S.,1.44,-3.04,76,100,20,Industrials,Airports & Air Services
SHWGY,Shandong Weigao Group Medical Polymer Company Limited,0.0,0.0,100,100,7,Healthcare,Medical Instruments & Supplies
OFG,OFG Bancorp,-1.3,6.66,100,100,78,Finance,Major Banks
CYRBY,Cyrela Brazil Realty S.A. Empreendimentos e Participações,6.99,2.23,91,100,21,Consumer Cyclical,Residential Construction
ADDLF,AddLife AB (publ),0.0,0.0,84,100,1,Healthcare,Medical Instruments & Supplies
RBTEF,Robertet SA,0.0,-1.49,0,100,25,Basic Materials,Chemicals
RBSTF,RBSTF,2.89,-18.57,35,81,4,,
AMRC,"Ameresco, Inc.",-5.85,-32.93,0,0,5,Consumer Discretionary,Engineering & Construction
NUV,"Nuveen Municipal Value Fund, Inc.",0.22,-0.95,100,100,43,Finance,Trusts Except Educational Religious and Charitable
PRKS,United Parks & Resorts Inc.,-0.89,-2.47,77,100,67,Health Care,Biotechnology: Electromedical & Electrotherapeutic Apparatus
WTSHF,Westshore Terminals Investment Corporation,0.0,17.31,97,100,88,Industrials,Marine Shipping
HMDCF,HUTCHMED (China) Limited,0.0,0.0,84,100,6,Healthcare,Drug Manufacturers - Specialty & Generic
NAC,Nuveen California Quality Municipal Income Fund,-0.34,-2.24,78,100,46,Finance,Investment Managers
SONO,"Sonos, Inc.",4.29,29.49,100,100,76,Consumer Staples,Consumer Electronics/Appliances
LKFT,Lakefront Biotherapeutics NV,-1.53,-7.54,9,47,19,Health Care,Biotechnology: Pharmaceutical Preparations
ZSHGY,Zhongsheng Group Holdings Limited,2.14,-12.46,9,21,1,Consumer Cyclical,Auto & Truck Dealerships
OXFYY,OXFYY,0.0,-8.15,5,42,18,Healthcare,Biotechnology
ASTH,"Astrana Health, Inc.",-3.85,-21.33,0,0,81,Consumer Discretionary,Professional Services
BVENY,BVENY,0.0,3.12,97,100,11,Energy,Oil & Gas E&P
SMA,"SmartStop Self Storage REIT, Inc.",-1.33,7.45,100,100,48,Real Estate,Real Estate Investment Trusts
SURRY,Sun Art Retail Group Limited,0.0,0.0,100,100,3,Consumer Cyclical,Department Stores
SGHIF,Shanghai Industrial Holdings Limited,0.0,-14.62,19,46,15,Industrials,Conglomerates
SAM,"The Boston Beer Company, Inc.",0.74,5.67,100,100,13,Consumer Staples,Beverages (Production/Distribution)
ITMPF,ITM Power Plc,-2.29,-28.09,0,0,55,Industrials,Specialty Industrial Machinery
KNEVF,KNEVF,0.0,-3.18,37,100,6,Financial Services,Asset Management
NRIX,"Nurix Therapeutics, Inc.",-2.28,-2.72,81,98,94,Health Care,Biotechnology: Pharmaceutical Preparations
ARCO,Arcos Dorados Holdings Inc.,-1.66,2.73,98,100,48,Consumer Discretionary,Restaurants
LAC,Lithium Americas Corp.,-2.17,-29.61,0,0,3,Basic Materials,Metal Mining
TRVG,trivago N.V.,-0.55,-0.37,80,100,96,Technology,EDP Services
TINLF,Teijin Limited,0.0,0.0,84,100,1,Industrials,Conglomerates
SPB,"Spectrum Brands Holdings, Inc.",-2.49,2.95,91,97,85,Miscellaneous,Industrial Machinery/Components
ONTTF,Oxford Nanopore Technologies plc,2.78,-10.3,25,44,7,Healthcare,Biotechnology
PLPC,Preformed Line Products Company,-4.58,-30.91,0,0,71,Industrials,Water Sewer Pipeline Comm & Power Line Construction
NVAX,"Novavax, Inc.",-0.41,-22.08,4,7,19,Health Care,Biotechnology: Biological Products (No Diagnostic Substances)
NMRSF,NMRSF,0.0,4.47,94,100,99,Industrials,Aerospace & Defense
RQI,"Cohen & Steers Quality Income Realty Fund, Inc.",-0.31,3.75,100,100,47,Finance,Trusts Except Educational Religious and Charitable
SKWD,"Skyward Specialty Insurance Group, Inc.",-0.4,7.15,100,100,86,Finance,Property-Casualty Insurers
HUPHY,Hutchison Port Holdings Trust,0.0,-6.82,41,81,29,Industrials,Marine Shipping
NKRKY,Nokian Renkaat Oyj,1.52,27.84,100,100,94,Consumer Cyclical,Auto Parts
MBC,"MasterBrand, Inc.",-5.99,-17.59,21,50,10,Consumer Discretionary,Home Furnishings
BOBS,"Bob's Discount Furniture, Inc.",-0.88,6.51,100,100,71,Consumer Discretionary,Other Specialty Stores
NPPNY,"Nippon Shinyaku Co., Ltd.",0.0,1.83,94,100,22,Healthcare,Drug Manufacturers - Specialty & Generic
ASCLF,Ascletis Pharma Inc.,0.0,-11.11,0,5,7,Healthcare,Biotechnology
GTBIF,Green Thumb Industries Inc.,0.44,-13.15,19,64,25,Healthcare,Drug Manufacturers - Specialty & Generic
ELVR,Elevra Lithium Limited,-1.74,-23.8,0,1,75,Industrials,Mining & Quarrying of Nonmetallic Minerals (No Fuels)
LOB,"Live Oak Bancshares, Inc.",-0.49,4.58,100,100,67,Finance,Major Banks
KRP,"Kimbell Royalty Partners, LP",2.0,1.72,78,100,55,Energy,Oil & Gas Production
AGRO,Adecoagro S.A.,-3.29,1.68,28,54,29,Consumer Staples,Farming/Seeds/Milling
SGRY,"Surgery Partners, Inc.",5.33,-2.32,79,100,29,Health Care,Hospital/Nursing Management
GLOB,Globant S.A.,8.66,31.82,100,100,6,Technology,EDP Services
PAYO,Payoneer Global Inc.,-0.42,0.0,100,100,74,Consumer Discretionary,Business Services
STGW,Stagwell Inc.,1.38,8.75,100,100,86,Consumer Discretionary,Advertising
STRA,"Strategic Education, Inc.",7.65,14.36,100,100,57,Real Estate,Other Consumer Services
VLXGF,Volex plc,-2.77,-1.61,50,85,68,Industrials,Electrical Equipment & Parts
PEB,Pebblebrook Hotel Trust,-0.67,-0.88,99,100,93,Real Estate,Real Estate Investment Trusts
CNXC,Concentrix Corporation,4.53,20.52,100,100,10,Technology,Computer Software: Prepackaged Software
MTASF,MTASF,5.8,12.11,100,100,21,Industrials,Aerospace & Defense
MQ,"Marqeta, Inc.",1.6,13.05,100,100,33,Technology,Computer Software: Prepackaged Software
LPG,Dorian LPG Ltd.,2.77,34.36,100,100,93,Consumer Discretionary,Marine Transportation
TILE,"Interface, Inc.",-2.7,-6.47,56,94,78,Consumer Discretionary,Home Furnishings
NVRI,Enviri Corporation,0.14,1.09,62,100,91,Miscellaneous,Diversified Commercial Services
ADUS,Addus HomeCare Corporation,-0.08,18.57,100,100,60,Health Care,Medical/Nursing Services
HTZ,HTZ,-5.38,-26.27,0,0,1,Consumer Discretionary,Rental/Leasing Companies
UFPT,"UFP Technologies, Inc.",-1.15,-3.79,73,100,70,Health Care,Medical/Dental Instruments
VCEL,Vericel Corporation,-0.19,4.79,92,100,79,Health Care,Biotechnology: Biological Products (No Diagnostic Substances)
TFIN,"Triumph Financial, Inc.",-1.54,-0.55,47,89,69,Finance,Major Banks
TSHA,"Taysha Gene Therapies, Inc.",2.75,-17.62,29,57,78,Health Care,Biotechnology: Biological Products (No Diagnostic Substances)
OPRA,Opera Limited,-1.83,-3.57,53,100,71,Technology,Computer Software: Prepackaged Software
STEW,"SRH Total Return Fund, Inc.",-1.45,3.43,100,100,48,Finance,Investment Managers
PAEXY,PAEXY,0.0,0.0,84,100,35,Energy,Oil & Gas E&P
NUVB,Nuvation Bio Inc.,-1.49,16.02,100,100,94,Health Care,Biotechnology: Pharmaceutical Preparations
VPG,"Vishay Precision Group, Inc.",-11.56,-45.79,0,0,97,Technology,Electrical Products
PMREF,Primaris Real Estate Investment Trust,0.0,11.86,52,83,87,Real Estate,REIT - Retail
KOS,Kosmos Energy Ltd.,5.98,17.54,68,82,72,Energy,Oil & Gas Production
LNXSY,LANXESS Aktiengesellschaft,0.0,-6.6,45,87,10,Basic Materials,Specialty Chemicals
VTKLY,Vtech Holdings Limited,3.12,16.11,77,95,21,Technology,Communication Equipment
MWTCY,"Manila Water Company, Inc.",0.0,0.0,100,100,23,Utilities,Utilities - Regulated Water
HGRAF,HydroGraph Clean Power Inc.,-4.6,-6.85,37,54,96,Basic Materials,Specialty Chemicals
GHRS,GH Research PLC,0.07,4.09,91,100,95,Health Care,Biotechnology: Pharmaceutical Preparations
LILAK,Liberty Latin America Ltd.,2.44,7.57,100,100,93,Telecommunications,Cable & Other Pay Television Services
BDJ,BlackRock Enhanced Equity Dividend Trust,-0.83,1.06,100,100,57,Finance,Finance Companies
GPEAF,Great Portland Estates Plc,0.0,0.0,84,100,28,Real Estate,REIT - Office
TCBK,TriCo Bancshares,-0.19,7.54,77,100,77,Finance,Major Banks
ANAB,"AnaptysBio, Inc.",0.06,-22.76,15,25,94,Health Care,Biotechnology: Pharmaceutical Preparations
CLVT,Clarivate Plc,-10.42,-0.46,38,54,7,Technology,EDP Services
SESPF,SeSa S.p.A.,0.0,0.0,84,100,37,Technology,Information Technology Services
HOPE,"Hope Bancorp, Inc.",0.0,3.22,100,100,77,Finance,Major Banks
BELGF,Bellevue Gold Limited,1.99,1.99,89,100,40,Basic Materials,Gold
OERLY,OC Oerlikon Corporation AG,2.16,23.44,100,100,95,Industrials,Specialty Industrial Machinery
FLNG,FLEX LNG Ltd.,1.2,11.44,100,100,74,Consumer Discretionary,Marine Transportation
CET,Central Securities Corporation,-0.87,-0.5,100,100,45,Finance,Finance/Investors Services
GENI,Genius Sports Limited,0.14,20.63,100,100,54,Consumer Discretionary,Services-Misc. Amusement & Recreation
SLVM,Sylvamo Corporation,-1.72,2.37,91,100,16,Basic Materials,Paper
PTTMF,PT TIMAH Tbk,0.0,0.0,84,100,1,Basic Materials,Other Industrial Metals & Mining
WGS,GeneDx Holdings Corp.,2.92,-7.23,45,79,9,Technology,Retail: Computer Software & Peripheral Equipment
AGLFF,AGLFF,0.0,14.25,77,94,98,Healthcare,Medical Instruments & Supplies
FISK,"Empire State Realty OP, L.P.",0.0,-3.39,71,100,15,Real Estate,REIT - Office
AGL,"agilon health, inc.",-6.54,-13.55,0,0,98,Health Care,Misc Health and Biotechnology Services
ABXXF,Abaxx Technologies Inc.,6.67,-10.2,46,74,14,Technology,Software - Application
FRVWY,Friedrich Vorwerk Group SE,0.0,-6.21,24,82,12,Industrials,Engineering & Construction
PRGO,Perrigo Company plc,1.26,0.38,63,98,6,Health Care,Biotechnology: Pharmaceutical Preparations
AI,"C3.ai, Inc.",-0.56,-2.64,70,100,6,Technology,Computer Software: Prepackaged Software
AZLUY,Azul SA,-1.17,-1.4,7,24,28,Industrials,Airlines
CBLUF,China BlueChemical Ltd.,0.0,0.0,100,100,9,Basic Materials,Agricultural Inputs
TPRKY,Travis Perkins plc,1.31,-2.23,88,100,25,Industrials,Industrial Distribution
SLCJY,SLC Agrícola S.A.,2.27,4.65,60,84,19,Consumer Defensive,Farm Products
MTRBF,Metro Bank Holdings PLC,0.0,-12.34,25,54,72,Financial Services,Banks - Regional
CNOBP,"ConnectOne Bancorp, Inc.",-0.08,1.25,100,100,49,Finance,Major Banks
AMTD,AMTD IDEA Group,1.6,-20.83,12,16,8,Finance,Finance: Consumer Services
LIND,"Lindblad Expeditions Holdings, Inc.",0.03,5.35,100,100,97,Consumer Discretionary,Transportation Services
XIORF,Xior Student Housing NV,0.0,2.75,95,100,35,Real Estate,REIT - Residential
AUSDF,Perenti Limited,0.0,0.0,100,100,72,Basic Materials,Other Industrial Metals & Mining
ARDX,"Ardelyx, Inc.",-1.67,-1.96,12,85,19,Health Care,Biotechnology: Pharmaceutical Preparations
STAA,STAAR Surgical Company,5.34,-16.8,27,34,43,Health Care,Ophthalmic Goods
RLJ,RLJ Lodging Trust,-0.32,4.56,100,100,95,Real Estate,Real Estate Investment Trusts
WKC,World Kinect Corporation,0.5,22.19,100,100,92,Energy,Oil Refining/Marketing
SISXF,Savaria Corporation,0.0,9.0,97,100,75,Industrials,Specialty Industrial Machinery
OBK,"Origin Bancorp, Inc.",-0.24,7.68,100,100,87,Finance,Major Banks
IMCR,Immunocore Holdings plc,-0.27,5.26,60,89,47,Health Care,Biotechnology: Biological Products (No Diagnostic Substances)
TNC,Tennant Company,-4.34,-3.62,41,76,47,Industrials,Industrial Machinery/Components
NKOKF,"Noritsu Koki Co., Ltd.",0.0,0.0,84,100,1,Technology,Consumer Electronics
HLMN,Hillman Solutions Corp.,-2.33,-5.45,70,98,22,Consumer Discretionary,Industrial Machinery/Components
ARI,"Apollo Commercial Real Estate Finance, Inc.",-1.93,-4.07,46,93,38,Real Estate,Real Estate Investment Trusts
KMPR,Kemper Corporation,-0.39,14.24,100,100,9,Finance,Property-Casualty Insurers
AFXXF,Afry AB,0.0,0.0,84,100,93,Industrials,Engineering & Construction
XTEPY,Xtep International Holdings Limited,-3.09,-4.81,49,78,7,Consumer Cyclical,Apparel Retail
ECVT,Ecovyst Inc.,-2.35,-3.37,44,80,60,Industrials,Major Chemicals
NOMD,Nomad Foods Limited,4.1,15.89,100,100,59,Consumer Staples,Packaged Foods
IDRSF,Idorsia Ltd,-2.32,8.11,79,92,96,Healthcare,Biotechnology
AAT,"American Assets Trust, Inc.",-1.62,-3.93,2,63,75,Real Estate,Real Estate Investment Trusts
DAO,"Youdao, Inc.",-1.94,27.4,98,100,91,Real Estate,Other Consumer Services
IPX,IperionX Limited,-8.74,-31.89,0,0,2,Basic Materials,Other Metals and Minerals
RBCAA,"Republic Bancorp, Inc.",-0.88,10.31,100,100,88,Finance,Major Banks
NFJ,"Virtus Dividend, Interest & Premium Strategy Fund",-1.51,-1.45,94,100,68,Finance,Finance: Consumer Services
BLKB,"Blackbaud, Inc.",17.39,42.4,100,100,16,Technology,Computer Software: Prepackaged Software
HYT,"BlackRock Corporate High Yield Fund, Inc.",-0.24,-2.14,100,100,30,Finance,Finance Companies
CNL,Collective Mining Ltd.,-1.97,1.55,57,90,18,Basic Materials,Gold
ATRC,"AtriCure, Inc.",2.87,46.14,100,100,78,Health Care,Medical/Dental Instruments
ITAYY,PT Indo Tambangraya Megah Tbk,0.0,-13.44,0,16,22,Energy,Thermal Coal
NCKAF,Nickel Asia Corporation,0.0,0.0,84,100,99,Basic Materials,Other Industrial Metals & Mining
TTI,"TETRA Technologies, Inc.",0.97,-35.48,6,10,35,Energy,Oil & Gas Production
AHCO,AdaptHealth Corp.,-3.83,3.55,80,88,34,Health Care,Medical/Nursing Services
HLX,"Helix Energy Solutions Group, Inc.",-0.66,3.78,53,72,64,Energy,Oilfield Services/Equipment
PYTCY,Playtech plc,0.0,31.38,99,100,26,Consumer Cyclical,Gambling
RYGYF,Reysas Gayrimenkul Yatirim Ortakligi A.S.,0.0,-2.87,61,100,69,Real Estate,REIT - Industrial
PICS,PicS N.V.,-2.18,14.11,77,90,11,Finance,Finance: Consumer Services
GRPFF,"Grupo Televisa, S.A.B.",0.0,0.0,100,100,44,Communication Services,Telecom Services
NEO,"NeoGenomics, Inc.",13.96,4.66,100,100,95,Health Care,Precision Instruments
GIII,"G-III Apparel Group, Ltd.",-0.73,8.4,100,100,82,Consumer Discretionary,Apparel
ORC,"Orchid Island Capital, Inc.",-0.15,-5.88,40,100,31,Real Estate,Real Estate Investment Trusts
WINA,Winmark Corporation,-3.54,-21.0,7,18,15,Consumer Discretionary,Other Specialty Stores
BRDNF,BRDNF,0.0,-1.75,26,86,18,Basic Materials,Building Materials
ARSTY,ARSTY,0.0,0.47,84,100,23,Industrials,Building Products & Equipment
ALNT,Allient Inc.,-5.15,-23.28,0,15,87,Industrials,Electrical Products
PURR,Hyperliquid Strategies Inc.,-3.08,-24.14,0,0,81,Finance,Finance: Consumer Services
OI,OI,-15.01,-20.04,0,0,4,Consumer Discretionary,Containers/Packaging
GRWXF,Molten Ventures Plc,0.63,0.0,55,76,36,,
FDMDF,4DMedical Limited,0.0,-15.67,5,31,99,Healthcare,Medical Devices
TBLA,Taboola.com Ltd.,3.09,3.4,62,99,88,Technology,Computer Software: Programming Data Processing
DOLE,Dole plc,1.55,5.32,100,100,37,Consumer Staples,Farming/Seeds/Milling
UAMY,United States Antimony Corporation,-5.76,-32.37,0,0,4,Industrials,Metal Fabrications
BRELY,BRELY,0.0,-15.67,24,43,25,Basic Materials,Other Precious Metals & Mining
ARDT,"Ardent Health, Inc.",-4.71,11.08,80,86,48,Health Care,Hospital/Nursing Management
NSP,NSP,1.14,28.73,100,100,82,Consumer Discretionary,Professional Services
TSIOF,361 Degrees International Limited,0.0,0.0,100,100,5,Consumer Cyclical,Footwear & Accessories
MUX,MUX,-2.39,-7.61,28,60,21,Basic Materials,Precious Metals
CXM,CXM,2.22,25.0,100,100,38,Technology,Computer Software: Prepackaged Software
LADR,Ladder Capital Corp,-0.51,-1.41,85,100,27,Real Estate,Real Estate Investment Trusts
ITRN,Ituran Location and Control Ltd.,-0.66,-10.88,14,76,76,Technology,Electronic Components
ATLCZ,Atlanticus Holdings Corporation 9.25% Senior Notes due 2029,-0.12,2.61,100,100,48,Finance,Finance: Consumer Services
FKRAF,Fiskars Oyj Abp,5.76,2.3,100,100,40,Consumer Cyclical,"Furnishings, Fixtures & Appliances"
EWIIF,EWIIF,2.11,-1.74,9,19,93,Unknown,Unknown
CRSR,"Corsair Gaming, Inc.",-4.33,6.26,84,89,91,Technology,Computer peripheral equipment
KDK,"Kodiak AI, Inc.",-2.19,-20.87,0,2,2,Technology,EDP Services
ASST,"Strive, Inc.",-7.68,1.37,0,11,2,Technology,Computer Software: Prepackaged Software
CSIQ,Canadian Solar Inc.,0.44,-14.36,25,48,20,Technology,Semiconductors
SPH,"Suburban Propane Partners, L.P.",-2.77,6.55,84,94,31,Consumer Discretionary,Other Specialty Stores
PFBC,Preferred Bank,-0.35,-0.63,75,100,65,Finance,Major Banks
AUTLF,Austal Limited,3.27,-13.95,26,48,4,Industrials,Aerospace & Defense
AGZNF,Aegean Airlines S.A.,0.0,0.0,84,100,22,Industrials,Airlines
NBITF,NBITF,-1.32,-11.53,0,0,14,Unknown,Unknown
GUZOF,"Grupo Herdez, S.A.B. de C.V.",0.0,2.04,46,79,13,Consumer Defensive,Packaged Foods
TROX,Tronox Holdings plc,-1.46,-3.81,53,81,33,Industrials,Major Chemicals
WVE,Wave Life Sciences Ltd.,-1.36,0.0,42,78,6,Health Care,Biotechnology: Pharmaceutical Preparations
PBTDF,Plover Bay Technologies Limited,0.0,-5.31,72,97,90,Technology,Communication Equipment
SHAZ,SharonAI Holdings Inc.,-10.87,-52.65,0,0,60,Technology,EDP Services
AIIR,AIR Global PLC,-2.83,-12.46,19,35,2,Consumer Discretionary,Tobacco
VLTAF,Voltalia SA,0.0,0.0,84,100,56,Utilities,Utilities - Renewable
PGY,Pagaya Technologies Ltd.,-2.53,-11.29,19,47,15,Finance,Finance: Consumer Services
OILRF,Oil Refineries Ltd.,0.0,23.95,87,92,96,Energy,Oil & Gas Refining & Marketing
MPLT,"MapLight Therapeutics, Inc.",22.01,-58.09,18,20,5,Health Care,Biotechnology: Pharmaceutical Preparations
ENR,"Energizer Holdings, Inc.",-2.01,-0.14,95,100,40,Miscellaneous,Industrial Machinery/Components
HYLN,Hyliion Holdings Corp.,-8.47,-37.81,0,0,95,Consumer Discretionary,Construction/Ag Equipment/Trucks
WBTNF,Weebit Nano Limited,-11.24,-48.23,0,0,67,Technology,Semiconductors
HLF,Herbalife Ltd.,-0.24,-4.87,72,100,37,Health Care,Other Pharmaceuticals
AMAL,Amalgamated Financial Corp.,-1.28,7.3,100,100,90,Finance,Major Banks
ZMPLF,Zimplats Holdings Limited,0.0,-11.3,21,56,8,Basic Materials,Other Precious Metals & Mining
VTOL,Bristow Group Inc.,-0.95,8.71,90,100,45,Consumer Discretionary,Transportation Services
ASM,Avino Silver & Gold Mines Ltd.,-4.18,-16.88,0,11,29,Basic Materials,Metal Mining
NPKI,NPK International Inc.,-6.88,-24.26,0,0,24,Consumer Discretionary,Oil and Gas Field Machinery
CHYCY,Chiyoda Corporation,0.0,-8.31,30,83,73,Industrials,Engineering & Construction
DMZPY,Domino's Pizza Enterprises Limited,0.0,4.96,100,100,33,Consumer Cyclical,Restaurants
EOS,Eaton Vance Enhanced Equity Income Fund II,-1.75,-5.3,0,100,26,Finance,Trusts Except Educational Religious and Charitable
CTBI,"Community Trust Bancorp, Inc.",0.29,8.28,100,100,85,Finance,Major Banks
SILXF,Silex Systems Limited,-5.52,-15.62,0,18,6,Technology,Semiconductors
PSEC,Prospect Capital Corporation,-1.59,-5.0,61,100,14,Finance,Finance: Consumer Services
GOLD,"Gold.com, Inc.",-1.59,-3.51,52,87,69,Industrials,Other Specialty Stores
EVEX,"Eve Holding, Inc.",-8.98,-11.16,16,34,3,Industrials,Aerospace
SCL,SCL,14.01,18.7,100,100,84,Consumer Discretionary,Package Goods/Cosmetics
PAHGF,Pets at Home Group Plc,0.0,18.64,84,100,23,Consumer Cyclical,Specialty Retail
ELKEF,Elkem ASA,0.0,0.0,84,100,75,Basic Materials,Specialty Chemicals
ATEC,"Alphatec Holdings, Inc.",3.54,11.56,100,100,13,Health Care,Medical/Dental Instruments
RZLV,Rezolve AI PLC,-3.03,-28.89,4,11,8,Technology,Computer Software: Programming Data Processing
DPZUF,Domino's Pizza Enterprises Limited,5.25,16.41,100,100,49,Consumer Cyclical,Restaurants
AAVVF,Advantage Energy Ltd.,1.32,4.78,79,100,33,Energy,Oil & Gas E&P
ATUUF,Tenaz Energy Corp.,2.67,17.89,79,91,93,Energy,Oil & Gas E&P
TBN,Tamboran Resources Corporation,-1.81,-3.01,27,59,62,Energy,Oil & Gas Production
BYITY,Bytes Technology Group plc,0.0,15.84,98,100,58,Technology,Software - Infrastructure
INGEF,Ingenia Communities Group,0.0,-4.69,0,66,16,Real Estate,REIT - Residential
HTLD,"Heartland Express, Inc.",-2.84,-14.65,0,0,80,Industrials,Trucking Freight/Courier Services
EVLV,"Evolv Technologies Holdings, Inc.",-0.89,-4.31,36,64,11,Technology,Computer peripheral equipment
DBVT,DBV Technologies S.A.,1.7,-16.28,12,28,14,Health Care,Biotechnology: Biological Products (No Diagnostic Substances)
ASTE,"Astec Industries, Inc.",-7.09,-16.65,0,2,39,Industrials,Construction/Ag Equipment/Trucks
CVHSY,Cablevisión Holding S.A.,0.0,0.0,100,100,75,Communication Services,Telecom Services
BV,"BrightView Holdings, Inc.",-4.86,-6.0,0,32,35,Consumer Discretionary,Business Services
WYFI,"WhiteFiber, Inc.",-12.46,-47.03,0,0,54,Finance,Finance: Consumer Services
FCEL,"FuelCell Energy, Inc.",-8.04,-49.79,9,15,98,Energy,Industrial Machinery/Components
AKTS,"Aktis Oncology, Inc.",-2.53,-30.53,0,0,54,Health Care,Biotechnology: Pharmaceutical Preparations
FLTCF,Filtronic plc,-6.61,-13.01,0,33,80,Technology,Communication Equipment
HQH,Abrdn Healthcare Investors,-0.23,-0.86,100,100,78,Finance,Finance Companies
PRCH,"Porch Group, Inc.",-2.14,-17.82,21,36,75,Technology,Computer Software: Prepackaged Software
CIMN,CIMN,-0.04,0.32,100,100,46,Real Estate,Real Estate Investment Trusts
SHPPF,Redcare Pharmacy NV,0.0,0.0,84,100,34,Healthcare,Pharmaceutical Retailers
NWPX,"NWPX Infrastructure, Inc.",-2.41,-17.83,0,18,97,Industrials,Steel/Iron Ore
CSR,Centerspace,1.11,0.78,100,100,23,Real Estate,Real Estate Investment Trusts
SVAUF,StorageVault Canada Inc.,0.0,6.09,95,100,33,Real Estate,Real Estate Services
LNRCF,LNRCF,-0.82,-0.88,49,77,51,,
KSKGF,Kingsgate Consolidated Limited,-14.24,-25.23,0,19,21,Basic Materials,Gold
AMN,"AMN Healthcare Services, Inc.",0.03,7.2,99,100,95,Consumer Discretionary,Professional Services
UPBD,"Upbound Group, Inc.",-2.96,-1.27,57,87,46,Consumer Discretionary,Diversified Commercial Services
MRCHF,"H.U. Group Holdings, Inc.",0.0,-1.75,36,88,28,Healthcare,Diagnostics & Research
GRRMF,Gerresheimer AG,0.0,1.01,17,62,26,Healthcare,Medical Instruments & Supplies
MCB,Metropolitan Bank Holding Corp.,0.56,-6.26,44,77,62,Finance,Major Banks
MLKN,"MillerKnoll, Inc.",-2.92,11.97,92,96,81,Consumer Discretionary,Office Equipment/Supplies/Services
ACDC,ProFrac Holding Corp.,-2.7,-37.87,0,0,3,Energy,Oilfield Services/Equipment
OPK,"OPKO Health, Inc.",-16.97,-8.67,46,52,46,Health Care,Biotechnology: Pharmaceutical Preparations
ORRAF,Orora Limited,0.0,10.99,100,100,11,Consumer Cyclical,Packaging & Containers
GPRE,Green Plains Inc.,-0.55,6.44,32,50,86,Industrials,Major Chemicals
GRRMY,Gerresheimer AG,0.0,9.32,56,78,59,Healthcare,Medical Instruments & Supplies
EVO,Evotec SE,-1.53,-31.07,4,12,2,Health Care,Biotechnology: Pharmaceutical Preparations
SBR,Sabine Royalty Trust,-0.51,-0.04,84,100,47,Energy,Oil & Gas Production
TSHTY,Toshiba Tec Corporation,0.0,-2.17,47,75,39,Technology,Computer Hardware
PXED,"Phoenix Education Partners, Inc.",0.84,-7.91,36,58,29,Real Estate,Other Consumer Services
TMVWY,TeamViewer SE,0.0,30.94,100,100,53,Technology,Software - Application
TMVWF,TeamViewer SE,3.52,3.52,100,100,42,Technology,Software - Application
CNMD,CONMED Corporation,-2.35,32.02,96,99,44,Health Care,Biotechnology: Electromedical & Electrotherapeutic Apparatus
LSDAF,Lassonde Industries Inc.,0.0,0.48,100,100,33,Consumer Defensive,Beverages - Non-Alcoholic
CII,"BlackRock Enhanced Large Cap Core Fund, Inc.",-1.63,-9.6,0,70,55,Finance,Investment Bankers/Brokers/Service
SVRA,Savara Inc.,-0.94,-14.29,3,14,77,Health Care,Biotechnology: Pharmaceutical Preparations
TNLIY,Trainline plc,0.0,0.0,84,100,21,Consumer Cyclical,Travel Services
CRON,Cronos Group Inc.,0.35,2.88,100,100,64,Health Care,Medicinal Chemicals and Botanical Products
AMC,"AMC Entertainment Holdings, Inc.",3.0,44.74,100,100,90,Consumer Discretionary,Movies/Entertainment
OCSL,Oaktree Specialty Lending Corporation,-0.75,-0.25,72,100,30,Finance,Finance: Consumer Services
ALVO,ALVO,13.87,-4.34,99,100,6,Health Care,Biotechnology: Biological Products (No Diagnostic Substances)
HBT,"HBT Financial, Inc.",0.97,14.13,100,100,88,Finance,Major Banks
BJCHF,Beijing Capital International Airport Company Limited,0.0,0.0,24,60,2,Industrials,Airports & Air Services
AMPL,"Amplitude, Inc.",1.72,16.21,55,72,34,Technology,Computer Software: Prepackaged Software
JWLLF,Jamieson Wellness Inc.,0.0,0.9,46,100,69,Consumer Defensive,Packaged Foods
SAFT,"Safety Insurance Group, Inc.",0.07,37.72,100,100,90,Finance,Property-Casualty Insurers
ODC,Oil-Dri Corporation of America,-3.5,-3.72,54,87,93,Consumer Discretionary,Miscellaneous manufacturing industries
ETW,Eaton Vance Tax-Managed Global Buy-Write Opportunities Fund,-1.17,-3.18,44,100,48,Finance,Investment Managers
PLRRF,Polar Capital Holdings Plc,0.0,3.07,92,100,91,Financial Services,Asset Management
RERE,ATRenew Inc.,-2.31,9.3,94,98,36,Consumer Discretionary,Other Specialty Stores
COGNY,Cogna Educação S.A.,12.5,9.76,99,100,8,Consumer Defensive,Education & Training Services
BUR,BUR,-4.36,1.71,72,81,3,Finance,Finance: Consumer Services
OXBDF,Oxford Biomedica plc,0.0,0.95,36,77,39,Healthcare,Biotechnology
KRNGF,Karoon Energy Ltd,0.0,32.02,100,100,24,Energy,Oil & Gas E&P
GSBD,"Goldman Sachs BDC, Inc.",-0.23,-6.54,48,97,28,Finance,Investment Managers
VIRDY,VIRDY,-0.11,-5.59,52,71,13,Energy,Oil & Gas Equipment & Services
NBN,Northeast Bank,-4.18,-8.56,0,21,54,Finance,Major Banks
GOOGL,Alphabet Inc,0.9,-5.78,51,85,72,Technology,Computer Software: Programming Data Processing
MSFT,Microsoft Corporation,-0.71,4.7,79,100,13,Technology,Computer Software: Prepackaged Software
TSM,Taiwan Semiconductor Manufacturing Company Limited,-4.5,-21.55,0,0,68,Technology,Semiconductors
MU,MU,-9.94,-35.97,0,0,98,Technology,Semiconductors
JPM,JPMorgan Chase & Co.,-3.53,5.78,75,89,64,Finance,Major Banks
ASML,ASML Holding N.V.,-2.04,-21.95,0,0,88,Technology,Industrial Machinery/Components
INTC,Intel Corporation,-5.12,-41.36,0,0,97,Technology,Semiconductors
TCEHY,Tencent Holdings Limited,2.6,7.21,83,100,16,Communication Services,Internet Content & Information
COST,Costco Wholesale Corporation,0.77,4.29,100,100,39,Consumer Discretionary,Department/Specialty Retail Stores
ABBV,AbbVie Inc.,0.04,5.38,100,100,83,Health Care,Biotechnology: Pharmaceutical Preparations
BACRP,Bank of America Corporation PFD SER B 7%,0.0,-4.57,41,79,25,Unknown,Unknown
NFLX,Netflix Inc,1.71,3.12,75,100,8,Consumer Discretionary,Consumer Electronics/Video Chains
IDCBF,Industrial and Commercial Bank of China Limited,0.0,20.51,100,100,67,Financial Services,Banks - Diversified
GE,GE Aerospace,-3.56,-6.06,50,85,74,Technology,Consumer Electronics/Appliances
PG,The Procter & Gamble Company,-1.87,0.38,75,100,32,Consumer Discretionary,Package Goods/Cosmetics
ACGBF,Agricultural Bank of China Limited,0.0,11.59,100,100,57,Financial Services,Banks - Diversified
HD,"The Home Depot, Inc.",-1.8,-4.09,59,100,28,Consumer Discretionary,RETAIL: Building Materials
GS,"The Goldman Sachs Group, Inc.",-5.09,-3.03,0,38,68,Finance,Investment Bankers/Brokers/Service
BABA,Alibaba Group,-0.14,19.85,86,100,12,Consumer Discretionary,Business Services
AZN,AstraZeneca PLC,0.48,-8.61,43,74,38,Health Care,Biotechnology: Pharmaceutical Preparations
IBM,International Business Machines Corporation,-0.49,-19.48,26,36,17,Technology,Computer Manufacturing
PM,Philip Morris International Inc.,-0.86,9.69,100,100,75,Health Care,Medicinal Chemicals and Botanical Products
LVMHF,"LVMH Moët Hennessy - Louis Vuitton, Société Européenne",-1.3,-3.98,40,73,20,Consumer Cyclical,Luxury Goods
RY,Royal Bank of Canada,-2.79,0.35,66,92,84,Finance,Commercial Banks
NSRGY,Nestlé S.A.,1.37,-0.94,76,100,49,Consumer Defensive,Packaged Foods
NSRGF,Nestlé S.A.,-0.85,-4.65,48,89,45,Consumer Defensive,Packaged Foods
SNDK,Sandisk Corporation,-7.32,-55.32,0,0,99,Technology,Electronic Components
RTX,RTX Corporation,-1.52,13.45,99,100,76,Industrials,Aerospace
LRLCY,L'Oréal S.A.,1.6,0.91,100,100,41,Consumer Defensive,Household & Personal Products
SHEL,Shell plc,-0.2,12.11,81,93,60,Energy,Oil & Gas Production
KXHCF,KXHCF,-28.2,-57.8,0,0,98,,
KXIAY,KXIAY,-9.77,-60.34,0,0,98,Technology,Semiconductors
C,Citigroup Inc.,-4.03,-9.17,5,51,65,Finance,Major Banks
MUFG,"Mitsubishi UFJ Financial Group, Inc.",-2.18,10.31,71,88,86,Finance,Commercial Banks
TMUS,"T-Mobile US, Inc.",-0.48,8.22,55,84,22,Telecommunications,Telecommunications Equipment
ANET,"Arista Networks, Inc.",-6.92,-7.01,5,43,50,Telecommunications,Computer Communications Equipment
MCD,MCD,-0.55,0.45,80,100,22,Consumer Discretionary,Restaurants
HESAY,Hermès International Société en commandite par actions,-11.07,-4.28,0,35,10,Consumer Cyclical,Luxury Goods
TTE,TotalEnergies SE,3.05,11.56,100,100,73,Energy,Oil & Gas Production
ABBNY,ABB Ltd,-2.7,-15.23,0,20,64,Industrials,Electrical Equipment & Parts
BCDRF,"Banco Santander, S.A.",-5.61,-0.22,42,67,79,Financial Services,Banks - Diversified
SAN,SAN,-4.29,-3.04,36,73,77,Finance,Commercial Banks
APH,Amphenol Corporation,4.49,-14.75,32,58,58,Technology,Electrical Products
NEE,NEE,-0.92,0.79,94,100,45,Technology,EDP Services
RTNTF,Rio Tinto Group,0.0,-10.64,32,77,55,Basic Materials,Other Industrial Metals & Mining
SBGSF,Schneider Electric S.E.,-0.89,-11.71,11,62,34,Industrials,Specialty Industrial Machinery
BLK,"BlackRock, Inc.",-1.67,12.23,99,100,36,Finance,Investment Bankers/Brokers/Service
GILD,"Gilead Sciences, Inc.",-1.18,5.06,97,100,50,Health Care,Biotechnology: Biological Products (No Diagnostic Substances)
FRCOY,"Fast Retailing Co., Ltd.",0.14,-4.41,39,72,79,Consumer Cyclical,Apparel Retail
BUDFF,Anheuser-Busch InBev SA/NV,2.73,0.36,100,100,73,Consumer Defensive,Beverages - Brewers
SCCO,Southern Copper Corporation,-1.95,0.69,44,73,80,Basic Materials,Metal Mining
CRM,"Salesforce, Inc.",3.79,20.25,100,100,17,Technology,Computer Software: Prepackaged Software
ETN,ETN,-6.31,-15.08,0,0,26,Technology,Industrial Machinery/Components
SCHW,The Charles Schwab Corporation,-1.42,13.22,100,100,56,Finance,Investment Bankers/Brokers/Service
HON,Honeywell International Inc.,-2.4,7.69,92,98,55,Industrials,Aerospace
RLLCF,Rolls-Royce Holdings plc,-13.33,-7.14,4,11,1,Industrials,Aerospace & Defense
PFE,PFE,-0.4,6.27,100,100,41,Health Care,Biotechnology: Pharmaceutical Preparations
IBKR,"Interactive Brokers Group, Inc.",-5.11,-0.9,0,29,71,Finance,Investment Bankers/Brokers/Service
DE,Deere & Company,-4.52,-3.69,70,83,68,Industrials,Industrial Machinery/Components
CSUAY,China Shenhua Energy Company Limited,0.96,11.44,99,100,52,Energy,Thermal Coal
BX,Blackstone Inc.,-3.36,9.97,85,92,24,Finance,Investment Managers
PNGAY,"Ping An Insurance (Group) Company of China, Ltd.",0.27,13.26,100,100,34,Financial Services,Insurance - Life
SMFNF,"Sumitomo Mitsui Financial Group, Inc.",0.87,7.66,76,100,88,Financial Services,Banks - Diversified
DBSDF,DBS Group Holdings Ltd,0.03,14.2,100,100,84,Financial Services,Banks - Regional
CILJF,China Life Insurance Company Limited,1.68,4.61,65,82,52,Financial Services,Insurance - Life
BBVA,"Banco Bilbao Vizcaya Argentaria, S.A.",-3.24,2.39,68,90,82,Finance,Commercial Banks
UNCFF,UniCredit S.p.A.,-1.27,2.55,75,100,71,Financial Services,Banks - Regional
DHR,Danaher Corporation,-1.29,3.16,86,100,32,Industrials,Industrial Machinery/Components
SONY,Sony Group Corporation,2.47,16.0,100,100,41,Consumer Staples,Consumer Electronics/Appliances
IVSBF,Investor AB (publ),3.1,-0.66,100,100,69,Financial Services,Asset Management
BNPQF,BNP Paribas SA,-3.44,2.17,69,89,76,Financial Services,Banks - Regional
UL,Unilever PLC,-1.3,9.78,100,100,47,Consumer Discretionary,Package Goods/Cosmetics
AIQUF,L'Air Liquide S.A.,-1.65,-1.76,49,100,32,Basic Materials,Specialty Chemicals
CB,Chubb Limited,-0.44,6.21,100,100,73,Finance,Property-Casualty Insurers
AIQUY,L'Air Liquide S.A.,-0.73,-0.76,41,100,34,Basic Materials,Specialty Chemicals
EBBGF,Enbridge Inc.,0.0,0.94,77,100,49,Energy,Oil & Gas Midstream
BNPQY,BNP Paribas SA,-1.67,4.29,99,100,81,Financial Services,Banks - Regional
ESOCF,Enel SpA,3.27,2.13,100,100,62,Utilities,Utilities - Diversified
ISNPY,Intesa Sanpaolo S.p.A.,-0.97,6.82,100,100,66,Financial Services,Banks - Regional
SYK,Stryker Corporation,1.63,11.88,100,100,36,Health Care,Medical/Dental Instruments
MRAAF,"Murata Manufacturing Co., Ltd.",-11.02,-45.4,0,0,96,Technology,Electronic Components
BYDDF,BYD Company Limited,3.57,28.06,100,100,17,Consumer Cyclical,Auto Manufacturers
ATEYY,Advantest Corporation,6.93,-20.1,44,56,85,Technology,Semiconductor Equipment & Materials
VRTX,Vertex Pharmaceuticals Incorporated,-1.44,-2.7,40,87,54,Health Care,Biotechnology: Pharmaceutical Preparations
PBR,Petróleo Brasileiro S.A. - Petrobras,2.88,15.04,94,100,76,Energy,Oil & Gas Production
MTSUY,Mitsubishi Corporation,0.68,9.74,89,100,64,Industrials,Conglomerates
AAIGF,AIA Group Limited,-2.79,2.63,75,91,34,Financial Services,Insurance - Life
MZHOF,"Mizuho Financial Group, Inc.",-1.13,6.1,30,52,84,Financial Services,Banks - Regional
ZURVY,Zurich Insurance Group AG,-0.68,2.06,94,100,59,Financial Services,Insurance - Diversified
EQIX,"Equinix, Inc.",-2.59,-3.3,38,70,62,Real Estate,Real Estate Investment Trusts
SNYNF,Sanofi,1.85,8.69,100,100,24,Healthcare,Drug Manufacturers - General
SO,The Southern Company,-0.75,0.36,100,100,45,Utilities,Electric Utilities: Central
SPOT,Spotify Technology S.A.,2.43,14.13,100,100,35,Consumer Discretionary,Broadcasting
CM,Canadian Imperial Bank of Commerce,-3.0,1.07,63,90,81,Finance,Commercial Banks
MAR,"Marriott International, Inc.",-0.63,2.84,100,100,76,Consumer Discretionary,Hotels/Resorts
GPMXY,GPMXY,-2.57,-3.14,64,96,37,Basic Materials,Other Industrial Metals & Mining
BNY,BNY,-2.55,5.88,67,96,83,Finance,Major Banks
AXAHF,AXA SA,-1.0,1.6,100,100,52,Financial Services,Insurance - Diversified
BRCFF,BRCFF,0.0,0.0,84,100,56,Financial Services,Asset Management
ITOCY,ITOCHU Corporation,0.9,8.07,100,100,45,Industrials,Conglomerates
CAIXY,"CaixaBank, S.A.",-7.62,-1.28,20,53,80,Financial Services,Banks - Regional
IBN,ICICI Bank Limited,-1.65,2.51,98,100,38,Finance,Commercial Banks
ESLOF,EssilorLuxottica Société anonyme,-2.69,0.21,36,83,6,Healthcare,Medical Instruments & Supplies
XIACF,Xiaomi Corporation,7.33,40.56,100,100,14,Technology,Consumer Electronics
XIACY,Xiaomi Corporation,6.83,45.11,100,100,15,Technology,Consumer Electronics
SNPS,"Synopsys, Inc.",-2.64,-16.23,7,32,8,Technology,Computer Software: Prepackaged Software
INTU,Intuit Inc.,6.43,28.2,100,100,4,Technology,Computer Software: Prepackaged Software
GLCNF,Glencore plc,2.96,1.91,77,100,74,Basic Materials,Other Industrial Metals & Mining
MITSF,"Mitsui & Co., Ltd.",3.94,11.98,100,100,49,Industrials,Conglomerates
GLNCY,Glencore plc,3.13,1.76,72,100,74,Basic Materials,Other Industrial Metals & Mining
MIELF,Mitsubishi Electric Corporation,-2.15,-19.1,0,0,33,Industrials,Electrical Equipment & Parts
CMCSA,Comcast Corporation,1.74,1.61,100,100,19,Telecommunications,Cable & Other Pay Television Services
SNOW,Snowflake Inc.,4.64,11.16,100,100,93,Technology,Computer Software: Prepackaged Software
WBKCY,WBKCY,1.12,11.84,40,58,30,Financial Services,Banks - Diversified
WMB,"The Williams Companies, Inc.",-0.04,-5.66,20,67,57,Utilities,Natural Gas Distribution
ITUB,Itaú Unibanco Holding S.A.,-1.93,-0.21,53,100,59,Finance,Major Banks
ATLFF,Atlas Copco AB (publ),0.0,0.0,84,100,80,Industrials,Specialty Industrial Machinery
KKR,KKR & Co. Inc.,-3.29,8.17,83,92,16,Finance,Investment Managers
ELV,"Elevance Health, Inc.",-2.53,-2.78,26,58,63,Health Care,Medical Specialities
HOOD,"Robinhood Markets, Inc.",-3.15,-10.41,0,0,21,Finance,Investment Bankers/Brokers/Service
CSX,CSX Corporation,-0.2,6.75,66,90,82,Industrials,Railroads
ICE,"Intercontinental Exchange, Inc.",1.02,25.32,100,100,26,Finance,Investment Bankers/Brokers/Service
RKLB,Rocket Lab Corporation,-8.28,-42.35,0,0,17,Industrials,Military/Government/Technical
NGGTF,National Grid plc,-0.68,-1.48,57,100,32,Utilities,Utilities - Regulated Electric
JCI,Johnson Controls International plc,-0.61,-4.58,58,100,62,Industrials,Industrial Machinery/Components
VCISY,Vinci SA,1.36,-6.22,54,100,29,Industrials,Engineering & Construction
BE,Bloom Energy Corporation,-1.85,-45.9,0,0,95,Energy,Industrial Machinery/Components
EMR,Emerson Electric Co.,-4.01,1.8,79,87,44,Technology,Consumer Electronics/Appliances
ABNB,"Airbnb, Inc.",-0.07,6.93,100,100,61,Consumer Discretionary,Diversified Commercial Services
CVNA,Carvana Co.,0.38,0.76,75,100,15,Consumer Discretionary,Retail-Auto Dealers and Gas Stations
NGG,NGG,-2.45,-4.81,11,84,38,Utilities,Natural Gas Distribution
LYG,Lloyds Banking Group plc,-2.33,0.69,43,86,72,Finance,Commercial Banks
CHGCF,"Chugai Pharmaceutical Co., Ltd.",0.38,-7.24,21,42,14,Healthcare,Drug Manufacturers - General
MDLZ,"Mondelez International, Inc.",4.02,12.36,100,100,52,Consumer Staples,Packaged Foods
BAM,Brookfield Asset Management Ltd.,-1.46,5.57,78,100,25,Consumer Discretionary,Other Consumer Services
MPWR,"Monolithic Power Systems, Inc.",-2.59,-9.66,5,41,62,Technology,Semiconductors
RCL,RCL,0.33,1.91,100,100,61,Consumer Discretionary,Marine Transportation
ANZGF,ANZ Group Holdings Limited,0.0,4.39,88,100,69,Financial Services,Banks - Diversified
ROST,"Ross Stores, Inc.",0.37,18.37,100,100,89,Consumer Discretionary,Clothing/Shoe/Accessory Stores
SU,SU,2.97,22.58,100,100,85,Energy,Integrated oil Companies
CRH,CRH,-3.57,-6.81,34,81,18,Industrials,Building Materials
VOLVF,AB Volvo (publ),4.73,12.48,100,100,74,Industrials,Farm & Heavy Construction Machinery
CNI,CNI,0.25,8.89,100,100,80,Industrials,Railroads
VLVLY,AB Volvo (publ),0.13,11.02,100,100,72,Industrials,Farm & Heavy Construction Machinery
OVCHF,Oversea-Chinese Banking Corporation Limited,-4.06,14.02,84,90,92,Financial Services,Banks - Regional
TDG,TDG,-3.32,-5.06,64,90,30,Industrials,Military/Government/Technical
DASH,"DoorDash, Inc.",-1.02,4.88,100,100,26,Technology,EDP Services
JPPTY,"JAPAN POST BANK Co., Ltd.",-0.82,3.12,36,71,92,Financial Services,Banks - Regional
NSC,NSC,-0.91,6.72,69,93,63,Industrials,Railroads
JAPAF,Japan Tobacco Inc.,6.61,4.11,100,100,57,Consumer Defensive,Tobacco
AON,Aon plc,-1.08,13.71,100,100,61,Finance,Specialty Insurers
MURGY,Münchener Rückversicherungs-Gesellschaft Aktiengesellschaft in München,-0.58,6.61,100,100,32,Financial Services,Insurance - Reinsurance
SFBQF,SoftBank Corp.,13.18,9.94,100,100,45,Communication Services,Telecom Services
MKKGY,Merck KGaA,-0.15,-2.02,95,100,75,Healthcare,Drug Manufacturers - Specialty & Generic
NBNKF,Nordea Bank Abp,0.0,-3.99,69,100,47,Financial Services,Banks - Regional
BHKLY,BOC Hong Kong (Holdings) Limited,0.08,20.15,100,100,85,Financial Services,Banks - Regional
REGN,"Regeneron Pharmaceuticals, Inc.",0.03,11.53,100,100,47,Health Care,Biotechnology: Pharmaceutical Preparations
NWG,NatWest Group plc,-1.01,-0.28,64,90,66,Finance,Commercial Banks
NU,Nu Holdings Ltd.,-4.36,5.09,70,84,25,Finance,Finance: Consumer Services
URI,"United Rentals, Inc.",-3.31,-6.87,48,69,63,Consumer Discretionary,Diversified Commercial Services
PSTVY,"Postal Savings Bank of China Co., Ltd.",0.0,4.94,99,100,35,Financial Services,Banks - Regional
NNFSF,"Nongfu Spring Co., Ltd.",0.0,-0.96,59,100,46,Consumer Defensive,Beverages - Non-Alcoholic
SMTOY,"Sumitomo Electric Industries, Ltd.",-2.55,-22.75,11,16,92,Consumer Cyclical,Auto Parts
STM,STM,-3.59,-35.43,0,0,91,Technology,Semiconductors
SMTOF,"Sumitomo Electric Industries, Ltd.",3.17,-25.16,12,16,2,Consumer Cyclical,Auto Parts
WFAFF,Wesfarmers Limited,0.0,0.0,100,100,55,Consumer Cyclical,Home Improvement Retail
MCQEF,Macquarie Group Limited,0.0,9.58,100,100,69,Financial Services,Capital Markets
DSDVY,DSV A/S,2.01,-8.37,19,30,18,Industrials,Integrated Freight & Logistics
LDNXF,London Stock Exchange Group plc,0.0,14.1,100,100,30,Financial Services,Financial Data & Stock Exchanges
MBGYY,Mercedes-Benz Group AG,0.9,7.37,100,100,22,Consumer Cyclical,Auto Manufacturers
SCBFF,Standard Chartered PLC,0.57,5.79,100,100,83,Financial Services,Banks - Diversified
SRE,Sempra,-1.92,-4.2,10,83,39,Utilities,Natural Gas Distribution
PCAR,PACCAR Inc,-3.14,11.45,88,94,74,Consumer Discretionary,Motor Vehicles
NGLOY,Anglo American plc,-0.62,-2.95,70,100,67,Basic Materials,Other Industrial Metals & Mining
CRARF,Crédit Agricole S.A.,0.0,4.54,100,100,63,Financial Services,Banks - Regional
DSDVF,DSV A/S,-4.2,-9.94,0,4,15,Industrials,Integrated Freight & Logistics
HPE,Hewlett Packard Enterprise Company,-2.52,-1.49,53,73,96,Technology,Retail: Computer Software & Peripheral Equipment
NUE,NUE,-3.61,14.94,88,93,91,Industrials,Steel/Iron Ore
NTIOF,National Bank of Canada,-2.79,0.6,61,92,82,Financial Services,Banks - Diversified
SGAPY,Singapore Telecommunications Limited,2.18,4.03,100,100,43,Communication Services,Telecom Services
MSTR,Strategy Inc,-2.94,7.36,38,77,2,Technology,Computer Software: Prepackaged Software
UCBJY,UCB SA,0.36,-4.66,73,100,56,Healthcare,Biotechnology
ORANY,Orange S.A.,1.18,5.1,100,100,62,Communication Services,Telecom Services
KBCSY,KBC Group NV,-1.87,1.1,87,100,64,Financial Services,Banks - Regional
EONGY,E.ON SE,-1.39,3.96,71,95,49,Utilities,Utilities - Diversified
TRGP,Targa Resources Corp.,1.15,-1.29,42,78,87,Utilities,Natural Gas Distribution
MARUY,Marubeni Corporation,-2.11,-89.13,1,1,1,Industrials,Conglomerates
PCRFF,Panasonic Holdings Corporation,-5.52,-26.72,0,0,91,Technology,Consumer Electronics
VWAPY,Volkswagen AG,2.63,7.53,100,100,15,Consumer Cyclical,Auto Manufacturers
VST,Vistra Corp.,-3.92,-9.97,0,14,12,Utilities,Electric Utilities: Central
PSA,Public Storage,-0.31,3.5,100,100,65,Real Estate,Real Estate Investment Trusts
SSUMY,Sumitomo Corporation,-0.1,2.27,100,100,70,Industrials,Conglomerates
CARR,Carrier Global Corporation,-5.13,-18.02,0,0,29,Industrials,Industrial Machinery/Components
BASFY,BASF SE,4.67,9.47,100,100,51,Basic Materials,Chemicals
FJIKY,FJIKY,-7.62,-43.49,0,0,60,Industrials,Conglomerates
MARUF,Marubeni Corporation,-9.43,3.18,38,57,44,Industrials,Conglomerates
VLKAF,Volkswagen AG,3.94,6.11,100,100,10,Consumer Cyclical,Auto Manufacturers
LOBLY,LOBLY,-1.52,3.47,34,49,57,Consumer Defensive,Grocery Stores
DBOEY,Deutsche Börse AG,1.85,13.66,100,100,57,Financial Services,Financial Data & Stock Exchanges
NTDOY,"Nintendo Co., Ltd.",3.5,15.55,100,100,9,Communication Services,Electronic Gaming & Multimedia
AJG,Arthur J. Gallagher & Co.,1.36,17.14,100,100,55,Finance,Specialty Insurers
ASMXF,ASM International NV,-12.38,-21.1,0,0,68,Technology,Semiconductor Equipment & Materials
MT,ArcelorMittal S.A.,-2.38,9.1,89,98,90,Industrials,Steel/Iron Ore
DVN,Devon Energy Corporation,4.22,7.6,95,100,62,Energy,Oil & Gas Production
TAK,Takeda Pharmaceutical Company Limited,1.31,10.73,100,100,64,Health Care,Biotechnology: Pharmaceutical Preparations
ABEV,Ambev S.A.,-0.96,-1.27,100,100,72,Consumer Staples,Beverages (Production/Distribution)
GDERF,GDERF,-0.27,-6.09,76,100,71,Healthcare,Drug Manufacturers - Specialty & Generic
RNECY,Renesas Electronics Corporation,-9.63,-37.7,0,0,82,Technology,Semiconductors
SCGLF,Société Générale Société anonyme,0.0,-3.37,69,100,63,Financial Services,Banks - Regional
GALDY,GALDY,-0.09,-4.97,84,100,68,Healthcare,Drug Manufacturers - Specialty & Generic
RNECF,Renesas Electronics Corporation,-1.15,-36.42,1,2,84,Technology,Semiconductors
DRPRF,Dr. Ing. h.c. F. Porsche AG,0.0,1.0,84,100,43,Consumer Cyclical,Auto Manufacturers
INFY,Infosys Limited,2.02,20.11,100,100,16,Technology,EDP Services
AU,AngloGold Ashanti plc,-1.37,-3.73,46,90,46,Basic Materials,Precious Metals
ADSK,"Autodesk, Inc.",3.32,26.14,100,100,22,Technology,Computer Software: Prepackaged Software
WUXIF,"WuXi AppTec Co., Ltd.",-0.05,2.36,65,87,97,Healthcare,Diagnostics & Research
EBAY,eBay Inc.,-1.82,3.18,96,100,77,Consumer Discretionary,Business Services
AZO,AZO,0.75,-1.68,98,100,15,Consumer Discretionary,Auto & Home Supply Stores
EBKOF,Erste Group Bank AG,0.56,-0.39,86,100,73,Financial Services,Banks - Regional
RWEOY,RWE Aktiengesellschaft,-2.05,-2.26,37,82,64,Utilities,Utilities - Diversified
WEICF,"Weichai Power Co., Ltd.",2.0,-7.48,25,42,87,Consumer Cyclical,Auto Manufacturers
EXC,EXC,-0.59,0.88,100,100,44,Utilities,Power Generation
TYHOF,Toyota Tsusho Corporation,9.88,9.88,100,100,88,Industrials,Conglomerates
MSCI,MSCI Inc.,0.61,4.09,52,79,41,Consumer Discretionary,Business Services
DEO,Diageo plc,0.29,10.92,100,100,40,Consumer Staples,Beverages (Production/Distribution)
DNBBF,DNB Bank ASA,-0.18,0.52,94,100,51,Financial Services,Banks - Regional
HINKF,Heineken N.V.,7.26,8.31,100,100,68,Consumer Defensive,Beverages - Brewers
ORLNY,ORLNY,0.0,9.58,80,100,59,Energy,Oil & Gas Integrated
FITBP,Fifth Third Bancorp,-0.22,0.13,69,100,36,Finance,Major Banks
GRMN,Garmin Ltd.,16.23,24.12,100,100,79,Industrials,Industrial Machinery/Components
SEMHF,Siemens Healthineers AG,5.29,8.7,100,100,19,Healthcare,Medical Devices
WUXAY,"WuXi AppTec Co., Ltd.",0.0,0.89,67,96,84,Healthcare,Diagnostics & Research
FNV,FNV,1.79,2.84,100,100,41,Basic Materials,Precious Metals
DSCSY,Disco Corporation,-5.61,-40.86,0,0,11,Technology,Semiconductor Equipment & Materials
DKILF,"Daikin Industries,Ltd.",-1.54,-2.82,10,52,57,Industrials,Building Products & Equipment
ANNSF,"Aena S.M.E., S.A.",-1.26,-0.56,100,100,50,Industrials,Airports & Air Services
FERG,Ferguson Enterprises Inc.,-2.51,-4.69,66,95,22,Miscellaneous,Miscellaneous
LZAGY,Lonza Group AG,1.93,3.53,95,100,46,Healthcare,Diagnostics & Research
DISPF,Disco Corporation,-9.48,-35.15,0,0,99,Technology,Semiconductor Equipment & Materials
ERIC,Telefonaktiebolaget LM Ericsson (publ),-1.81,-12.2,27,44,38,Technology,Radio And Television Broadcasting And Communications Equipment
DKILY,"Daikin Industries,Ltd.",-0.35,-5.64,12,57,60,Industrials,Building Products & Equipment
BAYRY,Bayer Aktiengesellschaft,1.11,-0.44,35,71,87,Healthcare,Drug Manufacturers - General
UNVGY,Universal Music Group N.V.,2.69,7.95,100,100,21,Communication Services,Entertainment
DNKEY,Danske Bank A/S,-0.07,3.24,92,100,79,Financial Services,Banks - Regional
TLGPY,Telstra Group Limited,1.03,0.68,100,100,42,Communication Services,Telecom Services
ASAZF,ASSA ABLOY AB (publ),2.01,5.68,100,100,50,Industrials,Security & Protection Services
VIK,Viking Holdings Ltd,-1.8,-1.92,97,100,92,Consumer Discretionary,Marine Transportation
CMG,CMG,2.18,0.71,67,100,21,Consumer Discretionary,Restaurants
IX,IX,-0.2,2.84,70,100,88,Finance,Diversified Financial Services
UMGNF,Universal Music Group N.V.,2.69,7.66,100,100,19,Communication Services,Entertainment
BDX,"Becton, Dickinson and Company",1.24,11.28,100,100,63,Health Care,Medical/Dental Instruments
HLNCF,Haleon plc,-1.31,5.36,83,98,40,Healthcare,Drug Manufacturers - Specialty & Generic
HLN,Haleon plc,0.1,10.18,100,100,51,Consumer Discretionary,Package Goods/Cosmetics
TYIDY,Toyota Industries Corporation,0.0,5.9,100,100,51,Industrials,Farm & Heavy Construction Machinery
SLF,Sun Life Financial Inc.,-2.14,4.91,92,99,80,Finance,Life Insurance
ORXCF,ORIX Corporation,2.08,5.28,83,98,89,Financial Services,Financial Conglomerates
PYPL,"PayPal Holdings, Inc.",0.05,35.13,100,100,36,Industrials,Diversified Commercial Services
AIG,AIG,-0.78,7.61,100,100,50,Finance,Life Insurance
TKO,"TKO Group Holdings, Inc.",0.69,-6.93,51,100,40,Consumer Discretionary,Services-Misc. Amusement & Recreation
LYV,"Live Nation Entertainment, Inc.",1.97,0.72,100,100,73,Consumer Discretionary,Services-Misc. Amusement & Recreation
OTSKY,"Otsuka Holdings Co., Ltd.",0.75,4.72,90,100,71,Healthcare,Drug Manufacturers - General
ADM,ADM,-3.37,5.21,52,79,77,Consumer Staples,Packaged Foods
KR,KR,1.15,7.82,100,100,22,Consumer Staples,Food Chains
DCNSF,"Daiichi Life Group, Inc.",0.0,0.0,100,100,85,Financial Services,Insurance - Life
HLBZF,Heidelberg Materials AG,0.81,-3.61,43,79,13,Basic Materials,Building Materials
PWCDF,Power Corporation of Canada,-2.4,4.17,87,97,86,Financial Services,Insurance - Life
DLICY,"Daiichi Life Group, Inc.",1.07,7.73,95,100,89,Financial Services,Insurance - Life
DTRUY,Daimler Truck Holding AG,1.28,15.84,100,100,74,Industrials,Farm & Heavy Construction Machinery
UAL,"United Airlines Holdings, Inc.",-3.51,-12.18,33,69,78,Consumer Discretionary,Air Freight/Delivery Services
ADRNY,Koninklijke Ahold Delhaize N.V.,0.53,-0.99,73,100,25,Consumer Defensive,Grocery Stores
VMC,Vulcan Materials Company,-1.56,-3.76,52,100,33,Industrials,Mining & Quarrying of Nonmetallic Minerals (No Fuels)
HUM,HUM,-5.99,-8.01,0,33,93,Health Care,Medical Specialities
PPRUY,Kering SA,7.07,17.86,100,100,63,Consumer Cyclical,Luxury Goods
TSCDY,Tesco PLC,1.88,9.3,100,100,59,Consumer Defensive,Grocery Stores
AHODF,Koninklijke Ahold Delhaize N.V.,10.05,3.53,74,89,30,Consumer Defensive,Grocery Stores
AXON,"Axon Enterprise, Inc.",-3.0,-5.25,35,51,33,Industrials,Ordnance And Accessories
NIPNF,NEC Corporation,6.5,18.98,100,100,30,Technology,Information Technology Services
PUK,PUK,0.72,9.1,100,100,39,Finance,Life Insurance
FRFHF,Fairfax Financial Holdings Limited,-1.04,4.08,100,100,37,Financial Services,Insurance - Property & Casualty
NHOLF,"Sompo Holdings, Inc.",0.0,0.0,100,100,70,Financial Services,Insurance - Property & Casualty
PSZKY,Powszechna Kasa Oszczednosci Bank Polski Spólka Akcyjna,9.75,5.77,100,100,85,Financial Services,Banks - Regional
DTGHF,Daimler Truck Holding AG,0.0,13.3,100,100,59,Industrials,Farm & Heavy Construction Machinery
SHNDY,Schindler Holding AG,3.18,-3.72,61,85,16,Industrials,Specialty Industrial Machinery
JD,JD,1.29,26.37,100,100,48,Consumer Discretionary,Other Specialty Stores
GFI,Gold Fields Limited,-1.26,-4.02,38,79,15,Basic Materials,Precious Metals
MLM,"Martin Marietta Materials, Inc.",-2.4,-1.22,67,97,24,Industrials,Mining & Quarrying of Nonmetallic Minerals (No Fuels)
GFIOF,Gold Fields Limited,0.0,-10.03,9,45,81,Basic Materials,Gold
HNDAF,"Honda Motor Co., Ltd.",4.94,12.77,100,100,46,Consumer Cyclical,Auto Manufacturers
ADYYF,Adyen N.V.,-4.24,3.24,78,86,6,Technology,Software - Infrastructure
BBDO,Banco Bradesco S.A.,-2.74,9.01,91,96,49,Finance,Major Banks
VOD,Vodafone Group Public Limited Company,-1.59,21.92,100,100,76,Telecommunications,Telecommunications Equipment
SAABF,Saab AB (publ),-2.86,20.3,92,96,39,Industrials,Aerospace & Defense
SHLRF,Schindler Holding AG,0.0,-8.59,22,59,14,Industrials,Specialty Industrial Machinery
QSR,Restaurant Brands International Inc.,0.87,4.15,100,100,51,Consumer Discretionary,Restaurants
RDDT,"Reddit, Inc.",-0.25,2.54,38,67,49,Technology,EDP Services
RBLX,Roblox Corporation,1.27,-7.82,33,63,4,Technology,Computer Software: Prepackaged Software
LVS,Las Vegas Sands Corp.,0.62,5.11,100,100,18,Consumer Discretionary,Hotels/Resorts
GVDBF,Givaudan SA,0.0,-2.47,15,58,37,Basic Materials,Specialty Chemicals
HBANP,Huntington Bancshares Incorporated,-0.43,-0.06,100,100,28,Finance,Major Banks
HBANL,Huntington Bancshares Incorporated,-0.08,1.46,100,100,39,Finance,Major Banks
ALC,Alcon Inc.,0.78,3.8,100,100,18,Health Care,Ophthalmic Goods
DNZOY,DENSO Corporation,5.67,16.39,100,100,42,Consumer Cyclical,Auto Parts
FNLPF,Fresnillo plc,-2.41,-10.12,27,54,37,Basic Materials,Other Precious Metals & Mining
KYOCF,Kyocera Corporation,0.0,-2.24,30,75,94,Industrials,Conglomerates
CMXHF,CSL Limited,11.19,10.98,100,100,9,Healthcare,Biotechnology
TS,Tenaris S.A.,0.32,0.59,76,100,76,Industrials,Steel/Iron Ore
KMB,Kimberly-Clark Corporation,0.11,3.13,100,100,52,Consumer Discretionary,Containers/Packaging
MLYBY,Malayan Banking Berhad,5.42,3.75,52,79,39,Financial Services,Banks - Regional
AVIFY,Advanced Info Service Public Company Limited,0.0,-3.08,60,100,72,Communication Services,Telecom Services
SBGOF,Standard Bank Group Limited,-0.05,-0.3,100,100,64,Financial Services,Banks - Regional
FANDF,FirstRand Limited,0.0,0.0,84,100,98,Financial Services,Banks - Diversified
FANDY,FirstRand Limited,0.0,0.0,100,100,70,Financial Services,Banks - Diversified
DSNKY,"Daiichi Sankyo Company, Limited",-1.06,9.34,100,100,19,Healthcare,Drug Manufacturers - General
SXYAY,Sika AG,1.41,6.49,100,100,54,Basic Materials,Specialty Chemicals
ACGLO,Arch Capital Group Ltd.,-0.21,1.73,100,100,30,Finance,Property-Casualty Insurers
SGBLY,Standard Bank Group Limited,-1.07,-2.12,80,100,71,Financial Services,Banks - Regional
TLLXY,Talanx AG,0.0,7.75,83,100,53,Financial Services,Insurance - Diversified
TGOPF,3i Group plc,0.0,17.39,100,100,17,Financial Services,Asset Management
AJINF,"Ajinomoto Co., Inc.",0.0,-18.29,8,23,52,Consumer Defensive,Packaged Foods
NTRS,Northern Trust Corporation,-1.77,2.19,45,100,76,Finance,Major Banks
HENOY,Henkel AG & Co. KGaA,-0.37,3.27,100,100,62,Consumer Defensive,Household & Personal Products
MITEY,"Mitsubishi Estate Co., Ltd.",0.97,-2.5,48,100,46,Real Estate,Real Estate - Diversified
SVNDY,"Seven & i Holdings Co., Ltd.",1.64,14.01,100,100,49,Consumer Defensive,Grocery Stores
QIHCF,"Haier Smart Home Co., Ltd.",0.0,0.0,100,100,61,Consumer Cyclical,"Furnishings, Fixtures & Appliances"
AMRZ,AMRZ,-1.81,-7.2,39,92,23,Industrials,Building Materials
VG,VG,7.23,17.25,57,68,68,Utilities,Oil/Gas Transmission
NSKFF,Kongsberg Gruppen ASA,0.0,4.31,77,100,53,Industrials,Aerospace & Defense
SVNLF,Svenska Handelsbanken AB (publ),-0.67,-0.34,100,100,47,Financial Services,Banks - Diversified
VEOEF,Veolia Environnement SA,-1.72,-5.98,13,85,56,Industrials,Waste Management
SVNLY,Svenska Handelsbanken AB (publ),-0.54,0.41,100,100,68,Financial Services,Banks - Diversified
GBOOY,"Grupo Financiero Banorte, S.A.B. de C.V.",-1.5,7.02,100,100,68,Financial Services,Banks - Regional
DASTY,Dassault Systèmes SE,0.08,17.81,100,100,22,Technology,Software - Application
POPMF,POPMF,-4.61,-6.77,0,2,3,,
BIIB,Biogen Inc.,1.76,-3.16,90,100,83,Health Care,Biotechnology: Biological Products (No Diagnostic Substances)
SHG,"Shinhan Financial Group Co., Ltd.",-1.92,8.25,74,93,70,Finance,Major Banks
CQP,"Cheniere Energy Partners, L.P.",-1.62,3.43,64,95,58,Utilities,Oil/Gas Transmission
TSEM,Tower Semiconductor Ltd.,-7.46,-27.93,0,0,97,Technology,Semiconductors
DXCM,"DexCom, Inc.",0.39,11.57,92,100,54,Health Care,Medical/Dental Instruments
CASY,"Casey's General Stores, Inc.",1.2,9.11,100,100,88,Consumer Discretionary,Retail-Auto Dealers and Gas Stations
KHNGF,Kuehne + Nagel International AG,2.34,2.31,98,100,63,Industrials,Integrated Freight & Logistics
HNNMY,H & M Hennes & Mauritz AB (publ),2.29,5.92,100,100,42,Consumer Cyclical,Apparel Manufacturing
REPYY,"Repsol, S.A.",4.97,23.52,100,100,93,Energy,Oil & Gas Integrated
SAXPY,Sampo Oyj,0.55,4.82,100,100,44,Financial Services,Insurance - Diversified
SYM,Symbotic Inc.,-4.72,-10.26,16,61,6,Industrials,Industrial Machinery/Components
VWDRY,Vestas Wind Systems A/S,-1.18,-11.65,3,35,40,Industrials,Specialty Industrial Machinery
LDSVF,Chocoladefabriken Lindt & Sprüngli AG,0.0,-2.74,56,100,14,Consumer Defensive,Confectioners
AMADY,"Amadeus IT Group, S.A.",2.02,8.74,100,100,24,Technology,Information Technology Services
RMD,ResMed Inc.,2.55,9.96,100,100,19,Health Care,Medical/Dental Instruments
IMBBF,Imperial Brands PLC,0.26,5.79,100,100,32,Consumer Defensive,Tobacco
PGPHF,Partners Group Holding AG,-0.06,-1.98,35,85,4,Financial Services,Asset Management
KHNGY,Kuehne + Nagel International AG,-0.36,3.16,61,100,66,Industrials,Integrated Freight & Logistics
BRDCY,Bridgestone Corporation,5.57,18.82,100,100,68,Consumer Cyclical,Auto Parts
SAXPF,Sampo Oyj,0.56,8.06,100,100,47,Financial Services,Insurance - Diversified
SGGKF,Singapore Technologies Engineering Ltd,0.0,-6.85,14,51,41,Industrials,Aerospace & Defense
EXPE,"Expedia Group, Inc.",2.87,18.91,100,100,85,Consumer Discretionary,Transportation Services
REPYF,"Repsol, S.A.",2.26,20.7,91,100,92,Energy,Oil & Gas Integrated
MDB,"MongoDB, Inc.",3.37,-4.41,46,69,57,Technology,Computer Software: Prepackaged Software
BESVF,BE Semiconductor Industries N.V.,0.0,-28.7,0,3,78,Technology,Semiconductor Equipment & Materials
ANPDY,ANTA Sports Products Limited,2.6,11.91,100,100,28,Consumer Cyclical,Leisure
YZCAY,Yankuang Energy Group Company Limited,2.85,11.08,92,100,46,Energy,Thermal Coal
FTAIM,FTAI Aviation Ltd.,-0.36,0.0,100,100,51,Industrials,Misc Corporate Leasing Services
VWSYF,Vestas Wind Systems A/S,0.08,-9.75,11,39,45,Industrials,Specialty Industrial Machinery
ANPDF,ANTA Sports Products Limited,7.03,8.56,100,100,20,Consumer Cyclical,Leisure
P,"Everpure, Inc.",-5.12,-12.11,23,52,28,Technology,Electronic Components
WNGRF,George Weston Limited,-0.01,6.17,100,100,61,Consumer Defensive,Grocery Stores
ZTCOF,ZTE Corporation,0.0,-21.32,11,31,27,Technology,Communication Equipment
MTSFF,"Mitsui Fudosan Co., Ltd.",0.0,-0.86,50,100,18,Real Estate,Real Estate - Diversified
GELHY,Geely Automobile Holdings Limited,5.3,19.79,100,100,47,Consumer Cyclical,Auto Manufacturers
NVZMF,Novozymes A/S,0.0,6.12,100,100,47,Basic Materials,Specialty Chemicals
ALPMY,Astellas Pharma Inc.,2.2,4.34,100,100,61,Healthcare,Drug Manufacturers - General
FQVLF,First Quantum Minerals Ltd.,2.3,-0.62,91,100,68,Basic Materials,Copper
CAJPY,Canon Inc.,3.02,10.45,100,100,42,Technology,Computer Hardware
LNDMY,Lundin Mining Corporation,8.22,8.22,100,100,20,Basic Materials,Copper
FOXA,Fox Corporation,2.13,13.02,100,100,27,Industrials,Broadcasting
PHG,Koninklijke Philips N.V.,2.15,-4.01,49,90,33,Health Care,Medical Electronics
NTOIF,Neste Oyj,0.0,5.44,42,65,91,Energy,Oil & Gas Refining & Marketing
NTOIY,Neste Oyj,4.7,6.5,61,81,90,Energy,Oil & Gas Refining & Marketing
EXXRF,Exor N.V.,0.89,3.65,100,100,25,Industrials,Farm & Heavy Construction Machinery
BKRKY,PT Bank Rakyat Indonesia (Persero) Tbk,-0.62,6.79,75,100,11,Financial Services,Banks - Regional
AVVIY,Aviva plc,-1.35,5.77,100,100,52,Financial Services,Insurance - Diversified
AFRM,"Affirm Holdings, Inc.",-3.16,-14.03,6,21,44,Finance,Finance: Consumer Services
SFHOY,SFHOY,2.33,14.62,100,100,27,Industrials,Integrated Freight & Logistics
PUBGY,Publicis Groupe S.A.,0.22,12.31,100,100,67,Communication Services,Advertising Agencies
THNBY,THNBY,-2.51,-22.96,0,0,98,Unknown,Unknown
NHYKF,Norsk Hydro ASA,2.04,-1.31,100,100,49,Basic Materials,Aluminum
SZKMY,Suzuki Motor Corporation,2.9,8.16,100,100,52,Consumer Cyclical,Auto Manufacturers
AIBRF,AIB Group plc,-2.79,3.01,83,94,75,Financial Services,Banks - Regional
AONNY,"Aeon Co., Ltd.",6.44,6.57,100,100,9,Consumer Cyclical,Department Stores
HXGBF,Hexagon AB (publ),13.58,16.67,100,100,17,Technology,Scientific & Technical Instruments
FUJIF,FUJIFILM Holdings Corporation,-4.06,5.57,60,87,59,Industrials,Conglomerates
FMX,"Fomento Económico Mexicano, S.A.B. de C.V.",-5.22,-4.03,0,48,71,Consumer Staples,Beverages (Production/Distribution)
WRTBY,Wärtsilä Oyj Abp,-1.35,-13.78,7,69,25,Industrials,Specialty Industrial Machinery
BG,Bunge Global SA,-8.17,0.98,28,55,45,Consumer Staples,Packaged Foods
ATI,ATI Inc.,-4.85,-9.73,0,35,92,Industrials,Steel/Iron Ore
MTD,Mettler-Toledo International Inc.,-0.0,8.67,100,100,46,Industrials,Biotechnology: Laboratory Analytical Instruments
BNNCY,Banco BPM S.p.A.,0.0,-4.03,84,100,71,Financial Services,Banks - Regional
CPAY,"Corpay, Inc.",2.22,17.88,100,100,79,Consumer Discretionary,Business Services
WTW,Willis Towers Watson Public Limited Company,-0.07,20.87,100,100,44,Finance,Specialty Insurers
NXT,Nextpower Inc.,-2.81,-22.22,0,0,30,Industrials,Industrial Machinery/Components
LSRCF,Lasertec Corporation,0.0,-16.59,9,34,99,Technology,Semiconductor Equipment & Materials
SOFI,"SoFi Technologies, Inc.",-8.9,-14.95,0,0,6,Finance,Finance: Consumer Services
NRSCF,"Nomura Holdings, Inc.",0.0,11.93,100,100,82,Financial Services,Capital Markets
AER,AerCap Holdings N.V.,-3.54,1.96,76,89,66,Consumer Discretionary,Diversified Commercial Services
INSM,Insmed Incorporated,-0.97,-3.28,5,51,9,Health Care,Biotechnology: Pharmaceutical Preparations
ALFVY,Alfa Laval AB (publ),-1.83,-5.11,21,89,52,Industrials,Specialty Industrial Machinery
SZKMF,Suzuki Motor Corporation,11.07,12.62,100,100,46,Consumer Cyclical,Auto Manufacturers
CJPRF,Central Japan Railway Company,0.0,-6.44,27,85,98,Industrials,Railroads
IHG,InterContinental Hotels Group PLC,-0.41,-6.7,66,100,75,Consumer Discretionary,Hotels/Resorts
WRTBF,Wärtsilä Oyj Abp,0.0,-12.82,12,50,39,Industrials,Specialty Industrial Machinery
HPGLY,Hapag-Lloyd Aktiengesellschaft,1.52,13.74,95,100,49,Industrials,Marine Shipping
AKRBY,Aker BP ASA,-2.03,15.0,72,86,71,Energy,Oil & Gas E&P
FCNCN,"First Citizens BancShares, Inc. Depositary Shares, each representing a 1/40th interest in a share of 6.625% Non-Cumulative Perpetual Preferred Stock, Series E",-0.52,-2.66,76,100,40,Finance,Major Banks
IREN,IREN Limited,-13.62,-35.91,0,0,12,Technology,EDP Services
CLLNY,"Cellnex Telecom, S.A.",0.0,5.64,100,100,25,Real Estate,Real Estate Services
ZS,"Zscaler, Inc.",1.41,8.94,100,100,11,Technology,EDP Services
SGSOY,SGS SA,0.85,2.16,100,100,54,Industrials,Consulting Services
CMS,CMS,-0.01,-2.8,68,100,40,Utilities,Power Generation
CAOVF,China Overseas Land & Investment Limited,0.0,-19.51,13,36,40,Real Estate,Real Estate - Development
TRUMF,Terumo Corporation,0.0,-0.53,56,85,25,Healthcare,Medical Instruments & Supplies
NNGPF,NN Group N.V.,1.02,3.26,100,100,76,Financial Services,Insurance - Diversified
EMBVF,"Arca Continental, S.A.B. de C.V.",0.0,-4.74,59,100,44,Consumer Defensive,Beverages - Non-Alcoholic
BDRXF,Bombardier Inc.,0.16,2.84,100,100,42,Industrials,Aerospace & Defense
FUWAF,"Furukawa Electric Co., Ltd.",0.0,-92.18,0,1,1,Industrials,Electrical Equipment & Parts
NI,NiSource Inc.,-2.01,-5.76,24,89,38,Utilities,Power Generation
IPOAF,"Industrias Peñoles, S.A.B. de C.V.",0.0,6.78,89,100,48,Basic Materials,Other Industrial Metals & Mining
BDRAF,Bombardier Inc.,1.09,13.31,97,100,94,Industrials,Aerospace & Defense
LPLA,LPL Financial Holdings Inc.,-1.35,19.92,100,100,30,Finance,Investment Bankers/Brokers/Service
CAOVY,China Overseas Land & Investment Limited,4.01,4.91,79,91,49,Real Estate,Real Estate - Development
PPERF,PT Bank Mandiri (Persero) Tbk,0.0,-4.1,34,81,12,Financial Services,Banks - Regional
FFIV,"F5, Inc.",-4.09,-6.97,10,62,83,Telecommunications,Computer Communications Equipment
DGX,Quest Diagnostics Incorporated,-0.31,11.43,100,100,81,Health Care,Medical Specialities
SW,Smurfit Westrock Plc,-5.0,4.32,80,86,64,Consumer Discretionary,Containers/Packaging
VIV,Telefônica Brasil S.A.,-2.97,-2.62,9,52,33,Telecommunications,Telecommunications Equipment
LH,LH,-2.25,9.7,95,99,67,Health Care,Medical Specialities
SHWDY,Resonac Holdings Corporation,-11.24,-32.63,0,0,94,Basic Materials,Chemicals
VONOY,Vonovia SE,-1.48,-1.96,53,100,17,Real Estate,Real Estate Services
FOJCF,Fortum Oyj,0.0,-1.97,100,100,40,Utilities,Utilities - Renewable
NXGPF,NEXT plc,0.0,3.92,100,100,67,Consumer Cyclical,Apparel Retail
SNX,SNX,0.61,-6.8,75,100,89,Technology,Retail: Computer Software & Peripheral Equipment
FOJCY,Fortum Oyj,-1.5,-7.56,0,49,31,Utilities,Utilities - Renewable
CCHGY,Coca-Cola HBC AG,-1.45,2.9,98,100,82,Consumer Defensive,Beverages - Non-Alcoholic
WWD,"Woodward, Inc.",-6.12,-9.41,8,47,78,Energy,Industrial Machinery/Components
ALB,Albemarle Corporation,0.64,-15.66,11,24,19,Industrials,Major Chemicals
EXPD,"Expeditors International of Washington, Inc.",-0.75,4.39,50,83,80,Industrials,Integrated Freight & Logistics
AS,"Amer Sports, Inc.",0.19,6.56,100,100,39,Consumer Discretionary,Apparel
TLSNF,Telia Company AB (publ),0.0,-14.02,20,59,48,Communication Services,Telecom Services
TLSNY,Telia Company AB (publ),-0.21,-2.71,100,100,52,Communication Services,Telecom Services
BURL,"Burlington Stores, Inc.",0.3,17.15,100,100,78,Consumer Discretionary,Department/Specialty Retail Stores
KUBTY,Kubota Corporation,1.58,3.38,91,100,72,Industrials,Farm & Heavy Construction Machinery
ELCPF,"EDP, S.A.",-2.41,-2.22,21,68,34,Utilities,Utilities - Diversified
VLTO,Veralto Corporation,0.37,11.45,100,100,44,Industrials,Electrical Products
LSCC,Lattice Semiconductor Corporation,-5.91,-26.15,0,0,89,Technology,Semiconductors
BSBR,Banco Santander (Brasil) S.A.,-6.93,-2.86,36,61,21,Finance,Commercial Banks
ULS,UL Solutions Inc.,0.76,-9.31,74,100,68,Health Care,Precision Instruments
LGGNY,Legal & General Group Plc,-0.84,4.39,97,100,75,Financial Services,Asset Management
CDE,"Coeur Mining, Inc.",-1.88,-10.36,24,45,23,Basic Materials,Precious Metals
LGGNF,Legal & General Group Plc,-2.05,4.66,90,100,62,Financial Services,Asset Management
FYGGY,"Fuyao Glass Industry Group Co., Ltd.",4.79,6.19,78,100,16,Consumer Cyclical,Auto Parts
DD,DD,-1.9,1.81,95,100,70,Industrials,Major Chemicals
RBA,"RB Global, Inc.",-1.19,-1.07,100,100,51,Consumer Discretionary,Business Services
CXMSF,"CEMEX, S.A.B. de C.V.",-4.07,-1.67,17,60,61,Basic Materials,Building Materials
JMHLY,Jardine Matheson Holdings Limited,5.04,9.74,100,100,43,Industrials,Conglomerates
KNRRY,Knorr-Bremse AG,3.72,9.22,100,100,72,Consumer Cyclical,Auto Parts
IFF,IFF,0.48,0.52,74,100,62,Industrials,Major Chemicals
SAUHY,Straumann Holding AG,0.73,-5.63,57,100,51,Healthcare,Medical Instruments & Supplies
SNA,Snap-on Incorporated,-1.07,3.09,100,100,69,Consumer Discretionary,Industrial Machinery/Components
HLDCY,Henderson Land Development Company Limited,-0.54,19.42,100,100,41,Real Estate,Real Estate - Diversified
WSPOF,WSP Global Inc.,0.1,-0.96,67,95,4,Industrials,Engineering & Construction
NPSCY,Nippon Steel Corporation,2.22,23.15,100,100,31,Basic Materials,Steel
BCH,Banco de Chile,0.87,2.59,98,100,71,Finance,Commercial Banks
NATKY,National Atomic Company Kazatomprom JSC,0.0,5.56,100,100,47,Energy,Uranium
IVBXF,"Innovent Biologics, Inc.",1.4,13.28,91,100,61,Healthcare,Biotechnology
KGHPF,KGHM Polska Miedz S.A.,0.0,-13.88,6,32,79,Basic Materials,Copper
CABGY,Carlsberg A/S,1.6,11.51,100,100,66,Consumer Defensive,Beverages - Brewers
GXYEF,Galaxy Entertainment Group Limited,-1.35,9.23,100,100,32,Consumer Cyclical,Resorts & Casinos
ARXS,"Arxis, Inc.",-3.61,-7.95,53,87,63,Industrials,Military/Government/Technical
WLMIF,Wilmar International Limited,0.0,9.71,78,92,66,Consumer Defensive,Packaged Foods
HALFF,HAL Trust,0.0,1.55,72,100,54,Financial Services,Asset Management
CIB,Grupo Cibest S.A.,0.45,12.64,100,100,92,Finance,Commercial Banks
TIIAY,Telecom Italia S.p.A.,1.24,-6.75,27,64,85,Communication Services,Telecom Services
GIS,GIS,0.72,10.85,100,100,27,Consumer Staples,Packaged Foods
KAJMY,Kajima Corporation,-3.79,-7.02,20,54,41,Industrials,Engineering & Construction
VDMCY,Vodacom Group Limited,-0.53,1.5,100,100,63,Communication Services,Telecom Services
AMCR,Amcor plc,-1.82,5.74,97,100,60,Consumer Discretionary,Miscellaneous manufacturing industries
APG,APi Group Corporation,-2.24,-9.21,12,72,26,Consumer Discretionary,Engineering & Construction
DNGFF,Dongfang Electric Corporation Limited,0.0,0.17,85,100,87,Industrials,Specialty Industrial Machinery
BR,"Broadridge Financial Solutions, Inc.",0.64,16.25,100,100,13,Consumer Discretionary,Business Services
UFGSY,Unipol Assicurazioni S.p.A.,0.0,9.71,100,100,91,Financial Services,Insurance - Property & Casualty
PL,Planet Labs PBC,-4.65,-41.23,0,0,79,Technology,Radio And Television Broadcasting And Communications Equipment
SOAGY,Sartorius Aktiengesellschaft,1.4,-1.68,43,72,34,Healthcare,Medical Instruments & Supplies
WY,Weyerhaeuser Company,-0.65,2.13,100,100,34,Real Estate,Real Estate Investment Trusts
SIELF,"Shanghai Electric Group Co., Ltd.",0.0,0.0,84,100,82,Industrials,Specialty Industrial Machinery
BDNNY,Boliden AB (publ),-0.31,-15.17,9,39,40,Basic Materials,Other Industrial Metals & Mining
WLMIY,Wilmar International Limited,0.44,7.69,100,100,66,Consumer Defensive,Packaged Foods
ESS,"Essex Property Trust, Inc.",0.77,1.79,100,100,62,Real Estate,Real Estate Investment Trusts
GXYYY,Galaxy Entertainment Group Limited,1.11,14.81,100,100,28,Consumer Cyclical,Resorts & Casinos
ITT,ITT Inc.,-4.12,-3.52,68,82,40,Industrials,Fluid Controls
KAOOY,Kao Corporation,2.97,5.48,100,100,42,Consumer Defensive,Household & Personal Products
WXIBF,WuXi Biologics (Cayman) Inc.,0.0,15.0,84,100,44,Healthcare,Biotechnology
AARTY,Airtel Africa Plc,0.0,6.91,66,94,97,Communication Services,Telecom Services
BKZHY,Erste Bank Polska S.A.,0.0,0.69,48,100,90,Unknown,Unknown
AAFRF,Airtel Africa Plc,0.0,-10.78,78,100,72,Communication Services,Telecom Services
GH,"Guardant Health, Inc.",0.31,-3.97,10,22,97,Health Care,Medical Specialities
YAHOF,LY Corporation,0.0,3.38,100,100,28,Consumer Cyclical,Internet Retail
H,Hyatt Hotels Corporation,-1.49,-4.03,70,100,72,Consumer Discretionary,Hotels/Resorts
JBARF,Julius Bär Gruppe AG,0.05,-0.07,29,98,71,Financial Services,Asset Management
KGSPF,Kingspan Group plc,0.0,-10.3,18,81,34,Industrials,Building Products & Equipment
WES,"Western Midstream Partners, LP",-0.15,7.38,93,100,74,Utilities,Natural Gas Distribution
CLPXY,China Longyuan Power Group Corporation Limited,1.52,14.87,85,94,15,Utilities,Utilities - Renewable
EWBC,"East West Bancorp, Inc.",-0.78,0.92,73,100,68,Finance,Major Banks
SINGY,Singapore Airlines Limited,-4.61,-2.44,42,72,63,Industrials,Airlines
ZTO,ZTO Express (Cayman) Inc.,-0.13,6.79,100,100,54,Industrials,Trucking Freight/Courier Services
SGIOF,"Shionogi & Co., Ltd.",0.0,-7.18,69,100,36,Healthcare,Drug Manufacturers - Specialty & Generic
SGIOY,"Shionogi & Co., Ltd.",5.42,9.25,100,100,38,Healthcare,Drug Manufacturers - Specialty & Generic
KGSPY,Kingspan Group plc,-1.79,-4.77,49,100,35,Industrials,Building Products & Equipment
BBY,BBY,0.78,18.83,100,100,89,Consumer Discretionary,Consumer Electronics/Video Chains
SINGF,Singapore Airlines Limited,0.0,5.45,68,89,57,Industrials,Airlines
GNRC,Generac Holdings Inc.,-0.21,-33.34,4,7,44,Consumer Discretionary,Metal Fabrications
CG,The Carlyle Group Inc.,-3.81,6.15,76,88,13,Finance,Investment Managers
EUXTF,Euronext N.V.,0.0,11.72,100,100,55,Financial Services,Financial Data & Stock Exchanges
AGESY,ageas SA/NV,-1.09,0.5,85,100,66,Financial Services,Insurance - Diversified
XPNGF,XPeng Inc.,0.0,-2.08,0,45,5,Consumer Cyclical,Auto Manufacturers
RBRK,RBRK,0.64,-10.43,10,23,58,Technology,Computer Software: Prepackaged Software
KONMY,Konami Group Corporation,0.0,-6.55,89,100,13,Communication Services,Electronic Gaming & Multimedia
LDOS,"Leidos Holdings, Inc.",-3.37,11.07,86,93,6,Technology,EDP Services
CDW,CDW Corporation,2.7,5.18,100,100,44,Technology,Retail: Computer Software & Peripheral Equipment
NDSN,Nordson Corporation,-2.53,-2.22,86,96,67,Industrials,Industrial Machinery/Components
NVMI,Nova Ltd.,-8.8,-32.42,0,0,25,Technology,Electronic Components
ZBH,"Zimmer Biomet Holdings, Inc.",1.46,12.85,100,100,54,Health Care,Industrial Specialties
SONVF,Sonova Holding AG,0.0,15.14,100,100,47,Healthcare,Medical Devices
BOLSY,"B3 S.A. - Brasil, Bolsa, Balcão",-4.74,8.02,77,86,47,Financial Services,Financial Data & Stock Exchanges
WOLTF,Wolters Kluwer N.V.,0.0,2.52,78,94,6,Industrials,Specialty Business Services
AGESF,ageas SA/NV,0.0,5.12,100,100,67,Financial Services,Insurance - Diversified
CVCCF,CVC Capital Partners plc,0.0,17.36,98,100,53,Financial Services,Asset Management
JDHIY,JD Health International Inc.,0.0,16.2,98,100,6,Healthcare,Pharmaceutical Retailers
LULU,lululemon athletica inc.,-1.07,4.25,100,100,6,Consumer Discretionary,Apparel
GLPEF,"Galp Energia, SGPS, S.A.",0.0,4.93,85,100,54,Energy,Oil & Gas Integrated
KAEPF,"The Kansai Electric Power Company, Incorporated",0.0,3.18,100,100,31,Utilities,Utilities - Renewable
LTM,LTM,-2.76,-10.67,43,84,50,Consumer Discretionary,Air Freight/Delivery Services
NPPHY,"Nippon Paint Holdings Co., Ltd.",5.25,29.74,100,100,77,Basic Materials,Specialty Chemicals
SOUHY,South32 Limited,-1.13,16.05,100,100,76,Basic Materials,Other Industrial Metals & Mining
WSE,Wise Group plc,0.51,0.08,47,80,10,Industrials,Diversified Commercial Services
PZAKY,Powszechny Zaklad Ubezpieczen SA,0.0,8.48,97,100,66,Financial Services,Insurance - Property & Casualty
SUI,"Sun Communities, Inc.",3.1,6.7,100,100,45,Real Estate,Real Estate Investment Trusts
BKNIY,"Bankinter, S.A.",-3.7,8.07,78,89,65,Financial Services,Banks - Regional
EDVMF,Endeavour Mining plc,-0.83,-5.97,28,63,40,Basic Materials,Gold
TOST,"Toast, Inc.",0.8,17.18,100,100,28,Technology,EDP Services
MAA,"Mid-America Apartment Communities, Inc.",1.28,0.02,97,100,44,Real Estate,Real Estate Investment Trusts
BKIMF,"Bankinter, S.A.",0.0,0.0,100,100,61,Financial Services,Banks - Regional
WSO,"Watsco, Inc.",-12.92,-22.55,0,0,10,Consumer Discretionary,Industrial Machinery/Components
ENLT,Enlight Renewable Energy Ltd,-6.69,-8.99,17,46,96,Utilities,Electric Utilities: Central
EVVTY,Evolution AB (publ),0.56,12.91,100,100,50,Consumer Cyclical,Gambling
SGI,Somnigroup International Inc.,-5.13,-12.76,4,41,15,Consumer Discretionary,Home Furnishings
BMBOY,"Grupo Bimbo, S.A.B. de C.V.",0.0,5.72,100,100,60,Consumer Defensive,Packaged Foods
MPFRF,"Mapfre, S.A.",0.0,0.0,100,100,62,Financial Services,Insurance - Diversified
BSAC,Banco Santander-Chile,0.77,3.86,100,100,71,Finance,Commercial Banks
NCBDY,BANDAI NAMCO Holdings Inc.,5.12,25.93,100,100,54,Consumer Cyclical,Leisure
KPCPY,Kasikornbank Public Company Limited,1.0,8.1,100,100,83,Financial Services,Banks - Regional
LFCBY,Lifco AB (publ),0.0,-1.27,59,99,25,Industrials,Conglomerates
COVTY,Covestro AG,-1.37,0.19,90,100,27,Basic Materials,Specialty Chemicals
SNLAY,Sino Land Company Limited,8.31,21.06,100,100,52,Real Estate,Real Estate - Development
AUR,"Aurora Innovation, Inc.",-3.7,-12.32,18,48,69,Technology,EDP Services
KPELF,Keppel Ltd.,0.0,8.04,100,100,75,Industrials,Conglomerates
CRERF,Carrefour SA,0.0,-4.65,63,100,69,Consumer Defensive,Grocery Stores
MPFRY,"Mapfre, S.A.",0.0,-5.1,44,100,50,Financial Services,Insurance - Diversified
OBYCF,Obayashi Corporation,0.0,-0.98,80,100,1,Industrials,Engineering & Construction
SWGAY,The Swatch Group AG,2.1,-12.44,26,37,40,Consumer Cyclical,Luxury Goods
REG,REG,0.17,1.72,96,100,58,Real Estate,Real Estate Investment Trusts
J,Jacobs Solutions Inc.,-3.34,7.87,85,92,35,Industrials,Military/Government/Technical
CHKP,Check Point Software Technologies Ltd.,1.47,6.27,100,100,13,Technology,Computer Software: Prepackaged Software
ARMK,Aramark,-0.4,0.47,100,100,86,Consumer Discretionary,Restaurants
ASND,Ascendis Pharma A/S,-0.94,-5.5,24,73,75,Health Care,Biotechnology: Pharmaceutical Preparations
WCPRF,Whitecap Resources Inc.,3.08,9.73,82,100,79,Energy,Oil & Gas E&P
CLPBY,Coloplast A/S,0.45,17.19,100,100,17,Healthcare,Medical Instruments & Supplies
CJEWY,CJEWY,0.0,16.42,100,100,31,Consumer Cyclical,Luxury Goods
KNBWY,"Kirin Holdings Company, Limited",3.54,10.14,100,100,79,Consumer Defensive,Beverages - Brewers
NTNX,"Nutanix, Inc.",0.88,16.9,100,100,71,Technology,Computer Software: Prepackaged Software
AKESF,"Akeso, Inc.",0.0,19.05,80,99,9,Healthcare,Biotechnology
PTAIF,PT Astra International Tbk,0.0,-16.05,17,50,5,Industrials,Conglomerates
XJNGF,"Goldwind Science&Technology Co., Ltd.",0.0,-16.43,13,45,8,Industrials,Specialty Industrial Machinery
KRYAY,Kerry Group plc,-0.83,4.81,100,100,55,Consumer Defensive,Packaged Foods
OGFGF,Origin Energy Limited,0.0,-8.08,34,100,29,Utilities,Utilities - Diversified
AMIGY,Admiral Group plc,-0.51,5.26,100,100,70,Financial Services,Insurance - Property & Casualty
SEGXF,SEGRO Plc,0.0,5.54,87,100,87,Real Estate,REIT - Industrial
RPM,RPM International Inc.,-3.04,-1.98,85,93,36,Consumer Discretionary,Paints/Coatings
APLD,Applied Digital Corporation,-12.77,-37.75,0,0,32,Finance,Finance: Consumer Services
SKHSY,"Sekisui House, Ltd.",1.7,9.48,100,100,41,Consumer Cyclical,Residential Construction
FIG,"Figma, Inc.",1.56,36.87,100,100,19,Technology,Computer Software: Prepackaged Software
UUGWF,United Utilities Group PLC,0.0,6.2,100,100,57,Utilities,Utilities - Regulated Water
RRX,Regal Rexnord Corporation,-7.55,-21.24,0,0,54,Consumer Discretionary,Metal Fabrications
OSCUF,"Japan Exchange Group, Inc.",0.0,12.96,100,100,84,Financial Services,Financial Data & Stock Exchanges
RYKKF,"Ryohin Keikaku Co., Ltd.",0.0,12.15,97,100,99,Consumer Cyclical,Department Stores
AEOXF,Aeroports de Paris SA,0.99,-7.8,41,66,29,Industrials,Airports & Air Services
NPNYY,Nippon Yusen Kabushiki Kaisha,2.03,16.0,100,100,53,Industrials,Marine Shipping
SUN,Sunoco LP,-0.04,13.29,100,100,85,Energy,Integrated oil Companies
DSECF,Daiwa Securities Group Inc.,0.0,0.0,100,100,80,Financial Services,Capital Markets
IGIFF,IGM Financial Inc.,0.0,6.57,88,100,87,Financial Services,Asset Management
EVR,Evercore Inc.,-10.51,-10.76,0,0,23,Finance,Investment Managers
RGA,"Reinsurance Group of America, Incorporated",-2.28,11.5,94,99,72,Finance,Life Insurance
ALLY,Ally Financial Inc.,-2.63,-6.53,19,65,41,Finance,Major Banks
DELHY,Delivery Hero SE,-0.24,4.43,81,100,94,Consumer Cyclical,Internet Retail
SCRNY,"SCREEN Holdings Co., Ltd.",0.0,22.87,69,85,94,Technology,Semiconductor Equipment & Materials
BBIO,"BridgeBio Pharma, Inc.",-2.35,12.16,73,98,87,Health Care,Biotechnology: Pharmaceutical Preparations
ACCYY,Accor SA,0.74,-6.19,56,100,50,Consumer Cyclical,Lodging
GWRE,"Guidewire Software, Inc.",4.93,35.93,100,100,31,Technology,Computer Software: Prepackaged Software
ATZAF,Aritzia Inc.,-2.21,-12.89,18,45,77,Consumer Cyclical,Apparel Retail
SWRAY,Swire Pacific Limited,0.88,20.25,100,100,83,Industrials,Conglomerates
EG,"Everest Group, Ltd.",-1.21,10.26,100,100,68,Finance,Property-Casualty Insurers
ERFSF,Eurofins Scientific SE,4.53,2.14,100,100,49,Healthcare,Diagnostics & Research
IMPUY,Impala Platinum Holdings Limited,3.93,1.05,53,93,11,Basic Materials,Other Precious Metals & Mining
MKC,"McCormick & Company, Incorporated",0.89,4.05,89,100,19,Consumer Staples,Packaged Foods
AETUF,ARC Resources Ltd.,2.21,10.34,100,100,66,Energy,Oil & Gas E&P
ROHCF,"ROHM Co., Ltd.",0.0,0.0,100,100,96,Technology,Semiconductors
SNNUF,Smith & Nephew plc,-7.87,10.76,65,74,22,Healthcare,Medical Devices
CNH,CNH Industrial N.V.,-5.94,-4.19,61,75,36,Industrials,Construction/Ag Equipment/Trucks
IONS,"Ionis Pharmaceuticals, Inc.",-2.28,-31.85,6,14,15,Health Care,Biotechnology: Pharmaceutical Preparations
RXEEY,Rexel S.A.,-2.3,-10.28,0,13,58,Technology,Electronics & Computer Distribution
DPMAY,Diploma PLC,-3.82,-0.13,61,80,70,Industrials,Industrial Distribution
SAIA,"Saia, Inc.",-3.79,-6.34,0,38,55,Industrials,Trucking Freight/Courier Services
JPXGY,"Japan Exchange Group, Inc.",0.29,8.14,100,100,74,Financial Services,Financial Data & Stock Exchanges
PEN,"Penumbra, Inc.",0.04,1.39,100,100,56,Health Care,Medical/Dental Instruments
MSLOY,"Mitsui O.S.K. Lines, Ltd.",1.28,13.24,100,100,53,Industrials,Marine Shipping
RCDTF,Recordati Industria Chimica e Farmaceutica S.p.A.,0.0,0.0,84,100,29,Healthcare,Drug Manufacturers - General
OLYMY,Olympus Corporation,3.09,8.71,100,100,40,Healthcare,Medical Devices
SAPIF,Saputo Inc.,0.0,0.61,97,100,60,Consumer Defensive,Packaged Foods
KNX,Knight-Swift Transportation Holdings Inc.,1.25,-8.77,30,62,85,Industrials,Trucking Freight/Courier Services
CCRDF,"Yokohama Financial Group, Inc.",0.0,13.04,97,100,1,Financial Services,Banks - Regional
NYT,The New York Times Company,3.34,11.36,100,100,70,Consumer Discretionary,Newspapers/Magazines
HII,"Huntington Ingalls Industries, Inc.",-6.5,0.18,55,69,15,Industrials,Marine Transportation
YASKF,YASKAWA Electric Corporation,0.0,-29.95,7,18,79,Industrials,Electrical Equipment & Parts
ATGAF,ATGAF,0.0,0.0,84,100,62,Energy,Oil & Gas Midstream
GFL,GFL Environmental Inc.,2.78,9.42,94,100,24,Utilities,Environmental Services
DLAKF,Deutsche Lufthansa AG,0.0,-14.47,6,15,50,Industrials,Airlines
CPYYF,Centrica plc,0.0,-7.79,19,48,16,Utilities,Utilities - Independent Power Producers
ELS,"Equity LifeStyle Properties, Inc.",2.47,4.97,100,100,60,Real Estate,Real Estate Investment Trusts
BTSG,"BrightSpring Health Services, Inc.",-4.26,-0.53,57,80,97,Health Care,Medical/Nursing Services
AGNC,AGNC Investment Corp.,-1.54,0.0,69,100,54,Real Estate,Real Estate Investment Trusts
AGNCN,AGNC Investment Corp.,0.04,2.32,100,100,46,Real Estate,Real Estate Investment Trusts
AGNCL,AGNC Investment Corp.,-0.08,1.52,100,100,45,Real Estate,Real Estate Investment Trusts
SVTRF,Severn Trent PLC,-1.18,4.71,100,100,41,Utilities,Utilities - Regulated Water
PAC,"Grupo Aeroportuario del Pacífico, S.A.B. de C.V.",-0.24,-14.3,13,43,19,Consumer Discretionary,Aerospace
GL,Globe Life Inc.,0.28,0.74,87,100,80,Finance,Life Insurance
TXRH,"Texas Roadhouse, Inc.",2.14,8.24,100,100,75,Consumer Discretionary,Restaurants
LFUS,"Littelfuse, Inc.",4.7,-9.85,55,100,86,Energy,Electrical Products
WSOUF,WHSP Holdings Limited,0.0,0.0,84,100,82,Financial Services,Capital Markets
SCAFF,SCAFF,-3.6,-28.96,0,2,83,,
HKTTY,HKT Trust and HKT Limited,-4.27,7.4,83,89,69,Communication Services,Telecom Services
GRPTF,Getlink SE,0.0,0.0,100,100,58,Industrials,Railroads
ISMAY,"Indra Sistemas, S.A.",-0.98,21.54,100,100,73,Technology,Information Technology Services
RVTY,"Revvity, Inc.",1.67,1.96,100,100,72,Industrials,Biotechnology: Laboratory Analytical Instruments
OKLO,Oklo Inc.,-6.92,-29.6,0,0,1,Utilities,Electric Utilities: Central
MHGVY,Mowi ASA,0.86,14.42,100,100,34,Consumer Defensive,Farm Products
MINBY,MINEBEA MITSUMI Inc.,-0.74,-27.72,2,9,70,Technology,Electronic Components
AMH,AMH,-0.21,0.57,100,100,48,Real Estate,Real Estate Investment Trusts
GLXY,Galaxy Digital,-12.8,-33.21,0,0,3,Finance,Investment Bankers/Brokers/Service
FMS,Fresenius Medical Care AG,0.44,9.95,100,100,52,Health Care,Misc Health and Biotechnology Services
AAON,"AAON, Inc.",-9.46,-33.1,0,0,25,Industrials,Industrial Machinery/Components
NRXXY,Nordex SE,0.0,-20.79,8,48,89,Industrials,Specialty Industrial Machinery
LPGCY,LPGCY,-12.04,-14.4,0,0,2,Consumer Cyclical,Luxury Goods
GOFPY,Allwyn AG,0.54,-5.93,42,85,13,Consumer Cyclical,Gambling
PTAIY,PT Astra International Tbk,-1.26,4.57,76,100,10,Industrials,Conglomerates
SBMFF,Sino Biopharmaceutical Limited,0.0,5.81,100,100,9,Healthcare,Biotechnology
GIL,Gildan Activewear Inc.,-0.95,-0.68,49,89,18,Consumer Discretionary,Apparel
PINS,"Pinterest, Inc.",0.33,16.21,100,100,31,Technology,Computer Software: Programming Data Processing
ALLE,Allegion plc,-1.71,12.8,99,100,43,Consumer Discretionary,Diversified Commercial Services
WLK,Westlake Corporation,0.12,-1.03,23,78,11,Industrials,Major Chemicals
YSHLF,Yangzijiang Shipbuilding (Holdings) Ltd.,-6.49,6.67,62,75,52,Industrials,Aerospace & Defense
AR,Antero Resources Corporation,3.72,0.0,100,100,35,Energy,Oil & Gas Production
NGKIF,NGK Corporation,0.0,-29.36,4,6,94,Industrials,Specialty Industrial Machinery
TKGBY,Turkiye Garanti Bankasi A.S.,-5.59,-6.9,23,59,13,Financial Services,Banks - Regional
SJM,The J. M. Smucker Company,2.69,12.31,100,100,79,Consumer Staples,Packaged Foods
IKTSY,Intertek Group plc,-0.29,0.09,98,100,76,Industrials,Specialty Business Services
ARWR,"Arrowhead Pharmaceuticals, Inc.",0.51,5.78,98,100,98,Health Care,Biotechnology: Pharmaceutical Preparations
FUJHY,Subaru Corporation,4.48,17.57,100,100,29,Consumer Cyclical,Auto Manufacturers
ASEKY,Aisin Corporation,0.0,10.71,74,95,31,Consumer Cyclical,Auto Parts
BJ,"BJ's Wholesale Club Holdings, Inc.",2.91,14.64,100,100,47,Consumer Discretionary,Department/Specialty Retail Stores
NEXOY,"NEXON Co., Ltd.",7.75,23.68,100,100,15,Communication Services,Electronic Gaming & Multimedia
SPXC,"SPX Technologies, Inc.",-8.14,-23.46,0,0,23,Industrials,Industrial Machinery/Components
FRVO,Fervo Energy Company,-19.13,-41.57,0,0,2,Utilities,Electric Utilities: Central
IDKOY,"Idemitsu Kosan Co.,Ltd.",11.1,7.4,100,100,47,Energy,Oil & Gas Refining & Marketing
EQX,Equinox Gold Corp.,-2.08,-7.82,32,61,12,Basic Materials,Precious Metals
PLCQF,PLCQF,-5.8,135.51,72,72,98,Unknown,Unknown
PUGBY,PUGBY,0.0,-1.58,2,72,27,Consumer Defensive,Household & Personal Products
CR,CR,-8.66,-7.33,0,35,60,Industrials,Metal Fabrications
IAG,IAG,-2.31,-12.06,8,31,57,Basic Materials,Precious Metals
WYNN,"Wynn Resorts, Limited",-0.01,1.98,100,100,19,Consumer Discretionary,Hotels/Resorts
TSGTF,Tsingtao Brewery Company Limited,-0.51,12.28,100,100,22,Consumer Defensive,Beverages - Brewers
AES,The AES Corporation,-0.07,1.09,100,100,48,Utilities,Electric Utilities: Central
RKUNF,"Rakuten Group, Inc.",0.0,5.04,100,100,23,Consumer Cyclical,Internet Retail
AG,First Majestic Silver Corp.,-3.0,-10.26,0,28,42,Basic Materials,Precious Metals
ASMVY,ASMPT Limited,-3.3,-44.81,0,0,79,Technology,Semiconductor Equipment & Materials
AVAV,"AeroVironment, Inc.",-9.1,-13.9,11,25,3,Industrials,Aerospace
ESI,ESI,-4.68,-27.14,0,2,67,Industrials,Major Chemicals
CPCAY,Cathay Pacific Airways Limited,2.67,16.89,100,100,85,Industrials,Airlines
UHAL,U-Haul Holding Company,-2.25,9.44,94,99,81,Consumer Discretionary,Rental/Leasing Companies
CPCAF,Cathay Pacific Airways Limited,0.0,20.65,100,100,84,Industrials,Airlines
PTRRY,Prio S.A.,0.45,3.95,57,77,67,Energy,Oil & Gas E&P
DOCU,"DocuSign, Inc.",3.93,30.95,100,100,41,Technology,Computer Software: Prepackaged Software
BZLFY,Bunzl plc,-0.37,6.8,100,100,75,Consumer Defensive,Food Distribution
QABSY,Qantas Airways Limited,-2.02,-2.58,81,100,56,Industrials,Airlines
WTFC,Wintrust Financial Corporation,-1.16,-0.94,60,100,63,Finance,Major Banks
BKKLY,Bangkok Bank Public Company Limited,0.03,3.69,88,100,70,Financial Services,Banks - Regional
SMGKF,Smiths Group plc,0.0,4.41,90,100,50,Industrials,Specialty Industrial Machinery
VMI,"Valmont Industries, Inc.",-5.07,-21.0,0,0,46,Industrials,Metal Fabrications
UNCHF,Unicharm Corporation,15.7,15.7,100,100,45,Consumer Defensive,Household & Personal Products
BZZUY,Buzzi S.p.A.,-0.55,-8.48,9,39,16,Basic Materials,Building Materials
BZLYF,Beazley plc,0.0,-1.07,0,100,71,Financial Services,Insurance - Specialty
UMBF,UMB Financial Corporation,2.98,3.86,100,100,78,Finance,Major Banks
AM,Antero Midstream Corporation,-0.02,-4.42,25,85,66,Utilities,Natural Gas Distribution
GTLS,Chart Industries Inc,0.0,0.0,100,100,36,Industrials,Metal Fabrications
ERIE,Erie Indemnity Company,2.52,4.26,92,100,22,Finance,Specialty Insurers
JPNPY,"Japan Post Insurance Co., Ltd.",0.0,5.13,97,100,24,Financial Services,Insurance - Life
APAJF,APA Group,0.0,6.92,100,100,76,Utilities,Utilities - Regulated Gas
HRZRF,HRZRF,4.4,-7.7,62,90,3,,
MNBEF,MINEBEA MITSUMI Inc.,0.0,-19.23,4,21,1,Technology,Electronic Components
ENSG,"The Ensign Group, Inc.",-0.68,13.47,100,100,44,Health Care,Hospital/Nursing Management
SCTBF,Securitas AB (publ),0.0,16.46,100,100,52,Industrials,Security & Protection Services
FORM,"FormFactor, Inc.",-5.42,-47.82,0,0,85,Technology,Semiconductors
ASRMF,"Grupo Aeroportuario del Sureste, S. A. B. de C. V.",1.96,-12.06,45,70,19,Industrials,Airports & Air Services
JKHY,"Jack Henry & Associates, Inc.",2.36,17.0,100,100,36,Technology,EDP Services
FLS,FLS,-4.75,-5.69,63,78,42,Industrials,Fluid Controls
CTRE,"CareTrust REIT, Inc.",-0.91,4.93,91,100,73,Real Estate,Real Estate Investment Trusts
FROG,JFrog Ltd.,-4.13,-19.37,0,0,92,Technology,Computer Software: Prepackaged Software
BPOPO,"Popular, Inc.",-0.51,0.05,100,100,42,Financial Services,Banks - Regional
SRGHY,SRGHY,1.93,-6.85,60,100,41,Consumer Cyclical,Department Stores
W,Wayfair Inc.,-5.83,-3.67,63,74,60,Consumer Discretionary,Catalog/Specialty Distribution
ALV,"Autoliv, Inc.",0.53,7.4,100,100,51,Consumer Discretionary,Auto Parts:O.E.M.
SCTBY,Securitas AB (publ),3.39,-3.61,26,47,34,Industrials,Security & Protection Services
DCI,"Donaldson Company, Inc.",-3.0,3.04,83,93,54,Industrials,Pollution Control Equipment
SAPMF,Saipem SpA,-0.44,-7.98,10,18,76,Energy,Oil & Gas Equipment & Services
SNAP,Snap Inc.,-0.84,6.53,98,100,4,Technology,Computer Software: Programming Data Processing
HPIFF,Huadian Power International Corporation Limited,0.0,0.0,100,100,60,Utilities,Utilities - Regulated Electric
DAR,DAR,0.34,7.32,42,76,84,Consumer Staples,Packaged Foods
EQUEY,Equatorial S.A.,0.0,3.15,100,100,40,Utilities,Utilities - Regulated Electric
MUSA,Murphy USA Inc.,2.4,14.36,100,100,88,Consumer Discretionary,Retail-Auto Dealers and Gas Stations
AGX,"Argan, Inc.",-5.81,-38.29,0,0,85,Consumer Discretionary,Engineering & Construction
FLGZY,Flughafen Zürich AG,0.0,-7.72,20,82,31,Industrials,Airports & Air Services
ONB,Old National Bancorp,-0.78,3.01,100,100,70,Finance,Major Banks
RDEIY,"Redeia Corporación, S.A.",-2.11,3.27,91,99,38,Utilities,Utilities - Regulated Electric
SCRPF,Sembcorp Industries Ltd,0.0,-16.54,13,34,16,Utilities,Utilities - Diversified
CEF,Sprott Physical Gold and Silver Trust,0.4,-0.8,71,100,26,Financial Services,Asset Management
CHWY,"Chewy, Inc.",1.66,18.58,100,100,10,Consumer Discretionary,Catalog/Specialty Distribution
XROLF,Xero Limited,4.59,-1.01,98,100,5,Technology,Software - Application
ZION,"Zions Bancorporation, National Association",-0.86,-0.39,43,100,72,Finance,Major Banks
JCYGY,Jardine Cycle & Carriage Limited,3.69,6.17,100,100,23,Industrials,Conglomerates
EVKIY,Evonik Industries AG,-0.36,10.07,100,100,59,Basic Materials,Specialty Chemicals
KRYS,"Krystal Biotech, Inc.",-0.26,-2.26,91,100,94,Health Care,Biotechnology: Biological Products (No Diagnostic Substances)
TEM,"Tempus AI, Inc.",-3.15,-28.28,0,2,5,Technology,Computer Software: Programming Data Processing
ADRZY,Andritz AG,0.0,-2.4,96,100,61,Industrials,Specialty Industrial Machinery
MOH,"Molina Healthcare, Inc.",-0.66,-12.98,10,23,62,Health Care,Medical Specialities
LLYVK,"Liberty Live Holdings, Inc.",1.0,-1.84,77,100,66,Consumer Discretionary,Services-Misc. Amusement & Recreation
PRMB,Primo Brands Corporation,-2.21,-5.81,27,64,53,Consumer Staples,Beverages (Production/Distribution)
ALTB,Alpine Auto Brokers Inc.,0.0,-12.33,70,81,88,Consumer Cyclical,Auto & Truck Dealerships
CMHHF,China Merchants Port Holdings Company Limited,0.0,14.88,64,71,36,Industrials,Marine Shipping
KIKOF,Kikkoman Corporation,0.0,0.0,100,100,68,Consumer Defensive,Packaged Foods
SMNNY,Shimano Inc.,4.4,20.38,100,100,60,Consumer Cyclical,Leisure
ACM,ACM,-1.17,5.87,100,100,9,Consumer Discretionary,Military/Government/Technical
JEXYY,Jiangsu Expressway Company Limited,0.0,5.76,68,100,36,Industrials,Infrastructure Operations
TKR,The Timken Company,-5.5,-9.01,2,59,90,Industrials,Metal Fabrications
BVN,Compañía de Minas Buenaventura S.A.A.,-0.53,3.18,69,87,70,Basic Materials,Metal Mining
EGO,Eldorado Gold Corporation,-0.84,2.83,82,100,58,Basic Materials,Gold
GWKSY,GWKSY,-5.57,-3.85,44,67,60,Consumer Cyclical,Leisure
GZPZF,Gaztransport & Technigaz SA,-0.22,0.58,100,100,58,Energy,Oil & Gas Equipment & Services
FRHC,Freedom Holdings Corp.,-4.13,13.62,24,77,33,Finance,Investment Bankers/Brokers/Service
SHMDF,Shimano Inc.,0.0,1.82,100,100,37,Consumer Cyclical,Leisure
MBLY,Mobileye Global Inc.,-4.98,-17.25,26,41,8,Technology,Computer Software: Prepackaged Software
TBVPF,Thai Beverage Public Company Limited,0.0,2.38,100,100,33,Consumer Defensive,Beverages - Wineries & Distilleries
HDALF,Haidilao International Holding Ltd.,-3.13,1.97,78,94,17,Consumer Cyclical,Restaurants
AKBLF,ALK-Abelló A/S,0.0,-6.73,16,69,66,Healthcare,Biotechnology
PTCAY,PT Chandra Asri Pacific Tbk,0.0,0.0,100,100,1,Basic Materials,Specialty Chemicals
SBYSF,Sibanye Stillwater Limited,0.0,-18.11,25,45,5,Basic Materials,Other Precious Metals & Mining
STN,Stantec Inc.,-0.25,3.93,100,100,7,Consumer Discretionary,Military/Government/Technical
TYCMY,Tingyi (Cayman Islands) Holding Corp.,1.16,28.33,100,100,57,Consumer Defensive,Packaged Foods
COLB,"Columbia Banking System, Inc.",-1.57,-3.96,13,67,65,Finance,Major Banks
ELPC,ELPC,-1.81,-2.06,47,100,60,Utilities,Electric Utilities: Central
TKAMY,thyssenkrupp AG,-3.11,13.07,80,92,62,Industrials,Conglomerates
GZPZY,Gaztransport & Technigaz SA,0.0,6.83,60,80,54,Energy,Oil & Gas Equipment & Services
SFOSF,"Shanghai Fosun Pharmaceutical (Group) Co., Ltd.",0.0,8.91,100,100,10,Healthcare,Drug Manufacturers - Specialty & Generic
NNN,"NNN REIT, Inc.",-0.77,4.99,100,100,69,Real Estate,Real Estate Investment Trusts
CWEN,"Clearway Energy, Inc.",-2.1,-9.95,0,27,19,Utilities,Electric Utilities: Central
ORA,"Ormat Technologies, Inc.",-4.2,-13.38,0,0,18,Utilities,Electric Utilities: Central
CIBEY,Commercial International Bank Egypt (CIB) S.A.E.,0.38,0.75,100,100,65,Financial Services,Banks - Regional
WEIGF,The Weir Group PLC,10.49,12.9,100,100,23,Industrials,Specialty Industrial Machinery
SALRY,SalMar ASA,0.17,15.28,100,100,38,Consumer Defensive,Farm Products
STBFY,Suntory Beverage & Food Limited,2.8,7.34,100,100,37,Consumer Defensive,Beverages - Non-Alcoholic
CIADY,China Mengniu Dairy Company Limited,2.98,19.73,100,100,77,Consumer Defensive,Packaged Foods
CNRAF,Vicinity Centres,0.0,2.49,100,100,70,Real Estate,REIT - Retail
CSCCF,Capstone Copper Corp.,-1.63,-1.2,78,100,64,Basic Materials,Copper
CAE,CAE Inc.,-0.49,4.67,100,100,24,Miscellaneous,Industrial Machinery/Components
BIRK,Birkenstock Holding plc,-0.76,-3.49,29,70,36,Consumer Discretionary,Shoe Manufacturing
DFRYF,Avolta AG,0.0,-8.41,26,63,37,Consumer Cyclical,Specialty Retail
FBBPF,FIBRA Prologis,-0.13,2.36,100,100,42,Real Estate,REIT - Industrial
AEMMY,A2A S.p.A.,0.0,0.0,84,100,38,Utilities,Utilities - Diversified
FNMFO,Federal National Mortgage Association,0.0,-12.16,23,56,11,Financial Services,Mortgage Finance
FNMAI,Federal National Mortgage Association,-0.13,-13.45,19,47,5,Financial Services,Mortgage Finance
FNMAJ,Federal National Mortgage Association,3.42,-9.34,55,100,6,Financial Services,Mortgage Finance
FNMAP,Federal National Mortgage Association,-1.64,-6.9,78,100,7,Financial Services,Mortgage Finance
FNMAL,Federal National Mortgage Association,2.04,-10.78,47,76,4,Financial Services,Mortgage Finance
VFS,VinFast Auto Ltd.,1.01,-3.85,63,100,13,Industrials,Auto Manufacturing
TYEKF,thyssenkrupp AG,0.0,7.6,96,100,75,Industrials,Conglomerates
CDNTF,"Canadian Tire Corporation, Limited",0.0,-16.75,12,36,23,Consumer Cyclical,Specialty Retail
TECH,Bio-Techne Corporation,-0.06,1.95,100,100,74,Health Care,Biotechnology: Biological Products (No Diagnostic Substances)
MYTKY,MYTKY,-1.73,-2.63,85,100,16,Communication Services,Telecom Services
SDXAY,Sodexo S.A.,0.61,14.88,100,100,75,Industrials,Specialty Business Services
Z,"Zillow Group, Inc.",0.97,7.87,100,100,3,Consumer Discretionary,Business Services
REXR,"Rexford Industrial Realty, Inc.",-0.1,15.49,100,100,46,Real Estate,Real Estate Investment Trusts
IGGHY,IG Group Holdings plc,0.0,0.0,100,100,91,Financial Services,Capital Markets
JHG,Janus Henderson Group PLC,0.0,0.0,100,100,36,Finance,Investment Managers
NXPRF,Nexans S.A.,0.0,-16.27,8,32,49,Industrials,Electrical Equipment & Parts
CPXWF,Capital Power Corporation,-2.19,-10.37,0,0,34,Utilities,Utilities - Independent Power Producers
FKKFY,"Fukuoka Financial Group, Inc.",2.7,16.1,85,95,91,Financial Services,Banks - Regional
ELEEF,Element Fleet Management Corp.,-0.22,10.43,100,100,23,Industrials,Rental & Leasing Services
NIABY,NIBE Industrier AB (publ),0.0,5.39,96,100,18,Industrials,Building Products & Equipment
ZWS,Zurn Elkay Water Solutions Corporation,4.54,2.02,100,100,58,Industrials,Industrial Machinery/Components
DVCMY,Davide Campari-Milano N.V.,3.32,11.38,100,100,32,Consumer Defensive,Beverages - Wineries & Distilleries
WJRYF,West Japan Railway Company,0.0,12.47,100,100,21,Industrials,Railroads
FIGR,"Figure Technology Solutions, Inc.",-9.36,-18.69,0,0,4,Finance,Finance: Consumer Services
BOKF,BOK Financial Corporation,-0.92,1.62,100,100,70,Finance,Major Banks
SFM,"Sprouts Farmers Market, Inc.",1.79,-6.41,48,73,22,Consumer Staples,Food Chains
JINFF,China Gold International Resources Corp. Ltd.,0.0,36.18,100,100,83,Basic Materials,Other Precious Metals & Mining
GAP,GAP,0.4,9.62,100,100,17,Consumer Discretionary,Clothing/Shoe/Accessory Stores
FRO,Frontline plc,0.9,12.47,100,100,93,Consumer Discretionary,Marine Transportation
ELMUY,Elisa Oyj,7.17,-0.57,28,41,33,Communication Services,Telecom Services
NXE,NexGen Energy Ltd.,-2.72,-4.9,41,85,19,Basic Materials,Other Metals and Minerals
VLYPO,Valley National Bancorp,0.69,0.12,100,100,43,Finance,Major Banks
CBSH,"Commerce Bancshares, Inc.",0.53,4.47,100,100,65,Finance,Major Banks
MOS,The Mosaic Company,-1.99,6.75,96,100,14,Industrials,Agricultural Chemicals
ESE,ESCO Technologies Inc.,-4.95,-14.26,0,10,76,Telecommunications,Telecommunications Equipment
HCXLY,Hiscox Ltd,-6.11,-7.78,0,10,62,Financial Services,Insurance - Property & Casualty
JAPSY,"Japan Airlines Co., Ltd.",0.55,5.28,87,100,46,Industrials,Airlines
SOBO,South Bow Corporation,0.48,5.96,81,100,84,Energy,Natural Gas Distribution
ALBBY,Alibaba Health Information Technology Limited,4.78,4.97,68,88,4,Healthcare,Pharmaceutical Retailers
EGIEY,Engie Brasil Energia S.A.,-2.05,-20.99,0,27,26,Utilities,Utilities - Renewable
TAP,Molson Coors Beverage Company,0.59,9.75,100,100,29,Consumer Staples,Beverages (Production/Distribution)
LOTMY,LOTMY,-3.17,-2.18,1,75,38,Consumer Cyclical,Gambling
GMINF,G Mining Ventures Corp.,-1.38,0.11,76,90,81,Basic Materials,Gold
PCVX,"Vaxcyte, Inc.",-2.97,-8.86,0,33,56,Health Care,Biotechnology: Pharmaceutical Preparations
SLOIY,Soitec SA,-8.65,-15.03,40,49,97,Technology,Semiconductor Equipment & Materials
SLOIF,Soitec SA,-5.28,-20.14,30,40,96,Technology,Semiconductor Equipment & Materials
SM,SM Energy Company,6.98,21.53,82,96,83,Energy,Oil & Gas Production
NFG,National Fuel Gas Company,-0.55,4.83,91,100,28,Utilities,Oil/Gas Transmission
ZJLMF,ZJLMF,0.0,-7.53,4,19,5,Consumer Cyclical,Auto Manufacturers
RHP,"Ryman Hospitality Properties, Inc.",-0.31,5.46,100,100,90,Real Estate,Real Estate Investment Trusts
STKAF,Stockland,0.0,-13.79,10,36,7,Real Estate,REIT - Diversified
MYRG,MYR Group Inc.,-5.48,-35.64,0,0,79,Industrials,Water Sewer Pipeline Comm & Power Line Construction
BCKIY,Babcock International Group PLC,-2.2,20.07,96,99,29,Industrials,Engineering & Construction
ST,Sensata Technologies Holding plc,-1.56,-3.64,100,100,81,Industrials,Industrial Machinery/Components
LEA,LEA,-0.79,10.03,100,100,84,Consumer Discretionary,Auto Parts:O.E.M.
VSOGF,"Vista Energy, S.A.B. de C.V.",0.0,0.0,84,100,91,Energy,Oil & Gas E&P
AVT,"Avnet, Inc.",-3.05,-5.89,44,74,88,Technology,Electronic Components
UBTRF,UBTRF,0.35,-25.89,11,22,4,,
CHYM,"Chime Financial, Inc.",0.22,9.47,100,100,28,Finance,Finance: Consumer Services
VIST,"Vista Energy, S.A.B. de C.V.",2.68,3.46,73,89,75,Energy,Oil & Gas Production
OPHLY,"Ono Pharmaceutical Co., Ltd.",2.25,3.09,100,100,64,Healthcare,Drug Manufacturers - General
ZLNDY,Zalando SE,1.41,18.94,100,100,77,Consumer Cyclical,Internet Retail
KNSL,"Kinsale Capital Group, Inc.",1.73,14.21,100,100,34,Finance,Property-Casualty Insurers
DITTF,"Daito Trust Construction Co.,Ltd.",0.0,2.36,100,100,15,Real Estate,Real Estate - Diversified
AXS,AXIS Capital Holdings Limited,-11.16,-1.38,0,37,53,Finance,Property-Casualty Insurers
TRNO,Terreno Realty Corporation,-1.71,10.76,79,100,70,Finance,Real Estate
PB,"Prosperity Bancshares, Inc.",0.92,1.64,100,100,57,Finance,Major Banks
OR,OR Royalties Inc.,0.17,-6.77,63,100,14,Basic Materials,Precious Metals
MORN,"Morningstar, Inc.",2.34,27.72,100,100,28,Finance,Investment Managers
LKQ,LKQ Corporation,-0.64,0.23,100,100,16,Consumer Discretionary,Motor Vehicles
HR,Healthcare Realty Trust Incorporated,-0.27,8.13,100,100,80,Real Estate,Real Estate Investment Trusts
DCCPY,DCC Energy plc,1.89,0.57,100,100,37,Energy,Oil & Gas Refining & Marketing
DIFTY,"Daito Trust Construction Co.,Ltd.",3.6,15.64,100,100,42,Real Estate,Real Estate - Diversified
VIPS,Vipshop Holdings Limited,1.75,13.95,100,100,32,Consumer Discretionary,Catalog/Specialty Distribution
PRIM,Primoris Services Corporation,-5.25,-24.58,0,0,2,Industrials,Water Sewer Pipeline Comm & Power Line Construction
SZCRF,SCOR SE,0.0,10.18,100,100,56,Financial Services,Insurance - Reinsurance
BBUC,Brookfield Business Corporation,0.6,6.83,100,100,26,Consumer Discretionary,Engineering & Construction
DOX,DOX,3.55,12.43,100,100,10,Technology,EDP Services
ZLDSF,Zalando SE,0.0,0.0,84,100,14,Consumer Cyclical,Internet Retail
FAF,FAF,-1.25,13.97,100,100,73,Finance,Specialty Insurers
LNC,Lincoln National Corporation,-3.27,18.55,90,94,59,Finance,Life Insurance
AWI,"Armstrong World Industries, Inc.",-2.33,8.76,95,98,32,Industrials,Plastic Products
PPC,Pilgrim's Pride Corporation,0.47,6.55,100,100,11,Consumer Staples,Meat/Poultry/Fish
MRCY,"Mercury Systems, Inc.",-9.27,-26.29,0,1,74,Technology,Electrical Products
VLOUF,Vallourec S.A.,0.0,1.32,100,100,55,Basic Materials,Steel
KCDMF,"Kimberly-Clark de México, S. A. B. de C. V.",0.0,5.65,100,100,52,Consumer Defensive,Household & Personal Products
MTDR,Matador Resources Company,5.51,-2.25,39,57,34,Energy,Oil & Gas Production
TEX,TEX,-5.96,-10.82,38,65,59,Industrials,Construction/Ag Equipment/Trucks
GRFS,"Grifols, S.A.",1.87,16.66,100,100,24,Health Care,Biotechnology: Pharmaceutical Preparations
EPRT,"Essential Properties Realty Trust, Inc.",-0.31,7.2,77,100,48,Real Estate,Real Estate Investment Trusts
HRIBF,"HORIBA, Ltd.",0.0,0.0,84,100,99,Technology,Scientific & Technical Instruments
AXTA,Axalta Coating Systems Ltd.,-1.72,1.78,98,100,68,Consumer Discretionary,Paints/Coatings
LNWO,LNWO,0.95,6.86,100,100,24,Consumer Cyclical,Gambling
ONDS,Ondas Inc.,-13.49,-17.48,26,38,76,Technology,Radio And Television Broadcasting And Communications Equipment
TFPM,Triple Flag Precious Metals Corp.,0.46,-4.24,52,86,28,Industrials,Precious Metals
BCUCY,Brunello Cucinelli S.p.A.,-0.78,1.9,100,100,27,Consumer Cyclical,Luxury Goods
THG,"The Hanover Insurance Group, Inc.",3.65,8.51,100,100,86,Finance,Property-Casualty Insurers
NPO,Enpro Inc.,-5.59,-21.44,0,0,71,Industrials,Metal Fabrications
BZ,BZ,1.77,25.1,100,100,27,Technology,Computer Software: Programming Data Processing
TRSBF,3SBio Inc.,0.0,13.16,97,100,8,Healthcare,Biotechnology
LNTH,"Lantheus Holdings, Inc.",-2.57,-9.86,8,55,89,Health Care,Biotechnology: In Vitro & In Vivo Diagnostic Substances
ASAAF,AT & S Austria Technologie & Systemtechnik Aktiengesellschaft,-8.73,-31.86,0,0,99,Technology,Electronic Components
SCRYY,SCOR SE,-0.76,8.59,100,100,67,Financial Services,Insurance - Reinsurance
YACAF,Yancoal Australia Ltd,-1.96,2.04,58,73,26,Energy,Thermal Coal
MSA,MSA Safety Incorporated,-2.18,0.7,92,99,41,Health Care,Industrial Specialties
BTG,BTG,-2.6,0.0,42,86,14,Basic Materials,Precious Metals
FMOCF,"Fomento de Construcciones y Contratas, S.A.",0.0,3.85,94,100,87,Industrials,Waste Management
SBFFY,SBM Offshore N.V.,0.0,12.82,100,100,69,Energy,Oil & Gas Equipment & Services
SULZF,Sulzer AG,0.0,4.52,100,100,26,Industrials,Specialty Industrial Machinery
EFGIF,EFG International AG,0.0,0.0,84,100,53,Financial Services,Banks - Diversified
KMX,"CarMax, Inc.",0.39,11.76,100,100,85,Consumer Discretionary,Retail-Auto Dealers and Gas Stations
PSN,Parsons Corporation,-35.0,-23.04,0,0,4,Technology,EDP Services
FOVSY,Ford Otomotiv Sanayi A.S.,0.0,-7.51,21,85,8,Consumer Cyclical,Auto Manufacturers
BSDGY,Bosideng International Holdings Limited,0.0,23.02,100,100,61,Consumer Cyclical,Apparel Manufacturing
SOMMY,"Sumitomo Chemical Company, Limited",-5.71,-7.92,0,40,40,Basic Materials,Chemicals
WDPSF,Warehouses De Pauw SA,-0.08,-0.38,100,100,27,Real Estate,REIT - Industrial
COMP,"Compass, Inc.",-2.27,-5.84,49,82,87,Technology,EDP Services
ZGN,Ermenegildo Zegna N.V.,-0.27,15.88,100,100,91,Consumer Discretionary,Apparel
NVTS,Navitas Semiconductor Corporation,-2.75,-45.68,0,0,13,Technology,Semiconductors
APGE,"Apogee Therapeutics, Inc.",0.02,1.11,100,100,98,Health Care,Biotechnology: Biological Products (No Diagnostic Substances)
GBCI,"Glacier Bancorp, Inc.",-1.41,-4.77,10,47,44,Finance,Major Banks
TKCOF,"Toho Co., Ltd.",0.0,10.93,97,100,1,Communication Services,Entertainment
BYD,Boyd Gaming Corporation,-0.52,2.79,100,100,52,Consumer Discretionary,Hotels/Resorts
KTWIF,Kurita Water Industries Ltd.,0.0,0.29,17,57,78,Industrials,Pollution & Treatment Controls
MSM,"MSC Industrial Direct Co., Inc.",-3.05,2.44,54,85,85,Industrials,Industrial Machinery/Components
CDEVY,City Developments Limited,-2.43,-13.0,31,77,28,Real Estate,Real Estate - Development
VSNT,"Versant Media Group, Inc.",-0.78,3.69,94,100,26,Industrials,Broadcasting
IMCDY,IMCD N.V.,6.32,19.1,100,100,32,Basic Materials,Specialty Chemicals
AZIHF,Azimut Holding S.p.A.,0.31,-1.23,83,100,47,Financial Services,Asset Management
RYTM,"Rhythm Pharmaceuticals, Inc.",-1.4,-4.05,51,97,65,Health Care,Biotechnology: Pharmaceutical Preparations
GRGDF,GRGDF,3.92,1.86,100,100,23,Consumer Cyclical,Apparel Retail
REECF,Reece Limited,0.0,0.0,84,100,84,Industrials,Industrial Distribution
GIGNF,Genting Singapore Limited,0.0,0.0,100,100,26,Consumer Cyclical,Resorts & Casinos
GATX,GATX Corporation,-2.25,2.5,91,98,43,Consumer Discretionary,Transportation Services
GVA,Granite Construction Incorporated,-2.83,-25.43,7,28,47,Industrials,Military/Government/Technical
ENIC,Enel Chile S.A.,-0.23,-3.11,100,100,59,Utilities,Electric Utilities: Central
PEGA,Pegasystems Inc.,4.81,3.37,84,100,5,Technology,EDP Services
SFGYY,SFGYY,2.34,11.06,100,100,41,Financial Services,Insurance - Life
CZR,CZR,-0.6,-1.36,100,100,70,Consumer Discretionary,Hotels/Resorts
SRRK,Scholar Rock Holding Corporation,-0.63,-10.8,22,49,76,Health Care,Biotechnology: Biological Products (No Diagnostic Substances)
MONOY,"MonotaRO Co., Ltd.",4.56,11.2,100,100,25,Consumer Cyclical,Internet Retail
SEKEY,Seiko Epson Corporation,0.11,9.15,82,97,88,Technology,Computer Hardware
AROC,"Archrock, Inc.",-0.48,-13.71,9,50,74,Utilities,Natural Gas Distribution
VOPKF,Koninklijke Vopak N.V.,0.0,5.7,100,100,62,Energy,Oil & Gas Midstream
SFRRF,Sandfire Resources Limited,0.0,0.0,84,100,88,Basic Materials,Copper
VOPKY,Koninklijke Vopak N.V.,0.0,0.95,78,100,66,Energy,Oil & Gas Midstream
HROEY,"Hirose Electric Co.,Ltd.",0.0,-11.26,13,46,88,Technology,Electronic Components
PACS,"PACS Group, Inc.",-1.04,8.98,100,100,98,Health Care,Hospital/Nursing Management
OTEX,Open Text Corporation,4.4,16.84,100,100,30,Technology,EDP Services
GXO,"GXO Logistics, Inc.",-3.32,1.64,72,90,23,Consumer Discretionary,Transportation Services
TMNSF,Temenos AG,0.0,0.0,100,100,17,Technology,Software - Application
CTXAY,Ampol Limited,5.65,22.24,100,100,84,Energy,Oil & Gas Refining & Marketing
IFS,Intercorp Financial Services Inc.,-2.46,-0.65,19,73,86,Finance,Commercial Banks
APPF,"AppFolio, Inc.",4.89,16.62,100,100,22,Technology,Computer Software: Prepackaged Software
RGLXY,RTL Group S.A.,0.0,-7.69,44,91,20,Communication Services,Broadcasting
TKECY,"Tokyo Electric Power Company Holdings, Incorporated",0.32,11.66,100,100,9,Utilities,Utilities - Renewable
AMTM,"Amentum Holdings, Inc.",-7.08,5.47,61,74,13,Consumer Discretionary,Business Services
ABCB,Ameris Bancorp,-0.09,-2.69,51,100,63,Finance,Major Banks
IBP,"Installed Building Products, Inc.",-4.06,0.21,77,86,17,Consumer Discretionary,Homebuilding
MNTHY,Minth Group Limited,-3.82,2.2,33,59,11,Consumer Cyclical,Auto Parts
SLFPF,Aberdeen Group Plc,0.0,0.0,36,73,72,Financial Services,Asset Management
PCCWY,PCCW Limited,-7.33,-2.98,42,65,36,Communication Services,Telecom Services
KMRRF,KMRRF,-3.17,6.28,82,92,23,,
IVCGF,Iveco Group N.V.,-0.71,0.11,100,100,13,Industrials,Farm & Heavy Construction Machinery
SFGRF,SFGRF,0.0,8.34,96,100,1,Financial Services,Insurance - Life
G,G,6.07,33.49,100,100,27,Consumer Discretionary,Professional Services
BTLCY,British Land Company PLC,-0.17,6.41,100,100,67,Real Estate,REIT - Diversified
UGP,UGP,-1.27,24.1,84,98,89,Utilities,Oil/Gas Transmission
PECO,"Phillips Edison & Company, Inc.",0.35,3.07,86,100,70,Real Estate,Real Estate Investment Trusts
GNGBY,Getinge AB (publ),1.48,21.05,100,100,66,Healthcare,Medical Devices
FND,"Floor & Decor Holdings, Inc.",-1.85,-6.06,64,100,20,Consumer Discretionary,RETAIL: Building Materials
BKH,Black Hills Corporation,-2.49,-1.96,67,95,54,Utilities,Electric Utilities: Central
QS,QuantumScape Corporation,-4.06,-34.39,5,11,2,Miscellaneous,Industrial Machinery/Components
SSMXF,Sysmex Corporation,0.0,9.04,100,100,30,Healthcare,Medical Devices
LQDA,Liquidia Corporation,0.0,8.89,94,100,98,Health Care,Biotechnology: Pharmaceutical Preparations
OZK,Bank OZK,0.1,-0.09,99,100,56,Finance,Major Banks
MC,MC,-4.87,-0.26,44,79,26,Finance,Investment Managers
IRDM,Iridium Communications Inc.,-2.38,-19.12,0,9,96,Telecommunications,Telecommunications Equipment
SKSUY,"Sekisui Chemical Co., Ltd.",0.0,8.97,100,100,22,Industrials,Conglomerates
NXST,"Nexstar Media Group, Inc.",1.64,10.27,100,100,37,Industrials,Broadcasting
TMICF,Trend Micro Incorporated,0.0,0.0,100,100,13,Technology,Software - Infrastructure
CRSP,CRISPR Therapeutics AG,0.19,-12.65,12,27,13,Health Care,Biotechnology: Biological Products (No Diagnostic Substances)
RANJY,Randstad N.V.,1.51,54.53,100,100,83,Industrials,Staffing & Employment Services
WFG,West Fraser Timber Co. Ltd.,-1.35,-1.71,51,91,37,Basic Materials,Forest Products
TTBXF,Tritax Big Box REIT plc,-0.46,8.54,44,34,37,,
ARKAY,Arkema S.A.,1.8,5.34,100,100,42,Basic Materials,Specialty Chemicals
LYFT,"Lyft, Inc.",-0.06,5.68,87,100,32,Consumer Discretionary,Business Services
LPL,"LG Display Co., Ltd.",-4.78,-28.28,0,0,4,Technology,Industrial Machinery/Components
ESNT,Essent Group Ltd.,1.1,5.97,100,100,59,Finance,Property-Casualty Insurers
KLIC,"Kulicke and Soffa Industries, Inc.",-8.87,-38.05,0,0,93,Technology,Semiconductors
PCWLF,PCCW Limited,-2.7,5.88,88,96,50,Communication Services,Telecom Services
SYNA,Synaptics Incorporated,-6.52,-16.57,0,0,84,Technology,Semiconductors
HLHLY,HLHLY,0.0,0.0,84,100,65,Basic Materials,Paper & Paper Products
BRLAF,British Land Company PLC,9.43,13.85,100,100,64,Real Estate,REIT - Diversified
WTBDY,Whitbread plc,0.54,5.91,100,100,23,Consumer Cyclical,Lodging
PRM,"Perimeter Solutions, Inc.",-0.69,-2.75,100,100,90,Industrials,Major Chemicals
MAAS,Maase Inc.,7.37,41.23,73,83,98,Finance,Investment Managers
BLSH,Bullish,-3.75,-6.79,0,19,2,Finance,Finance: Consumer Services
RICOF,"Ricoh Company, Ltd.",0.0,0.0,84,100,1,Industrials,Business Equipment & Supplies
MGY,Magnolia Oil & Gas Corporation,6.97,-2.15,54,71,31,Energy,Oil & Gas Production
GOLF,GOLF,-0.79,-13.48,6,27,64,Consumer Discretionary,Recreational Games/Products/Toys
JDDSF,JD Sports Fashion Plc,0.0,0.83,84,100,29,Consumer Cyclical,Apparel Retail
NICE,NICE Ltd.,3.56,15.6,100,100,18,Technology,Computer Software: Prepackaged Software
MUR,MUR,5.59,18.83,97,100,73,Energy,Oil & Gas Production
SIGI,"Selective Insurance Group, Inc.",2.42,-0.34,81,100,72,Finance,Property-Casualty Insurers
MTPOF,Metropolitan Bank & Trust Company,3.48,4.39,100,100,25,Financial Services,Banks - Regional
GNTX,Gentex Corporation,-0.33,-4.67,85,100,35,Consumer Discretionary,Auto Parts:O.E.M.
NFPDF,"Nissin Foods Holdings Co.,Ltd.",0.0,4.59,100,100,29,Consumer Defensive,Packaged Foods
BLFBY,BLFBY,2.04,6.09,100,100,85,Industrials,Engineering & Construction
WTM,"White Mountains Insurance Group, Ltd.",-2.37,3.71,82,97,47,Finance,Property-Casualty Insurers
STVN,Stevanato Group S.p.A.,1.29,12.95,100,100,48,Health Care,Medical/Dental Instruments
DNTH,"Dianthus Therapeutics, Inc.",2.44,6.78,100,100,98,Health Care,Biotechnology: Pharmaceutical Preparations
LEGN,Legend Biotech Corporation,-1.0,-34.73,1,2,8,Health Care,Biotechnology: Pharmaceutical Preparations
WEX,WEX Inc.,3.02,33.54,100,100,70,Consumer Discretionary,Business Services
ALH,Alliance Laundry Holdings Inc.,-3.42,-2.07,80,89,47,Industrials,Industrial Machinery/Components
BGC,"BGC Group, Inc.",-1.67,10.1,99,100,69,Finance,Investment Bankers/Brokers/Service
ACLLF,ATCO Ltd.,0.09,5.32,83,100,82,Utilities,Utilities - Diversified
OLLI,"Ollie's Bargain Outlet Holdings, Inc.",3.48,-7.17,81,100,5,Consumer Discretionary,Department/Specialty Retail Stores
SPHR,Sphere Entertainment Co.,-0.8,-18.99,25,50,96,Consumer Discretionary,Services-Misc. Amusement & Recreation
CHH,"Choice Hotels International, Inc.",0.88,5.15,100,100,41,Consumer Discretionary,Hotels/Resorts
AX,"Axos Financial, Inc.",-1.01,0.81,100,100,52,Finance,Savings Institutions
ADT,ADT Inc.,0.95,14.0,100,100,29,Consumer Discretionary,Diversified Commercial Services
LGMMY,LEG Immobilien SE,0.0,0.0,84,100,25,Real Estate,Real Estate Services
UWMC,UWM Holdings Corporation,6.45,-13.54,58,87,2,Finance,Finance: Consumer Services
RDW,Redwire Corporation,-9.22,-36.39,0,0,8,Industrials,Military/Government/Technical
TGS,Transportadora de Gas del Sur S.A.,0.85,0.13,59,91,45,Utilities,Natural Gas Distribution
SEB,Seaboard Corporation,0.88,2.78,84,100,49,Industrials,Farming/Seeds/Milling
OPEN,Opendoor Technologies Inc.,-6.85,-20.56,0,0,11,Finance,Real Estate
BDVSY,The Bidvest Group Limited,0.03,-0.17,100,100,53,Industrials,Conglomerates
LBRDB,Liberty Broadband Corporation,10.03,0.86,100,100,4,Communication Services,Telecom Services
CWSRF,Chartwell Retirement Residences,0.0,3.66,95,100,67,Real Estate,REIT - Healthcare Facilities
TCCHF,Technogym S.p.A.,0.0,0.0,84,100,91,Consumer Cyclical,Leisure
CIGI,Colliers International Group Inc.,-2.6,7.91,89,96,10,Finance,Real Estate
MAQAF,Atlas Arteria Limited,0.0,-7.82,7,22,42,Industrials,Infrastructure Operations
SON,Sonoco Products Company,-2.61,4.67,92,97,81,Consumer Discretionary,Containers/Packaging
PSMMY,Persimmon Plc,0.08,6.17,100,100,28,Consumer Cyclical,Residential Construction
PMMAF,PUMA SE,3.71,7.71,100,100,74,Consumer Cyclical,Footwear & Accessories
JMPLY,Johnson Matthey Plc,-0.04,2.61,88,100,29,Basic Materials,Specialty Chemicals
XXI,"Twenty One Capital, Inc.",-1.14,-12.12,1,4,1,Finance,Finance: Consumer Services
MAIN,Main Street Capital Corporation,-1.81,5.24,97,100,29,Finance,Finance/Investors Services
ATDRF,Autotrader Group plc,0.0,2.19,55,100,12,Communication Services,Internet Content & Information
REZI,"Resideo Technologies, Inc.",-2.67,14.69,93,97,38,Industrials,Wholesale Distributors
KEN,Kenon Holdings Ltd.,-5.32,-4.53,6,49,38,Utilities,Electric Utilities: Central
GHC,Graham Holdings Company,1.68,8.28,100,100,64,Real Estate,Other Consumer Services
CRNLF,Capricorn Metals Ltd,0.0,5.88,98,100,58,Basic Materials,Gold
CLSK,"CleanSpark, Inc.",-10.91,-17.46,0,15,22,Finance,Finance: Consumer Services
POWI,"Power Integrations, Inc.",-4.44,-32.46,0,0,51,Technology,Semiconductors
CSTM,Constellium SE,-4.99,-13.3,14,54,84,Industrials,Metal Fabrications
WSC,WillScot Holdings Corporation,-6.22,-16.42,0,29,42,Industrials,Misc Corporate Leasing Services
LGND,Ligand Pharmaceuticals Incorporated,-2.79,-8.88,6,60,92,Health Care,Biotechnology: Pharmaceutical Preparations
SEDG,"SolarEdge Technologies, Inc.",-2.57,-33.2,0,0,48,Technology,Semiconductors
MTPOY,Metropolitan Bank & Trust Company,0.0,3.38,93,100,24,Financial Services,Banks - Regional
MKTX,MarketAxess Holdings Inc.,3.02,10.79,100,100,8,Finance,Investment Bankers/Brokers/Service
ASB,Associated Banc-Corp,-1.09,-0.16,91,100,68,Finance,Major Banks
BKEAY,"The Bank of East Asia, Limited",9.09,17.24,100,100,76,Financial Services,Banks - Regional
NPTVF,"Nippon Television Holdings, Inc.",0.0,7.43,96,100,1,Communication Services,Broadcasting
TRKNY,Türk Telekomünikasyon Anonim Sirketi,0.0,-10.55,5,11,7,Communication Services,Telecom Services
MTRN,Materion Corporation,-9.71,-36.33,0,0,88,Industrials,Industrial Specialties
MEOH,Methanex Corporation,2.71,18.4,82,95,76,Industrials,Major Chemicals
SGBAF,SES S.A.,-5.49,-10.63,0,11,41,Communication Services,Broadcasting
BLLN,"BillionToOne, Inc.",-0.84,10.45,100,100,91,Health Care,Medical Specialities
WYGPY,Worley Limited,0.0,-7.57,63,92,16,Energy,Oil & Gas Equipment & Services
CUYTY,Colruyt Group N.V.,0.0,6.14,100,100,64,Consumer Defensive,Grocery Stores
CBT,Cabot Corporation,0.53,0.78,100,100,78,Industrials,Major Chemicals
CYAGF,"CyberAgent, Inc.",0.0,0.0,84,100,1,Communication Services,Advertising Agencies
CMBT,Cmb.Tech NV,1.23,11.44,100,100,91,Consumer Discretionary,Marine Transportation
MIAX,"Miami International Holdings, Inc.",0.43,24.87,100,100,62,Finance,Investment Bankers/Brokers/Service
LAUR,"Laureate Education, Inc.",1.83,5.75,81,100,83,Real Estate,Other Consumer Services
SPGNY,Springer Nature AG & Co. KGaA,0.0,-7.67,4,54,30,Communication Services,Publishing
CNR,"Core Natural Resources, Inc.",-2.28,-2.62,20,59,21,Energy,Coal Mining
LMND,"Lemonade, Inc.",-23.72,-27.16,0,0,12,Finance,Property-Casualty Insurers
RMLRF,Ramelius Resources Limited,4.91,14.63,100,100,28,Basic Materials,Gold
RTMVF,Rightmove plc,0.0,0.0,100,100,14,Communication Services,Internet Content & Information
MMYT,MakeMyTrip Limited,6.38,7.24,99,100,22,Consumer Discretionary,Transportation Services
TNEYF,Tamarack Valley Energy Ltd.,2.17,8.27,94,100,93,Energy,Oil & Gas E&P
MBRFY,MBRF Global Foods Company S.A.,1.27,-8.36,95,100,21,Consumer Defensive,Packaged Foods
ANIOY,"Acerinox, S.A.",0.0,19.08,100,100,91,Basic Materials,Steel
TLPFY,Teleperformance SE,5.42,37.09,100,100,50,Industrials,Specialty Business Services
AYALY,Ayala Corporation,0.0,23.57,86,100,19,Industrials,Conglomerates
TVTX,"Travere Therapeutics, Inc.",-0.63,-2.2,54,100,97,Health Care,Biotechnology: Pharmaceutical Preparations
FTDR,"Frontdoor, Inc.",0.97,-3.34,74,100,73,Consumer Discretionary,Diversified Commercial Services
MRP,"Millrose Properties, Inc.",-1.92,-4.21,43,100,29,Finance,Real Estate
NDCVF,Nordic Semiconductor ASA,-0.38,-12.71,9,42,35,Technology,Semiconductors
TCBIO,"Texas Capital Bancshares, Inc.",-0.54,-0.49,99,100,37,Finance,Major Banks
CAAP,Corporación América Airports S.A.,-2.18,1.39,83,99,59,Consumer Discretionary,Aerospace
WNDLF,Wendel,0.0,1.45,100,100,32,Financial Services,Asset Management
TREX,"Trex Company, Inc.",-3.7,-15.29,11,47,22,Basic Materials,Forest Products
CNO,"CNO Financial Group, Inc.",-1.07,3.86,100,100,81,Finance,Accident &Health Insurance
TORXF,Torex Gold Resources Inc.,4.25,-0.13,70,100,31,Basic Materials,Gold
MNDY,monday.com Ltd.,3.63,24.67,100,100,14,Technology,Computer Software: Prepackaged Software
RBSFY,Rubis,0.0,-1.95,96,100,50,Energy,Oil & Gas Refining & Marketing
BKGFF,The Berkeley Group Holdings plc,0.0,-7.93,8,38,20,Consumer Cyclical,Residential Construction
BTDR,Bitdeer Technologies Group,-13.42,-43.92,0,0,4,Finance,Finance: Consumer Services
HKMPF,Hikma Pharmaceuticals PLC,1.46,7.18,100,100,44,Healthcare,Drug Manufacturers - Specialty & Generic
YSS,"York Space Systems, Inc.",-15.67,-38.99,0,0,2,Industrials,Military/Government/Technical
DOO,BRP Inc.,-2.16,0.2,92,99,45,Consumer Discretionary,Industrial Specialties
CITAF,"COSCO SHIPPING Development Co., Ltd.",0.0,14.05,98,100,33,Industrials,Aerospace & Defense
MZDAF,Mazda Motor Corporation,0.0,3.09,100,100,47,Consumer Cyclical,Auto Manufacturers
LBTYB,Liberty Global Ltd.,0.0,-4.62,76,100,34,Telecommunications,Cable & Other Pay Television Services
AMRX,"Amneal Pharmaceuticals, Inc.",1.81,10.34,100,100,95,Health Care,Biotechnology: Pharmaceutical Preparations
LASR,"nLIGHT, Inc.",-6.68,-15.15,10,29,93,Technology,Semiconductors
LION,Lionsgate Studios Corp.,-1.43,-14.7,9,56,92,Consumer Discretionary,Movies/Entertainment
POST,"Post Holdings, Inc.",3.4,10.5,100,100,25,Consumer Staples,Packaged Foods
ANDG,ANDG,-0.92,22.27,98,100,95,Consumer Discretionary,Business Services
FULTP,Fulton Financial Corporation,-0.72,1.75,96,100,34,Finance,Major Banks
FMCKL,Federal Home Loan Mortgage Corporation,0.0,-11.24,33,52,6,Financial Services,Mortgage Finance
FMCKJ,Federal Home Loan Mortgage Corporation,1.2,-7.82,58,100,8,Financial Services,Mortgage Finance
FMCCM,Federal Home Loan Mortgage Corporation,0.0,-8.75,66,91,8,Financial Services,Mortgage Finance
FMCKO,Federal Home Loan Mortgage Corporation,0.0,-8.13,42,78,5,Financial Services,Mortgage Finance
FMCCN,Federal Home Loan Mortgage Corporation,0.0,-7.0,57,90,5,Financial Services,Mortgage Finance
FMCKP,Federal Home Loan Mortgage Corporation,0.0,-7.93,38,88,8,Financial Services,Mortgage Finance
FMCCP,Federal Home Loan Mortgage Corporation,0.0,-1.69,51,100,8,Financial Services,Mortgage Finance
FMCKI,Federal Home Loan Mortgage Corporation,3.45,-9.09,52,85,7,Financial Services,Mortgage Finance
AGLXY,AGL Energy Limited,0.0,0.34,96,100,21,Utilities,Utilities - Independent Power Producers
CYGIY,"CyberAgent, Inc.",-6.52,12.86,51,70,28,Communication Services,Advertising Agencies
BDC,BDC,-2.76,-14.91,26,62,13,Industrials,Telecommunications Equipment
GTMEF,"Globe Telecom, Inc.",0.0,0.0,100,100,5,Communication Services,Telecom Services
AZZ,AZZ Inc.,-3.67,-8.75,32,71,68,Industrials,Industrial Specialties
KLBAY,Klabin S.A.,0.0,6.73,100,100,35,Basic Materials,Paper & Paper Products
BRC,BRC,-3.08,3.71,85,93,72,Consumer Discretionary,Miscellaneous manufacturing industries
SKY,"Champion Homes, Inc.",-3.8,-8.85,47,82,45,Consumer Discretionary,Homebuilding
AGLNF,AGL Energy Limited,0.0,-11.04,39,98,17,Utilities,Utilities - Independent Power Producers
PHI,PHI,-0.25,13.93,100,100,31,Telecommunications,Telecommunications Equipment
ENVA,"Enova International, Inc.",-1.74,1.65,88,100,95,Finance,Finance: Consumer Services
PSUS,"Pershing Square USA, Ltd.",-1.38,-4.09,3,100,18,Financial Services,Asset Management
EMAT,Evolution Metals & Technologies Corp.,-7.47,-33.43,0,0,1,Basic Materials,Other Industrial Metals & Mining
VNT,Vontier Corporation,-1.77,11.21,98,100,15,Industrials,Industrial Machinery/Components
RUN,Sunrun Inc.,-1.66,-29.22,0,1,4,Miscellaneous,Industrial Machinery/Components
DSRLF,DiaSorin S.p.A.,3.09,7.74,92,100,31,Healthcare,Diagnostics & Research
CDPYF,Canadian Apartment Properties Real Estate Investment Trust,1.65,2.36,100,100,21,Real Estate,REIT - Residential
SPASF,SATS Ltd.,0.0,14.05,100,100,89,Industrials,Airports & Air Services
SNNRF,SNNRF,0.14,-4.07,60,96,29,,
TSPCF,Cleanaway Waste Management Limited,-4.62,-5.71,50,60,22,Industrials,Waste Management
NAMS,NewAmsterdam Pharma Company N.V.,-0.25,-17.65,4,7,28,Health Care,Biotechnology: Pharmaceutical Preparations
IRT,"Independence Realty Trust, Inc.",1.2,1.2,92,100,44,Real Estate,Real Estate Investment Trusts
DOCS,"Doximity, Inc.",0.89,4.29,74,100,3,Technology,EDP Services
SOUN,"SoundHound AI, Inc.",-8.65,-11.9,0,0,2,Technology,Computer Software: Prepackaged Software
NP,Neptune Insurance Holdings Inc.,10.13,11.46,100,100,86,Finance,Specialty Insurers
CATY,Cathay General Bancorp,-0.49,2.02,100,100,79,Finance,Major Banks
VLEEF,Valeo SE,0.0,0.0,100,100,81,Consumer Cyclical,Auto Parts
BFLBF,Bilfinger SE,0.0,5.29,95,100,12,Industrials,Engineering & Construction
ATHOF,Athabasca Oil Corporation,4.43,4.72,68,92,80,Energy,Oil & Gas E&P
DAN,DAN,-2.08,-1.47,81,100,51,Consumer Discretionary,Auto Parts:O.E.M.
CPRX,Catalyst Pharmaceuticals Inc,0.0,0.0,51,38,36,Health Care,Biotechnology: Pharmaceutical Preparations
WAY,Waystar Holding Corp.,3.5,19.43,100,100,13,Technology,EDP Services
OII,"Oceaneering International, Inc.",-2.94,14.96,62,71,94,Energy,Oilfield Services/Equipment
BFLBY,Bilfinger SE,0.0,5.01,79,100,13,Industrials,Engineering & Construction
HHH,Howard Hughes Holdings Inc.,-1.52,-7.53,16,59,24,Real Estate,Real Estate Investment Trusts
KAI,Kadant Inc.,-3.85,-3.47,75,87,30,Industrials,Industrial Machinery/Components
MMSI,"Merit Medical Systems, Inc.",3.26,16.58,100,100,49,Health Care,Medical/Dental Instruments
RNST,Renasant Corporation,-0.14,3.03,100,100,69,Finance,Major Banks
CRNX,"Crinetics Pharmaceuticals, Inc.",0.02,124.16,100,100,97,Health Care,Biotechnology: Pharmaceutical Preparations
TWODY,Taylor Wimpey plc,-1.2,4.46,93,100,20,Consumer Cyclical,Residential Construction
MMTOF,Mitsubishi Motors Corporation,0.0,23.76,100,100,54,Consumer Cyclical,Auto Manufacturers
WSFS,WSFS Financial Corporation,-1.42,5.1,100,100,83,Finance,Major Banks
FBP,First BanCorp.,-1.3,10.89,100,100,84,Finance,Major Banks
BANF,BancFirst Corporation,-1.94,2.11,52,100,35,Finance,Major Banks
SMSMY,Sims Limited,0.0,-9.6,100,100,92,Basic Materials,Steel
BILL,"BILL Holdings, Inc.",2.26,31.11,100,100,54,Technology,EDP Services
EWTX,"Edgewise Therapeutics, Inc.",-1.49,-2.17,27,47,96,Health Care,Biotechnology: Pharmaceutical Preparations
MJPNF,"Micronics Japan Co., Ltd.",-10.27,-9.01,0,0,1,Technology,Semiconductor Equipment & Materials
CCKRF,CCKRF,0.0,5.74,29,56,19,Healthcare,Pharmaceutical Retailers
SSLLF,Siltronic AG,-15.74,-16.89,0,0,73,Technology,Semiconductors
UNLRY,UNLRY,0.0,14.36,80,92,41,Consumer Defensive,Household & Personal Products
SECCF,Serco Group plc,0.0,3.75,100,100,26,Industrials,Specialty Business Services
OTTR,Otter Tail Corporation,-3.01,0.88,80,92,54,Utilities,Electric Utilities: Central
RNG,"RingCentral, Inc.",1.14,47.72,100,100,96,Technology,EDP Services
MANU,MANU,-0.04,1.96,100,100,84,Consumer Discretionary,Services-Misc. Amusement & Recreation
BTE,BTE,3.49,3.75,69,93,84,Energy,Oil & Gas Production
SMGSY,SMGSY,0.0,9.79,97,100,17,Communication Services,Internet Content & Information
BFH,"Bread Financial Holdings, Inc.",-0.73,-1.26,100,100,91,Consumer Discretionary,Business Services
TXG,"10x Genomics, Inc.",-1.55,20.81,89,100,98,Industrials,Biotechnology: Laboratory Analytical Instruments
BHFAM,"Brighthouse Financial, Inc.",0.25,-5.3,35,93,18,Finance,Life Insurance
CVBF,CVB Financial Corp.,0.13,2.16,100,100,69,Finance,Major Banks
LEU,Centrus Energy Corp.,-5.87,-4.87,55,66,4,Industrials,Mining & Quarrying of Nonmetallic Minerals (No Fuels)
CMTOY,Cementos Argos S.A.,0.0,29.95,74,90,90,Basic Materials,Building Materials
CWYUF,SmartCentres Real Estate Investment Trust,0.09,-0.56,92,100,56,Real Estate,REIT - Retail
ELRXF,AB Electrolux (publ),0.0,-26.75,3,14,1,Consumer Cyclical,"Furnishings, Fixtures & Appliances"
NHI,NHI,-0.32,2.66,82,100,49,Real Estate,Real Estate Investment Trusts
PEGRF,Pennon Group Plc,0.0,20.21,100,100,30,Utilities,Utilities - Regulated Water
CHCLY,"Citizen Watch Co., Ltd.",0.0,-5.71,36,87,97,Consumer Cyclical,Footwear & Accessories
EUZOF,Eurazeo SE,0.0,0.0,84,100,17,Financial Services,Asset Management
GPGI,"GPGI, Inc.",-8.5,-15.84,0,4,10,Finance,Finance: Consumer Services
CGAU,Centerra Gold Inc.,5.97,7.38,100,100,85,Basic Materials,Precious Metals
FRTAY,freenet AG,0.0,-0.58,84,100,20,Communication Services,Telecom Services
SLG,SL Green Realty Corp.,1.45,3.96,99,100,65,Real Estate,Real Estate Investment Trusts
FUL,H.B. Fuller Company,-2.36,-4.34,67,97,24,Industrials,Home Furnishings
FLNC,"Fluence Energy, Inc.",-5.78,-40.19,0,0,16,Miscellaneous,Industrial Machinery/Components
ZLDPF,Zealand Pharma A/S,3.34,10.48,95,100,12,Healthcare,Biotechnology
EXTR,"Extreme Networks, Inc.",-3.07,-10.19,4,45,95,Telecommunications,Computer Communications Equipment
FIBK,"First Interstate BancSystem, Inc.",-0.89,-2.1,27,100,66,Finance,Major Banks
LIF,"Life360, Inc.",-2.45,-0.13,85,97,28,Technology,EDP Services
PRBZF,Premium Brands Holdings Corporation,0.84,11.48,100,100,44,Consumer Defensive,Packaged Foods
KEEL,Keel Infrastructure Corp.,-14.86,-44.6,0,0,84,Finance,Finance: Consumer Services
AVA,Avista Corporation,-0.91,1.39,91,100,50,Utilities,Power Generation
PIFMY,PT Indofood Sukses Makmur Tbk,2.99,5.75,100,100,20,Consumer Defensive,Packaged Foods
PHPRF,Primary Health Properties Plc,0.0,1.46,90,100,56,Real Estate,REIT - Healthcare Facilities
AMFPY,Amplifon S.p.A.,0.0,-0.68,84,100,5,Healthcare,Medical Distribution
PPTA,Perpetua Resources Corp.,-0.75,-16.86,16,32,7,Basic Materials,Precious Metals
MMED,"MiniMed Group, Inc.",4.31,23.08,100,100,67,Health Care,Medical/Dental Instruments
BKU,"BankUnited, Inc.",-1.77,-4.32,39,87,52,Finance,Savings Institutions
SUNC,SunocoCorp LLC,0.08,12.37,100,100,89,Energy,Integrated oil Companies
CLCGY,Clicks Group Limited,-0.69,-5.55,26,55,6,Healthcare,Pharmaceutical Retailers
SENGF,"SINOPEC Engineering (Group) Co., Ltd.",0.0,0.0,84,100,70,Industrials,Engineering & Construction
ETOR,eToro Group Ltd.,-5.13,-8.72,15,50,23,Finance,Investment Bankers/Brokers/Service
WSBC,"WesBanco, Inc.",-0.26,7.35,100,100,81,Finance,Major Banks
ELF,"e.l.f. Beauty, Inc.",-3.8,9.32,84,91,30,Consumer Discretionary,Package Goods/Cosmetics
XNYIF,Xinyi Solar Holdings Limited,8.23,-5.8,63,93,4,Technology,Solar
BFAM,Bright Horizons Family Solutions Inc.,2.5,16.65,100,100,20,Consumer Discretionary,Other Consumer Services
KGDEY,Kingdee International Software Group Company Limited,10.93,31.86,100,100,7,Technology,Software - Application
GEF,"Greif, Inc.",4.62,17.08,100,100,86,Consumer Cyclical,Packaging & Containers
GNW,"Genworth Financial, Inc.",0.2,6.44,100,100,69,Finance,Life Insurance
CNK,CNK,-0.48,9.96,100,100,83,Consumer Discretionary,Movies/Entertainment
CHFLF,China Feihe Limited,0.0,11.43,97,100,85,Consumer Defensive,Packaged Foods
AVNT,Avient Corporation,-3.28,-2.81,41,87,43,Industrials,Major Chemicals
KREVF,Keppel REIT,0.0,7.69,100,100,31,Real Estate,REIT - Office
TLPPF,Telix Pharmaceuticals Limited,0.0,-8.89,3,26,39,Healthcare,Biotechnology
NSIT,"Insight Enterprises, Inc.",2.1,4.61,100,100,89,Consumer Discretionary,Catalog/Specialty Distribution
SECYF,SECURE Waste Infrastructure Corp.,2.13,8.43,100,100,72,Industrials,Waste Management
KN,Knowles Corporation,-3.76,-16.68,15,48,87,Consumer Staples,Consumer Electronics/Appliances
DYN,"Dyne Therapeutics, Inc.",-3.09,13.01,90,95,94,Health Care,Biotechnology: Pharmaceutical Preparations
CON,"Concentra Group Holdings Parent, Inc.",-3.3,6.25,78,90,91,Health Care,Medical Specialities
PRMRF,Paramount Resources Ltd.,2.55,9.6,88,100,63,Energy,Oil & Gas E&P
BATRA,"Atlanta Braves Holdings, Inc.",-0.45,-2.72,36,100,64,Consumer Discretionary,Services-Misc. Amusement & Recreation
SVYSF,Solvay SA,3.49,1.0,100,100,34,Basic Materials,Chemicals
ALHC,"Alignment Healthcare, Inc.",-0.76,-23.18,3,5,41,Health Care,Medical Specialities
SLVYY,Solvay SA,2.37,2.03,100,100,37,Basic Materials,Chemicals
ISLMF,ISLMF,-0.36,13.91,60,72,8,,
TOWN,TowneBank,0.31,6.95,100,100,62,Finance,Major Banks
VGNT,Versigent PLC,-2.6,2.4,91,96,86,Consumer Cyclical,Auto Parts
CHEF,"The Chefs' Warehouse, Inc.",5.44,9.92,100,100,95,Consumer Discretionary,Food Distributors
KXSCF,Kinaxis Inc.,3.11,12.7,100,100,47,Technology,Software - Application
SFNC,Simmons First National Corporation,-0.09,3.58,100,100,71,Finance,Major Banks
REDLF,REDLF,6.62,7.75,100,100,66,Basic Materials,Gold
SBLK,Star Bulk Carriers Corp.,-2.18,9.69,89,99,85,Consumer Discretionary,Marine Transportation
CTRRF,CT Real Estate Investment Trust,-0.53,3.22,100,100,62,Real Estate,REIT - Retail
CLMT,"Calumet, Inc.",2.22,17.71,91,100,96,Energy,Integrated oil Companies
TGSNF,TGS ASA,0.0,4.34,45,65,78,Energy,Oil & Gas Equipment & Services
HAE,Haemonetics Corporation,3.49,13.89,100,100,88,Health Care,Medical/Dental Instruments
CURB,Curbline Properties Corp.,-3.0,0.99,76,92,74,Finance,Real Estate
HAWK,"HawkEye 360, Inc.",-6.08,-6.03,52,75,2,Technology,EDP Services
HAYW,"Hayward Holdings, Inc.",0.93,-11.9,52,80,31,Industrials,Industrial Machinery/Components
MPT,"Medical Properties Trust, Inc.",-1.66,2.81,93,100,36,Real Estate,Real Estate Investment Trusts
STLJF,Stella-Jones Inc.,0.0,-0.18,100,100,24,Basic Materials,Lumber & Wood Production
FSK,FS KKR Capital Corp.,-2.18,2.38,91,99,16,Finance,Investment Managers
ARCB,ArcBest Corporation,-5.35,-1.43,24,57,91,Industrials,Trucking Freight/Courier Services
BOH,Bank of Hawaii Corporation,-0.56,-2.29,14,69,64,Finance,Major Banks
ATS,ATS Corporation,-1.74,-7.92,27,100,18,Industrials,Industrial Machinery/Components
GPOR,Gulfport Energy Corporation,2.24,-7.58,54,100,14,Energy,Oil & Gas Production
IPAR,"Interparfums, Inc.",-0.5,13.56,100,100,83,Consumer Discretionary,Package Goods/Cosmetics
RHI,Robert Half Inc.,1.62,30.72,90,100,89,Consumer Discretionary,Professional Services
WDOFF,Wesdome Gold Mines Ltd.,0.64,9.37,100,100,66,Basic Materials,Gold
YUEIY,Yue Yuen Industrial (Holdings) Limited,0.11,11.34,100,100,44,Consumer Cyclical,Footwear & Accessories
TATYY,Tate & Lyle plc,0.0,0.2,91,100,90,Consumer Defensive,Packaged Foods
NIC,"Nicolet Bankshares, Inc.",-1.22,3.42,100,100,76,Finance,Major Banks
JTCPF,JTC PLC,0.0,0.87,100,100,57,Financial Services,Asset Management
KLRA,"Kailera Therapeutics, Inc.",0.84,-23.38,6,10,5,Health Care,Biotechnology: Pharmaceutical Preparations
HMNKF,HMS Networks AB (publ),0.0,-18.44,4,20,67,Technology,Communication Equipment
BWLP,BW LPG Limited,1.91,25.42,100,100,91,Consumer Discretionary,Transportation Services
PAY,"Paymentus Holdings, Inc.",7.5,51.9,100,100,79,Consumer Discretionary,Business Services
EXK,Endeavour Silver Corp.,-2.45,-8.7,26,58,20,Basic Materials,Precious Metals
OLN,OLN,3.84,11.96,67,89,26,Industrials,Major Chemicals
AKR,AKR,2.21,8.23,100,100,65,Real Estate,Real Estate Investment Trusts
SDRL,Seadrill Limited,0.8,9.31,53,74,50,Energy,Oil & Gas Production
VOYG,"Voyager Technologies, Inc.",-11.81,-29.86,0,0,7,Industrials,Military/Government/Technical
WSIOF,Wasion Holdings Limited,-31.77,-31.77,0,0,94,Industrials,Electrical Equipment & Parts
VAC,Marriott Vacations Worldwide Corporation,0.21,0.89,100,100,92,Finance,Real Estate
OPMXF,"Operadora de Sites Mexicanos, S.A.B. de C.V.",0.0,5.82,99,100,98,Industrials,Engineering & Construction
GRBK,"Green Brick Partners, Inc.",-2.85,-10.63,31,73,43,Consumer Discretionary,Homebuilding
IMPJY,Webuild S.p.A.,0.0,-4.22,24,91,4,Industrials,Engineering & Construction
BRZE,"Braze, Inc.",6.85,23.7,100,100,50,Technology,Computer Software: Prepackaged Software
LGDDF,Lagardere SA,0.0,0.0,100,100,23,Consumer Cyclical,Specialty Retail
DRTGF,Jet2 plc,0.0,6.27,76,100,61,Consumer Cyclical,Travel Services
TR,"Tootsie Roll Industries, Inc.",1.18,0.05,88,100,39,Consumer Staples,Specialty Foods
VNET,"VNET Group, Inc.",-6.81,-21.77,0,0,5,Technology,Computer Software: Programming Data Processing
ACOPF,The a2 Milk Company Limited,7.45,5.89,100,100,34,Consumer Defensive,Packaged Foods
PHIN,PHINIA Inc.,2.02,-0.29,100,100,83,Consumer Discretionary,Auto Parts:O.E.M.
MGEE,"MGE Energy, Inc.",-2.06,-1.52,53,100,33,Energy,Electric Utilities: Central
IPCFF,International Petroleum Corporation,0.41,-2.19,36,75,48,Energy,Oil & Gas E&P
ZIM,ZIM Integrated Shipping Services Ltd.,2.29,-5.46,69,100,80,Consumer Discretionary,Marine Transportation
JTTRY,"Japan Airport Terminal Co., Ltd.",0.0,15.19,100,100,38,Industrials,Airports & Air Services
ACOPY,The a2 Milk Company Limited,0.0,-4.2,30,72,20,Consumer Defensive,Packaged Foods
VISN,"Vistance Networks, Inc.",-2.28,-9.62,0,82,94,Technology,Radio And Television Broadcasting And Communications Equipment
KD,"Kyndryl Holdings, Inc.",4.94,23.87,100,100,6,Technology,EDP Services
YUEIF,Yue Yuen Industrial (Holdings) Limited,0.0,8.67,100,100,22,Consumer Cyclical,Footwear & Accessories
ATKR,Atkore Inc.,-7.77,-6.06,45,62,30,Miscellaneous,Industrial Machinery/Components
WK,Workiva Inc.,5.02,26.67,100,100,23,Technology,Computer Software: Prepackaged Software
GMRS,GMR Solutions Inc.,-0.54,-16.36,16,37,23,Consumer Discretionary,Transportation Services
IHS,IHS Holding Limited,0.24,0.36,100,100,58,Telecommunications,Telecommunications Equipment
FSLY,"Fastly, Inc.",-0.53,12.69,100,100,96,Technology,Computer Software: Prepackaged Software
TRMD,TORM plc,0.1,14.47,99,100,81,Consumer Discretionary,Marine Transportation
CALY,Callaway Golf Company,-0.05,-2.93,42,88,90,Consumer Discretionary,Recreational Games/Products/Toys
DRMKY,dormakaba Holding AG,-0.38,19.98,100,100,57,Industrials,Building Products & Equipment
BRLXF,Boralex Inc.,0.0,0.12,100,100,66,Utilities,Utilities - Renewable
BICEY,Société BIC SA,-1.04,7.05,100,100,54,Consumer Defensive,Household & Personal Products
SUEZY,Südzucker AG,0.0,0.0,100,100,31,Consumer Defensive,Packaged Foods
FCPT,"Four Corners Property Trust, Inc.",1.31,7.25,100,100,52,Real Estate,Real Estate Investment Trusts
NMIH,"NMI Holdings, Inc.",0.89,7.91,100,100,62,Finance,Property-Casualty Insurers
SRAIF,Stadler Rail AG,0.0,0.0,84,100,67,Industrials,Railroads
TGB,TGB,-2.47,-2.47,27,53,78,Basic Materials,Precious Metals
NVG,Nuveen AMT-Free Municipal Credit Income Fund,-0.48,-2.84,61,100,43,Finance,Investment Managers
CZMWY,Carl Zeiss Meditec AG,5.11,13.19,90,100,23,Healthcare,Medical Instruments & Supplies
HUN,Huntsman Corporation,4.64,12.62,64,84,49,Industrials,Major Chemicals
MLFNF,Maple Leaf Foods Inc.,-0.19,-4.17,60,100,38,Consumer Defensive,Packaged Foods
SUPN,"Supernus Pharmaceuticals, Inc.",-2.43,0.13,32,91,41,Health Care,Biotechnology: Pharmaceutical Preparations
SMTGF,SMA Solar Technology AG,0.0,16.08,58,83,96,Technology,Solar
HTFL,"Heartflow, Inc.",-2.15,-14.66,22,44,10,Health Care,Medical/Dental Instruments
MXCHY,"Orbia Advance Corporation, S.A.B. de C.V.",0.0,7.45,100,100,89,Industrials,Conglomerates
IRON,"Disc Medicine, Inc.",-1.31,0.72,33,87,43,Health Care,Biotechnology: Pharmaceutical Preparations
AEO,AEO,-3.31,2.75,86,92,50,Consumer Discretionary,Clothing/Shoe/Accessory Stores
NDVLY,New World Development Company Limited,0.0,-5.26,45,63,9,Real Estate,Real Estate - Diversified
BRAI,Braiin Limited,-3.45,-8.5,37,51,2,Technology,EDP Services
WAFDP,"WaFd, Inc.",-0.24,2.05,100,100,44,Finance,Major Banks
TMC,TMC the metals company Inc.,-3.9,-22.12,0,0,2,Basic Materials,Metal Mining
FXCNF,FXCNF,0.0,0.0,100,100,90,Technology,Consumer Electronics
VVX,"V2X, Inc.",-4.16,15.76,87,92,89,Consumer Discretionary,Diversified Commercial Services
IDYA,"IDEAYA Biosciences, Inc.",-1.58,-4.51,27,56,75,Health Care,Biotechnology: Pharmaceutical Preparations
IVT,InvenTrust Properties Corp.,-0.67,1.07,86,100,74,Real Estate,Real Estate Investment Trusts
HKUOY,Hakuhodo DY Holdings Inc,0.0,2.69,57,100,45,Communication Services,Advertising Agencies
ZNKKY,"ZENKOKU HOSHO Co.,Ltd.",0.0,7.23,97,100,24,Financial Services,Credit Services
PDIYF,Predictive Discovery Limited,3.3,-3.59,44,60,36,Basic Materials,Gold
LCID,"Lucid Group, Inc.",0.76,18.98,100,100,13,Industrials,Auto Manufacturing
USNZY,Usinas Siderúrgicas de Minas Gerais S.A.,-2.44,-1.84,81,95,87,Basic Materials,Steel
ELUXY,AB Electrolux (publ),20.85,-0.79,100,100,36,Consumer Cyclical,"Furnishings, Fixtures & Appliances"
CUBI,"Customers Bancorp, Inc.",-1.17,-0.56,100,100,51,Finance,Major Banks
WU,The Western Union Company,-2.06,5.06,46,72,30,Consumer Discretionary,Business Services
FRME,First Merchants Corporation,-0.37,-0.98,74,100,60,Finance,Major Banks
CALX,"Calix, Inc.",-4.18,-4.74,14,53,6,Consumer Discretionary,Telecommunications Equipment
IMOS,ChipMOS TECHNOLOGIES INC.,-8.06,-28.96,0,0,94,Technology,Semiconductors
FURCF,Forvia SE,0.0,0.0,100,100,9,Consumer Cyclical,Auto Parts
CSIOY,"Casio Computer Co.,Ltd.",0.0,-15.41,15,42,69,Technology,Consumer Electronics
DGII,Digi International Inc.,-2.22,-12.57,35,76,91,Telecommunications,Computer Communications Equipment
BW,"Babcock & Wilcox Enterprises, Inc.",-10.08,-43.69,0,0,98,Industrials,Building Products
CHRYY,Chorus Limited,0.0,0.36,100,100,46,Communication Services,Telecom Services
SRBEF,Vusion S.A.,0.0,10.66,98,100,11,Technology,Software - Application
KWR,KWR,-3.38,-6.04,43,88,57,Industrials,Major Chemicals
COHU,"Cohu, Inc.",-7.37,-46.77,0,0,87,Industrials,Electrical Products
EKTAF,Elekta AB (publ),0.0,4.17,100,100,21,Healthcare,Medical Devices
PPAAY,PT Perusahaan Gas Negara (Persero) Tbk,0.0,8.97,100,100,14,Utilities,Utilities - Regulated Gas
UAA,"Under Armour, Inc.",-1.12,10.49,76,99,65,Consumer Discretionary,Apparel
IMNM,"Immunome, Inc.",-0.47,9.06,75,100,81,Health Care,Biotechnology: Pharmaceutical Preparations
MRPLY,Mr Price Group Limited,0.0,-0.46,24,83,32,Consumer Cyclical,Apparel Retail
IWGFF,International Workplace Group plc,-0.74,8.72,84,100,23,Real Estate,Real Estate Services
BCC,Boise Cascade Company,-3.36,0.06,84,92,29,Consumer Discretionary,RETAIL: Building Materials
TALO,Talos Energy Inc.,4.24,10.38,63,86,74,Energy,Oil & Gas Production
AEBZY,Anadolu Efes Biracilik ve Malt Sanayii Anonim Sirketi,0.0,-2.56,62,85,55,Consumer Defensive,Beverages - Non-Alcoholic
PK,Park Hotels & Resorts Inc.,0.86,7.51,100,100,90,Consumer Discretionary,Hotels/Resorts
ILKAY,Iluka Resources Limited,9.36,-5.19,64,78,27,Basic Materials,Other Industrial Metals & Mining
CHA,Chagee Holdings Limited,-2.84,-5.91,63,93,14,Consumer Discretionary,Restaurants
OVHFF,OVH Groupe S.A.,0.0,3.94,84,100,91,Technology,Software - Infrastructure
HTO,H2O America,-0.76,4.92,91,100,74,Utilities,Water Supply
BBAI,"BigBear.ai Holdings, Inc.",-6.16,-29.43,0,0,2,Technology,Computer Software: Prepackaged Software
ELVN,"Enliven Therapeutics, Inc.",-1.47,4.37,100,100,97,Health Care,Biotechnology: Pharmaceutical Preparations
NBTB,NBT Bancorp Inc.,1.16,9.9,100,100,81,Finance,Major Banks
HNWAF,"Hanwa Co., Ltd.",0.0,-6.36,41,85,1,Industrials,Conglomerates
NSHBY,Nisshinbo Holdings Inc.,0.0,0.0,100,100,95,Industrials,Conglomerates
ALSSF,"Alsea, S.A.B. de C.V.",0.0,-5.49,51,88,12,Consumer Cyclical,Restaurants
NGVT,Ingevity Corporation,-5.2,-5.42,18,67,64,Industrials,Major Chemicals
AKRTF,Aker Solutions ASA,0.0,-0.63,61,100,86,Energy,Oil & Gas Equipment & Services
ATUSF,Altius Minerals Corporation,3.84,-5.74,55,89,90,Basic Materials,Other Industrial Metals & Mining
PRRFY,Premier Foods plc,0.0,-11.66,12,42,35,Consumer Defensive,Packaged Foods
DNOW,DNOW Inc.,-3.61,2.85,53,74,25,Consumer Discretionary,Oil and Gas Field Machinery
RNW,ReNew Energy Global Plc,-1.64,-4.16,51,100,37,Utilities,Electric Utilities: Central
ZZHGY,"ZhongAn Online P & C Insurance Co., Ltd.",-14.93,-14.93,0,0,2,Financial Services,Insurance - Property & Casualty
BUSEP,First Busey Corporation,-0.31,0.39,100,100,37,Finance,Major Banks
AVPT,"AvePoint, Inc.",0.85,16.15,100,100,45,Technology,Computer Software: Prepackaged Software
JBFCY,Jollibee Foods Corporation,0.66,1.66,25,82,6,Consumer Cyclical,Restaurants
MH,"McGraw Hill, Inc.",2.0,18.27,100,100,13,Consumer Discretionary,Publishing
KOD,Kodiak Sciences Inc.,-0.69,2.7,67,90,97,Health Care,Biotechnology: Biological Products (No Diagnostic Substances)
HE,"Hawaiian Electric Industries, Inc.",-0.76,-3.33,26,100,32,Utilities,Electric Utilities: Central
SWONF,SoftwareOne Holding AG,0.0,7.53,96,100,62,Technology,Software - Application
DRVN,Driven Brands Holdings Inc.,0.0,7.39,96,100,43,Consumer Discretionary,Automotive Aftermarket
DRD,DRD,-2.56,-5.35,40,89,16,Basic Materials,Precious Metals
IMYSY,Imerys S.A.,3.6,9.98,100,100,28,Basic Materials,Specialty Chemicals
RAMP,"LiveRamp Holdings, Inc.",-0.03,0.27,100,100,82,Technology,EDP Services
DRH,DiamondRock Hospitality Company,0.54,7.88,100,100,91,Real Estate,Real Estate Investment Trusts
AKRYY,Aker Solutions ASA,0.0,-5.79,26,100,94,Energy,Oil & Gas Equipment & Services
HNI,HNI Corporation,-2.99,5.86,89,94,37,Consumer Discretionary,Office Equipment/Supplies/Services
PCT,"PureCycle Technologies, Inc.",-4.05,-27.0,7,16,3,Industrials,Major Chemicals
MNR,MNR,0.75,5.78,100,100,57,Energy,Oil & Gas Production
ALZCF,AlzChem Group AG,0.0,7.7,96,100,46,Basic Materials,Specialty Chemicals
CRPHY,Ceres Power Holdings plc,-1.15,-40.41,1,2,59,Industrials,Electrical Equipment & Parts
NMZ,Nuveen Municipal High Income Opportunity Fund,0.1,-2.7,90,100,43,Finance,Finance/Investors Services
EFSCP,Enterprise Financial Services Corp,-0.6,2.36,74,100,40,Finance,Major Banks
CCU,CCU,-2.69,3.48,87,96,29,Consumer Staples,Beverages (Production/Distribution)
EKTAY,Elekta AB (publ),0.6,-1.38,63,98,19,Healthcare,Medical Devices
SPKKY,Spark New Zealand Limited,1.58,9.04,100,100,20,Communication Services,Telecom Services
CDGLY,ComfortDelGro Corporation Limited,0.0,-6.45,38,66,24,Industrials,Railroads
ODFJF,ODFJF,0.0,2.87,95,100,90,Energy,Oil & Gas Drilling
IMAX,IMAX Corporation,2.9,22.08,100,100,91,Consumer Discretionary,Industrial Machinery/Components
NGCRF,NagaCorp Ltd.,0.0,-6.52,55,89,10,Consumer Cyclical,Resorts & Casinos
MBIN,Merchants Bancorp,11.3,8.56,100,100,88,Finance,Major Banks
MBINN,Merchants Bancorp,0.45,3.06,100,100,42,Finance,Major Banks
MLCO,Melco Resorts & Entertainment Limited,0.89,7.97,100,100,15,Consumer Discretionary,Hotels/Resorts
DRDGF,DRDGOLD Limited,0.0,-17.93,11,38,15,Basic Materials,Gold
WLYB,"John Wiley & Sons, Inc.",0.0,11.07,90,100,88,Consumer Discretionary,Books
PLUS,ePlus inc.,0.55,11.87,100,100,72,Technology,Retail: Computer Software & Peripheral Equipment
WS,"Worthington Steel, Inc.",-6.4,6.28,71,79,41,Industrials,Steel/Iron Ore
RPBPF,RPBPF,2.39,-21.71,10,14,92,Technology,Electronic Components
GMOYF,"GMO internet group, Inc.",0.0,26.42,100,100,54,Communication Services,Telecom Services
ACHC,"Acadia Healthcare Company, Inc.",-16.34,-7.38,0,0,80,Health Care,Medical Specialities
ABBRF,AbraSilver Resource Corp.,-4.43,-3.5,41,58,91,Basic Materials,Other Precious Metals & Mining
ARR,"ARMOUR Residential REIT, Inc.",-0.3,-4.91,54,100,43,Real Estate,Real Estate Investment Trusts
SYBT,"Stock Yards Bancorp, Inc.",3.06,15.12,100,100,76,Finance,Major Banks
ATHM,Autohome Inc.,-1.17,23.77,100,100,50,Technology,EDP Services
OKCTF,Okinawa Cellular Telephone Company,0.0,0.0,84,100,1,Communication Services,Telecom Services
XRAY,DENTSPLY SIRONA Inc.,5.26,33.84,100,100,57,Health Care,Medical/Dental Instruments
CLBK,"Columbia Financial, Inc.",-0.73,13.11,98,100,90,Finance,Savings Institutions
AESI,Atlas Energy Solutions Inc.,-7.29,-38.71,0,0,9,Industrials,Mining & Quarrying of Nonmetallic Minerals (No Fuels)
SPSC,"SPS Commerce, Inc.",1.31,21.39,100,100,18,Technology,Computer Software: Prepackaged Software
GEBHF,Genting Berhad,0.0,4.08,100,100,9,Consumer Cyclical,Resorts & Casinos
MKMLF,"Makino Milling Machine Co., Ltd.",0.0,-7.76,19,65,1,Industrials,Specialty Industrial Machinery
SLDE,"Slide Insurance Holdings, Inc.",3.46,14.3,100,100,78,Finance,Property-Casualty Insurers
LC,LC,-2.22,-3.64,69,98,29,Finance,Finance: Consumer Services
IOSP,Innospec Inc.,-1.11,4.37,100,100,56,Industrials,Major Chemicals
MHD,MHD,0.35,-2.54,76,100,41,Finance,Investment Bankers/Brokers/Service
PRDO,Perdoceo Education Corporation,5.21,7.97,85,100,50,Real Estate,Other Consumer Services
PTKFY,PT Kalbe Farma Tbk.,0.0,-13.77,17,36,3,Healthcare,Drug Manufacturers - General
FORTY,Formula Systems (1985) Ltd.,-5.17,5.97,52,75,16,Technology,EDP Services
LCSHF,Lancashire Holdings Limited,0.0,3.57,69,100,52,Financial Services,Insurance - Specialty
TRVI,"Trevi Therapeutics, Inc.",-1.84,-3.0,68,97,94,Health Care,Biotechnology: Pharmaceutical Preparations
OMCL,"Omnicell, Inc.",-3.83,-0.29,32,55,52,Technology,Computer Manufacturing
TAVHF,TAV Havalimanlari Holding A.S.,0.0,48.33,99,100,76,Industrials,Airports & Air Services
BHC,Bausch Health Companies Inc.,3.54,-5.07,71,100,10,Health Care,Biotechnology: Pharmaceutical Preparations
CMGMY,Chemring Group PLC,2.0,21.35,99,100,53,Industrials,Aerospace & Defense
HRUFF,H&R Real Estate Investment Trust,10.53,1.55,100,100,35,Real Estate,REIT - Diversified
GNL,"Global Net Lease, Inc.",0.57,1.34,51,100,55,Real Estate,Real Estate Investment Trusts
FLYW,Flywire Corporation,0.0,-5.75,33,55,79,Consumer Discretionary,Business Services
NMM,Navios Maritime Partners L.P.,-1.55,11.33,99,100,89,Consumer Discretionary,Marine Transportation
OCUL,"Ocular Therapeutix, Inc.",-1.07,-14.87,2,19,11,Health Care,Biotechnology: Pharmaceutical Preparations
SESMF,SUSS MicroTec SE,0.0,-11.33,45,82,93,Technology,Semiconductor Equipment & Materials
NTLA,"Intellia Therapeutics, Inc.",-0.83,-36.17,4,8,7,Health Care,Biotechnology: In Vitro & In Vivo Diagnostic Substances
UHOIF,Ushio Inc.,-14.53,-14.53,0,0,93,Industrials,Specialty Industrial Machinery
BLX,Bladex Inc.,-4.71,-6.87,37,74,75,Finance,Commercial Banks
NEOG,Neogen Corporation,2.29,4.56,34,71,76,Health Care,Biotechnology: In Vitro & In Vivo Diagnostic Substances
PDFS,"PDF Solutions, Inc.",-7.67,-41.84,0,0,81,Technology,Computer Software: Prepackaged Software
ALKT,"Alkami Technology, Inc.",0.88,1.16,88,100,21,Technology,Computer Software: Prepackaged Software
SION,"Sionna Therapeutics, Inc.",-3.74,1.86,53,75,85,Health Care,Biotechnology: Pharmaceutical Preparations
STOK,"Stoke Therapeutics, Inc.",0.31,-9.9,45,71,71,Health Care,Biotechnology: Pharmaceutical Preparations
PFFVF,Pfeiffer Vacuum Technology AG,0.0,-0.93,63,100,33,Industrials,Specialty Industrial Machinery
SKYT,"SkyWater Technology, Inc.",-1.92,-12.18,12,57,92,Technology,Semiconductors
JPEVF,JPEVF,0.0,0.0,84,100,1,Industrials,Specialty Business Services
PLAB,"Photronics, Inc.",-4.15,-14.11,29,58,19,Technology,Semiconductors
BLDP,Ballard Power Systems Inc.,-6.72,-35.73,0,0,21,Energy,Industrial Machinery/Components
RAPP,"Rapport Therapeutics, Inc.",-2.43,-1.75,80,97,93,Health Care,Biotechnology: Pharmaceutical Preparations
AGM,Federal Agricultural Mortgage Corporation,0.48,7.23,100,100,80,Finance,Finance Companies
ABCL,AbCellera Biologics Inc.,1.89,-31.34,8,12,72,Health Care,Biotechnology: Pharmaceutical Preparations
PDO,Pimco Dynamic Income Opportunities Fund,0.39,-1.09,100,100,38,Finance,Trusts Except Educational Religious and Charitable
FBYD,"Falcon's Beyond Global, Inc.",-2.19,-42.69,0,5,37,Consumer Discretionary,Services-Misc. Amusement & Recreation
TY,Tri-Continental Corporation,-1.0,0.64,100,100,49,Finance,Finance Companies
LGYRF,Landis+Gyr Group AG,0.0,-6.63,28,96,12,Industrials,Electrical Equipment & Parts
PUMP,ProPetro Holding Corp.,-4.22,-28.8,0,0,51,Energy,Oilfield Services/Equipment
SGML,Sigma Lithium Corporation,-1.26,-25.93,1,3,22,Basic Materials,Metal Mining
FIVN,"Five9, Inc.",0.17,27.42,100,100,87,Technology,EDP Services
CMRE,Costamare Inc.,-0.58,10.34,91,100,67,Consumer Discretionary,Marine Transportation
GUYGF,G2 Goldfields Inc.,-3.03,-1.28,63,85,95,Basic Materials,Gold
ADMA,"ADMA Biologics, Inc.",-0.91,4.06,66,100,4,Health Care,Biotechnology: Biological Products (No Diagnostic Substances)
QFIN,"Qfin Holdings, Inc.",0.95,-12.97,45,68,11,Finance,Finance: Consumer Services
KNCAF,"Konica Minolta, Inc.",0.0,0.0,100,100,54,Industrials,Business Equipment & Supplies
BLRDF,Billerud AB (publ),0.0,13.96,97,100,52,Basic Materials,Paper & Paper Products
AIN,Albany International Corp.,-3.23,-0.95,74,89,79,Consumer Discretionary,Textiles
CTS,CTS Corporation,-5.08,-5.61,64,77,81,Technology,Electrical Products
GDNGY,PT Gudang Garam Tbk,0.0,15.57,100,100,87,Consumer Defensive,Tobacco
HRMY,"Harmony Biosciences Holdings, Inc.",0.25,-1.51,69,100,53,Health Care,Biotechnology: Pharmaceutical Preparations
ASAN,"Asana, Inc.",3.91,21.57,100,100,23,Technology,Computer Software: Prepackaged Software
DETRF,Deterra Royalties Limited,-4.83,-9.64,54,78,45,Basic Materials,Other Industrial Metals & Mining
SFRGY,Salvatore Ferragamo S.p.A.,0.87,-9.05,47,83,91,Consumer Cyclical,Luxury Goods
ECO,Okeanis Eco Tankers Corp.,-0.05,16.36,100,100,94,Consumer Discretionary,Marine Transportation
TIC,"TIC Solutions, Inc.",-0.69,-11.12,50,74,6,Consumer Discretionary,Business Services
PRLB,"Proto Labs, Inc.",-4.71,-12.46,0,45,85,Industrials,Metal Fabrications
BKSY,BlackSky Technology Inc.,-6.1,-26.18,0,8,12,Technology,Radio And Television Broadcasting And Communications Equipment
ADNT,Adient plc,-0.19,17.41,100,100,31,Consumer Discretionary,Auto Parts:O.E.M.
TBNGY,PT Bukit Asam (Persero) Tbk,0.0,7.04,100,100,32,Energy,Thermal Coal
ANIP,"ANI Pharmaceuticals, Inc.",0.91,-1.21,71,100,44,Health Care,Biotechnology: Pharmaceutical Preparations
CBZ,CBZ,17.56,71.13,100,100,83,Consumer Discretionary,Business Services
INTA,"Intapp, Inc.",3.5,25.62,100,100,44,Technology,Computer Software: Prepackaged Software
NNWWF,The North West Company Inc.,0.0,4.1,87,100,43,Consumer Defensive,Grocery Stores
SREMF,Sunrise Energy Metals Limited,-0.78,-13.0,5,23,98,Industrials,Pollution & Treatment Controls
BEPTF,Beach Energy Limited,2.1,5.5,100,100,9,Energy,Oil & Gas E&P
CMPS,COMPASS Pathways plc,0.46,-22.97,7,11,95,Health Care,Biotechnology: Pharmaceutical Preparations
WIPKF,Winpak Ltd.,-2.01,7.72,97,100,46,Consumer Cyclical,Packaging & Containers
CHCO,City Holding Company,0.21,10.19,100,100,70,Finance,Major Banks
AGIO,"Agios Pharmaceuticals, Inc.",-2.72,-5.66,0,16,66,Health Care,Biotechnology: Pharmaceutical Preparations
FSHYF,Shougang Fushan Resources Group Limited,0.0,23.54,98,100,61,Basic Materials,Coking Coal
HURN,Huron Consulting Group Inc.,40.37,88.96,100,100,72,Consumer Discretionary,Professional Services
ETV,Eaton Vance Tax-Managed Buy-Write Opportunities Fund,-2.13,-3.81,0,98,44,Finance,Investment Bankers/Brokers/Service
CASH,"Pathward Financial, Inc.",0.26,2.08,83,100,51,Finance,Major Banks
CAPR,"Capricor Therapeutics, Inc.",0.0,-72.72,1,1,2,Health Care,Biotechnology: Pharmaceutical Preparations
NKRKF,Nokian Renkaat Oyj,0.0,29.65,100,100,96,Consumer Cyclical,Auto Parts
BL,"BlackLine, Inc.",1.5,15.53,100,100,9,Technology,Computer Software: Prepackaged Software
WD,"Walker & Dunlop, Inc.",-0.92,-7.66,57,98,12,Finance,Finance: Consumer Services
USA,Liberty All-Star Equity Fund,-0.69,2.04,100,100,36,Finance,Finance Companies
MGPPF,Megaport Limited,0.0,-8.5,0,33,94,Technology,Software - Infrastructure
APPN,Appian Corporation,5.08,25.5,100,100,53,Technology,Computer Software: Prepackaged Software
SOIEF,Stolt-Nielsen Limited,0.0,0.79,76,98,39,Industrials,Marine Shipping
FMC,FMC Corporation,-8.5,-12.96,0,12,2,Industrials,Major Chemicals
SLSR,Solaris Resources Inc.,-1.74,-12.41,29,54,31,Basic Materials,Other Precious Metals & Mining
AMBQ,AMBQ,-5.07,-35.15,0,0,95,Technology,Semiconductors
EFC,Ellington Financial Inc.,-0.66,-1.1,100,100,52,Finance,Real Estate
CRRSF,CRRSF,-0.05,20.82,100,100,82,,
CMOPF,Cosmo N.V.,0.32,-6.74,31,58,9,Healthcare,Drug Manufacturers - General
DALXF,Spartan Delta Corp.,0.0,-2.38,7,24,88,Energy,Oil & Gas E&P
XPRO,Expro Ltd,-5.12,-0.95,38,63,45,Energy,Oilfield Services/Equipment
LWLG,"Lightwave Logic, Inc.",-7.12,-43.45,0,0,58,Industrials,Containers/Packaging
SYAXF,Elevra Lithium Limited,1.8,-19.94,10,15,77,Basic Materials,Other Industrial Metals & Mining
IIPR,"Innovative Industrial Properties, Inc.",1.06,-1.24,43,97,77,Finance,Real Estate
XFABF,X-FAB Silicon Foundries SE,0.0,-22.22,6,10,26,Technology,Semiconductors
WBTN,WEBTOON Entertainment Inc.,-2.59,-21.02,5,14,6,Consumer Discretionary,Publishing
LMPMY,Lee & Man Paper Manufacturing Limited,0.0,34.48,95,100,90,Basic Materials,Paper & Paper Products
AIP,"Arteris, Inc.",-6.91,-44.52,0,0,95,Technology,Semiconductors
HCTPF,Hutchison Port Holdings Trust,0.0,0.0,100,100,18,Industrials,Marine Shipping
GEAHF,Great Eagle Holdings Limited,0.0,0.45,100,100,55,Real Estate,Real Estate - Diversified
BOEUF,Bonesupport Holding AB (publ),0.0,-4.28,19,76,9,Healthcare,Medical Instruments & Supplies
IMKTA,"Ingles Markets, Incorporated",0.88,2.65,100,100,71,Consumer Staples,Food Chains
GABC,"German American Bancorp, Inc.",0.57,8.11,100,100,78,Finance,Major Banks
TSLX,"Sixth Street Specialty Lending, Inc.",-0.34,2.62,100,100,18,Finance,Investment Managers
STMRF,Stanmore Resources Limited,0.0,16.48,98,100,78,Basic Materials,Coking Coal
DXC,DXC Technology Company,8.28,32.99,100,100,21,Technology,EDP Services
TNIEF,tonies SE,0.0,-9.1,15,52,84,Consumer Cyclical,Leisure
KSS,Kohl's Corporation,-0.16,7.56,100,100,81,Consumer Discretionary,Department/Specialty Retail Stores
VIR,"Vir Biotechnology, Inc.",-2.37,-15.21,4,18,67,Health Care,Biotechnology: Biological Products (No Diagnostic Substances)
XHR,"Xenia Hotels & Resorts, Inc.",0.0,7.17,100,100,92,Consumer Discretionary,Hotels/Resorts
AMLX,"Amylyx Pharmaceuticals, Inc.",0.92,9.86,100,100,92,Health Care,Biotechnology: Pharmaceutical Preparations
RHUHF,Richelieu Hardware Ltd.,0.0,-10.07,24,56,19,Industrials,Tools & Accessories
INVA,"Innoviva, Inc.",-0.78,-4.71,70,100,49,Health Care,Biotechnology: Pharmaceutical Preparations
VRNO,Verano Holdings Corp.,1.58,-21.29,15,25,25,Healthcare,Drug Manufacturers - Specialty & Generic
FSUN,FirstSun Capital Bancorp,-0.64,0.8,100,100,38,Finance,Major Banks
BFC,Bank First Corporation,0.36,2.31,100,100,57,Finance,Major Banks
PGEN,"Precigen, Inc.",-1.45,-4.39,90,100,95,Health Care,Biotechnology: Pharmaceutical Preparations
IMTX,Immatics N.V.,2.92,-11.25,32,52,25,Health Care,Biotechnology: Biological Products (No Diagnostic Substances)
BORR,Borr Drilling Limited,-1.28,-6.78,2,7,39,Energy,Oil & Gas Production
OGCP,"Empire State Realty OP, L.P.",0.18,-9.67,93,100,17,Real Estate,REIT - Office
LZB,La-Z-Boy Incorporated,-0.9,2.02,100,100,65,Consumer Discretionary,Home Furnishings
IMDXF,Imdex Limited,0.0,-11.11,13,38,46,Industrials,Farm & Heavy Construction Machinery
DMRA,"Damora Therapeutics, Inc.",-3.7,8.92,31,54,98,Health Care,Biotechnology: Pharmaceutical Preparations
LWSCF,Sienna Senior Living Inc.,0.61,6.42,99,100,58,Healthcare,Medical Care Facilities
JPDYY,Japan Display Inc.,0.0,0.0,100,100,97,Technology,Electronic Components
LNDAF,"Línea Directa Aseguradora, S.A., Compañía de Seguros y Reaseguros",0.0,1.2,84,100,33,Financial Services,Insurance - Property & Casualty
CCS,"Century Communities, Inc.",-2.36,-2.92,93,98,66,Consumer Discretionary,Homebuilding
NHNKY,Nihon Kohden Corporation,2.23,14.94,100,100,25,Healthcare,Medical Devices
TRINZ,Trinity Capital Inc. 7.875% Notes due 2029,-0.36,0.4,100,100,43,Finance,Finance: Consumer Services
SNIRF,Senior plc,0.0,1.44,64,100,83,Industrials,Aerospace & Defense
CNOB,"ConnectOne Bancorp, Inc.",-0.94,-1.94,85,100,75,Finance,Major Banks
WACLY,Wacoal Holdings Corp.,-2.22,1.77,52,98,16,Consumer Cyclical,Apparel Manufacturing
NNE,NANO Nuclear Energy Inc.,-7.35,-29.61,0,0,2,Utilities,Electric Utilities: Central
ACKAY,Arçelik Anonim Sirketi,4.32,-11.18,53,77,12,Consumer Cyclical,"Furnishings, Fixtures & Appliances"
MBX,"MBX Biosciences, Inc.",6.49,15.87,100,100,98,Health Care,Biotechnology: Pharmaceutical Preparations
ALKEF,Alkane Resources Ltd,2.17,-3.09,46,100,67,Basic Materials,Gold
CBL,CBL,-1.22,11.73,100,100,96,Real Estate,Real Estate Investment Trusts
RYZ,Ryerson Holding Corporation,-7.22,16.98,76,82,65,Industrials,Metal Fabrications
BTT,Blackrock Municipal 2030 Target Term Trust,0.58,-0.33,100,100,39,Finance,Investment Managers
KARO,Karooooo Ltd.,0.78,33.67,100,100,86,Technology,Computer Software: Prepackaged Software
MAN,ManpowerGroup Inc.,0.83,65.41,100,100,95,Consumer Discretionary,Professional Services
EBRCZ,EBRCZ,0.0,-34.43,0,2,1,Healthcare,Medical Devices
WEN,The Wendy's Company,-0.26,-7.72,41,64,34,Consumer Discretionary,Restaurants
GBX,"The Greenbrier Companies, Inc.",-2.08,4.23,90,100,51,Industrials,Railroads
FTRE,Fortrea Holdings Inc.,-1.45,17.24,100,100,97,Health Care,Medical Specialities
KMPB,KMPB,-0.06,4.89,100,100,51,Finance,Property-Casualty Insurers
CRLFF,Cardinal Energy Ltd.,4.46,6.25,97,100,77,Energy,Oil & Gas E&P
FUGRF,Fugro N.V.,0.0,0.0,84,100,61,Energy,Oil & Gas Equipment & Services
CSWC,Capital Southwest Corporation,-0.88,0.14,79,100,56,Consumer Discretionary,Textiles
WZZZY,Wizz Air Holdings Plc,0.0,-9.55,9,47,40,Industrials,Airlines
PLTK,Playtika Holding Corp.,1.26,8.33,100,100,55,Technology,EDP Services
BCAX,Bicara Therapeutics Inc.,-3.68,-12.8,0,3,92,Health Care,Biotechnology: Pharmaceutical Preparations
CRI,"Carter's, Inc.",-1.93,-5.98,54,100,70,Consumer Discretionary,Apparel
ALMR,"Alamar Biosciences, Inc.",-1.38,-10.04,22,51,43,Industrials,Biotechnology: Laboratory Analytical Instruments
HCSG,"Healthcare Services Group, Inc.",-1.35,-4.6,47,75,82,Health Care,Hospital/Nursing Management
AVBP,"ArriVent BioPharma, Inc.",0.2,-13.53,39,63,80,Health Care,Biotechnology: Pharmaceutical Preparations
TRRSF,Trisura Group Ltd.,2.37,0.03,94,100,37,Financial Services,Insurance - Specialty
BORAY,"Bora Pharmaceuticals Co., Ltd.",0.0,0.0,84,100,36,,
BAK,Braskem S.A.,-4.64,-7.38,0,31,5,Industrials,Major Chemicals
FOR,Forestar Group Inc.,-1.26,-8.47,63,100,55,Finance,Real Estate
ARRY,"Array Technologies, Inc.",-5.69,-35.09,0,0,3,Consumer Discretionary,Miscellaneous manufacturing industries
HBNB,Hotel101 Global Holdings Corp.,-3.48,6.63,54,74,55,Consumer Discretionary,Hotels/Resorts
IDT,IDT,-1.15,15.37,100,100,82,Telecommunications,Telecommunications Equipment
SVV,"Savers Value Village, Inc.",-2.93,-1.39,88,94,35,Consumer Discretionary,Other Specialty Stores
NRP,Natural Resource Partners L.P.,-0.49,2.03,100,100,21,Energy,Coal Mining
WBI,WaterBridge Infrastructure LLC,1.56,-5.31,38,70,83,Energy,Oilfield Services/Equipment
TDOC,"Teladoc Health, Inc.",-1.92,8.25,67,100,85,Health Care,Medical/Nursing Services
OLPX,Olaplex Holdings Inc,0.0,0.0,60,85,36,Consumer Discretionary,Package Goods/Cosmetics
NBR,Nabors Industries Ltd.,4.79,-5.65,56,87,86,Energy,Oil & Gas Production
CRML,Critical Metals Corp.,-9.36,-49.95,0,0,2,Basic Materials,Metal Mining
SWDHY,Skyworth Group Limited,0.0,-21.51,13,27,88,Technology,Consumer Electronics
AOSL,Alpha and Omega Semiconductor Limited,-3.99,-41.47,0,0,21,Technology,Semiconductors
ATVDY,"Atresmedia Corporación de Medios de Comunicación, S.A.",0.0,11.38,100,100,49,Communication Services,Entertainment
MUC,"BlackRock MuniHoldings California Quality Fund, Inc.",-0.09,-2.43,64,100,42,Finance,Investment Bankers/Brokers/Service
MALJF,Magellan Aerospace Corporation,-1.06,6.47,95,100,95,Industrials,Aerospace & Defense
MYI,"BlackRock MuniYield Quality Fund III, Inc.",0.09,-2.66,75,100,42,Finance,Investment Bankers/Brokers/Service
LIFZF,Labrador Iron Ore Royalty Corporation,3.33,-3.76,67,100,24,Basic Materials,Steel
NSSC,"Napco Security Technologies, Inc.",-2.36,-4.24,55,97,22,Telecommunications,Telecommunications Equipment
NVGS,Navigator Holdings Ltd.,0.64,17.61,100,100,73,Consumer Discretionary,Marine Transportation
CCEC,Capital Clean Energy Carriers Corp.,0.26,6.42,72,93,43,Consumer Discretionary,Marine Transportation
LSPD,Lightspeed Commerce Inc.,2.71,4.96,100,100,39,Technology,Computer Software: Prepackaged Software
COAG,"Hemab Therapeutics Holdings, Inc.",-5.31,21.84,76,81,84,Health Care,Biotechnology: Biological Products (No Diagnostic Substances)
KELTF,Kelt Exploration Ltd.,0.0,10.45,68,89,68,Energy,Oil & Gas E&P
GCT,GigaCloud Technology Inc.,3.3,31.61,100,100,78,Consumer Discretionary,Catalog/Specialty Distribution
CHNFF,CHNFF,0.0,0.0,84,100,94,Consumer Defensive,Beverages - Non-Alcoholic
TUYA,Tuya Inc.,1.8,-3.41,32,54,8,Technology,Computer Software: Prepackaged Software
RDWR,Radware Ltd.,-17.23,-24.34,0,0,19,Consumer Discretionary,Business Services
MSDL,Morgan Stanley Direct Lending Fund,-3.54,-2.65,0,78,27,Financial Services,Asset Management
ENOV,Enovis Corporation,2.51,46.18,100,100,72,Health Care,Industrial Specialties
PBT,Permian Basin Royalty Trust,4.07,16.37,100,100,94,Energy,Oil & Gas Production
ATLC,Atlanticus Holdings Corporation,-0.66,1.84,100,100,94,Finance,Finance: Consumer Services
WABC,Westamerica Bancorporation,-0.26,2.88,92,100,72,Finance,Major Banks
TRIP,"Tripadvisor, Inc.",-2.34,6.35,93,98,55,Technology,Computer Software: Programming Data Processing
GILT,Gilat Satellite Networks Ltd.,-2.79,-21.41,0,8,10,Technology,Radio And Television Broadcasting And Communications Equipment
TWOD,Two Harbors Investment Corp.,0.04,1.94,100,100,34,Real Estate,Real Estate Investment Trusts
UVV,UVV,0.09,6.76,100,100,45,Industrials,Farming/Seeds/Milling
RXT,"Rackspace Technology, Inc.",-0.79,-42.11,1,2,98,Technology,Computer Software: Programming Data Processing
LYPHF,Luye Pharma Group Ltd.,0.0,32.29,62,71,13,Healthcare,Drug Manufacturers - Specialty & Generic
MNSAF,Mineros S.A.,5.16,16.48,100,100,94,Basic Materials,Gold
TV,"Grupo Televisa, S.A.B.",1.44,4.06,100,100,46,Industrials,Broadcasting
UAN,UAN,0.64,9.94,100,100,73,Industrials,Agricultural Chemicals
LUCK,Lucky Strike Entertainment Corporation,0.43,-6.02,30,80,16,Consumer Discretionary,Services-Misc. Amusement & Recreation
SQZZF,Serica Energy plc,0.0,26.76,100,100,86,Energy,Oil & Gas E&P
RMIX,"Suncrete, Inc.",-5.3,-23.92,0,5,86,Industrials,Building Materials
DSL,DoubleLine Income Solutions Fund,-0.56,-2.82,89,100,34,Finance,Trusts Except Educational Religious and Charitable
DFDDF,DFDS A/S,0.0,0.0,84,100,80,Industrials,Marine Shipping
XPEL,"XPEL, Inc.",0.97,-10.56,38,65,48,Industrials,Industrial Specialties
XZO,"Exzeo Group, Inc.",0.06,-2.49,48,71,16,Finance,Property-Casualty Insurers
TMLDF,TMLDF,-5.69,-9.09,1,19,93,,
TUFBY,Thai Union Group Public Company Limited,0.0,-3.66,70,100,46,Consumer Defensive,Packaged Foods
FLTLF,Flow Traders Ltd.,0.29,0.68,97,100,23,Financial Services,Capital Markets
FGROY,FirstGroup plc,0.0,-7.77,55,82,17,Industrials,Railroads
PAHC,Phibro Animal Health Corporation,1.59,17.68,100,100,20,Health Care,Biotechnology: Pharmaceutical Preparations
DSGR,"Distribution Solutions Group, Inc.",-0.26,26.29,100,100,73,Consumer Discretionary,Industrial Specialties
ICFI,"ICF International, Inc.",-0.13,13.96,100,100,47,Consumer Discretionary,Professional Services
ACNDF,CapitaLand India Trust,2.53,2.53,74,100,27,Real Estate,Real Estate Services
MRVI,"Maravai LifeSciences Holdings, Inc.",-3.94,5.61,65,80,97,Health Care,Biotechnology: Pharmaceutical Preparations
VIA,VIA,0.39,13.95,100,100,16,Technology,Computer Software: Prepackaged Software
BCCMY,BAIC Motor Corporation Limited,0.0,0.0,84,100,2,Consumer Cyclical,Auto Manufacturers
AFMJF,Alphamin Resources Corp.,0.0,-2.88,75,100,80,Basic Materials,Other Industrial Metals & Mining
JFR,JFR,-0.26,0.36,100,100,44,Finance,Trusts Except Educational Religious and Charitable
FQVTF,Fevertree Drinks PLC,0.0,0.0,81,100,26,Consumer Defensive,Beverages - Non-Alcoholic
OPFI,OppFi Inc.,-1.35,-4.13,74,100,31,Finance,Finance: Consumer Services
ARYTF,Aryt Industries Ltd.,0.0,-11.28,13,50,1,Industrials,Aerospace & Defense
VULNF,Vulcan Energy Resources Limited,0.0,-15.65,21,40,4,Basic Materials,Other Industrial Metals & Mining
ORZCF,Orezone Gold Corporation,-2.53,-3.75,30,60,75,Basic Materials,Gold
HKEPF,"Hokkaido Electric Power Company, Incorporated",0.0,0.0,84,100,1,Utilities,Utilities - Renewable
SBET,"Sharplink, Inc.",-4.66,27.92,84,89,3,Technology,Computer Software: Prepackaged Software
BRETF,Brazilian Rare Earths Limited,0.0,-27.94,0,10,3,Basic Materials,Other Precious Metals & Mining
EMO,EMO,-0.69,1.35,64,91,61,Finance,Investment Managers
QKIE,QKIE,0.0,4.39,100,100,94,Financial Services,Shell Companies
BMCLF,BAIC Motor Corporation Limited,0.0,0.0,100,100,3,Consumer Cyclical,Auto Manufacturers
PSNL,"Personalis, Inc.",-1.26,-12.46,3,10,95,Health Care,Medical Specialities
INSP,"Inspire Medical Systems, Inc.",-1.73,14.48,84,100,6,Health Care,Medical/Dental Instruments
BVHMY,BVHMY,0.0,-7.67,66,100,2,Consumer Cyclical,Residential Construction
LIFE,Ethos Technologies Inc.,5.53,9.37,100,100,64,Finance,Specialty Insurers
BOMXF,"Bolsa Mexicana de Valores, S.A.B. de C.V.",7.11,13.0,100,100,51,Financial Services,Financial Data & Stock Exchanges
CDNA,"CareDx, Inc.",-0.95,24.25,69,80,97,Health Care,Medical Specialities
FMBH,"First Mid Bancshares, Inc.",-0.11,9.21,100,100,82,Finance,Major Banks
TBNRL,Tamboran Resources Corporation,0.0,0.0,84,100,86,Energy,Oil & Gas E&P
ALGGY,"Alliance Global Group, Inc.",0.3,2.46,100,100,31,Industrials,Conglomerates
GIC,Global Industrial Company,-1.07,7.53,100,100,65,Industrials,Industrial Machinery/Components
REAL,"The RealReal, Inc.",-2.01,-0.85,86,100,65,Consumer Discretionary,Other Specialty Stores
IRMD,IRADIMED CORPORATION,-0.6,-1.36,51,100,74,Health Care,Medical/Dental Instruments
SVC,Service Properties Trust,-3.45,-3.34,0,71,14,Real Estate,Real Estate Investment Trusts
PDS,Precision Drilling Corporation,-6.58,-4.62,0,34,36,Energy,Oil & Gas Production
WZZAF,Wizz Air Holdings Plc,0.0,0.0,100,100,13,Industrials,Airlines
AGBK,AGI Inc,0.56,1.13,96,100,10,Finance,Commercial Banks
HIVE,HIVE Digital Technologies Ltd.,-10.56,-30.22,0,0,23,Finance,Finance: Consumer Services
ACVA,ACV Auctions Inc.,-1.47,12.24,100,100,59,Consumer Discretionary,Business Services
ROCK,"Gibraltar Industries, Inc.",-7.77,-4.43,50,64,16,Industrials,Steel/Iron Ore
MOGLF,Mongolian Mining Corporation,0.0,28.0,90,100,7,Basic Materials,Coking Coal
NSUKF,NSUKF,0.0,0.0,84,100,1,Unknown,Unknown
CHRHF,Chervon Holdings Limited,0.0,37.66,98,100,90,Industrials,Tools & Accessories
EYPT,"EyePoint, Inc.",-0.33,-16.64,5,11,26,Industrials,Biotechnology: Laboratory Analytical Instruments
UFCS,"United Fire Group, Inc.",-0.61,0.0,93,100,93,Finance,Property-Casualty Insurers
LNN,Lindsay Corporation,-2.35,-9.18,39,92,27,Industrials,Industrial Machinery/Components
INDI,"indie Semiconductor, Inc.",-6.23,-32.96,0,0,6,Technology,Semiconductors
LQDT,"Liquidity Services, Inc.",-2.24,-1.71,50,98,82,Consumer Discretionary,Business Services
DQ,Daqo New Energy Corp.,1.01,-10.6,59,100,2,Technology,Semiconductors
PZZA,"Papa John's International, Inc.",-1.32,-16.81,13,37,10,Consumer Discretionary,Restaurants
HFWA,Heritage Financial Corporation,-0.17,0.74,77,100,72,Finance,Banks
HSLV,Highlander Silver Corp.,-2.79,-10.3,20,40,4,Basic Materials,Silver
DEA,"Easterly Government Properties, Inc.",-0.67,0.48,97,100,62,Real Estate,Real Estate Investment Trusts
DLX,Deluxe Corporation,-0.11,13.9,100,100,75,Consumer Discretionary,Publishing
TPLKF,PVA TePla AG,0.0,-19.76,0,4,74,Industrials,Specialty Industrial Machinery
ABR,"Arbor Realty Trust, Inc.",-0.2,-6.27,65,100,3,Real Estate,Real Estate Investment Trusts
MEQYF,Mainstreet Equity Corp.,6.61,7.08,100,100,26,Real Estate,Real Estate Services
AOD,Abrdn Total Dynamic Dividend Fund,-1.35,0.36,76,100,61,Finance,Investment Managers
NMAX,NMAX,-4.14,-7.73,13,30,31,Industrials,Broadcasting
OSBC,"Old Second Bancorp, Inc.",0.28,8.45,100,100,83,Finance,Major Banks
MGAWY,Megaworld Corporation,-0.14,9.37,100,100,31,Real Estate,Real Estate - Development
NAT,Nordic American Tankers Limited,0.31,15.7,100,100,95,Consumer Discretionary,Marine Transportation
EVV,Eaton Vance Limited Duration Income Fund,-0.22,-2.57,61,100,31,Finance,Finance/Investors Services
GLGDF,GoGold Resources Inc.,0.0,-7.59,15,43,46,Basic Materials,Other Precious Metals & Mining
OCFC,OceanFirst Financial Corp.,-1.55,1.02,100,100,52,Finance,Major Banks
AORT,"Artivion, Inc.",2.0,22.61,100,100,8,Health Care,Medical/Dental Instruments
BNGRF,Savencia SA,0.0,0.0,100,100,85,Consumer Defensive,Packaged Foods
SAFE,Safehold Inc.,-1.8,4.14,71,100,57,Real Estate,Real Estate Investment Trusts
OMDA,"Omada Health, Inc.",-4.01,-10.66,0,0,63,Health Care,Medical/Nursing Services
LPTH,"LightPath Technologies, Inc.",-9.45,-42.57,0,0,83,Technology,Semiconductors
THRM,Gentherm Incorporated,1.92,25.74,82,94,81,Consumer Discretionary,Auto Parts:O.E.M.
TGONF,Tetragon Financial Group Limited,0.0,1.28,100,100,18,,
CHY,Calamos Convertible and High Income Fund,-2.64,-9.99,0,0,55,Finance,Investment Managers
UTZ,"Utz Brands, Inc.",-0.14,82.6,100,100,89,Consumer Staples,Packaged Foods
GNK,Genco Shipping & Trading Limited,-0.67,1.78,57,82,85,Consumer Discretionary,Marine Transportation
DEC,Diversified Energy Company,4.4,-5.84,44,79,25,Energy,Oil & Gas Integrated
IVA,Inventiva S.A.,-2.8,19.31,94,97,25,Health Care,Biotechnology: Pharmaceutical Preparations
PDM,PDM,3.01,8.31,100,100,72,Real Estate,Building operators
PGUUF,"Prosegur Cash, S.A.",0.0,0.0,84,100,73,Industrials,Integrated Freight & Logistics
RSTCF,"RS Technologies Co., Ltd.",-4.58,-16.42,0,1,24,Technology,Semiconductors
INNV,InnovAge Holding Corp.,-2.88,-3.21,67,91,97,Health Care,Medical/Nursing Services
WTBFB,W.T.B. Financial Corporation,2.31,8.72,100,100,75,Financial Services,Banks - Regional
MHPSY,MHP SE,0.0,-5.95,46,100,53,Consumer Defensive,Farm Products
PAKTY,PAKTY,0.0,0.36,84,100,95,Consumer Cyclical,Specialty Retail
ARAFF,Arafura Rare Earths Limited,7.69,-17.65,26,34,6,Basic Materials,Other Industrial Metals & Mining
MJDLF,Major Drilling Group International Inc.,-0.7,-6.89,33,100,40,Basic Materials,Other Industrial Metals & Mining
CWAFF,China Water Affairs Group Limited,0.0,0.0,100,100,17,Utilities,Utilities - Regulated Water
YRCCF,Yurtec Corporation,0.0,0.0,84,100,1,Industrials,Engineering & Construction
RNP,"Cohen & Steers REIT and Preferred Income Fund, Inc.",-0.63,2.2,100,100,40,Finance,Investment Managers
JVTSF,Juventus Football Club S.p.A.,0.0,-6.94,40,75,9,Communication Services,Entertainment
GOOG,Alphabet Inc.,0.95,-4.97,49,85,71,Technology,Computer Software: Programming Data Processing
AMZN,Amazon.com Inc,-1.82,-4.9,0,36,24,Consumer Discretionary,Catalog/Specialty Distribution
TSLA,Tesla Inc,-2.97,-29.07,0,0,10,Industrials,Auto Manufacturing
LLY,Eli Lilly and Company,-0.87,0.88,100,100,88,Health Care,Biotechnology: Pharmaceutical Preparations
WMT,Walmart Inc.,0.99,0.85,100,100,37,Consumer Discretionary,Department/Specialty Retail Stores
ORCL,Oracle Corporation,-1.85,-19.38,16,32,3,Technology,Computer Software: Prepackaged Software
V,Visa Inc.,0.58,7.47,100,100,61,Consumer Discretionary,Business Services
JNJ,Johnson & Johnson,-0.45,4.55,100,100,84,Health Care,Biotechnology: Pharmaceutical Preparations
CSCO,"Cisco Systems, Inc.",-2.68,-3.88,56,93,91,Telecommunications,Computer Communications Equipment
CAT,Caterpillar Inc.,-6.91,-26.36,0,0,82,Industrials,Construction/Ag Equipment/Trucks
ARM,Arm Holdings plc,-8.11,-36.57,0,0,87,Technology,Semiconductors
BAC,BAC,-2.48,7.18,87,97,72,Finance,Major Banks
IDCBY,Industrial and Commercial Bank of China Limited,1.06,15.44,100,100,68,Financial Services,Banks - Diversified
UNH,UnitedHealth Group,-1.92,1.19,77,100,83,Health Care,Medical Specialities
RHHVF,Roche Holding AG,-1.84,6.76,97,100,69,Healthcare,Drug Manufacturers - General
MS,Morgan Stanley,-3.99,-2.83,0,56,72,Finance,Investment Bankers/Brokers/Service
HSBC,HSBC Holdings plc,-1.06,7.9,100,100,86,Finance,Savings Institutions
HBCYF,HSBC Holdings plc,0.45,7.91,98,100,84,Financial Services,Banks - Diversified
CTATF,CTATF,1.21,-12.95,34,65,88,,
MRK,MRK,-1.11,1.45,100,100,86,Health Care,Biotechnology: Pharmaceutical Preparations
PCCYF,PetroChina Company Limited,1.6,13.39,100,100,56,Energy,Oil & Gas Integrated
TXN,Texas Instruments Incorporated,-2.08,-8.98,0,9,83,Technology,Semiconductors
DELL,Dell Technologies Inc.,-5.73,-14.19,0,12,98,Technology,Computer Manufacturing
LVMUY,"LVMH Moët Hennessy - Louis Vuitton, Société Européenne",0.1,-2.8,58,98,22,Consumer Cyclical,Luxury Goods
QCOM,QUALCOMM Incorporated,-4.42,-15.75,0,0,37,Technology,Radio And Television Broadcasting And Communications Equipment
GEV,GE Vernova Inc.,-4.57,-23.37,0,0,69,Industrials,Specialty Industrial Machinery
BACHF,Bank of China Limited,0.0,-4.35,84,100,54,Financial Services,Banks - Diversified
TM,Toyota Motor Corporation,3.51,14.5,100,100,30,Industrials,Auto Manufacturing
SIEGY,Siemens Aktiengesellschaft,-0.03,-3.9,82,100,51,Industrials,Specialty Industrial Machinery
WFC,Wells Fargo & Company,-3.45,1.49,33,82,38,Finance,Major Banks
LIN,Linde plc,-0.0,-1.5,44,100,52,Basic Materials,Major Chemicals
RYDAF,Shell plc,0.48,9.98,100,100,60,Energy,Oil & Gas Integrated
BHPLF,BHP Group Limited,0.0,2.74,96,100,83,Basic Materials,Other Industrial Metals & Mining
SAPGF,SAP SE,5.09,22.34,100,100,17,Technology,Software - Application
MBFJF,"Mitsubishi UFJ Financial Group, Inc.",-7.61,-0.63,48,62,74,Financial Services,Banks - Diversified
NVO,NVO,1.22,7.59,100,100,41,Health Care,Biotechnology: Pharmaceutical Preparations
VZ,Verizon Communications Inc.,-2.01,13.43,97,100,64,Telecommunications,Telecommunications Equipment
NONOF,Novo Nordisk A/S,1.04,6.63,100,100,35,Healthcare,Drug Manufacturers - General
STX,Seagate Technology Holdings plc,2.29,-20.78,22,38,98,Technology,Electronic Components
IDEXY,"Industria de Diseño Textil, S.A.",0.99,3.55,100,100,63,Consumer Cyclical,Apparel Retail
TD,The Toronto-Dominion Bank,-2.84,-3.02,29,89,83,Finance,Commercial Banks
CRWD,"CrowdStrike Holdings, Inc.",-1.33,-5.98,6,38,92,Technology,Computer Software: Prepackaged Software
WDC,WDC,-0.32,-27.66,6,23,98,Technology,Electronic Components
BA,The Boeing Company,-3.41,-1.14,51,88,23,Industrials,Aerospace
MRVL,"Marvell Technology, Inc.",-6.34,-45.13,0,0,94,Technology,Semiconductors
SBGSY,Schneider Electric S.E.,-2.15,-10.05,7,82,37,Industrials,Specialty Industrial Machinery
T,AT&T Inc.,-2.92,17.2,93,96,30,Telecommunications,Telecommunications Equipment
ALIZF,Allianz SE,0.84,1.23,76,100,68,Financial Services,Insurance - Diversified
EADSF,Airbus SE,-2.72,4.57,88,95,57,Industrials,Aerospace & Defense
SMERY,SMERY,-3.43,-20.37,0,0,37,Industrials,Specialty Industrial Machinery
DTEGF,Deutsche Telekom AG,-0.83,15.37,92,100,25,Communication Services,Telecom Services
BUD,Anheuser-Busch InBev SA/NV,2.01,3.0,100,100,78,Consumer Staples,Beverages (Production/Distribution)
UNP,Union Pacific Corporation,-0.77,7.42,65,89,75,Industrials,Railroads
TOELF,Tokyo Electron Limited,-5.65,-35.44,0,0,86,Technology,Semiconductor Equipment & Materials
IBDRY,"Iberdrola, S.A.",-0.84,-5.48,52,100,59,Utilities,Utilities - Diversified
RYCEF,Rolls-Royce Holdings plc,-1.39,-3.3,51,100,76,Industrials,Aerospace & Defense
ISRG,"Intuitive Surgical, Inc.",-2.4,-11.21,27,44,6,Health Care,Industrial Specialties
ABT,Abbott Laboratories,0.68,19.87,100,100,39,Health Care,Biotechnology: Pharmaceutical Preparations
SAFRF,Safran SA,-0.62,0.86,89,100,70,Industrials,Aerospace & Defense
HTHIF,"Hitachi, Ltd.",4.74,10.73,100,100,31,Industrials,Conglomerates
CIHKY,"China Merchants Bank Co., Ltd.",0.66,15.8,100,100,42,Financial Services,Banks - Regional
UBS,UBS Group AG,-0.44,4.52,69,100,80,Finance,Major Banks
PIAIF,"Ping An Insurance (Group) Company of China, Ltd.",0.0,3.13,100,100,26,Financial Services,Insurance - Life
SMFG,"Sumitomo Mitsui Financial Group, Inc.",-2.46,5.85,58,84,86,Finance,Commercial Banks
PLD,"Prologis, Inc.",-1.12,7.38,88,100,66,Real Estate,Real Estate Investment Trusts
BTI,British American Tobacco p.l.c.,1.24,3.54,100,100,67,Health Care,Medicinal Chemicals and Botanical Products
SNEJF,Sony Group Corporation,4.79,4.49,100,100,31,Technology,Consumer Electronics
UNCRY,UniCredit S.p.A.,-2.39,1.48,62,97,73,Financial Services,Banks - Regional
HNHPF,"Hon Hai Precision Industry Co., Ltd.",-0.61,-5.87,32,74,51,Technology,Electronic Components
CFRHF,Compagnie Financière Richemont SA,-3.72,1.24,66,87,74,Consumer Cyclical,Luxury Goods
SPGI,S&P Global Inc.,-1.11,8.91,36,81,24,Finance,Finance: Consumer Services
UNLYF,Unilever PLC,-3.68,7.04,81,90,38,Consumer Defensive,Household & Personal Products
LMT,Lockheed Martin Corporation,-2.08,11.73,93,100,66,Industrials,Military/Government/Technical
IVSXF,Investor AB (publ),0.0,-0.92,100,100,60,Financial Services,Asset Management
LOW,LOW,-1.17,-1.58,76,100,19,Consumer Discretionary,RETAIL: Building Materials
EBBNF,Enbridge Inc.,-0.12,1.54,100,100,48,Energy,Oil & Gas Midstream
EBGEF,Enbridge Inc.,1.11,0.59,100,100,46,Energy,Oil & Gas Midstream
HDB,HDFC Bank Limited,1.91,-6.97,35,64,10,Finance,Commercial Banks
IITSF,Intesa Sanpaolo S.p.A.,0.0,6.14,100,100,57,Financial Services,Banks - Regional
ZIJMY,Zijin Mining Group Company Limited,0.28,19.83,100,100,44,Basic Materials,Gold
COF,Capital One Financial Corporation,-1.74,4.03,98,100,39,Finance,Major Banks
MO,MO,0.13,4.13,100,100,73,Health Care,Medicinal Chemicals and Botanical Products
BYDDY,BYD Company Limited,2.95,27.83,100,100,17,Consumer Cyclical,Auto Manufacturers
BMO,Bank of Montreal,-2.96,-0.8,59,89,84,Finance,Commercial Banks
SBUX,Starbucks Corporation,1.01,1.91,81,100,61,Consumer Discretionary,Restaurants
MRAAY,"Murata Manufacturing Co., Ltd.",-12.21,-47.38,0,0,96,Technology,Electronic Components
MFG,"Mizuho Financial Group, Inc.",-2.78,2.4,25,65,84,Finance,Major Banks
MSBHF,Mitsubishi Corporation,5.83,10.77,100,100,74,Industrials,Conglomerates
PWR,"Quanta Services, Inc.",-4.63,-22.06,0,0,59,Industrials,Engineering & Construction
SNY,SNY,-1.52,5.13,100,100,33,Health Care,Biotechnology: Pharmaceutical Preparations
ADBE,Adobe Inc.,5.72,28.49,100,100,20,Technology,Computer Software: Prepackaged Software
GLAXF,GSK plc,-1.81,3.82,83,100,60,Healthcare,Drug Manufacturers - General
CDNS,"Cadence Design Systems, Inc.",-3.47,-11.34,20,48,38,Technology,Computer Software: Prepackaged Software
BN,Brookfield Corporation,-1.6,-2.11,42,100,23,Real Estate,Building operators
GSK,GSK plc,-0.91,1.53,100,100,65,Health Care,Biotechnology: Pharmaceutical Preparations
TT,Trane Technologies plc,-4.94,-9.03,0,40,36,Industrials,Auto Parts:O.E.M.
BNS,BNS,-2.6,0.0,65,94,78,Finance,Major Banks
GMBXF,"Grupo México, S.A.B. de C.V.",-2.47,4.58,90,97,82,Basic Materials,Other Industrial Metals & Mining
DUK,Duke Energy Corporation,-0.12,1.98,100,100,48,Utilities,Power Generation
STOHF,Equinor ASA,0.0,26.58,92,100,87,Energy,Oil & Gas Integrated
CNQ,Canadian Natural Resources Limited,5.11,17.59,100,100,79,Energy,Oil & Gas Production
FCX,FCX,-2.68,-4.38,53,87,68,Basic Materials,Metal Mining
CHDRY,Christian Dior SE,5.0,-4.04,71,100,23,Consumer Cyclical,Luxury Goods
GD,General Dynamics Corporation,-3.11,8.02,82,92,67,Industrials,Marine Transportation
SHECF,"Shin-Etsu Chemical Co., Ltd.",-8.33,-25.44,0,0,25,Basic Materials,Chemicals
RCRRF,"Recruit Holdings Co., Ltd.",2.21,12.17,100,100,93,Communication Services,Internet Content & Information
EQNR,Equinor ASA,7.0,30.41,100,100,90,Energy,Integrated oil Companies
CIXPF,"CaixaBank, S.A.",0.0,0.0,84,100,82,Financial Services,Banks - Regional
PROSY,Prosus N.V.,2.27,3.56,82,100,12,Consumer Cyclical,Internet Retail
RCRUY,"Recruit Holdings Co., Ltd.",3.13,14.6,100,100,93,Communication Services,Internet Content & Information
ATLKY,Atlas Copco AB (publ),-1.91,-1.67,64,90,58,Industrials,Specialty Industrial Machinery
MCK,McKesson Corporation,-0.11,17.6,100,100,59,Health Care,Other Pharmaceuticals
WEBNF,Westpac Banking Corporation,-0.67,6.0,80,94,43,Financial Services,Banks - Diversified
PNC,"The PNC Financial Services Group, Inc.",-1.24,1.73,100,100,74,Finance,Major Banks
MGCOF,MGCOF,5.44,28.25,100,100,85,,
DDOG,"Datadog, Inc.",5.31,1.47,100,100,96,Technology,Computer Software: Prepackaged Software
TKOMF,"Tokio Marine Holdings, Inc.",0.1,19.29,100,100,75,Financial Services,Insurance - Property & Casualty
BKFCF,"Bank of Communications Co., Ltd.",0.0,0.0,100,100,45,Financial Services,Banks - Diversified
MIELY,Mitsubishi Electric Corporation,-3.6,-14.05,0,0,40,Industrials,Electrical Equipment & Parts
MELI,"MercadoLibre, Inc.",0.04,9.78,100,100,21,Consumer Discretionary,Business Services
ASX,"ASE Technology Holding Co., Ltd.",-8.28,-30.33,0,0,96,Technology,Semiconductors
TKOMY,"Tokio Marine Holdings, Inc.",0.69,15.1,100,100,77,Financial Services,Insurance - Property & Casualty
HCA,"HCA Healthcare, Inc.",-2.39,4.69,92,98,30,Health Care,Hospital/Nursing Management
BCS,Barclays PLC,-3.45,-3.02,0,41,69,Finance,Commercial Banks
NOKBF,Nokia Oyj,-4.92,-35.28,0,0,75,Technology,Communication Equipment
CIEN,Ciena Corporation,-5.75,-32.65,0,0,94,Utilities,Telecommunications Equipment
SLB,SLB N.V.,-2.04,5.31,64,82,57,Energy,Oilfield Services/Equipment
NOK,Nokia Oyj,-5.82,-36.67,0,0,73,Technology,Radio And Television Broadcasting And Communications Equipment
NPPXF,"NTT, Inc.",1.06,7.95,100,100,31,Communication Services,Telecom Services
VCISF,Vinci SA,0.0,-10.38,43,100,25,Industrials,Engineering & Construction
MHVIY,MHVIY,-2.2,-0.13,8,66,1,Industrials,Specialty Industrial Machinery
NOC,Northrop Grumman Corporation,-2.58,5.05,86,95,20,Industrials,Industrial Machinery/Components
MHVYF,"Mitsubishi Heavy Industries, Ltd.",-1.85,4.97,66,100,14,Industrials,Specialty Industrial Machinery
BAESY,BAE Systems plc,0.07,9.98,100,100,41,Industrials,Aerospace & Defense
CP,Canadian Pacific Kansas City Limited,-0.45,5.35,91,100,66,Industrials,Railroads
ENGIY,Engie SA,-0.9,-5.77,10,65,61,Utilities,Utilities - Diversified
NTES,"NetEase, Inc.",1.78,1.15,83,100,45,Technology,Computer Software: Prepackaged Software
E,Eni S.p.A.,7.13,14.83,100,100,81,Energy,Oil & Gas Production
EIPAF,Eni S.p.A.,3.03,12.34,81,95,78,Energy,Oil & Gas Integrated
GM,GM,-1.0,15.98,100,100,78,Industrials,Auto Manufacturing
HLT,Hilton Worldwide Holdings Inc.,-0.22,-2.64,41,100,54,Consumer Discretionary,Hotels/Resorts
CI,The Cigna Group,-1.52,7.54,100,100,45,Health Care,Medical Specialities
MPC,Marathon Petroleum Corporation,0.87,20.75,94,100,93,Energy,Integrated oil Companies
ECL,Ecolab Inc.,0.28,1.83,100,100,45,Consumer Discretionary,Package Goods/Cosmetics
BSX,Boston Scientific Corporation,-0.04,7.87,100,100,3,Health Care,Medical/Dental Instruments
ITW,Illinois Tool Works Inc.,-0.92,8.13,100,100,63,Industrials,Industrial Machinery/Components
COHR,Coherent Corp.,-8.75,-43.71,0,0,80,Technology,Electronic Components
RNMBY,Rheinmetall AG,6.17,15.83,100,100,7,Industrials,Aerospace & Defense
RNMBF,Rheinmetall AG,6.54,17.48,100,100,7,Industrials,Aerospace & Defense
TNCAF,TC Energy Corporation,0.0,-0.34,84,100,52,Energy,Oil & Gas Midstream
ARZGY,Assicurazioni Generali S.p.A.,-0.4,1.52,100,100,80,Financial Services,Insurance - Diversified
JAPAY,Japan Tobacco Inc.,1.87,12.46,100,100,76,Consumer Defensive,Tobacco
NKE,"NIKE, Inc.",0.39,5.29,97,100,9,Consumer Discretionary,Shoe Manufacturing
MURGF,Münchener Rückversicherungs-Gesellschaft Aktiengesellschaft in München,-0.31,5.42,98,100,31,Financial Services,Insurance - Reinsurance
MKGAF,Merck KGaA,-0.75,-2.21,98,100,73,Healthcare,Drug Manufacturers - Specialty & Generic
DLR,"Digital Realty Trust, Inc.",-2.59,4.79,71,87,47,Real Estate,Real Estate Investment Trusts
LITE,Lumentum Holdings Inc.,-7.61,-29.8,0,0,98,Telecommunications,Telecommunications Equipment
ET,Energy Transfer LP,0.0,5.65,100,100,66,Utilities,Natural Gas Distribution
NRDBY,Nordea Bank Abp,-0.91,3.39,97,100,65,Financial Services,Banks - Regional
RBSPF,NatWest Group plc,1.5,3.66,58,88,67,Financial Services,Banks - Regional
SOBKY,SoftBank Corp.,1.92,12.48,100,100,41,Communication Services,Telecom Services
HKXCF,Hong Kong Exchanges and Clearing Limited,-2.82,15.52,92,96,29,Financial Services,Financial Data & Stock Exchanges
BKR,Baker Hughes Company,0.44,5.8,87,99,49,Consumer Discretionary,Oil and Gas Field Machinery
CMCLF,CMOC Group Limited,-0.47,5.42,68,83,61,Basic Materials,Other Industrial Metals & Mining
TRV,"The Travelers Companies, Inc.",-2.07,17.84,97,100,88,Finance,Property-Casualty Insurers
KDDIY,KDDI Corporation,3.51,12.11,100,100,66,Communication Services,Telecom Services
KDDIF,KDDI Corporation,-2.89,2.64,83,94,66,Communication Services,Telecom Services
DB,Deutsche Bank Aktiengesellschaft,0.31,5.07,83,100,53,Finance,Major Banks
SNGNF,Singapore Telecommunications Limited,0.0,-6.09,44,100,26,Communication Services,Telecom Services
MPNGF,Meituan,0.0,30.4,100,100,24,Consumer Cyclical,Internet Retail
LSEGY,London Stock Exchange Group plc,0.53,12.75,100,100,27,Financial Services,Financial Data & Stock Exchanges
ALAB,"Astera Labs, Inc.",-4.03,-48.3,0,0,93,Technology,Semiconductors
SCBFY,Standard Chartered PLC,2.03,5.14,100,100,85,Financial Services,Banks - Diversified
LTOUF,Larsen & Toubro Limited,0.0,0.0,100,100,41,Industrials,Engineering & Construction
MBGAF,Mercedes-Benz Group AG,1.05,6.94,100,100,21,Consumer Cyclical,Auto Manufacturers
NBIS,NBIS,-12.65,-46.33,0,0,93,Technology,Computer Software: Programming Data Processing
KEYS,"Keysight Technologies, Inc.",-2.77,-15.24,0,37,85,Industrials,Industrial Machinery/Components
UMC,United Microelectronics Corporation,-1.44,-36.01,0,2,96,Technology,Semiconductors
IMO,IMO,2.44,14.98,100,100,78,Energy,Integrated oil Companies
AFL,AFL,-0.68,9.74,100,100,70,Finance,Accident &Health Insurance
AAUKF,Anglo American plc,-2.1,0.85,62,99,65,Basic Materials,Other Industrial Metals & Mining
HOCPY,HOYA Corporation,-0.03,-10.25,18,56,21,Healthcare,Medical Instruments & Supplies
OXY,Occidental Petroleum Corporation,3.89,15.36,91,100,66,Energy,Oil & Gas Production
STRD,Strategy Inc,1.29,7.69,98,100,13,Technology,Computer Software: Prepackaged Software
STRC,Strategy Inc,-0.8,3.71,100,100,27,Technology,Computer Software: Prepackaged Software
CIIHY,CITIC Securities Company Limited,0.0,6.85,96,100,37,Financial Services,Capital Markets
HOCPF,HOYA Corporation,0.0,-8.5,100,100,29,Healthcare,Medical Instruments & Supplies
SE,Sea Limited,0.89,13.09,100,100,27,Consumer Discretionary,Other Consumer Services
FLEX,Flex Ltd.,-9.06,-36.43,0,0,92,Technology,Electrical Products
KBCSF,KBC Group NV,0.0,8.82,100,100,58,Financial Services,Banks - Regional
ENAKF,E.ON SE,-1.6,8.14,65,83,40,Utilities,Utilities - Diversified
VLKPF,Volkswagen AG,0.29,-1.48,74,100,10,Consumer Cyclical,Auto Manufacturers
PCRHY,PCRHY,-3.05,-24.02,0,0,92,Technology,Consumer Electronics
FANG,"Diamondback Energy, Inc.",4.63,13.28,89,100,72,Energy,Oil & Gas Production
UCBJF,UCB SA,5.38,-5.76,85,100,57,Healthcare,Biotechnology
HCMLY,Holcim AG,-0.44,0.17,47,100,39,Basic Materials,Building Materials
WMMVF,"Wal-Mart de México, S.A.B. de C.V.",-0.36,-5.42,69,100,19,Consumer Defensive,Discount Stores
WMMVY,"Wal-Mart de México, S.A.B. de C.V.",1.28,-3.37,95,100,20,Consumer Defensive,Discount Stores
COR,"Cencora, Inc.",-0.3,12.59,100,100,37,Health Care,Other Pharmaceuticals
NDAQ,"Nasdaq, Inc.",-0.43,21.23,100,100,43,Finance,Investment Bankers/Brokers/Service
LBLCF,Loblaw Companies Limited,-0.23,3.22,100,100,53,Consumer Defensive,Grocery Stores
ANCTF,Alimentation Couche-Tard Inc.,-0.98,1.49,100,100,71,Consumer Cyclical,Specialty Retail
AME,"AMETEK, Inc.",-2.56,-2.77,67,95,63,Industrials,Industrial Machinery/Components
BMWKY,BMWKY,1.42,5.33,100,100,8,Consumer Cyclical,Auto Manufacturers
HCMLF,Holcim AG,0.0,-2.14,75,100,35,Basic Materials,Building Materials
DBOEF,Deutsche Börse AG,1.4,8.16,100,100,54,Financial Services,Financial Data & Stock Exchanges
MCHPP,Microchip Technology Incorporated,-5.02,-19.02,0,0,30,Technology,Semiconductors
PRYMF,Prysmian S.p.A.,-0.29,-18.61,6,11,71,Industrials,Electrical Equipment & Parts
ASMIY,ASM International NV,-3.58,-29.06,0,0,55,Technology,Semiconductor Equipment & Materials
FAST,Fastenal Company,-0.67,0.03,100,100,53,Consumer Discretionary,RETAIL: Building Materials
PRYMY,Prysmian S.p.A.,-2.18,-21.98,0,0,69,Industrials,Electrical Equipment & Parts
ROK,"Rockwell Automation, Inc.",-2.5,-7.21,50,94,72,Industrials,Industrial Machinery/Components
FSUMF,Fortescue Ltd,0.0,-3.93,81,100,34,Basic Materials,Other Industrial Metals & Mining
COIN,"Coinbase Global, Inc.",-4.65,9.51,38,78,4,Finance,Finance: Consumer Services
XEL,Xcel Energy Inc.,-1.97,-1.93,54,96,43,Utilities,Power Generation
FSUGY,Fortescue Ltd,0.15,-0.42,100,100,32,Basic Materials,Other Industrial Metals & Mining
JHPCY,JHPCY,0.0,0.0,84,100,10,Healthcare,Drug Manufacturers - Specialty & Generic
CTPCY,CITIC Limited,0.0,-6.81,35,74,21,Industrials,Conglomerates
SUHJY,Sun Hung Kai Properties Limited,-1.22,6.95,100,100,48,Real Estate,Real Estate - Development
UOVEY,United Overseas Bank Limited,1.18,9.96,100,100,73,Financial Services,Banks - Regional
CRZBF,Commerzbank AG,0.0,6.16,100,100,65,Financial Services,Banks - Regional
TKPHF,Takeda Pharmaceutical Company Limited,12.02,16.23,100,100,65,Healthcare,Drug Manufacturers - Specialty & Generic
EBKDY,Erste Group Bank AG,-0.66,-2.75,59,100,71,Financial Services,Banks - Regional
ON,ON Semiconductor Corporation,-6.55,-16.59,0,0,68,Technology,Semiconductors
ODFL,"Old Dominion Freight Line, Inc.",-1.54,2.86,62,91,79,Industrials,Trucking Freight/Courier Services
BAIDF,"Baidu, Inc.",-0.3,-15.71,6,28,23,Communication Services,Internet Content & Information
TYHOY,Toyota Tsusho Corporation,1.11,7.4,97,100,77,Industrials,Conglomerates
DANOY,Danone S.A.,-1.22,-0.73,66,100,45,Consumer Defensive,Packaged Foods
DNBBY,DNB Bank ASA,-0.68,3.7,100,100,64,Financial Services,Banks - Regional
FANUY,Fanuc Corporation,0.62,-14.34,12,22,49,Industrials,Specialty Industrial Machinery
SMMNY,Siemens Healthineers AG,4.74,10.07,100,100,19,Healthcare,Medical Devices
FITB,Fifth Third Bancorp,-2.13,0.35,64,99,75,Finance,Major Banks
FITBM,Fifth Third Bancorp,-0.04,0.27,78,100,36,Finance,Major Banks
XYZ,"Block, Inc.",-1.11,8.13,100,100,63,Technology,Computer Software: Prepackaged Software
SWZCF,Swisscom AG,-1.25,-0.01,99,100,39,Communication Services,Telecom Services
CHPXF,"China Pacific Insurance (Group) Co., Ltd.",0.0,0.0,100,100,16,Financial Services,Insurance - Life
IDXX,"IDEXX Laboratories, Inc.",0.04,8.23,100,100,26,Health Care,Biotechnology: In Vitro & In Vivo Diagnostic Substances
WAB,Westinghouse Air Brake Technologies Corporation,-4.59,8.22,81,87,81,Industrials,Railroads
SCMWY,Swisscom AG,0.41,1.76,100,100,42,Communication Services,Telecom Services
PINXF,The People's Insurance Company (Group) of China Limited,0.0,27.72,98,100,60,Financial Services,Insurance - Property & Casualty
CRDO,Credo Technology Group Holding Ltd,-7.71,-34.75,0,0,79,Technology,Semiconductors
CNSWF,Constellation Software Inc.,2.84,16.53,100,100,38,Technology,Software - Application
GMGSF,Goodman Group,7.54,2.69,67,93,28,Real Estate,REIT - Diversified
ELEZY,"Endesa, S.A.",2.4,9.09,100,100,84,Utilities,Utilities - Regulated Electric
SSREF,Swiss Re AG,0.0,4.33,80,100,31,Financial Services,Insurance - Reinsurance
TTRAF,Telstra Group Limited,0.0,1.85,100,100,34,Communication Services,Telecom Services
DHI,"D.R. Horton, Inc.",-2.65,-9.65,50,94,30,Consumer Discretionary,Homebuilding
PINXY,The People's Insurance Company (Group) of China Limited,0.0,2.23,92,100,19,Financial Services,Insurance - Property & Casualty
HHUSF,Hua Hong Grace Semiconductor Limited,0.0,9.51,96,100,98,Technology,Semiconductors
ESLT,Elbit Systems Ltd.,-6.05,1.37,61,74,76,Industrials,Military/Government/Technical
HEI,HEI,-2.26,-0.23,91,98,71,Industrials,Aerospace
RKT,RKT,-2.0,-13.02,37,61,13,Finance,Finance: Consumer Services
KDP,Keurig Dr Pepper Inc.,1.19,-3.91,65,100,57,Consumer Staples,Beverages (Production/Distribution)
SSREY,Swiss Re AG,-0.72,4.0,77,100,35,Financial Services,Insurance - Reinsurance
IBIDF,"Ibiden Co.,Ltd.",-7.09,-41.09,0,0,98,Technology,Electronic Components
IBIDY,"Ibiden Co.,Ltd.",-12.79,-46.26,0,0,97,Technology,Electronic Components
ALNY,"Alnylam Pharmaceuticals, Inc.",-0.62,-4.79,47,72,14,Health Care,Biotechnology: Pharmaceutical Preparations
AMP,AMP,-1.16,17.77,100,100,58,Finance,Investment Managers
NPSNY,Naspers Limited,3.22,3.11,71,100,14,Consumer Cyclical,Internet Retail
ASAZY,ASSA ABLOY AB (publ),-0.99,2.43,100,100,28,Industrials,Security & Protection Services
SVKEF,Skandinaviska Enskilda Banken AB (publ),0.0,4.4,100,100,46,Financial Services,Banks - Regional
MAHMF,Mahindra & Mahindra Limited,0.0,-4.09,54,100,18,Consumer Cyclical,Auto Manufacturers
PBCRY,PT Bank Central Asia Tbk,9.82,11.1,80,100,14,Financial Services,Banks - Regional
HDLMY,HDLMY,-0.36,1.15,80,100,13,Basic Materials,Building Materials
ED,ED,0.24,1.46,100,100,53,Utilities,Power Generation
ACSAY,"ACS, Actividades de Construcción y Servicios, S.A.",-1.43,-17.91,1,5,69,Industrials,Engineering & Construction
BLMIF,Bank Leumi le-Israel B.M.,0.0,9.3,100,100,41,Financial Services,Banks - Regional
A,A,-0.17,5.62,100,100,60,Industrials,Biotechnology: Laboratory Analytical Instruments
ACSAF,"ACS, Actividades de Construcción y Servicios, S.A.",0.0,-6.41,80,100,88,Industrials,Engineering & Construction
LNVGY,Lenovo Group Limited,-3.59,-2.18,63,78,97,Technology,Computer Hardware
WCN,WCN,2.12,3.67,100,100,38,Utilities,Environmental Services
WAT,Waters Corporation,-1.15,1.18,100,100,67,Industrials,Biotechnology: Laboratory Analytical Instruments
PSZKF,Powszechna Kasa Oszczednosci Bank Polski Spólka Akcyjna,0.5,5.67,100,100,80,Financial Services,Banks - Regional
TSCDF,Tesco PLC,1.39,10.81,100,100,60,Consumer Defensive,Grocery Stores
JDCMF,"JD.com, Inc.",-12.31,2.41,31,48,21,Consumer Cyclical,Internet Retail
SDZNY,Sandoz Group AG,3.21,-9.17,50,88,67,Healthcare,Drug Manufacturers - Specialty & Generic
CHHQF,China Hongqiao Group Limited,0.58,13.01,82,96,89,Basic Materials,Aluminum
CBRE,"CBRE Group, Inc.",0.5,9.72,100,100,29,Finance,Real Estate
FINMY,Leonardo S.p.a.,-1.75,13.44,96,100,39,Industrials,Aerospace & Defense
SDZXF,Sandoz Group AG,0.0,-14.49,0,10,58,Healthcare,Drug Manufacturers - Specialty & Generic
SYY,SYY,0.14,2.76,100,100,59,Consumer Discretionary,Food Distributors
AMKBF,A.P. Møller - Mærsk A/S,1.45,11.74,100,100,72,Industrials,Marine Shipping
WDAY,"Workday, Inc.",5.21,37.24,100,100,38,Technology,EDP Services
KGC,Kinross Gold Corporation,-1.28,-1.74,52,100,22,Basic Materials,Precious Metals
AMKBY,A.P. Møller - Mærsk A/S,1.55,11.07,100,100,72,Industrials,Marine Shipping
KB,KB Financial Group Inc.,-2.89,7.09,61,86,74,Finance,Commercial Banks
FJTSF,Fujitsu Limited,0.0,12.85,100,100,27,Technology,Information Technology Services
UI,Ubiquiti Inc.,-2.22,-2.09,43,97,10,Technology,Radio And Television Broadcasting And Communications Equipment
SHLAF,Schindler Holding AG,0.0,-7.07,45,88,20,Industrials,Specialty Industrial Machinery
CHHQY,China Hongqiao Group Limited,0.0,-7.28,44,96,10,Basic Materials,Aluminum
NECPY,NECPY,-0.3,9.86,77,100,16,Technology,Information Technology Services
PRU,PRU,-1.05,13.62,100,100,78,Finance,Life Insurance
DLMAY,DLMAY,20.39,-5.9,78,97,64,Consumer Defensive,Discount Stores
IFCZF,Intact Financial Corporation,-5.87,-1.24,53,74,48,Financial Services,Insurance - Property & Casualty
ADDYY,adidas AG,0.15,0.93,91,100,63,Consumer Cyclical,Footwear & Accessories
ADYEY,Adyen N.V.,-1.82,7.2,97,100,6,Technology,Software - Infrastructure
CKHUY,CK Hutchison Holdings Limited,-0.86,8.14,100,100,78,Industrials,Conglomerates
EQT,EQT,1.76,-1.13,97,100,27,Energy,Oil & Gas Production
EPIAF,Epiroc AB (publ),-0.29,-11.01,27,53,29,Industrials,Farm & Heavy Construction Machinery
EPOAY,EPOAY,-1.58,-11.42,26,63,32,Industrials,Farm & Heavy Construction Machinery
ONC,BeOne Medicines AG,-0.98,14.82,100,100,49,Health Care,Biotechnology: Pharmaceutical Preparations
DNNGY,Ørsted A/S,-0.56,-4.17,13,71,13,Utilities,Utilities - Renewable
DOGEF,Ørsted A/S,0.0,1.09,40,74,13,,
CKHUF,CK Hutchison Holdings Limited,0.0,7.59,100,100,79,Industrials,Conglomerates
HBANM,Huntington Bancshares Incorporated,-0.5,0.63,100,100,28,Finance,Major Banks
HBAN,Huntington Bancshares Incorporated,-2.66,-5.02,0,52,42,Finance,Major Banks
SAABY,Saab AB (publ),-2.83,18.05,92,96,37,Industrials,Aerospace & Defense
FSLR,"First Solar, Inc.",-1.65,-15.56,0,33,28,Technology,Semiconductors
CICOF,"COSCO SHIPPING Holdings Co., Ltd.",0.0,10.0,100,100,53,Industrials,Marine Shipping
AAVMY,ABN AMRO Bank N.V.,-2.04,-0.26,61,100,85,Financial Services,Banks - Diversified
Q,"Qnity Electronics, Inc.",-3.52,-24.44,0,0,61,Technology,Semiconductors
ZTS,ZTS,0.54,9.2,100,100,3,Health Care,Biotechnology: Pharmaceutical Preparations
TECK,Teck Resources Limited,-1.96,-3.33,64,89,74,Industrials,Mining & Quarrying of Nonmetallic Minerals (No Fuels)
SUNB,"Sunbelt Rentals Holdings, Inc.",-2.78,-0.85,66,93,34,Consumer Discretionary,Diversified Commercial Services
BMDPF,Banca Monte dei Paschi di Siena S.p.A.,-2.1,4.32,68,86,82,Financial Services,Banks - Regional
NTRA,"Natera, Inc.",0.63,-6.49,20,47,86,Health Care,Medical Specialities
DSKYF,"Daiichi Sankyo Company, Limited",-1.67,0.59,68,85,17,Healthcare,Drug Manufacturers - General
MTB,M&T Bank Corporation,-0.9,5.18,100,100,77,Finance,Major Banks
CPRT,"Copart, Inc.",0.42,9.33,100,100,11,Consumer Discretionary,Retail-Auto Dealers and Gas Stations
CICOY,"COSCO SHIPPING Holdings Co., Ltd.",-0.61,14.55,100,100,62,Industrials,Marine Shipping
ACGL,Arch Capital Group Ltd.,-1.81,7.72,97,100,62,Finance,Property-Casualty Insurers
TGOPY,3i Group plc,-1.0,17.58,100,100,21,Financial Services,Asset Management
KNYJY,KONE Oyj,-1.1,0.81,100,100,17,Industrials,Specialty Industrial Machinery
LNTCY,LNTCY,-3.29,-22.29,15,24,8,Technology,Electronic Components
HENKY,Henkel AG & Co. KGaA,-0.58,3.9,100,100,63,Consumer Defensive,Household & Personal Products
RYAAY,Ryanair Holdings plc,-3.23,-10.64,23,48,31,Consumer Discretionary,Air Freight/Delivery Services
IQV,IQVIA Holdings Inc.,1.9,28.12,100,100,83,Health Care,Biotechnology: Commercial Physical & Biological Resarch
AJNMY,"Ajinomoto Co., Inc.",-1.1,-18.7,2,5,55,Consumer Defensive,Packaged Foods
FISV,"Fiserv, Inc.",2.62,13.41,100,100,6,Consumer Discretionary,Business Services
STLA,Stellantis N.V.,4.34,4.7,100,100,4,Industrials,Auto Manufacturing
MTZ,MTZ,-8.01,-30.92,0,0,59,Industrials,Water Sewer Pipeline Comm & Power Line Construction
CPNG,"Coupang, Inc.",-1.81,-12.72,0,17,4,Consumer Discretionary,Catalog/Specialty Distribution
DTE,DTE,-1.75,-5.81,22,89,41,Utilities,Electric Utilities: Central
RSHGY,RSHGY,-1.02,5.09,43,73,80,Financial Services,Banks - Regional
TPR,"Tapestry, Inc.",-0.52,2.55,100,100,71,Consumer Discretionary,Apparel
PMRTY,Pop Mart International Group Limited,-1.7,2.97,81,95,15,Consumer Cyclical,Leisure
BTGOF,BT Group plc,2.63,16.17,100,100,43,Communication Services,Telecom Services
FICO,Fair Isaac Corporation,2.76,14.92,100,100,49,Consumer Discretionary,Business Services
TWLO,Twilio Inc.,-3.13,-8.76,28,53,90,Technology,Computer Software: Prepackaged Software
TDY,TDY,-2.82,-5.33,64,92,49,Industrials,Industrial Machinery/Components
ALMMF,Aluminum Corporation of China Limited,1.01,1.01,52,83,11,Basic Materials,Aluminum
KHC,The Kraft Heinz Company,1.17,16.93,100,100,69,Consumer Staples,Packaged Foods
VEEV,Veeva Systems Inc.,3.33,17.15,100,100,35,Technology,Computer Software: Prepackaged Software
NRG,NRG,-2.61,-14.95,0,10,10,Utilities,Electric Utilities: Central
BPXXY,BPER Banca SpA,-1.8,0.0,7,49,76,Financial Services,Banks - Regional
TEFOF,"Telefónica, S.A.",0.0,0.48,72,92,17,Communication Services,Telecom Services
CRCL,Circle Internet Group,-4.6,-2.03,24,49,3,Finance,Finance: Consumer Services
AMADF,"Amadeus IT Group, S.A.",-1.3,7.89,100,100,20,Technology,Information Technology Services
RJF,"Raymond James Financial, Inc.",-1.7,14.96,99,100,52,Finance,Investment Bankers/Brokers/Service
CCOZY,China Coal Energy Company Limited,0.0,2.22,100,100,38,Energy,Thermal Coal
CHLSY,Chocoladefabriken Lindt & Sprüngli AG,2.02,-0.17,80,100,15,Consumer Defensive,Confectioners
SMCI,"Super Micro Computer, Inc.",-9.67,-12.38,31,42,8,Technology,Computer Manufacturing
RSMDF,ResMed Inc.,0.0,0.0,84,100,4,Healthcare,Medical Instruments & Supplies
CW,CW,-6.78,-10.34,0,16,57,Technology,Industrial Machinery/Components
SMECF,SMC Corporation,-0.75,-10.53,5,12,33,Industrials,Specialty Industrial Machinery
TEAM,Atlassian Corporation,4.3,34.05,100,100,33,Technology,Computer Software: Prepackaged Software
FTI,TechnipFMC plc,-0.91,8.19,67,83,88,Consumer Discretionary,Oil and Gas Field Machinery
OTIS,Otis Worldwide Corporation,-0.34,2.46,100,100,18,Technology,Consumer Electronics/Appliances
TTNDY,Techtronic Industries Company Limited,1.06,-0.26,100,100,80,Industrials,Tools & Accessories
IPXHY,Inpex Corporation,3.82,10.17,96,100,58,Energy,Oil & Gas E&P
HSHCY,"Haier Smart Home Co., Ltd.",2.52,11.68,100,100,25,Consumer Cyclical,"Furnishings, Fixtures & Appliances"
NVT,nVent Electric plc,-5.74,-21.12,0,0,75,Industrials,Industrial Machinery/Components
EIX,EIX,-1.45,6.87,99,100,84,Utilities,Electric Utilities: Central
HMRZF,H & M Hennes & Mauritz AB (publ),1.49,2.01,100,100,32,Consumer Cyclical,Apparel Manufacturing
KUASF,Kuaishou Technology,-3.64,-15.11,0,0,10,Communication Services,Internet Content & Information
FTAI,FTAI Aviation Ltd.,-7.11,-27.04,2,16,50,Industrials,Misc Corporate Leasing Services
PPLC,PPL Corporation,-1.27,-1.94,94,100,28,Utilities,Electric Utilities: Central
CTSH,Cognizant Technology Solutions Corporation,11.25,44.51,100,100,16,Technology,EDP Services
MTSFY,"Mitsui Fudosan Co., Ltd.",0.78,7.27,100,100,28,Real Estate,Real Estate - Diversified
CFG,"Citizens Financial Group, Inc.",-2.23,1.77,81,98,78,Finance,Major Banks
GELYF,Geely Automobile Holdings Limited,1.21,13.64,100,100,36,Consumer Cyclical,Auto Manufacturers
MTRJF,MTR Corporation Limited,0.0,-4.4,100,100,78,Industrials,Railroads
XYL,Xylem Inc.,-2.27,3.32,91,98,26,Industrials,Fluid Controls
TELFY,"Telefónica, S.A.",-1.43,4.29,100,100,25,Communication Services,Telecom Services
ICAGY,International Consolidated Airlines Group S.A.,-2.18,-8.2,38,80,62,Industrials,Airlines
MGDDF,Compagnie Générale des Établissements Michelin Société en commandite par actions,4.77,2.22,100,100,64,Unknown,Unknown
SNMRF,Snam S.p.A.,0.0,-1.5,100,100,50,Utilities,Utilities - Regulated Gas
RYLPF,Koninklijke Philips N.V.,0.88,-4.29,20,28,20,Healthcare,Medical Devices
KSHTY,Kuaishou Technology,2.78,3.74,47,70,8,Communication Services,Internet Content & Information
BABWF,International Consolidated Airlines Group S.A.,0.0,-11.87,11,27,39,Industrials,Airlines
MGDDY,Compagnie Générale des Établissements Michelin Société en commandite par actions,0.51,2.13,98,100,65,Unknown,Unknown
PPG,"PPG Industries, Inc.",-6.03,-7.8,8,57,45,Consumer Discretionary,Paints/Coatings
FUJIY,FUJIFILM Holdings Corporation,2.01,9.45,100,100,67,Industrials,Conglomerates
AIBGY,AIB Group plc,-1.47,2.16,83,100,79,Financial Services,Banks - Regional
HRNNF,Hydro One Limited,-1.84,0.8,82,100,48,Utilities,Utilities - Regulated Electric
CLPHY,CLP Holdings Limited,0.0,6.48,100,100,59,Utilities,Utilities - Regulated Electric
PGPEF,Publicis Groupe S.A.,0.0,10.04,100,100,65,Communication Services,Advertising Agencies
SNMRY,Snam S.p.A.,-1.22,-5.69,58,100,43,Utilities,Utilities - Regulated Gas
ALFVF,Alfa Laval AB (publ),0.0,2.15,100,100,70,Industrials,Specialty Industrial Machinery
CINF,Cincinnati Financial Corporation,-0.71,-2.06,69,100,67,Finance,Property-Casualty Insurers
QBEIF,QBE Insurance Group Limited,0.4,8.07,76,100,71,Financial Services,Insurance - Property & Casualty
EJPRY,East Japan Railway Company,2.49,14.56,100,100,48,Industrials,Railroads
EJPRF,East Japan Railway Company,0.0,10.58,100,100,33,Industrials,Railroads
AXIA,AXIA Energia SA,-1.57,-5.02,82,100,43,Utilities,Electric Utilities: Central
AWK,"American Water Works Company, Inc.",0.04,4.95,100,100,43,Utilities,Water Supply
SYF,Synchrony Financial,-2.79,-1.42,89,95,39,Finance,Finance: Consumer Services
WSM,"Williams-Sonoma, Inc.",-1.06,0.64,100,100,75,Consumer Discretionary,Home Furnishings
SUTNY,"Sumitomo Mitsui Trust Group, Inc.",-0.12,11.01,100,100,86,Financial Services,Banks - Regional
HLAGF,Hapag-Lloyd Aktiengesellschaft,0.0,22.79,99,100,63,Industrials,Marine Shipping
HLMAF,Halma plc,-4.64,-10.71,0,33,18,Industrials,Conglomerates
TW,Tradeweb Markets Inc.,3.75,8.55,100,100,27,Finance,Investment Bankers/Brokers/Service
UTHR,United Therapeutics Corporation,0.2,-3.16,35,97,71,Health Care,Biotechnology: Pharmaceutical Preparations
FSNUY,Fresenius SE & Co. KGaA,0.55,11.81,100,100,34,Healthcare,Medical Care Facilities
OMVKY,OMV Aktiengesellschaft,2.05,14.98,88,100,80,Energy,Oil & Gas Integrated
FN,Fabrinet,-7.83,-26.26,0,0,18,Utilities,Telecommunications Equipment
VACNY,VAT Group AG,-3.77,-18.76,0,0,86,Industrials,Specialty Industrial Machinery
CRS,Carpenter Technology Corporation,-5.32,-13.98,0,17,92,Industrials,Steel/Iron Ore
NMR,"Nomura Holdings, Inc.",0.62,10.14,96,100,80,Finance,Investment Bankers/Brokers/Service
KEY,KeyCorp,-1.99,-3.77,2,78,61,Finance,Major Banks
TEZNY,Terna S.p.A.,-1.15,-1.75,56,100,50,Utilities,Utilities - Regulated Electric
FUWAY,"Furukawa Electric Co., Ltd.",-3.94,-43.82,0,0,97,Industrials,Electrical Equipment & Parts
BDORY,Banco do Brasil S.A.,0.73,5.61,100,100,34,Financial Services,Banks - Regional
ROL,"Rollins, Inc.",-0.67,-7.16,11,26,5,Consumer Discretionary,Diversified Commercial Services
WST,"West Pharmaceutical Services, Inc.",0.2,-5.94,40,86,76,Health Care,Medical/Dental Instruments
MKL,Markel Group Inc.,-1.19,3.17,100,100,43,Finance,Property-Casualty Insurers
FCNCP,"First Citizens BancShares, Inc.",0.15,2.16,100,100,32,Finance,Major Banks
FCNCO,"First Citizens BancShares, Inc.",-0.27,0.86,100,100,28,Finance,Major Banks
CHD,"Church & Dwight Co., Inc.",-0.07,3.08,100,100,51,Consumer Discretionary,Package Goods/Cosmetics
BOUYY,Bouygues SA,-0.95,-5.63,49,100,42,Industrials,Engineering & Construction
FWONK,Formula One Group,0.68,7.09,100,100,59,Industrials,Broadcasting
PHM,PHM,-1.81,-3.57,97,100,53,Consumer Discretionary,Homebuilding
TROW,"T. Rowe Price Group, Inc.",-2.31,4.56,90,98,70,Finance,Investment Bankers/Brokers/Service
DLTR,"Dollar Tree, Inc.",1.73,6.61,100,100,75,Consumer Discretionary,Department/Specialty Retail Stores
TELNY,Telenor ASA,0.65,-3.12,57,99,19,Communication Services,Telecom Services
TRUMY,Terumo Corporation,5.77,8.63,100,100,43,Healthcare,Medical Instruments & Supplies
EXE,EXE,4.45,1.39,100,100,24,Energy,Oil & Gas Production
FIS,"Fidelity National Information Services, Inc.",4.18,20.4,100,100,13,Consumer Discretionary,Business Services
CMAKY,"China Minsheng Banking Corp., Ltd.",0.0,0.25,29,48,11,Financial Services,Banks - Regional
CTOWY,China Tower Corporation Limited,0.0,0.0,84,100,50,Communication Services,Telecom Services
AGPPF,Valterra Platinum Limited,0.0,-5.66,12,48,18,Basic Materials,Other Precious Metals & Mining
SGSOF,SGS SA,0.0,0.56,96,100,52,Industrials,Consulting Services
SURYY,"Sumitomo Realty & Development Co., Ltd.",7.95,-9.84,50,71,28,Real Estate,Real Estate Services
RL,Ralph Lauren Corporation,-0.47,-6.41,55,100,55,Industrials,Garments and Clothing
OKTA,"Okta, Inc.",0.51,0.34,21,67,94,Technology,Computer Software: Prepackaged Software
ROIV,Roivant Sciences Ltd.,-2.87,-7.12,0,52,95,Health Care,Biotechnology: Pharmaceutical Preparations
LYB,LyondellBasell Industries N.V.,3.9,14.89,95,100,48,Industrials,Major Chemicals
TNABF,Tenaga Nasional Berhad,-3.64,-0.43,45,78,55,Utilities,Utilities - Regulated Electric
PPERY,PT Bank Mandiri (Persero) Tbk,-0.44,4.78,46,74,21,Financial Services,Banks - Regional
TQLCF,TQLCF,0.0,-53.26,0,1,2,Basic Materials,Other Industrial Metals & Mining
ENTG,"Entegris, Inc.",-9.36,-40.45,0,0,26,Industrials,Plastic Products
TSN,TSN,-0.23,6.62,100,100,46,Consumer Staples,Meat/Poultry/Fish
NNGRY,NN Group N.V.,1.19,5.52,100,100,77,Financial Services,Insurance - Diversified
CHKGF,CK Asset Holdings Limited,0.0,4.16,100,100,73,Real Estate,Real Estate - Development
RCI,Rogers Communications Inc.,0.2,7.14,100,100,31,Telecommunications,Cable & Other Pay Television Services
STE,STERIS plc,1.95,11.52,100,100,38,Health Care,Industrial Specialties
MDIBY,Mediobanca Banca di Credito Finanziario S.p.A.,-2.1,4.52,85,100,91,Financial Services,Banks - Regional
GBERY,Geberit AG,-0.94,-3.39,74,100,19,Industrials,Building Products & Equipment
GPN,Global Payments Inc.,0.93,21.65,100,100,69,Consumer Discretionary,Business Services
CLEGF,Coles Group Limited,0.0,-9.16,12,50,42,Consumer Defensive,Grocery Stores
AA,Alcoa Corporation,-3.34,-17.76,2,35,22,Industrials,Aluminum
CAPMF,Capgemini SE,5.83,26.76,100,100,18,Technology,Information Technology Services
DKS,"DICK'S Sporting Goods, Inc.",-2.55,-9.18,14,50,27,Consumer Discretionary,Other Specialty Stores
NESRF,Northern Star Resources Limited,5.23,3.67,82,100,32,Basic Materials,Gold
VNNVF,Vonovia SE,0.0,5.67,94,100,24,Real Estate,Real Estate Services
GBERF,Geberit AG,0.0,-4.45,62,100,17,Industrials,Building Products & Equipment
CGEMY,Capgemini SE,5.71,21.43,100,100,23,Technology,Information Technology Services
NJDCY,Nidec Corporation,1.04,-2.99,88,100,35,Industrials,Specialty Industrial Machinery
SDMHF,Sartorius Stedim Biotech S.A.,0.0,-3.51,25,54,25,Healthcare,Medical Instruments & Supplies
JARLF,Jardine Matheson Holdings Limited,0.0,3.06,94,100,31,Industrials,Conglomerates
CX,"CEMEX, S.A.B. de C.V.",-2.5,-2.5,0,50,56,Industrials,Building Materials
GNENY,"Ganfeng Lithium Group Co., Ltd.",4.91,-30.21,16,26,7,Basic Materials,Chemicals
HKHHF,Heineken Holding N.V.,0.0,12.4,100,100,71,Consumer Defensive,Beverages - Brewers
JIAXF,Jiangxi Copper Company Limited,0.89,15.6,100,100,71,Basic Materials,Copper
EFX,Equifax Inc.,0.02,17.85,100,100,25,Finance,Finance: Consumer Services
MTUAY,MTU Aero Engines AG,0.95,-1.02,85,100,48,Industrials,Aerospace & Defense
TRATF,Traton SE,0.0,3.53,93,100,68,Industrials,Farm & Heavy Construction Machinery
SBS,Companhia de Saneamento Básico do Estado de São Paulo - SABESP,-4.71,-9.0,0,5,35,Utilities,Water Supply
RCIAF,Rogers Communications Inc.,0.0,-1.4,27,95,39,Communication Services,Telecom Services
BKRIY,Bank of Ireland Group plc,-1.46,1.51,69,98,70,Financial Services,Banks - Regional
BEKE,KE Holdings Inc.,0.12,14.73,84,100,31,Finance,Real Estate
SAUHF,Straumann Holding AG,1.26,-11.08,20,41,38,Healthcare,Medical Instruments & Supplies
RGLD,"Royal Gold, Inc.",-0.35,-1.83,72,100,26,Industrials,Precious Metals
NISTF,Nippon Steel Corporation,-5.32,11.31,77,84,11,Basic Materials,Steel
EVRG,"Evergy, Inc.",-1.94,-2.81,38,95,58,Utilities,Power Generation
SITM,SiTime Corporation,-5.89,-38.01,0,0,90,Technology,Semiconductors
MRNA,"Moderna, Inc.",-2.36,-22.19,4,10,90,Health Care,Biotechnology: Biological Products (No Diagnostic Substances)
GWLLY,Great Wall Motor Company Limited,2.89,4.55,84,100,8,Consumer Cyclical,Auto Manufacturers
MMSMY,"Mitsui Kinzoku Company, Limited",-6.25,-39.06,0,0,95,Industrials,Conglomerates
LNT,Alliant Energy Corporation,-2.43,-5.62,14,89,49,Utilities,Power Generation
MONRF,Moncler S.p.A.,0.0,-1.01,51,74,30,Consumer Cyclical,Apparel Manufacturing
GWLLF,Great Wall Motor Company Limited,0.0,-3.48,68,100,4,Consumer Cyclical,Auto Manufacturers
HUNGF,"Huaneng Power International, Inc.",0.0,-19.26,30,44,97,Utilities,Utilities - Independent Power Producers
SSLZY,Santos Limited,4.47,11.98,100,100,61,Energy,Oil & Gas E&P
MGA,Magna International Inc.,0.12,5.24,100,100,86,Consumer Discretionary,Auto Parts:O.E.M.
TTMI,"TTM Technologies, Inc.",-6.37,-45.58,0,0,83,Technology,Electrical Products
USFD,US Foods Holding Corp.,0.87,0.1,100,100,74,Consumer Discretionary,Food Distributors
STOSF,Santos Limited,0.18,17.24,80,100,61,Energy,Oil & Gas E&P
AMCCF,Amcor plc,0.0,17.14,98,100,54,Consumer Cyclical,Packaging & Containers
CABJF,Carlsberg A/S,0.0,4.82,54,85,49,Consumer Defensive,Beverages - Brewers
EDRVF,"EDP Renewables, S.A.",0.0,-4.95,35,100,56,Utilities,Utilities - Renewable
SOMLF,"SECOM CO., LTD.",0.0,0.0,100,100,69,Industrials,Security & Protection Services
IP,IP,-3.29,11.92,90,94,48,Basic Materials,Paper
SUVPF,Sartorius Aktiengesellschaft,0.0,5.1,95,100,22,Healthcare,Medical Instruments & Supplies
SOMLY,"SECOM CO., LTD.",3.33,9.47,100,100,74,Industrials,Security & Protection Services
EVMNY,Evolution Mining Limited,0.18,-6.71,55,87,48,Basic Materials,Gold
MONRY,Moncler S.p.A.,0.84,-4.88,38,73,25,Consumer Cyclical,Apparel Manufacturing
WCC,"WESCO International, Inc.",-6.44,-10.44,28,56,69,Consumer Discretionary,Telecommunications Equipment
TLN,Talen Energy Corporation,-3.02,-17.71,0,0,16,Utilities,Electric Utilities: Central
RAIFF,Raiffeisen Bank International AG,0.0,2.16,100,100,95,Financial Services,Banks - Regional
LII,Lennox International Inc.,-20.97,-24.95,0,0,13,Industrials,Industrial Machinery/Components
DAIUF,"Daifuku Co., Ltd.",0.0,1.48,84,100,1,Industrials,Specialty Industrial Machinery
VODAF,Vodacom Group Limited,0.0,0.0,100,100,78,Communication Services,Telecom Services
DQJCY,Pan Pacific International Holdings Corporation,4.34,16.06,100,100,33,Consumer Defensive,Discount Stores
HKHGF,Hongkong Land Holdings Limited,0.0,4.14,100,100,69,Real Estate,Real Estate - Development
SN,"SharkNinja, Inc.",-0.39,4.56,100,100,89,Consumer Discretionary,Consumer Electronics/Appliances
PEXNY,PTT Exploration and Production Public Company Limited,0.0,4.56,94,100,46,Energy,Oil & Gas E&P
ASBFY,Associated British Foods plc,1.89,5.22,100,100,44,Consumer Defensive,Packaged Foods
KAOCF,Kao Corporation,-0.62,-50.26,3,9,2,Consumer Defensive,Household & Personal Products
HOKCY,The Hong Kong and China Gas Company Limited,1.27,2.56,41,59,24,Utilities,Utilities - Regulated Gas
KWHIF,"Kawasaki Heavy Industries, Ltd.",0.0,-13.36,18,44,2,Industrials,Specialty Industrial Machinery
JDEPY,JDEPY,-0.6,-1.1,72,100,27,Consumer Defensive,Packaged Foods
FLUT,Flutter Entertainment plc,-1.17,5.49,86,100,5,Technology,Computer Software: Programming Data Processing
TLK,Perusahaan Perseroan (Persero) PT Telekomunikasi Indonesia Tbk,-0.14,7.0,74,100,14,Telecommunications,Telecommunications Equipment
BPCGY,"Banco Comercial Português, S.A.",0.0,11.53,98,100,92,Financial Services,Banks - Regional
URMCY,Unibail-Rodamco-Westfield SE,-2.25,-12.98,23,42,38,Real Estate,REIT - Retail
FPS,"Forgent Power Solutions, Inc.",-9.75,-47.64,0,0,23,Energy,Industrial Machinery/Components
KEP,Korea Electric Power Corporation,-2.23,-5.95,24,64,7,Utilities,Electric Utilities: Central
TSCO,Tractor Supply Company,-1.46,-1.93,81,100,5,Consumer Discretionary,RETAIL: Building Materials
NVR,"NVR, Inc.",-1.38,-6.33,57,100,20,Consumer Discretionary,Homebuilding
PHYS,Sprott Physical Gold Trust,0.49,1.33,100,100,26,Financial Services,Asset Management
ACXIF,"Acciona, S.A.",2.32,-6.62,38,71,72,Industrials,Engineering & Construction
TPG,TPG Inc.,-3.66,3.97,73,88,15,Finance,Investment Managers
HGKGY,Power Assets Holdings Limited,-3.57,4.13,78,88,46,Utilities,Utilities - Independent Power Producers
BMBLF,Brambles Limited,2.06,-0.07,100,100,17,Industrials,Specialty Business Services
DOCN,"DigitalOcean Holdings, Inc.",-5.11,-32.01,0,0,97,Technology,Computer Software: Programming Data Processing
KIM,KIM,-0.88,2.6,99,100,71,Real Estate,Real Estate Investment Trusts
LUGDF,Lundin Gold Inc.,2.14,8.54,100,100,30,Basic Materials,Gold
TYNPF,Nippon Sanso Holdings Corporation,0.0,-4.61,23,59,99,Basic Materials,Chemicals
WTKWY,Wolters Kluwer N.V.,2.96,30.63,100,100,17,Industrials,Specialty Business Services
PTC,PTC Inc.,3.88,16.59,100,100,11,Technology,Computer Software: Prepackaged Software
GLPEY,"Galp Energia, SGPS, S.A.",2.52,7.26,76,100,60,Energy,Oil & Gas Integrated
TXT,Textron Inc.,-4.79,-6.63,0,33,35,Industrials,Aerospace
NBIX,"Neurocrine Biosciences, Inc.",-1.12,7.27,100,100,86,Health Care,Biotechnology: Biological Products (No Diagnostic Substances)
PS,Pershing Square Inc.,-2.86,0.44,37,85,87,Finance,Investment Managers
PAA,PAA,1.88,11.81,100,100,84,Energy,Natural Gas Distribution
DECK,Deckers Outdoor Corporation,-0.37,4.28,78,100,40,Consumer Discretionary,Shoe Manufacturing
OUKPY,Metso Oyj,0.11,4.16,66,87,58,Industrials,Farm & Heavy Construction Machinery
OVV,Ovintiv Inc.,3.6,16.39,91,100,85,Energy,Oil & Gas Production
RMBS,Rambus Inc.,-5.63,-37.61,0,0,15,Technology,Semiconductors
KAEPY,"The Kansai Electric Power Company, Incorporated",-2.96,4.14,90,95,41,Utilities,Utilities - Renewable
IEX,IDEX Corporation,2.17,1.46,100,100,74,Industrials,Fluid Controls
GEN,GEN,0.18,11.01,100,100,70,Technology,Computer Software: Prepackaged Software
LAMR,Lamar Advertising Company,1.31,5.35,100,100,84,Real Estate,Real Estate Investment Trusts
PFGC,Performance Food Group Company,0.97,4.35,100,100,76,Consumer Discretionary,Food Distributors
BNT,Brookfield Wealth Solutions Ltd.,-1.13,0.28,82,100,26,Finance,Property-Casualty Insurers
PSLV,Sprott Physical Silver Trust,0.38,-1.7,62,100,26,Financial Services,Asset Management
VICR,Vicor Corporation,-4.87,-51.87,0,0,95,Technology,Industrial Machinery/Components
SONVY,Sonova Holding AG,0.06,15.13,100,100,50,Healthcare,Medical Devices
GPFOF,"Grupo Financiero Inbursa, S.A.B. de C.V.",0.0,0.67,20,100,94,Financial Services,Banks - Regional
THC,Tenet Healthcare Corporation,-1.91,37.71,99,100,89,Health Care,Hospital/Nursing Management
IPSEY,Ipsen S.A.,0.0,-3.63,49,95,63,Healthcare,Drug Manufacturers - Specialty & Generic
EVGGF,Evolution AB (publ),4.64,17.2,100,100,50,Consumer Cyclical,Gambling
AHCHY,Anhui Conch Cement Company Limited,1.54,11.36,100,100,17,Basic Materials,Building Materials
NWSA,News Corporation,2.27,16.07,100,100,51,Consumer Discretionary,Newspapers/Magazines
AHKSF,Asahi Kasei Corporation,0.0,0.0,100,100,82,Industrials,Conglomerates
CRWOF,China Railway Group Limited,0.0,3.03,100,100,13,Industrials,Engineering & Construction
CLH,CLH,7.47,9.24,100,100,75,Industrials,Environmental Services
WHGLY,WH Group Limited,0.14,1.32,100,100,34,Consumer Defensive,Packaged Foods
KPELY,Keppel Ltd.,5.71,6.94,73,96,74,Industrials,Conglomerates
BWA,BWA,-1.6,-6.33,48,98,86,Consumer Discretionary,Auto Parts:O.E.M.
PILBF,PLS Group Limited,0.69,-16.26,20,39,75,Basic Materials,Other Industrial Metals & Mining
FUTU,Futu Holdings Limited,0.04,8.68,86,100,4,Finance,Investment Bankers/Brokers/Service
YRAIF,Yara International ASA,0.0,-4.21,21,67,43,Basic Materials,Agricultural Inputs
NCBDF,BANDAI NAMCO Holdings Inc.,20.81,20.49,100,100,35,Consumer Cyclical,Leisure
CPT,CPT,1.16,1.64,100,100,57,Real Estate,Real Estate Investment Trusts
WF,Woori Financial Group Inc.,-0.49,13.89,88,99,52,Finance,Commercial Banks
TISCY,Taisei Corporation,-7.67,-13.44,14,32,31,Industrials,Engineering & Construction
TIGO,Millicom International Cellular S.A.,-1.53,4.61,73,100,95,Telecommunications,Telecommunications Equipment
DTM,"DT Midstream, Inc.",-1.56,-7.35,0,49,67,Utilities,Natural Gas Distribution
MLI,"Mueller Industries, Inc.",-1.64,6.4,99,100,63,Industrials,Metal Fabrications
MAS,MAS,-11.09,-10.83,0,25,45,Industrials,Industrial Specialties
REGCP,Regency Centers Corporation,-0.33,3.49,93,100,40,Real Estate,Real Estate Investment Trusts
SKM,"SK Telecom Co., Ltd.",-3.55,-7.84,0,14,54,Telecommunications,Telecommunications Equipment
CPAMF,CapitaLand Integrated Commercial Trust,4.84,5.41,100,100,49,Real Estate,REIT - Retail
LKREF,Link Real Estate Investment Trust,0.0,8.76,60,73,33,Real Estate,REIT - Retail
CSL,Carlisle Companies Incorporated,-3.79,-7.78,45,85,24,Industrials,Specialty Chemicals
OHI,"Omega Healthcare Investors, Inc.",-0.52,7.74,100,100,76,Real Estate,Real Estate Investment Trusts
FELTY,"Fuji Electric Co., Ltd.",-3.52,-12.78,0,27,50,Industrials,Electrical Equipment & Parts
LYSDY,Lynas Rare Earths Limited,-4.77,-23.85,0,0,18,Basic Materials,Other Industrial Metals & Mining
BAWAY,BAWAY,-0.05,-3.31,17,69,90,Unknown,Unknown
TRU,TransUnion,-0.08,16.07,100,100,46,Finance,Finance: Consumer Services
STGPF,Scentre Group,0.0,-7.55,36,90,26,Real Estate,REIT - Retail
KRYAF,Kerry Group plc,0.0,0.76,91,100,53,Consumer Defensive,Packaged Foods
SMMT,Summit Therapeutics Inc.,1.99,-12.15,14,20,4,Health Care,Biotechnology: Pharmaceutical Preparations
GPC,GPC,0.21,10.17,100,100,55,Consumer Discretionary,Automotive Aftermarket
IFPJF,Informa plc,0.0,0.0,100,100,43,Communication Services,Publishing
DOC,"Healthpeak Properties, Inc.",-1.49,5.52,100,100,87,Real Estate,Real Estate Investment Trusts
IESC,"IES Holdings, Inc.",-8.7,-32.46,0,0,45,Industrials,Engineering & Construction
JHX,James Hardie Industries plc,-2.6,0.04,90,96,61,Industrials,Building Materials
SKHSF,"Sekisui House, Ltd.",0.03,10.48,83,100,42,Consumer Cyclical,Residential Construction
SYIEF,Symrise AG,0.0,-1.6,52,97,56,Basic Materials,Specialty Chemicals
BVVBY,Bureau Veritas SA,7.21,9.89,100,100,57,Industrials,Consulting Services
TMTNF,Toromont Industries Ltd.,0.0,-8.94,14,26,69,Industrials,Industrial Distribution
SOLS,"Solstice Advanced Materials, Inc.",-2.88,-37.18,1,9,24,Industrials,Aerospace
OSGSY,"Osaka Gas Co., Ltd.",1.23,1.07,100,100,53,Utilities,Utilities - Regulated Gas
JBS,JBS N.V.,2.15,20.08,100,100,46,Consumer Staples,Meat/Poultry/Fish
GLPI,"Gaming and Leisure Properties, Inc.",0.35,3.32,100,100,41,Real Estate,Real Estate Investment Trusts
UNM,Unum Group,-4.89,-5.9,0,63,54,Finance,Accident &Health Insurance
AMIGF,Admiral Group plc,-3.09,2.21,74,91,58,Financial Services,Insurance - Property & Casualty
SNMCY,Suncorp Group Limited,-0.58,2.46,100,100,54,Financial Services,Insurance - Property & Casualty
PRBKY,PRBKY,1.47,7.07,100,100,74,Financial Services,Banks - Regional
TRMB,Trimble Inc.,-0.24,13.79,100,100,11,Industrials,Industrial Machinery/Components
TOL,"Toll Brothers, Inc.",-3.08,-8.67,70,90,54,Consumer Discretionary,Homebuilding
AKZOY,Akzo Nobel N.V.,0.61,2.79,100,100,55,Basic Materials,Specialty Chemicals
DRS,"Leonardo DRS, Inc.",-5.43,9.07,71,82,58,Industrials,Industrial Machinery/Components
BLMOY,BLMOY,0.0,-6.98,21,51,52,Industrials,Building Products & Equipment
TME,Tencent Music Entertainment Group,2.0,16.29,100,100,7,Consumer Discretionary,Broadcasting
BLHWF,BELIMO Holding AG,0.0,0.0,84,100,86,Industrials,Building Products & Equipment
APA,APA,5.07,13.47,100,100,87,Energy,Oil & Gas Production
ONTO,Onto Innovation Inc.,-9.75,-42.31,0,0,80,Industrials,Industrial Machinery/Components
ARXCY,ARXCY,0.0,8.76,92,100,54,Energy,Oil & Gas E&P
MXUBY,MXUBY,-6.01,-24.3,0,0,2,,
DSEEY,Daiwa Securities Group Inc.,0.27,13.88,100,100,86,Financial Services,Capital Markets
NIOIF,NIO Inc.,0.0,0.0,84,100,23,Consumer Cyclical,Auto Manufacturers
SNN,Smith & Nephew plc,0.31,13.36,100,100,38,Health Care,Industrial Specialties
TFII,TFI International Inc.,-4.55,-1.77,29,62,81,Industrials,Trucking Freight/Courier Services
SNLAF,Sino Land Company Limited,0.0,3.03,92,100,92,Real Estate,Real Estate - Development
TDHOY,"T&D Holdings, Inc.",0.0,9.04,100,100,87,Financial Services,Insurance - Life
NIO,NIO Inc.,1.71,-5.93,74,100,14,Industrials,Auto Manufacturing
HKTTF,HKT Trust and HKT Limited,0.0,0.0,100,100,69,Communication Services,Telecom Services
FIVE,"Five Below, Inc.",0.72,16.52,100,100,64,Consumer Discretionary,Department/Specialty Retail Stores
ALGN,"Align Technology, Inc.",2.55,6.77,84,100,48,Health Care,Industrial Specialties
QXO,"QXO, Inc.",-5.96,-22.45,3,24,4,Consumer Discretionary,RETAIL: Building Materials
DT,"Dynatrace, Inc.",-0.05,-0.07,88,100,43,Technology,Computer Software: Prepackaged Software
SWK,"Stanley Black & Decker, Inc.",-1.21,-1.14,100,100,78,Consumer Discretionary,Industrial Machinery/Components
CRBG,"Corebridge Financial, Inc.",-1.73,10.9,98,100,51,Finance,Life Insurance
OCPNF,Olympus Corporation,0.0,9.89,100,100,37,Healthcare,Medical Devices
VARRY,Vår Energi ASA,0.0,1.52,90,97,87,Energy,Oil & Gas E&P
ACRFF,Accor SA,0.0,-12.35,19,51,32,Consumer Cyclical,Lodging
AVY,Avery Dennison Corporation,-1.18,2.95,100,100,30,Consumer Discretionary,Containers/Packaging
PRDSF,Prada S.p.A.,0.0,0.62,61,100,29,Consumer Cyclical,Luxury Goods
ATGFF,AltaGas Ltd.,0.61,7.12,89,100,75,Energy,Oil & Gas Midstream
PNW,Pinnacle West Capital Corporation,-2.9,-4.41,0,85,53,Utilities,Electric Utilities: Central
KTOS,"Kratos Defense & Security Solutions, Inc.",-9.79,-11.99,0,3,3,Industrials,Military/Government/Technical
DLAKY,Deutsche Lufthansa AG,0.68,-8.77,54,88,76,Industrials,Airlines
SBHGF,"SBI Holdings, Inc.",2.33,6.16,91,100,5,Financial Services,Financial Conglomerates
SITIY,SITC International Holdings Company Limited,0.0,21.51,100,100,88,Industrials,Marine Shipping
BTSGU,"BrightSpring Health Services, Inc.",-4.17,0.11,58,81,97,Health Care,Medical/Nursing Services
AGNCO,AGNC Investment Corp.,-0.04,2.15,100,100,46,Real Estate,Real Estate Investment Trusts
AGNCZ,AGNC Investment Corp.,0.04,2.0,100,100,44,Real Estate,REIT - Mortgage
SVTMF,SM Investments Corporation,0.0,0.0,100,100,13,Consumer Cyclical,Department Stores
HL,Hecla Mining Company,-2.75,-8.3,5,36,58,Industrials,Mining & Quarrying of Nonmetallic Minerals (No Fuels)
SKFRY,AB SKF (publ),-1.38,2.95,86,100,43,Industrials,Tools & Accessories
VIAV,Viavi Solutions Inc.,-8.18,-32.5,0,0,95,Technology,Semiconductors
YASKY,YASKAWA Electric Corporation,-3.85,-35.97,0,0,27,Industrials,Electrical Equipment & Parts
TDHOF,"T&D Holdings, Inc.",0.0,-1.12,76,100,1,Financial Services,Insurance - Life
BDWBY,Budweiser Brewing Company APAC Limited,0.0,10.16,100,100,20,Consumer Defensive,Beverages - Brewers
MIUFY,Mitsubishi HC Capital Inc.,0.0,4.5,96,100,45,Financial Services,Credit Services
JOBY,"Joby Aviation, Inc.",-8.53,-25.45,0,0,2,Industrials,Aerospace
SOTGY,Sunny Optical Technology (Group) Company Limited,5.14,1.17,100,100,23,Technology,Electronic Components
POAHY,Porsche Automobil Holding SE,2.18,8.25,100,100,19,Consumer Cyclical,Auto Manufacturers
BDWBF,Budweiser Brewing Company APAC Limited,0.0,1.72,53,80,13,Consumer Defensive,Beverages - Brewers
CRDIY,"Yokohama Financial Group, Inc.",-4.11,0.56,15,66,87,Financial Services,Banks - Regional
ZBRA,Zebra Technologies Corporation,-0.5,7.49,100,100,57,Industrials,Industrial Machinery/Components
HBM,Hudbay Minerals Inc.,0.92,-6.9,67,96,80,Basic Materials,Metal Mining
HNSDF,Hensoldt AG,0.0,2.31,92,100,14,Industrials,Aerospace & Defense
COKE,"Coca-Cola Consolidated, Inc.",-1.34,0.91,100,100,80,Consumer Staples,Beverages (Production/Distribution)
FHN,First Horizon Corporation,-0.96,0.51,100,100,60,Finance,Major Banks
MDGL,"Madrigal Pharmaceuticals, Inc.",1.5,1.85,87,100,80,Health Care,Biotechnology: Pharmaceutical Preparations
CPYYY,Centrica plc,-0.12,-9.61,9,16,12,Utilities,Utilities - Independent Power Producers
GDDY,GoDaddy Inc.,2.12,23.82,100,100,32,Technology,EDP Services
CACI,CACI International Inc,-4.37,5.3,80,87,22,Technology,EDP Services
GBLBY,Groupe Bruxelles Lambert SA,0.0,6.01,50,81,54,Financial Services,Asset Management
ASEKF,Aisin Corporation,0.0,0.7,16,72,1,Consumer Cyclical,Auto Parts
KLPEF,Klépierre SA,0.0,9.09,100,100,60,Real Estate,REIT - Retail
AIT,AIT,-3.93,-1.12,72,86,72,Consumer Discretionary,Industrial Specialties
MGM,MGM,-0.8,-4.14,69,100,78,Consumer Discretionary,Hotels/Resorts
GBLBF,Groupe Bruxelles Lambert SA,0.0,-1.41,100,100,42,Financial Services,Asset Management
SKBSY,Skanska AB (publ),-1.33,1.86,100,100,44,Industrials,Engineering & Construction
BMRN,BioMarin Pharmaceutical Inc.,-1.13,7.25,100,100,58,Health Care,Biotechnology: Pharmaceutical Preparations
SIEVF,D'Ieteren Group SA,1.39,2.07,100,100,26,Consumer Cyclical,Auto & Truck Dealerships
TRYIY,"Toray Industries, Inc.",0.28,1.58,100,100,41,Consumer Cyclical,Textile Manufacturing
PAG,"Penske Automotive Group, Inc.",1.56,24.86,100,100,88,Consumer Discretionary,Retail-Auto Dealers and Gas Stations
BMNR,"Bitmine Immersion Technologies, Inc.",-5.58,24.64,71,82,3,Finance,Finance: Consumer Services
QBCRF,Quebecor Inc.,-0.22,-2.4,34,100,85,Communication Services,Telecom Services
CGNX,Cognex Corporation,-4.21,-20.16,0,0,83,Industrials,Industrial Machinery/Components
SKUFF,AB SKF (publ),0.0,0.0,100,100,29,Industrials,Tools & Accessories
CLX,CLX,-0.69,4.39,100,100,24,Consumer Discretionary,Specialty Chemicals
IT,"Gartner, Inc.",6.29,27.8,100,100,12,Consumer Discretionary,Other Consumer Services
GSAT,"Globalstar, Inc.",-0.59,-3.35,68,100,94,Consumer Discretionary,Telecommunications Equipment
JEF,Jefferies Financial Group Inc.,-3.72,10.24,80,90,43,Finance,Investment Bankers/Brokers/Service
OBICY,OBICY,4.15,24.66,100,100,33,Technology,Software - Application
AKAAF,Aker ASA,0.0,11.5,98,100,98,Industrials,Conglomerates
CCK,CCK,-1.19,7.1,100,100,71,Industrials,Containers/Packaging
CLILF,CapitaLand Investment Limited,0.0,9.29,98,100,32,Real Estate,Real Estate Services
SGGEF,The Sage Group plc,15.38,16.97,100,100,21,Technology,Software - Application
ORKLY,Orkla ASA,1.29,4.46,100,100,34,Consumer Defensive,Packaged Foods
EHC,Encompass Health Corporation,-1.92,12.8,97,100,52,Health Care,Hospital/Nursing Management
EMBJ,EMBJ,-2.07,6.42,94,100,55,Industrials,Aerospace
SKSBF,Skanska AB (publ),0.0,6.24,100,100,38,Industrials,Engineering & Construction
MAEOY,Manila Electric Company,0.0,0.0,84,100,50,Utilities,Utilities - Regulated Electric
FRT,Federal Realty Investment Trust,-0.27,2.84,100,100,77,Real Estate,Real Estate Investment Trusts
SUZ,Suzano S.A.,-1.31,6.96,100,100,20,Basic Materials,Paper
SLLDY,Sanlam Limited,-1.34,-4.62,34,89,33,Financial Services,Insurance - Life
DPZ,DPZ,2.72,21.61,100,100,24,Consumer Discretionary,Food Distributors
WTS,"Watts Water Technologies, Inc.",-3.01,-14.13,8,60,71,Industrials,Metal Fabrications
TMXXF,TMX Group Limited,0.0,12.43,100,100,27,Financial Services,Financial Data & Stock Exchanges
KHOLY,Koç Holding A.S.,0.0,2.87,96,100,34,Industrials,Conglomerates
BMXXY,bioMérieux S.A.,4.6,5.25,100,100,8,Healthcare,Diagnostics & Research
SGPYY,The Sage Group plc,9.36,26.2,100,100,35,Technology,Software - Application
RKUNY,"Rakuten Group, Inc.",1.75,12.72,100,100,28,Consumer Cyclical,Internet Retail
SFD,"Smithfield Foods, Inc.",0.89,12.7,100,100,65,Consumer Staples,Meat/Poultry/Fish
WTFCN,Wintrust Financial Corporation,-0.15,1.84,100,100,43,Finance,Major Banks
ISUZY,Isuzu Motors Limited,1.21,13.34,100,100,53,Consumer Cyclical,Auto Manufacturers
MGYOY,MOL Magyar Olaj- és Gázipari Nyilvánosan Muködo Részvénytársaság,3.75,16.91,100,100,84,Energy,Oil & Gas Refining & Marketing
SNTMF,SenseTime Group Inc.,0.0,3.35,92,100,8,Technology,Software - Application
AAVXF,ABIVAX Société Anonyme,0.0,73.68,100,100,90,Healthcare,Biotechnology
FINGF,Finning International Inc.,-4.65,-5.76,5,30,60,Industrials,Industrial Distribution
CHBAY,"The Chiba Bank, Ltd.",0.0,13.33,100,100,92,Financial Services,Banks - Regional
UMBFO,UMB Financial Corporation,0.27,-0.34,100,100,40,Finance,Major Banks
SMGZY,Smiths Group plc,-1.98,1.61,81,100,39,Industrials,Specialty Industrial Machinery
SIRI,Sirius XM Holdings Inc.,2.87,10.32,100,100,90,Consumer Discretionary,Broadcasting
MICC,The Magnum Ice Cream Company N.V.,-1.41,4.77,85,100,78,Consumer Staples,Specialty Foods
ALBKY,Alpha Bank S.A.,0.88,-0.07,100,100,65,Financial Services,Banks - Regional
BDOUY,"BDO Unibank, Inc.",-6.43,-0.71,23,64,21,Financial Services,Banks - Regional
HLI,"Houlihan Lokey, Inc.",-4.39,3.69,71,82,11,Finance,Investment Managers
KAIKY,"Kawasaki Kisen Kaisha, Ltd.",0.0,22.04,100,100,66,Industrials,Marine Shipping
SNCAF,AtkinsRéalis Group Inc.,-2.2,-0.36,49,98,19,Industrials,Engineering & Construction
OGE,OGE Energy Corp.,-3.06,-0.94,39,89,49,Utilities,Electric Utilities: Central
R,"Ryder System, Inc.",-0.73,-2.1,23,88,83,Consumer Discretionary,Rental/Leasing Companies
PSHZF,"Pershing Square Holdings, Ltd.",0.22,1.56,48,100,14,,
AAL,American Airlines Group Inc.,-3.39,-17.87,33,51,72,Consumer Discretionary,Air Freight/Delivery Services
SPIIY,SPIIY,-0.15,-5.9,20,57,29,Industrials,Engineering & Construction
FCFS,"FirstCash Holdings, Inc.",-2.18,-6.52,38,69,75,Consumer Discretionary,Other Specialty Stores
KKOYY,Kesko Oyj,0.33,12.49,100,100,50,Consumer Defensive,Grocery Stores
BXP,"BXP, Inc.",4.3,10.04,100,100,65,Real Estate,Real Estate Investment Trusts
BROS,Dutch Bros Inc.,-0.09,-10.03,29,71,62,Consumer Discretionary,Restaurants
MTLHY,Mitsubishi Chemical Group Corporation,0.0,4.47,100,100,78,Basic Materials,Specialty Chemicals
LUNR,"Intuitive Machines, Inc.",-7.92,-46.75,0,0,4,Industrials,Industrial Machinery/Components
GME,GameStop Corp.,-1.44,-1.09,65,100,21,Consumer Discretionary,Electronics Distribution
BAH,BAH,-4.13,15.66,86,91,12,Consumer Discretionary,Professional Services
TRYIF,"Toray Industries, Inc.",0.0,0.0,100,100,39,Consumer Cyclical,Textile Manufacturing
MKTAY,Makita Corporation,-3.37,-6.44,6,69,39,Industrials,Tools & Accessories
HLLGY,HELLA GmbH & Co. KGaA,0.0,0.0,100,100,25,Consumer Cyclical,Auto Parts
NCLTY,"Nitori Holdings Co., Ltd.",2.76,10.39,100,100,41,Consumer Cyclical,"Furnishings, Fixtures & Appliances"
CART,Maplebear Inc.,0.04,-3.61,74,100,55,Consumer Discretionary,Business Services
MASI,Masimo Corporation,0.0,0.0,0,0,36,Health Care,Biotechnology: Electromedical & Electrotherapeutic Apparatus
SIMO,Silicon Motion Technology Corporation,-5.3,-37.1,0,0,97,Technology,Semiconductors
ONBPP,Old National Bancorp,-0.01,1.09,100,100,42,Finance,Major Banks
SSB,SouthState Bank Corporation,-0.83,5.82,100,100,56,Finance,Major Banks
ASGLY,AGC Inc.,-5.12,-10.72,16,51,55,Industrials,Conglomerates
ACLIF,Accelleron Industries AG,0.0,1.66,87,100,62,Industrials,Specialty Industrial Machinery
MAKSF,Marks and Spencer Group plc,0.0,16.9,100,100,53,Consumer Cyclical,Department Stores
DDS,DDS,0.03,11.49,100,100,44,Consumer Discretionary,Department/Specialty Retail Stores
SUMCF,Sumco Corporation,-5.3,-22.52,0,0,93,Technology,Semiconductor Equipment & Materials
RRC,Range Resources Corporation,4.31,7.31,100,100,43,Energy,Oil & Gas Production
IESFY,Interconexión Eléctrica S.A. E.S.P.,0.0,-0.84,82,100,86,Utilities,Utilities - Regulated Electric
NRKBF,NKT A/S,0.0,0.0,84,100,89,Industrials,Electrical Equipment & Parts
JSNSF,J Sainsbury plc,0.0,6.53,60,80,49,Consumer Defensive,Grocery Stores
CUBE,CubeSmart,-0.16,8.13,100,100,55,Real Estate,Real Estate Investment Trusts
LGN,Legence Corp.,-10.35,-37.72,0,0,59,Consumer Discretionary,Engineering & Construction
GMWKF,Games Workshop Group PLC,2.08,-6.82,57,100,65,Consumer Cyclical,Leisure
MSGS,Madison Square Garden Sports Corp.,0.11,-0.83,100,100,92,Consumer Discretionary,Services-Misc. Amusement & Recreation
SNEX,StoneX Group Inc.,-2.98,-8.77,35,66,87,Finance,Investment Bankers/Brokers/Service
BRKR,Bruker Corporation,-1.86,2.59,97,100,93,Industrials,Biotechnology: Laboratory Analytical Instruments
INPOY,InPost S.A.,-0.46,1.74,84,100,60,Industrials,Integrated Freight & Logistics
DTCWY,Deutsche Wohnen SE,0.0,2.85,100,100,22,Real Estate,Real Estate Services
LEVI,Levi Strauss & Co.,-3.1,0.01,77,92,68,Consumer Discretionary,Apparel
ALGM,"Allegro MicroSystems, Inc.",-5.19,-39.37,0,0,70,Technology,Semiconductors
SHZHY,Shenzhou International Group Holdings Limited,1.41,15.63,100,100,14,Consumer Cyclical,Textile Manufacturing
PSORF,Pearson plc,0.0,0.0,100,100,63,Communication Services,Publishing
NSANF,"Nissan Motor Co., Ltd.",2.38,7.5,97,100,22,Consumer Cyclical,Auto Manufacturers
ALNPY,ANA Holdings Inc.,0.0,8.38,100,100,45,Industrials,Airlines
WTCHF,WiseTech Global Limited,0.0,21.37,70,88,3,Technology,Software - Application
TKHVY,Türk Hava Yollari Anonim Ortakligi,0.0,-2.24,81,100,38,Industrials,Airlines
INPOF,InPost S.A.,0.0,0.0,84,100,78,Industrials,Integrated Freight & Logistics
NUVL,Nuvalent Inc,0.0,0.0,51,38,36,Health Care,Biotechnology: Pharmaceutical Preparations
SPHXF,"SM Prime Holdings, Inc.",0.0,5.82,95,100,1,Real Estate,Real Estate - Diversified
NSANY,"Nissan Motor Co., Ltd.",4.3,17.47,100,100,26,Consumer Cyclical,Auto Manufacturers
EMN,EMN,-1.26,0.45,76,100,33,Industrials,Major Chemicals
RTLLF,RATIONAL Aktiengesellschaft,9.35,9.07,100,100,39,Industrials,Specialty Industrial Machinery
NCLTF,"Nitori Holdings Co., Ltd.",0.0,-12.52,17,50,9,Consumer Cyclical,"Furnishings, Fixtures & Appliances"
XP,XP Inc.,-2.92,0.31,68,93,20,Finance,Investment Bankers/Brokers/Service
PSPSF,PSP Swiss Property AG,0.0,0.0,100,100,33,Real Estate,Real Estate Services
WIGBY,WiseTech Global Limited,2.36,1.29,100,100,3,Technology,Software - Application
ICL,ICL Group Ltd,-2.67,2.41,75,95,18,Industrials,Agricultural Chemicals
GGAL,Grupo Financiero Galicia S.A.,-0.08,-1.76,30,85,61,Finance,Commercial Banks
CFR,"Cullen/Frost Bankers, Inc.",-0.08,8.03,100,100,78,Finance,Major Banks
WRFRF,Wharf Real Estate Investment Company Limited,0.0,0.0,84,100,60,Real Estate,Real Estate Services
FR,"First Industrial Realty Trust, Inc.",-1.28,6.56,69,98,67,Real Estate,Real Estate Investment Trusts
KT,KT Corporation,-2.34,6.19,91,98,21,Telecommunications,Telecommunications Equipment
ACKDF,Auckland International Airport Limited,0.0,7.17,100,100,50,Industrials,Airports & Air Services
CMC,Commercial Metals Company,-3.38,8.86,88,93,49,Industrials,Steel/Iron Ore
NCLH,Norwegian Cruise Line Holdings Ltd.,-2.21,-1.71,95,99,39,Consumer Discretionary,Marine Transportation
BRRLY,Barry Callebaut AG,1.61,0.47,59,100,30,Consumer Defensive,Confectioners
HLTOY,Hellenic Telecommunications Organization S.A.,0.97,8.27,100,100,73,Communication Services,Telecom Services
RYAN,"Ryan Specialty Holdings, Inc.",1.02,23.09,100,100,48,Finance,Specialty Insurers
AIXXF,AIXTRON SE,-6.58,-36.21,0,0,92,Technology,Semiconductor Equipment & Materials
ENS,EnerSys,-3.88,-24.54,0,0,73,Technology,Industrial Machinery/Components
NEMKY,Nemetschek SE,2.36,17.71,100,100,12,Technology,Software - Application
BYCBF,Barry Callebaut AG,0.0,1.08,100,100,30,Consumer Defensive,Confectioners
AIIXY,AIXTRON SE,-3.54,-37.59,0,0,92,Technology,Semiconductor Equipment & Materials
YAMHF,"Yamaha Motor Co., Ltd.",9.76,17.93,100,100,74,Consumer Cyclical,Auto Manufacturers
NEMTF,Nemetschek SE,0.0,0.0,84,100,3,Technology,Software - Application
BLDR,"Builders FirstSource, Inc.",-8.03,-24.27,0,20,4,Consumer Discretionary,RETAIL: Building Materials
FNMAN,Federal National Mortgage Association,0.0,-7.65,51,81,7,Financial Services,Mortgage Finance
FNMAK,Federal National Mortgage Association,3.7,-8.2,61,92,7,Financial Services,Mortgage Finance
FNMAT,Federal National Mortgage Association,1.84,-5.63,71,100,7,Financial Services,Mortgage Finance
FNMFM,Federal National Mortgage Association,1.24,-13.89,17,38,3,Financial Services,Mortgage Finance
FNMAS,Federal National Mortgage Association,-0.74,-13.92,29,65,8,Financial Services,Mortgage Finance
XNGSF,ENN Energy Holdings Limited,0.0,6.57,100,100,6,Utilities,Utilities - Regulated Gas
KBDCF,Kingboard Holdings Limited,0.0,0.0,84,100,99,Industrials,Conglomerates
AGCO,AGCO Corporation,-6.09,-2.95,56,71,43,Industrials,Industrial Machinery/Components
FITGF,FIT Hon Teng Limited,0.0,-20.56,10,21,58,Technology,Electronic Components
NEXNY,Nexans S.A.,0.0,-6.53,26,100,43,Industrials,Electrical Equipment & Parts
MLSPF,Melrose Industries PLC,2.34,3.3,89,100,18,Industrials,Specialty Industrial Machinery
STJPF,St. James's Place plc,-5.81,-10.18,0,9,11,Financial Services,Asset Management
AMG,AMG,-2.72,6.4,82,95,87,Finance,Investment Managers
WILYY,Demant A/S,0.0,7.32,100,100,68,Healthcare,Medical Devices
SKPJY,SKY Perfect JSAT Corporation,0.0,-12.84,0,17,98,Communication Services,Broadcasting
SKPJF,SKY Perfect JSAT Corporation,0.0,0.0,84,100,18,Communication Services,Broadcasting
KLYCY,Kunlun Energy Company Limited,0.0,14.49,78,90,28,Energy,Oil & Gas Refining & Marketing
HALO,"Halozyme Therapeutics, Inc.",-0.2,6.4,100,100,82,Health Care,Biotechnology: Biological Products (No Diagnostic Substances)
IBRX,"ImmunityBio, Inc.",-2.01,-21.99,0,2,95,Health Care,Biotechnology: Biological Products (No Diagnostic Substances)
CAMT,Camtek Ltd.,-9.35,-22.16,0,11,23,Technology,Electronic Components
SSL,Sasol Limited,5.2,17.52,85,100,90,Energy,Oil & Gas Production
TOTDF,TOTO LTD.,0.0,-21.11,8,19,90,Industrials,Building Products & Equipment
TOPPY,TOPPAN Holdings Inc.,8.07,-20.18,26,35,27,Industrials,Conglomerates
SDXOF,Sodexo S.A.,0.0,12.86,100,100,69,Industrials,Specialty Business Services
VIRT,"Virtu Financial, Inc.",-1.26,-2.75,32,61,89,Finance,Investment Bankers/Brokers/Service
ALBHF,Alibaba Health Information Technology Limited,0.0,6.04,80,100,4,Healthcare,Pharmaceutical Retailers
CLF,Cleveland-Cliffs Inc.,-5.01,21.19,78,85,32,Basic Materials,Metal Mining
PDI,PIMCO Dynamic Income Fund,-0.93,-3.4,53,100,28,Finance,Trusts Except Educational Religious and Charitable
PTBRY,PT Bank Negara Indonesia (Persero) Tbk,-2.92,2.54,43,76,11,Financial Services,Banks - Regional
SCABY,Svenska Cellulosa Aktiebolaget SCA (publ),0.0,8.77,98,100,21,Basic Materials,Paper & Paper Products
VLVCY,Volvo Car AB (publ.),3.03,9.38,72,100,9,Consumer Cyclical,Auto Manufacturers
VLYPP,Valley National Bancorp,0.12,1.95,100,100,43,Finance,Major Banks
VLY,VLY,-1.45,-2.53,22,100,76,Finance,Major Banks
VLVOF,Volvo Car AB (publ.),0.0,-1.28,14,62,7,Consumer Cyclical,Auto Manufacturers
ECG,"Everus Construction Group, Inc.",-6.88,-34.22,0,0,53,Consumer Discretionary,Homebuilding
RGEDF,Gedeon Richter PLC,1.49,-2.72,42,97,1,Healthcare,Drug Manufacturers - Specialty & Generic
KEX,Kirby Corporation,-9.85,-3.6,19,48,50,Consumer Discretionary,Marine Transportation
WJRYY,West Japan Railway Company,3.36,17.63,100,100,34,Industrials,Railroads
PLLIF,Pirelli & C. S.p.A.,0.0,23.02,98,100,73,Consumer Cyclical,Auto Parts
UGI,UGI Corporation,-0.6,6.31,96,100,40,Utilities,Natural Gas Distribution
CHOLF,China Oilfield Services Limited,0.0,0.0,100,100,19,Energy,Oil & Gas Equipment & Services
CORT,Corcept Therapeutics Incorporated,-1.32,6.9,78,100,95,Health Care,Biotechnology: Pharmaceutical Preparations
FLY,Firefly Aerospace Inc.,-7.66,-39.32,0,0,2,Industrials,Military/Government/Technical
CHRD,Chord Energy Corporation,5.95,19.4,97,100,76,Energy,Oil & Gas Production
NE,Noble Corporation plc,4.62,9.95,74,90,63,Energy,Oil & Gas Production
ATR,"AptarGroup, Inc.",-1.15,8.81,100,100,44,Industrials,Plastic Products
VOYA,"Voya Financial, Inc.",-1.19,9.16,100,100,83,Finance,Life Insurance
HQY,"HealthEquity, Inc.",2.85,15.29,100,100,72,Consumer Discretionary,Business Services
HULCF,"Hulic Co., Ltd.",0.0,0.0,84,100,1,Real Estate,Real Estate Services
THNPY,Technip Energies N.V.,-0.83,-1.37,45,92,18,Energy,Oil & Gas Equipment & Services
CDP,COPT Defense Properties,-0.42,4.64,100,100,82,Real Estate,Real Estate Investment Trusts
STAG,"STAG Industrial, Inc.",-4.44,2.23,39,80,46,Real Estate,Real Estate Investment Trusts
JXN,Jackson Financial Inc.,-2.02,17.65,86,100,67,Finance,Life Insurance
PLXS,Plexus Corp.,-3.83,-20.02,0,23,88,Technology,Electrical Products
NOV,NOV Inc.,-3.83,2.75,55,73,63,Consumer Discretionary,Oil and Gas Field Machinery
SHTDF,Sinopharm Group Co. Ltd.,0.0,0.0,100,100,20,Healthcare,Medical Distribution
TSUKF,"Toyo Suisan Kaisha, Ltd.",0.0,4.11,93,100,9,Consumer Defensive,Packaged Foods
NEU,NewMarket Corporation,0.6,-0.46,100,100,65,Industrials,Major Chemicals
UMICY,Umicore SA,-0.04,-0.78,68,100,67,Industrials,Waste Management
CIG,Companhia Energética de Minas Gerais - CEMIG,-2.3,3.09,79,98,42,Utilities,Electric Utilities: Central
ESAIY,"Eisai Co., Ltd.",5.87,23.6,100,100,52,Healthcare,Drug Manufacturers - Specialty & Generic
SPXSF,Spirax Group plc,0.0,2.71,100,100,45,Industrials,Specialty Industrial Machinery
SNROF,"Sanrio Company, Ltd.",2.63,33.55,100,100,5,Consumer Cyclical,Specialty Retail
MIDD,The Middleby Corporation,-1.53,-3.88,45,100,67,Industrials,Industrial Machinery/Components
JBTM,JBT Marel Corporation,-3.15,-2.65,82,92,44,Industrials,Industrial Machinery/Components
SHMXY,SHMXY,0.0,17.65,98,100,59,Technology,Scientific & Technical Instruments
CEVMY,CTS Eventim AG & Co. KGaA,3.77,19.72,100,100,13,Communication Services,Entertainment
LGFRY,Longfor Group Holdings Limited,3.9,18.72,100,100,10,Real Estate,Real Estate - Development
RIG,RIG,-0.8,1.23,36,69,50,Energy,Oil & Gas Production
SPXSY,Spirax Group plc,-1.82,1.56,89,100,36,Industrials,Specialty Industrial Machinery
TTAN,"ServiceTitan, Inc.",7.44,19.11,100,100,46,Technology,Computer Software: Prepackaged Software
MTLPF,MTLPF,2.71,28.19,94,96,26,,
EXP,Eagle Materials Inc.,-5.47,-6.71,57,74,30,Industrials,Building Materials
DKDRF,NewMed Energy - Limited Partnership,0.0,4.08,98,100,46,Energy,Oil & Gas E&P
SNROY,SNROY,0.0,23.64,95,100,39,Consumer Cyclical,Specialty Retail
SRUUF,Sprott Physical Uranium Trust Fund,-0.27,-0.54,49,91,26,Energy,Uranium
AACAY,AAC Technologies Holdings Inc.,0.2,-9.39,35,87,42,Technology,Communication Equipment
HXL,Hexcel Corporation,-4.02,5.55,75,88,86,Industrials,Major Chemicals
UEC,UEC,-4.24,-15.2,0,23,5,Basic Materials,Other Metals and Minerals
ASXFF,ASX Limited,0.0,-1.46,46,69,28,Financial Services,Financial Data & Stock Exchanges
KGS,"Kodiak Gas Services, Inc.",-2.67,-26.79,0,0,81,Utilities,Natural Gas Distribution
SHTDY,Sinopharm Group Co. Ltd.,1.72,9.36,100,100,28,Healthcare,Medical Distribution
VFC,V.F. Corporation,-17.37,-9.59,0,6,21,Industrials,Garments and Clothing
KIGRY,KION GROUP AG,-0.42,8.5,87,100,13,Industrials,Farm & Heavy Construction Machinery
PUODY,"Promotora y Operadora de Infraestructura, S. A. B. de C. V.",0.0,2.48,100,100,62,Industrials,Infrastructure Operations
PNDRY,PNDRY,0.79,7.25,100,100,84,Consumer Cyclical,Luxury Goods
PAYC,"Paycom Software, Inc.",4.45,34.4,100,100,55,Technology,Computer Software: Prepackaged Software
LAD,"Lithia Motors, Inc.",19.3,47.16,100,100,89,Consumer Discretionary,Retail-Auto Dealers and Gas Stations
RKGRY,RKGRY,0.0,14.09,85,100,19,Industrials,Aerospace & Defense
POOL,Pool Corporation,0.67,-9.98,36,64,9,Consumer Discretionary,Industrial Specialties
KCDMY,"Kimberly-Clark de México, S. A. B. de C. V.",-0.6,6.31,100,100,60,Consumer Defensive,Household & Personal Products
ROAD,"Construction Partners, Inc.",-2.47,-12.41,83,97,23,Industrials,Military/Government/Technical
FBASF,Fibra UNO,0.0,3.15,100,100,58,Real Estate,REIT - Diversified
YTLCF,YTLCF,0.0,0.0,84,100,65,Utilities,Utilities - Diversified
INGM,Ingram Micro Holding Corporation,0.2,9.84,100,100,79,Technology,Retail: Computer Software & Peripheral Equipment
CENX,Century Aluminum Company,-2.96,-7.28,38,63,60,Industrials,Aluminum
FSS,Federal Signal Corporation,-5.04,-12.94,3,39,33,Industrials,Auto Manufacturing
KGFHY,Kingfisher plc,-0.84,9.15,100,100,48,Consumer Cyclical,Home Improvement Retail
SSRM,SSR Mining Inc.,-1.57,-11.56,7,26,65,Industrials,Precious Metals
ASXFY,ASX Limited,0.78,5.73,94,100,31,Financial Services,Financial Data & Stock Exchanges
DELHF,De'Longhi S.p.A.,0.0,0.0,84,100,58,Consumer Cyclical,"Furnishings, Fixtures & Appliances"
ETSY,"Etsy, Inc.",-1.03,13.61,100,100,85,Consumer Discretionary,Business Services
HBRIY,Harbour Energy plc,3.8,11.95,60,76,47,Energy,Oil & Gas E&P
PTGX,"Protagonist Therapeutics, Inc.",-2.81,8.5,67,94,94,Health Care,Biotechnology: Pharmaceutical Preparations
INGR,Ingredion Incorporated,-0.94,8.36,100,100,18,Consumer Staples,Packaged Foods
FLR,FLR,-5.09,-10.61,0,27,24,Industrials,Military/Government/Technical
SYRE,"Spyre Therapeutics, Inc.",-2.09,10.24,82,95,98,Health Care,Biotechnology: Pharmaceutical Preparations
KIROY,Kumba Iron Ore Limited,-2.77,-13.49,18,52,15,Basic Materials,Steel
VNO,VNO,1.47,3.44,100,100,74,Real Estate,Real Estate Investment Trusts
MSSMY,MISUMI Group Inc.,-5.81,-16.08,0,0,75,Industrials,Tools & Accessories
NNCHY,Nissan Chemical Corporation,0.0,-9.45,1,25,73,Basic Materials,Chemicals
MAC,The Macerich Company,-1.58,3.57,99,100,88,Real Estate,Real Estate Investment Trusts
DFILF,DFI Retail Group Holdings Limited,0.0,0.0,100,100,68,Consumer Defensive,Grocery Stores
AN,"AutoNation, Inc.",4.38,23.78,100,100,62,Consumer Discretionary,Retail-Auto Dealers and Gas Stations
WWNTY,Want Want China Holdings Limited,0.0,-16.55,7,39,6,Consumer Defensive,Packaged Foods
USAR,"USA Rare Earth, Inc.",-7.04,-39.43,0,0,4,Basic Materials,Metal Mining
AVTR,"Avantor, Inc.",15.78,45.25,100,100,87,Industrials,Biotechnology: Laboratory Analytical Instruments
FNB,F.N.B. Corporation,-0.68,-0.42,99,100,65,Finance,Major Banks
CAR,CAR,-6.9,4.75,56,72,27,Consumer Discretionary,Rental/Leasing Companies
MIRM,"Mirum Pharmaceuticals, Inc.",-4.15,-8.11,0,1,88,Health Care,Biotechnology: Pharmaceutical Preparations
KTWIY,Kurita Water Industries Ltd.,-7.68,-6.67,11,41,99,Industrials,Pollution & Treatment Controls
PCTY,Paylocity Holding Corporation,4.41,38.52,100,100,59,Technology,Computer Software: Prepackaged Software
GTX,Garrett Motion Inc.,-3.81,-20.56,0,0,94,Consumer Discretionary,Auto Parts:O.E.M.
YPHDF,Ypsomed Holding AG,0.0,9.81,96,100,64,Healthcare,Medical Instruments & Supplies
EAT,"Brinker International, Inc.",3.78,22.46,100,100,91,Consumer Discretionary,Restaurants
RRR,"Red Rock Resorts, Inc.",-0.79,0.85,100,100,68,Consumer Discretionary,Hotels/Resorts
BMA,Banco Macro S.A.,-0.03,-1.35,45,92,80,Finance,Commercial Banks
MTHRY,"M3, Inc.",3.09,8.7,100,100,48,Healthcare,Health Information Services
PHJMF,PT Hanjaya Mandala Sampoerna Tbk,0.0,-20.0,28,32,11,Consumer Defensive,Tobacco
HIMS,"Hims & Hers Health, Inc.",-14.73,-27.89,0,0,7,Health Care,Medical/Nursing Services
LOAR,Loar Holdings Inc.,-7.11,-17.49,0,14,37,Industrials,Military/Government/Technical
GLAPF,Glanbia plc,0.0,-6.47,24,72,89,Consumer Defensive,Packaged Foods
SCCTY,Scout24 SE,2.85,4.31,100,100,15,Communication Services,Internet Content & Information
CACC,Credit Acceptance Corporation,-0.33,-12.57,11,28,60,Finance,Finance: Consumer Services
UBSI,"United Bankshares, Inc.",-0.24,6.66,100,100,77,Finance,Major Banks
LNSPF,LondonMetric Property Plc,0.0,0.82,100,100,24,Real Estate,REIT - Industrial
LW,"Lamb Weston Holdings, Inc.",-1.17,25.01,100,100,56,Consumer Staples,Packaged Foods
SLFPY,Aberdeen Group Plc,0.0,4.57,100,100,71,Financial Services,Asset Management
TVAVF,The Tel-Aviv Stock Exchange Ltd.,0.0,-9.24,31,67,83,Financial Services,Financial Data & Stock Exchanges
RSI,"Rush Street Interactive, Inc.",0.26,3.46,15,52,93,Consumer Discretionary,Services-Misc. Amusement & Recreation
SIGCY,SIG Group AG,-1.66,10.66,99,100,78,Consumer Cyclical,Packaging & Containers
TAL,TAL,4.31,13.79,100,100,34,Real Estate,Other Consumer Services
FLG,"Flagstar Bank, National Association",0.72,-5.76,37,70,56,Finance,Banks
SQNNY,"Square Enix Holdings Co., Ltd.",6.43,27.27,100,100,42,Communication Services,Electronic Gaming & Multimedia
JBHIF,JB Hi-Fi Limited,0.0,0.0,84,100,11,Consumer Cyclical,Specialty Retail
ACT,"Enact Holdings, Inc.",0.77,5.75,100,100,77,Finance,Specialty Insurers
BEPC,Brookfield Renewable Corporation,-1.29,-13.47,4,44,13,Utilities,Electric Utilities: Central
POR,Portland General Electric Company,-1.66,-2.95,0,99,51,Utilities,Electric Utilities: Central
BLTE,"Belite Bio, Inc",-2.25,-1.0,74,95,88,Health Care,Biotechnology: Pharmaceutical Preparations
DFYFF,DFYFF,0.0,8.19,100,100,56,Financial Services,Insurance - Property & Casualty
ACMR,"ACM Research, Inc.",-9.33,-48.54,0,0,91,Technology,Industrial Machinery/Components
NSA,National Storage Affiliates Trust,-2.09,1.99,38,84,83,Real Estate,Real Estate Investment Trusts
COIHY,Croda International Plc,1.9,6.53,100,100,60,Basic Materials,Specialty Chemicals
TFX,Teleflex Incorporated,0.34,6.22,100,100,55,Health Care,Medical/Dental Instruments
COCSF,"Coca-Cola FEMSA, S.A.B. de C.V.",-0.16,4.27,96,100,69,Consumer Defensive,Beverages - Non-Alcoholic
BURBY,Burberry Group plc,2.99,11.69,100,100,27,Consumer Cyclical,Luxury Goods
NOVT,Novanta Inc.,-2.72,-15.08,0,18,48,Miscellaneous,Industrial Machinery/Components
GIGNY,Genting Singapore Limited,0.0,13.16,99,100,21,Consumer Cyclical,Resorts & Casinos
SBSNY,Vend Marketplaces ASA,8.77,3.8,82,100,18,Communication Services,Internet Content & Information
S,"SentinelOne, Inc.",0.98,9.13,63,96,65,Technology,Computer Software: Prepackaged Software
ESAB,ESAB Corporation,-3.08,-12.26,38,76,9,Industrials,Industrial Machinery/Components
TKMSF,TKMS AG & Co KGaA,0.0,-3.59,48,60,56,Unknown,Unknown
DELKY,Delek Group Ltd.,0.0,5.0,94,100,49,Energy,Oil & Gas E&P
ARGTF,Artemis Gold Inc.,-0.48,6.86,69,100,26,Basic Materials,Other Precious Metals & Mining
XYIGY,Xinyi Glass Holdings Limited,0.0,-0.41,85,100,29,Basic Materials,Building Materials
SKSUF,"Sekisui Chemical Co., Ltd.",0.0,1.46,89,100,1,Industrials,Conglomerates
BLCO,Bausch + Lomb Corporation,-2.47,-2.17,54,96,43,Health Care,Ophthalmic Goods
NSLYF,NSLYF,0.0,0.0,84,100,40,Consumer Defensive,Packaged Foods
KRG,Kite Realty Group Trust,-0.79,2.7,82,100,76,Real Estate,Real Estate Investment Trusts
LINRF,Liontown Limited,-5.15,-34.79,0,0,14,Basic Materials,Other Industrial Metals & Mining
HPHTY,Hamamatsu Photonics K.K.,0.0,-10.61,8,44,77,Technology,Electronic Components
ZEGLF,ZEGLF,0.0,-11.12,12,48,11,Communication Services,Telecom Services
SRTTY,"ZOZO, Inc.",0.0,2.99,91,100,25,Consumer Cyclical,Internet Retail
ALM,Almonty Industries Inc.,-10.47,-33.88,0,0,85,Basic Materials,Other Metals and Minerals
CGON,"CG Oncology, Inc.",-4.82,-2.72,34,72,92,Health Care,Biotechnology: Biological Products (No Diagnostic Substances)
MATX,"Matson, Inc.",-0.62,5.0,33,63,92,Consumer Discretionary,Marine Transportation
AUOTY,AUO Corporation,1.96,-28.85,9,15,92,Technology,Electronic Components
TMSNY,Temenos AG,2.47,2.32,79,100,27,Technology,Software - Application
TMHC,Taylor Morrison Home Corporation,0.44,1.22,89,100,67,Consumer Discretionary,Homebuilding
JDSPY,JD Sports Fashion Plc,0.0,14.52,100,100,72,Consumer Cyclical,Apparel Retail
WILWY,Wallenius Wilhelmsen ASA,0.0,0.0,84,100,89,Industrials,Marine Shipping
NAVN,"Navan, Inc.",0.8,16.13,87,100,93,Technology,Computer Software: Prepackaged Software
AUB,Atlantic Union Bankshares Corporation,-1.07,0.73,100,100,72,Finance,Major Banks
HPHTF,Hamamatsu Photonics K.K.,0.0,-7.12,37,62,79,Technology,Electronic Components
GAERF,"Grupo Aeroportuario del Centro Norte, S.A.B. de C.V.",0.0,-10.03,0,10,98,Industrials,Airports & Air Services
RANJF,Randstad N.V.,0.0,17.27,100,100,61,Industrials,Staffing & Employment Services
LPX,Louisiana-Pacific Corporation,-3.84,-6.42,56,85,19,Basic Materials,Forest Products
MTG,MGIC Investment Corporation,0.0,8.44,100,100,61,Finance,Property-Casualty Insurers
GCHEF,"Grupo Comercial Chedraui, S.A.B. de C.V.",0.0,-2.16,16,92,22,Consumer Defensive,Grocery Stores
RUSHA,"Rush Enterprises, Inc.",3.55,11.82,100,100,84,Consumer Discretionary,Retail-Auto Dealers and Gas Stations
CNVVY,Convatec Group PLC,1.31,9.11,100,100,35,Healthcare,Medical Instruments & Supplies
XENE,Xenon Pharmaceuticals Inc.,-2.83,4.54,43,80,91,Health Care,Biotechnology: Pharmaceutical Preparations
DLB,"Dolby Laboratories, Inc.",0.06,-0.08,100,100,12,Miscellaneous,Multi-Sector Companies
BB,BlackBerry Limited,-3.46,-38.26,0,0,96,Technology,Computer Software: Prepackaged Software
CRC,California Resources Corporation,2.62,-4.31,40,78,24,Energy,Oil & Gas Production
ZHEXF,"Zhejiang Expressway Co., Ltd.",0.0,4.88,93,100,19,Industrials,Infrastructure Operations
GTLB,GitLab Inc.,3.23,11.46,100,100,50,Technology,Computer Software: Prepackaged Software
CWST,"Casella Waste Systems, Inc.",-0.68,-6.69,26,65,37,Utilities,Environmental Services
SMFRF,"Sumitomo Forestry Co., Ltd.",0.0,-6.55,32,81,1,Consumer Cyclical,Residential Construction
VSEC,VSE Corporation,-7.2,-19.01,0,0,49,Consumer Discretionary,Military/Government/Technical
ARKAF,Arkema S.A.,-0.25,-0.25,100,100,59,Basic Materials,Specialty Chemicals
DUOL,"Duolingo, Inc.",-0.4,21.87,100,100,19,Technology,Computer Software: Prepackaged Software
IIDDY,IGO Limited,0.0,-18.81,4,19,48,Basic Materials,Other Industrial Metals & Mining
SIGIP,"Selective Insurance Group, Inc.",-0.25,0.06,100,100,29,Finance,Property-Casualty Insurers
CGHOF,China Gas Holdings Limited,0.0,0.0,100,100,39,Utilities,Utilities - Regulated Gas
AUTSF,AUTSF,0.0,6.76,24,18,90,,
ALK,"Alaska Air Group, Inc.",-5.7,-12.18,37,70,39,Consumer Discretionary,Air Freight/Delivery Services
DLPTF,"Liaoning Port Co., Ltd.",0.0,0.0,100,100,45,Industrials,Marine Shipping
KYSEF,"Kyushu Electric Power Company, Incorporated",0.0,6.76,97,100,1,Utilities,Utilities - Independent Power Producers
USSJY,"USS Co., Ltd.",0.0,0.19,100,100,62,Consumer Cyclical,Auto & Truck Dealerships
SMBMF,Seatrium Limited,16.09,9.37,100,100,53,Energy,Oil & Gas Equipment & Services
BCPC,Balchem Corporation,-1.25,-3.1,83,100,35,Industrials,Major Chemicals
TCLHF,TCL Electronics Holdings Limited,-1.45,15.25,100,100,88,Technology,Consumer Electronics
XMTR,"Xometry, Inc.",-2.43,-16.11,0,0,96,Consumer Discretionary,Business Services
IEP,Icahn Enterprises L.P.,-3.07,5.27,83,93,45,Consumer Discretionary,Auto Parts:O.E.M.
HCC,"Warrior Met Coal, Inc.",0.03,-2.64,60,100,50,Energy,Coal Mining
PUMSY,PUMA SE,0.0,9.36,100,100,76,Consumer Cyclical,Footwear & Accessories
KOTMY,"Koito Manufacturing Co., Ltd.",8.7,5.43,100,100,53,Consumer Cyclical,Auto Parts
NNNN,Anbio Biotechnology,14.19,-15.46,77,94,1,Health Care,Biotechnology: In Vitro & In Vivo Diagnostic Substances
NTSK,"Netskope, Inc.",-0.17,9.32,33,53,14,Technology,Computer Software: Prepackaged Software
PAM,Pampa Energía S.A.,0.14,3.51,70,100,56,Utilities,Electric Utilities: Central
BECTY,Bechtle AG,0.0,2.23,89,100,27,Technology,Information Technology Services
DNTUY,Dentsu Group Inc.,0.0,7.34,100,100,50,Communication Services,Advertising Agencies
OGS,OGS,-1.1,3.56,100,100,35,Utilities,Oil/Gas Transmission
GBTG,"Global Business Travel Group, Inc.",0.0,0.32,100,100,90,Consumer Discretionary,Transportation Services
KYSEY,"Kyushu Electric Power Company, Incorporated",-9.27,6.84,61,69,57,Utilities,Utilities - Independent Power Producers
IPGP,IPG Photonics Corporation,-4.53,-31.63,0,0,15,Technology,Semiconductors
LBRDP,Liberty Broadband Corporation,1.4,0.79,100,100,30,Telecommunications,Cable & Other Pay Television Services
LBRDK,Liberty Broadband Corporation,3.74,2.53,100,100,7,Telecommunications,Cable & Other Pay Television Services
DIOD,Diodes Incorporated,-5.23,-30.47,0,0,62,Technology,Semiconductors
XNDU,Xanadu Quantum Technologies Limited,-2.69,-19.49,0,19,17,Technology,Computer Manufacturing
AMVIF,AMVIF,7.69,-2.96,61,100,33,,
CGHLY,China Gas Holdings Limited,0.0,0.28,100,100,9,Utilities,Utilities - Regulated Gas
SITE,"SiteOne Landscape Supply, Inc.",-9.36,-18.02,0,0,5,Consumer Discretionary,Professional and commerical equipment
EIFZF,Exchange Income Corporation,-0.88,-5.01,28,100,89,Industrials,Airlines
NEXXY,Nexi S.p.A.,0.0,12.01,92,100,59,Technology,Software - Infrastructure
AYYLF,Ayala Corporation,0.0,13.92,100,100,20,Industrials,Conglomerates
CNX,CNX,1.46,2.27,100,100,32,Energy,Oil & Gas Production
MTN,"Vail Resorts, Inc.",1.87,17.52,100,100,71,Consumer Discretionary,Services-Misc. Amusement & Recreation
KVYO,"Klaviyo, Inc.",2.54,28.28,100,100,11,Technology,Computer Software: Prepackaged Software
QNTPF,XtalPi Holdings Limited,-9.95,-29.35,25,36,12,,
DNLZY,Dyno Nobel Limited,-0.58,-6.32,47,85,83,Basic Materials,Specialty Chemicals
ATAT,Atour Lifestyle Holdings Limited,0.74,11.1,100,100,29,Consumer Discretionary,Hotels/Resorts
CHEOY,Cochlear Limited,1.31,0.76,87,100,10,Healthcare,Medical Devices
NNI,"Nelnet, Inc.",0.8,3.53,100,100,41,Finance,Finance: Consumer Services
AMVOY,AMVOY,-1.31,4.01,68,100,29,Consumer Cyclical,Auto Parts
PUTKY,PT United Tractors Tbk,-1.45,5.69,58,78,14,Basic Materials,Other Industrial Metals & Mining
SEPLF,SEPLF,0.0,15.49,97,100,97,Energy,Oil & Gas E&P
RIOCF,RioCan Real Estate Investment Trust,0.44,-0.12,90,100,63,Real Estate,REIT - Retail
GSISF,Genesis Minerals Limited,5.16,17.78,99,100,49,Basic Materials,Gold
SMR,NuScale Power Corporation,-7.66,-24.33,7,20,1,Industrials,Metal Fabrications
FCN,FCN,1.98,14.37,100,100,31,Consumer Discretionary,Professional Services
UNF,UniFirst Corporation,0.23,13.89,100,100,91,Consumer Discretionary,Other Consumer Services
RLI,RLI Corp.,0.84,11.14,100,100,73,Finance,Property-Casualty Insurers
GMVHY,Entain Plc,-2.64,0.09,84,95,11,Consumer Cyclical,Gambling
KNTNF,K92 Mining Inc.,0.63,2.42,93,100,48,Basic Materials,Gold
UFPI,"UFP Industries, Inc.",-3.63,-3.34,79,89,21,Basic Materials,Forest Products
SMDPY,"Sumitomo Pharma Co., Ltd.",0.0,0.0,84,100,18,Healthcare,Drug Manufacturers - Specialty & Generic
EBC,"Eastern Bankshares, Inc.",-2.17,3.6,93,99,78,Finance,Savings Institutions
UUUU,Energy Fuels Inc.,-5.21,-25.93,0,0,3,Industrials,Mining & Quarrying of Nonmetallic Minerals (No Fuels)
MZDAY,Mazda Motor Corporation,2.23,10.57,100,100,53,Consumer Cyclical,Auto Manufacturers
AQN,Algonquin Power & Utilities Corp.,-1.97,1.71,91,100,33,Utilities,Electric Utilities: Central
HSSKY,HASEKO Corporation,0.0,0.0,84,100,41,Consumer Cyclical,Residential Construction
ACDVF,Air Canada,-1.15,4.03,100,100,83,Industrials,Airlines
IBOC,International Bancshares Corporation,-1.31,0.93,100,100,55,Finance,Major Banks
YADGF,Yadea Group Holdings Ltd.,0.0,0.0,84,100,93,Consumer Cyclical,Auto Manufacturers
COLD,"Americold Realty Trust, Inc.",1.16,-6.04,42,77,63,Real Estate,Real Estate Investment Trusts
TFSL,TFS Financial Corporation,-1.46,2.77,100,100,86,Finance,Savings Institutions
TBBB,BBB Foods Inc.,-1.08,-5.26,40,100,78,Consumer Staples,Food Chains
FRMI,Fermi Inc.,-6.69,-36.03,4,14,4,Real Estate,Real Estate Investment Trusts
HRI,Herc Holdings Inc.,-3.52,-0.22,43,58,41,Industrials,Misc Corporate Leasing Services
EXLS,"ExlService Holdings, Inc.",17.88,39.17,100,100,34,Consumer Discretionary,Business Services
NHKGF,"NHK Spring Co., Ltd.",0.0,0.0,84,100,2,Consumer Cyclical,Auto Parts
CUZ,Cousins Properties Incorporated,1.86,8.86,100,100,80,Real Estate,Real Estate Investment Trusts
ACRXF,"Acerinox, S.A.",0.0,-0.17,82,100,89,Basic Materials,Steel
KPDCF,Keppel DC REIT,-1.37,3.45,70,89,49,Real Estate,REIT - Office
AD,"Array Digital Infrastructure, Inc.",0.37,-3.12,78,100,34,Telecommunications,Telecommunications Equipment
INDV,"Indivior Pharmaceuticals, Inc.",-2.17,-2.27,86,98,91,Health Care,Biotechnology: Pharmaceutical Preparations
AVEX,AEVEX Corp.,-5.59,-31.26,18,26,2,Industrials,Aerospace
RDNT,"RadNet, Inc.",0.24,2.76,58,94,33,Health Care,Medical Specialities
KRNTY,Krones AG,0.0,-8.2,11,65,19,Industrials,Specialty Industrial Machinery
MTH,Meritage Homes Corporation,-2.23,-14.6,17,52,43,Consumer Discretionary,Homebuilding
FELE,"Franklin Electric Co., Inc.",-3.95,-1.69,72,85,49,Consumer Discretionary,Metal Fabrications
NWE,"NorthWestern Energy Group, Inc.",-2.32,-1.41,69,97,60,Utilities,Power Generation
UPCHY,Uni-President China Holdings Ltd,10.12,10.12,100,100,32,Consumer Defensive,Beverages - Non-Alcoholic
OLED,OLED,-2.59,-7.43,80,95,7,Technology,Electrical Products
SZGPY,Salzgitter AG,-7.86,13.74,54,69,87,Basic Materials,Steel
COCO,"The Vita Coco Company, Inc.",-2.93,2.12,36,66,91,Consumer Staples,Beverages (Production/Distribution)
BKGFY,The Berkeley Group Holdings plc,-0.84,-1.18,100,100,25,Consumer Cyclical,Residential Construction
TLPFF,Teleperformance SE,10.05,17.35,100,100,41,Industrials,Specialty Business Services
SFBS,"ServisFirst Bancshares, Inc.",-0.31,3.77,100,100,67,Finance,Major Banks
ELFIF,E-L Financial Corporation Limited,-0.25,0.75,100,100,45,Financial Services,Insurance - Life
PTEN,"Patterson-UTI Energy, Inc.",1.74,1.63,47,67,69,Energy,Oil & Gas Production
GRTUF,Granite Real Estate Investment Trust,0.0,2.78,47,81,69,Real Estate,REIT - Industrial
BETA,"BETA Technologies, Inc.",-7.68,1.25,24,49,9,Industrials,Aerospace
TAC,TransAlta Corporation,-2.43,-10.12,0,2,23,Utilities,Electric Utilities: Central
MANE,MANE,-3.39,-12.35,20,40,97,Health Care,Biotechnology: Pharmaceutical Preparations
RMVEY,RMVEY,3.02,11.72,100,100,21,Communication Services,Internet Content & Information
LBTYK,Liberty Global Ltd.,2.81,-6.82,65,100,25,Telecommunications,Cable & Other Pay Television Services
WYGPF,Worley Limited,0.0,-12.53,43,66,24,Energy,Oil & Gas Equipment & Services
SLM,SLM,1.98,-0.96,100,100,32,Finance,Finance: Consumer Services
HCHDF,Hochschild Mining plc,-2.33,-5.64,37,73,31,Basic Materials,Other Precious Metals & Mining
THO,"THOR Industries, Inc.",-1.53,4.6,100,100,15,Industrials,Homebuilding
HGV,Hilton Grand Vacations Inc.,-2.5,-1.81,89,96,57,Consumer Discretionary,Hotels/Resorts
SKT,Tanger Inc.,-1.26,5.35,100,100,78,Real Estate,Real Estate Investment Trusts
FMCCG,Federal Home Loan Mortgage Corporation,0.0,-3.66,90,100,8,Financial Services,Mortgage Finance
FMCCH,Federal Home Loan Mortgage Corporation,0.0,-8.77,61,94,8,Financial Services,Mortgage Finance
FMCCS,Federal Home Loan Mortgage Corporation,0.0,-12.29,38,74,6,Financial Services,Mortgage Finance
FREJP,Federal Home Loan Mortgage Corporation PFD 5.30%,0.0,-8.47,18,78,8,Unknown,Unknown
FMCCJ,Federal Home Loan Mortgage Corporation,-2.95,-7.18,59,90,7,Financial Services,Mortgage Finance
FMCCT,Federal Home Loan Mortgage Corporation,1.05,-9.63,56,85,6,Financial Services,Mortgage Finance
FREJN,Federal Home Loan Mortgage Corporation,0.0,-6.02,100,100,11,Financial Services,Mortgage Finance
FMCKN,Federal Home Loan Mortgage Corporation,0.0,-12.57,51,73,8,Financial Services,Mortgage Finance
CVCO,"Cavco Industries, Inc.",-4.05,-8.0,51,81,49,Consumer Discretionary,Homebuilding
MWH,"SOLV Energy, Inc.",-6.28,-29.93,0,0,7,Industrials,Military/Government/Technical
MNSO,MINISO Group Holding Limited,3.92,7.79,100,100,9,Consumer Discretionary,Department/Specialty Retail Stores
PSKRF,Protector Forsikring ASA,0.0,6.58,96,100,99,Financial Services,Insurance - Specialty
PSKRY,PSKRY,0.0,4.17,66,100,50,Financial Services,Insurance - Specialty
VEMLY,Venture Corporation Limited,0.0,-7.63,56,100,58,Technology,Electronic Components
LIVN,LivaNova PLC,-0.8,-0.97,91,100,90,Health Care,Biotechnology: Electromedical & Electrotherapeutic Apparatus
BCHHF,Bucher Industries AG,0.0,-3.88,27,100,12,Industrials,Specialty Industrial Machinery
GFF,Griffon Corporation,-6.29,-10.19,19,54,44,Industrials,Building Products
KRC,Kilroy Realty Corporation,1.99,5.23,97,100,62,Real Estate,Real Estate Investment Trusts
SOHVY,"Sumitomo Heavy Industries, Ltd.",0.0,-1.75,0,100,65,Industrials,Specialty Industrial Machinery
CVSA,Covista Inc.,5.78,7.17,100,100,58,Real Estate,Other Consumer Services
DNP,DNP Select Income Fund Inc.,0.0,1.76,100,100,57,Finance,Investment Managers
ERAS,"Erasca, Inc.",-2.42,-3.28,9,42,99,Health Care,Biotechnology: Pharmaceutical Preparations
NDGPF,Nine Dragons Paper (Holdings) Limited,0.0,5.56,100,100,88,Basic Materials,Paper & Paper Products
LOPE,"Grand Canyon Education, Inc.",5.89,11.32,100,100,20,Real Estate,Other Consumer Services
SLGN,Silgan Holdings Inc.,-11.16,-8.06,0,35,35,Industrials,Containers/Packaging
TUIFF,TUI AG,0.0,-2.8,54,100,20,Consumer Cyclical,Travel Services
PJT,PJT Partners Inc.,-4.7,9.37,71,83,33,Finance,Investment Managers
UCB,"United Community Banks, Inc.",-0.25,1.42,79,100,59,Finance,Major Banks
APNHY,Aspen Pharmacare Holdings Limited,4.3,-4.57,62,99,79,Healthcare,Drug Manufacturers - Specialty & Generic
VRNS,"Varonis Systems, Inc.",-9.0,-3.12,0,34,66,Technology,Computer Software: Prepackaged Software
SZGPF,Salzgitter AG,0.0,11.36,97,100,93,Basic Materials,Steel
BNL,"Broadstone Net Lease, Inc.",-1.12,7.16,89,100,77,Real Estate,Real Estate Investment Trusts
STNG,Scorpio Tankers Inc.,-0.71,13.38,100,100,80,Consumer Discretionary,Marine Transportation
RGAKF,RGAKF,-5.35,-32.33,0,0,96,,
BELFA,Bel Fuse Inc.,-3.58,-30.47,0,0,74,Technology,Electronic Components
UCTT,"Ultra Clean Holdings, Inc.",-10.23,-51.21,0,0,95,Technology,Semiconductors
NVST,Envista Holdings Corporation,5.23,7.67,100,100,74,Health Care,Medical/Dental Instruments
INSW,"International Seaways, Inc.",1.01,23.45,100,100,96,Consumer Discretionary,Marine Transportation
CRGY,Crescent Energy Company,6.05,12.53,91,100,56,Energy,Oil & Gas Production
HP,"Helmerich & Payne, Inc.",1.06,2.2,73,88,73,Energy,Oil & Gas Production
VKTX,"Viking Therapeutics, Inc.",-1.27,-14.3,1,4,40,Health Care,Biotechnology: Pharmaceutical Preparations
VLEEY,Valeo SE,1.22,16.57,100,100,85,Consumer Cyclical,Auto Parts
TCMFF,Telecom Argentina S.A.,0.0,74.25,38,43,11,Communication Services,Telecom Services
TPC,Tutor Perini Corporation,-6.46,-7.58,28,53,54,Consumer Discretionary,General Bldg Contractors - Nonresidential Bldgs
PAFRY,Pan African Resources PLC,0.0,-6.65,22,100,28,Basic Materials,Gold
IRTC,"iRhythm Holdings, Inc.",4.32,2.93,93,100,16,Health Care,Medical/Dental Instruments
UTG,Reaves Utility Income Fund,-2.76,-7.08,0,56,33,Finance,Investment Managers
MNGPF,Man Group Plc,0.0,-2.34,16,52,75,Financial Services,Asset Management
TWODF,Taylor Wimpey plc,-1.87,-1.87,64,89,16,Consumer Cyclical,Residential Construction
ACAD,ACADIA Pharmaceuticals Inc.,1.27,4.11,100,100,63,Health Care,Biotechnology: Pharmaceutical Preparations
DORM,"Dorman Products, Inc.",-1.31,3.55,100,100,64,Consumer Discretionary,Auto Parts:O.E.M.
VCYT,"Veracyte, Inc.",0.11,-5.14,25,87,95,Health Care,Medical Specialities
SKE,Skeena Resources Limited,-2.8,-3.68,31,67,66,Basic Materials,Precious Metals
CLBT,Cellebrite DI Ltd.,1.48,3.22,53,82,41,Technology,Computer Software: Prepackaged Software
AHEXY,Adecco Group AG,-0.34,58.61,100,100,63,Industrials,Staffing & Employment Services
SLTCY,Siltronic AG,0.0,7.02,38,61,90,Technology,Semiconductors
TDW,Tidewater Inc.,-2.21,9.62,62,79,63,Consumer Discretionary,Marine Transportation
JOE,The St. Joe Company,-0.55,-1.13,100,100,42,Real Estate,Homebuilding
JUMSY,Jumbo S.A.,0.0,14.67,98,100,27,Consumer Cyclical,Specialty Retail
YETI,"YETI Holdings, Inc.",-1.5,3.09,100,100,81,Consumer Discretionary,Recreational Games/Products/Toys
KFY,KFY,1.18,28.21,100,100,77,Consumer Discretionary,Diversified Commercial Services
FCXXF,First Capital Real Estate Investment Trust,-0.43,-0.54,100,100,56,Real Estate,REIT - Retail
BMI,"Badger Meter, Inc.",-0.77,-10.0,47,64,20,Industrials,Industrial Machinery/Components
TKKHF,Tikehau Capital,0.0,0.0,84,100,45,Financial Services,Asset Management
KC,Kingsoft Cloud Holdings Limited,-2.08,9.39,62,97,5,Technology,Computer Software: Prepackaged Software
BHF,"Brighthouse Financial, Inc.",-1.33,-0.63,41,100,62,Finance,Life Insurance
BHFAO,"Brighthouse Financial, Inc.",-0.21,-4.74,43,100,20,Finance,Life Insurance
DAVE,Dave Inc.,-6.76,1.72,18,43,94,Finance,Finance: Consumer Services
CNS,CNS,-0.93,7.25,83,100,72,Finance,Investment Managers
GBNXF,Gibson Energy Inc.,1.45,12.17,100,100,79,Energy,Oil & Gas Midstream
OSIS,"OSI Systems, Inc.",-3.0,-2.14,74,90,12,Technology,Semiconductors
TPZEF,Topaz Energy Corp.,-1.43,8.61,88,100,64,Energy,Oil & Gas Midstream
TSYHF,TravelSky Technology Limited,0.0,5.71,71,94,12,Technology,Information Technology Services
SPTJF,Sinopec Shanghai Petrochemical Company Limited,0.0,-19.42,0,5,8,Energy,Oil & Gas Refining & Marketing
CALM,"Cal-Maine Foods, Inc.",0.31,16.06,100,100,59,Consumer Staples,Farming/Seeds/Milling
FOUR,"Shift4 Payments, Inc.",2.21,15.23,100,100,23,Consumer Discretionary,Business Services
VECO,Veeco Instruments Inc.,-5.89,-43.28,0,0,84,Technology,Industrial Machinery/Components
HGTY,"Hagerty, Inc.",-2.63,-0.67,68,94,50,Finance,Specialty Insurers
NHPEF,New Hope Corporation Limited,-2.62,-1.85,63,82,64,Energy,Thermal Coal
ABG,"Asbury Automotive Group, Inc.",3.02,23.46,100,100,60,Consumer Discretionary,Retail-Auto Dealers and Gas Stations
QNTQY,QinetiQ Group plc,-0.45,20.8,100,100,46,Industrials,Aerospace & Defense
AB,AB,-0.64,5.37,87,100,30,Finance,Investment Managers
ARCAY,Arcadis NV,0.0,26.97,98,100,54,Industrials,Engineering & Construction
SIG,Signet Jewelers Limited,0.84,15.14,100,100,57,Consumer Discretionary,Consumer Specialties
NEA,Nuveen AMT-Free Quality Municipal Income Fund,-0.44,-3.78,55,100,42,Finance,Finance/Investors Services
TSYHY,TravelSky Technology Limited,0.0,8.23,82,100,13,Technology,Information Technology Services
AYAAF,"Ayala Land, Inc.",0.0,0.0,100,100,6,Real Estate,Real Estate - Development
INOD,Innodata Inc.,-3.75,-26.7,1,10,53,Technology,EDP Services
MCHB,Mechanics Bancorp,4.1,3.71,100,100,74,Finance,Major Banks
BULL,Webull Corporation,-3.58,7.52,1,43,10,Finance,Investment Bankers/Brokers/Service
JOYY,JOYY Inc.,-1.12,12.12,100,100,85,Technology,EDP Services
OLGPF,Olam Group Limited,0.0,-6.84,41,100,69,Consumer Defensive,Food Distribution
COLM,Columbia Sportswear Company,-1.41,2.81,100,100,58,Consumer Discretionary,Apparel
SII,Sprott Inc.,-1.75,-7.45,20,62,44,Finance,Finance: Consumer Services
MHO,"M/I Homes, Inc.",1.54,-3.92,100,100,70,Consumer Discretionary,Homebuilding
NPEGF,"Nippon Electric Glass Co., Ltd.",0.0,-10.94,39,71,24,Technology,Electronic Components
CBU,"Community Financial System, Inc.",-0.49,-4.01,13,64,55,Finance,Major Banks
DNLI,Denali Therapeutics Inc.,-0.83,-7.27,42,74,86,Health Care,Biotechnology: Biological Products (No Diagnostic Substances)
MSGE,Madison Square Garden Entertainment Corp.,-1.55,-6.06,72,100,90,Consumer Discretionary,Services-Misc. Amusement & Recreation
CC,The Chemours Company,-3.4,-19.64,0,23,27,Industrials,Major Chemicals
PTRN,Pattern Group Inc.,-0.39,-8.5,18,28,92,Consumer Discretionary,Catalog/Specialty Distribution
KYIV,Kyivstar Group Ltd.,-3.24,-18.86,0,9,57,Telecommunications,Telecommunications Equipment
NATL,NCR Atleos Corporation,0.96,9.44,100,100,81,Miscellaneous,Office Equipment/Supplies/Services
AGO,AGO,-1.35,5.2,100,100,40,Finance,Property-Casualty Insurers
FHB,"First Hawaiian, Inc.",-0.32,-4.44,27,90,54,Finance,Major Banks
OPCH,"Option Care Health, Inc.",6.45,14.12,100,100,12,Health Care,Medical/Nursing Services
USLM,"United States Lime & Minerals, Inc.",-0.65,7.96,100,100,21,Industrials,Mining & Quarrying of Nonmetallic Minerals (No Fuels)
OUTKY,Outokumpu Oyj,-5.28,21.89,82,88,81,Basic Materials,Steel
AMFPF,Amplifon S.p.A.,0.0,0.0,84,100,12,Healthcare,Medical Distribution
HWKN,"Hawkins, Inc.",-3.09,-2.46,69,92,15,Consumer Discretionary,Specialty Chemicals
YAMCY,Yamaha Corporation,7.69,13.57,98,100,47,Consumer Cyclical,Leisure
TBCCF,TBC Bank Group PLC,0.0,0.0,84,100,32,Financial Services,Banks - Regional
TGSGY,TGS ASA,1.65,-0.39,23,50,73,Energy,Oil & Gas Equipment & Services
ARLP,"Alliance Resource Partners, L.P.",0.15,8.22,100,100,51,Energy,Coal Mining
RCUS,"Arcus Biosciences, Inc.",-2.22,-14.21,15,43,92,Health Care,Biotechnology: Pharmaceutical Preparations
SMUPF,Sims Limited,0.0,-19.16,13,36,91,Basic Materials,Steel
SHOO,"Steven Madden, Ltd.",-1.5,3.09,100,100,77,Consumer Discretionary,Shoe Manufacturing
NICMF,Nickel Industries Limited,0.0,5.66,62,100,41,Basic Materials,Other Industrial Metals & Mining
GARPF,Golden Agri-Resources Ltd,0.0,0.0,16,39,29,Consumer Defensive,Farm Products
SKLTY,SEEK Limited,2.44,8.49,100,100,9,Communication Services,Internet Content & Information
AMBA,"Ambarella, Inc.",0.32,-19.36,33,48,36,Technology,Semiconductors
DNN,Denison Mines Corp.,-2.18,-12.09,0,6,16,Basic Materials,Other Metals and Minerals
TOEAF,"Toei Animation Co.,Ltd.",0.0,16.81,98,100,1,Communication Services,Entertainment
TMRAF,Tomra Systems ASA,0.0,9.99,56,75,9,Industrials,Waste Management
ATRO,Astronics Corporation,-4.67,-19.84,9,43,91,Industrials,Military/Government/Technical
XISHY,Xinyi Solar Holdings Limited,0.0,-10.15,26,65,3,Technology,Solar
SOCNF,SOCNF,0.0,-12.28,7,35,49,Industrials,Electrical Equipment & Parts
CTRI,"Centuri Holdings, Inc.",-6.68,-19.64,0,26,20,Utilities,Oil & Gas Production
TMRAY,Tomra Systems ASA,1.93,9.68,63,83,22,Industrials,Waste Management
ADX,"Adams Diversified Equity Fund, Inc.",-2.34,-1.94,13,95,58,Finance,Investment Managers
KPLUY,K+S Aktiengesellschaft,0.12,10.62,100,100,37,Basic Materials,Agricultural Inputs
WIX,Wix.com Ltd.,4.56,34.93,100,100,3,Technology,Computer Software: Programming Data Processing
WBRBY,Wienerberger AG,-1.71,-12.88,17,39,9,Basic Materials,Building Materials
MAURY,"Marui Group Co., Ltd.",0.0,-1.37,13,45,18,Financial Services,Credit Services
MZTI,The Marzetti Company,0.95,-2.56,80,100,8,Consumer Staples,Packaged Foods
KBH,KBH,-1.31,-8.87,56,100,37,Consumer Discretionary,Homebuilding
FSM,Fortuna Mining Corp.,-0.59,-0.95,74,100,27,Basic Materials,Precious Metals
UNLRF,PT Unilever Indonesia Tbk,0.0,-25.68,10,26,2,Consumer Defensive,Household & Personal Products
LXP,LXP Industrial Trust,-0.3,12.6,100,100,84,Real Estate,Real Estate Investment Trusts
ATROB,Astronics Corporation,-4.13,-14.46,10,44,90,Industrials,Aerospace & Defense
ITGR,Integer Holdings Corporation,-0.56,6.82,100,100,67,Health Care,Biotechnology: Electromedical & Electrotherapeutic Apparatus
BHE,BHE,-3.67,-24.89,0,11,91,Technology,Electrical Products
GEO,GEO,-2.57,1.35,68,95,93,Consumer Discretionary,Homebuilding
HYMC,Hycroft Mining Holding Corporation,-4.77,-18.12,24,40,97,Basic Materials,Precious Metals
RTOXF,Rotork plc,9.17,64.53,100,100,92,Industrials,Specialty Industrial Machinery
AYA,Aya Gold & Silver Inc.,-0.93,1.48,48,70,89,Basic Materials,Precious Metals
MITFF,Mitie Group plc,-2.88,36.53,94,98,77,Industrials,Specialty Business Services
BBAGF,BB Biotech AG,0.0,0.0,84,100,39,Healthcare,Biotechnology
PATK,"Patrick Industries, Inc.",-1.43,-3.52,100,100,15,Consumer Discretionary,Auto Parts:O.E.M.
NTCT,"NetScout Systems, Inc.",-1.91,-10.61,0,36,88,Technology,EDP Services
NIPOF,Japan Hotel REIT Investment Corporation,0.0,6.95,96,100,2,Real Estate,REIT - Hotel & Motel
QTWO,"Q2 Holdings, Inc.",1.99,25.61,100,100,35,Technology,Computer Software: Prepackaged Software
CPK,Chesapeake Utilities Corporation,-0.83,11.68,100,100,53,Utilities,Oil & Gas Production
CSMYF,COSMOS Pharmaceutical Corporation,0.0,0.0,84,100,1,Healthcare,Pharmaceutical Retailers
SBCF,Seacoast Banking Corporation of Florida,1.34,2.56,100,100,55,Finance,Major Banks
TATYF,Tate & Lyle plc,0.0,0.0,100,100,89,Consumer Defensive,Packaged Foods
HG,"Hamilton Insurance Group, Ltd.",-1.85,7.81,97,100,89,Finance,Property-Casualty Insurers
DBRG,"DigitalBridge Group, Inc.",-0.19,0.25,100,100,66,Real Estate,Real Estate Investment Trusts
OUST,"Ouster, Inc.",-7.7,-49.94,0,0,65,Industrials,Industrial Machinery/Components
PHPPY,Signify N.V.,0.0,-19.5,8,18,5,Industrials,Electrical Equipment & Parts
CWK,Cushman & Wakefield Limited,-1.1,0.82,87,100,23,Finance,Real Estate
AEHR,"Aehr Test Systems, Inc.",-6.57,-31.92,0,10,97,Industrials,Electrical Products
EXALF,Exail Technologies,0.0,2.98,100,100,64,Industrials,Aerospace & Defense
PFS,"Provident Financial Services, Inc.",-0.41,1.82,100,100,70,Finance,Savings Institutions
SSSAF,Shurgard Self Storage Ltd,4.0,-2.31,74,100,14,Real Estate,REIT - Specialty
BSM,"Black Stone Minerals, L.P.",-0.14,5.73,100,100,63,Energy,Oil & Gas Production
HIW,HIW,2.26,14.06,100,100,85,Real Estate,Real Estate Investment Trusts
AMPX,"Amprius Technologies, Inc.",-7.56,-39.11,0,0,4,Miscellaneous,Industrial Machinery/Components
DREUF,Dream Industrial Real Estate Investment Trust,0.31,5.37,100,100,61,Real Estate,REIT - Industrial
CFNCF,Compagnie Financière Tradition SA,0.0,0.0,84,100,84,Financial Services,Capital Markets
FPAFF,First Pacific Company Limited,0.0,9.52,100,100,21,Consumer Defensive,Packaged Foods
HOEGF,Höegh Autoliners ASA,-0.75,14.26,100,100,92,Industrials,Marine Shipping
PLMR,"Palomar Holdings, Inc.",-0.17,13.07,100,100,66,Finance,Property-Casualty Insurers
EXPO,"Exponent, Inc.",1.31,12.07,100,100,28,Consumer Discretionary,Professional Services
PLXNF,PLXNF,0.0,15.55,90,100,32,Industrials,Specialty Business Services
DX,"Dynex Capital, Inc.",-0.62,-0.83,73,100,41,Real Estate,Real Estate Investment Trusts
WHR,WHR,-0.08,-2.46,78,100,2,Consumer Discretionary,Consumer Electronics/Appliances
DBD,"Diebold Nixdorf, Incorporated",-17.17,-11.59,0,0,56,Miscellaneous,Office Equipment/Supplies/Services
KNKZF,KWS SAAT SE & Co. KGaA,0.0,0.0,84,100,44,Basic Materials,Agricultural Inputs
WOR,"Worthington Enterprises, Inc.",-2.85,3.33,85,94,33,Industrials,Steel/Iron Ore
SVM,Silvercorp Metals Inc.,-2.77,-9.6,38,68,62,Basic Materials,Precious Metals
HMDPF,Hammond Power Solutions Inc.,-4.34,-31.56,0,0,77,Industrials,Electrical Equipment & Parts
NAD,Nuveen Quality Municipal Income Fund,-0.34,-3.22,73,100,44,Finance,Investment Managers
FPAFY,First Pacific Company Limited,0.56,15.48,100,100,26,Consumer Defensive,Packaged Foods
PTON,"Peloton Interactive, Inc.",0.61,11.51,100,100,56,Consumer Discretionary,Recreational Games/Products/Toys
EEFT,"Euronet Worldwide, Inc.",1.12,14.32,100,100,42,Finance,Investment Bankers/Brokers/Service
ALMS,Alumis Inc.,-2.4,-6.25,12,55,98,Health Care,Biotechnology: Pharmaceutical Preparations
HLIO,"Helios Technologies, Inc.",-3.31,-16.03,0,43,85,Industrials,Metal Fabrications
FA,First Advantage Corporation,3.02,19.17,88,100,92,Technology,EDP Services
GARPY,Golden Agri-Resources Ltd,0.0,-0.72,100,100,45,Consumer Defensive,Farm Products
CSPKF,COSCO SHIPPING Ports Limited,0.0,0.0,84,100,51,Industrials,Marine Shipping
UNIT,Uniti Group Inc.,-0.38,-9.59,18,74,73,Real Estate,Real Estate Investment Trusts
INTR,"Inter & Co, Inc.",-3.22,-0.37,47,86,5,Finance,Commercial Banks
PRVA,"Privia Health Group, Inc.",-2.86,-6.26,0,15,41,Health Care,Medical/Nursing Services
CWT,California Water Service Group,-1.35,6.33,100,100,63,Utilities,Water Supply
CARG,"CarGurus, Inc.",1.78,8.74,100,100,44,Technology,EDP Services
WDFC,WD-40 Company,-3.03,-8.35,0,19,46,Industrials,Major Chemicals
ARQT,"Arcutis Biotherapeutics, Inc.",-1.97,6.25,95,100,85,Health Care,Biotechnology: Pharmaceutical Preparations
ALFRY,Alfresa Holdings Corporation,0.0,-1.81,59,100,15,Healthcare,Medical Distribution
VIVHY,Vivendi SE,4.09,-4.98,55,83,11,Communication Services,Electronic Gaming & Multimedia
HSQVY,Husqvarna AB (publ),0.49,4.85,100,100,12,Industrials,Tools & Accessories
CZMWF,Carl Zeiss Meditec AG,0.0,13.43,100,100,15,Healthcare,Medical Instruments & Supplies
ASH,Ashland Inc.,7.1,10.55,100,100,85,Consumer Discretionary,Specialty Chemicals
FBGGF,Fabege AB (publ),0.0,7.0,96,100,82,Real Estate,Real Estate Services
DFTX,"Definium Therapeutics, Inc.",0.48,-10.37,15,54,98,Health Care,Medicinal Chemicals and Botanical Products
DHT,DHT,-0.22,12.22,100,100,87,Consumer Discretionary,Marine Transportation
DKL,"Delek Logistics Partners, LP",1.72,13.87,100,100,81,Energy,Natural Gas Distribution
AFBOF,African Rainbow Minerals Limited,0.0,0.0,84,100,95,Basic Materials,Other Industrial Metals & Mining
IPEU,IPE Universal Inc.,0.0,0.0,84,100,79,Technology,Software - Application
MLYS,"Mineralys Therapeutics, Inc.",-2.23,-2.34,3,47,53,Health Care,Biotechnology: Pharmaceutical Preparations
TRMK,Trustmark Corporation,0.34,2.0,100,100,63,Finance,Major Banks
KPLIF,Keppel Infrastructure Trust,0.0,0.0,84,100,83,Basic Materials,Specialty Chemicals
DJT,Trump Media & Technology Group Corp.,-0.3,27.26,100,100,11,Technology,Computer Software: Programming Data Processing
SMSGY,Samsonite Group S.A.,1.48,-1.87,100,100,15,Consumer Cyclical,Footwear & Accessories
MXCHF,"Orbia Advance Corporation, S.A.B. de C.V.",0.0,1.54,100,100,81,Industrials,Conglomerates
HXPLF,HEXPOL AB (publ),0.0,20.38,100,100,35,Basic Materials,Specialty Chemicals
AUKUF,ams-OSRAM AG,0.96,-7.48,37,85,91,Technology,Semiconductors
HOG,HOG,-1.82,1.51,29,62,51,Consumer Discretionary,Motor Vehicles
AMSSY,ams-OSRAM AG,-5.11,-11.61,0,6,88,Technology,Semiconductors
SPXX,Nuveen S&P 500 Dynamic Overwrite Fund,-1.3,-2.31,76,100,51,Finance,Trusts Except Educational Religious and Charitable
HNLGY,Hang Lung Group Limited,0.0,0.91,100,100,24,Real Estate,Real Estate Services
SHCAY,Sharp Corporation,10.59,1.08,100,100,22,Technology,Consumer Electronics
AMR,"Alpha Metallurgical Resources, Inc.",-4.07,-15.63,4,41,11,Energy,Coal Mining
ROG,Rogers Corporation,-2.01,-28.67,0,0,75,Industrials,Major Chemicals
WTTR,"Select Water Solutions, Inc.",-0.78,-10.61,9,37,89,Energy,Oilfield Services/Equipment
PTY,PIMCO Corporate & Income Opportunity Fund,-1.02,-2.53,62,100,27,Finance,Investment Managers
BGAOY,Proximus PLC,0.0,6.2,100,100,17,Communication Services,Telecom Services
RLX,RLX Technology Inc.,-2.51,2.11,50,81,15,Health Care,Medicinal Chemicals and Botanical Products
RUSMF,Russel Metals Inc.,-4.17,14.31,85,91,89,Industrials,Industrial Distribution
OCDDY,Ocado Group plc,2.6,8.46,100,100,12,Consumer Defensive,Grocery Stores
ILKAF,Iluka Resources Limited,-3.72,-16.02,8,27,19,Basic Materials,Other Industrial Metals & Mining
JBFCF,Jollibee Foods Corporation,2.56,10.6,78,98,8,Consumer Cyclical,Restaurants
CDLR,Cadeler A/S,-1.9,-3.38,22,67,22,Consumer Discretionary,Marine Transportation
UA,"Under Armour, Inc.",-0.86,11.09,76,98,68,Consumer Discretionary,Apparel
CLDX,"Celldex Therapeutics, Inc.",5.42,0.81,71,100,86,Health Care,Biotechnology: In Vitro & In Vivo Diagnostic Substances
ALGT,Allegiant Travel Company,-5.8,-18.63,10,27,87,Consumer Discretionary,Air Freight/Delivery Services
SOTDY,Ströer SE & Co. KGaA,0.0,-2.12,30,100,23,Communication Services,Advertising Agencies
GRDN,"Guardian Pharmacy Services, Inc.",-2.08,-2.1,92,100,88,Consumer Staples,Retail-Drug Stores and Proprietary Stores
ULIHF,The United Laboratories International Holdings Limited,0.0,31.78,99,100,52,Healthcare,Drug Manufacturers - Specialty & Generic
HYSNY,Hysan Development Company Limited,0.0,5.01,100,100,36,Real Estate,Real Estate Services
AGYS,"Agilysys, Inc.",2.7,8.79,100,100,84,Technology,EDP Services
KRKKF,KRUK Spólka Akcyjna,0.0,0.0,84,100,94,Financial Services,Credit Services
FBNC,First Bancorp,-1.71,-1.27,64,100,66,Finance,Major Banks
ADPT,Adaptive Biotechnologies Corporation,0.18,5.17,100,100,93,Health Care,Biotechnology: Biological Products (No Diagnostic Substances)
TRRVF,TerraVest Industries Inc.,-0.14,4.32,100,100,12,Energy,Oil & Gas Equipment & Services
OSW,OneSpaWorld Holdings Limited,-6.35,-8.04,23,62,70,Consumer Discretionary,Hotels/Resorts
XIFR,"XPLR Infrastructure, LP",-6.26,-6.18,0,8,55,Utilities,Electric Utilities: Central
ANDE,"The Andersons, Inc.",-4.13,2.89,37,60,82,Industrials,Farming/Seeds/Milling
CMPR,Cimpress plc,-2.5,-4.01,57,91,89,Consumer Discretionary,Publishing
KGTHY,Krungthai Card Public Company Limited,0.0,9.81,96,100,61,Financial Services,Credit Services
BKE,"The Buckle, Inc.",-1.4,7.52,100,100,18,Consumer Discretionary,Clothing/Shoe/Accessory Stores
RARE,Ultragenyx Pharmaceutical Inc.,-3.77,-25.13,0,0,26,Health Care,Biotechnology: Pharmaceutical Preparations
GGGSY,Greggs plc,-1.26,3.53,74,97,28,Consumer Cyclical,Restaurants
TSRYF,Treasury Wine Estates Limited,0.0,-11.76,12,63,12,Consumer Defensive,Beverages - Wineries & Distilleries
MPJPY,Metaplanet Inc.,-4.35,6.02,28,51,2,,
LU,Lufax Holding Ltd,-0.65,15.91,100,100,4,Finance,Finance: Consumer Services
MTPLF,MTPLF,-2.94,6.45,27,55,2,Consumer Cyclical,Restaurants
WOSGF,Watches of Switzerland Group PLC,0.0,-2.56,9,27,91,Consumer Cyclical,Luxury Goods
BUSE,First Busey Corporation,1.62,5.06,100,100,79,Finance,Major Banks
CROMF,Crombie Real Estate Investment Trust,0.0,1.38,100,100,57,Real Estate,REIT - Diversified
BVNRY,Bavarian Nordic A/S,0.0,-3.43,41,85,13,Healthcare,Biotechnology
AVVOF,AVVOF,0.0,-6.55,4,22,12,Industrials,Aerospace & Defense
TBBK,"The Bancorp, Inc.",-1.77,7.9,97,100,41,Finance,Major Banks
OCDGF,Ocado Group plc,0.0,5.96,86,100,9,Consumer Defensive,Grocery Stores
SHHFF,SHHFF,-1.59,11.05,51,63,96,,
DAC,DAC,-1.29,14.07,100,100,87,Consumer Discretionary,Marine Transportation
NZTCF,Spark New Zealand Limited,6.6,13.0,100,100,17,Communication Services,Telecom Services
BCRX,"BioCryst Pharmaceuticals, Inc.",-2.16,-4.7,34,55,73,Health Care,Biotechnology: Biological Products (No Diagnostic Substances)
ASRHF,ASRHF,1.04,-46.1,14,21,52,,
PBH,PBH,0.91,10.41,100,100,13,Health Care,Biotechnology: Pharmaceutical Preparations
DXPE,"DXP Enterprises, Inc.",-7.54,-12.18,0,15,53,Industrials,Industrial Machinery/Components
GEBHY,Genting Berhad,6.72,4.25,100,100,9,Consumer Cyclical,Resorts & Casinos
PCTTU,"PureCycle Technologies, Inc.",0.0,0.0,100,100,66,Industrials,Major Chemicals
ALRM,"Alarm.com Holdings, Inc.",2.16,19.2,100,100,62,Technology,Computer Software: Prepackaged Software
CDNL,Cardinal Infrastructure Group Inc.,-2.42,-37.59,0,0,96,Industrials,Military/Government/Technical
GRND,Grindr Inc.,3.67,19.76,100,100,75,Technology,Computer Software: Programming Data Processing
RVT,"Royce Small-Cap Trust, Inc.",-1.54,-3.19,66,100,55,Finance,Trusts Except Educational Religious and Charitable
DRSHF,DroneShield Limited,-4.87,-23.72,0,0,2,Industrials,Aerospace & Defense
BANR,Banner Corporation,-0.84,5.3,92,100,55,Finance,Major Banks
MTTRY,Ceconomy AG,-3.3,35.38,42,51,25,Consumer Cyclical,Specialty Retail
CENT,Central Garden & Pet Company,-0.61,-0.41,100,100,77,Consumer Discretionary,Consumer Specialties
PBI,Pitney Bowes Inc.,-0.95,0.8,72,100,89,Miscellaneous,Office Equipment/Supplies/Services
CLM,"Cornerstone Strategic Investment Fund, Inc.",-1.63,-2.4,72,100,40,Finance,Finance/Investors Services
SRRLF,Sirius Real Estate Limited,0.0,-4.17,0,72,27,Real Estate,Real Estate Services
MBINL,Merchants Bancorp,0.09,2.33,100,100,53,Finance,Major Banks
LMAT,"LeMaitre Vascular, Inc.",1.24,7.93,100,100,56,Health Care,Medical/Dental Instruments
PSNY,Polestar Automotive Holding UK PLC,-2.79,-27.64,1,6,4,Industrials,Auto Manufacturing
OSHDF,Oshidori International Holdings Limited,0.0,9.58,98,100,99,Financial Services,Capital Markets
GCMG,GCM Grosvenor Inc.,-1.13,-0.81,31,66,56,Finance,Investment Managers
JPFAF,JPFAF,0.0,0.0,84,100,1,Consumer Defensive,Farm Products
BSTZ,BlackRock Science and Technology Term Trust,-2.89,-11.06,0,31,74,Finance,Trusts Except Educational Religious and Charitable
CDDRF,Headwater Exploration Inc.,3.27,13.81,100,100,87,Energy,Oil & Gas E&P
MCRI,"Monarch Casino & Resort, Inc.",0.19,-6.53,67,100,72,Consumer Discretionary,Hotels/Resorts
CPRI,Capri Holdings Limited,-3.48,-14.75,16,30,9,Consumer Discretionary,Apparel
DSITF,Currys plc,0.0,3.83,92,100,77,Consumer Cyclical,Specialty Retail
BRSL,Brightstar Lottery PLC,-1.15,-3.45,19,84,9,Consumer Discretionary,Services-Misc. Amusement & Recreation
VAIAF,Vaisala Oyj,0.0,0.39,100,100,58,Technology,Scientific & Technical Instruments
CMPNF,Champion Real Estate Investment Trust,0.0,0.0,100,100,73,Real Estate,REIT - Retail
AXGN,"Axogen, Inc.",0.53,-10.44,52,82,95,Health Care,Biotechnology: Electromedical & Electrotherapeutic Apparatus
CLOV,"Clover Health Investments, Corp.",-2.42,-19.27,1,21,92,Health Care,Medical Specialities
PHVS,Pharvaris N.V.,-3.05,-5.67,13,74,83,Health Care,Biotechnology: Pharmaceutical Preparations
CXW,"CoreCivic, Inc.",-2.87,-2.07,41,81,92,Real Estate,Real Estate Investment Trusts
ESTA,Establishment Labs Holdings Inc.,0.03,7.13,86,100,94,Health Care,Industrial Specialties
GENSY,Genus plc,0.0,-9.18,16,61,13,Healthcare,Biotechnology
NWBI,"Northwest Bancshares, Inc.",-0.06,4.82,100,100,77,Finance,Major Banks
EBLMY,Etablissements Maurel & Prom S.A.,0.0,-0.14,84,100,79,Energy,Oil & Gas E&P
MGNI,"Magnite, Inc.",0.15,3.95,70,100,76,Technology,Computer Software: Programming Data Processing
NWN,Northwest Natural Holding Company,-1.44,4.3,100,100,54,Utilities,Oil/Gas Transmission
JBLU,JetBlue Airways Corporation,-4.67,-0.17,81,86,73,Consumer Discretionary,Air Freight/Delivery Services
DBMBF,FIBRA Macquarie México,0.0,0.99,70,100,80,Real Estate,REIT - Industrial
SHO,"Sunstone Hotel Investors, Inc.",-0.08,2.79,100,100,82,Consumer Discretionary,Hotels/Resorts
DHC,Diversified Healthcare Trust,-3.68,-4.3,46,79,95,Real Estate,Real Estate Investment Trusts
ZLAB,Zai Lab Limited,-1.66,-3.63,0,41,10,Health Care,Biotechnology: Pharmaceutical Preparations
ZIZTF,Zip Co Limited,0.0,-11.74,26,51,34,Financial Services,Credit Services
NBTX,Nanobiotix S.A.,0.08,0.4,52,77,98,Health Care,Biotechnology: Pharmaceutical Preparations
NEXA,Nexa Resources S.A.,-1.62,0.37,20,52,90,Basic Materials,Metal Mining
FRHLF,Freehold Royalties Ltd.,2.48,5.56,95,100,52,Energy,Oil & Gas E&P
TINLY,Teijin Limited,0.0,0.0,100,100,39,Industrials,Conglomerates
PKCOY,"PARK24 Co., Ltd.",0.0,0.0,100,100,47,Industrials,Infrastructure Operations
MESO,Mesoblast Limited,-2.21,4.43,9,32,16,Health Care,Biotechnology: Biological Products (No Diagnostic Substances)
GRC,The Gorman-Rupp Company,-4.8,-14.46,20,71,90,Industrials,Fluid Controls
STC,Stewart Information Services Corporation,1.06,6.39,94,100,40,Finance,Specialty Insurers
AUPH,Aurinia Pharmaceuticals Inc.,1.47,-10.55,33,99,70,Health Care,Biotechnology: Pharmaceutical Preparations
GTY,GTY,-0.66,4.41,70,100,72,Finance,Real Estate
YLLXF,Yellow Cake plc,-0.14,3.7,16,68,22,Energy,Uranium
SNWGF,Snowline Gold Corp.,-2.34,4.64,48,78,34,Basic Materials,Gold
SXGCF,Southern Cross Gold Consolidated Ltd.,0.77,6.5,98,100,55,Basic Materials,Gold
CELJF,Cellcom Israel Ltd.,0.0,9.37,67,88,40,Communication Services,Telecom Services
VRDN,"Viridian Therapeutics, Inc.",1.9,8.22,96,100,58,Health Care,Medical Specialities
DEUZF,DEUTZ Aktiengesellschaft,0.0,9.17,98,100,56,Industrials,Specialty Industrial Machinery
FCF,First Commonwealth Financial Corporation,1.97,7.18,100,100,79,Finance,Major Banks
GRGCF,Georgia Capital PLC,0.0,8.22,3,83,87,Financial Services,Financial Conglomerates
EZPW,"EZCORP, Inc.",-3.26,-15.94,0,11,88,Consumer Discretionary,Other Specialty Stores
LTC,"LTC Properties, Inc.",-0.5,8.89,100,100,70,Real Estate,Real Estate Investment Trusts
TGLS,Tecnoglass Inc.,-4.96,-4.12,66,80,16,Consumer Discretionary,Electronic Components
RXRX,"Recursion Pharmaceuticals, Inc.",-2.62,-19.07,13,25,5,Health Care,Biotechnology: Biological Products (No Diagnostic Substances)
NWARF,Norwegian Air Shuttle ASA,-4.0,-17.24,0,1,10,Industrials,Airlines
FFXDF,Fairfax India Holdings Corporation,-0.38,-0.33,68,100,34,Financial Services,Asset Management
SRPT,"Sarepta Therapeutics, Inc.",0.71,-13.52,7,18,11,Health Care,Biotechnology: Pharmaceutical Preparations
HVBVF,HVBVF,5.8,37.53,63,39,81,,
CMGMF,Chemring Group PLC,0.0,25.79,100,100,55,Industrials,Aerospace & Defense
POET,POET Technologies Inc.,-5.77,-38.04,0,0,18,Technology,Semiconductors
COTY,Coty Inc.,-1.8,26.39,99,100,16,Consumer Discretionary,Package Goods/Cosmetics
NBHC,National Bank Holdings Corporation,-0.14,-4.19,16,59,50,Finance,Major Banks
PAX,Patria Investments Limited,-3.78,-2.73,19,77,11,Finance,Investment Managers
ASPHF,Ascentage Pharma Group International,0.0,0.0,84,100,3,Healthcare,Biotechnology
WB,Weibo Corporation,0.75,10.33,100,100,17,Technology,Computer Software: Programming Data Processing
AAPG,AAPG,0.14,4.27,33,70,4,Health Care,Biotechnology: Pharmaceutical Preparations
MNHFF,Mayr-Melnhof Karton AG,0.0,0.0,84,100,68,Consumer Cyclical,Packaging & Containers
ZYME,Zymeworks Inc.,-2.65,-15.8,0,3,51,Health Care,Biotechnology: Pharmaceutical Preparations
HMN,Horace Mann Educators Corporation,-0.53,1.1,85,100,72,Finance,Property-Casualty Insurers
PLGO,PLGO,-1.92,4.64,93,100,88,Finance,Property-Casualty Insurers
GEL,"Genesis Energy, L.P.",1.02,5.15,98,100,23,Energy,Oil Refining/Marketing
INVX,"Innovex International, Inc.",0.43,3.75,78,95,57,Consumer Discretionary,Oil and Gas Field Machinery
ALG,Alamo Group Inc.,-4.44,-4.38,12,72,15,Industrials,Industrial Machinery/Components
IOVA,"Iovance Biotherapeutics, Inc.",-2.98,9.62,49,63,93,Health Care,Biotechnology: Biological Products (No Diagnostic Substances)
ERMAY,ERAMET S.A.,0.0,-8.3,17,80,5,Basic Materials,Other Industrial Metals & Mining
WLTH,Wealthfront Corporation,-3.04,3.47,77,90,12,Finance,Finance: Consumer Services
CIAFF,Champion Iron Limited,0.72,0.62,76,100,10,Basic Materials,Steel
GOF,Guggenheim Strategic Opportunities Fund,-0.86,-3.51,25,100,20,Finance,Finance/Investors Services
ILPMF,Permanent TSB Group Holdings plc,0.0,0.0,100,100,39,Financial Services,Banks - Regional
WMK,WMK,1.5,-0.2,94,100,61,Consumer Staples,Food Chains
ASTVF,Austevoll Seafood ASA,0.0,-0.9,100,100,20,Consumer Defensive,Farm Products
MAWHY,Man Wah Holdings Limited,4.46,4.84,83,100,7,Consumer Cyclical,"Furnishings, Fixtures & Appliances"
RMGGF,Resolute Mining Limited,-8.45,3.17,40,62,22,Basic Materials,Gold
QURE,uniQure N.V.,9.3,-13.0,49,78,96,Health Care,Biotechnology: Pharmaceutical Preparations
ETG,Eaton Vance Tax-Advantaged Global Dividend Income Fund,-0.26,-2.48,95,100,52,Finance,Investment Managers
SRCE,1st Source Corporation,-0.35,10.69,100,100,87,Finance,Major Banks
AEVA,"Aeva Technologies, Inc.",-4.83,-51.29,0,0,14,Consumer Discretionary,Auto Parts:O.E.M.
RLLWF,Reliance Worldwide Corporation Limited,0.0,0.0,84,100,57,Industrials,Building Products & Equipment
MD,MD,-0.48,5.53,100,100,90,Health Care,Hospital/Nursing Management
BSMAF,Bursa Malaysia Berhad,0.0,0.0,84,100,96,Financial Services,Financial Data & Stock Exchanges
NCNO,"nCino, Inc.",1.73,15.17,100,100,16,Technology,Computer Software: Prepackaged Software
CNXN,"PC Connection, Inc.",-0.16,13.67,100,100,85,Consumer Discretionary,Catalog/Specialty Distribution
GT,GT,-1.09,10.3,100,100,20,Consumer Discretionary,Automotive Aftermarket
SID,SID,-6.36,11.96,66,79,5,Industrials,Steel/Iron Ore
GAB,The Gabelli Equity Trust Inc.,-1.42,-1.59,100,100,38,Finance,Investment Managers
ENVX,Enovix Corporation,-7.3,-39.37,0,0,1,Miscellaneous,Industrial Machinery/Components
TH,Target Hospitality Corp.,-2.84,-29.47,0,0,93,Consumer Discretionary,Hotels/Resorts
SNDX,"Syndax Pharmaceuticals, Inc.",-2.09,-12.08,0,4,76,Health Care,Biotechnology: Pharmaceutical Preparations
SLS,"SELLAS Life Sciences Group, Inc.",0.1,-31.57,3,5,98,Health Care,Biotechnology: Pharmaceutical Preparations
PLSE,"Pulse Biosciences, Inc.",-3.44,23.51,93,96,97,Health Care,Medical/Dental Instruments
EPAC,Enerpac Tool Group Corp.,-2.05,1.31,95,100,26,Technology,Industrial Machinery/Components
RNDOF,Round One Corporation,0.0,204.0,75,97,99,Consumer Cyclical,Leisure
MQY,"BlackRock MuniYield Quality Fund, Inc.",0.09,-2.1,83,100,41,Finance,Investment Bankers/Brokers/Service
THQQF,Embracer Group AB (publ),0.0,10.61,100,100,27,Communication Services,Electronic Gaming & Multimedia
BST,BST,-1.15,-12.72,4,50,60,Finance,Finance Companies
AJMPF,Ashmore Group Plc,0.0,20.37,100,100,68,Financial Services,Asset Management
ECPG,"Encore Capital Group, Inc.",-2.16,0.58,94,99,95,Finance,Finance Companies
VSTS,Vestis Corporation,-2.86,2.75,58,76,97,Consumer Discretionary,Consumer Specialties
LAR,Lithium Argentina AG,-1.43,-33.13,0,2,33,Basic Materials,Metal Mining
VET,Vermilion Energy Inc.,4.34,15.37,88,97,57,Energy,Oil & Gas Production
PVLA,"Palvella Therapeutics, Inc.",-0.17,-6.69,64,78,96,Health Care,Biotechnology: Pharmaceutical Preparations
MDCOY,MDCOY,0.0,0.0,84,100,52,Energy,Oil & Gas E&P
GENB,"Generate Biomedicines, Inc.",-0.46,-22.47,3,8,44,Health Care,Biotechnology: Pharmaceutical Preparations
KRKNF,Kraken Robotics Inc.,-5.41,-10.67,0,23,20,Technology,Scientific & Technical Instruments
SNDA,"Sonida Senior Living, Inc.",-5.39,-0.12,64,76,84,Health Care,Hospital/Nursing Management
SJMHF,SJM Holdings Limited,0.0,5.26,100,100,4,Consumer Cyclical,Resorts & Casinos
PARXF,Parex Resources Inc.,4.66,9.85,92,100,62,Energy,Oil & Gas E&P
ATAI,AtaiBeckley Inc.,0.0,36.24,100,100,95,Health Care,Biotechnology: Pharmaceutical Preparations
GLUE,"Monte Rosa Therapeutics, Inc.",-2.18,-10.91,6,38,96,Health Care,Biotechnology: Biological Products (No Diagnostic Substances)
EOPSF,Electro Optic Systems Holdings Limited,-5.37,-35.93,0,5,7,Industrials,Aerospace & Defense
ZD,"Ziff Davis, Inc.",2.53,3.63,100,100,86,Telecommunications,Telecommunications Equipment
BHVN,Biohaven Ltd.,-2.47,-9.74,0,7,63,Health Care,Biotechnology: Pharmaceutical Preparations
SVNBY,"Seven Bank, Ltd.",0.0,0.0,84,100,8,Financial Services,Banks - Regional
DCOM,"Dime Commercial Bancshares, Inc.",-0.51,0.49,100,100,81,Finance,Major Banks
TPB,"Turning Point Brands, Inc.",-5.29,-9.88,30,54,19,Consumer Discretionary,Tobacco
LILA,Liberty Latin America Ltd.,2.59,8.67,100,100,94,Telecommunications,Cable & Other Pay Television Services
HLIT,Harmonic Inc.,-4.16,-35.09,0,0,47,Technology,Radio And Television Broadcasting And Communications Equipment
LSHGF,LSHGF,9.68,42.57,93,79,93,,
STBA,"S&T Bancorp, Inc.",-0.77,7.89,100,100,84,Finance,Major Banks
TGLVY,Top Glove Corporation Bhd.,0.0,-21.18,4,9,16,Healthcare,Medical Instruments & Supplies
FLO,"Flowers Foods, Inc.",-1.06,-5.57,4,10,6,Consumer Staples,Packaged Foods
GLP,Global Partners LP,-0.35,4.01,100,100,48,Energy,Oil Refining/Marketing
KMMPF,Killam Apartment REIT,0.0,2.69,100,100,52,Real Estate,REIT - Residential
SFL,SFL,0.0,18.92,100,100,86,Consumer Discretionary,Marine Transportation
PWP,Perella Weinberg Partners,-7.94,-6.95,19,57,6,Finance,Finance: Consumer Services
AMVMF,AMG Critical Materials N.V.,0.0,-15.59,7,25,14,Basic Materials,Other Industrial Metals & Mining
DCH,Dauch Corporation,-1.43,2.03,95,100,23,Consumer Discretionary,Auto Parts:O.E.M.
CNPPF,China Overseas Property Holdings Limited,0.0,0.0,84,100,21,Real Estate,Real Estate Services
AVAH,Aveanna Healthcare Holdings Inc.,-1.42,13.77,100,100,92,Health Care,Medical/Nursing Services
QQQX,Nuveen Nasdaq 100 Dynamic Overwrite Fund,-1.61,-4.48,0,100,48,Finance,Finance Companies
GRGTF,Grainger plc,0.0,19.14,98,100,53,Real Estate,Real Estate Services
COUR,"Coursera, Inc.",5.64,9.57,100,100,12,Technology,Computer Software: Prepackaged Software
ESBA,"Empire State Realty OP, L.P.",0.18,1.08,100,100,17,Real Estate,REIT - Office
REX,REX American Resources Corporation,-0.54,-6.49,9,20,70,Industrials,Major Chemicals
CASBF,CanSino Biologics Inc.,0.0,20.96,100,100,7,Healthcare,Drug Manufacturers - Specialty & Generic
SNLRF,Sanlorenzo S.p.A.,0.0,8.01,97,100,71,Consumer Cyclical,Recreational Vehicles
INBX,"Inhibrx Biosciences, Inc.",-0.54,-16.36,4,7,87,Health Care,Biotechnology: Biological Products (No Diagnostic Substances)
QCRH,"QCR Holdings, Inc.",-0.33,5.74,100,100,75,Finance,Major Banks
UMAC,"Unusual Machines, Inc.",-13.35,-22.6,17,30,82,Technology,Radio And Television Broadcasting And Communications Equipment
MLLGF,Mullen Group Ltd.,-1.5,31.56,95,100,94,Industrials,Trucking
TRIN,Trinity Capital Inc.,-0.73,-0.83,100,100,73,Finance,Finance: Consumer Services
PLFRF,Palfinger AG,0.0,0.0,84,100,30,Industrials,Farm & Heavy Construction Machinery
LKFN,Lakeland Financial Corporation,-0.58,3.49,100,100,42,Finance,Major Banks
EVTC,"EVERTEC, Inc.",1.24,14.83,100,100,45,Technology,EDP Services
BY,"Byline Bancorp, Inc.",-0.13,3.96,100,100,82,Finance,Major Banks
PRCT,PROCEPT BioRobotics Corporation,-1.11,-20.81,22,33,3,Health Care,Medical/Dental Instruments
GAM,"General American Investors Company, Inc.",-0.45,0.53,100,100,51,Finance,Investment Managers
DV,"DoubleVerify Holdings, Inc.",2.4,6.27,94,100,30,Technology,Computer Software: Programming Data Processing
LOMA,Loma Negra Compañía Industrial Argentina Sociedad Anónima,0.52,0.44,69,100,53,Industrials,Building Materials
JNNDF,Japan Display Inc.,0.0,0.0,100,100,88,Technology,Electronic Components
SFRGF,Salvatore Ferragamo S.p.A.,0.0,0.0,100,100,61,Consumer Cyclical,Luxury Goods
PRG,"PROG Holdings, Inc.",-5.1,-8.22,19,64,89,Consumer Discretionary,Diversified Commercial Services
LINC,Lincoln Educational Services Corporation,3.28,-12.95,29,41,92,Real Estate,Other Consumer Services
RES,"RPC, Inc.",-0.78,-12.18,5,14,15,Energy,Oilfield Services/Equipment
TRS,TRS,-2.21,-12.66,9,93,57,Industrials,Industrial Specialties
MAZE,"Maze Therapeutics, Inc.",-2.19,-8.61,15,35,47,Health Care,Biotechnology: Biological Products (No Diagnostic Substances)
TOWCF,TOWA Corporation,0.0,-26.63,4,7,1,Technology,Semiconductor Equipment & Materials
DPBSF,Dampskibsselskabet Norden A/S,0.0,0.0,100,100,79,Industrials,Marine Shipping
PRXXF,Paradox Interactive AB (publ),0.0,-2.35,0,42,75,Communication Services,Electronic Gaming & Multimedia
ARLO,"Arlo Technologies, Inc.",1.97,7.64,100,100,29,Consumer Staples,Consumer Electronics/Appliances
NWL,Newell Brands Inc.,-1.33,-15.47,36,72,68,Industrials,Plastic Products
FGETF,Flight Centre Travel Group Limited,0.0,-3.78,0,85,32,Consumer Cyclical,Travel Services
WWW,"Wolverine World Wide, Inc.",-1.63,24.95,100,100,47,Consumer Discretionary,Shoe Manufacturing
KALV,KalVista Pharmaceuticals Inc,0.0,0.0,0,0,36,Health Care,Biotechnology: Pharmaceutical Preparations
JJSF,J&J Snack Foods Corp.,-0.39,7.84,100,100,16,Consumer Staples,Specialty Foods
YSWY,"Yesway, Inc.",2.17,-0.3,84,100,21,Consumer Staples,Food Chains
DFH,"Dream Finders Homes, Inc.",-4.99,-10.66,48,75,13,Consumer Discretionary,Homebuilding
MLTX,MoonLake Immunotherapeutics,-1.76,-5.6,3,55,60,Health Care,Biotechnology: Pharmaceutical Preparations
SATL,Satellogic Inc.,-6.23,-42.13,0,0,13,Technology,Radio And Television Broadcasting And Communications Equipment
MRTN,"Marten Transport, Ltd.",-1.64,-13.49,0,3,72,Industrials,Trucking Freight/Courier Services
FRRFF,4imprint Group plc,0.0,4.6,94,100,57,Communication Services,Advertising Agencies
RVLV,"Revolve Group, Inc.",-3.8,12.76,87,92,43,Consumer Discretionary,Catalog/Specialty Distribution
LEG,"Leggett & Platt, Incorporated",-4.38,-12.3,0,28,32,Consumer Discretionary,Home Furnishings
IAUX,i-80 Gold Corp.,-1.55,-11.81,19,44,67,Basic Materials,Precious Metals
ULCC,"Frontier Group Holdings, Inc.",4.33,-17.83,50,66,93,Consumer Discretionary,Air Freight/Delivery Services
PRGS,Progress Software Corporation,5.8,27.19,100,100,69,Technology,Computer Software: Prepackaged Software
HMMCF,HMMCF,-4.5,-2.11,0,17,99,Basic Materials,Gold
IRS,IRSA Inversiones y Representaciones Sociedad Anónima,0.59,0.06,82,100,47,Real Estate,Homebuilding
WLDN,"Willdan Group, Inc.",-3.3,-14.4,0,30,9,Consumer Discretionary,Military/Government/Technical
SUPIF,Supermarket Income REIT plc,0.0,1.42,90,100,84,Industrials,Consulting Services
URGN,UroGen Pharma Ltd.,-1.05,9.92,65,94,96,Health Care,Biotechnology: Pharmaceutical Preparations
PKCPY,PT AKR Corporindo Tbk,0.0,0.0,84,100,30,Energy,Oil & Gas Refining & Marketing
SEPN,"Septerna, Inc.",-1.06,0.36,49,80,94,Health Care,Biotechnology: Pharmaceutical Preparations
VZLA,Vizsla Silver Corp.,-2.19,-5.45,51,78,12,Basic Materials,Precious Metals
CGIFF,Chemtrade Logistics Income Fund,0.68,6.51,91,100,64,Basic Materials,Chemicals
AIOSF,"Atresmedia Corporación de Medios de Comunicación, S.A.",0.0,0.0,84,100,47,Communication Services,Entertainment
SNMSF,Spin Master Corp.,-0.12,16.67,100,100,63,Consumer Cyclical,Leisure
OGPIF,OGPIF,0.0,0.0,84,100,33,Basic Materials,Gold
EYE,"National Vision Holdings, Inc.",0.64,15.47,100,100,18,Health Care,Ophthalmic Goods
ADTN,"ADTRAN Holdings, Inc.",-7.55,-40.07,0,0,7,Utilities,Telecommunications Equipment
CMP,"Compass Minerals International, Inc.",-1.25,-5.81,64,100,81,Industrials,Mining & Quarrying of Nonmetallic Minerals (No Fuels)
LLESY,Lendlease Group,0.0,-13.64,9,21,5,Real Estate,Real Estate - Diversified
CDRE,"Cadre Holdings, Inc.",-8.56,7.12,56,67,18,Health Care,Industrial Specialties
BCTCF,OSL Group Limited,0.0,0.0,84,100,5,Financial Services,Capital Markets
TAOFF,IperionX Limited,0.0,-6.93,35,53,3,Basic Materials,Other Industrial Metals & Mining
EDN,EDN,0.51,2.08,60,97,36,Utilities,Electric Utilities: Central
NAK,NAK,-4.83,-28.12,0,0,15,Basic Materials,Precious Metals
HROW,"Harrow, Inc.",-1.63,-8.92,19,29,33,Health Care,Biotechnology: Pharmaceutical Preparations
GSL,GSL,-0.6,15.27,100,100,84,Consumer Discretionary,Marine Transportation
DMLP,"Dorchester Minerals, L.P.",-0.44,6.53,81,100,46,Energy,Oil & Gas Production
SPRPY,SPRPY,0.0,0.57,84,100,40,Utilities,Utilities - Regulated Gas
LRCDF,Laurentian Bank of Canada,0.53,0.03,100,100,58,Financial Services,Banks - Regional
ATLCP,Atlanticus Holdings Corporation,-0.17,0.83,100,100,53,Finance,Finance: Consumer Services
AHG,Akso Health Group,0.0,-2.01,34,72,10,Consumer Discretionary,Business Services
SUUIF,Superior Plus Corp.,0.0,3.82,97,100,50,Utilities,Utilities - Regulated Gas
OCS,Oculis Holding AG,-1.94,-21.85,0,6,2,Health Care,Biotechnology: Pharmaceutical Preparations
TWO,Two Harbors Investment Corp.,0.0,0.26,100,100,69,Real Estate,Real Estate Investment Trusts
SATA,"Strive, Inc.",0.16,5.95,88,100,52,Financial Services,Asset Management
SNSNF,"Sansan, Inc.",0.0,0.0,84,100,91,Technology,Software - Application
BLGFF,Baillie Gifford US Growth Trust PLC,-8.57,-4.11,0,7,96,,
SLCVF,SLCVF,0.0,0.0,84,100,59,Industrials,Engineering & Construction
BIREF,Birchcliff Energy Ltd.,2.75,2.98,63,99,26,Energy,Oil & Gas E&P
BHRB,Burke & Herbert Financial Services Corp.,-0.61,2.46,100,100,70,Finance,Major Banks
UMH,"UMH Properties, Inc.",0.45,4.1,100,100,44,Real Estate,Real Estate Investment Trusts
FINV,FinVolution Group,1.02,3.76,100,100,17,Finance,Finance: Consumer Services
OMGGF,Omai Gold Mines Corp.,5.03,13.23,100,100,96,Basic Materials,Gold
SBH,"Sally Beauty Holdings, Inc.",-0.45,8.91,100,100,61,Consumer Discretionary,Other Specialty Stores
CHFHY,China Foods Limited,0.0,-13.32,15,39,18,Consumer Defensive,Beverages - Non-Alcoholic
AFYA,Afya Limited,2.08,-0.61,86,100,47,Real Estate,Other Consumer Services
ALX,"Alexander's, Inc.",0.05,-3.46,25,90,61,Real Estate,Real Estate Investment Trusts
YELP,Yelp Inc.,1.9,13.87,100,100,25,Consumer Discretionary,Other Consumer Services
TNGRF,Thungela Resources Limited,2.06,6.71,37,61,28,Energy,Thermal Coal
PEBO,Peoples Bancorp Inc.,-0.54,9.35,100,100,86,Finance,Major Banks
IART,Integra LifeSciences Holdings Corporation,-16.55,-8.18,0,12,87,Health Care,Medical/Dental Instruments
WLFC,Willis Lease Finance Corporation,-1.68,-69.24,4,6,1,Consumer Discretionary,Industrial Specialties
LEFUF,Leon's Furniture Limited,0.45,5.88,100,100,22,Consumer Cyclical,Specialty Retail
KMTS,"Kestra Medical Technologies, Ltd.",-4.65,-10.57,35,49,45,Health Care,Medical/Dental Instruments
TMP,Tompkins Financial Corporation,-1.79,5.21,97,100,86,Finance,Major Banks
CPPKF,Faraday Copper Corp.,2.21,-12.49,19,36,97,Basic Materials,Copper
SILXY,Silex Systems Limited,-2.61,-16.44,0,12,6,Technology,Semiconductors
CCO,"Clear Channel Outdoor Holdings, Inc.",-0.83,-0.83,100,100,83,Consumer Discretionary,Advertising
GSHD,"Goosehead Insurance, Inc.",2.76,45.81,100,100,66,Finance,Specialty Insurers
PRSU,"Pursuit Attractions and Hospitality, Inc.",-2.3,-5.77,62,97,90,Consumer Discretionary,Business Services
BLFS,"BioLife Solutions, Inc.",-1.5,11.54,100,100,86,Health Care,Biotechnology: Electromedical & Electrotherapeutic Apparatus
SIFY,Sify Technologies Limited,-1.06,-15.65,10,41,81,Technology,Computer Software: Programming Data Processing
ASA,ASA Gold and Precious Metals Limited,-1.82,-5.46,33,71,30,Industrials,Precious Metals
PKPYY,Pick n Pay Stores Limited,0.0,0.0,84,100,14,Consumer Cyclical,Department Stores
DTTLF,Datatec Limited,0.0,67.57,99,100,98,Technology,Information Technology Services
AVLN,Avalyn Pharma Inc.,1.12,-14.64,69,92,28,Health Care,Biotechnology: Pharmaceutical Preparations
ABTC,American Bitcoin Corp,-5.29,-49.19,1,8,1,Technology,EDP Services
ATEX,Anterix Inc.,-3.47,-14.32,0,1,98,Telecommunications,Telecommunications Equipment
CFPZF,Canfor Corporation,-2.6,2.42,57,92,40,Basic Materials,Lumber & Wood Production
AGTEF,AGTech Holdings Limited,0.0,1.94,90,100,98,Consumer Cyclical,Gambling
PNTG,"The Pennant Group, Inc.",-2.24,11.18,94,99,92,Health Care,Medical/Nursing Services
BFLY,"Butterfly Network, Inc.",-0.98,-15.68,42,67,98,Health Care,Medical Electronics
CBLNY,Mersen S.A.,0.0,-2.78,10,56,91,Industrials,Electrical Equipment & Parts
SG,"Sweetgreen, Inc.",0.0,-27.81,15,23,14,Consumer Discretionary,Restaurants
TNDM,"Tandem Diabetes Care, Inc.",4.67,23.19,100,100,46,Health Care,Medical/Dental Instruments
JKS,"JinkoSolar Holding Co., Ltd.",-2.34,-13.21,0,22,5,Technology,Semiconductors
GHM,Graham Corporation,-11.55,-28.68,0,0,76,Industrials,Industrial Machinery/Components
MNKD,MannKind Corporation,-1.53,-9.62,15,45,41,Health Care,Biotechnology: Pharmaceutical Preparations
ZBIO,ZBIO,-3.72,22.5,81,90,94,Health Care,Biotechnology: Pharmaceutical Preparations
AVNS,"Avanos Medical, Inc.",0.04,0.36,66,100,95,Health Care,Industrial Specialties
CVSGF,CVS Group plc,0.0,-0.11,61,81,35,Healthcare,Medical Care Facilities
BVHMF,Vistry Group PLC,1.06,11.91,100,100,3,Consumer Cyclical,Residential Construction
NDTAF,Northern Data AG,0.0,2.99,93,100,3,Technology,Information Technology Services
OLMA,"Olema Pharmaceuticals, Inc.",-3.7,-10.55,26,58,62,Health Care,Biotechnology: Pharmaceutical Preparations
VITBF,VITBF,-4.52,-17.13,0,4,2,,
FCELB,"FuelCell Energy, Inc.",0.0,11.11,63,80,91,Industrials,Electrical Equipment & Parts
ENHA,Enhanced Group Inc.,-4.33,-7.67,23,38,1,Consumer Discretionary,Services-Misc. Amusement & Recreation
ELE,Elemental Royalty Corporation,-1.56,-13.46,27,50,20,Basic Materials,Precious Metals
TDAY,"USA TODAY Co., Inc.",2.09,3.04,100,100,95,Consumer Discretionary,Newspapers/Magazines
MGRT,Mega Fortune Company Limited,-4.9,33.14,88,91,99,Technology,EDP Services
CIM,Chimera Investment Corporation,0.0,-4.87,61,100,39,Real Estate,Real Estate Investment Trusts
IRPSY,IRPC Public Company Limited,0.0,0.0,84,100,97,Energy,Oil & Gas Refining & Marketing
TTAPY,TTW Public Company Limited,0.0,0.0,100,100,55,Utilities,Utilities - Regulated Water
SDGR,"Schrödinger, Inc.",-1.11,-6.95,24,65,30,Health Care,Biotechnology: Pharmaceutical Preparations
TOLWF,Trican Well Service Ltd.,-7.1,-11.79,0,16,20,Energy,Oil & Gas Equipment & Services
EKZRF,Eckert & Ziegler SE,0.0,0.0,84,100,37,Healthcare,Medical Devices
MRNFF,Meren Energy Inc.,2.86,5.88,63,98,37,Energy,Oil & Gas E&P
FHNGY,The Foschini Group Limited,4.43,-17.96,20,30,4,Consumer Cyclical,Department Stores
FBAK,First National Bank Alaska,-0.31,0.89,100,100,59,Financial Services,Banks - Regional
FPF,First Trust Intermediate Duration Preferred & Income Fund,-0.85,-2.78,37,100,34,Finance,Trusts Except Educational Religious and Charitable
CEVA,"CEVA, Inc.",-5.87,-36.73,0,0,74,Technology,Computer Software: Programming Data Processing
LGIH,"LGI Homes, Inc.",-5.46,-8.84,55,73,67,Consumer Discretionary,Homebuilding
TEN,Tsakos Energy Navigation Limited,0.46,14.35,100,100,91,Consumer Discretionary,Marine Transportation
ASGTF,Altus Group Limited,4.3,7.24,100,100,24,Real Estate,Real Estate Services
MPZZF,MPC Container Ships ASA,0.0,-10.9,21,72,76,Industrials,Marine Shipping
IQ,"iQIYI, Inc.",-1.6,18.27,100,100,11,Consumer Discretionary,Consumer Electronics/Video Chains
UVSP,Univest Financial Corporation,-0.84,1.97,100,100,85,Finance,Major Banks
SMSSY,"SMS Co., Ltd.",-2.71,10.08,51,71,87,Healthcare,Health Information Services
FUBO,FuboTV Inc.,-2.0,-3.91,35,50,2,Consumer Discretionary,Movies/Entertainment
COLL,"Collegium Pharmaceutical, Inc.",1.09,0.25,96,100,44,Health Care,Biotechnology: Pharmaceutical Preparations
UPWK,Upwork Inc.,-2.85,14.0,90,95,7,Technology,EDP Services
CCB,Coastal Financial Corporation,-3.21,-8.84,1,28,7,Finance,Major Banks
LZ,"LegalZoom.com, Inc.",4.21,37.36,100,100,46,Technology,EDP Services
DYLLF,Deep Yellow Limited,-4.35,-12.0,13,31,5,Energy,Uranium
BOPCF,BioPharma Credit PLC,1.22,4.23,40,45,44,,
MNXBF,"Monex Group, Inc.",0.0,3.06,37,71,1,Financial Services,Capital Markets
MMI,"Marcus & Millichap, Inc.",-0.38,1.41,100,100,53,Finance,Real Estate
FMBL,Farmers & Merchants Bank of Long Beach,-0.0,9.07,100,100,83,Financial Services,Banks - Regional
XERS,"Xeris Biopharma Holdings, Inc.",1.7,5.81,62,100,81,Health Care,Biotechnology: Pharmaceutical Preparations
IRCUF,Irish Continental Group plc,0.0,24.57,100,100,75,Industrials,Marine Shipping
APPS,"Digital Turbine, Inc.",-4.02,-37.05,4,10,96,Miscellaneous,Multi-Sector Companies
AZTA,"Azenta, Inc.",-2.25,10.82,95,99,27,Technology,Industrial Machinery/Components
ABSI,Absci Corporation,-3.23,-40.47,0,0,96,Health Care,Biotechnology: Commercial Physical & Biological Resarch
SAEYY,Redcare Pharmacy NV,0.0,0.0,84,100,35,Healthcare,Pharmaceutical Retailers
KOPN,Kopin Corporation,-10.48,-29.46,0,0,44,Technology,Semiconductors
SMPL,The Simply Good Foods Company,-3.67,-22.82,5,14,3,Consumer Staples,Packaged Foods
JBIO,"Jade Biosciences, Inc.",-1.78,-12.92,1,31,89,Health Care,Biotechnology: Pharmaceutical Preparations
MDEVF,Melco International Development Limited,-4.35,-4.35,82,88,10,Consumer Cyclical,Resorts & Casinos
UVE,"Universal Insurance Holdings, Inc.",1.81,8.85,100,100,90,Finance,Property-Casualty Insurers
CHI,Calamos Convertible Opportunities and Income Fund,-2.6,-10.14,0,19,59,Finance,Investment Managers
PLOW,"Douglas Dynamics, Inc.",-4.96,-20.52,14,43,71,Industrials,Construction/Ag Equipment/Trucks
CMRF,"CIM Group, Inc.",0.0,-4.65,25,49,99,Real Estate,REIT - Diversified
TOETF,TOETF,0.0,-13.27,11,43,1,Real Estate,Real Estate - Diversified
NLST,"Netlist, Inc.",0.82,-20.45,10,28,98,Technology,Electronics & Computer Distribution
APYRF,Allied Properties Real Estate Investment Trust,-6.18,2.59,48,71,8,Real Estate,REIT - Office
TWFG,"TWFG, Inc.",3.12,18.34,100,100,72,Finance,Specialty Insurers
HEPS,D-Market Elektronik Hizmetler ve Ticaret A.S.,-3.38,-1.72,70,85,48,Consumer Discretionary,Catalog/Specialty Distribution
CGEM,"Cullinan Therapeutics, Inc.",-1.49,-5.49,60,100,95,Health Care,Biotechnology: Biological Products (No Diagnostic Substances)
SDTHF,Sdiptech AB (publ),0.0,0.0,84,100,73,Industrials,Conglomerates
RCKHF,Rockhopper Exploration plc,0.0,1.05,70,100,21,Energy,Oil & Gas E&P
CTYMF,Catalyst Metals Limited,0.0,23.53,100,100,21,Basic Materials,Gold
