ticker,name,daily_pct,one_month_pct,rs_sts_spy,rs_sts_qqq,ibd_rs,sector,industry
NVDA,NVIDIA Corporation,-2.94,5.55,65,58,77,Technology,Semiconductors
AAPL,Apple Inc,1.11,4.24,79,49,81,Technology,Computer Manufacturing
AVGO,Broadcom Inc,-4.35,-0.01,47,43,44,Technology,Semiconductors
META,Meta Platforms Inc,-0.06,11.96,50,40,63,Technology,Computer Software: Programming Data Processing
AMD,Advanced Micro Devices,-3.9,23.25,83,84,98,Technology,Semiconductors
ASMLF,ASML Holding N.V.,-2.65,4.51,53,44,85,Technology,Semiconductor Equipment & Materials
XOM,ExxonMobil Holdings Corporation,2.71,1.98,67,46,86,Energy,Integrated oil Companies
TCTZF,Tencent Holdings Limited,-1.96,-2.44,0,0,11,Communication Services,Internet Content & Information
MA,Mastercard Incorporated,0.82,1.66,61,41,59,Consumer Discretionary,Business Services
LRCX,Lam Research Corporation,-2.71,7.69,62,60,90,Technology,Industrial Machinery/Components
PLTR,Palantir Technologies Inc.,2.4,19.85,100,100,89,Technology,Computer Software: Prepackaged Software
CVX,Chevron Corporation,3.12,-0.57,44,32,85,Energy,Integrated oil Companies
AMAT,"Applied Materials, Inc.",-2.13,12.24,72,72,91,Technology,Semiconductors
KO,The Coca-Cola Company,2.27,0.53,43,32,77,Consumer Staples,Beverages (Production/Distribution)
RHHBY,Roche Holding AG,-1.29,0.34,26,24,61,Healthcare,Drug Manufacturers - General
RHHBF,Roche Holding AG,-2.96,-2.35,8,15,48,Healthcare,Drug Manufacturers - General
ACGBY,Agricultural Bank of China Limited,0.72,3.31,58,38,80,Financial Services,Banks - Diversified
BABAF,Alibaba Group Holding Limited,-0.26,-3.58,22,17,14,Consumer Cyclical,Internet Retail
CYATY,"Contemporary Amperex Technology Co., Limited",-0.52,-13.39,3,6,13,Industrials,Electrical Equipment & Parts
CICHY,China Construction Bank Corporation,1.35,-0.24,28,25,83,Financial Services,Banks - Diversified
CICHF,China Construction Bank Corporation,0.83,-1.61,32,31,82,Financial Services,Banks - Diversified
SFTBF,SoftBank Group Corp.,-9.04,-18.51,0,0,34,Communication Services,Telecom Services
NVS,Novartis AG,-0.12,4.1,42,43,44,Health Care,Biotechnology: Pharmaceutical Preparations
SFTBY,SoftBank Group Corp.,-9.95,-15.94,0,0,68,Communication Services,Telecom Services
NVSEF,Novartis AG,1.14,-1.59,17,19,33,Healthcare,Drug Manufacturers - General
BACHY,Bank of China Limited,1.53,2.12,42,31,86,Financial Services,Banks - Diversified
KLAC,KLA Corporation,-0.06,11.03,69,68,81,Technology,Electronic Components
TOYOF,Toyota Motor Corporation,-0.91,-1.7,12,15,43,Consumer Cyclical,Auto Manufacturers
LRLCF,L'Oréal S.A.,2.7,1.96,47,38,53,Consumer Defensive,Household & Personal Products
SMAWF,Siemens Aktiengesellschaft,0.09,0.36,7,17,53,Industrials,Specialty Industrial Machinery
PANW,"Palo Alto Networks, Inc.",-1.74,17.73,77,78,96,Technology,Computer peripheral equipment
BHP,BHP Group Limited,-0.46,-2.88,0,11,83,Energy,Coal Mining
AXP,American Express Company,1.27,-3.93,18,18,26,Finance,Finance: Consumer Services
SAP,SAP SE,1.08,3.13,33,28,71,Technology,Computer Software: Prepackaged Software
APP,AppLovin Corporation,-0.42,-10.93,15,15,2,Technology,Computer Software: Programming Data Processing
ADI,"Analog Devices, Inc.",-1.01,12.37,74,73,85,Technology,Semiconductors
HESAF,Hermès International Société en commandite par actions,-1.63,-14.48,0,0,6,Consumer Cyclical,Luxury Goods
CMWAY,Commonwealth Bank of Australia,-0.99,-5.24,0,3,29,Financial Services,Banks - Diversified
PEP,"PepsiCo, Inc.",3.73,-6.08,32,29,31,Consumer Staples,Beverages (Production/Distribution)
IDEXF,"Industria de Diseño Textil, S.A.",-1.45,-7.55,1,1,36,Consumer Cyclical,Apparel Retail
ABLZF,ABB Ltd,0.97,-1.34,21,21,67,Industrials,Electrical Equipment & Parts
RIO,Rio Tinto Group,0.19,-6.09,7,11,73,Basic Materials,Metal Mining
TMO,Thermo Fisher Scientific Inc.,-1.52,8.17,48,28,80,Industrials,Industrial Machinery/Components
AMGN,Amgen Inc.,-1.37,6.53,53,36,80,Health Care,Biotechnology: Biological Products (No Diagnostic Substances)
RTPPF,Rio Tinto Group,-1.18,-4.4,6,12,71,Basic Materials,Other Industrial Metals & Mining
DIS,The Walt Disney Company,2.17,1.13,54,40,56,Consumer Discretionary,Services-Misc. Amusement & Recreation
TJX,"The TJX Companies, Inc.",-0.04,9.75,100,100,29,Consumer Discretionary,Clothing/Shoe/Accessory Stores
ALIZY,Allianz SE,-0.15,-8.52,2,7,57,Financial Services,Insurance - Diversified
EADSY,Airbus SE,1.13,-6.38,13,15,35,Industrials,Aerospace & Defense
SMEGF,Siemens Energy AG,1.91,-4.53,19,24,47,Industrials,Specialty Industrial Machinery
DTEGY,Deutsche Telekom AG,0.17,-6.86,15,15,36,Communication Services,Telecom Services
FRCOF,"Fast Retailing Co., Ltd.",8.33,10.46,100,100,71,Consumer Cyclical,Apparel Retail
GLW,Corning Incorporated,-6.38,-6.31,28,6,80,Industrials,Telecommunications Equipment
SHOP,Shopify Inc.,-0.89,29.98,98,100,82,Technology,Computer Software: Prepackaged Software
IBDSF,"Iberdrola, S.A.",-0.72,1.29,60,45,55,Utilities,Utilities - Diversified
RYCEY,Rolls-Royce Holdings plc,-2.56,-5.09,0,0,55,Industrials,Aerospace & Defense
TOELY,Tokyo Electron Ltd,-0.73,13.12,93,92,44,Technology,Semiconductor Equipment & Materials
SAFRY,Safran SA,-1.7,-5.29,0,0,36,Industrials,Aerospace & Defense
HTHIY,"Hitachi, Ltd.",-1.6,5.63,22,8,73,Industrials,Conglomerates
WELL,Welltower Inc.,0.87,-5.38,14,16,67,Real Estate,Real Estate Investment Trusts
UBER,"Uber Technologies, Inc.",2.62,-3.2,35,30,23,Consumer Discretionary,Business Services
CIHHF,"China Merchants Bank Co., Ltd.",-10.82,-7.85,0,0,50,Financial Services,Banks - Regional
DBSDY,DBS Group Holdings Ltd,-4.28,-4.63,0,0,82,Financial Services,Banks - Regional
COP,ConocoPhillips,3.35,-2.08,46,36,86,Energy,Integrated oil Companies
PLDGP,"Prologis, Inc.",-0.3,0.13,3,12,40,Real Estate,REIT - Industrial
BBVXF,"Banco Bilbao Vizcaya Argentaria, S.A.",-2.36,-11.74,0,0,71,Financial Services,Banks - Diversified
BTAFF,British American Tobacco p.l.c.,0.82,1.43,37,32,44,Consumer Defensive,Tobacco
BKNG,Booking Holdings Inc.,2.63,-8.02,20,20,18,Consumer Discretionary,Transportation Services
NOW,"ServiceNow, Inc.",1.36,6.54,59,42,76,Technology,Computer Software: Prepackaged Software
CFRUY,Compagnie Financière Richemont SA,-1.59,-1.02,0,0,47,Consumer Cyclical,Luxury Goods
IFNNF,Infineon Technologies AG,-3.67,3.78,44,40,79,Technology,Semiconductors
IFNNY,Infineon Technologies AG,-4.92,1.28,17,0,76,Technology,Semiconductors
KYCCF,Keyence Corporation,-0.79,3.14,35,37,79,Technology,Scientific & Technical Instruments
VRT,Vertiv Holdings Co,-1.12,-1.75,17,2,60,Technology,Industrial Machinery/Components
PDD,PDD Holdings Inc.,-0.31,0.54,47,36,11,Technology,EDP Services
ENNPF,Enbridge Inc.,-0.14,-3.3,9,14,55,Energy,Oil & Gas Midstream
ZIJMF,Zijin Mining Group Company Limited,1.77,-15.37,13,14,34,Basic Materials,Gold
ENB,Enbridge Inc.,1.42,-3.48,21,21,32,Energy,Natural Gas Distribution
ADTTF,Advantest Corporation,-6.32,18.6,78,79,97,Technology,Semiconductor Equipment & Materials
NEM,Newmont Corporation,1.77,-8.4,16,17,75,Basic Materials,Precious Metals
BMY,Bristol-Myers Squibb Company,-0.2,-5.57,14,16,69,Health Care,Biotechnology: Pharmaceutical Preparations
CVS,CVS Health Corporation,-0.17,-7.86,17,17,52,Consumer Staples,Retail-Drug Stores and Proprietary Stores
ACN,Accenture plc,5.96,17.12,83,85,75,Consumer Discretionary,Business Services
ENLAY,Enel SpA,1.13,-4.28,19,20,32,Utilities,Utilities - Diversified
PGR,The Progressive Corporation,2.15,1.22,65,48,46,Finance,Property-Casualty Insurers
AAGIY,AIA Group Limited,3.6,-5.44,25,24,27,Financial Services,Insurance - Life
BP,BP p.l.c.,4.16,0.61,65,48,83,Energy,Integrated oil Companies
PH,Parker-Hannifin Corporation,-0.61,1.35,13,13,57,Industrials,Metal Fabrications
BPAQF,BP p.l.c.,1.72,0.13,71,53,83,Energy,Oil & Gas Integrated
ZFSVF,Zurich Insurance Group AG,-5.11,-5.92,0,4,26,Financial Services,Insurance - Diversified
CEG,Constellation Energy Corporation,-4.85,-0.31,67,69,44,Utilities,Electric Utilities: Central
HWM,Howmet Aerospace Inc.,-0.09,-2.35,6,13,35,Industrials,Metal Fabrications
BAMGF,Brookfield Corporation,0.0,2.05,19,20,68,Financial Services,Asset Management
FTNT,"Fortinet, Inc.",-0.1,19.04,97,100,97,Technology,Computer peripheral equipment
CME,CME Group Inc.,2.28,0.86,55,42,62,Finance,Investment Bankers/Brokers/Service
FDX,FedEx Corporation,0.93,-6.07,26,20,67,Consumer Discretionary,Air Freight/Delivery Services
SHECY,"Shin-Etsu Chemical Co., Ltd.",-2.15,3.85,42,38,41,Basic Materials,Chemicals
AXAHY,AXA SA,-0.83,-6.38,0,3,46,Financial Services,Insurance - Diversified
MDT,Medtronic plc,2.62,-3.44,26,23,44,Health Care,Biotechnology: Electromedical & Electrotherapeutic Apparatus
CHDRF,Christian Dior SE,0.0,2.07,86,70,19,Consumer Cyclical,Luxury Goods
ESLOY,EssilorLuxottica Société anonyme,-1.58,-4.24,0,4,6,Healthcare,Medical Instruments & Supplies
ITOCF,ITOCHU Corporation,-4.49,-5.02,19,20,33,Industrials,Conglomerates
MITSY,"Mitsui & Co., Ltd.",-1.95,-7.51,0,0,50,Industrials,Conglomerates
SBKFF,State Bank of India,0.0,0.0,19,20,38,Financial Services,Banks - Regional
INGVF,ING Groep N.V.,-3.75,-12.78,0,0,69,Financial Services,Banks - Diversified
AEM,Agnico Eagle Mines Limited,1.93,-6.51,17,18,65,Basic Materials,Precious Metals
UPS,"United Parcel Service, Inc.",1.99,-5.84,17,17,36,Industrials,Trucking Freight/Courier Services
PROSF,Prosus N.V.,-1.72,-6.7,2,8,10,Consumer Cyclical,Internet Retail
ATLPF,Atlas Copco AB (publ),-0.53,-2.09,12,13,78,Industrials,Specialty Industrial Machinery
ATLCY,Atlas Copco AB (publ),0.78,1.62,55,34,63,Industrials,Specialty Industrial Machinery
CMI,Cummins Inc.,0.6,-5.39,11,14,29,Industrials,Industrial Machinery/Components
MGCLY,"Midea Group Co., Ltd.",2.95,-5.83,25,23,66,Consumer Cyclical,"Furnishings, Fixtures & Appliances"
ADP,"Automatic Data Processing, Inc.",2.55,1.92,48,37,71,Industrials,Diversified Commercial Services
ING,ING Groep N.V.,-1.44,-8.84,0,0,78,Finance,Commercial Banks
BCMXY,"Bank of Communications Co., Ltd.",0.0,10.05,87,87,85,Financial Services,Banks - Diversified
AMT,American Tower Corporation,0.33,-2.57,26,24,42,Real Estate,Real Estate Investment Trusts
SNPMF,China Petroleum & Chemical Corporation,3.57,-6.45,45,39,51,Energy,Oil & Gas Integrated
MNST,Monster Beverage Corporation,1.8,1.3,39,30,61,Consumer Staples,Beverages (Production/Distribution)
NET,"Cloudflare, Inc.",-0.31,9.87,60,51,93,Technology,Computer Software: Prepackaged Software
USB,U.S. Bancorp,1.53,-7.76,15,16,54,Finance,Major Banks
WM,"Waste Management, Inc.",0.56,-1.74,31,24,33,Utilities,Environmental Services
BCLYF,Barclays PLC,1.59,-9.45,9,10,38,Financial Services,Banks - Diversified
AMXOF,"América Móvil, S.A.B. de C.V.",0.0,-8.52,2,5,70,Communication Services,Telecom Services
OVCHY,Oversea-Chinese Banking Corporation Limited,-4.7,-8.19,0,0,89,Financial Services,Banks - Regional
NABZY,National Australia Bank Limited,-0.45,-3.59,0,7,31,Financial Services,Banks - Diversified
CHGCY,"Chugai Pharmaceutical Co., Ltd.",-0.57,-6.39,2,7,12,Healthcare,Drug Manufacturers - General
NXPI,NXP Semiconductors N.V.,-1.76,2.49,29,0,37,Technology,Semiconductors
LLDTF,Lloyds Banking Group plc,10.32,-6.71,48,45,59,Financial Services,Banks - Regional
RACE,Ferrari N.V.,0.49,-4.98,13,16,48,Industrials,Auto Manufacturing
BAESF,BAE Systems plc,1.03,-6.15,8,10,31,Industrials,Aerospace & Defense
NTTYY,"NTT, Inc.",0.59,-3.08,29,25,71,Communication Services,Telecom Services
MMM,3M Company,0.9,0.44,21,24,57,Health Care,Medical/Dental Instruments
EPD,Enterprise Products Partners L.P.,-0.43,-6.56,17,15,64,Utilities,Natural Gas Distribution
MCO,Moody's Corporation,2.01,-1.86,34,29,36,Finance,Finance: Consumer Services
AMX,"América Móvil, S.A.B. de C.V.",-0.76,-2.98,41,33,35,Telecommunications,Telecommunications Equipment
MRSH,"Marsh & McLennan Companies, Inc.",1.73,0.23,54,38,42,Finance,Specialty Insurers
ENGQF,Engie SA,3.47,-5.47,38,32,37,Utilities,Utilities - Diversified
ANZGY,ANZ Group Holdings Limited,-0.42,0.11,0,10,61,Financial Services,Banks - Diversified
SHW,The Sherwin-Williams Company,1.91,1.13,32,31,39,Consumer Discretionary,RETAIL: Building Materials
APO,"Apollo Global Management, Inc.",-0.22,-9.86,4,7,36,Finance,Investment Managers
VLO,Valero Energy Corporation,4.65,15.14,100,100,97,Energy,Integrated oil Companies
CL,Colgate-Palmolive Company,1.02,0.23,69,47,57,Consumer Discretionary,Package Goods/Cosmetics
ORLY,"O'Reilly Automotive, Inc.",1.65,0.58,51,34,34,Consumer Discretionary,Auto & Home Supply Stores
B,Barrick Mining Corporation,2.07,-7.98,18,19,56,Basic Materials,Precious Metals
EOG,"EOG Resources, Inc.",2.98,0.71,50,39,83,Energy,Oil & Gas Production
PSX,Phillips 66,3.67,8.93,100,85,96,Energy,Integrated oil Companies
F,Ford Motor Company,1.07,-11.74,9,11,37,Industrials,Auto Manufacturing
TRP,TC Energy Corporation,1.76,-2.08,41,30,48,Utilities,Natural Gas Distribution
KMI,"Kinder Morgan, Inc.",1.35,4.2,94,70,64,Utilities,Natural Gas Distribution
AEP,"American Electric Power Company, Inc.",0.2,-0.93,56,37,42,Utilities,Electric Utilities: Central
CTAS,Cintas Corporation,1.99,1.35,65,44,66,Industrials,Garments and Clothing
VALE,Vale S.A.,-1.4,-12.17,0,0,47,Basic Materials,Metal Mining
MSI,"Motorola Solutions, Inc.",-0.27,-3.36,2,8,59,Technology,Radio And Television Broadcasting And Communications Equipment
DHLGY,DHL AG,-0.22,-2.17,2,10,71,Industrials,Integrated Freight & Logistics
SPG,"Simon Property Group, Inc.",1.02,-2.47,23,21,53,Real Estate,Real Estate Investment Trusts
DPSTF,DHL AG,0.0,-2.66,5,12,66,Industrials,Integrated Freight & Logistics
WFAFY,Wesfarmers Limited,-0.08,1.38,65,35,32,Consumer Cyclical,Home Improvement Retail
HKXCY,Hong Kong Exchanges and Clearing Limited,0.02,-4.26,6,11,33,Financial Services,Financial Data & Stock Exchanges
FIX,"Comfort Systems USA, Inc.",-2.01,7.27,51,49,89,Industrials,Engineering & Construction
MFC,Manulife Financial Corporation,1.08,-3.13,17,18,74,Finance,Life Insurance
MQBKY,Macquarie Group Limited,-0.48,-2.51,21,12,65,Financial Services,Capital Markets
TEL,TE Connectivity plc,-0.7,4.73,52,25,47,Technology,Electronic Components
APD,"Air Products and Chemicals, Inc.",0.09,-4.58,8,12,44,Basic Materials,Major Chemicals
RSG,"Republic Services, Inc.",0.31,-1.6,38,30,47,Utilities,Environmental Services
STMEF,STMicroelectronics N.V.,-6.36,3.59,48,49,87,Technology,Semiconductors
WPM,Wheaton Precious Metals Corp.,0.95,-10.61,8,10,74,Basic Materials,Precious Metals
TFC,Truist Financial Corporation,1.32,-8.25,13,14,36,Finance,Major Banks
CRWV,"CoreWeave, Inc.",-7.77,-8.46,3,0,24,Technology,Computer Software: Prepackaged Software
D,"Dominion Energy, Inc.",0.36,-5.07,18,19,43,Utilities,Electric Utilities: Central
LHX,"L3Harris Technologies, Inc.",1.41,-4.61,17,18,12,Industrials,Industrial Machinery/Components
TER,"Teradyne, Inc.",-3.17,7.71,54,51,94,Industrials,Electrical Products
CRARY,Crédit Agricole S.A.,-0.43,-13.88,0,4,39,Financial Services,Banks - Regional
GWW,"W.W. Grainger, Inc.",0.41,-0.22,39,22,67,Industrials,Office Equipment/Supplies/Services
RELX,RELX PLC,2.09,4.2,65,48,43,Consumer Discretionary,Business Services
MPNGY,Meituan,-0.34,-5.99,1,6,12,Consumer Cyclical,Internet Retail
TGT,Target Corporation,2.54,-0.62,36,32,90,Consumer Discretionary,Department/Specialty Retail Stores
THLLY,Thales S.A.,0.27,-6.77,4,7,20,Industrials,Aerospace & Defense
O,Realty Income Corporation,1.54,-8.61,15,16,28,Real Estate,Real Estate Investment Trusts
RLXXF,RELX PLC,-3.03,-1.01,3,2,32,Industrials,Specialty Business Services
THLEF,Thales S.A.,-5.1,-7.97,0,0,18,Industrials,Aerospace & Defense
SSUMF,Sumitomo Corporation,-0.09,-7.07,31,29,6,Industrials,Conglomerates
STRF,Strategy Inc,-0.01,1.66,13,18,61,Technology,Computer Software: Prepackaged Software
STRK,Strategy Inc,0.05,1.8,77,45,64,Technology,Computer Software: Prepackaged Software
ANFGF,Antofagasta plc,-0.32,-6.01,15,13,61,Basic Materials,Copper
MPLX,MPLX LP,0.47,-3.87,15,17,66,Energy,Natural Gas Distribution
CMPGF,Compass Group PLC,0.0,-0.6,46,39,37,Consumer Cyclical,Restaurants
FNCTF,Orange S.A.,-1.65,-12.56,4,3,23,Communication Services,Telecom Services
CMPGY,Compass Group PLC,1.57,0.52,58,41,45,Consumer Cyclical,Restaurants
FKURF,Fujikura Ltd.,-5.08,122.61,91,92,99,Industrials,Conglomerates
VWAGY,Volkswagen AG,-3.72,-19.87,0,0,13,Consumer Cyclical,Auto Manufacturers
DAL,"Delta Air Lines, Inc.",-1.0,4.98,35,7,72,Consumer Discretionary,Air Freight/Delivery Services
SCGLY,Société Générale Société anonyme,-0.63,-16.41,0,3,30,Financial Services,Banks - Regional
MET,"MetLife, Inc.",2.81,1.75,62,42,79,Finance,Life Insurance
ALL,The Allstate Corporation,2.98,-8.4,19,19,53,Finance,Property-Casualty Insurers
OKE,"ONEOK, Inc.",2.54,-5.67,30,25,73,Utilities,Oil & Gas Production
GWLIF,Great-West Lifeco Inc.,-1.06,-6.56,0,2,79,Financial Services,Insurance - Life
CTVA,"Corteva, Inc.",-4.84,8.47,75,80,79,Consumer Staples,Farming/Seeds/Milling
BAMXF,Bayerische Motoren Werke Aktiengesellschaft,-1.99,-20.28,31,29,7,Consumer Cyclical,Auto Manufacturers
CBRS,Cerebras Systems Inc.,-4.07,-12.24,1,4,5,Technology,Semiconductors
CVE,Cenovus Energy Inc.,2.81,-5.1,23,22,93,Energy,Oil & Gas Production
SDVKF,Sandvik AB (publ),0.0,-9.61,3,7,46,Industrials,Specialty Industrial Machinery
ARGNF,argenx SE,0.0,-7.35,6,10,68,Healthcare,Biotechnology
ARGX,argenx SE,-11.83,-16.81,0,0,42,Health Care,Biotechnology: Biological Products (No Diagnostic Substances)
BFFAF,BASF SE,5.92,-5.02,72,57,69,Basic Materials,Chemicals
MCHP,Microchip Technology Incorporated,-3.2,5.5,39,22,47,Technology,Semiconductors
NTDOF,"Nintendo Co., Ltd.",1.02,-3.46,15,16,29,Communication Services,Electronic Gaming & Multimedia
SDVKY,Sandvik AB (publ),-0.59,-10.28,0,4,43,Industrials,Specialty Industrial Machinery
TTDKF,TDK Corporation,-10.55,-2355.59,86,87,98,Technology,Electronic Components
CTPCF,CITIC Limited,0.0,9.93,84,82,52,Industrials,Conglomerates
ETR,Entergy Corporation,-0.3,-3.06,45,31,43,Utilities,Electric Utilities: Central
EW,Edwards Lifesciences Corporation,-1.8,-2.92,0,0,45,Health Care,Industrial Specialties
DRPRY,Dr. Ing. h.c. F. Porsche AG,-3.99,-11.43,0,0,29,Consumer Cyclical,Auto Manufacturers
CCJ,Cameco Corporation,-2.19,-10.57,12,13,24,Basic Materials,Other Metals and Minerals
TTDKY,TDK Corporation,-5.7,15.27,52,54,84,Technology,Electronic Components
FER,Ferrovial N.V.,-0.61,-9.39,0,4,12,Industrials,Military/Government/Technical
CRZBY,Commerzbank AG,-0.98,-12.43,0,2,59,Financial Services,Banks - Regional
AMSYF,ArcelorMittal S.A.,0.0,-1.28,8,17,90,Basic Materials,Steel
UOVEF,United Overseas Bank Limited,0.0,0.86,25,23,65,Financial Services,Banks - Regional
MDLN,Medline Inc.,0.82,10.34,98,100,20,Health Care,Medical/Dental Instruments
RWNFF,RWE Aktiengesellschaft,-2.16,-8.78,0,0,64,Utilities,Utilities - Diversified
LNG,"Cheniere Energy, Inc.",2.09,0.01,64,41,75,Utilities,Oil/Gas Transmission
LGRVF,Legrand SA,0.0,4.46,100,91,62,Industrials,Electrical Equipment & Parts
FANUF,Fanuc Corporation,-4.12,-1.01,44,35,49,Industrials,Specialty Industrial Machinery
CAH,"Cardinal Health, Inc.",2.93,1.48,100,69,75,Health Care,Other Pharmaceuticals
DGEAF,Diageo plc,4.18,0.0,57,45,56,Consumer Defensive,Beverages - Wineries & Distilleries
BIDU,"Baidu, Inc.",-1.62,-7.36,0,0,6,Technology,Computer Software: Programming Data Processing
GPDNF,Danone S.A.,1.33,-6.25,35,29,13,Consumer Defensive,Packaged Foods
ERIXF,Telefonaktiebolaget LM Ericsson (publ),0.0,-6.48,22,22,26,Technology,Communication Equipment
LGRDY,Legrand SA,-2.49,-4.27,0,0,40,Industrials,Electrical Equipment & Parts
CODYY,Compagnie de Saint-Gobain S.A.,0.83,-11.33,8,11,3,Industrials,Building Products & Equipment
GFS,GLOBALFOUNDRIES Inc.,2.68,7.67,84,86,50,Technology,Semiconductors
LZAGF,Lonza Group AG,-1.44,5.22,40,44,42,Healthcare,Diagnostics & Research
CLS,Celestica Inc.,-4.05,9.63,51,44,73,Technology,Electrical Products
CODGF,Compagnie de Saint-Gobain S.A.,-2.36,-14.61,4,7,13,Industrials,Building Products & Equipment
ASTS,"AST SpaceMobile, Inc.",-6.13,-4.97,0,0,8,Consumer Discretionary,Telecommunications Equipment
ANYYY,"Aena S.M.E., S.A.",-2.33,-2.39,0,0,37,Industrials,Airports & Air Services
CNSWY,Constellation Software Inc.,0.0,2.56,44,33,34,Technology,Software - Application
STT,State Street Corporation,0.52,-7.99,7,11,81,Finance,Major Banks
HEINY,Heineken N.V.,1.34,-2.93,24,23,47,Consumer Defensive,Beverages - Brewers
VTR,"Ventas, Inc.",2.15,-9.05,19,19,51,Real Estate,Real Estate Investment Trusts
WOPEF,Woodside Energy Group Ltd,1.02,-4.1,7,9,76,Energy,Oil & Gas E&P
WDS,Woodside Energy Group Ltd,3.77,-5.44,33,29,85,Energy,Oil & Gas Production
TTWO,"Take-Two Interactive Software, Inc.",2.63,-3.5,31,28,23,Consumer Discretionary,Services-Misc. Amusement & Recreation
PPCCY,PICC Property and Casualty Company Limited,0.41,-3.57,26,20,61,Financial Services,Insurance - Property & Casualty
SWDBY,Swedbank AB (publ),-0.2,0.76,4,12,78,Financial Services,Banks - Regional
HOCFF,HOCHTIEF Aktiengesellschaft,0.0,-2.62,22,11,54,Industrials,Engineering & Construction
BAYZF,Bayer Aktiengesellschaft,-5.01,-15.04,0,0,56,Healthcare,Drug Manufacturers - General
SWDBF,Swedbank AB (publ),0.0,-0.88,7,12,65,Financial Services,Banks - Regional
YUM,"Yum! Brands, Inc.",1.89,-0.62,50,40,30,Consumer Discretionary,Restaurants
TEVA,Teva Pharmaceutical Industries Limited,0.18,7.98,55,23,89,Health Care,Biotechnology: Pharmaceutical Preparations
RBGPF,Reckitt Benckiser Group plc,-3.14,-2.57,35,31,28,Consumer Defensive,Household & Personal Products
CCEP,Coca-Cola Europacific Partners PLC,2.76,0.74,51,38,64,Consumer Staples,Beverages (Production/Distribution)
CCI,Crown Castle Inc.,-0.17,-5.39,23,22,17,Real Estate,Real Estate Investment Trusts
SSEZF,SSE plc,0.0,-0.12,55,47,62,Utilities,Utilities - Diversified
MSADY,"MS&AD Insurance Group Holdings, Inc.",1.54,-2.82,15,16,82,Financial Services,Insurance - Property & Casualty
HSY,The Hershey Company,1.37,-6.77,17,17,25,Consumer Staples,Specialty Foods
RBGLY,Reckitt Benckiser Group plc,-0.15,-1.31,44,36,39,Consumer Defensive,Household & Personal Products
PEG,Public Service Enterprise Group Incorporated,0.14,-0.88,74,54,28,Utilities,Power Generation
CCL,Carnival Corporation Ltd.,-0.08,16.29,94,99,32,Consumer Discretionary,Marine Transportation
JBL,Jabil Inc.,-0.1,-1.2,25,22,70,Technology,Electrical Products
TRI,Thomson Reuters Corporation,2.29,6.1,49,37,48,Consumer Discretionary,Publishing
LNVGF,Lenovo Group Limited,-6.58,0.49,16,0,98,Technology,Computer Hardware
IRM,Iron Mountain Incorporated,-2.4,0.84,19,22,61,Real Estate,Real Estate Investment Trusts
EQBBF,EQT AB (publ),0.0,-15.99,3,6,47,Financial Services,Asset Management
SSEZY,SSE plc,0.4,1.75,29,20,61,Utilities,Utilities - Diversified
MSADF,"MS&AD Insurance Group Holdings, Inc.",8.4,4.92,51,45,86,Financial Services,Insurance - Property & Casualty
STLD,"Steel Dynamics, Inc.",0.03,-0.99,40,32,85,Industrials,Steel/Iron Ore
KMTUY,Komatsu Ltd.,-4.0,-1.02,42,45,82,Industrials,Farm & Heavy Construction Machinery
PBCRF,PT Bank Central Asia Tbk,0.0,-12.66,2,6,20,Financial Services,Banks - Regional
EME,"EMCOR Group, Inc.",-0.82,4.0,47,36,59,Industrials,Engineering & Construction
FJTSY,Fujitsu Limited,0.92,7.34,74,39,73,Technology,Information Technology Services
WEGZY,WEG S.A.,0.76,-0.18,87,65,78,Industrials,Electrical Equipment & Parts
JPPHY,"Japan Post Holdings Co., Ltd.",-1.64,6.65,57,50,90,Financial Services,Banks - Regional
PPRUF,Kering SA,-1.96,-16.55,0,0,9,Consumer Cyclical,Luxury Goods
WEC,"WEC Energy Group, Inc.",0.42,-1.65,40,32,32,Utilities,Power Generation
FINMF,Leonardo S.p.a.,2.37,-11.03,17,17,17,Industrials,Aerospace & Defense
KMTUF,Komatsu Ltd.,-2.28,-1.42,74,73,86,Industrials,Farm & Heavy Construction Machinery
PCG,PG&E Corporation,-0.94,-9.32,33,26,11,Utilities,Power Generation
VODPF,Vodafone Group Public Limited Company,0.0,-1.18,47,36,79,Communication Services,Telecom Services
HMC,"Honda Motor Co., Ltd.",2.56,2.72,60,41,74,Industrials,Auto Manufacturing
ADDDF,adidas AG,6.64,1.78,100,78,25,Consumer Cyclical,Footwear & Accessories
BKHPF,Bank Hapoalim B.M.,0.0,0.0,19,20,87,Financial Services,Banks - Regional
TEVJF,Teva Pharmaceutical Industries Limited,-0.54,18.12,90,80,77,Healthcare,Drug Manufacturers - Specialty & Generic
AMKAF,A.P. Møller - Mærsk A/S,0.42,3.8,84,53,94,Industrials,Marine Shipping
DLMAF,Dollarama Inc.,1.88,8.68,100,100,47,Consumer Defensive,Discount Stores
CBOE,"Cboe Global Markets, Inc.",4.44,2.29,100,86,69,Finance,Investment Bankers/Brokers/Service
HIG,"The Hartford Insurance Group, Inc.",2.02,-5.35,33,27,36,Finance,Property-Casualty Insurers
PAYX,"Paychex, Inc.",2.87,-9.31,23,22,46,Industrials,Diversified Commercial Services
BBD,Banco Bradesco S.A.,-2.3,18.57,78,81,81,Finance,Major Banks
SMPNY,"Sompo Holdings, Inc.",-0.17,-3.47,2,7,69,Financial Services,Insurance - Property & Casualty
NTAP,"NetApp, Inc.",-2.0,25.84,91,96,97,Technology,Electronic Components
DNZOF,DENSO Corporation,3.01,-1.37,44,39,26,Consumer Cyclical,Auto Parts
GVDNY,Givaudan SA,0.57,6.21,63,49,55,Basic Materials,Specialty Chemicals
TRAUF,Transurban Group,0.35,-15.83,4,6,24,Industrials,Infrastructure Operations
CHT,"Chunghwa Telecom Co., Ltd.",0.92,3.75,61,34,69,Telecommunications,Telecommunications Equipment
BKHYY,Bank Hapoalim B.M.,0.29,-7.28,5,8,58,Financial Services,Banks - Regional
RVMD,"Revolution Medicines, Inc.",-6.35,-7.49,0,0,97,Health Care,Biotechnology: Biological Products (No Diagnostic Substances)
KVUE,Kenvue Inc.,1.14,0.85,51,35,54,Consumer Discretionary,Specialty Chemicals
HBANZ,Huntington Bancshares Incorporated,2.48,-0.68,39,32,36,Finance,Major Banks
CSLLY,CSL Limited,0.06,4.54,56,34,84,Healthcare,Biotechnology
NTR,Nutrien Ltd.,-0.14,-10.58,2,6,66,Industrials,Agricultural Chemicals
ROP,"Roper Technologies, Inc.",1.58,-6.03,23,19,32,Technology,Computer Software: Programming Data Processing
HVRRF,Hannover Rück SE,1.16,1.16,51,35,51,Financial Services,Insurance - Reinsurance
BMPSY,Banca Monte dei Paschi di Siena S.p.A.,-0.33,-9.22,1,5,62,Financial Services,Banks - Regional
HVRRY,Hannover Rück SE,1.35,2.95,70,45,52,Financial Services,Insurance - Reinsurance
HAL,Halliburton Company,2.58,-9.7,19,19,56,Energy,Oilfield Services/Equipment
TCKRF,Teck Resources Limited,0.67,-6.53,11,14,81,Basic Materials,Other Industrial Metals & Mining
EL,The Estée Lauder Companies Inc.,-0.14,-2.23,33,27,66,Consumer Discretionary,Package Goods/Cosmetics
RPRX,Royalty Pharma plc,-0.97,-4.32,3,10,82,Health Care,Biotechnology: Pharmaceutical Preparations
GASNY,"Naturgy Energy Group, S.A.",1.37,-1.91,31,26,68,Utilities,Utilities - Regulated Gas
PUTRY,PTT Public Company Limited,0.0,-0.89,5,8,78,Energy,Oil & Gas Integrated
CKHGY,Capitec Limited,0.82,-12.07,7,10,46,Financial Services,Banks - Regional
KBGGY,Kongsberg Gruppen ASA,-1.04,-5.57,0,2,31,Industrials,Aerospace & Defense
ACGLN,Arch Capital Group Ltd.,0.03,-2.41,10,15,32,Finance,Property-Casualty Insurers
SVNDF,"Seven & i Holdings Co., Ltd.",0.0,-0.62,16,19,49,Consumer Defensive,Grocery Stores
TCOM,Trip.com Group Limited,-0.34,-1.91,1,7,8,Consumer Discretionary,Business Services
EXPGY,Experian plc,2.27,-8.43,26,25,24,Industrials,Consulting Services
SZLMY,Swiss Life Holding AG,-0.9,-4.6,0,3,36,Financial Services,Insurance - Diversified
NTRSO,Northern Trust Corporation,0.44,1.19,51,27,42,Finance,Major Banks
HENOF,Henkel AG & Co. KGaA,0.0,-8.19,56,44,55,Consumer Defensive,Household & Personal Products
EXR,Extra Space Storage Inc.,1.08,-1.29,19,20,40,Real Estate,Real Estate Investment Trusts
WOLWF,Woolworths Group Limited,-1.76,-16.09,0,0,65,Consumer Defensive,Grocery Stores
VICI,VICI Properties Inc.,0.66,-6.08,11,14,19,Real Estate,Real Estate Investment Trusts
EXPGF,Experian plc,1.76,-10.02,32,29,22,Industrials,Consulting Services
EC,Ecopetrol S.A.,1.86,-6.25,21,18,91,Energy,Oil & Gas Production
AEE,Ameren Corporation,0.51,-2.96,33,29,37,Utilities,Power Generation
ZM,"Zoom Communications, Inc.",-0.11,-0.83,71,50,66,Technology,Computer Software: Programming Data Processing
VEOEY,Veolia Environnement SA,0.63,-4.23,24,23,34,Industrials,Waste Management
CNC,Centene Corporation,-0.69,-1.31,31,26,88,Health Care,Medical Specialities
SWSDF,Swiss Life Holding AG,-0.66,-3.73,0,6,41,Financial Services,Insurance - Diversified
MITEF,"Mitsubishi Estate Co., Ltd.",0.0,-5.83,14,16,24,Real Estate,Real Estate - Diversified
DASTF,Dassault Systèmes SE,-0.79,0.97,33,28,52,Technology,Software - Application
RSNHF,"Resona Holdings, Inc.",-4.43,-0.04,49,40,88,Financial Services,Banks - Regional
DUAVF,Dassault Aviation société anonyme,0.0,-3.03,18,19,36,Industrials,Aerospace & Defense
GBOOF,"Grupo Financiero Banorte, S.A.B. de C.V.",6.48,-9.36,32,29,58,Financial Services,Banks - Regional
ARES,Ares Management Corporation,0.44,-10.06,6,9,29,Finance,Investment Managers
DOV,Dover Corporation,0.36,0.85,36,21,35,Industrials,Industrial Machinery/Components
GEHC,GE HealthCare Technologies Inc.,-0.7,-0.03,0,11,26,Health Care,Medical Electronics
ATO,Atmos Energy Corporation,0.91,-2.52,33,27,30,Utilities,Oil/Gas Transmission
BRDCF,Bridgestone Corporation,0.0,-4.01,8,8,30,Consumer Cyclical,Auto Parts
SKFOF,Sika AG,0.0,-11.01,7,11,56,Basic Materials,Specialty Chemicals
FTS,Fortis Inc.,0.68,-2.02,30,27,45,Utilities,Electric Utilities: Central
IR,Ingersoll Rand Inc.,0.98,6.72,89,100,38,Industrials,Industrial Machinery/Components
IMBBY,Imperial Brands PLC,6.19,4.99,100,75,31,Consumer Defensive,Tobacco
MTSI,"MACOM Technology Solutions Holdings, Inc.",-4.08,18.27,75,75,94,Technology,Semiconductors
IPXHF,Inpex Corporation,0.0,-3.75,6,10,81,Energy,Oil & Gas E&P
CNP,"CenterPoint Energy, Inc.",-0.29,-1.79,53,36,33,Utilities,Electric Utilities: Central
ALPMF,Astellas Pharma Inc.,-0.21,-6.51,15,6,64,Healthcare,Drug Manufacturers - General
BPERF,BPER Banca SpA,-7.43,-12.01,0,0,46,Financial Services,Banks - Regional
ICTEF,"International Container Terminal Services, Inc.",-4.78,-13.38,21,19,1,Industrials,Marine Shipping
TTNDF,Techtronic Industries Company Limited,-9.68,-6.73,11,12,66,Industrials,Tools & Accessories
BAP,Credicorp Ltd.,1.14,0.25,31,28,77,Finance,Commercial Banks
SMCAY,SMC Corporation,-2.81,4.71,48,52,65,Industrials,Specialty Industrial Machinery
TPL,Texas Pacific Land Corporation,3.47,-2.27,54,44,53,Energy,Oil & Gas Production
PBA,Pembina Pipeline Corporation,2.57,-1.37,64,43,69,Energy,Oil & Gas Production
HRSHF,"Haier Smart Home Co., Ltd.",0.0,1.96,77,61,39,Consumer Cyclical,"Furnishings, Fixtures & Appliances"
NVZMY,Novozymes A/S,-0.39,-2.43,26,23,52,Basic Materials,Specialty Chemicals
IONQ,"IonQ, Inc.",-4.57,7.08,26,14,27,Technology,EDP Services
FE,FirstEnergy Corp.,0.61,-3.03,42,33,38,Utilities,Electric Utilities: Central
BESIY,BE Semiconductor Industries N.V.,0.12,-7.08,3,8,23,Technology,Semiconductor Equipment & Materials
PPL,PPL Corporation,0.44,-0.32,80,55,36,Utilities,Electric Utilities: Central
STRL,"Sterling Infrastructure, Inc.",-2.94,6.92,54,46,76,Industrials,Military/Government/Technical
CAJFF,Canon Inc.,1.95,4.19,100,85,70,Technology,Computer Hardware
NWWCF,New China Life Insurance Company Ltd.,-5.94,-10.55,0,0,81,Financial Services,Insurance - Life
CEBCF,China Everbright Bank Company Limited,0.0,1.74,19,20,58,Financial Services,Banks - Regional
JBHT,"J.B. Hunt Transport Services, Inc.",2.6,-14.71,11,12,63,Industrials,Trucking Freight/Courier Services
VRSN,"VeriSign, Inc.",1.21,3.1,58,43,71,Technology,EDP Services
YZCHF,Yankuang Energy Group Company Limited,0.0,-2.03,12,16,45,Energy,Thermal Coal
HLVTY,Helvetia Baloise Holding AG,0.0,-6.79,4,9,27,Financial Services,Insurance - Diversified
ES,Eversource Energy,0.69,-3.66,33,24,34,Utilities,Electric Utilities: Central
LUNMF,Lundin Mining Corporation,-0.88,-5.33,8,5,63,Basic Materials,Copper
FOX,Fox Corporation,1.77,-1.88,25,23,57,Industrials,Broadcasting
CLPHF,CLP Holdings Limited,-2.23,-9.01,0,0,54,Utilities,Utilities - Regulated Electric
AIVAF,Aviva plc,0.0,-4.34,7,12,60,Financial Services,Insurance - Diversified
XPO,"XPO, Inc.",0.88,-0.21,61,48,57,Consumer Discretionary,Transportation Services
HUBB,Hubbell Incorporated,-0.0,5.08,79,72,47,Technology,Electrical Products
HPQ,HP Inc.,0.62,-0.89,27,22,92,Technology,Computer Manufacturing
HXGBY,Hexagon AB (publ),0.5,5.85,90,100,72,Technology,Scientific & Technical Instruments
ILMN,"Illumina, Inc.",-1.19,31.45,66,65,97,Health Care,Medical Specialities
OMVJF,OMV Aktiengesellschaft,0.0,-4.87,7,11,89,Energy,Oil & Gas Integrated
DG,Dollar General Corporation,1.74,1.54,46,38,60,Consumer Discretionary,Department/Specialty Retail Stores
DOW,Dow Inc.,2.95,-3.54,28,26,58,Industrials,Major Chemicals
BNTX,BioNTech SE,-3.35,-4.5,0,0,38,Health Care,Biotechnology: Biological Products (No Diagnostic Substances)
QBIEY,QBE Insurance Group Limited,1.55,8.48,100,71,70,Financial Services,Insurance - Property & Casualty
AIPUY,Airports of Thailand Public Company Limited,0.0,-21.94,2,4,27,Industrials,Airports & Air Services
BNCZF,Banco BPM S.p.A.,0.0,-10.86,4,8,76,Financial Services,Banks - Regional
FMXUF,"Fomento Económico Mexicano, S.A.B. de C.V.",0.0,-6.17,6,11,54,Consumer Defensive,Beverages - Brewers
PAAS,Pan American Silver Corp.,2.16,-10.54,17,17,42,Basic Materials,Precious Metals
NHYDY,Norsk Hydro ASA,0.99,-16.84,7,10,40,Basic Materials,Aluminum
STZ,"Constellation Brands, Inc.",4.43,-0.15,73,58,24,Consumer Staples,Beverages (Production/Distribution)
RF,Regions Financial Corporation,1.39,-9.62,12,14,39,Finance,Major Banks
HALMY,Halma plc,0.12,-4.53,7,12,31,Industrials,Conglomerates
WRB,W. R. Berkley Corporation,3.33,3.0,85,58,50,Finance,Property-Casualty Insurers
OLCLY,"Oriental Land Co., Ltd.",3.53,-8.48,36,32,57,Consumer Cyclical,Leisure
BCEFF,BCE Inc.,0.0,0.61,23,22,65,Communication Services,Telecom Services
CCOZF,China Coal Energy Company Limited,0.0,-2.38,7,13,26,Energy,Thermal Coal
BCE,BCE Inc.,1.01,-12.98,9,10,28,Telecommunications,Telecommunications Equipment
DRI,"Darden Restaurants, Inc.",-0.48,-3.38,16,15,51,Consumer Discretionary,Restaurants
OEZVY,VERBUND AG,1.71,1.51,100,74,63,Utilities,Utilities - Renewable
MTNOY,MTN Group Limited,2.0,-10.54,14,15,41,Communication Services,Telecom Services
SQM,Sociedad Química y Minera de Chile S.A.,-0.14,-10.99,2,7,47,Industrials,Mining & Quarrying of Nonmetallic Minerals (No Fuels)
TELNF,Telenor ASA,0.0,-7.39,5,9,22,Communication Services,Telecom Services
UNPRF,Uniper SE,0.0,-9.52,3,7,74,Utilities,Utilities - Regulated Gas
VRSK,"Verisk Analytics, Inc.",4.04,0.06,46,40,25,Industrials,Diversified Commercial Services
JXAMY,JX Advanced Metals Corporation,0.0,0.53,19,11,29,,
AKRBF,Aker BP ASA,1.38,-9.33,22,21,82,Energy,Oil & Gas E&P
LSRCY,Lasertec Corporation,-2.24,25.45,78,78,89,Technology,Semiconductor Equipment & Materials
FCNCA,"First Citizens BancShares, Inc.",-0.27,-4.6,6,9,52,Finance,Major Banks
FCNCB,"First Citizens BancShares, Inc.",2.39,-5.91,22,21,40,Financial Services,Banks - Regional
STMZF,Scottish Mortgage Investment Trust PLC,0.05,6.22,88,89,83,,
ICHGF,InterContinental Hotels Group PLC,0.0,1.74,77,54,68,Consumer Cyclical,Lodging
FWONA,Formula One Group,-0.74,0.67,64,47,45,Industrials,Broadcasting
CHWRF,China Tower Corporation Limited,0.0,5.45,97,97,92,Communication Services,Telecom Services
PFG,"Principal Financial Group, Inc.",0.96,-4.51,12,14,74,Finance,Accident &Health Insurance
WIT,Wipro Limited,0.0,0.0,21,16,10,Technology,EDP Services
CLNXF,"Cellnex Telecom, S.A.",0.0,-11.46,31,29,19,Real Estate,Real Estate Services
SNHIY,"Sany Heavy Industry Co.,Ltd",0.0,-5.29,7,12,18,Industrials,Farm & Heavy Construction Machinery
BDRPF,Bombardier Inc.,0.0,9.13,87,92,76,Industrials,Aerospace & Defense
BDRBF,Bombardier Inc.,-1.72,-6.5,0,0,67,Industrials,Aerospace & Defense
ULTA,"Ulta Beauty, Inc.",3.43,5.34,100,65,60,Consumer Discretionary,Other Specialty Stores
JXHLY,"ENEOS Holdings, Inc.",11.15,4.09,50,51,77,Energy,Oil & Gas Refining & Marketing
LEN,Lennar Corporation,1.93,0.26,39,39,17,Consumer Discretionary,Homebuilding
MKSI,MKS Inc.,-4.68,-0.56,53,43,76,Industrials,Industrial Machinery/Components
YPF,YPF Sociedad Anónima,0.85,-10.99,6,9,90,Energy,Integrated oil Companies
AKAM,"Akamai Technologies, Inc.",-3.55,-5.82,0,0,45,Consumer Discretionary,Business Services
ANGPY,Valterra Platinum Limited,1.46,-14.75,8,10,56,Basic Materials,Other Precious Metals & Mining
IHICF,IHI Corporation,0.0,3.47,43,22,29,Industrials,Specialty Industrial Machinery
SBAC,SBA Communications Corporation,-0.22,-6.29,37,33,26,Real Estate,Real Estate Investment Trusts
JXHGF,"ENEOS Holdings, Inc.",0.0,1.31,44,25,70,Energy,Oil & Gas Refining & Marketing
SURDF,"Sumitomo Realty & Development Co., Ltd.",0.0,-11.35,4,7,5,Real Estate,Real Estate Services
L,Loews Corporation,1.83,-1.36,36,28,43,Finance,Property-Casualty Insurers
ASCCY,ASICS Corporation,0.64,9.26,100,100,54,Consumer Cyclical,Footwear & Accessories
CNGKY,CK Asset Holdings Limited,-0.52,-1.49,5,9,60,Real Estate,Real Estate - Development
CHRW,"C.H. Robinson Worldwide, Inc.",4.56,-7.27,26,24,19,Industrials,Integrated Freight & Logistics
EDPFY,"EDP, S.A.",-0.11,-3.23,5,13,64,Utilities,Utilities - Diversified
LUV,Southwest Airlines Co.,-0.86,6.9,51,15,48,Consumer Discretionary,Air Freight/Delivery Services
TNABY,Tenaga Nasional Berhad,-3.91,0.39,15,14,36,Utilities,Utilities - Regulated Electric
CJPRY,Central Japan Railway Company,2.12,-6.1,22,21,28,Industrials,Railroads
PKX,POSCO Holdings Inc.,0.87,-7.87,9,12,59,Industrials,Steel/Iron Ore
OMC,Omnicom Group Inc.,2.11,-2.79,26,24,44,Consumer Discretionary,Advertising
ARLUF,Aristocrat Leisure Limited,0.0,7.63,56,47,64,Consumer Cyclical,Gambling
RIVN,"Rivian Automotive, Inc.",-0.07,-10.72,3,7,23,Industrials,Auto Manufacturing
KUBTF,Kubota Corporation,0.0,3.71,62,53,81,Industrials,Farm & Heavy Construction Machinery
IOT,Samsara Inc.,1.75,7.23,55,43,78,Technology,EDP Services
MZTFF,Mizrahi Tefahot Bank Ltd.,0.0,0.0,19,20,91,Financial Services,Banks - Regional
NXGPY,NEXT plc,2.0,-2.7,25,25,61,Consumer Cyclical,Apparel Retail
SRTOY,Sartorius Stedim Biotech S.A.,-4.08,8.22,35,22,62,Healthcare,Medical Instruments & Supplies
CCHBF,Coca-Cola HBC AG,0.0,-6.16,22,21,59,Consumer Defensive,Beverages - Non-Alcoholic
DSFIY,DSM-Firmenich AG,-1.41,6.42,67,46,88,Basic Materials,Specialty Chemicals
DSMFF,DSM-Firmenich AG,0.0,2.79,85,87,88,Basic Materials,Specialty Chemicals
MTUAF,MTU Aero Engines AG,-3.35,-3.25,0,0,28,Industrials,Aerospace & Defense
HKHHY,Heineken Holding N.V.,2.62,-2.67,35,29,57,Consumer Defensive,Beverages - Brewers
CHTR,"Charter Communications, Inc.",2.53,-21.98,8,9,4,Telecommunications,Cable & Other Pay Television Services
GNENF,"Ganfeng Lithium Group Co., Ltd.",-1.58,-20.19,0,0,3,Basic Materials,Chemicals
KKPNY,Koninklijke KPN N.V.,0.0,-8.13,12,14,33,Communication Services,Telecom Services
KKPNF,Koninklijke KPN N.V.,0.0,-8.32,2,5,30,Communication Services,Telecom Services
MDIBF,Mediobanca Banca di Credito Finanziario S.p.A.,0.0,0.0,19,20,75,Financial Services,Banks - Regional
TU,TELUS Corporation,1.26,-11.55,14,15,7,Telecommunications,Telecommunications Equipment
PKG,Packaging Corporation of America,1.18,-0.42,22,26,62,Consumer Discretionary,Containers/Packaging
RS,"Reliance, Inc.",0.17,1.15,53,31,81,Industrials,Metal Fabrications
INCY,Incyte Corporation,-0.61,-8.54,4,8,62,Health Care,Biotechnology: Commercial Physical & Biological Resarch
DWAHF,"Daiwa House Industry Co., Ltd.",0.0,-116.45,100,100,1,Real Estate,Real Estate - Development
ROKU,"Roku, Inc.",0.71,-0.2,29,25,88,Telecommunications,Cable & Other Pay Television Services
BRO,"Brown & Brown, Inc.",3.29,-3.89,37,32,21,Finance,Specialty Insurers
BKRIF,Bank of Ireland Group plc,0.0,-5.41,5,9,69,Financial Services,Banks - Regional
VTRS,Viatris Inc.,-0.29,6.47,40,19,88,Health Care,Biotechnology: Pharmaceutical Preparations
RAIFY,Raiffeisen Bank International AG,-3.95,-17.93,0,0,89,Financial Services,Banks - Regional
IHICY,IHI Corporation,-3.27,-3.27,0,0,20,Industrials,Specialty Industrial Machinery
SPXCF,Singapore Exchange Limited,0.0,-19.39,20,12,49,Financial Services,Financial Data & Stock Exchanges
PRNDY,Pernod Ricard SA,1.32,0.44,55,44,26,Consumer Defensive,Beverages - Wineries & Distilleries
SHWDF,Resonac Holdings Corporation,0.0,0.0,19,20,97,Basic Materials,Chemicals
IVBIY,"Innovent Biologics, Inc.",0.0,0.0,19,20,80,Healthcare,Biotechnology
SPXCY,Singapore Exchange Limited,-2.53,-16.85,0,3,51,Financial Services,Financial Data & Stock Exchanges
HLDVF,Henderson Land Development Company Limited,0.0,0.0,19,20,29,Real Estate,Real Estate - Diversified
PDRDF,Pernod Ricard SA,0.31,-0.31,43,35,23,Consumer Defensive,Beverages - Wineries & Distilleries
RBC,RBC Bearings Incorporated,-1.95,2.7,9,0,39,Industrials,Metal Fabrications
NURAF,"Nomura Research Institute, Ltd.",0.0,-424.67,99,99,1,Technology,Information Technology Services
BIP,Brookfield Infrastructure Partners L.P.,-1.5,1.29,80,56,57,Consumer Discretionary,Marine Transportation
BDRFF,Beiersdorf Aktiengesellschaft,0.0,-0.81,11,16,25,Consumer Defensive,Household & Personal Products
ASUUY,ASUSTeK Computer Inc.,0.0,39.57,100,100,95,Technology,Computer Hardware
BWXT,"BWX Technologies, Inc.",0.48,-6.73,41,36,9,Industrials,Industrial Machinery/Components
NRILY,"Nomura Research Institute, Ltd.",3.86,7.35,75,58,53,Technology,Information Technology Services
FTV,Fortive Corporation,-0.18,3.5,48,23,44,Industrials,Industrial Machinery/Components
TRMLF,Tourmaline Oil Corp.,1.6,-0.53,43,31,57,Energy,Oil & Gas E&P
SARTF,Sartorius Aktiengesellschaft,0.0,14.6,89,86,70,Healthcare,Medical Instruments & Supplies
SSSGY,Sartorius Aktiengesellschaft,0.0,0.0,19,20,52,Healthcare,Medical Instruments & Supplies
YAHOY,LY Corporation,0.16,-7.56,10,12,72,Consumer Cyclical,Internet Retail
DWAHY,"Daiwa House Industry Co., Ltd.",1.89,-6.67,17,17,26,Real Estate,Real Estate - Development
WXXWY,WuXi Biologics (Cayman) Inc.,-4.37,15.38,64,62,91,Healthcare,Biotechnology
BNDSF,"Banco de Sabadell, S.A.",0.0,-4.86,8,12,80,Financial Services,Banks - Diversified
DQJCF,Pan Pacific International Holdings Corporation,-12.9,-17.85,0,0,1,Consumer Defensive,Discount Stores
BDRFY,Beiersdorf Aktiengesellschaft,1.62,2.94,50,50,31,Consumer Defensive,Household & Personal Products
CAHPF,Evolution Mining Limited,0.0,-16.13,4,8,70,Basic Materials,Gold
INVH,Invitation Homes Inc.,2.4,-2.84,32,27,41,Finance,Real Estate
KSPI,Joint Stock Company Kaspi.kz,1.04,-4.45,12,14,76,Technology,Software - Infrastructure
CF,"CF Industries Holdings, Inc.",-0.75,-15.94,0,2,71,Industrials,Agricultural Chemicals
AMKR,"Amkor Technology, Inc.",-2.43,2.97,40,28,49,Technology,Semiconductors
LOGI,Logitech International S.A.,-0.67,3.42,19,22,51,Technology,Computer peripheral equipment
AGI,Alamos Gold Inc.,2.19,-9.67,16,17,30,Basic Materials,Precious Metals
BOIVF,Bolloré SE,-3.37,-4.75,0,2,12,Communication Services,Entertainment
BNCDY,Banca Mediolanum S.p.A.,-0.16,-4.28,3,9,74,Financial Services,Banks - Regional
BNDSY,"Banco de Sabadell, S.A.",-3.14,-8.21,5,9,65,Financial Services,Banks - Diversified
ERBKY,Eurobank S.A.,0.0,-16.72,1,4,12,,
CTTAF,Continental Aktiengesellschaft,0.0,-5.68,7,11,44,Consumer Cyclical,Auto Parts
NPXYY,Nippon Sanso Holdings Corporation,-1.15,-1.03,13,15,42,Basic Materials,Chemicals
JBAXY,Julius Bär Gruppe AG,1.19,-7.2,14,17,63,Financial Services,Asset Management
UNBLF,Unibail-Rodamco-Westfield SE,0.0,-7.29,22,21,26,Real Estate,REIT - Retail
CTTAY,Continental Aktiengesellschaft,-2.39,-4.67,8,9,52,Consumer Cyclical,Auto Parts
WPC,W. P. Carey Inc.,0.64,-7.9,9,12,32,Real Estate,Real Estate Investment Trusts
KWHIY,"Kawasaki Heavy Industries, Ltd.",-2.71,-3.2,0,0,23,Industrials,Specialty Industrial Machinery
WMG,Warner Music Group Corp.,2.66,3.84,68,53,44,Consumer Discretionary,Services-Misc. Amusement & Recreation
SWOBY,Swedish Orphan Biovitrum AB (publ),0.0,-8.76,36,30,61,Healthcare,Drug Manufacturers - Specialty & Generic
ERNXY,Euronext N.V.,-12.33,-4.72,0,0,40,Financial Services,Financial Data & Stock Exchanges
HNGKY,Hongkong Land Holdings Limited,-2.26,-6.64,6,13,69,Real Estate,Real Estate - Development
VNOM,"Viper Energy, Inc.",3.8,-4.93,33,27,64,Energy,Oil & Gas Production
EBCOY,Ebara Corporation,-3.5,7.18,52,53,32,Industrials,Specialty Industrial Machinery
SSNC,"SS&C Technologies Holdings, Inc.",2.48,2.19,55,41,65,Technology,Computer Software: Prepackaged Software
STMNF,"Sumitomo Metal Mining Co., Ltd.",0.0,0.92,31,23,96,Basic Materials,Other Industrial Metals & Mining
BEN,Franklin Templeton Inc.,-0.25,-2.76,11,15,80,Finance,Investment Managers
PR,Permian Resources Corporation,3.02,-2.99,42,34,91,Energy,Oil & Gas Production
OWL,Blue Owl Capital Inc.,1.76,-11.12,18,18,24,Finance,Investment Managers
NLY,"Annaly Capital Management, Inc.",1.9,-13.77,12,13,24,Real Estate,Real Estate Investment Trusts
DIDIY,DiDi Global Inc.,0.0,4.34,11,17,18,Technology,Software - Application
BXBLY,Brambles Limited,-0.6,1.88,22,12,30,Industrials,Specialty Business Services
ASRRF,ASR Nederland N.V.,0.0,10.48,85,65,78,Financial Services,Insurance - Diversified
SCHYY,Sands China Ltd.,-1.4,-15.29,0,0,8,Consumer Cyclical,Resorts & Casinos
GMAB,Genmab A/S,-1.64,11.85,56,51,77,Health Care,Biotechnology: Pharmaceutical Preparations
EMA,Emera Incorporated,0.09,-7.34,5,10,28,Utilities,Electric Utilities: Central
NBGRY,National Bank of Greece S.A.,-6.3,-5.86,0,0,52,Financial Services,Banks - Regional
HST,"Host Hotels & Resorts, Inc.",1.35,2.72,68,41,78,Real Estate,Real Estate Investment Trusts
SMMYY,"Sumitomo Metal Mining Co., Ltd.",-2.27,-6.56,0,0,87,Basic Materials,Other Industrial Metals & Mining
NBGIF,National Bank of Greece S.A.,0.0,-7.83,4,8,63,Financial Services,Banks - Regional
XPEV,XPeng Inc.,-0.31,-7.64,15,16,3,Industrials,Auto Manufacturing
ARNNY,ASR Nederland N.V.,-1.56,-6.54,0,0,71,Financial Services,Insurance - Diversified
UPMKF,UPM-Kymmene Oyj,0.0,0.0,19,20,40,Basic Materials,Paper & Paper Products
MMLTF,MMG Limited,0.0,-9.17,5,9,72,Basic Materials,Copper
UPMMY,UPM-Kymmene Oyj,0.59,-8.42,7,10,46,Basic Materials,Paper & Paper Products
DY,"Dycom Industries, Inc.",-1.86,-6.33,18,13,10,Industrials,Water Sewer Pipeline Comm & Power Line Construction
AHKSY,Asahi Kasei Corporation,-2.81,2.21,0,0,52,Industrials,Conglomerates
RTO,Rentokil Initial plc,2.02,-9.68,15,16,6,Consumer Discretionary,Other Consumer Services
CSDXF,"COSCO SHIPPING Energy Transportation Co., Ltd.",0.0,38.01,100,100,97,Energy,Oil & Gas Midstream
BPCGF,"Banco Comercial Português, S.A.",0.0,1.56,8,12,88,Financial Services,Banks - Regional
LI,Li Auto Inc.,-0.82,-6.44,9,11,7,Industrials,Auto Manufacturing
GNMSF,Genmab A/S,0.0,14.2,67,68,83,Healthcare,Biotechnology
SHTLF,South32 Limited,0.0,-8.33,35,31,87,Basic Materials,Other Industrial Metals & Mining
NWS,News Corporation,1.27,-2.62,18,19,58,Consumer Discretionary,Newspapers/Magazines
FNBKY,FinecoBank Banca Fineco S.p.A.,6.34,-19.4,51,45,59,Financial Services,Banks - Regional
OUKPF,Metso Oyj,0.0,-11.36,4,7,91,Industrials,Farm & Heavy Construction Machinery
JAZZ,Jazz Pharmaceuticals plc,-3.78,-7.5,0,0,76,Health Care,Biotechnology: Pharmaceutical Preparations
YUMC,"Yum China Holdings, Inc.",2.78,-1.21,46,37,33,Consumer Discretionary,Restaurants
PNFP,"Pinnacle Financial Partners, Inc.",1.7,-4.51,21,21,45,Finance,Major Banks
MOD,Modine Manufacturing Company,-3.99,1.47,23,20,45,Consumer Discretionary,Auto Parts:O.E.M.
GIB,CGI Inc.,0.99,0.9,27,18,30,Consumer Discretionary,Professional Services
BALL,Ball Corporation,1.55,-2.29,27,24,53,Industrials,Containers/Packaging
GRAB,Grab Holdings Limited,0.97,3.32,70,64,8,Consumer Discretionary,Business Services
CMSQF,Computershare Limited,3.74,8.1,41,31,77,Financial Services,Capital Markets
CJEWF,Chow Tai Fook Jewellery Group Limited,0.0,-9.27,5,9,33,Consumer Cyclical,Luxury Goods
APTV,Aptiv PLC,-0.02,-3.24,23,19,5,Consumer Discretionary,Auto Parts:O.E.M.
CMSQY,Computershare Limited,0.65,0.14,9,16,78,Financial Services,Capital Markets
ASBRF,"Asahi Group Holdings, Ltd.",0.0,-9.09,5,9,36,Consumer Defensive,Beverages - Brewers
GRBMF,"Grupo Bimbo, S.A.B. de C.V.",0.0,-5.67,40,31,41,Consumer Defensive,Packaged Foods
SMTC,Semtech Corporation,-3.25,17.82,82,82,97,Technology,Semiconductors
REGCO,Regency Centers Corporation,0.0,-4.98,19,14,36,Real Estate,Real Estate Investment Trusts
LECO,"Lincoln Electric Holdings, Inc.",-1.67,3.38,16,0,57,Industrials,Industrial Machinery/Components
EFGSY,Eiffage SA,-2.11,-9.84,0,2,14,Industrials,Engineering & Construction
HUT,Hut 8 Corp.,-10.87,-12.15,0,0,81,Finance,Finance: Consumer Services
RPGRY,REA Group Limited,0.08,-3.87,15,11,27,Communication Services,Internet Content & Information
WCRIY,Whitecap Resources Inc.,0.0,8.26,71,36,82,Energy,Oil & Gas E&P
SANM,Sanmina Corporation,-4.07,3.53,42,28,87,Technology,Electrical Products
YARIY,Yara International ASA,1.72,-12.58,12,14,50,Basic Materials,Agricultural Inputs
LYSCF,Lynas Rare Earths Limited,-4.03,-18.67,0,0,8,Basic Materials,Other Industrial Metals & Mining
SNMYF,Suncorp Group Limited,0.0,0.0,19,20,53,Financial Services,Insurance - Property & Casualty
GJNSY,Gjensidige Forsikring ASA,-8.21,-17.39,0,0,21,Financial Services,Insurance - Property & Casualty
IFJPY,Informa plc,2.63,1.28,39,34,51,Communication Services,Publishing
ROHCY,"ROHM Co., Ltd.",-6.41,-0.56,51,46,93,Technology,Semiconductors
ARCC,Ares Capital Corporation,1.57,-2.41,23,23,54,Finance,Finance: Consumer Services
CLPBF,Coloplast A/S,0.0,-9.82,5,8,23,Healthcare,Medical Instruments & Supplies
CRRFY,Carrefour SA,0.28,-6.19,25,23,63,Consumer Defensive,Grocery Stores
BBSEY,BB Seguridade Participações S.A.,0.86,1.23,92,80,83,Financial Services,Insurance - Diversified
HTHT,H World Group Limited,1.76,-0.79,35,29,47,Consumer Discretionary,Hotels/Resorts
ONON,On Holding AG,2.47,26.78,100,100,20,Consumer Discretionary,Shoe Manufacturing
JHIUF,James Hardie Industries plc,0.0,-1.66,17,20,86,Basic Materials,Building Materials
MTRAF,Metro Inc.,2.0,0.28,31,27,36,Consumer Defensive,Grocery Stores
TMTNY,Toromont Industries Ltd.,-4.77,1.57,19,0,42,Industrials,Industrial Distribution
SWGAF,The Swatch Group AG,3.59,2.56,92,58,38,Consumer Cyclical,Luxury Goods
UUGRY,United Utilities Group PLC,1.92,5.57,83,50,67,Utilities,Utilities - Regulated Water
OGFGY,Origin Energy Limited,1.43,-7.49,20,19,52,Utilities,Utilities - Diversified
TKGSY,"Tokyo Gas Co.,Ltd.",2.95,-2.84,21,22,50,Utilities,Utilities - Regulated Gas
JRONY,"Jerónimo Martins, SGPS, S.A.",2.5,-6.52,23,22,27,Consumer Defensive,Food Distribution
U,Unity Software Inc.,0.99,9.08,100,98,92,Technology,Computer Software: Prepackaged Software
RYKKY,"Ryohin Keikaku Co., Ltd.",3.11,9.35,92,76,87,Consumer Cyclical,Department Stores
TYL,"Tyler Technologies, Inc.",-0.36,-1.29,23,18,29,Technology,Computer Software: Prepackaged Software
CHUEF,"Chubu Electric Power Company, Incorporated",0.0,-193.2,99,99,1,Utilities,Utilities - Diversified
AKZOF,Akzo Nobel N.V.,0.0,-5.21,17,17,46,Basic Materials,Specialty Chemicals
CSGP,"CoStar Group, Inc.",8.01,1.09,50,41,10,Finance,Real Estate
JLL,Jones Lang LaSalle Incorporated,2.18,-11.4,14,15,35,Finance,Real Estate
PAYP,PayPay Corporation,0.65,-15.3,11,12,24,Consumer Discretionary,Business Services
SOLV,Solventum Corporation,0.62,-1.41,13,15,74,Health Care,Medical/Dental Instruments
TLTZY,Tele2 AB (publ),1.94,-11.52,12,13,26,Communication Services,Telecom Services
CHKIF,China Southern Airlines Company Limited,0.0,-7.14,21,17,11,Industrials,Airlines
SYIEY,Symrise AG,0.47,0.43,14,17,73,Basic Materials,Specialty Chemicals
DLVHF,Delivery Hero SE,0.0,-1.77,35,24,91,Consumer Cyclical,Internet Retail
IAUGY,Insurance Australia Group Limited,1.92,12.25,83,58,69,Financial Services,Insurance - Property & Casualty
HRL,Hormel Foods Corporation,-0.66,-6.81,0,5,20,Consumer Staples,Meat/Poultry/Fish
MEDP,"Medpace Holdings, Inc.",-0.26,3.35,16,14,67,Health Care,Biotechnology: Commercial Physical & Biological Resarch
FNF,"Fidelity National Financial, Inc.",1.92,-8.42,16,17,13,Finance,Specialty Insurers
AEG,Aegon Ltd.,-0.96,-8.62,0,2,59,Finance,Life Insurance
AAOI,"Applied Optoelectronics, Inc.",-13.58,2.53,26,26,96,Technology,Semiconductors
EXEL,"Exelixis, Inc.",0.99,2.77,81,47,82,Health Care,Biotechnology: Biological Products (No Diagnostic Substances)
WULF,TeraWulf Inc.,-5.21,-15.43,0,0,18,Technology,EDP Services
IVPAF,Ivanhoe Mines Ltd.,-3.57,-15.06,0,0,25,Basic Materials,Other Industrial Metals & Mining
IVZ,Invesco Ltd.,-1.34,-5.76,0,5,74,Finance,Investment Managers
DINRF,"SCREEN Holdings Co., Ltd.",0.0,247.93,98,99,1,Technology,Semiconductor Equipment & Materials
DINO,HF Sinclair Corporation,4.4,12.07,100,93,97,Energy,Natural Gas Distribution
RXLSF,Rexel S.A.,0.0,-4.2,38,34,42,Technology,Electronics & Computer Distribution
GGG,Graco Inc.,1.2,3.16,70,38,43,Industrials,Fluid Controls
DVA,DaVita Inc.,0.14,-2.38,4,8,70,Health Care,Misc Health and Biotechnology Services
RICFY,Recordati Industria Chimica e Farmaceutica S.p.A.,0.0,0.43,45,35,72,Healthcare,Drug Manufacturers - General
JDLGF,"JD Logistics, Inc.",0.0,-14.75,3,6,15,Industrials,Integrated Freight & Logistics
AIZ,"Assurant, Inc.",2.3,-2.89,30,24,70,Finance,Property-Casualty Insurers
IMPUF,Impala Platinum Holdings Limited,1.52,-20.02,6,8,25,Basic Materials,Other Precious Metals & Mining
GPAEF,"Grupo Aeroportuario del Pacífico, S.A.B. de C.V.",-1.14,-4.24,28,30,16,Industrials,Airports & Air Services
HAS,"Hasbro, Inc.",1.93,2.6,93,63,73,Consumer Discretionary,Recreational Games/Products/Toys
DKNG,DraftKings Inc.,3.76,-16.2,18,17,8,Consumer Discretionary,Services-Misc. Amusement & Recreation
NRDXF,Nordex SE,0.0,-10.34,5,8,55,Industrials,Specialty Industrial Machinery
NDEKY,Nitto Denko Corporation,-0.45,8.66,61,38,52,Basic Materials,Specialty Chemicals
AXSM,"Axsome Therapeutics, Inc.",-1.67,-19.44,0,0,39,Health Care,Biotechnology: Pharmaceutical Preparations
STRNY,Severn Trent PLC,2.08,4.68,71,47,61,Utilities,Utilities - Regulated Water
AGRPY,Absa Group Limited,-2.87,-8.84,6,9,49,Financial Services,Banks - Regional
UDR,"UDR, Inc.",0.75,-4.07,14,16,30,Real Estate,Real Estate Investment Trusts
PRDSY,Prada S.p.A.,0.0,-3.7,14,15,28,Consumer Cyclical,Luxury Goods
RNR,RenaissanceRe Holdings Ltd.,2.57,1.6,60,42,70,Finance,Property-Casualty Insurers
AGNCM,AGNC Investment Corp.,0.55,-1.49,18,19,54,Real Estate,Real Estate Investment Trusts
AGNCP,AGNC Investment Corp.,1.45,-1.68,29,26,54,Real Estate,Real Estate Investment Trusts
COO,"The Cooper Companies, Inc.",-0.82,0.24,4,7,10,Health Care,Ophthalmic Goods
ELAN,Elanco Animal Health Incorporated,0.81,-1.4,31,24,40,Health Care,Biotechnology: Pharmaceutical Preparations
HAGHY,Hensoldt AG,0.12,-5.93,5,11,23,Industrials,Aerospace & Defense
PSKY,Skydance Corporation,4.39,17.27,34,23,76,Industrials,Broadcasting
RGC,Regencell Bioscience Holdings Limited,7.31,35.4,100,100,6,Health Care,Medicinal Chemicals and Botanical Products
SWKS,"Skyworks Solutions, Inc.",-3.21,-3.9,0,0,87,Technology,Semiconductors
ITGGF,Italgas S.p.A.,0.0,-2.92,7,11,23,Utilities,Utilities - Regulated Gas
TYOYY,"Taiyo Yuden Co., Ltd.",-5.41,12.37,74,77,97,Technology,Electronic Components
POAHF,Porsche Automobil Holding SE,0.9,-15.63,15,15,12,Consumer Cyclical,Auto Manufacturers
EQH,"Equitable Holdings, Inc.",0.47,1.67,43,30,77,Finance,Specialty Insurers
SFFLY,Schaeffler AG,-0.57,-14.27,15,16,14,Consumer Cyclical,Auto Parts
KEYUF,Keyera Corp.,3.64,-3.21,47,35,63,Energy,Oil & Gas Midstream
IKTSF,Intertek Group plc,0.0,0.0,19,20,76,Industrials,Specialty Business Services
MNHVF,Mowi ASA,0.0,-2.27,15,18,57,Consumer Defensive,Farm Products
MP,MP Materials Corp.,-0.37,-10.09,2,6,13,Basic Materials,Metal Mining
AEIS,"Advanced Energy Industries, Inc.",-2.74,3.84,56,50,66,Technology,Industrial Machinery/Components
PNR,Pentair plc,0.21,-7.81,5,9,4,Industrials,Industrial Machinery/Components
HMY,Harmony Gold Mining Company Limited,2.12,-16.59,9,11,47,Basic Materials,Precious Metals
CNA,CNA Financial Corporation,1.81,-1.66,28,23,46,Finance,Property-Casualty Insurers
BEP,Brookfield Renewable Partners L.P.,-0.48,-4.0,42,36,42,Utilities,Electric Utilities: Central
RDY,Dr. Reddy's Laboratories Limited,-0.57,4.18,31,10,28,Health Care,Biotechnology: Pharmaceutical Preparations
LUMN,"Lumen Technologies, Inc. Common Stock",-5.92,-18.36,0,0,12,Telecommunications,Telecommunications Equipment
HUBS,"HubSpot, Inc.",5.25,3.71,57,49,25,Technology,Computer Software: Prepackaged Software
GAILF,GAIL (India) Limited,0.0,0.0,19,20,4,Utilities,Utilities - Regulated Gas
ASMVF,ASMPT Limited,0.0,7.95,19,20,96,Technology,Semiconductor Equipment & Materials
QBTS,D-Wave Quantum Inc.,-4.07,-12.36,0,0,6,Technology,EDP Services
GMED,"Globus Medical, Inc.",-0.57,-0.31,0,8,35,Health Care,Medical/Dental Instruments
FUJHF,Subaru Corporation,3.51,0.73,49,42,40,Consumer Cyclical,Auto Manufacturers
CCDBF,CCL Industries Inc.,0.66,0.46,12,15,62,Consumer Cyclical,Packaging & Containers
MRPRF,"MERLIN Properties SOCIMI, S.A.",0.0,-9.49,5,8,17,Real Estate,REIT - Office
CSPCY,CSPC Pharmaceutical Group Limited,-4.31,10.39,43,33,63,Healthcare,Drug Manufacturers - General
AIAGY,Aurubis AG,0.0,-0.53,16,19,76,Industrials,Metal Fabrication
ARW,"Arrow Electronics, Inc.",-2.26,6.24,35,29,93,Technology,Electronic Components
IAFNF,iA Financial Corporation Inc.,0.0,1.14,7,12,69,Financial Services,Insurance - Diversified
VSAT,"Viasat, Inc.",-4.88,-9.13,0,0,90,Technology,Radio And Television Broadcasting And Communications Equipment
XE,"X-Energy, Inc.",-4.31,-13.07,0,0,5,Industrials,Metal Fabrications
UNICY,Unicharm Corporation,3.72,1.99,45,36,54,Consumer Defensive,Household & Personal Products
EGP,"EastGroup Properties, Inc.",2.4,0.06,38,34,53,Real Estate,Real Estate Investment Trusts
AFG,"American Financial Group, Inc.",2.13,0.23,40,31,55,Finance,Property-Casualty Insurers
SF,Stifel Financial Corp.,0.57,-12.02,6,9,28,Finance,Investment Bankers/Brokers/Service
SAIL,"SailPoint, Inc.",2.25,13.49,52,46,88,Technology,Computer Software: Prepackaged Software
WMS,"Advanced Drainage Systems, Inc.",0.1,-0.75,8,17,20,Consumer Discretionary,Containers/Packaging
ORKLF,Orkla ASA,0.0,-7.56,6,10,20,Consumer Defensive,Packaged Foods
SEIC,SEI Investments Company,1.16,-3.3,23,22,77,Finance,Investment Bankers/Brokers/Service
ABVX,ABIVAX Société Anonyme,2.34,-23.2,7,8,10,Health Care,Biotechnology: Pharmaceutical Preparations
SIETY,D'Ieteren Group SA,0.0,-9.41,5,8,45,Consumer Cyclical,Auto & Truck Dealerships
GEAGF,GEA Group Aktiengesellschaft,0.0,0.0,19,20,54,Industrials,Specialty Industrial Machinery
WTRG,"Essential Utilities, Inc.",0.49,-7.37,8,12,47,Utilities,Water Supply
TSGTY,Tsingtao Brewery Company Limited,-0.75,1.19,52,39,27,Consumer Defensive,Beverages - Brewers
ICLR,ICON Public Limited Company,0.26,-0.72,21,21,54,Health Care,Biotechnology: Commercial Physical & Biological Resarch
SCI,Service Corporation International,-0.12,-3.28,13,15,40,Consumer Discretionary,Other Consumer Services
POWL,"Powell Industries, Inc.",-4.28,7.0,52,43,76,Energy,Electrical Products
TIMB,TIM S.A.,-1.68,-2.5,53,42,18,Telecommunications,Telecommunications Equipment
MALRY,Mineral Resources Limited,-3.36,-19.46,0,0,33,Basic Materials,Other Industrial Metals & Mining
MALRF,Mineral Resources Limited,0.0,0.0,19,20,86,Basic Materials,Other Industrial Metals & Mining
RIOT,"Riot Platforms, Inc.",-9.17,-19.62,0,0,26,Finance,Finance: Consumer Services
SSAAY,SSAB AB (publ),0.0,-6.62,9,12,81,Basic Materials,Steel
AHR,"American Healthcare REIT, Inc.",2.17,-6.25,24,23,57,Real Estate,Real Estate Investment Trusts
NXSNF,"NextVision Stabilized Systems, Ltd.",3.17,-11.56,14,17,30,Industrials,Security & Protection Services
TTD,"The Trade Desk, Inc.",2.07,-11.67,14,15,2,Technology,Computer Software: Programming Data Processing
OC,Owens Corning,2.2,-8.07,15,16,31,Industrials,Industrial Machinery/Components
LINE,"Lineage, Inc.",0.67,-6.47,8,11,29,Real Estate,Real Estate Investment Trusts
ALEUY,Allegro.eu S.A.,-20.0,20.55,42,41,91,,
VLPNY,Voestalpine AG,-5.12,-9.9,0,0,56,Basic Materials,Steel
PODD,Insulet Corporation,0.08,-0.16,17,17,5,Health Care,Medical/Dental Instruments
CRHKY,China Resources Beer (Holdings) Company Limited,2.09,2.31,64,57,13,Consumer Defensive,Beverages - Brewers
RNLSY,Renault SA,-1.68,-12.18,20,19,23,Consumer Cyclical,Auto Manufacturers
PMCUF,Pro Medicus Limited,0.0,-11.44,11,13,14,Healthcare,Health Information Services
BLSFY,BlueScope Steel Limited,-6.16,-5.98,0,0,66,Basic Materials,Steel
CDUAF,Canadian Utilities Limited,-0.52,-5.1,0,7,57,Utilities,Utilities - Diversified
BSY,"Bentley Systems, Incorporated",-0.94,12.57,79,85,38,Technology,Computer Software: Prepackaged Software
PMDIY,Pro Medicus Limited,0.0,-7.29,4,9,12,Healthcare,Health Information Services
MDBKY,Medibank Private Limited,3.33,-7.06,25,25,80,Financial Services,Insurance - Specialty
BMXMF,bioMérieux S.A.,0.0,1.91,67,55,21,Healthcare,Diagnostics & Research
APHBF,Alpha Bank S.A.,0.0,0.0,19,20,46,,
PRAX,"Praxis Precision Medicines, Inc.",-5.2,-22.16,0,0,95,Health Care,Biotechnology: Pharmaceutical Preparations
SUBCY,Subsea 7 S.A.,0.63,-2.97,17,20,85,Energy,Oil & Gas Equipment & Services
BAX,Baxter International Inc.,-0.29,-1.16,68,38,72,Health Care,Medical/Dental Instruments
MAKSY,Marks and Spencer Group plc,1.63,3.92,100,80,63,Consumer Cyclical,Department Stores
CIFR,Cipher Digital Inc.,-7.28,-15.31,0,0,10,Finance,Finance: Consumer Services
MGPUF,M&G plc,0.0,-9.61,5,8,58,Financial Services,Asset Management
CNM,"Core & Main, Inc.",-0.81,-1.18,0,4,16,Consumer Discretionary,Durable Goods
BPOP,"Popular, Inc.",0.17,-4.98,7,11,62,Finance,Major Banks
ADDHY,Addtech AB (publ.),-1.64,-3.77,0,0,34,Industrials,Industrial Distribution
CYTK,"Cytokinetics, Incorporated",1.46,-15.77,8,10,23,Health Care,Biotechnology: Pharmaceutical Preparations
SARO,"StandardAero, Inc.",0.4,-14.04,4,7,9,Industrials,Aerospace
BNTGY,Brenntag SE,0.29,-2.41,43,35,68,Basic Materials,Specialty Chemicals
BNTGF,Brenntag SE,0.0,-6.07,6,11,55,Basic Materials,Specialty Chemicals
TX,Ternium S.A.,0.11,-1.98,47,35,90,Industrials,Steel/Iron Ore
SAPMY,Saipem SpA,0.0,-7.92,4,9,78,Energy,Oil & Gas Equipment & Services
ALSN,"Allison Transmission Holdings, Inc.",-1.49,-14.45,0,0,55,Consumer Discretionary,Auto Parts:O.E.M.
UZAPF,Flughafen Zürich AG,-0.11,-11.36,2,6,8,Industrials,Airports & Air Services
BRX,Brixmor Property Group Inc.,0.89,-4.88,17,18,39,Real Estate,Real Estate Investment Trusts
BZZUF,Buzzi S.p.A.,0.0,-6.25,19,20,16,Basic Materials,Building Materials
IFUUF,Infratil Limited,0.0,-6.55,5,10,64,Industrials,Conglomerates
ACLLY,Accelleron Industries AG,0.27,-9.33,5,10,35,Industrials,Specialty Industrial Machinery
ONBPO,Old National Bancorp,0.94,-0.44,32,27,52,Finance,Major Banks
SEOAY,Stora Enso Oyj,-0.09,-4.68,2,8,47,Consumer Cyclical,Packaging & Containers
AYI,Acuity Inc.,0.0,-5.0,5,11,29,Consumer Discretionary,Building Products
ALSMY,Alstom SA,-2.27,-1.71,52,39,12,Industrials,Railroads
LKNCY,Luckin Coffee Inc.,-0.94,-2.49,0,3,36,Consumer Cyclical,Restaurants
MDDNF,Meridian Energy Limited,0.0,1.51,49,26,45,Utilities,Utilities - Renewable
ZIONP,"Zions Bancorporation, National Association",0.87,-2.81,35,27,30,Finance,Major Banks
AOMFF,Alstom SA,-2.21,-3.75,40,31,13,Industrials,Railroads
YMM,Full Truck Alliance Co. Ltd.,-0.24,2.33,58,40,23,Technology,Computer Software: Prepackaged Software
QRVO,"Qorvo, Inc.",11.69,20.65,100,100,79,Technology,Semiconductors
ORI,Old Republic International Corporation,2.23,-5.61,22,21,34,Finance,Property-Casualty Insurers
ACDSF,CapitaLand Ascendas REIT,0.0,-4.4,8,13,21,Real Estate,REIT - Industrial
CAVA,"CAVA Group, Inc.",4.3,0.57,56,41,11,Consumer Discretionary,Restaurants
LLYVA,"Liberty Live Holdings, Inc.",1.01,2.43,35,28,54,Consumer Discretionary,Services-Misc. Amusement & Recreation
ENPH,"Enphase Energy, Inc.",-1.76,-10.72,26,20,23,Technology,Semiconductors
PSO,Pearson plc,1.28,6.6,100,66,70,Consumer Discretionary,Books
BRKRP,Bruker Corporation,-2.39,8.23,35,18,81,Industrials,Biotechnology: Laboratory Analytical Instruments
FDS,FactSet Research Systems Inc.,5.04,8.97,93,75,73,Technology,Computer Software: Programming Data Processing
LZRFY,Localiza Rent a Car S.A.,2.63,47.87,100,100,85,Industrials,Rental & Leasing Services
IMIUY,IMI plc,0.02,-0.45,6,14,67,Industrials,Specialty Industrial Machinery
ADC,Agree Realty Corporation,1.01,-7.57,13,15,26,Real Estate,Real Estate Investment Trusts
ASR,"Grupo Aeroportuario del Sureste, S. A. B. de C. V.",-0.12,-8.27,3,7,10,Consumer Discretionary,Aerospace
MANH,"Manhattan Associates, Inc.",2.31,0.86,33,29,87,Technology,Computer Software: Prepackaged Software
UHS,"Universal Health Services, Inc.",0.63,1.74,15,17,41,Health Care,Hospital/Nursing Management
JSAIY,J Sainsbury plc,2.02,-2.05,38,32,42,Consumer Defensive,Grocery Stores
SUOPY,Sumco Corporation,-6.87,12.1,56,51,92,Technology,Semiconductor Equipment & Materials
CRPAY,"Corporación Acciona Energías Renovables, S.A.",0.0,0.0,19,20,36,Utilities,Utilities - Renewable
HSIC,"Henry Schein, Inc.",1.16,-3.06,18,18,66,Health Care,Medical Specialities
TTC,The Toro Company,0.4,4.82,65,64,66,Consumer Discretionary,Tools/Hardware
CRL,"Charles River Laboratories International, Inc.",-0.77,9.16,61,66,92,Health Care,Biotechnology: Commercial Physical & Biological Resarch
WAL,Western Alliance Bancorporation,1.55,-4.77,21,20,32,Finance,Major Banks
ARE,"Alexandria Real Estate Equities, Inc.",0.86,-6.6,5,7,27,Real Estate,Real Estate Investment Trusts
WARFY,The Wharf (Holdings) Limited,0.0,-7.24,42,22,27,Real Estate,Real Estate - Development
NWOEF,New Oriental Education & Technology Group Inc.,0.0,0.0,19,20,38,Consumer Defensive,Education & Training Services
WARFF,The Wharf (Holdings) Limited,0.0,2.92,65,47,20,Real Estate,Real Estate - Development
CRUS,"Cirrus Logic, Inc.",0.46,-2.82,8,11,15,Technology,Semiconductors
BYDIF,BYD Electronic (International) Company Limited,0.0,-0.65,73,61,19,Technology,Electronic Components
DUFRY,Avolta AG,-2.94,-4.06,0,0,16,Consumer Cyclical,Specialty Retail
CORZ,"Core Scientific, Inc.",-3.64,-11.57,0,0,14,Finance,Finance: Consumer Services
CELH,"Celsius Holdings, Inc.",1.78,2.89,23,24,8,Consumer Staples,Beverages (Production/Distribution)
RGTI,"Rigetti Computing, Inc.",-3.08,-6.73,0,0,8,Technology,EDP Services
WEGRY,Weir PLC,0.0,-7.76,3,8,34,Industrials,Specialty Industrial Machinery
KIKOY,Kikkoman Corporation,0.0,-5.91,7,11,72,Consumer Defensive,Packaged Foods
SBSW,Sibanye Stillwater Limited,2.38,-17.76,11,12,38,Basic Materials,Precious Metals
MTCH,MTCH,1.57,-0.27,32,23,79,Technology,Computer Software: Programming Data Processing
PRI,"Primerica, Inc.",0.72,-4.72,11,13,45,Finance,Life Insurance
BIO,"Bio-Rad Laboratories, Inc.",-2.04,-2.26,1,5,80,Industrials,Biotechnology: Laboratory Analytical Instruments
KUNUF,Kunlun Energy Company Limited,0.0,12.51,100,51,46,Energy,Oil & Gas Refining & Marketing
BYDIY,BYD Electronic (International) Company Limited,5.31,-4.38,43,37,15,Technology,Electronic Components
NXDCF,NEXTDC Limited,0.0,-22.32,7,8,13,Technology,Information Technology Services
MXL,"MaxLinear, Inc.",-12.72,35.13,65,65,98,Technology,Semiconductors
DNOPY,Dino Polska S.A.,6.43,-3.21,50,43,44,Consumer Defensive,Grocery Stores
GGB,Gerdau S.A.,-1.99,-3.53,42,32,83,Industrials,Steel/Iron Ore
GNZUF,"Guangzhou Automobile Group Co., Ltd.",0.0,17.86,83,64,25,Consumer Cyclical,Auto Manufacturers
CMHHY,China Merchants Port Holdings Company Limited,-3.25,10.26,76,81,83,Industrials,Marine Shipping
KYKOY,"Kyowa Kirin Co., Ltd.",0.76,-6.12,11,15,24,Healthcare,Drug Manufacturers - Specialty & Generic
FNMAO,Federal National Mortgage Association,0.0,-25.71,2,4,4,Financial Services,Mortgage Finance
FNMAH,Federal National Mortgage Association,0.81,-18.36,24,23,4,Financial Services,Mortgage Finance
FNMAM,Federal National Mortgage Association,-1.5,-27.59,0,2,3,Financial Services,Mortgage Finance
FNMA,Federal National Mortgage Association,1.51,-29.0,4,5,2,Financial Services,Mortgage Finance
FNMAG,Federal National Mortgage Association,0.0,-29.13,2,4,2,Financial Services,Mortgage Finance
FNMFN,Federal National Mortgage Association,1.65,-21.51,7,8,4,Financial Services,Mortgage Finance
PPRQF,Choice Properties Real Estate Investment Trust,1.17,-6.32,16,17,35,Real Estate,REIT - Retail
ASGLF,AGC Inc.,0.0,0.0,19,20,1,Industrials,Conglomerates
OSK,Oshkosh Corporation,-0.98,-13.82,0,2,25,Industrials,Auto Manufacturing
SHBBF,Syensqo SA/NV,2.45,-6.5,30,27,81,Basic Materials,Chemicals
BPHLY,Bank of the Philippine Islands,3.91,-4.64,33,33,17,Financial Services,Banks - Regional
ZG,"Zillow Group, Inc.",6.9,-6.21,31,28,7,Consumer Discretionary,Business Services
TONPF,TOPPAN Holdings Inc.,0.0,102.46,97,97,97,Industrials,Conglomerates
SSDOF,"Shiseido Company, Limited",0.0,-17.07,3,5,64,Consumer Defensive,Household & Personal Products
EDU,New Oriental Education & Technology Group Inc.,0.14,5.13,82,51,66,Real Estate,Other Consumer Services
EMLAF,Empire Company Limited,0.0,2.57,85,53,48,Consumer Defensive,Grocery Stores
CCOEY,"Capcom Co., Ltd.",-0.29,0.74,2,10,82,Communication Services,Electronic Gaming & Multimedia
XNGSY,ENN Energy Holdings Limited,0.46,-2.16,33,26,32,Utilities,Utilities - Regulated Gas
ESALF,"Eisai Co., Ltd.",0.0,-4.92,6,13,55,Healthcare,Drug Manufacturers - Specialty & Generic
HCXLF,Hiscox Ltd,0.0,0.0,19,20,82,Financial Services,Insurance - Property & Casualty
KNCRY,Konecranes Plc,-0.24,-5.98,1,8,52,Industrials,Farm & Heavy Construction Machinery
YMHAY,"Yamaha Motor Co., Ltd.",0.26,1.25,29,35,93,Consumer Cyclical,Auto Manufacturers
AOS,A. O. Smith Corporation,2.2,-0.26,37,32,23,Consumer Discretionary,Consumer Electronics/Appliances
SSD,"Simpson Manufacturing Co., Inc.",0.43,-0.1,23,21,40,Consumer Discretionary,Industrial Machinery/Components
DVDCF,Davide Campari-Milano N.V.,0.0,0.29,50,24,56,Consumer Defensive,Beverages - Wineries & Distilleries
IDA,"IDACORP, Inc.",1.54,-1.01,60,40,38,Utilities,Electric Utilities: Central
ELMUF,Elisa Oyj,0.0,-14.76,3,6,26,Communication Services,Telecom Services
FPRUY,Fraport AG,0.0,0.0,19,20,23,Industrials,Airports & Air Services
HESM,Hess Midstream LP,2.94,-15.42,14,15,42,Energy,Oil & Gas Production
ACI,"Albertsons Companies, Inc.",5.11,5.47,54,45,13,Consumer Staples,Food Chains
KNTK,Kinetik Holdings Inc.,1.28,0.39,68,50,87,Utilities,Natural Gas Distribution
TOTDY,TOTO LTD.,-2.91,2.81,53,47,60,Industrials,Building Products & Equipment
VLYPN,Valley National Bancorp,0.36,-2.83,10,14,48,Finance,Major Banks
KRMN,Karman Holdings Inc.,0.96,-7.85,6,8,2,Industrials,Military/Government/Technical
OCLDY,Orica Limited,0.0,-15.22,3,6,26,Basic Materials,Specialty Chemicals
IDTRY,Indutrade AB (publ),0.0,0.0,19,20,77,Industrials,Industrial Distribution
QGEN,Qiagen N.V.,-0.58,5.7,62,55,53,Health Care,Biotechnology: Biological Products (No Diagnostic Substances)
JPNRF,"Japan Airlines Co., Ltd.",0.0,-155.84,99,100,1,Industrials,Airlines
DNPLY,"Dai Nippon Printing Co., Ltd.",-8.1,-10.04,0,0,39,Industrials,Conglomerates
UMICF,Umicore SA,0.0,-12.6,3,6,65,Industrials,Waste Management
PCOR,"Procore Technologies, Inc.",-0.04,2.95,63,51,52,Technology,Computer Software: Prepackaged Software
KNCRF,Konecranes Plc,0.0,25.29,93,93,23,Industrials,Farm & Heavy Construction Machinery
WFRD,Weatherford International plc,0.63,-14.48,6,9,32,Consumer Discretionary,Oil and Gas Field Machinery
BCKIF,Babcock International Group PLC,-1.91,-15.19,0,0,8,Industrials,Engineering & Construction
ICGUF,ICG plc,0.0,0.0,19,20,35,Financial Services,Asset Management
YOU,"Clear Secure, Inc.",1.17,0.8,100,74,50,Technology,Computer Software: Prepackaged Software
DPMLF,DPM Metals Inc.,4.91,-11.33,20,23,80,Basic Materials,Gold
LTH,"Life Time Group Holdings, Inc.",-0.54,-2.89,48,36,85,Consumer Discretionary,Hotels/Resorts
BCHMY,Bachem Holding AG,1.71,0.53,23,25,69,Healthcare,Biotechnology
IVTJY,Investec Group,0.0,-5.12,3,6,63,Financial Services,Capital Markets
WILLF,Demant A/S,1.41,6.11,83,96,88,Healthcare,Medical Devices
YORUF,"The Yokohama Rubber Company, Limited",0.0,0.0,19,20,89,Consumer Cyclical,Auto Parts
BILI,Bilibili Inc.,-0.47,-4.01,22,20,6,Technology,EDP Services
THNPF,Technip Energies N.V.,0.0,-7.99,3,8,11,Energy,Oil & Gas Equipment & Services
NDBKY,Nedbank Group Limited,-0.7,-7.14,0,4,69,Financial Services,Banks - Regional
SLAB,Silicon Laboratories Inc.,-0.09,1.19,15,19,84,Technology,Semiconductors
TSUKY,"Toyo Suisan Kaisha, Ltd.",2.52,-4.03,54,44,33,Consumer Defensive,Packaged Foods
TTEK,"Tetra Tech, Inc.",2.11,-6.44,16,17,56,Consumer Discretionary,Military/Government/Technical
AKBTY,Akbank T.A.S.,-6.55,-13.18,0,0,19,Financial Services,Banks - Regional
OMRNY,OMRON Corporation,-2.55,3.33,27,8,85,Technology,Electronic Components
VSH,"Vishay Intertechnology, Inc.",-6.27,10.45,45,41,93,Technology,Electrical Products
SSDOY,"Shiseido Company, Limited",0.63,-3.31,17,18,78,Consumer Defensive,Household & Personal Products
ALKS,Alkermes plc,-3.23,-13.01,0,0,61,Health Care,Biotechnology: Pharmaceutical Preparations
LSTR,"Landstar System, Inc.",1.49,-2.44,41,26,53,Industrials,Trucking Freight/Courier Services
IFSUF,Infrastrutture Wireless Italiane S.p.A.,-0.94,-4.04,22,18,24,Real Estate,Real Estate Services
RGEN,Repligen Corporation,-2.02,-0.51,0,0,73,Health Care,Biotechnology: Biological Products (No Diagnostic Substances)
GGDVY,Guangdong Investment Limited,0.0,1.11,11,14,83,Utilities,Utilities - Regulated Water
HTCMY,"Hitachi Construction Machinery Co., Ltd.",-2.01,-2.75,0,0,63,Industrials,Farm & Heavy Construction Machinery
RAL,Ralliant Corporation,-1.44,11.1,73,71,88,Industrials,Industrial Machinery/Components
SKHHY,Sonic Healthcare Limited,-0.23,-4.5,8,13,31,Healthcare,Diagnostics & Research
KLAR,KLAR,1.58,-2.46,47,38,5,Finance,Finance: Consumer Services
SEOJF,Stora Enso Oyj,0.0,1.01,34,24,84,Consumer Cyclical,Packaging & Containers
STHRF,Strathcona Resources Ltd.,0.98,-11.61,14,11,72,Energy,Oil & Gas E&P
IMVT,"Immunovant, Inc.",-5.56,-20.58,0,0,72,Health Care,Biotechnology: Biological Products (No Diagnostic Substances)
CDNAF,"Canadian Tire Corporation, Limited",-0.62,-2.45,2,8,51,Consumer Cyclical,Specialty Retail
CBC,"Central Bancompany, Inc.",1.6,0.78,49,32,82,Financial Services,Banks - Regional
OGC,OceanaGold Corporation,1.1,-11.13,9,12,47,Basic Materials,Gold
THNOF,Technology One Limited,0.0,-2.23,30,24,55,Technology,Software - Application
CEVMF,CTS Eventim AG & Co. KGaA,0.0,-13.77,3,6,17,Communication Services,Entertainment
AXTI,"AXT, Inc.",-10.19,10.76,47,45,98,Technology,Semiconductors
VBREY,Vibra Energia S.A.,0.73,1.78,46,43,91,Consumer Cyclical,Specialty Retail
CSXXY,CAR Group Limited,0.0,-22.73,2,4,15,Communication Services,Internet Content & Information
UOLGY,UOL Group Limited,-0.36,-8.25,7,11,23,Real Estate,Real Estate - Development
KGFHF,Kingfisher plc,1.17,13.23,49,47,65,Consumer Cyclical,Home Improvement Retail
KYMR,"Kymera Therapeutics, Inc.",0.88,-6.58,24,26,85,Health Care,Biotechnology: Biological Products (No Diagnostic Substances)
ESTC,Elastic N.V.,2.32,14.11,100,100,94,Technology,Computer Software: Prepackaged Software
GIFLF,"Grifols, S.A.",0.0,-1.77,15,18,46,Healthcare,Drug Manufacturers - General
PMOIF,Harbour Energy plc,0.0,1.6,92,67,85,Energy,Oil & Gas E&P
GIKLY,"Grifols, S.A.",0.0,-3.48,9,14,44,Healthcare,Drug Manufacturers - General
GDS,GDS Holdings Limited,-3.76,-2.0,41,42,18,Technology,Computer Software: Programming Data Processing
TEO,Telecom Argentina S.A.,1.43,-5.47,41,36,76,Telecommunications,Telecommunications Equipment
GPTGF,The GPT Group,0.0,-7.65,39,35,38,Real Estate,REIT - Diversified
GTES,Gates Industrial Corporation Ltd.,-2.44,4.33,49,50,61,Industrials,Industrial Machinery/Components
TXNM,"TXNM Energy, Inc.",0.12,1.24,20,21,53,Utilities,Electric Utilities: Central
MHK,"Mohawk Industries, Inc.",0.22,-3.86,14,10,63,Consumer Discretionary,Home Furnishings
VLOWY,Vallourec S.A.,-0.49,-8.41,0,4,42,Basic Materials,Steel
IDCC,"InterDigital, Inc.",-0.76,-5.24,5,5,64,Miscellaneous,Multi-Sector Companies
RNKGF,RENK Group AG,0.0,0.0,19,20,12,Industrials,Aerospace & Defense
CELC,Celcuity Inc.,3.18,-20.61,11,13,11,Health Care,Medical Specialities
AUGO,Aura Minerals Inc.,0.57,-4.09,28,26,93,Basic Materials,Gold
SBFFF,SBM Offshore N.V.,0.0,0.0,19,20,86,Energy,Oil & Gas Equipment & Services
RADLY,Raia Drogasil S.A.,-0.36,8.53,97,100,56,Healthcare,Pharmaceutical Retailers
EDNMY,Edenred SE,1.28,-3.07,30,27,89,Financial Services,Credit Services
VAL,Valaris Limited,2.58,-2.04,44,37,83,Energy,Oil & Gas Production
MNESP,MSA Safety Incorporated,0.0,0.0,19,20,40,Industrials,Security & Protection Services
OTGLY,CD Projekt Red S.A.,0.86,6.97,79,52,45,Communication Services,Electronic Gaming & Multimedia
OMF,"OneMain Holdings, Inc.",0.62,-9.09,7,10,43,Finance,Finance: Consumer Services
GGPSF,Greatland Resources Limited,3.81,-14.04,33,31,99,Basic Materials,Gold
CAG,"Conagra Brands, Inc.",2.42,-7.69,16,17,28,Consumer Staples,Packaged Foods
DSGX,The Descartes Systems Group Inc.,1.6,14.06,82,54,59,Technology,Computer Software: Prepackaged Software
STWD,"Starwood Property Trust, Inc.",0.71,-15.55,5,8,12,Real Estate,Real Estate Investment Trusts
SGHC,Super Group (SGHC) Limited,1.67,-15.06,8,10,32,Consumer Discretionary,Services-Misc. Amusement & Recreation
RYN,Rayonier Inc.,3.39,-7.1,25,23,22,Real Estate,Real Estate Investment Trusts
CPB,The Campbell's Company,2.49,-6.32,19,19,18,Consumer Staples,Packaged Foods
LDSCY,Land Securities Group Plc,0.0,-6.1,4,9,40,Real Estate,REIT - Diversified
BSDGF,Bosideng International Holdings Limited,0.0,-10.23,28,26,37,Consumer Cyclical,Apparel Manufacturing
SWX,"Southwest Gas Holdings, Inc.",1.25,-3.9,20,20,43,Utilities,Oil & Gas Production
ACA,"Arcosa, Inc.",0.07,0.86,25,23,84,Industrials,Metal Fabrications
URBN,"Urban Outfitters, Inc.",1.52,7.09,92,83,72,Consumer Discretionary,Clothing/Shoe/Accessory Stores
MDA,MDA Space Ltd.,-5.76,-5.37,0,0,20,Consumer Discretionary,Electronic Components
SNDR,"Schneider National, Inc.",1.73,-6.46,16,17,66,Industrials,Trucking Freight/Courier Services
FSV,FirstService Corporation,1.06,-5.5,14,16,18,Finance,Real Estate
PTCT,"PTC Therapeutics, Inc.",-1.06,-7.14,0,2,17,Health Care,Biotechnology: Pharmaceutical Preparations
SATLF,"ZOZO, Inc.",0.0,-151.38,100,100,1,Consumer Cyclical,Internet Retail
PATH,"UiPath, Inc.",1.38,-4.47,35,28,56,Technology,Computer Software: Prepackaged Software
ONEXF,Onex Corporation,-1.38,-7.73,0,0,26,Financial Services,Asset Management
CHDN,Churchill Downs Incorporated,2.99,-7.96,22,21,17,Consumer Discretionary,Services-Misc. Amusement & Recreation
GKOS,Glaukos Corporation,-6.32,-5.34,31,24,89,Health Care,Medical/Dental Instruments
TOITF,Topicus.com Inc.,-0.8,-9.98,1,3,15,Technology,Software - Infrastructure
DBX,"Dropbox, Inc.",3.2,-2.6,29,23,84,Technology,Computer Software: Prepackaged Software
TOKUY,Tokyu Corporation,0.0,-5.47,7,11,22,Consumer Cyclical,Department Stores
BRTHY,"Brother Industries, Ltd.",0.0,-0.95,15,18,93,Industrials,Business Equipment & Supplies
WH,"Wyndham Hotels & Resorts, Inc.",1.55,7.58,100,100,32,Consumer Discretionary,Hotels/Resorts
LNNGY,Li Ning Company Limited,-0.81,-5.82,0,4,9,Consumer Cyclical,Leisure
VCX,"Fundrise Growth Tech Fund, LLC",-5.58,-18.12,0,0,1,,
COGT,"Cogent Biosciences, Inc.",-0.2,-11.74,2,6,52,Health Care,Biotechnology: Pharmaceutical Preparations
EDNMF,Edenred SE,0.0,0.0,19,20,61,Financial Services,Credit Services
SKHCF,Sonic Healthcare Limited,-7.14,-5.71,50,41,45,Healthcare,Diagnostics & Research
OSCR,"Oscar Health, Inc.",0.58,1.6,74,61,94,Health Care,Medical Specialities
CROX,"Crocs, Inc.",1.42,7.36,25,22,73,Consumer Discretionary,Shoe Manufacturing
STEP,StepStone Group Inc.,-0.61,-11.01,4,3,23,Finance,Investment Managers
CPA,"Copa Holdings, S.A.",-1.28,4.64,66,55,56,Consumer Discretionary,Air Freight/Delivery Services
MNTHF,Minth Group Limited,0.0,-15.07,33,31,20,Consumer Cyclical,Auto Parts
GLAPY,Glanbia plc,0.0,0.0,19,20,80,Consumer Defensive,Packaged Foods
SQNXF,"Square Enix Holdings Co., Ltd.",0.0,-0.08,8,13,58,Communication Services,Electronic Gaming & Multimedia
CE,Celanese Corporation,2.17,-1.99,22,22,35,Industrials,Major Chemicals
TGTX,"TG Therapeutics, Inc.",0.74,-3.7,24,25,87,Health Care,Biotechnology: Pharmaceutical Preparations
HLBBF,H. Lundbeck A/S,0.0,-2.87,13,17,51,Healthcare,Drug Manufacturers - Specialty & Generic
MRUWY,"Maruwa Co.,Ltd.",-2.84,1.86,38,42,26,,
M,"Macy's, Inc.",0.0,12.12,50,45,69,Consumer Discretionary,Department/Specialty Retail Stores
ENREF,Energix - Renewable Energies Ltd.,0.0,-20.27,2,5,86,Utilities,Utilities - Renewable
WKCMF,Wacker Chemie AG,0.0,-4.4,9,13,58,Basic Materials,Specialty Chemicals
ZETA,Zeta Global Holdings Corp.,-2.1,8.08,87,93,95,Technology,Computer Software: Prepackaged Software
ATOGF,AUTO1 Group SE,0.0,-23.89,5,7,5,Consumer Cyclical,Auto & Truck Dealerships
KOF,"Coca-Cola FEMSA, S.A.B. de C.V.",2.02,-0.82,35,31,73,Consumer Staples,Beverages (Production/Distribution)
OUT,OUTFRONT Media Inc.,2.25,4.08,100,71,75,Real Estate,Real Estate Investment Trusts
NOVTU,Novanta Inc.,-4.12,-4.26,7,0,56,Miscellaneous,Industrial Machinery/Components
CHE,Chemed Corporation,-0.64,-3.14,5,7,69,Health Care,Medical/Nursing Services
RMSYF,Ramsay Health Care Limited,0.0,0.0,19,20,92,Healthcare,Medical Care Facilities
EMLZF,Emmi AG,0.0,-5.33,16,13,55,Consumer Defensive,Packaged Foods
SMBMY,Seatrium Limited,0.0,0.0,19,20,32,Energy,Oil & Gas Equipment & Services
BAFBF,Balfour Beatty plc,0.0,-6.52,3,9,73,Industrials,Engineering & Construction
TKECF,"Tokyo Electric Power Company Holdings, Incorporated",0.0,2.73,65,53,36,Utilities,Utilities - Renewable
BYCRF,"Baycurrent, Inc.",0.0,6.94,56,56,98,Industrials,Consulting Services
OBDC,Blue Owl Capital Corporation,1.5,-5.33,16,18,35,Finance,Diversified Financial Services
EUTLF,Eutelsat Communications S.A.,-2.44,-27.27,0,0,3,Communication Services,Telecom Services
NJR,New Jersey Resources Corporation,0.1,-3.44,7,12,44,Utilities,Oil/Gas Transmission
PIPR,Piper Sandler Companies,0.92,-15.41,6,8,15,Finance,Investment Bankers/Brokers/Service
BBRYF,Burberry Group plc,0.0,0.0,19,20,40,Consumer Cyclical,Luxury Goods
DLKGF,Delek Group Ltd.,0.0,-1.68,81,88,1,Energy,Oil & Gas E&P
PREKF,PrairieSky Royalty Ltd.,2.28,-8.27,16,16,73,Energy,Oil & Gas E&P
HWC,Hancock Whitney Corporation,1.49,-2.27,21,20,59,Finance,Major Banks
BXSL,Blackstone Secured Lending Fund,2.64,2.59,47,39,60,Finance,Trusts Except Educational Religious and Charitable
PLUG,Plug Power Inc.,-2.81,-18.01,0,0,6,Energy,Industrial Machinery/Components
OZKAP,Bank OZK,1.15,-3.19,22,22,32,Finance,Major Banks
MARA,"MARA Holdings, Inc.",-4.34,-13.3,0,0,15,Technology,EDP Services
FUPBY,Fuchs SE,1.4,0.99,89,57,70,Basic Materials,Specialty Chemicals
SSMXY,Sysmex Corporation,-0.92,3.32,31,28,78,Healthcare,Medical Devices
ETCMY,Eutelsat Communications S.A.,-9.52,-29.63,0,0,2,Communication Services,Telecom Services
BC,Brunswick Corporation,-1.59,-10.78,0,0,17,Industrials,Industrial Machinery/Components
MCY,Mercury General Corporation,0.0,-0.35,57,39,60,Finance,Property-Casualty Insurers
LB,LandBridge Company LLC,2.03,1.25,76,54,92,Energy,Oil & Gas Production
HOMB,"Home BancShares, Inc.",1.06,-4.33,15,16,50,Finance,Major Banks
FINN,"First National of Nebraska, Inc.",0.0,-2.78,11,15,73,Financial Services,Banks - Regional
THKLY,"THK Co., Ltd.",0.0,14.08,100,100,87,Industrials,Specialty Industrial Machinery
AVAL,Grupo Aval Acciones y Valores S.A.,-1.22,-9.33,10,11,74,Finance,Commercial Banks
EPAM,"EPAM Systems, Inc.",5.11,-0.58,32,29,43,Technology,EDP Services
HRSEF,"Hirose Electric Co.,Ltd.",0.0,-301.97,99,99,1,Technology,Electronic Components
TKMTY,"Tokyo Metro Co., Ltd.",0.0,0.0,19,20,19,Industrials,Railroads
CBUMF,China National Building Material Company Limited,0.0,0.0,19,20,28,Basic Materials,Building Materials
RUSHB,"Rush Enterprises, Inc.",1.56,14.06,75,54,86,Consumer Discretionary,Retail-Auto Dealers and Gas Stations
LNNGF,Li Ning Company Limited,0.0,-16.22,4,7,11,Consumer Cyclical,Leisure
VCTR,"Victory Capital Holdings, Inc.",-0.12,0.59,66,64,93,Finance,Investment Managers
NBCLF,"Nitto Boseki Co., Ltd.",-6.68,158.33,80,80,99,Consumer Cyclical,Textile Manufacturing
EQPT,EquipmentShare.com Inc.,-11.43,-11.12,0,0,6,Consumer Discretionary,Diversified Commercial Services
IPGDF,IGO Limited,0.0,0.0,19,20,72,Basic Materials,Other Industrial Metals & Mining
PSMT,"PriceSmart, Inc.",-1.47,-1.35,0,0,64,Consumer Discretionary,Department/Specialty Retail Stores
HASI,"HA Sustainable Infrastructure Capital, Inc.",0.0,-2.2,40,25,59,Finance,Finance/Investors Services
RICOY,"Ricoh Company, Ltd.",-0.91,1.31,43,36,79,Industrials,Business Equipment & Supplies
RITM,Rithm Capital Corp.,1.06,-8.2,11,13,29,Real Estate,Real Estate Investment Trusts
VSECU,VSE Corporation,-2.46,-11.34,0,0,18,Industrials,Aerospace & Defense
GLBE,Global-E Online Ltd.,3.05,10.0,66,59,68,Technology,Computer Software: Prepackaged Software
HLPPY,Hang Lung Properties Limited,2.7,-5.22,30,27,19,Real Estate,Real Estate Services
ENGGY,"Enagás, S.A.",1.88,-4.15,27,25,60,Utilities,Utilities - Regulated Gas
ACHR,Archer Aviation Inc.,1.07,-13.39,9,11,11,Industrials,Aerospace
BOOT,"Boot Barn Holdings, Inc.",-0.6,-13.56,0,3,9,Consumer Discretionary,Clothing/Shoe/Accessory Stores
OTF,Blue Owl Technology Finance Corp.,1.51,-8.63,13,15,21,Financial Services,Asset Management
RNSHF,Renishaw plc,0.0,-2.97,12,15,48,Technology,Scientific & Technical Instruments
SEI,"Solaris Energy Infrastructure, Inc.",-4.42,14.14,64,62,85,Consumer Discretionary,Oil and Gas Field Machinery
CNVVF,Convatec Group PLC,-4.98,-4.98,21,22,39,Healthcare,Medical Instruments & Supplies
TOSCF,Tosoh Corporation,0.0,-147.06,100,100,1,Basic Materials,Chemicals
GLNG,Golar LNG Limited,-1.47,-8.1,4,5,61,Consumer Discretionary,Marine Transportation
DSVSF,Discovery Mining Ltd.,1.0,-9.94,9,13,92,Basic Materials,Silver
SBRA,"Sabra Health Care REIT, Inc.",0.53,-9.55,8,11,47,Real Estate,Real Estate Investment Trusts
JAN,"Janus Living, Inc.",0.97,-8.65,8,11,69,Real Estate,Real Estate Investment Trusts
VLMTY,Valmet Oyj,0.0,3.08,69,49,22,Industrials,Specialty Industrial Machinery
BIPC,Brookfield Infrastructure Corporation,-1.35,1.34,84,59,28,Utilities,Oil & Gas Production
MAPGF,Mapletree Logistics Trust,0.0,-14.57,19,16,19,Real Estate,REIT - Industrial
TMICY,Trend Micro Incorporated,4.11,24.39,100,100,75,Technology,Software - Infrastructure
BTDPY,Barratt Redrow plc,-1.94,1.04,12,0,34,Consumer Cyclical,Residential Construction
YKLTY,"Yakult Honsha Co.,Ltd.",0.0,-3.19,63,51,57,Consumer Defensive,Beverages - Non-Alcoholic
HSYDF,Harmonic Drive Systems Inc.,-5.46,32.17,69,69,98,Industrials,Specialty Industrial Machinery
WHITF,Whitehaven Coal Limited,0.19,-17.42,14,12,55,Energy,Thermal Coal
CVLT,"Commvault Systems, Inc.",0.48,14.79,87,77,78,Technology,Computer Software: Prepackaged Software
HRB,"H&R Block, Inc.",3.31,-0.65,62,47,73,Consumer Discretionary,Other Consumer Services
COLZF,Coca-Cola Içecek Anonim Sirketi,0.0,0.0,19,20,99,Consumer Defensive,Beverages - Non-Alcoholic
SR,Spire Inc.,0.22,-3.29,13,16,36,Utilities,Oil/Gas Transmission
OMAB,"Grupo Aeroportuario del Centro Norte, S.A.B. de C.V.",-1.37,-7.85,0,0,19,Consumer Discretionary,Aerospace
LBRDA,Liberty Broadband Corporation,-3.02,18.9,86,88,4,Telecommunications,Cable & Other Pay Television Services
SXT,Sensient Technologies Corporation,0.02,0.74,83,50,87,Industrials,Major Chemicals
HLNE,Hamilton Lane Incorporated,0.54,-9.96,6,10,22,Finance,Investment Managers
PMNXF,Perseus Mining Limited,-99.77,-99.78,0,0,1,Basic Materials,Gold
PAGP,"Plains GP Holdings, L.P.",1.37,-4.73,20,20,85,Energy,Natural Gas Distribution
PBF,PBF Energy Inc.,6.76,15.91,100,100,98,Energy,Integrated oil Companies
ATDRY,Autotrader Group plc,3.91,-1.32,50,39,24,Communication Services,Internet Content & Information
GMVHF,Entain Plc,1.89,-21.36,7,9,5,Consumer Cyclical,Gambling
HSHZY,Hoshizaki Corporation,0.0,0.0,19,20,54,Industrials,Specialty Industrial Machinery
LBRT,Liberty Energy Inc.,-2.89,-9.2,25,21,35,Energy,Oilfield Services/Equipment
LEGIF,LEG Immobilien SE,0.0,0.0,19,20,32,Real Estate,Real Estate Services
MOHCY,Motor Oil (Hellas) Corinth Refineries S.A.,0.0,0.0,19,20,97,Energy,Oil & Gas Refining & Marketing
FNCNF,Fincantieri S.p.A.,0.0,-8.34,15,17,13,Industrials,Aerospace & Defense
HISEF,"Hisense Home Appliances Group Co., Ltd.",0.0,-3.57,8,13,89,Consumer Cyclical,"Furnishings, Fixtures & Appliances"
CAI,"Caris Life Sciences, Inc.",1.48,14.39,36,29,86,Health Care,Medical Specialities
TKC,Turkcell Iletisim Hizmetleri A.S.,0.0,-2.85,24,20,22,Telecommunications,Telecommunications Equipment
CHEOF,Cochlear Limited,0.0,-6.68,5,10,12,Healthcare,Medical Devices
FFIN,"First Financial Bankshares, Inc.",0.13,-4.3,5,10,39,Finance,Major Banks
DEXSF,DEXUS,0.0,-6.54,20,21,32,Real Estate,REIT - Office
LAZ,"Lazard, Inc.",0.0,-14.45,9,12,14,Finance,Investment Managers
WHD,"Cactus, Inc.",0.19,-7.57,4,8,87,Consumer Discretionary,Oil and Gas Field Machinery
FBIN,"Fortune Brands Innovations, Inc.",2.05,-1.08,31,26,15,Basic Materials,Forest Products
ACLS,"Axcelis Technologies, Inc.",-3.55,17.81,64,64,81,Technology,Industrial Machinery/Components
OCTV,Octave Intelligence plc,1.62,16.17,98,100,50,Technology,Computer Software: Prepackaged Software
CMZOF,"Corporación Moctezuma, S.A.B. de C.V.",0.0,0.0,19,20,99,Basic Materials,Building Materials
PI,"Impinj, Inc.",-3.97,6.79,49,49,82,Technology,Industrial Machinery/Components
SKBNF,Shikun & Binui Ltd.,0.0,0.0,19,20,83,Industrials,Engineering & Construction
MIR,"Mirion Technologies, Inc.",-1.4,2.4,86,73,16,Industrials,Industrial Machinery/Components
BKEAF,"The Bank of East Asia, Limited",0.0,10.23,19,20,95,Financial Services,Banks - Regional
REYN,Reynolds Consumer Products Inc.,0.27,1.9,18,16,29,Consumer Discretionary,Containers/Packaging
DNPUF,"Sumitomo Pharma Co., Ltd.",0.0,5.61,12,16,25,Healthcare,Drug Manufacturers - Specialty & Generic
TTCIF,Titan S.A.,0.0,0.0,19,20,62,Basic Materials,Building Materials
RDN,Radian Group Inc.,1.39,-5.66,57,47,39,Finance,Property-Casualty Insurers
CSW,"CSW Industrials, Inc.",-0.03,-1.74,6,12,53,Industrials,Home Furnishings
NGXXF,NGEx Minerals Ltd.,-2.41,-12.68,0,0,20,Basic Materials,Other Industrial Metals & Mining
SAIC,Science Applications International Corporation,6.25,0.74,53,43,83,Technology,EDP Services
SPGDF,Springer Nature AG & Co. KGaA,0.0,0.0,31,51,46,,
AIR,AAR Corp.,1.97,-18.39,8,10,32,Industrials,Aerospace
MONDY,Mondi plc,-2.08,-8.72,0,0,38,Basic Materials,Paper & Paper Products
SHC,Sotera Health Company,-0.39,-2.35,0,6,53,Health Care,Misc Health and Biotechnology Services
KNF,Knife River Corporation,3.42,-8.59,24,23,6,Industrials,Mining & Quarrying of Nonmetallic Minerals (No Fuels)
FLIDY,FLSmidth & Co. A/S,0.0,0.11,87,73,81,Industrials,Specialty Industrial Machinery
ACIW,"ACI Worldwide, Inc.",0.83,-1.73,42,29,52,Technology,Computer Software: Prepackaged Software
NPIFF,Northland Power Inc.,0.19,2.04,32,23,46,Utilities,Utilities - Renewable
KBR,"KBR, Inc.",3.81,-3.05,32,28,28,Industrials,Military/Government/Technical
MAUTF,Montage Gold Corp.,-1.8,-14.68,0,0,91,Basic Materials,Gold
MDU,"MDU Resources Group, Inc.",-0.42,-2.23,29,21,34,Industrials,Mining & Quarrying of Nonmetallic Minerals (No Fuels)
PONY,Pony AI Inc.,-5.11,-13.12,0,0,3,Technology,EDP Services
MCARY,"Mercari, Inc.",0.0,-18.78,3,5,53,Consumer Cyclical,Internet Retail
LIMAF,Linamar Corporation,-1.44,-6.92,0,0,57,Consumer Cyclical,Auto Parts
MRVGF,Mirvac Group,0.0,0.0,19,20,31,Real Estate,REIT - Diversified
EPR,EPR Properties,0.61,-7.79,9,12,49,Real Estate,Real Estate Investment Trusts
PFSI,"PennyMac Financial Services, Inc.",0.71,-12.13,6,9,5,Finance,Finance: Consumer Services
HNGE,"Hinge Health, Inc.",0.14,11.04,87,72,96,Technology,EDP Services
TCBI,"Texas Capital Bancshares, Inc.",-2.57,-7.15,0,0,33,Finance,Major Banks
MAT,"Mattel, Inc.",1.28,20.06,100,100,59,Consumer Discretionary,Recreational Games/Products/Toys
NRSDY,Nordic Semiconductor ASA,0.0,5.11,100,86,79,Technology,Semiconductors
VVV,Valvoline Inc.,0.36,2.09,93,77,23,Industrials,Major Chemicals
PVH,PVH Corp.,3.59,17.0,100,100,52,Industrials,Garments and Clothing
BCO,The Brink's Company,0.28,-6.34,9,10,34,Industrials,Integrated Freight & Logistics
WING,Wingstop Inc.,1.56,7.22,98,83,5,Consumer Discretionary,Restaurants
AXXTF,Axiata Group Berhad,0.0,0.0,19,20,29,Communication Services,Telecom Services
FHI,"Federated Hermes, Inc.",0.18,-8.26,7,12,49,Finance,Investment Managers
PLNT,"Planet Fitness, Inc.",2.18,-11.9,28,23,5,Consumer Discretionary,Hotels/Resorts
TNL,Travel + Leisure Co.,-0.46,-3.32,18,19,26,Consumer Discretionary,Hotels/Resorts
APEMY,Aperam S.A.,-3.11,-24.42,0,0,46,Basic Materials,Steel
HKMPY,Hikma Pharmaceuticals PLC,0.19,3.07,44,45,55,Healthcare,Drug Manufacturers - Specialty & Generic
RXO,"RXO, Inc.",2.01,48.28,100,100,94,Consumer Discretionary,Transportation Services
RELY,"Remitly Global, Inc.",2.57,7.25,100,100,87,Consumer Discretionary,Business Services
LBTYA,Liberty Global Ltd.,-1.87,-15.91,0,2,14,Telecommunications,Cable & Other Pay Television Services
KKKUF,"Kakaku.com, Inc.",0.0,0.74,6,10,91,Communication Services,Internet Content & Information
SOOBF,Sapporo Breweries Limited,0.0,0.0,19,20,1,Consumer Defensive,Beverages - Brewers
SLMBP,SLM Corporation,0.04,-1.58,11,17,53,Finance,Finance: Consumer Services
TWST,Twist Bioscience Corporation,-2.31,19.87,30,27,98,Health Care,Biotechnology: Biological Products (No Diagnostic Substances)
TDS,"Telephone and Data Systems, Inc.",-3.45,-8.74,0,0,25,Telecommunications,Telecommunications Equipment
FULT,Fulton Financial Corporation,0.86,-4.83,13,15,59,Finance,Major Banks
GNNSF,Genscript Biotech Corporation,-9.35,28.23,51,50,98,Healthcare,Biotechnology
FMCCK,Federal Home Loan Mortgage Corporation,0.0,-23.68,2,4,3,Financial Services,Mortgage Finance
FMCCI,Federal Home Loan Mortgage Corporation,3.02,-24.6,8,9,4,Financial Services,Mortgage Finance
FMCC,Federal Home Loan Mortgage Corporation,0.27,-27.93,2,3,2,Financial Services,Mortgage Finance
FMCKK,Federal Home Loan Mortgage Corporation PFD,0.0,-26.06,2,4,3,Unknown,Unknown
FMCKM,Federal Home Loan Mortgage Corporation,2.56,-29.16,8,9,2,Financial Services,Mortgage Finance
FMCCO,Federal Home Loan Mortgage Corporation,0.0,-21.43,1,4,3,Financial Services,Mortgage Finance
FMCCL,Federal Home Loan Mortgage Corporation,-1.64,-21.33,0,0,3,Financial Services,Mortgage Finance
ITVPY,ITV plc,1.25,-5.61,13,15,26,Communication Services,Broadcasting
SRAD,Sportradar Group AG,3.15,-2.05,38,31,7,Technology,Computer Software: Programming Data Processing
NCTKF,Nabtesco Corporation,0.0,8.78,82,76,66,Industrials,Specialty Industrial Machinery
WPP,WPP plc,0.2,2.87,46,37,87,Consumer Discretionary,Advertising
JGCCY,JGC Holdings Corporation,-6.69,1.84,14,14,68,Industrials,Engineering & Construction
NCTKY,Nabtesco Corporation,-4.06,10.42,40,27,59,Industrials,Specialty Industrial Machinery
NINOF,Nikon Corporation,0.0,742.87,98,99,1,Consumer Cyclical,Leisure
ESYJY,easyJet plc,0.67,0.0,36,27,87,Industrials,Airlines
OPLN,"OPENLANE, Inc.",2.56,2.62,71,44,64,Consumer Discretionary,Retail-Auto Dealers and Gas Stations
BBWI,"Bath & Body Works, Inc.",-0.56,1.49,58,49,20,Consumer Discretionary,Clothing/Shoe/Accessory Stores
LMGIF,Lumine Group Inc.,-0.9,-2.36,43,34,20,Technology,Software - Application
PII,Polaris Inc.,0.04,-8.85,5,8,18,Consumer Discretionary,Industrial Specialties
RUM,RUM Group Inc.,-6.91,-4.96,0,0,69,Technology,Computer Software: Programming Data Processing
GCWOF,"GCC, S.A.B. de C.V.",-1.13,-11.96,0,3,31,Basic Materials,Building Materials
USAC,"USA Compression Partners, LP",-0.55,-8.61,5,7,54,Utilities,Natural Gas Distribution
NDGPY,Nine Dragons Paper (Holdings) Limited,-15.06,-28.02,0,0,16,Basic Materials,Paper & Paper Products
SEZL,Sezzle Inc.,2.96,-1.0,58,48,78,Finance,Finance: Consumer Services
KTB,"Kontoor Brands, Inc.",2.06,0.27,37,31,26,Industrials,Garments and Clothing
GCPEF,GCL Technology Holdings Limited,20.0,9.09,100,100,55,Technology,Solar
MWA,"Mueller Water Products, Inc.",0.79,-8.99,9,12,18,Industrials,Metal Fabrications
BBAR,Banco BBVA Argentina S.A.,-2.16,-17.28,9,10,22,Finance,Commercial Banks
LRN,"Stride, Inc.",2.19,-0.11,53,39,26,Real Estate,Other Consumer Services
CRK,"Comstock Resources, Inc.",-0.51,-9.74,48,42,16,Energy,Oil & Gas Production
HLPMF,HELLENiQ ENERGY Holdings S.A.,0.0,0.0,19,20,90,Energy,Oil & Gas Refining & Marketing
VEON,VEON Ltd.,-0.16,11.44,100,100,92,Telecommunications,Telecommunications Equipment
SNPHY,"Santen Pharmaceutical Co., Ltd.",-0.37,-2.47,33,31,25,Healthcare,Drug Manufacturers - General
TTVSY,TOTVS S.A.,3.54,26.22,100,100,79,Technology,Software - Application
QLYS,"Qualys, Inc.",-0.46,19.99,90,92,95,Technology,Computer Software: Prepackaged Software
BELFB,Bel Fuse Inc.,-1.71,-0.21,31,0,76,Technology,Electronic Components
NPSKY,NSK Ltd.,2.48,-0.5,78,64,61,Consumer Cyclical,Auto Parts
WYNMF,"Wynn Macau, Limited",-1.52,-7.14,0,1,31,Consumer Cyclical,Resorts & Casinos
ATMU,Atmus Filtration Technologies Inc.,-3.4,-6.14,0,0,17,Consumer Discretionary,Auto Parts:O.E.M.
INDB,Independent Bank Corp.,-1.39,-6.12,0,0,47,Finance,Major Banks
MRX,Marex Group Limited,-0.99,-3.94,19,10,94,Finance,Investment Bankers/Brokers/Service
WYNMY,"Wynn Macau, Limited",-2.05,-10.69,0,0,28,Consumer Cyclical,Resorts & Casinos
HAFN,Hafnia Limited,5.03,15.92,100,100,96,Consumer Discretionary,Transportation Services
GPI,"Group 1 Automotive, Inc.",1.72,-16.05,9,10,7,Consumer Discretionary,Retail-Auto Dealers and Gas Stations
NG,NovaGold Resources Inc.,-1.26,-17.48,0,0,14,Basic Materials,Precious Metals
EE,"Excelerate Energy, Inc.",-0.97,-10.2,33,30,59,Utilities,Oil/Gas Transmission
ARIS,Aris Mining Corporation,-1.59,-13.65,0,0,72,Basic Materials,Gold
BOX,"Box, Inc.",1.71,6.42,100,88,86,Technology,Computer Software: Prepackaged Software
KNSA,"Kiniksa Pharmaceuticals International, plc",1.01,2.97,64,45,95,Health Care,Biotechnology: Pharmaceutical Preparations
ASMOF,Asmodee Group AB (publ),6.56,49.23,78,66,88,,
EDVGF,Endeavour Group Limited,0.0,-19.75,2,5,15,Consumer Defensive,Beverages - Wineries & Distilleries
STUB,"StubHub Holdings, Inc.",2.33,3.19,92,73,3,Consumer Discretionary,Services-Misc. Amusement & Recreation
PEYUF,Peyto Exploration & Development Corp.,2.04,-4.21,38,30,64,Energy,Oil & Gas E&P
PALAF,Paladin Energy Ltd,-2.87,-24.16,0,0,21,Energy,Uranium
FG,"F&G Annuities & Life, Inc.",-1.81,-16.25,0,0,7,Finance,Life Insurance
SA,Seabridge Gold Inc.,1.65,-12.37,9,13,41,Basic Materials,Precious Metals
ITRI,"Itron, Inc.",-1.58,-9.96,0,0,23,Industrials,Electrical Products
SEYMF,"Solaria Energía y Medio Ambiente, S.A.",-7.89,-15.56,0,0,88,Utilities,Utilities - Renewable
PIFMF,PT Indofood Sukses Makmur Tbk,0.0,-2.44,19,20,22,Consumer Defensive,Packaged Foods
BBAJF,"Banco del Bajío, S.A., Institución de Banca Múltiple",-2.67,-2.67,0,0,99,Financial Services,Banks - Regional
AAP,"Advance Auto Parts, Inc.",2.91,-2.1,50,43,14,Consumer Discretionary,Auto & Home Supply Stores
ADOOY,PT Alamtri Resources Indonesia Tbk,-10.53,-11.13,0,0,69,Energy,Thermal Coal
NINOY,Nikon Corporation,-1.97,8.03,62,66,35,Consumer Cyclical,Leisure
FSRPF,Frasers Property Limited,0.0,-1.01,19,20,44,Real Estate,Real Estate - Diversified
HEGIY,Hengan International Group Company Limited,0.81,-7.88,21,21,15,Consumer Defensive,Household & Personal Products
ZLDPY,Zealand Pharma A/S,0.0,-2.03,19,20,16,Healthcare,Biotechnology
BHFAN,"Brighthouse Financial, Inc.",0.64,-2.84,11,18,28,Finance,Life Insurance
BHFAP,"Brighthouse Financial, Inc.",0.26,-2.73,8,16,29,Finance,Life Insurance
AFLYY,Air France-KLM SA,-1.67,-9.23,0,0,22,Industrials,Airlines
HIMX,"Himax Technologies, Inc.",-5.89,-3.77,0,0,85,Technology,Semiconductors
DRXGY,Drax Group plc,5.05,6.99,100,100,34,Utilities,Utilities - Renewable
AFRAF,Air France-KLM SA,0.0,-8.89,9,13,34,Industrials,Airlines
RGRNF,Regis Resources Limited,0.16,-18.23,8,11,66,Basic Materials,Gold
WGXRF,Westgold Resources Limited,1.41,-9.7,13,14,41,Basic Materials,Gold
JPSWY,"The Japan Steel Works, Ltd.",-11.0,-3.96,11,14,13,Industrials,Specialty Industrial Machinery
INFQ,"Infleqtion, Inc.",-4.12,-13.89,0,0,22,Technology,EDP Services
ORKA,"Oruka Therapeutics, Inc.",-2.79,-15.68,0,0,97,Health Care,Biotechnology: In Vitro & In Vivo Diagnostic Substances
IIJIY,Internet Initiative Japan Inc.,0.0,5.68,60,36,82,Communication Services,Telecom Services
OGN,Organon & Co.,-0.29,0.88,24,23,91,Health Care,Biotechnology: Pharmaceutical Preparations
DLO,DLocal Limited,1.56,0.54,90,66,56,Consumer Discretionary,Business Services
PBMRY,PT Bumi Resources Tbk,0.0,-10.76,4,8,6,Energy,Thermal Coal
ARX,Accelerant Holdings,0.0,-0.45,19,20,92,Finance,Specialty Insurers
ANF,Abercrombie & Fitch Co.,1.41,-1.06,57,43,92,Consumer Discretionary,Clothing/Shoe/Accessory Stores
APLE,"Apple Hospitality REIT, Inc.",1.12,4.76,61,64,83,Real Estate,Real Estate Investment Trusts
FIZZ,National Beverage Corp.,4.19,-0.23,38,33,44,Consumer Staples,Beverages (Production/Distribution)
ARCVF,Arcadis NV,0.0,-10.58,4,8,72,Industrials,Engineering & Construction
BRCTF,BioArctic AB (publ),0.0,0.0,19,20,67,Healthcare,Biotechnology
SMG,The Scotts Miracle-Gro Company,2.09,-10.2,17,17,17,Industrials,Agricultural Chemicals
GBDC,"Golub Capital BDC, Inc.",1.75,-1.31,26,26,44,Finance,Finance: Consumer Services
ASO,"Academy Sports and Outdoors, Inc.",0.27,-2.39,57,48,54,Consumer Discretionary,Other Specialty Stores
MMTOY,Mitsubishi Motors Corporation,0.0,0.0,19,20,20,Consumer Cyclical,Auto Manufacturers
SKYW,"SkyWest, Inc.",0.09,0.99,12,22,43,Consumer Discretionary,Air Freight/Delivery Services
BEAM,Beam Therapeutics Inc.,-0.69,0.94,38,15,20,Health Care,Biotechnology: Biological Products (No Diagnostic Substances)
ICUI,"ICU Medical, Inc.",0.74,-0.05,17,24,71,Health Care,Medical/Dental Instruments
CLZNY,Clariant AG,0.0,6.78,100,100,93,Basic Materials,Specialty Chemicals
HTWSF,Helios Towers plc,1.22,9.21,99,95,80,Communication Services,Telecom Services
SXI,Standex International Corporation,-2.49,5.32,59,59,60,Industrials,Industrial Machinery/Components
CVI,"CVR Energy, Inc.",3.76,22.51,100,100,97,Energy,Integrated oil Companies
WSBCO,"WesBanco, Inc.",1.01,-0.79,26,24,51,Finance,Major Banks
GPK,Graphic Packaging Holding Company,0.7,-7.56,6,9,9,Consumer Discretionary,Containers/Packaging
CSQ,Calamos Strategic Total Return Fund,-0.39,-0.18,13,20,62,Finance,Finance Companies
BTU,Peabody Energy Corporation,0.6,-13.88,8,10,30,Energy,Coal Mining
SNYYF,Sany Heavy Equipment International Holdings Company Limited,-7.83,-23.08,0,0,40,Industrials,Farm & Heavy Construction Machinery
CAKE,The Cheesecake Factory Incorporated,-0.07,5.68,74,63,95,Consumer Discretionary,Restaurants
PEGRY,Pennon Group Plc,2.19,-18.47,8,10,11,Utilities,Utilities - Regulated Water
AAUC,Allied Gold Corporation,0.26,-12.68,4,7,17,Basic Materials,Gold
MMS,"Maximus, Inc.",5.61,3.96,78,62,21,Consumer Discretionary,Business Services
UPST,"Upstart Holdings, Inc.",0.71,-3.63,34,30,6,Finance,Finance: Consumer Services
FFBC,First Financial Bancorp.,1.07,-4.09,17,18,62,Finance,Major Banks
CLCMF,Sinch AB (publ),0.0,13.12,44,32,89,Communication Services,Telecom Services
THYCY,Taiheiyo Cement Corporation,0.0,2.0,19,20,52,Basic Materials,Building Materials
TDC,Teradata Corporation,3.88,10.71,99,62,61,Technology,Computer Software: Prepackaged Software
CNALF,Canal+ SA,-4.15,-22.52,0,0,12,,
PRMRY,Paramount Resources Ltd.,0.0,0.18,19,20,53,Energy,Oil & Gas E&P
TNGX,"Tango Therapeutics, Inc.",3.39,-3.42,22,24,93,Health Care,Biotechnology: Pharmaceutical Preparations
BATRK,"Atlanta Braves Holdings, Inc.",0.94,6.05,54,33,76,Consumer Discretionary,Services-Misc. Amusement & Recreation
ERO,Ero Copper Corp.,-2.18,2.86,53,45,90,Basic Materials,Metal Mining
TLX,Telix Pharmaceuticals Limited,-0.99,-7.48,16,16,71,Health Care,Biotechnology: Pharmaceutical Preparations
HSAI,Hesai Group,-2.44,-10.29,7,10,11,Industrials,Industrial Machinery/Components
VC,Visteon Corporation,-1.08,-14.33,0,1,16,Consumer Discretionary,Auto Parts:O.E.M.
CZGZF,Colt CZ Group SE,0.0,-8.59,5,9,97,Industrials,Aerospace & Defense
CRVL,CorVel Corporation,-0.18,12.79,100,100,78,Finance,Specialty Insurers
CGNMF,CGN Mining Company Limited,0.0,-11.29,52,48,5,Energy,Uranium
UNFI,"United Natural Foods, Inc.",1.1,-0.09,16,17,51,Consumer Discretionary,Food Distributors
TENB,"Tenable Holdings, Inc.",0.18,21.79,98,84,92,Technology,Computer Software: Prepackaged Software
PRK,Park National Corporation,1.32,-4.95,19,19,58,Finance,Major Banks
VTMX,"Corporación Inmobiliaria Vesta, S.A.B. de C.V.",0.92,1.13,83,57,62,Finance,Real Estate
KURRY,"Kuraray Co., Ltd.",0.0,-2.83,12,16,53,Basic Materials,Chemicals
YAMCF,Yamaha Corporation,0.0,0.95,31,23,86,Consumer Cyclical,Leisure
EQGPF,EQB Inc.,-0.92,-11.02,0,2,51,Financial Services,Banks - Regional
BXMT,"Blackstone Mortgage Trust, Inc.",0.09,-13.54,11,12,6,Real Estate,Real Estate Investment Trusts
GRAL,"GRAIL, Inc.",-0.22,70.98,72,73,97,Health Care,Medical Specialities
BKD,Brookdale Senior Living Inc.,1.11,-10.74,21,21,30,Health Care,Hospital/Nursing Management
BGSI,Boyd Group Services Inc.,1.64,-4.13,10,11,5,Consumer Cyclical,Auto & Truck Dealerships
WLHSF,Wilh. Wilhelmsen Holding ASA,0.0,0.0,19,20,99,Industrials,Marine Shipping
ULVAF,"ULVAC, Inc.",0.0,0.0,19,20,1,Industrials,Specialty Industrial Machinery
JSGRY,LIXIL Corporation,0.53,-7.84,33,27,29,Industrials,Building Products & Equipment
HYPMY,Hypera S.A.,-1.11,20.45,95,100,85,Healthcare,Drug Manufacturers - Specialty & Generic
EFXT,Enerflex Ltd.,1.35,7.52,48,50,90,Industrials,Industrial Machinery/Components
APAM,Artisan Partners Asset Management Inc.,-0.3,-15.24,1,6,27,Finance,Investment Managers
VGPBF,VGP NV,0.0,-13.47,4,8,7,Real Estate,Real Estate Services
AWR,American States Water Company,0.45,-6.45,9,13,59,Utilities,Water Supply
MITFY,Mitie Group plc,4.76,4.85,94,66,90,Industrials,Specialty Business Services
WRBY,Warby Parker Inc.,-1.42,2.67,39,39,40,Health Care,Ophthalmic Goods
BCCLF,"Becle, S.A.B. de C.V.",-0.65,-11.63,0,5,16,Consumer Defensive,Beverages - Wineries & Distilleries
TTAM,Titan America SA,-1.21,-10.43,0,1,14,Industrials,Mining & Quarrying of Nonmetallic Minerals (No Fuels)
LFST,"LifeStance Health Group, Inc.",-0.41,-7.23,10,11,94,Health Care,Medical/Nursing Services
JNPKF,Jenoptik AG,0.0,1.73,63,68,94,Technology,Electronic Components
KALU,Kaiser Aluminum Corporation,-1.64,-5.48,22,19,82,Industrials,Metal Fabrications
CSAN,Cosan S.A.,0.0,9.45,89,80,65,Consumer Discretionary,Retail-Auto Dealers and Gas Stations
BANC,"Banc of California, Inc.",1.05,-5.09,13,15,27,Finance,Major Banks
BKFKF,P/F Bakkafrost,0.0,-8.64,5,9,42,Consumer Defensive,Farm Products
TE,T1 Energy Inc.,-7.77,-24.89,0,0,7,Miscellaneous,Industrial Machinery/Components
ADEA,Adeia Inc.,-0.82,-8.34,0,3,59,Technology,Computer Software: Prepackaged Software
TNIPF,Theon International Plc,0.0,-19.08,2,4,15,Industrials,Aerospace & Defense
SGAMY,Sega Sammy Holdings Inc.,4.76,1.2,39,34,84,Communication Services,Electronic Gaming & Multimedia
LYSFF,Lerøy Seafood Group ASA,0.0,7.61,19,20,49,Consumer Defensive,Packaged Foods
EXG,Eaton Vance Tax-Managed Global Diversified Equity Income Fund,0.21,-2.54,12,15,53,Finance,Finance Companies
SMIZF,"Meliá Hotels International, S.A.",0.0,-2.65,10,15,49,Consumer Cyclical,Lodging
WT,"WisdomTree, Inc.",-2.95,-6.51,3,0,92,Finance,Investment Bankers/Brokers/Service
BKV,BKV Corporation,1.1,-4.09,69,56,32,Energy,Oil & Gas Production
RMTHF,Matrix IT Ltd.,7.55,-2.89,44,39,72,Technology,Information Technology Services
HTGC,"Hercules Capital, Inc.",1.16,-4.83,15,16,60,Finance,Investment Managers
QNTQF,QinetiQ Group plc,0.0,2.54,65,41,55,Industrials,Aerospace & Defense
NHC,National HealthCare Corporation,1.8,0.41,44,32,91,Health Care,Hospital/Nursing Management
TROLB,"Tootsie Roll Industries, Inc.",0.0,0.23,25,23,49,Consumer Defensive,Confectioners
BOSSY,Hugo Boss AG,0.0,-3.26,34,31,55,Consumer Cyclical,Apparel Manufacturing
WOLF,"Wolfspeed, Inc.",-1.12,23.24,61,60,74,Technology,Semiconductors
EOSE,"Eos Energy Enterprises, Inc.",-10.81,-30.7,0,0,1,Miscellaneous,Industrial Machinery/Components
TCAPF,TP ICAP Group PLC,0.0,-5.55,7,11,65,Financial Services,Capital Markets
JPC,Nuveen Preferred & Income Opportunities Fund,0.15,-6.29,6,11,23,Finance,Investment Managers
PENG,"Penguin Solutions, Inc.",-1.43,47.2,97,100,98,Technology,Semiconductors
UE,Urban Edge Properties,-0.1,-5.85,4,10,34,Finance,Real Estate
VBVBF,Verbio SE,0.0,0.0,19,20,92,Basic Materials,Specialty Chemicals
PARR,"Par Pacific Holdings, Inc.",1.78,4.86,97,79,96,Energy,Oil & Gas Production
NN,NextNav Inc.,-8.73,-21.78,0,0,11,Industrials,Industrial Machinery/Components
RH,RH,-1.32,-15.18,0,0,7,Consumer Discretionary,Other Specialty Stores
AZLGY,Azelis Group NV,0.0,0.0,19,20,32,Basic Materials,Specialty Chemicals
GPCR,Structure Therapeutics Inc.,-3.79,-35.09,0,0,2,Health Care,Biotechnology: Pharmaceutical Preparations
FRSH,Freshworks Inc.,0.29,14.91,98,100,88,Technology,Computer Software: Prepackaged Software
STNE,StoneCo Ltd.,0.78,12.62,100,100,40,Technology,EDP Services
AMBBY,Ambu A/S,0.0,0.0,82,59,38,Healthcare,Medical Devices
NYAX,Nayax Ltd.,-2.53,-4.17,36,38,13,Technology,Computer Software: Prepackaged Software
BWIN,"The Baldwin Insurance Group, Inc.",0.13,8.37,55,23,83,Finance,Specialty Insurers
CCC,CCC Intelligent Solutions Holdings Inc.,0.31,-4.09,14,14,44,Technology,Computer Software: Prepackaged Software
SHAK,Shake Shack Inc.,4.89,9.09,100,100,25,Consumer Discretionary,Restaurants
ELALF,El Al Israel Airlines Ltd.,9.01,19.81,62,60,92,Industrials,Airlines
PASTF,OPmobility SE,0.0,0.0,19,20,74,Consumer Cyclical,Auto Parts
FPLSF,5N Plus Inc.,0.0,14.75,76,76,77,Basic Materials,Specialty Chemicals
DK,"Delek US Holdings, Inc.",1.51,2.28,59,52,97,Energy,Integrated oil Companies
CURLF,"Curaleaf Holdings, Inc.",-4.16,-3.97,0,0,67,Healthcare,Drug Manufacturers - Specialty & Generic
FBK,FB Financial Corporation,1.24,-3.69,21,20,33,Finance,Major Banks
EOGSF,Emerald Resources NL,0.0,-3.75,6,10,80,Basic Materials,Gold
QUBT,Quantum Computing Inc.,-2.23,-4.73,0,0,11,Technology,Computer Software: Prepackaged Software
RLAY,"Relay Therapeutics, Inc.",-3.01,-7.83,0,0,95,Health Care,Biotechnology: Biological Products (No Diagnostic Substances)
WLWHY,Woolworths Holdings Limited,0.0,-1.71,45,39,11,Consumer Cyclical,Department Stores
CECO,CECO Environmental Corp.,-7.88,-13.05,0,0,45,Industrials,Pollution Control Equipment
MGRC,McGrath RentCorp,-1.34,2.61,14,1,47,Consumer Discretionary,Diversified Commercial Services
APELY,"Alps Alpine Co., Ltd.",0.0,6.4,68,36,70,Technology,Electronic Components
SMGBF,San Miguel Corporation,-5.53,-7.7,0,0,20,Industrials,Conglomerates
SMTGY,SMA Solar Technology AG,0.0,-2.17,11,15,92,Technology,Solar
LCII,LCI Industries,0.09,-14.14,3,7,11,Consumer Discretionary,Auto Parts:O.E.M.
WRD,WeRide Inc.,-9.07,-20.81,0,0,4,Technology,EDP Services
PLBL,Polibeli Group Ltd,0.0,-0.35,33,31,5,Consumer Discretionary,Consumer Electronics/Appliances
WAFD,"WaFd, Inc.",0.92,-12.79,8,10,25,Finance,Major Banks
CESDF,CES Energy Solutions Corp.,3.32,-6.02,23,22,90,Energy,Oil & Gas Equipment & Services
SAH,"Sonic Automotive, Inc.",1.64,-19.18,7,9,15,Consumer Discretionary,Retail-Auto Dealers and Gas Stations
UTF,"Cohen & Steers Infrastructure Fund, Inc",1.1,-1.12,68,48,51,Finance,Finance Companies
PAGS,PagSeguro Digital Ltd.,1.62,8.59,87,92,76,Technology,EDP Services
AEMFF,AEM Holdings Ltd.,0.0,5.84,100,95,98,Technology,Semiconductor Equipment & Materials
TRN,"Trinity Industries, Inc.",0.12,-10.44,4,7,15,Industrials,Railroads
AAMI,Acadian Asset Management Inc.,0.81,1.47,57,50,94,Finance,Investment Managers
IFMNF,Dentsu Soken Inc.,0.0,0.0,19,20,97,Technology,Information Technology Services
GDV,The Gabelli Dividend & Income Trust,0.07,-3.21,8,14,51,Finance,Investment Managers
TARS,"Tarsus Pharmaceuticals, Inc.",-1.89,-10.97,0,0,64,Health Care,Biotechnology: Biological Products (No Diagnostic Substances)
VERA,"Vera Therapeutics, Inc.",-1.72,-11.52,7,10,10,Health Care,Biotechnology: Pharmaceutical Preparations
PPAAF,PT Perusahaan Gas Negara (Persero) Tbk,0.0,0.0,19,20,1,Utilities,Utilities - Regulated Gas
HUBG,"Hub Group, Inc.",0.46,-25.62,2,4,5,Industrials,Integrated Freight & Logistics
FRMEP,First Merchants Corporation,0.0,0.64,21,21,50,Finance,Major Banks
FRPT,"Freshpet, Inc.",3.05,0.02,100,78,72,Consumer Staples,Packaged Foods
THUPY,Thule Group AB (publ),0.0,-8.43,4,8,20,Consumer Cyclical,Leisure
CEPU,Central Puerto S.A.,0.96,-12.57,31,29,39,Utilities,Electric Utilities: Central
SMSOF,Samsonite Group S.A.,0.0,3.77,100,66,17,Consumer Cyclical,Footwear & Accessories
PENN,"PENN Entertainment, Inc.",0.25,-7.89,29,26,29,Consumer Discretionary,Hotels/Resorts
CSPKY,COSCO SHIPPING Ports Limited,0.0,27.2,93,89,83,Industrials,Marine Shipping
SPNT,SiriusPoint Ltd.,1.67,2.75,37,41,72,Finance,Property-Casualty Insurers
KMT,Kennametal Inc.,-1.74,8.86,60,64,61,Industrials,Industrial Machinery/Components
WFRSF,West African Resources Limited,0.0,-13.45,2,5,81,Basic Materials,Gold
WERN,"Werner Enterprises, Inc.",2.04,-14.15,13,14,38,Industrials,Trucking Freight/Courier Services
ICHR,"Ichor Holdings, Ltd.",-3.35,5.49,59,53,94,Technology,Semiconductors
NMRK,"Newmark Group, Inc.",2.67,-11.64,15,16,13,Finance,Real Estate
AERO,AERO,-3.37,3.82,46,52,23,Consumer Discretionary,Air Freight/Delivery Services
VVVNF,Vivendi SE,8.23,1.18,39,35,6,Communication Services,Electronic Gaming & Multimedia
NIQ,NIQ Global Intelligence plc,5.41,1.47,52,42,91,Technology,Computer Software: Programming Data Processing
NESR,National Energy Services Reunited Corp.,-1.65,-31.28,0,0,84,Energy,Oilfield Services/Equipment
TSRYY,Treasury Wine Estates Limited,0.52,3.23,89,70,75,Consumer Defensive,Beverages - Wineries & Distilleries
BBT,Beacon Financial Corporation,0.62,-12.32,6,8,45,Finance,Banks
NZF,Nuveen Municipal Credit Income Fund,1.5,-5.25,18,20,26,Finance,Finance Companies
TNK,Teekay Tankers Ltd.,4.41,8.52,100,98,95,Consumer Discretionary,Marine Transportation
REMYY,Rémy Cointreau SA,1.2,-2.15,49,39,51,Consumer Defensive,Beverages - Wineries & Distilleries
AMSC,American Superconductor Corporation,-2.49,7.99,82,85,16,Consumer Discretionary,Metal Fabrications
HMSNF,Hammerson Plc,0.0,-17.94,3,5,37,Real Estate,REIT - Retail
OXINF,Oxford Instruments plc,0.0,17.86,96,100,89,Technology,Scientific & Technical Instruments
ANGGF,Angang Steel Company Limited,0.0,0.0,19,20,9,Basic Materials,Steel
AMBP,Ardagh Metal Packaging S.A.,1.36,-7.28,20,16,65,Industrials,Containers/Packaging
BOWFF,Boardwalk Real Estate Investment Trust,0.45,-4.04,11,14,29,Real Estate,REIT - Residential
MTX,Minerals Technologies Inc.,-0.63,-6.8,0,5,37,Basic Materials,Major Chemicals
ENDTF,Canoe EIT Income Fund,-1.91,-8.09,0,0,52,Financial Services,Asset Management
ETY,Eaton Vance Tax-Managed Diversified Equity Income Fund,-0.07,1.13,30,24,46,Finance,Finance Companies
CLBEY,"Calbee, Inc.",-0.21,-1.66,11,13,51,Consumer Defensive,Packaged Foods
BIRDF,Bird Construction Inc.,-2.73,7.14,43,30,96,Industrials,Engineering & Construction
ASAIY,Sendas Distribuidora S.A.,7.2,36.85,100,100,94,Consumer Defensive,Grocery Stores
SOTDF,Ströer SE & Co. KGaA,0.0,-2.69,10,15,41,Communication Services,Advertising Agencies
LCLN,"Lincoln International, Inc.",1.67,-6.88,27,20,64,Finance,Investment Managers
TMDX,"TransMedics Group, Inc.",-2.55,-7.1,0,0,18,Health Care,Biotechnology: Electromedical & Electrotherapeutic Apparatus
AOZOY,"Aozora Bank, Ltd.",12.2,3.28,67,57,91,Financial Services,Banks - Regional
KYN,"Kayne Anderson Energy Infrastructure Fund, Inc.",1.5,-3.79,36,26,69,Finance,Finance/Investors Services
BMRRY,B&M European Value Retail plc,1.64,12.05,89,90,89,Consumer Defensive,Discount Stores
NOG,"Northern Oil and Gas, Inc.",3.97,-2.56,57,47,82,Energy,Oil & Gas Production
AVVSY,Avio S.p.A.,3.06,3.59,36,41,19,Industrials,Aerospace & Defense
DCO,Ducommun Incorporated,1.58,0.69,29,26,88,Industrials,Military/Government/Technical
ABM,ABM Industries Incorporated,2.34,2.29,53,41,75,Consumer Discretionary,Diversified Commercial Services
BYLOF,Big Yellow Group Plc,0.74,-0.73,21,21,22,Real Estate,REIT - Industrial
GNCGF,Greencore Group plc,0.0,0.0,19,20,66,Consumer Defensive,Packaged Foods
TCHBF,Tecan Group AG,0.0,13.44,88,86,92,Healthcare,Medical Instruments & Supplies
SOC,Sable Offshore Corp.,5.18,-21.54,28,26,3,Energy,Oil & Gas Production
NTB,The Bank of N.T. Butterfield & Son Limited,0.75,-3.66,17,18,68,Finance,Commercial Banks
GGGSF,Greggs plc,0.0,19.94,71,69,85,Consumer Cyclical,Restaurants
CPWHF,Ceres Power Holdings plc,-0.98,-5.61,5,2,81,Industrials,Electrical Equipment & Parts
DROSY,DroneShield Limited,6.84,-21.88,24,22,2,,
CXT,"Crane NXT, Co.",0.04,-4.35,34,25,36,Industrials,Metal Fabrications
IMYSF,Imerys S.A.,0.0,-8.77,5,9,41,Basic Materials,Specialty Chemicals
GNNDY,GN Store Nord A/S,-0.27,5.07,45,32,49,Healthcare,Medical Devices
AEGXF,Aecon Group Inc.,-3.49,10.34,50,45,91,Industrials,Engineering & Construction
EFSC,Enterprise Financial Services Corp,1.0,-6.67,13,15,47,Finance,Major Banks
EXETF,Extendicare Inc.,0.21,-12.45,16,16,65,Healthcare,Medical Care Facilities
HTH,Hilltop Holdings Inc.,0.22,-5.71,7,11,52,Finance,Major Banks
BVNKF,Bavarian Nordic A/S,7.13,10.72,100,100,78,Healthcare,Biotechnology
NKTR,Nektar Therapeutics,1.34,-42.25,4,5,6,Health Care,Biotechnology: Pharmaceutical Preparations
CENTA,Central Garden & Pet Company,0.81,2.07,50,35,62,Consumer Discretionary,Consumer Specialties
CTOS,"Custom Truck One Source, Inc.",-0.74,3.65,42,28,82,Consumer Discretionary,Diversified Commercial Services
ATEN,"A10 Networks, Inc.",-1.93,14.64,87,82,75,Telecommunications,Computer Communications Equipment
SIVEF,Sivers Semiconductors AB (publ),-14.08,2.05,23,12,95,Technology,Semiconductors
MBINM,Merchants Bancorp,0.1,-0.47,11,16,55,Finance,Major Banks
VERX,"Vertex, Inc.",3.57,4.07,73,60,22,Technology,Computer Software: Prepackaged Software
PSNYW,Polestar Automotive Holding UK PLC,2.2,0.97,17,15,84,Industrials,Auto Manufacturing
WLY,"John Wiley & Sons, Inc.",1.23,5.35,69,49,83,Consumer Discretionary,Books
FUN,Six Flags Entertainment Corporation,-1.89,-16.53,21,19,4,Consumer Discretionary,Services-Misc. Amusement & Recreation
BLBD,Blue Bird Corporation,0.63,-9.44,7,10,29,Consumer Discretionary,Construction/Ag Equipment/Trucks
BMRPF,B&M European Value Retail plc,0.0,8.54,84,90,88,Consumer Defensive,Discount Stores
ACPIF,Acen Corporation,0.0,0.0,19,20,1,Utilities,Utilities - Renewable
NGL,NGL Energy Partners LP,0.26,-13.58,11,11,93,Utilities,Natural Gas Distribution
IE,Ivanhoe Electric Inc.,-1.13,-6.67,29,12,18,Basic Materials,Metal Mining
CYD,China Yuchai International Limited,3.16,-19.03,12,13,7,Industrials,Industrial Machinery/Components
RCAT,"Red Cat Holdings, Inc.",-3.9,-26.86,0,0,3,Technology,Computer Software: Prepackaged Software
FLOC,FLOC,0.31,-5.62,32,25,49,Consumer Discretionary,Oil and Gas Field Machinery
BDGIF,Badger Infrastructure Solutions Ltd.,-7.73,5.58,36,39,80,Industrials,Engineering & Construction
TNET,"TriNet Group, Inc.",3.17,0.89,48,41,85,Consumer Discretionary,Business Services
NEXT,NextDecade Corporation,1.35,-11.99,26,24,40,Utilities,Oil & Gas Production
SHLS,"Shoals Technologies Group, Inc.",0.36,18.42,99,100,39,Technology,Semiconductors
SAMHF,Alleima AB (publ),0.0,-2.41,12,15,96,Basic Materials,Steel
BAND,Bandwidth Inc.,-9.61,0.64,14,2,98,Technology,Computer Software: Prepackaged Software
DTNOF,DNO ASA,0.0,-3.86,9,13,75,Energy,Oil & Gas E&P
CGGGF,Coats Group plc,0.0,2.4,81,54,50,Consumer Cyclical,Textile Manufacturing
UTI,"Universal Technical Institute, Inc.",2.11,-1.41,52,44,3,Real Estate,Other Consumer Services
HCM,HUTCHMED (China) Limited,-4.27,4.19,36,18,53,Health Care,Biotechnology: Pharmaceutical Preparations
PCFBY,Pacific Basin Shipping Limited,-3.09,-8.81,0,0,93,Industrials,Marine Shipping
EERGF,Energean plc,0.0,-14.47,3,6,31,Energy,Oil & Gas E&P
EVT,Eaton Vance Tax-Advantaged Dividend Income Fund,-0.04,-2.58,22,22,68,Finance,Finance Companies
KSRYY,KOSE Holdings Corporation,0.0,-3.4,5,9,41,Consumer Defensive,Household & Personal Products
USAS,Americas Gold and Silver Corporation,1.68,-16.7,8,10,27,Basic Materials,Metal Mining
CGEAF,Cogeco Communications Inc.,0.82,-10.41,13,15,15,Communication Services,Telecom Services
PGNY,"Progyny, Inc.",1.02,2.77,82,63,77,Health Care,Misc Health and Biotechnology Services
ATEAY,Atea ASA,2.71,-11.3,16,17,64,Technology,Information Technology Services
EVCM,EverCommerce Inc.,-2.58,38.74,73,73,17,Technology,Computer Software: Prepackaged Software
TYRA,"Tyra Biosciences, Inc.",-2.06,-15.17,0,1,12,Health Care,Biotechnology: Pharmaceutical Preparations
NFYEF,NFI Group Inc.,2.11,5.72,72,50,87,Consumer Cyclical,Auto Manufacturers
NTST,NETSTREIT Corp.,1.28,-11.66,10,12,28,Real Estate,Real Estate Investment Trusts
NVCR,NovoCure Limited,-3.0,-7.36,0,0,47,Health Care,Medical/Dental Instruments
CKNHF,Clarkson PLC,0.0,1.28,22,25,81,Industrials,Marine Shipping
HCI,"HCI Group, Inc.",3.01,3.09,94,69,64,Finance,Property-Casualty Insurers
FIGS,"FIGS, Inc.",6.54,15.68,100,100,93,Consumer Discretionary,Apparel
PBATF,PT Bukit Asam (Persero) Tbk,0.0,0.0,19,20,1,Energy,Thermal Coal
DEI,"Douglas Emmett, Inc.",0.41,-5.34,32,25,24,Real Estate,Real Estate Investment Trusts
TAVHY,TAV Havalimanlari Holding A.S.,-0.88,-1.93,40,30,25,Industrials,Airports & Air Services
SHWGY,Shandong Weigao Group Medical Polymer Company Limited,0.0,-3.33,4,10,8,Healthcare,Medical Instruments & Supplies
OFG,OFG Bancorp,0.91,-2.44,19,19,74,Finance,Major Banks
CYRBY,Cyrela Brazil Realty S.A. Empreendimentos e Participações,5.2,37.33,96,100,88,Consumer Cyclical,Residential Construction
ADDLF,AddLife AB (publ),0.0,0.0,19,20,5,Healthcare,Medical Instruments & Supplies
RBTEF,Robertet SA,0.0,-4.81,8,12,27,Basic Materials,Chemicals
RBSTF,"Robosense Technology Co., Ltd",-4.88,-12.16,0,0,2,,
AMRC,"Ameresco, Inc.",-4.2,-7.81,13,9,10,Consumer Discretionary,Engineering & Construction
NUV,"Nuveen Municipal Value Fund, Inc.",0.86,-4.7,16,18,32,Finance,Trusts Except Educational Religious and Charitable
PRKS,United Parks & Resorts Inc.,-2.08,-15.35,9,9,10,Health Care,Biotechnology: Electromedical & Electrotherapeutic Apparatus
WTSHF,Westshore Terminals Investment Corporation,0.0,5.67,100,76,90,Industrials,Marine Shipping
HMDCF,HUTCHMED (China) Limited,0.0,0.0,19,20,14,Healthcare,Drug Manufacturers - Specialty & Generic
NAC,Nuveen California Quality Municipal Income Fund,0.7,-7.41,9,12,23,Finance,Investment Managers
SONO,"Sonos, Inc.",-0.18,15.86,55,46,69,Consumer Staples,Consumer Electronics/Appliances
LKFT,Lakefront Biotherapeutics NV,-1.63,10.07,61,49,35,Health Care,Biotechnology: Pharmaceutical Preparations
ZSHGY,Zhongsheng Group Holdings Limited,-11.37,-38.97,0,0,1,Consumer Cyclical,Auto & Truck Dealerships
OXFYY,Oxford Nanopore Technologies plc,0.0,9.97,84,77,91,Healthcare,Biotechnology
ASTH,"Astrana Health, Inc.",-3.42,-5.68,34,26,57,Consumer Discretionary,Professional Services
BVENY,Brava Energia S.A.,18.9,8.79,100,100,36,Energy,Oil & Gas E&P
SMA,"SmartStop Self Storage REIT, Inc.",-0.3,2.48,77,48,51,Real Estate,Real Estate Investment Trusts
SURRY,Sun Art Retail Group Limited,0.0,-12.92,4,7,15,Consumer Cyclical,Department Stores
SGHIF,Shanghai Industrial Holdings Limited,0.0,1.7,35,27,44,Industrials,Conglomerates
SAM,"The Boston Beer Company, Inc.",1.79,0.97,62,38,18,Consumer Staples,Beverages (Production/Distribution)
ITMPF,ITM Power Plc,3.85,-16.21,16,16,59,Industrials,Specialty Industrial Machinery
KNEVF,Kinnevik AB,0.0,-5.05,15,18,41,Financial Services,Asset Management
NRIX,"Nurix Therapeutics, Inc.",-2.29,-13.95,0,0,89,Health Care,Biotechnology: Pharmaceutical Preparations
ARCO,Arcos Dorados Holdings Inc.,2.78,1.69,100,86,56,Consumer Discretionary,Restaurants
LAC,Lithium Americas Corp.,-2.07,-21.85,0,0,2,Basic Materials,Metal Mining
TRVG,trivago N.V.,-2.51,-24.42,0,0,80,Technology,EDP Services
TINLF,Teijin Limited,0.0,-166.56,99,99,1,Industrials,Conglomerates
SPB,"Spectrum Brands Holdings, Inc.",0.82,-9.39,13,15,70,Miscellaneous,Industrial Machinery/Components
ONTTF,Oxford Nanopore Technologies plc,0.0,37.07,75,76,95,Healthcare,Biotechnology
PLPC,Preformed Line Products Company,-1.83,-1.62,0,0,92,Industrials,Water Sewer Pipeline Comm & Power Line Construction
NVAX,"Novavax, Inc.",-1.87,18.39,50,46,84,Health Care,Biotechnology: Biological Products (No Diagnostic Substances)
NMRSF,"Namura Shipbuilding Co., Ltd.",0.0,23635.93,94,94,99,Industrials,Aerospace & Defense
RQI,"Cohen & Steers Quality Income Realty Fund, Inc.",1.46,-5.2,19,20,36,Finance,Trusts Except Educational Religious and Charitable
SKWD,"Skyward Specialty Insurance Group, Inc.",3.2,5.35,97,72,74,Finance,Property-Casualty Insurers
HUPHY,Hutchison Port Holdings Trust,-4.71,2.53,11,0,41,Industrials,Marine Shipping
NKRKY,Nokian Renkaat Oyj,0.0,-12.59,3,7,90,Consumer Cyclical,Auto Parts
MBC,"MasterBrand, Inc.",0.0,-6.73,30,10,7,Consumer Discretionary,Home Furnishings
BOBS,"Bob's Discount Furniture, Inc.",-2.33,-6.12,21,17,36,Consumer Discretionary,Other Specialty Stores
NPPNY,"Nippon Shinyaku Co., Ltd.",0.0,-6.96,28,10,15,Healthcare,Drug Manufacturers - Specialty & Generic
ASCLF,Ascletis Pharma Inc.,0.0,-16.15,29,26,9,Healthcare,Biotechnology
GTBIF,Green Thumb Industries Inc.,-1.58,-12.42,1,5,22,Healthcare,Drug Manufacturers - Specialty & Generic
ELVR,Elevra Lithium Limited,-0.66,-35.48,0,1,8,Industrials,Mining & Quarrying of Nonmetallic Minerals (No Fuels)
LOB,"Live Oak Bancshares, Inc.",0.9,-11.72,8,10,28,Finance,Major Banks
KRP,"Kimbell Royalty Partners, LP",1.61,0.4,85,55,77,Energy,Oil & Gas Production
AGRO,Adecoagro S.A.,-0.19,-15.17,20,19,65,Consumer Staples,Farming/Seeds/Milling
SGRY,"Surgery Partners, Inc.",-0.51,-3.4,13,18,19,Health Care,Hospital/Nursing Management
GLOB,Globant S.A.,4.4,0.95,41,33,25,Technology,EDP Services
PAYO,Payoneer Global Inc.,0.0,0.56,23,22,80,Consumer Discretionary,Business Services
STGW,Stagwell Inc.,1.27,2.22,71,50,91,Consumer Discretionary,Advertising
STRA,"Strategic Education, Inc.",2.12,1.68,68,50,49,Real Estate,Other Consumer Services
VLXGF,Volex plc,0.0,6.86,100,100,94,Industrials,Electrical Equipment & Parts
PEB,Pebblebrook Hotel Trust,1.44,5.03,82,69,90,Real Estate,Real Estate Investment Trusts
CNXC,Concentrix Corporation,3.48,0.26,41,40,34,Technology,Computer Software: Prepackaged Software
MTASF,Montana Aerospace AG,-2.44,-8.78,0,0,24,Industrials,Aerospace & Defense
MQ,"Marqeta, Inc.",2.23,7.95,100,97,49,Technology,Computer Software: Prepackaged Software
LPG,Dorian LPG Ltd.,3.59,7.02,78,59,96,Consumer Discretionary,Marine Transportation
TILE,"Interface, Inc.",-0.14,2.9,41,17,77,Consumer Discretionary,Home Furnishings
NVRI,Enviri Corporation,0.66,-10.9,17,14,65,Miscellaneous,Diversified Commercial Services
ADUS,Addus HomeCare Corporation,0.87,-3.59,24,22,62,Health Care,Medical/Nursing Services
HTZ,"Hertz Global Holdings, Inc.",-5.31,-4.39,71,61,3,Consumer Discretionary,Rental/Leasing Companies
UFPT,"UFP Technologies, Inc.",-2.15,3.3,24,13,85,Health Care,Medical/Dental Instruments
VCEL,Vericel Corporation,-1.69,5.76,46,26,50,Health Care,Biotechnology: Biological Products (No Diagnostic Substances)
TFIN,"Triumph Financial, Inc.",1.41,-6.19,29,24,39,Finance,Major Banks
TSHA,"Taysha Gene Therapies, Inc.",0.0,-14.15,8,10,16,Health Care,Biotechnology: Biological Products (No Diagnostic Substances)
OPRA,Opera Limited,-1.46,-6.6,0,0,50,Technology,Computer Software: Prepackaged Software
STEW,"SRH Total Return Fund, Inc.",0.0,-3.86,5,11,43,Finance,Investment Managers
PAEXY,Parex Resources Inc.,0.0,3.27,20,13,65,Energy,Oil & Gas E&P
NUVB,Nuvation Bio Inc.,1.85,-21.18,8,10,33,Health Care,Biotechnology: Pharmaceutical Preparations
VPG,"Vishay Precision Group, Inc.",-4.1,17.06,59,56,89,Technology,Electrical Products
PMREF,Primaris Real Estate Investment Trust,0.0,4.22,80,72,80,Real Estate,REIT - Retail
KOS,Kosmos Energy Ltd.,3.86,-8.5,27,25,94,Energy,Oil & Gas Production
LNXSY,LANXESS Aktiengesellschaft,-11.3,-23.61,0,0,7,Basic Materials,Specialty Chemicals
VTKLY,Vtech Holdings Limited,3.16,2.83,33,29,31,Technology,Communication Equipment
MWTCY,"Manila Water Company, Inc.",-4.37,-4.62,0,0,19,Utilities,Utilities - Regulated Water
HGRAF,HydroGraph Clean Power Inc.,-5.74,-35.21,2,3,21,Basic Materials,Specialty Chemicals
GHRS,GH Research PLC,-2.9,-25.04,0,0,68,Health Care,Biotechnology: Pharmaceutical Preparations
LILAK,Liberty Latin America Ltd.,-1.47,0.46,52,38,92,Telecommunications,Cable & Other Pay Television Services
BDJ,BlackRock Enhanced Equity Dividend Trust,0.64,-1.14,23,22,57,Finance,Finance Companies
GPEAF,Great Portland Estates Plc,0.0,0.0,19,20,50,Real Estate,REIT - Office
TCBK,TriCo Bancshares,1.33,-2.63,22,21,59,Finance,Major Banks
ANAB,"AnaptysBio, Inc.",1.23,-16.23,7,9,83,Health Care,Biotechnology: Pharmaceutical Preparations
CLVT,Clarivate Plc,10.88,-16.41,36,34,4,Technology,EDP Services
SESPF,SeSa S.p.A.,0.0,1.3,30,25,43,Technology,Information Technology Services
HOPE,"Hope Bancorp, Inc.",0.9,-3.51,15,16,71,Finance,Major Banks
BELGF,Bellevue Gold Limited,1.46,-8.9,13,16,60,Basic Materials,Gold
OERLY,OC Oerlikon Corporation AG,0.0,7.23,100,78,96,Industrials,Specialty Industrial Machinery
FLNG,FLEX LNG Ltd.,2.14,-0.19,33,27,79,Consumer Discretionary,Marine Transportation
CET,Central Securities Corporation,-0.47,-0.07,0,12,62,Finance,Finance/Investors Services
GENI,Genius Sports Limited,4.57,-1.34,75,62,46,Consumer Discretionary,Services-Misc. Amusement & Recreation
SLVM,Sylvamo Corporation,2.77,-5.51,19,20,14,Basic Materials,Paper
PTTMF,PT TIMAH Tbk,0.0,44.23,95,95,2,Basic Materials,Other Industrial Metals & Mining
WGS,GeneDx Holdings Corp.,-1.17,-19.33,0,0,19,Technology,Retail: Computer Software & Peripheral Equipment
AGLFF,Angelalign Technology Inc.,0.0,-12.26,4,7,98,Healthcare,Medical Instruments & Supplies
FISK,"Empire State Realty OP, L.P.",0.0,-2.46,55,47,9,Real Estate,REIT - Office
AGL,"agilon health, inc.",-1.14,-8.51,46,39,98,Health Care,Misc Health and Biotechnology Services
ABXXF,Abaxx Technologies Inc.,-4.22,6.21,60,64,2,Technology,Software - Application
FRVWY,Friedrich Vorwerk Group SE,0.0,0.0,19,20,42,Industrials,Engineering & Construction
PRGO,Perrigo Company plc,-0.34,6.7,45,42,81,Health Care,Biotechnology: Pharmaceutical Preparations
AI,"C3.ai, Inc.",0.98,8.31,95,66,58,Technology,Computer Software: Prepackaged Software
CBLUF,China BlueChemical Ltd.,0.0,0.0,19,20,20,Basic Materials,Agricultural Inputs
TPRKY,Travis Perkins plc,-5.74,-6.19,0,0,35,Industrials,Industrial Distribution
SLCJY,SLC Agrícola S.A.,-3.6,-5.43,72,57,81,Consumer Defensive,Farm Products
MTRBF,Metro Bank Holdings PLC,0.0,0.42,21,22,81,Financial Services,Banks - Regional
CNOBP,"ConnectOne Bancorp, Inc.",0.48,0.12,31,25,58,Finance,Major Banks
AMTD,AMTD IDEA Group,-11.36,-22.82,0,0,3,Finance,Finance: Consumer Services
LIND,"Lindblad Expeditions Holdings, Inc.",1.51,40.53,97,100,97,Consumer Discretionary,Transportation Services
XIORF,Xior Student Housing NV,0.0,-12.76,5,8,15,Real Estate,REIT - Residential
AUSDF,Perenti Limited,0.0,0.0,19,20,45,Basic Materials,Other Industrial Metals & Mining
ARDX,"Ardelyx, Inc.",0.31,-9.67,6,10,3,Health Care,Biotechnology: Pharmaceutical Preparations
STAA,STAAR Surgical Company,0.09,-4.44,73,61,22,Health Care,Ophthalmic Goods
RLJ,RLJ Lodging Trust,0.63,3.78,83,54,88,Real Estate,Real Estate Investment Trusts
WKC,World Kinect Corporation,1.53,6.03,100,88,88,Energy,Oil Refining/Marketing
SISXF,Savaria Corporation,-5.1,-0.42,23,17,67,Industrials,Specialty Industrial Machinery
OBK,"Origin Bancorp, Inc.",0.29,-3.3,10,14,82,Finance,Major Banks
IMCR,Immunocore Holdings plc,-1.09,-13.37,0,1,25,Health Care,Biotechnology: Biological Products (No Diagnostic Substances)
TNC,Tennant Company,0.11,-4.43,7,12,16,Industrials,Industrial Machinery/Components
NKOKF,"Noritsu Koki Co., Ltd.",0.0,0.0,19,20,1,Technology,Consumer Electronics
HLMN,Hillman Solutions Corp.,1.01,0.43,16,18,16,Consumer Discretionary,Industrial Machinery/Components
ARI,"Apollo Commercial Real Estate Finance, Inc.",0.16,-6.59,7,12,37,Real Estate,Real Estate Investment Trusts
KMPR,Kemper Corporation,4.65,1.67,67,51,15,Finance,Property-Casualty Insurers
AFXXF,Afry AB,0.0,0.0,19,20,57,Industrials,Engineering & Construction
XTEPY,Xtep International Holdings Limited,-1.69,1.77,4,0,16,Consumer Cyclical,Apparel Retail
ECVT,Ecovyst Inc.,-0.97,1.39,22,17,34,Industrials,Major Chemicals
NOMD,NOMD,0.45,-0.36,69,50,47,Consumer Staples,Packaged Foods
IDRSF,Idorsia Ltd,0.0,-12.52,12,10,33,Healthcare,Biotechnology
AAT,"American Assets Trust, Inc.",0.7,1.08,24,25,58,Real Estate,Real Estate Investment Trusts
DAO,"Youdao, Inc.",-0.31,10.05,80,85,91,Real Estate,Other Consumer Services
IPX,IperionX Limited,-3.47,-21.32,0,0,2,Basic Materials,Other Metals and Minerals
RBCAA,"Republic Bancorp, Inc.",0.5,-4.53,12,15,80,Finance,Major Banks
NFJ,"Virtus Dividend, Interest & Premium Strategy Fund",-0.62,-5.46,0,6,62,Finance,Finance: Consumer Services
BLKB,"Blackbaud, Inc.",0.72,1.4,63,49,72,Technology,Computer Software: Prepackaged Software
HYT,"BlackRock Corporate High Yield Fund, Inc.",0.51,-3.11,16,18,35,Finance,Finance Companies
CNL,Collective Mining Ltd.,-0.34,-20.61,0,4,16,Basic Materials,Gold
ATRC,"AtriCure, Inc.",-0.88,-0.23,0,3,94,Health Care,Medical/Dental Instruments
ITAYY,PT Indo Tambangraya Megah Tbk,9.37,9.0,100,100,68,Energy,Thermal Coal
NCKAF,Nickel Asia Corporation,0.0,-3.17,3,7,94,Basic Materials,Other Industrial Metals & Mining
TTI,"TETRA Technologies, Inc.",0.0,-10.26,23,20,10,Energy,Oil & Gas Production
AHCO,AdaptHealth Corp.,3.15,3.68,84,63,3,Health Care,Medical/Nursing Services
PYTCY,Playtech plc,-4.95,-11.11,0,0,78,Consumer Cyclical,Gambling
RYGYF,Reysas Gayrimenkul Yatirim Ortakligi A.S.,0.0,-6.27,7,12,90,Real Estate,REIT - Industrial
PICS,PicS N.V.,-0.91,13.99,90,93,20,Finance,Finance: Consumer Services
GRPFF,"Grupo Televisa, S.A.B.",0.0,-10.0,5,8,15,Communication Services,Telecom Services
NEO,"NeoGenomics, Inc.",0.31,-9.03,3,5,92,Health Care,Precision Instruments
GIII,"G-III Apparel Group, Ltd.",-0.67,-2.9,7,12,23,Consumer Discretionary,Apparel
ORC,"Orchid Island Capital, Inc.",0.4,-19.55,3,6,13,Real Estate,Real Estate Investment Trusts
WINA,Winmark Corporation,0.07,-4.81,33,19,7,Consumer Discretionary,Other Specialty Stores
BRDNF,Breedon Group plc,0.0,5.87,28,14,42,Basic Materials,Building Materials
ARSTY,Ariston Holding N.V.,0.0,0.0,19,20,60,Industrials,Building Products & Equipment
ALNT,Allient Inc.,-4.15,15.34,61,58,95,Industrials,Electrical Products
PURR,Hyperliquid Strategies Inc.,-3.67,2.63,0,0,98,Finance,Finance: Consumer Services
OI,"O-I Glass, Inc.",6.75,-6.94,57,50,2,Consumer Discretionary,Containers/Packaging
GRWXF,Molten Ventures Plc,2.76,24.0,70,59,75,,
FDMDF,4DMedical Limited,0.0,11.54,72,69,77,Healthcare,Medical Devices
TBLA,Taboola.com Ltd.,6.69,-5.9,39,35,19,Technology,Computer Software: Programming Data Processing
DOLE,Dole plc,1.72,-3.43,45,34,31,Consumer Staples,Farming/Seeds/Milling
UAMY,United States Antimony Corporation,-3.63,-24.54,0,0,2,Industrials,Metal Fabrications
BRELY,Brazilian Rare Earths Limited,0.0,2.01,32,26,34,Basic Materials,Other Precious Metals & Mining
ARDT,"Ardent Health, Inc.",1.75,1.56,82,58,60,Health Care,Hospital/Nursing Management
NSP,"Insperity, Inc.",3.13,-0.16,53,45,86,Consumer Discretionary,Professional Services
TSIOF,361 Degrees International Limited,0.0,-14.16,3,6,17,Consumer Cyclical,Footwear & Accessories
MUX,McEwen Inc.,1.41,-11.41,10,13,28,Basic Materials,Precious Metals
CXM,"Sprinklr, Inc.",4.43,-0.37,53,44,22,Technology,Computer Software: Prepackaged Software
LADR,Ladder Capital Corp,2.08,-6.09,32,29,29,Real Estate,Real Estate Investment Trusts
ITRN,Ituran Location and Control Ltd.,-0.8,1.03,24,13,69,Technology,Electronic Components
ATLCZ,Atlanticus Holdings Corporation 9.25% Senior Notes due 2029,-0.2,0.9,10,17,54,Finance,Finance: Consumer Services
FKRAF,Fiskars Oyj Abp,7.48,-7.41,46,41,54,Consumer Cyclical,"Furnishings, Fixtures & Appliances"
CRSR,"Corsair Gaming, Inc.",-3.68,4.14,0,0,96,Technology,Computer peripheral equipment
KDK,"Kodiak AI, Inc.",-2.35,-56.32,0,1,1,Technology,EDP Services
ASST,"Strive, Inc.",0.16,4.94,8,12,97,Technology,Computer Software: Prepackaged Software
CSIQ,Canadian Solar Inc.,-2.04,-15.43,18,14,9,Technology,Semiconductors
SPH,"Suburban Propane Partners, L.P.",1.0,-1.44,60,40,39,Consumer Discretionary,Other Specialty Stores
PFBC,Preferred Bank,-0.39,-0.47,1,10,60,Finance,Major Banks
AUTLF,Austal Limited,5.26,-3.23,30,32,19,Industrials,Aerospace & Defense
AGZNF,Aegean Airlines S.A.,0.0,0.0,19,20,31,Industrials,Airlines
NBITF,Norbit ASA,-6.92,-6.92,0,0,32,Technology,Scientific & Technical Instruments
GUZOF,"Grupo Herdez, S.A.B. de C.V.",0.0,0.0,19,20,17,Consumer Defensive,Packaged Foods
TROX,Tronox Holdings plc,1.89,-17.65,11,12,7,Industrials,Major Chemicals
WVE,"Wave Life Sciences, Inc.",-1.98,-25.7,0,0,2,Health Care,Biotechnology: Pharmaceutical Preparations
PBTDF,Plover Bay Technologies Limited,0.0,0.0,84,72,94,Technology,Communication Equipment
SHAZ,SharonAI Holdings Inc.,-13.45,-30.97,0,0,37,Technology,EDP Services
AIIR,AIR Global PLC,-4.94,-2.34,47,35,24,Consumer Discretionary,Tobacco
VLTAF,Voltalia SA,0.0,-10.31,4,8,5,Utilities,Utilities - Renewable
PGY,Pagaya Technologies Ltd.,0.66,-10.05,21,18,43,Finance,Finance: Consumer Services
OILRF,Oil Refineries Ltd.,9.0,-16.9,28,26,96,Energy,Oil & Gas Refining & Marketing
MPLT,"MapLight Therapeutics, Inc.",-2.24,-33.62,0,0,1,Health Care,Biotechnology: Pharmaceutical Preparations
ENR,"Energizer Holdings, Inc.",-0.46,6.99,41,28,60,Miscellaneous,Industrial Machinery/Components
HYLN,Hyliion Holdings Corp.,-2.08,-1.31,0,0,93,Consumer Discretionary,Construction/Ag Equipment/Trucks
WBTNF,Weebit Nano Limited,-9.98,-10.68,16,0,5,Technology,Semiconductors
HLF,Herbalife Ltd.,1.34,4.4,100,100,52,Health Care,Other Pharmaceuticals
AMAL,Amalgamated Financial Corp.,1.18,-2.76,33,27,84,Finance,Major Banks
ZMPLF,Zimplats Holdings Limited,0.0,0.0,19,20,11,Basic Materials,Other Precious Metals & Mining
VTOL,Bristow Group Inc.,1.7,-4.94,24,22,41,Consumer Discretionary,Transportation Services
ASM,Avino Silver & Gold Mines Ltd.,2.63,-23.31,13,14,26,Basic Materials,Metal Mining
NPKI,NPK International Inc.,0.61,-12.96,6,8,22,Consumer Discretionary,Oil and Gas Field Machinery
CHYCY,Chiyoda Corporation,5.64,5.64,100,93,67,Industrials,Engineering & Construction
DMZPY,Domino's Pizza Enterprises Limited,21.62,25.12,100,100,92,Consumer Cyclical,Restaurants
EOS,Eaton Vance Enhanced Equity Income Fund II,-0.51,2.34,51,33,45,Finance,Trusts Except Educational Religious and Charitable
CTBI,"Community Trust Bancorp, Inc.",1.28,-1.66,25,22,80,Finance,Major Banks
SILXF,Silex Systems Limited,-6.45,-18.99,5,8,8,Technology,Semiconductors
PSEC,Prospect Capital Corporation,-1.09,-15.16,0,4,14,Finance,Finance: Consumer Services
GOLD,"Gold.com, Inc.",2.41,-6.86,15,16,78,Industrials,Other Specialty Stores
EVEX,"Eve Holding, Inc.",-1.18,-20.48,0,0,2,Industrials,Aerospace
SCL,Stepan Company,-0.46,-1.01,0,11,77,Consumer Discretionary,Package Goods/Cosmetics
PAHGF,Pets at Home Group Plc,0.0,0.0,19,20,43,Consumer Cyclical,Specialty Retail
ELKEF,Elkem ASA,0.0,0.0,19,20,75,Basic Materials,Specialty Chemicals
ATEC,"Alphatec Holdings, Inc.",0.98,17.08,32,25,21,Health Care,Medical/Dental Instruments
RPGSF,Rockpoint Gas Storage Inc.,0.0,2.51,73,24,51,,
RZLV,Rezolve AI PLC,-8.65,-17.39,0,0,4,Technology,Computer Software: Programming Data Processing
DPZUF,Domino's Pizza Enterprises Limited,0.0,0.0,77,61,88,Consumer Cyclical,Restaurants
AAVVF,Advantage Energy Ltd.,2.35,-4.76,46,36,37,Energy,Oil & Gas E&P
ATUUF,Tenaz Energy Corp.,2.89,0.42,34,30,97,Energy,Oil & Gas E&P
TBN,Tamboran Resources Corporation,0.73,-11.82,16,15,71,Energy,Oil & Gas Production
BYITY,Bytes Technology Group plc,0.0,2.89,58,30,80,Technology,Software - Infrastructure
INGEF,Ingenia Communities Group,0.0,26.93,62,61,49,Real Estate,REIT - Residential
HTLD,"Heartland Express, Inc.",0.62,-6.73,7,10,48,Industrials,Trucking Freight/Courier Services
EVLV,"Evolv Technologies Holdings, Inc.",-2.35,-7.85,13,15,8,Technology,Computer peripheral equipment
DBVT,DBV Technologies S.A.,-2.25,-26.37,0,0,3,Health Care,Biotechnology: Biological Products (No Diagnostic Substances)
ASTE,"Astec Industries, Inc.",-1.1,-7.05,0,2,9,Industrials,Construction/Ag Equipment/Trucks
CVHSY,Cablevisión Holding S.A.,0.0,-1.72,58,47,89,Communication Services,Telecom Services
BV,"BrightView Holdings, Inc.",0.58,-4.91,31,25,13,Consumer Discretionary,Business Services
WYFI,"WhiteFiber, Inc.",-6.42,-15.0,0,0,6,Finance,Finance: Consumer Services
FCEL,"FuelCell Energy, Inc.",-6.1,10.65,34,27,95,Energy,Industrial Machinery/Components
AKTS,"Aktis Oncology, Inc.",-1.44,-25.9,0,2,12,Health Care,Biotechnology: Pharmaceutical Preparations
FLTCF,Filtronic plc,-4.17,29.87,88,90,95,Technology,Communication Equipment
HQH,Abrdn Healthcare Investors,-0.73,-12.05,0,3,52,Finance,Finance Companies
PRCH,"Porch Group, Inc.",1.27,7.61,100,100,94,Technology,Computer Software: Prepackaged Software
CIMN,CIMN,0.0,-0.32,13,18,54,Real Estate,Real Estate Investment Trusts
SHPPF,Redcare Pharmacy NV,0.0,0.0,19,20,46,Healthcare,Pharmaceutical Retailers
NWPX,"NWPX Infrastructure, Inc.",-2.17,-2.8,0,0,84,Industrials,Steel/Iron Ore
CSR,Centerspace,0.9,-3.48,15,17,36,Real Estate,Real Estate Investment Trusts
SVAUF,StorageVault Canada Inc.,-0.69,-10.19,6,12,18,Real Estate,Real Estate Services
LNRCF,LunR Royalties Corp.,2.06,-23.97,9,11,39,,
KSKGF,Kingsgate Consolidated Limited,3.71,-13.76,21,21,46,Basic Materials,Gold
AMN,"AMN Healthcare Services, Inc.",-2.98,7.23,53,43,95,Consumer Discretionary,Professional Services
UPBD,"Upbound Group, Inc.",0.45,-11.6,15,16,17,Consumer Discretionary,Diversified Commercial Services
MRCHF,"H.U. Group Holdings, Inc.",0.0,-4.01,5,10,45,Healthcare,Diagnostics & Research
GRRMF,Gerresheimer AG,0.0,-9.78,5,8,20,Healthcare,Medical Instruments & Supplies
MCB,Metropolitan Bank Holding Corp.,0.51,-3.49,13,15,49,Finance,Major Banks
MLKN,"MillerKnoll, Inc.",0.58,-0.14,47,35,77,Consumer Discretionary,Office Equipment/Supplies/Services
ACDC,ProFrac Holding Corp.,-1.47,-9.44,42,36,46,Energy,Oilfield Services/Equipment
OPK,"OPKO Health, Inc.",-1.44,-8.05,0,0,50,Health Care,Biotechnology: Pharmaceutical Preparations
ORRAF,Orora Limited,0.0,-4.7,8,12,24,Consumer Cyclical,Packaging & Containers
GPRE,Green Plains Inc.,-1.83,-1.83,32,14,76,Industrials,Major Chemicals
GRRMY,Gerresheimer AG,0.0,0.0,19,20,61,Healthcare,Medical Instruments & Supplies
EVO,Evotec SE,-2.48,-11.3,14,10,2,Health Care,Biotechnology: Pharmaceutical Preparations
SBR,Sabine Royalty Trust,1.06,-1.8,44,33,58,Energy,Oil & Gas Production
TSHTY,Toshiba Tec Corporation,0.3,-0.05,38,31,39,Technology,Computer Hardware
PXED,"Phoenix Education Partners, Inc.",1.67,-2.39,52,43,14,Real Estate,Other Consumer Services
TMVWY,TeamViewer SE,0.0,-0.26,95,92,76,Technology,Software - Application
TMVWF,TeamViewer SE,0.0,0.0,19,20,60,Technology,Software - Application
CNMD,CONMED Corporation,1.99,-2.4,24,23,69,Health Care,Biotechnology: Electromedical & Electrotherapeutic Apparatus
LSDAF,Lassonde Industries Inc.,0.0,-2.14,11,16,56,Consumer Defensive,Beverages - Non-Alcoholic
CII,"BlackRock Enhanced Large Cap Core Fund, Inc.",-0.46,0.63,0,15,58,Finance,Investment Bankers/Brokers/Service
SVRA,Savara Inc.,-1.02,-9.21,24,23,33,Health Care,Biotechnology: Pharmaceutical Preparations
TNLIY,Trainline plc,0.0,3.73,100,69,34,Consumer Cyclical,Travel Services
CRON,Cronos Group Inc.,-0.62,1.9,13,7,80,Health Care,Medicinal Chemicals and Botanical Products
AMC,"AMC Entertainment Holdings, Inc.",0.0,22.03,46,40,95,Consumer Discretionary,Movies/Entertainment
OCSL,Oaktree Specialty Lending Corporation,1.2,-3.78,15,17,52,Finance,Finance: Consumer Services
ALVO,Alvotech,-3.08,8.21,49,37,90,Health Care,Biotechnology: Biological Products (No Diagnostic Substances)
IGIC,International General Insurance Holdings Ltd.,1.3,-4.46,22,22,45,Finance,Property-Casualty Insurers
CRVS,"Corvus Pharmaceuticals, Inc.",-1.92,-21.1,0,0,41,Health Care,Biotechnology: Pharmaceutical Preparations
HBT,"HBT Financial, Inc.",0.0,-2.09,7,13,85,Finance,Major Banks
BJCHF,Beijing Capital International Airport Company Limited,0.0,0.0,6,12,6,Industrials,Airports & Air Services
AMPL,"Amplitude, Inc.",3.59,22.71,100,100,96,Technology,Computer Software: Prepackaged Software
JWLLF,Jamieson Wellness Inc.,0.22,-2.77,13,16,82,Consumer Defensive,Packaged Foods
SAFT,"Safety Insurance Group, Inc.",0.06,0.6,21,22,91,Finance,Property-Casualty Insurers
ODC,Oil-Dri Corporation of America,-3.92,-2.12,0,0,77,Consumer Discretionary,Miscellaneous manufacturing industries
ETW,Eaton Vance Tax-Managed Global Buy-Write Opportunities Fund,0.53,-0.36,23,22,60,Finance,Investment Managers
PLRRF,Polar Capital Holdings Plc,0.0,-8.89,3,7,84,Financial Services,Asset Management
RERE,ATRenew Inc.,-0.8,-7.04,10,12,19,Consumer Discretionary,Other Specialty Stores
COGNY,Cogna Educação S.A.,-5.45,15.56,80,83,49,Consumer Defensive,Education & Training Services
BUR,Burford Capital Limited,-1.71,-21.46,0,0,4,Finance,Finance: Consumer Services
OXBDF,Oxford Biomedica plc,-12.42,14.92,44,44,15,Healthcare,Biotechnology
KRNGF,Karoon Energy Ltd,0.0,-0.84,15,18,58,Energy,Oil & Gas E&P
GSBD,"Goldman Sachs BDC, Inc.",0.79,-4.07,10,14,58,Finance,Investment Managers
VIRDY,Viridien Société anonyme,0.0,-1.14,5,11,40,Energy,Oil & Gas Equipment & Services
NBN,Northeast Bank,0.29,-3.5,17,18,64,Finance,Major Banks
GOOGL,Alphabet Inc,-0.63,4.72,49,27,67,Technology,Computer Software: Programming Data Processing
MSFT,Microsoft Corporation,-1.35,6.13,83,70,83,Technology,Computer Software: Prepackaged Software
TSM,Taiwan Semiconductor Manufacturing Company Limited,-3.01,7.29,56,47,85,Technology,Semiconductors
MU,"Micron Technology, Inc.",-4.79,5.98,55,47,98,Technology,Semiconductors
JPM,JPMorgan Chase & Co.,0.56,-5.79,10,13,54,Finance,Major Banks
ASML,ASML Holding N.V.,-1.95,4.88,60,54,85,Technology,Industrial Machinery/Components
INTC,Intel Corporation,-5.34,6.74,27,17,96,Technology,Semiconductors
TCEHY,Tencent Holdings Limited,-1.44,-1.99,0,0,12,Communication Services,Internet Content & Information
COST,Costco Wholesale Corporation,0.6,5.05,100,69,51,Consumer Discretionary,Department/Specialty Retail Stores
ABBV,AbbVie Inc.,0.39,6.83,100,60,77,Health Care,Biotechnology: Pharmaceutical Preparations
BACRP,Bank of America Corporation PFD SER B 7%,0.0,0.0,19,20,94,Unknown,Unknown
NFLX,Netflix Inc,2.68,-5.84,29,27,15,Consumer Discretionary,Consumer Electronics/Video Chains
IDCBF,Industrial and Commercial Bank of China Limited,0.0,-4.17,4,9,77,Financial Services,Banks - Diversified
GE,GE Aerospace,0.66,-5.57,13,16,32,Technology,Consumer Electronics/Appliances
PG,The Procter & Gamble Company,1.87,5.33,88,53,56,Consumer Discretionary,Package Goods/Cosmetics
ACGBF,Agricultural Bank of China Limited,0.0,-1.25,14,17,82,Financial Services,Banks - Diversified
HD,"The Home Depot, Inc.",3.39,-3.34,41,35,19,Consumer Discretionary,RETAIL: Building Materials
GS,"The Goldman Sachs Group, Inc.",-0.52,-13.45,0,4,36,Finance,Investment Bankers/Brokers/Service
BABA,Alibaba Group,-1.21,-2.63,0,1,14,Consumer Discretionary,Business Services
AZN,AstraZeneca PLC,-0.84,-0.54,19,22,23,Health Care,Biotechnology: Pharmaceutical Preparations
IBM,International Business Machines Corporation,2.77,-3.17,20,20,16,Technology,Computer Manufacturing
PM,Philip Morris International Inc.,4.05,6.56,100,78,82,Health Care,Medicinal Chemicals and Botanical Products
LVMHF,"LVMH Moët Hennessy - Louis Vuitton, Société Européenne",-1.29,-8.53,4,8,8,Consumer Cyclical,Luxury Goods
RY,Royal Bank of Canada,-0.35,-7.49,1,7,62,Finance,Commercial Banks
NSRGY,Nestlé S.A.,1.67,-3.36,29,26,38,Consumer Defensive,Packaged Foods
NSRGF,Nestlé S.A.,0.53,-5.88,9,12,35,Consumer Defensive,Packaged Foods
SNDK,Sandisk Corporation,-4.9,-4.91,14,0,99,Technology,Electronic Components
RTX,RTX Corporation,2.25,-6.97,21,21,42,Industrials,Aerospace
LRLCY,L'Oréal S.A.,1.06,-2.58,19,19,46,Consumer Defensive,Household & Personal Products
SHEL,Shell plc,3.46,4.42,86,56,85,Energy,Oil & Gas Production
KXHCF,Kioxia Holdings Corporation,-10.15,-7.14,35,30,62,,
KXIAY,Kioxia Holdings Corporation,-6.48,-9.22,0,0,98,Technology,Semiconductors
C,Citigroup Inc.,0.6,-7.52,9,13,57,Finance,Major Banks
MUFG,"Mitsubishi UFJ Financial Group, Inc.",-0.75,-3.48,0,5,82,Finance,Commercial Banks
TMUS,"T-Mobile US, Inc.",2.18,-3.3,37,29,22,Telecommunications,Telecommunications Equipment
ANET,"Arista Networks, Inc.",-2.25,11.63,83,87,89,Telecommunications,Computer Communications Equipment
MCD,McDonald's Corporation,2.61,-6.38,21,21,16,Consumer Discretionary,Restaurants
HESAY,Hermès International Société en commandite par actions,-0.57,-12.47,2,5,6,Consumer Cyclical,Luxury Goods
TTE,TotalEnergies SE,2.13,-4.6,24,22,81,Energy,Oil & Gas Production
ABBNY,ABB Ltd,-1.99,-1.14,0,0,63,Industrials,Electrical Equipment & Parts
BCDRF,"Banco Santander, S.A.",4.12,-6.08,50,44,71,Financial Services,Banks - Diversified
SAN,"Banco Santander, S.A.",-1.32,-7.86,3,7,69,Finance,Commercial Banks
APH,Amphenol Corporation,-2.55,6.48,71,68,79,Technology,Electrical Products
NEE,"NextEra Energy, Inc.",0.4,-6.15,16,18,28,Technology,EDP Services
RTNTF,Rio Tinto Group,-5.84,-10.48,4,1,61,Basic Materials,Other Industrial Metals & Mining
SBGSF,Schneider Electric S.E.,2.61,-12.11,13,16,43,Industrials,Specialty Industrial Machinery
BLK,"BlackRock, Inc.",-0.4,0.28,1,15,50,Finance,Investment Bankers/Brokers/Service
GILD,"Gilead Sciences, Inc.",0.17,2.15,36,33,75,Health Care,Biotechnology: Biological Products (No Diagnostic Substances)
FRCOY,"Fast Retailing Co., Ltd.",0.0,10.28,93,100,73,Consumer Cyclical,Apparel Retail
BUDFF,Anheuser-Busch InBev SA/NV,2.84,-1.08,53,44,65,Consumer Defensive,Beverages - Brewers
SCCO,Southern Copper Corporation,-0.95,2.33,45,9,85,Basic Materials,Metal Mining
CRM,"Salesforce, Inc.",1.44,-6.09,11,12,78,Technology,Computer Software: Prepackaged Software
ETN,Eaton Corporation plc,-1.58,3.75,55,32,70,Technology,Industrial Machinery/Components
SCHW,The Charles Schwab Corporation,1.35,-9.75,11,13,42,Finance,Investment Bankers/Brokers/Service
HON,Honeywell International Inc.,-0.73,2.19,11,8,33,Industrials,Aerospace
RLLCF,Rolls-Royce Holdings plc,-6.25,-6.25,19,17,8,Industrials,Aerospace & Defense
PFE,Pfizer Inc.,-0.64,0.61,28,34,72,Health Care,Biotechnology: Pharmaceutical Preparations
IBKR,"Interactive Brokers Group, Inc.",-1.45,-3.3,0,2,66,Finance,Investment Bankers/Brokers/Service
DE,Deere & Company,-0.65,-3.51,0,6,81,Industrials,Industrial Machinery/Components
CSUAY,China Shenhua Energy Company Limited,0.0,-5.93,12,15,63,Energy,Thermal Coal
BX,Blackstone Inc.,0.76,-10.15,7,9,20,Finance,Investment Managers
PNGAY,"Ping An Insurance (Group) Company of China, Ltd.",-0.08,-5.39,5,10,31,Financial Services,Insurance - Life
SMFNF,"Sumitomo Mitsui Financial Group, Inc.",3.71,-53.83,3,4,4,Financial Services,Banks - Diversified
DBSDF,DBS Group Holdings Ltd,-1.95,-4.6,0,0,81,Financial Services,Banks - Regional
CILJF,China Life Insurance Company Limited,-1.14,-9.9,0,1,46,Financial Services,Insurance - Life
BBVA,"Banco Bilbao Vizcaya Argentaria, S.A.",-0.3,-9.26,1,5,75,Finance,Commercial Banks
UNCFF,UniCredit S.p.A.,-3.0,-13.95,0,0,51,Financial Services,Banks - Regional
DHR,Danaher Corporation,-0.47,8.63,55,39,58,Industrials,Industrial Machinery/Components
SONY,Sony Group Corporation,1.83,1.83,43,29,54,Consumer Staples,Consumer Electronics/Appliances
IVSBF,Investor AB (publ),1.57,-0.86,64,49,67,Financial Services,Asset Management
BNPQF,BNP Paribas SA,-3.56,-19.42,0,0,39,Financial Services,Banks - Regional
UL,Unilever PLC,1.57,0.5,41,34,50,Consumer Discretionary,Package Goods/Cosmetics
AIQUF,L'Air Liquide S.A.,-0.42,-3.71,3,9,37,Basic Materials,Specialty Chemicals
CB,Chubb Limited,2.71,1.82,64,47,61,Finance,Property-Casualty Insurers
AIQUY,L'Air Liquide S.A.,0.21,-2.38,13,17,38,Basic Materials,Specialty Chemicals
EBBGF,Enbridge Inc.,-0.13,0.6,24,24,57,Energy,Oil & Gas Midstream
BNPQY,BNP Paribas SA,-0.65,-11.82,0,3,57,Financial Services,Banks - Regional
ESOCF,Enel SpA,-4.34,-3.79,0,5,30,Utilities,Utilities - Diversified
ISNPY,Intesa Sanpaolo S.p.A.,-1.41,-10.84,0,0,52,Financial Services,Banks - Regional
SYK,Stryker Corporation,0.57,2.9,27,19,14,Health Care,Medical/Dental Instruments
MRAAF,"Murata Manufacturing Co., Ltd.",-1.68,10.5,73,74,96,Technology,Electronic Components
BYDDF,BYD Company Limited,-1.7,-7.68,0,0,11,Consumer Cyclical,Auto Manufacturers
ATEYY,Advantest Corporation,-3.6,17.58,77,78,95,Technology,Semiconductor Equipment & Materials
VRTX,Vertex Pharmaceuticals Incorporated,-0.47,-2.2,12,17,64,Health Care,Biotechnology: Pharmaceutical Preparations
PBR,Petróleo Brasileiro S.A. - Petrobras,2.92,15.48,100,100,95,Energy,Oil & Gas Production
MTSUY,Mitsubishi Corporation,-0.68,-8.33,0,4,64,Industrials,Conglomerates
AAIGF,AIA Group Limited,0.9,-3.57,12,13,28,Financial Services,Insurance - Life
MZHOF,"Mizuho Financial Group, Inc.",-1.87,-3.37,0,0,84,Financial Services,Banks - Regional
ZURVY,Zurich Insurance Group AG,0.76,-3.91,12,14,39,Financial Services,Insurance - Diversified
EQIX,"Equinix, Inc.",-2.0,-1.24,0,0,67,Real Estate,Real Estate Investment Trusts
SNYNF,Sanofi,2.13,-8.45,27,25,20,Healthcare,Drug Manufacturers - General
SO,The Southern Company,0.83,-1.82,54,37,32,Utilities,Electric Utilities: Central
SPOT,Spotify Technology S.A.,2.63,0.9,53,45,45,Consumer Discretionary,Broadcasting
CM,Canadian Imperial Bank of Commerce,-0.14,-4.86,4,10,65,Finance,Commercial Banks
MAR,"Marriott International, Inc.",1.28,9.73,81,75,64,Consumer Discretionary,Hotels/Resorts
GPMXY,"Grupo México, S.A.B. de C.V.",-1.72,-11.05,20,19,62,Basic Materials,Other Industrial Metals & Mining
BNY,The Bank of New York Mellon Corporation,0.62,-11.67,6,10,69,Finance,Major Banks
AXAHF,AXA SA,-2.7,-8.63,0,0,36,Financial Services,Insurance - Diversified
BRCFF,Brookfield Corporation,0.0,1.91,19,20,79,Financial Services,Asset Management
ITOCY,ITOCHU Corporation,0.3,-7.05,5,8,70,Industrials,Conglomerates
CAIXY,"CaixaBank, S.A.",0.23,-12.8,4,7,64,Financial Services,Banks - Regional
IBN,ICICI Bank Limited,0.14,-3.29,14,15,36,Finance,Commercial Banks
ESLOF,EssilorLuxottica Société anonyme,-5.79,-8.14,0,0,5,Healthcare,Medical Instruments & Supplies
XIACF,Xiaomi Corporation,-3.35,-11.81,0,0,9,Technology,Consumer Electronics
XIACY,Xiaomi Corporation,-0.92,-8.04,0,2,9,Technology,Consumer Electronics
SNPS,"Synopsys, Inc.",-0.98,25.32,97,100,64,Technology,Computer Software: Prepackaged Software
INTU,Intuit Inc.,2.71,-2.39,46,39,14,Technology,Computer Software: Prepackaged Software
GLCNF,Glencore plc,-0.66,-7.4,23,19,83,Basic Materials,Other Industrial Metals & Mining
MITSF,"Mitsui & Co., Ltd.",-0.62,-0.47,69,53,64,Industrials,Conglomerates
GLNCY,Glencore plc,0.4,-6.82,27,18,84,Basic Materials,Other Industrial Metals & Mining
MIELF,Mitsubishi Electric Corporation,1.27,6.64,61,43,48,Industrials,Electrical Equipment & Parts
CMCSA,Comcast Corporation,1.29,-14.42,8,10,18,Telecommunications,Cable & Other Pay Television Services
SNOW,Snowflake Inc.,3.17,4.15,80,60,95,Technology,Computer Software: Prepackaged Software
WBKCY,Westpac Banking Corporation,-0.33,-1.07,1,8,25,Financial Services,Banks - Diversified
WMB,"The Williams Companies, Inc.",1.23,0.06,68,48,60,Utilities,Natural Gas Distribution
ITUB,Itaú Unibanco Holding S.A.,0.92,18.48,87,92,84,Finance,Major Banks
ATLFF,Atlas Copco AB (publ),0.0,9.69,97,59,87,Industrials,Specialty Industrial Machinery
KKR,KKR & Co. Inc.,-0.12,-11.21,2,6,19,Finance,Investment Managers
ELV,"Elevance Health, Inc.",-0.83,-3.75,31,26,64,Health Care,Medical Specialities
HOOD,"Robinhood Markets, Inc.",-2.28,-5.58,0,0,50,Finance,Investment Bankers/Brokers/Service
CSX,CSX Corporation,1.13,-3.47,34,21,73,Industrials,Railroads
ICE,"Intercontinental Exchange, Inc.",1.81,0.04,47,34,55,Finance,Investment Bankers/Brokers/Service
RKLB,Rocket Lab Corporation,-4.89,10.39,43,30,31,Industrials,Military/Government/Technical
NGGTF,National Grid plc,-1.12,-2.78,30,23,32,Utilities,Utilities - Regulated Electric
JCI,Johnson Controls International plc,-1.24,8.14,79,80,80,Industrials,Industrial Machinery/Components
VCISY,Vinci SA,0.07,-5.44,13,16,22,Industrials,Engineering & Construction
BE,Bloom Energy Corporation,-6.34,5.54,33,21,97,Energy,Industrial Machinery/Components
EMR,Emerson Electric Co.,-0.1,7.2,73,69,74,Technology,Consumer Electronics/Appliances
ABNB,"Airbnb, Inc.",1.62,-2.64,54,42,79,Consumer Discretionary,Diversified Commercial Services
CVNA,Carvana Co.,0.7,-10.07,19,14,24,Consumer Discretionary,Retail-Auto Dealers and Gas Stations
NGG,National Grid plc,1.31,0.96,43,34,39,Utilities,Natural Gas Distribution
LYG,Lloyds Banking Group plc,-0.37,-8.66,0,5,50,Finance,Commercial Banks
CHGCF,"Chugai Pharmaceutical Co., Ltd.",-2.84,-6.72,11,0,10,Healthcare,Drug Manufacturers - General
MDLZ,"Mondelez International, Inc.",2.17,-2.02,43,36,60,Consumer Staples,Packaged Foods
BAM,Brookfield Asset Management Ltd.,1.51,-4.38,23,23,32,Consumer Discretionary,Other Consumer Services
MPWR,"Monolithic Power Systems, Inc.",-3.94,15.66,66,64,78,Technology,Semiconductors
RCL,Royal Caribbean Cruises Ltd.,-0.32,9.29,90,95,41,Consumer Discretionary,Marine Transportation
ANZGF,ANZ Group Holdings Limited,0.0,4.55,74,73,76,Financial Services,Banks - Diversified
ROST,"Ross Stores, Inc.",-0.15,-0.12,15,21,73,Consumer Discretionary,Clothing/Shoe/Accessory Stores
SU,Suncor Energy Inc.,4.07,2.87,59,42,90,Energy,Integrated oil Companies
CRH,CRH plc,0.52,-6.59,8,11,9,Industrials,Building Materials
VOLVF,AB Volvo (publ),0.91,-11.65,7,9,34,Industrials,Farm & Heavy Construction Machinery
CNI,Canadian National Railway Company,0.94,-3.57,17,17,63,Industrials,Railroads
VLVLY,AB Volvo (publ),-0.26,-10.47,1,6,38,Industrials,Farm & Heavy Construction Machinery
OVCHF,Oversea-Chinese Banking Corporation Limited,-6.57,4.01,0,0,93,Financial Services,Banks - Regional
TDG,TransDigm Group Incorporated,-0.63,-3.33,0,8,18,Industrials,Military/Government/Technical
DASH,"DoorDash, Inc.",0.25,-4.64,42,32,36,Technology,EDP Services
JPPTY,"JAPAN POST BANK Co., Ltd.",-2.01,-2.17,12,10,81,Financial Services,Banks - Regional
NSC,Norfolk Southern Corporation,1.21,-1.95,41,26,56,Industrials,Railroads
JAPAF,Japan Tobacco Inc.,-8.93,-4.54,0,0,72,Consumer Defensive,Tobacco
AON,Aon plc,2.46,-9.96,16,17,13,Finance,Specialty Insurers
MURGY,Münchener Rückversicherungs-Gesellschaft Aktiengesellschaft in München,1.73,1.64,54,37,42,Financial Services,Insurance - Reinsurance
SFBQF,SoftBank Corp.,4.2,5.74,38,33,73,Communication Services,Telecom Services
MKKGY,Merck KGaA,-1.88,0.95,31,25,59,Healthcare,Drug Manufacturers - Specialty & Generic
NBNKF,Nordea Bank Abp,0.0,0.0,10,14,62,Financial Services,Banks - Regional
BHKLY,BOC Hong Kong (Holdings) Limited,-3.47,-5.39,0,0,78,Financial Services,Banks - Regional
REGN,"Regeneron Pharmaceuticals, Inc.",-0.34,-6.77,17,18,62,Health Care,Biotechnology: Pharmaceutical Preparations
NWG,NatWest Group plc,-0.58,-6.89,0,5,60,Finance,Commercial Banks
NU,Nu Holdings Ltd.,-1.28,2.4,94,99,53,Finance,Finance: Consumer Services
URI,"United Rentals, Inc.",1.23,6.17,56,58,68,Consumer Discretionary,Diversified Commercial Services
PSTVY,"Postal Savings Bank of China Co., Ltd.",-6.66,0.63,33,33,61,Financial Services,Banks - Regional
NNFSF,"Nongfu Spring Co., Ltd.",2.47,-0.38,51,37,43,Consumer Defensive,Beverages - Non-Alcoholic
SMTOY,"Sumitomo Electric Industries, Ltd.",-5.42,10.06,56,52,81,Consumer Cyclical,Auto Parts
STM,STMicroelectronics N.V.,-6.18,4.06,42,32,87,Technology,Semiconductors
SMTOF,"Sumitomo Electric Industries, Ltd.",0.0,-417.48,100,100,55,Consumer Cyclical,Auto Parts
WFAFF,Wesfarmers Limited,0.0,-13.91,7,6,28,Consumer Cyclical,Home Improvement Retail
MCQEF,Macquarie Group Limited,0.0,-10.33,4,8,68,Financial Services,Capital Markets
DSDVY,DSV A/S,-0.44,-16.62,0,4,7,Industrials,Integrated Freight & Logistics
LDNXF,London Stock Exchange Group plc,1.53,-4.48,21,20,30,Financial Services,Financial Data & Stock Exchanges
MBGYY,Mercedes-Benz Group AG,-1.26,-19.01,0,0,12,Consumer Cyclical,Auto Manufacturers
SCBFF,Standard Chartered PLC,-3.66,-10.45,0,0,72,Financial Services,Banks - Diversified
SRE,Sempra,0.49,-3.87,38,29,22,Utilities,Natural Gas Distribution
PCAR,PACCAR Inc,2.62,-10.53,17,17,36,Consumer Discretionary,Motor Vehicles
NGLOY,Anglo American plc,0.52,-0.3,18,23,80,Basic Materials,Other Industrial Metals & Mining
CRARF,Crédit Agricole S.A.,-0.82,-15.2,0,2,38,Financial Services,Banks - Regional
DSDVF,DSV A/S,3.44,-14.0,17,17,9,Industrials,Integrated Freight & Logistics
HPE,Hewlett Packard Enterprise Company,-1.51,28.9,95,99,98,Technology,Retail: Computer Software & Peripheral Equipment
NUE,Nucor Corporation,-0.12,-3.42,28,25,90,Industrials,Steel/Iron Ore
NTIOF,National Bank of Canada,-1.64,-9.33,0,0,50,Financial Services,Banks - Diversified
SGAPY,Singapore Telecommunications Limited,-0.42,-6.2,9,13,42,Communication Services,Telecom Services
MSTR,Strategy Inc,-1.24,17.82,56,49,74,Technology,Computer Software: Prepackaged Software
UCBJY,UCB SA,-0.47,-2.89,8,12,13,Healthcare,Biotechnology
ORANY,Orange S.A.,0.31,-10.94,13,12,29,Communication Services,Telecom Services
KBCSY,KBC Group NV,-0.71,-8.86,0,3,61,Financial Services,Banks - Regional
EONGY,E.ON SE,1.16,-5.81,16,17,33,Utilities,Utilities - Diversified
TRGP,Targa Resources Corp.,1.6,-1.17,63,50,89,Utilities,Natural Gas Distribution
MARUY,Marubeni Corporation,-0.3,-5.97,1,6,2,Industrials,Conglomerates
PCRFF,Panasonic Holdings Corporation,-3.09,2.76,39,41,95,Technology,Consumer Electronics
VWAPY,Volkswagen AG,-3.99,-20.32,0,0,14,Consumer Cyclical,Auto Manufacturers
VST,Vistra Corp.,-6.35,6.36,64,67,38,Utilities,Electric Utilities: Central
PSA,Public Storage,1.25,-2.09,19,20,43,Real Estate,Real Estate Investment Trusts
SSUMY,Sumitomo Corporation,-0.28,-7.05,1,6,79,Industrials,Conglomerates
CARR,Carrier Global Corporation,1.51,-1.43,32,25,28,Industrials,Industrial Machinery/Components
BASFY,BASF SE,1.53,-5.93,34,29,66,Basic Materials,Chemicals
FJIKY,Fujikura Ltd.,-5.8,2.7,41,40,89,Industrials,Conglomerates
MARUF,Marubeni Corporation,-1.95,-6.56,0,0,43,Industrials,Conglomerates
VLKAF,Volkswagen AG,-4.99,-21.46,0,0,10,Consumer Cyclical,Auto Manufacturers
LOBLY,Loblaw Companies Limited,8.17,14.55,100,100,73,Consumer Defensive,Grocery Stores
DBOEY,Deutsche Börse AG,0.89,2.1,92,44,81,Financial Services,Financial Data & Stock Exchanges
NTDOY,"Nintendo Co., Ltd.",1.96,-3.33,20,20,28,Communication Services,Electronic Gaming & Multimedia
AJG,Arthur J. Gallagher & Co.,3.06,-3.81,25,23,30,Finance,Specialty Insurers
ASMXF,ASM International NV,-9.05,5.83,50,45,77,Technology,Semiconductor Equipment & Materials
MT,ArcelorMittal S.A.,-1.64,-18.33,0,0,74,Industrials,Steel/Iron Ore
DVN,Devon Energy Corporation,2.17,-1.57,38,30,83,Energy,Oil & Gas Production
TAK,Takeda Pharmaceutical Company Limited,0.82,2.26,46,40,72,Health Care,Biotechnology: Pharmaceutical Preparations
ABEV,Ambev S.A.,1.27,5.42,84,92,76,Consumer Staples,Beverages (Production/Distribution)
GDERF,Galderma Group AG,8.01,9.09,80,79,54,Healthcare,Drug Manufacturers - Specialty & Generic
RNECY,Renesas Electronics Corporation,-5.72,11.08,59,55,85,Technology,Semiconductors
SCGLF,Société Générale Société anonyme,-4.29,-19.79,0,0,25,Financial Services,Banks - Regional
GALDY,Galderma Group AG,0.82,4.54,56,56,40,Healthcare,Drug Manufacturers - Specialty & Generic
RNECF,Renesas Electronics Corporation,-6.0,12.44,55,52,86,Technology,Semiconductors
DRPRF,Dr. Ing. h.c. F. Porsche AG,-4.19,-12.68,0,0,29,Consumer Cyclical,Auto Manufacturers
INFY,Infosys Limited,1.42,-1.92,16,17,14,Technology,EDP Services
AU,AngloGold Ashanti plc,0.81,-12.61,7,9,61,Basic Materials,Precious Metals
ADSK,"Autodesk, Inc.",-0.62,10.39,98,78,39,Technology,Computer Software: Prepackaged Software
WUXIF,"WuXi AppTec Co., Ltd.",-7.73,0.56,46,34,97,Healthcare,Diagnostics & Research
EBAY,eBay Inc.,4.07,6.62,66,53,68,Consumer Discretionary,Business Services
AZO,"AutoZone, Inc.",2.26,1.01,48,38,21,Consumer Discretionary,Auto & Home Supply Stores
EBKOF,Erste Group Bank AG,0.12,-12.5,3,6,51,Financial Services,Banks - Regional
RWEOY,RWE Aktiengesellschaft,-0.6,-7.72,0,5,67,Utilities,Utilities - Diversified
WEICF,"Weichai Power Co., Ltd.",-6.22,-10.4,20,16,77,Consumer Cyclical,Auto Manufacturers
EXC,Exelon Corporation,0.58,-3.83,38,28,29,Utilities,Power Generation
TYHOF,Toyota Tsusho Corporation,0.0,1.89,27,23,92,Industrials,Conglomerates
MSCI,MSCI Inc.,1.13,2.57,89,55,41,Consumer Discretionary,Business Services
DEO,Diageo plc,2.66,0.78,50,39,55,Consumer Staples,Beverages (Production/Distribution)
DNBBF,DNB Bank ASA,3.65,-4.83,33,29,66,Financial Services,Banks - Regional
HINKF,Heineken N.V.,0.7,-5.16,12,14,40,Consumer Defensive,Beverages - Brewers
ORLNY,Orlen S.A.,0.0,6.67,63,23,76,Energy,Oil & Gas Integrated
GRMN,Garmin Ltd.,-2.8,-1.0,0,0,70,Industrials,Industrial Machinery/Components
SEMHF,Siemens Healthineers AG,3.49,0.22,35,30,42,Healthcare,Medical Devices
WUXAY,"WuXi AppTec Co., Ltd.",-4.18,9.49,74,74,95,Healthcare,Diagnostics & Research
FNV,Franco-Nevada Corporation,1.09,-7.73,11,13,65,Basic Materials,Precious Metals
DSCSY,Disco Corporation,-1.9,11.36,60,58,34,Technology,Semiconductor Equipment & Materials
DKILF,"Daikin Industries,Ltd.",4.67,2.22,45,49,50,Industrials,Building Products & Equipment
ANNSF,"Aena S.M.E., S.A.",-2.95,-2.89,0,0,34,Industrials,Airports & Air Services
FERG,Ferguson Enterprises Inc.,0.78,-1.92,17,20,34,Miscellaneous,Miscellaneous
LZAGY,Lonza Group AG,-1.22,4.02,42,18,45,Healthcare,Diagnostics & Research
DISPF,Disco Corporation,1.65,128.47,89,90,99,Technology,Semiconductor Equipment & Materials
ERIC,Telefonaktiebolaget LM Ericsson (publ),0.42,-3.48,27,26,33,Technology,Radio And Television Broadcasting And Communications Equipment
DKILY,"Daikin Industries,Ltd.",0.15,-0.6,34,30,43,Industrials,Building Products & Equipment
BAYRY,Bayer Aktiengesellschaft,-1.55,-14.21,0,0,58,Healthcare,Drug Manufacturers - General
UNVGY,Universal Music Group N.V.,0.86,3.43,50,42,8,Communication Services,Entertainment
DNKEY,Danske Bank A/S,-0.33,-7.93,1,6,68,Financial Services,Banks - Regional
TLGPY,Telstra Group Limited,0.78,-1.58,17,18,50,Communication Services,Telecom Services
ASAZF,ASSA ABLOY AB (publ),0.0,-4.38,8,13,63,Industrials,Security & Protection Services
VIK,Viking Holdings Ltd,0.47,-2.82,27,23,53,Consumer Discretionary,Marine Transportation
CMG,"Chipotle Mexican Grill, Inc.",6.21,-9.55,29,27,25,Consumer Discretionary,Restaurants
IX,ORIX Corporation,-0.41,-6.14,0,6,71,Finance,Diversified Financial Services
UMGNF,Universal Music Group N.V.,0.49,1.7,37,31,8,Communication Services,Entertainment
BDX,"Becton, Dickinson and Company",1.44,3.59,39,30,79,Health Care,Medical/Dental Instruments
HLNCF,Haleon plc,2.35,0.55,53,42,38,Healthcare,Drug Manufacturers - Specialty & Generic
HLN,Haleon plc,2.66,0.43,59,45,40,Consumer Discretionary,Package Goods/Cosmetics
TYIDY,Toyota Industries Corporation,0.0,0.02,37,50,62,Industrials,Farm & Heavy Construction Machinery
SLF,Sun Life Financial Inc.,1.09,-3.66,16,17,71,Finance,Life Insurance
ORXCF,ORIX Corporation,0.0,-6.7,19,20,72,Financial Services,Financial Conglomerates
PYPL,"PayPal Holdings, Inc.",0.13,3.21,92,52,58,Industrials,Diversified Commercial Services
AIG,"American International Group, Inc.",1.84,3.37,74,46,43,Finance,Life Insurance
TKO,"TKO Group Holdings, Inc.",1.67,-3.83,28,26,36,Consumer Discretionary,Services-Misc. Amusement & Recreation
LYV,"Live Nation Entertainment, Inc.",0.29,0.74,33,24,56,Consumer Discretionary,Services-Misc. Amusement & Recreation
OTSKY,"Otsuka Holdings Co., Ltd.",2.03,0.35,65,43,75,Healthcare,Drug Manufacturers - General
ADM,Archer-Daniels-Midland Company,1.36,-5.13,22,20,80,Consumer Staples,Packaged Foods
KR,The Kroger Co.,3.65,7.83,59,45,43,Consumer Staples,Food Chains
DCNSF,"Daiichi Life Group, Inc.",0.0,11.21,85,82,87,Financial Services,Insurance - Life
HLBZF,Heidelberg Materials AG,-2.46,-14.49,0,0,8,Basic Materials,Building Materials
PWCDF,Power Corporation of Canada,0.65,-7.26,9,12,75,Financial Services,Insurance - Life
DLICY,"Daiichi Life Group, Inc.",-1.0,-2.69,0,2,79,Financial Services,Insurance - Life
DTRUY,Daimler Truck Holding AG,0.66,-9.81,7,10,47,Industrials,Farm & Heavy Construction Machinery
UAL,"United Airlines Holdings, Inc.",-2.48,0.89,0,0,39,Consumer Discretionary,Air Freight/Delivery Services
ADRNY,Koninklijke Ahold Delhaize N.V.,1.76,0.83,38,32,25,Consumer Defensive,Grocery Stores
VMC,Vulcan Materials Company,0.87,-1.73,23,23,18,Industrials,Mining & Quarrying of Nonmetallic Minerals (No Fuels)
HUM,Humana Inc.,-2.37,-3.4,34,26,88,Health Care,Medical Specialities
PPRUY,Kering SA,-1.6,-13.73,0,3,9,Consumer Cyclical,Luxury Goods
TSCDY,Tesco PLC,6.04,5.59,100,69,61,Consumer Defensive,Grocery Stores
AHODF,Koninklijke Ahold Delhaize N.V.,0.0,-1.88,9,13,20,Consumer Defensive,Grocery Stores
AXON,"Axon Enterprise, Inc.",2.79,-12.85,14,14,12,Industrials,Ordnance And Accessories
NIPNF,NEC Corporation,1.57,-1.87,77,63,64,Technology,Information Technology Services
PUK,Prudential plc,1.44,-10.2,12,13,17,Finance,Life Insurance
FRFHF,Fairfax Financial Holdings Limited,0.99,-2.47,14,16,26,Financial Services,Insurance - Property & Casualty
NHOLF,"Sompo Holdings, Inc.",-1.11,-4.65,0,2,80,Financial Services,Insurance - Property & Casualty
PSZKY,Powszechna Kasa Oszczednosci Bank Polski Spólka Akcyjna,-1.29,-9.27,0,0,80,Financial Services,Banks - Regional
DTGHF,Daimler Truck Holding AG,0.0,-8.04,11,13,53,Industrials,Farm & Heavy Construction Machinery
SHNDY,Schindler Holding AG,-0.77,-0.81,0,8,26,Industrials,Specialty Industrial Machinery
JD,"JD.com, Inc.",-0.44,-0.41,53,39,30,Consumer Discretionary,Other Specialty Stores
GFI,Gold Fields Limited,2.31,-19.72,9,10,31,Basic Materials,Precious Metals
MLM,"Martin Marietta Materials, Inc.",0.53,-4.16,11,14,13,Industrials,Mining & Quarrying of Nonmetallic Minerals (No Fuels)
GFIOF,Gold Fields Limited,0.14,-21.04,3,5,96,Basic Materials,Gold
HNDAF,"Honda Motor Co., Ltd.",0.0,12.7,65,61,79,Consumer Cyclical,Auto Manufacturers
ADYYF,Adyen N.V.,-2.16,-8.88,1,1,16,Technology,Software - Infrastructure
BBDO,Banco Bradesco S.A.,-2.07,18.68,77,80,82,Finance,Major Banks
VOD,Vodafone Group Public Limited Company,-1.85,-4.9,5,8,79,Telecommunications,Telecommunications Equipment
SAABF,Saab AB (publ),-0.76,-0.65,0,5,42,Industrials,Aerospace & Defense
SHLRF,Schindler Holding AG,0.0,-3.0,7,12,26,Industrials,Specialty Industrial Machinery
QSR,Restaurant Brands International Inc.,1.77,-6.8,14,15,46,Consumer Discretionary,Restaurants
RDDT,"Reddit, Inc.",2.46,0.73,57,46,16,Technology,EDP Services
RBLX,Roblox Corporation,-1.92,1.43,36,31,7,Technology,Computer Software: Prepackaged Software
LVS,Las Vegas Sands Corp.,0.81,-15.26,6,8,8,Consumer Discretionary,Hotels/Resorts
GVDBF,Givaudan SA,0.0,-5.1,16,21,48,Basic Materials,Specialty Chemicals
HBANP,Huntington Bancshares Incorporated,-2.0,-5.48,0,0,31,Finance,Major Banks
HBANL,Huntington Bancshares Incorporated,0.41,0.61,23,22,50,Finance,Major Banks
ALC,Alcon Inc.,0.21,-5.14,6,10,21,Health Care,Ophthalmic Goods
DNZOY,DENSO Corporation,-0.43,-4.73,0,6,25,Consumer Cyclical,Auto Parts
FNLPF,Fresnillo plc,1.13,-10.96,8,11,31,Basic Materials,Other Precious Metals & Mining
KYOCF,Kyocera Corporation,0.0,7.59,80,43,91,Industrials,Conglomerates
CMXHF,CSL Limited,0.0,-0.12,49,34,85,Healthcare,Biotechnology
TS,Tenaris S.A.,1.82,-0.58,41,33,80,Industrials,Steel/Iron Ore
KMB,Kimberly-Clark Corporation,1.31,-0.75,46,34,32,Consumer Discretionary,Containers/Packaging
MLYBY,Malayan Banking Berhad,0.0,-5.16,2,7,24,Financial Services,Banks - Regional
AVIFY,Advanced Info Service Public Company Limited,2.65,-6.68,28,26,35,Communication Services,Telecom Services
SBGOF,Standard Bank Group Limited,0.0,-13.64,21,20,40,Financial Services,Banks - Regional
FANDF,FirstRand Limited,-10.47,72.46,79,81,98,Financial Services,Banks - Diversified
FANDY,FirstRand Limited,-1.28,-10.88,0,2,48,Financial Services,Banks - Diversified
DSNKY,"Daiichi Sankyo Company, Limited",-1.05,-2.97,0,2,22,Healthcare,Drug Manufacturers - General
SXYAY,Sika AG,-0.91,-8.94,0,3,56,Basic Materials,Specialty Chemicals
ACGLO,Arch Capital Group Ltd.,0.44,-0.76,17,22,34,Finance,Property-Casualty Insurers
SGBLY,Standard Bank Group Limited,-0.17,-6.46,2,7,51,Financial Services,Banks - Regional
TLLXY,Talanx AG,0.0,0.0,19,20,75,Financial Services,Insurance - Diversified
TGOPF,3i Group plc,-2.75,-14.63,0,1,11,Financial Services,Asset Management
AJINF,"Ajinomoto Co., Inc.",0.0,7.94,65,57,70,Consumer Defensive,Packaged Foods
NTRS,Northern Trust Corporation,0.19,-9.98,4,8,64,Finance,Major Banks
HENOY,Henkel AG & Co. KGaA,0.19,-2.71,38,33,54,Consumer Defensive,Household & Personal Products
MITEY,"Mitsubishi Estate Co., Ltd.",0.09,-5.69,5,9,19,Real Estate,Real Estate - Diversified
SVNDY,"Seven & i Holdings Co., Ltd.",0.0,-4.24,7,11,29,Consumer Defensive,Grocery Stores
QIHCF,"Haier Smart Home Co., Ltd.",0.0,0.0,19,20,58,Consumer Cyclical,"Furnishings, Fixtures & Appliances"
AMRZ,AMRZ,0.3,-9.74,5,9,8,Industrials,Building Materials
VG,"Venture Global, Inc.",1.84,-14.03,19,16,83,Utilities,Oil/Gas Transmission
NSKFF,Kongsberg Gruppen ASA,-7.27,-10.25,0,0,49,Industrials,Aerospace & Defense
SVNLF,Svenska Handelsbanken AB (publ),-2.64,-2.89,19,19,58,Financial Services,Banks - Diversified
VEOEF,Veolia Environnement SA,-0.17,-4.58,15,17,33,Industrials,Waste Management
SVNLY,Svenska Handelsbanken AB (publ),0.53,-1.96,14,17,72,Financial Services,Banks - Diversified
GBOOY,"Grupo Financiero Banorte, S.A.B. de C.V.",-1.06,-11.25,3,7,55,Financial Services,Banks - Regional
DASTY,Dassault Systèmes SE,1.28,4.08,67,48,55,Technology,Software - Application
POPMF,Pop Mart International Group Limited,-2.88,0.91,18,8,6,,
BIIB,Biogen Inc.,-1.67,1.39,0,0,79,Health Care,Biotechnology: Biological Products (No Diagnostic Substances)
SHG,"Shinhan Financial Group Co., Ltd.",-2.24,-7.2,0,0,81,Finance,Major Banks
CQP,"Cheniere Energy Partners, L.P.",0.58,-7.25,30,27,68,Utilities,Oil/Gas Transmission
TSEM,Tower Semiconductor Ltd.,-7.85,9.94,55,51,95,Technology,Semiconductors
DXCM,"DexCom, Inc.",0.13,-0.12,20,22,79,Health Care,Medical/Dental Instruments
CASY,"Casey's General Stores, Inc.",1.43,2.33,100,81,34,Consumer Discretionary,Retail-Auto Dealers and Gas Stations
KHNGF,Kuehne + Nagel International AG,2.31,4.02,45,41,76,Industrials,Integrated Freight & Logistics
HNNMY,H & M Hennes & Mauritz AB (publ),1.25,-3.58,32,28,27,Consumer Cyclical,Apparel Manufacturing
REPYY,"Repsol, S.A.",5.02,0.5,52,54,94,Energy,Oil & Gas Integrated
SAXPY,Sampo Oyj,0.21,-10.2,4,8,26,Financial Services,Insurance - Diversified
SYM,Symbotic Inc.,-2.89,2.34,1,0,13,Industrials,Industrial Machinery/Components
VWDRY,Vestas Wind Systems A/S,-0.21,-14.34,1,4,63,Industrials,Specialty Industrial Machinery
LDSVF,Chocoladefabriken Lindt & Sprüngli AG,-0.08,-11.26,35,32,8,Consumer Defensive,Confectioners
AMADY,"Amadeus IT Group, S.A.",-0.05,-9.09,3,7,28,Technology,Information Technology Services
RMD,ResMed Inc.,0.33,3.26,47,36,44,Health Care,Medical/Dental Instruments
IMBBF,Imperial Brands PLC,0.85,1.03,38,31,21,Consumer Defensive,Tobacco
PGPHF,Partners Group Holding AG,-2.11,-12.09,0,0,7,Financial Services,Asset Management
KHNGY,Kuehne + Nagel International AG,1.08,2.9,37,41,80,Industrials,Integrated Freight & Logistics
BRDCY,Bridgestone Corporation,1.41,0.91,61,40,64,Consumer Cyclical,Auto Parts
SAXPF,Sampo Oyj,0.0,-7.21,6,10,32,Financial Services,Insurance - Diversified
SGGKF,Singapore Technologies Engineering Ltd,0.0,6.5,87,88,63,Industrials,Aerospace & Defense
EXPE,"Expedia Group, Inc.",4.35,-2.44,29,26,60,Consumer Discretionary,Transportation Services
REPYF,"Repsol, S.A.",0.0,-2.8,7,15,93,Energy,Oil & Gas Integrated
MDB,"MongoDB, Inc.",2.29,-0.67,35,34,74,Technology,Computer Software: Prepackaged Software
BESVF,BE Semiconductor Industries N.V.,-0.81,-6.03,0,4,48,Technology,Semiconductor Equipment & Materials
ANPDY,ANTA Sports Products Limited,0.25,0.51,22,21,31,Consumer Cyclical,Leisure
YZCAY,Yankuang Energy Group Company Limited,3.92,-13.17,22,21,64,Energy,Thermal Coal
FTAIM,FTAI Aviation Ltd.,0.65,-0.75,23,22,55,Industrials,Misc Corporate Leasing Services
VWSYF,Vestas Wind Systems A/S,-2.71,-16.03,0,0,61,Industrials,Specialty Industrial Machinery
ANPDF,ANTA Sports Products Limited,0.0,-2.33,13,17,33,Consumer Cyclical,Leisure
P,"Everpure, Inc.",-1.37,60.01,97,100,97,Technology,Electronic Components
WNGRF,George Weston Limited,1.89,-0.43,41,33,57,Consumer Defensive,Grocery Stores
ZTCOF,ZTE Corporation,0.0,2.64,46,47,17,Technology,Communication Equipment
MTSFF,"Mitsui Fudosan Co., Ltd.",0.0,-5.37,5,11,21,Real Estate,Real Estate - Diversified
GELHY,Geely Automobile Holdings Limited,-1.66,-8.86,2,4,11,Consumer Cyclical,Auto Manufacturers
NVZMF,Novozymes A/S,-4.61,-3.92,0,0,51,Basic Materials,Specialty Chemicals
ALPMY,Astellas Pharma Inc.,-0.28,-0.14,10,14,60,Healthcare,Drug Manufacturers - General
FQVLF,First Quantum Minerals Ltd.,-1.3,-14.23,0,0,49,Basic Materials,Copper
CAJPY,Canon Inc.,0.86,5.21,65,40,55,Technology,Computer Hardware
LNDMY,Lundin Mining Corporation,0.0,0.0,19,20,43,Basic Materials,Copper
FOXA,Fox Corporation,1.39,-2.47,23,22,57,Industrials,Broadcasting
PHG,Koninklijke Philips N.V.,0.87,-1.22,25,23,25,Health Care,Medical Electronics
NTOIF,Neste Oyj,1.6,-1.24,50,43,92,Energy,Oil & Gas Refining & Marketing
NTOIY,Neste Oyj,3.72,-2.51,35,34,91,Energy,Oil & Gas Refining & Marketing
EXXRF,Exor N.V.,-0.42,-6.63,10,14,28,Industrials,Farm & Heavy Construction Machinery
BKRKY,PT Bank Rakyat Indonesia (Persero) Tbk,-2.75,-9.48,2,5,38,Financial Services,Banks - Regional
AVVIY,Aviva plc,0.06,-5.41,5,9,55,Financial Services,Insurance - Diversified
AFRM,"Affirm Holdings, Inc.",2.44,13.47,100,97,61,Finance,Finance: Consumer Services
SFHOY,"S.F. Holding Co., Ltd.",0.75,-0.14,43,33,25,Industrials,Integrated Freight & Logistics
PUBGY,Publicis Groupe S.A.,0.37,-5.02,15,16,72,Communication Services,Advertising Agencies
THNBY,Technoprobe S.p.A.,2.78,26.07,100,100,98,Unknown,Unknown
NHYKF,Norsk Hydro ASA,0.25,-16.8,4,7,35,Basic Materials,Aluminum
SZKMY,Suzuki Motor Corporation,0.64,0.7,40,34,42,Consumer Cyclical,Auto Manufacturers
AIBRF,AIB Group plc,-2.09,-7.2,32,29,76,Financial Services,Banks - Regional
AONNY,"Aeon Co., Ltd.",-0.52,-13.16,0,3,8,Consumer Cyclical,Department Stores
HXGBF,Hexagon AB (publ),0.0,-0.28,65,48,55,Technology,Scientific & Technical Instruments
FUJIF,FUJIFILM Holdings Corporation,0.0,8.76,61,43,47,Industrials,Conglomerates
FMX,"Fomento Económico Mexicano, S.A.B. de C.V.",1.38,0.99,30,26,64,Consumer Staples,Beverages (Production/Distribution)
WRTBY,Wärtsilä Oyj Abp,-1.8,-0.54,34,22,38,Industrials,Specialty Industrial Machinery
BG,Bunge Global SA,2.19,-13.46,14,15,58,Consumer Staples,Packaged Foods
ATI,ATI Inc.,-0.56,-5.46,29,19,90,Industrials,Steel/Iron Ore
MTD,Mettler-Toledo International Inc.,-0.26,19.43,87,82,72,Industrials,Biotechnology: Laboratory Analytical Instruments
BNNCY,Banco BPM S.p.A.,0.0,-4.27,8,13,80,Financial Services,Banks - Regional
CPAY,"Corpay, Inc.",-0.09,-1.56,32,22,83,Consumer Discretionary,Business Services
WTW,Willis Towers Watson Public Limited Company,2.47,-5.25,24,23,41,Finance,Specialty Insurers
NXT,Nextpower Inc.,-0.91,4.81,73,77,21,Industrials,Industrial Machinery/Components
LSRCF,Lasertec Corporation,0.0,12.65,86,87,99,Technology,Semiconductor Equipment & Materials
SOFI,"SoFi Technologies, Inc.",-0.32,-9.3,1,5,10,Finance,Finance: Consumer Services
NRSCF,"Nomura Holdings, Inc.",0.0,0.53,19,22,69,Financial Services,Capital Markets
AER,AerCap Holdings N.V.,0.18,1.69,14,21,48,Consumer Discretionary,Diversified Commercial Services
INSM,Insmed Incorporated,-1.24,-21.06,0,0,8,Health Care,Biotechnology: Pharmaceutical Preparations
ALFVY,Alfa Laval AB (publ),-0.81,0.34,45,32,55,Industrials,Specialty Industrial Machinery
SZKMF,Suzuki Motor Corporation,0.0,-9.61,25,23,41,Consumer Cyclical,Auto Manufacturers
CJPRF,Central Japan Railway Company,0.0,182.52,98,98,99,Industrials,Railroads
IHG,InterContinental Hotels Group PLC,-0.26,4.39,46,44,68,Consumer Discretionary,Hotels/Resorts
WRTBF,Wärtsilä Oyj Abp,0.0,-1.23,41,32,42,Industrials,Specialty Industrial Machinery
HPGLY,Hapag-Lloyd Aktiengesellschaft,-2.99,-7.41,0,0,71,Industrials,Marine Shipping
AKRBY,Aker BP ASA,0.0,0.29,83,63,90,Energy,Oil & Gas E&P
FCNCN,"First Citizens BancShares, Inc. Depositary Shares, each representing a 1/40th interest in a share of 6.625% Non-Cumulative Perpetual Preferred Stock, Series E",-0.09,-5.46,17,19,35,Finance,Major Banks
IREN,IREN Limited,-7.7,-18.17,0,0,16,Technology,EDP Services
CLLNY,"Cellnex Telecom, S.A.",-0.71,-13.06,4,6,15,Real Estate,Real Estate Services
ZS,"Zscaler, Inc.",1.53,32.62,100,100,87,Technology,EDP Services
SGSOY,SGS SA,0.98,-0.09,44,33,51,Industrials,Consulting Services
CMS,CMS Energy Corporation,0.41,-3.46,44,29,25,Utilities,Power Generation
CAOVF,China Overseas Land & Investment Limited,0.0,-12.33,3,6,41,Real Estate,Real Estate - Development
TRUMF,Terumo Corporation,-11.49,-9.23,0,0,33,Healthcare,Medical Instruments & Supplies
NNGPF,NN Group N.V.,-0.4,-4.92,0,6,61,Financial Services,Insurance - Diversified
EMBVF,"Arca Continental, S.A.B. de C.V.",1.65,-6.37,34,31,39,Consumer Defensive,Beverages - Non-Alcoholic
BDRXF,Bombardier Inc.,0.0,-7.44,88,72,52,Industrials,Aerospace & Defense
FUWAF,"Furukawa Electric Co., Ltd.",0.0,0.29,20,21,4,Industrials,Electrical Equipment & Parts
NI,NiSource Inc.,-0.02,-2.15,41,34,27,Utilities,Power Generation
IPOAF,"Industrias Peñoles, S.A.B. de C.V.",0.0,-12.33,4,7,50,Basic Materials,Other Industrial Metals & Mining
BDRAF,Bombardier Inc.,-1.04,-5.94,0,2,66,Industrials,Aerospace & Defense
LPLA,LPL Financial Holdings Inc.,0.99,-5.55,43,35,49,Finance,Investment Bankers/Brokers/Service
CAOVY,China Overseas Land & Investment Limited,1.8,4.56,80,75,61,Real Estate,Real Estate - Development
PPERF,PT Bank Mandiri (Persero) Tbk,13.54,6.46,74,63,41,Financial Services,Banks - Regional
FFIV,"F5, Inc.",-1.07,15.86,90,98,89,Telecommunications,Computer Communications Equipment
DGX,Quest Diagnostics Incorporated,1.65,0.23,17,18,79,Health Care,Medical Specialities
SW,Smurfit Westrock Plc,0.39,-1.8,6,11,47,Consumer Discretionary,Containers/Packaging
VIV,Telefônica Brasil S.A.,-0.47,6.69,100,100,40,Telecommunications,Telecommunications Equipment
LH,Labcorp Holdings Inc.,0.71,2.36,28,23,75,Health Care,Medical Specialities
SHWDY,Resonac Holdings Corporation,4.14,10.03,100,100,96,Basic Materials,Chemicals
VONOY,Vonovia SE,-2.67,-11.87,0,0,7,Real Estate,Real Estate Services
FOJCF,Fortum Oyj,0.0,-5.48,7,11,83,Utilities,Utilities - Renewable
NXGPF,NEXT plc,0.0,-8.12,5,9,52,Consumer Cyclical,Apparel Retail
SNX,TD SYNNEX Corporation,-1.5,4.66,26,26,90,Technology,Retail: Computer Software & Peripheral Equipment
FOJCY,Fortum Oyj,4.81,-6.61,33,30,78,Utilities,Utilities - Renewable
CCHGY,Coca-Cola HBC AG,0.55,-6.75,7,10,52,Consumer Defensive,Beverages - Non-Alcoholic
WWD,"Woodward, Inc.",-0.25,-2.8,3,11,34,Energy,Industrial Machinery/Components
ALB,Albemarle Corporation,-0.63,-16.11,0,3,14,Industrials,Major Chemicals
EXPD,"Expeditors International of Washington, Inc.",1.5,2.32,63,41,85,Industrials,Integrated Freight & Logistics
AS,"Amer Sports, Inc.",1.18,0.15,41,26,12,Consumer Discretionary,Apparel
TLSNF,Telia Company AB (publ),0.0,0.44,21,22,56,Communication Services,Telecom Services
TLSNY,Telia Company AB (publ),1.57,-3.1,32,30,53,Communication Services,Telecom Services
BURL,"Burlington Stores, Inc.",1.57,16.3,96,99,25,Consumer Discretionary,Department/Specialty Retail Stores
KUBTY,Kubota Corporation,-3.16,-7.0,0,0,60,Industrials,Farm & Heavy Construction Machinery
ELCPF,"EDP, S.A.",-0.19,-1.91,3,8,56,Utilities,Utilities - Diversified
VLTO,Veralto Corporation,0.78,3.38,42,29,48,Industrials,Electrical Products
LSCC,Lattice Semiconductor Corporation,-4.59,9.5,63,59,83,Technology,Semiconductors
BSBR,Banco Santander (Brasil) S.A.,-1.02,-1.02,59,48,58,Finance,Commercial Banks
ULS,UL Solutions Inc.,5.24,-0.63,77,55,20,Health Care,Precision Instruments
LGGNY,Legal & General Group Plc,-0.26,-1.54,2,8,71,Financial Services,Asset Management
CDE,"Coeur Mining, Inc.",2.24,-17.06,10,11,35,Basic Materials,Precious Metals
LGGNF,Legal & General Group Plc,-1.75,-2.0,51,40,69,Financial Services,Asset Management
FYGGY,"Fuyao Glass Industry Group Co., Ltd.",7.4,0.44,62,52,36,Consumer Cyclical,Auto Parts
DD,"DuPont de Nemours, Inc.",1.07,4.05,100,48,59,Industrials,Major Chemicals
RBA,"RB Global, Inc.",4.51,4.33,49,39,14,Consumer Discretionary,Business Services
CXMSF,"CEMEX, S.A.B. de C.V.",0.0,-14.81,2,6,16,Basic Materials,Building Materials
JMHLY,Jardine Matheson Holdings Limited,1.65,-2.19,50,38,22,Industrials,Conglomerates
KNRRY,Knorr-Bremse AG,-1.18,-5.96,2,7,44,Consumer Cyclical,Auto Parts
IFF,International Flavors & Fragrances Inc.,0.64,1.19,47,35,80,Industrials,Major Chemicals
SAUHY,Straumann Holding AG,-3.58,-8.38,0,0,24,Healthcare,Medical Instruments & Supplies
SNA,Snap-on Incorporated,-0.28,-4.26,2,9,41,Consumer Discretionary,Industrial Machinery/Components
HLDCY,Henderson Land Development Company Limited,0.3,-0.3,24,29,50,Real Estate,Real Estate - Diversified
WSPOF,WSP Global Inc.,-0.02,-12.8,2,6,11,Industrials,Engineering & Construction
NPSCY,Nippon Steel Corporation,-1.46,-9.82,0,0,60,Basic Materials,Steel
BCH,Banco de Chile,2.3,-7.43,22,21,58,Finance,Commercial Banks
NATKY,National Atomic Company Kazatomprom JSC,0.0,-8.61,5,9,56,Energy,Uranium
IVBXF,"Innovent Biologics, Inc.",-6.25,0.0,23,12,56,Healthcare,Biotechnology
KGHPF,KGHM Polska Miedz S.A.,0.0,-6.36,20,17,81,Basic Materials,Copper
CABGY,Carlsberg A/S,0.5,-2.06,36,27,49,Consumer Defensive,Beverages - Brewers
GXYEF,Galaxy Entertainment Group Limited,6.52,-10.3,32,30,27,Consumer Cyclical,Resorts & Casinos
ARXS,"Arxis, Inc.",-0.6,-10.02,0,4,76,Industrials,Military/Government/Technical
WLMIF,Wilmar International Limited,0.0,2.04,57,33,73,Consumer Defensive,Packaged Foods
HALFF,HAL Trust,0.0,-2.02,22,16,58,Financial Services,Asset Management
CIB,Grupo Cibest S.A.,0.41,-7.34,21,17,91,Finance,Commercial Banks
TIIAY,Telecom Italia S.p.A.,-3.24,-27.64,0,0,20,Communication Services,Telecom Services
GIS,"General Mills, Inc.",2.58,-9.37,15,16,18,Consumer Staples,Packaged Foods
KAJMY,Kajima Corporation,-3.14,-0.54,12,15,25,Industrials,Engineering & Construction
VDMCY,Vodacom Group Limited,0.11,-0.85,28,23,60,Communication Services,Telecom Services
AMCR,Amcor plc,1.5,-2.6,33,27,53,Consumer Discretionary,Miscellaneous manufacturing industries
APG,APi Group Corporation,-0.57,6.96,69,74,45,Consumer Discretionary,Engineering & Construction
DNGFF,Dongfang Electric Corporation Limited,0.0,4.35,74,70,27,Industrials,Specialty Industrial Machinery
BR,"Broadridge Financial Solutions, Inc.",3.17,-1.8,38,33,39,Consumer Discretionary,Business Services
UFGSY,Unipol Assicurazioni S.p.A.,-11.65,-22.3,0,0,70,Financial Services,Insurance - Property & Casualty
PL,Planet Labs PBC,-3.15,3.0,40,46,9,Technology,Radio And Television Broadcasting And Communications Equipment
SOAGY,Sartorius Aktiengesellschaft,-3.74,4.6,31,8,52,Healthcare,Medical Instruments & Supplies
WY,Weyerhaeuser Company,3.23,-12.82,16,17,16,Real Estate,Real Estate Investment Trusts
SIELF,"Shanghai Electric Group Co., Ltd.",0.0,0.0,19,20,10,Industrials,Specialty Industrial Machinery
BDNNY,Boliden AB (publ),-0.47,-6.64,26,23,48,Basic Materials,Other Industrial Metals & Mining
WLMIY,Wilmar International Limited,-1.39,-5.06,16,17,59,Consumer Defensive,Packaged Foods
ESS,"Essex Property Trust, Inc.",0.2,-0.08,13,16,51,Real Estate,Real Estate Investment Trusts
GXYYY,Galaxy Entertainment Group Limited,0.36,-3.36,10,13,27,Consumer Cyclical,Resorts & Casinos
ITT,ITT Inc.,-0.84,1.26,0,5,55,Industrials,Fluid Controls
KAOOY,Kao Corporation,1.09,0.81,56,38,69,Consumer Defensive,Household & Personal Products
WXIBF,WuXi Biologics (Cayman) Inc.,-4.27,15.18,80,84,93,Healthcare,Biotechnology
AARTY,Airtel Africa Plc,1.35,-15.36,15,13,90,Communication Services,Telecom Services
BKZHY,Erste Bank Polska S.A.,0.0,-7.52,24,22,91,Unknown,Unknown
AAFRF,Airtel Africa Plc,0.0,-12.17,5,6,42,Communication Services,Telecom Services
GH,"Guardant Health, Inc.",-1.65,4.11,21,3,95,Health Care,Medical Specialities
YAHOF,LY Corporation,0.0,7.39,76,37,86,Consumer Cyclical,Internet Retail
H,Hyatt Hotels Corporation,1.46,-1.21,28,25,36,Consumer Discretionary,Hotels/Resorts
JBARF,Julius Bär Gruppe AG,1.99,-7.14,24,23,63,Financial Services,Asset Management
KGSPF,Kingspan Group plc,0.73,-7.81,14,16,84,Industrials,Building Products & Equipment
WES,"Western Midstream Partners, LP",0.59,-4.92,18,18,74,Utilities,Natural Gas Distribution
CLPXY,China Longyuan Power Group Corporation Limited,7.63,-2.36,69,56,17,Utilities,Utilities - Renewable
EWBC,"East West Bancorp, Inc.",0.78,-2.41,20,20,60,Finance,Major Banks
SINGY,Singapore Airlines Limited,-1.16,-1.44,8,2,43,Industrials,Airlines
ZTO,ZTO Express (Cayman) Inc.,0.51,-4.56,24,20,26,Industrials,Trucking Freight/Courier Services
SGIOF,"Shionogi & Co., Ltd.",0.0,3.22,100,77,50,Healthcare,Drug Manufacturers - Specialty & Generic
SGIOY,"Shionogi & Co., Ltd.",0.23,-3.21,23,23,38,Healthcare,Drug Manufacturers - Specialty & Generic
KGSPY,Kingspan Group plc,-0.78,-6.81,0,4,85,Industrials,Building Products & Equipment
BBY,"Best Buy Co., Inc.",4.5,1.4,35,32,82,Consumer Discretionary,Consumer Electronics/Video Chains
SINGF,Singapore Airlines Limited,3.77,3.77,100,84,59,Industrials,Airlines
GNRC,Generac Holdings Inc.,1.38,23.52,100,100,77,Consumer Discretionary,Metal Fabrications
CG,The Carlyle Group Inc.,1.56,-10.87,14,16,11,Finance,Investment Managers
EUXTF,Euronext N.V.,-0.8,3.6,72,48,78,Financial Services,Financial Data & Stock Exchanges
AGESY,ageas SA/NV,-1.1,-6.5,0,2,65,Financial Services,Insurance - Diversified
XPNGF,XPeng Inc.,0.0,-13.98,37,34,3,Consumer Cyclical,Auto Manufacturers
RBRK,RBRK,-2.3,35.97,89,91,95,Technology,Computer Software: Prepackaged Software
KONMY,Konami Group Corporation,0.0,2.93,83,77,62,Communication Services,Electronic Gaming & Multimedia
LDOS,"Leidos Holdings, Inc.",4.99,-7.67,28,26,18,Technology,EDP Services
CDW,CDW Corporation,2.24,-1.91,36,31,50,Technology,Retail: Computer Software & Peripheral Equipment
NDSN,Nordson Corporation,-0.25,6.32,59,51,83,Industrials,Industrial Machinery/Components
NVMI,Nova Ltd.,-6.14,-3.13,23,3,20,Technology,Electronic Components
ZBH,"Zimmer Biomet Holdings, Inc.",0.44,-3.6,6,9,37,Health Care,Industrial Specialties
SONVF,Sonova Holding AG,-0.61,7.53,87,94,75,Healthcare,Medical Devices
BOLSY,"B3 S.A. - Brasil, Bolsa, Balcão",2.57,30.58,90,93,94,Financial Services,Financial Data & Stock Exchanges
WOLTF,Wolters Kluwer N.V.,0.0,2.13,23,27,31,Industrials,Specialty Business Services
AGESF,ageas SA/NV,0.0,0.0,19,20,68,Financial Services,Insurance - Diversified
CVCCF,CVC Capital Partners plc,0.0,-17.02,2,6,38,Financial Services,Asset Management
JDHIY,JD Health International Inc.,0.87,-7.92,11,14,10,Healthcare,Pharmaceutical Retailers
LULU,lululemon athletica inc.,0.87,-4.34,10,13,4,Consumer Discretionary,Apparel
GLPEF,"Galp Energia, SGPS, S.A.",1.76,1.8,64,42,84,Energy,Oil & Gas Integrated
KAEPF,"The Kansai Electric Power Company, Incorporated",0.0,2.81,22,16,74,Utilities,Utilities - Renewable
LTM,LATAM Airlines Group S.A.,-1.04,-0.47,43,44,38,Consumer Discretionary,Air Freight/Delivery Services
NPPHY,"Nippon Paint Holdings Co., Ltd.",2.66,7.87,100,100,85,Basic Materials,Specialty Chemicals
SOUHY,South32 Limited,-0.17,-3.58,7,13,89,Basic Materials,Other Industrial Metals & Mining
WSE,Wise Group plc,-1.1,-2.1,29,20,15,Industrials,Diversified Commercial Services
PZAKY,Powszechny Zaklad Ubezpieczen SA,0.0,3.28,10,8,70,Financial Services,Insurance - Property & Casualty
SUI,"Sun Communities, Inc.",0.91,-1.74,17,18,31,Real Estate,Real Estate Investment Trusts
BKNIY,"Bankinter, S.A.",-0.12,-11.39,2,6,52,Financial Services,Banks - Regional
EDVMF,Endeavour Mining plc,-1.21,-13.81,0,1,65,Basic Materials,Gold
TOST,"Toast, Inc.",-0.07,-4.41,25,21,43,Technology,EDP Services
MAA,"Mid-America Apartment Communities, Inc.",1.73,-6.66,17,18,26,Real Estate,Real Estate Investment Trusts
BKIMF,"Bankinter, S.A.",0.0,0.0,19,20,78,Financial Services,Banks - Regional
WSO,"Watsco, Inc.",-0.15,-9.22,2,7,10,Consumer Discretionary,Industrial Machinery/Components
ENLT,Enlight Renewable Energy Ltd,1.56,-9.27,13,15,80,Utilities,Electric Utilities: Central
EVVTY,Evolution AB (publ),0.96,-8.68,15,14,74,Consumer Cyclical,Gambling
SGI,Somnigroup International Inc.,0.94,-5.7,11,13,13,Consumer Discretionary,Home Furnishings
BMBOY,"Grupo Bimbo, S.A.B. de C.V.",0.0,-10.86,4,8,30,Consumer Defensive,Packaged Foods
MPFRF,"Mapfre, S.A.",0.0,0.0,19,20,78,Financial Services,Insurance - Diversified
BSAC,Banco Santander-Chile,0.95,-9.44,10,13,53,Finance,Commercial Banks
NCBDY,BANDAI NAMCO Holdings Inc.,1.68,7.01,53,38,90,Consumer Cyclical,Leisure
KPCPY,Kasikornbank Public Company Limited,-2.22,-9.03,0,2,73,Financial Services,Banks - Regional
LFCBY,Lifco AB (publ),1.12,-4.01,55,31,40,Industrials,Conglomerates
COVTY,Covestro AG,1.83,-2.57,27,25,41,Basic Materials,Specialty Chemicals
SNLAY,Sino Land Company Limited,0.0,-6.06,57,46,35,Real Estate,Real Estate - Development
AUR,"Aurora Innovation, Inc.",0.17,-9.48,30,25,66,Technology,EDP Services
KPELF,Keppel Ltd.,0.0,-4.7,16,12,66,Industrials,Conglomerates
CRERF,Carrefour SA,0.0,-4.74,8,12,71,Consumer Defensive,Grocery Stores
MPFRY,"Mapfre, S.A.",0.0,-0.92,19,20,51,Financial Services,Insurance - Diversified
OBYCF,Obayashi Corporation,-2.95,-167.6,97,97,1,Industrials,Engineering & Construction
SWGAY,The Swatch Group AG,-1.66,-1.66,0,0,36,Consumer Cyclical,Luxury Goods
REG,Regency Centers Corporation,0.96,-4.12,18,18,39,Real Estate,Real Estate Investment Trusts
J,Jacobs Solutions Inc.,1.64,-1.38,22,21,56,Industrials,Military/Government/Technical
CHKP,Check Point Software Technologies Ltd.,3.4,3.24,45,36,23,Technology,Computer Software: Prepackaged Software
ARMK,Aramark,0.22,-2.15,22,18,81,Consumer Discretionary,Restaurants
ASND,Ascendis Pharma A/S,-2.5,-14.75,0,0,33,Health Care,Biotechnology: Pharmaceutical Preparations
WCPRF,Whitecap Resources Inc.,2.6,-3.44,31,24,92,Energy,Oil & Gas E&P
CLPBY,Coloplast A/S,0.78,-4.3,53,39,29,Healthcare,Medical Instruments & Supplies
CJEWY,Chow Tai Fook Jewellery Group Limited,0.0,-15.1,3,6,21,Consumer Cyclical,Luxury Goods
KNBWY,"Kirin Holdings Company, Limited",-0.06,-2.28,5,11,63,Consumer Defensive,Beverages - Brewers
NTNX,"Nutanix, Inc.",-0.42,11.75,97,100,91,Technology,Computer Software: Prepackaged Software
AKESF,"Akeso, Inc.",0.0,10.93,100,100,29,Healthcare,Biotechnology
PTAIF,PT Astra International Tbk,0.0,-1.74,5,10,29,Industrials,Conglomerates
XJNGF,"Goldwind Science&Technology Co., Ltd.",0.0,0.0,19,20,15,Industrials,Specialty Industrial Machinery
KRYAY,Kerry Group plc,-0.08,1.99,59,37,69,Consumer Defensive,Packaged Foods
OGFGF,Origin Energy Limited,0.0,0.0,19,20,70,Utilities,Utilities - Diversified
AMIGY,Admiral Group plc,0.72,-4.2,17,18,68,Financial Services,Insurance - Property & Casualty
SEGXF,SEGRO Plc,0.0,-2.77,25,22,80,Real Estate,REIT - Industrial
RPM,RPM International Inc.,1.12,0.12,54,41,33,Consumer Discretionary,Paints/Coatings
APLD,Applied Digital Corporation,0.17,-7.49,3,6,17,Finance,Finance: Consumer Services
SKHSY,"Sekisui House, Ltd.",1.48,-1.62,27,24,39,Consumer Cyclical,Residential Construction
FIG,"Figma, Inc.",4.67,2.21,54,43,21,Technology,Computer Software: Prepackaged Software
UUGWF,United Utilities Group PLC,0.0,-0.09,18,20,70,Utilities,Utilities - Regulated Water
RRX,Regal Rexnord Corporation,-2.53,2.46,65,47,25,Consumer Discretionary,Metal Fabrications
OSCUF,"Japan Exchange Group, Inc.",-6.22,6.62,49,37,75,Financial Services,Financial Data & Stock Exchanges
RYKKF,"Ryohin Keikaku Co., Ltd.",0.0,0.0,19,20,99,Consumer Cyclical,Department Stores
AEOXF,Aeroports de Paris SA,0.0,-12.1,4,7,26,Industrials,Airports & Air Services
NPNYY,Nippon Yusen Kabushiki Kaisha,3.02,-1.07,31,29,88,Industrials,Marine Shipping
SUN,Sunoco LP,2.32,-3.51,32,29,84,Energy,Integrated oil Companies
DSECF,Daiwa Securities Group Inc.,0.0,1.1,37,24,93,Financial Services,Capital Markets
IGIFF,IGM Financial Inc.,-1.7,-9.69,0,0,77,Financial Services,Asset Management
EVR,Evercore Inc.,-0.19,-5.95,29,22,13,Finance,Investment Managers
RGA,"Reinsurance Group of America, Incorporated",1.75,3.43,98,56,80,Finance,Life Insurance
ALLY,Ally Financial Inc.,1.23,-10.29,11,13,23,Finance,Major Banks
DELHY,Delivery Hero SE,0.37,-3.93,11,14,90,Consumer Cyclical,Internet Retail
SCRNY,"SCREEN Holdings Co., Ltd.",-0.12,22.46,100,100,92,Technology,Semiconductor Equipment & Materials
BBIO,"BridgeBio Pharma, Inc.",-2.2,-10.29,0,0,25,Health Care,Biotechnology: Pharmaceutical Preparations
ACCYY,Accor SA,1.0,-5.15,27,26,39,Consumer Cyclical,Lodging
GWRE,"Guidewire Software, Inc.",0.49,17.62,100,100,60,Technology,Computer Software: Prepackaged Software
ATZAF,Aritzia Inc.,-0.98,-4.28,39,28,41,Consumer Cyclical,Apparel Retail
SWRAY,Swire Pacific Limited,-0.31,-5.52,10,14,88,Industrials,Conglomerates
EG,"Everest Group, Ltd.",2.98,0.56,44,34,60,Finance,Property-Casualty Insurers
ERFSF,Eurofins Scientific SE,-0.3,0.07,1,8,59,Healthcare,Diagnostics & Research
IMPUY,Impala Platinum Holdings Limited,1.16,-16.1,6,8,30,Basic Materials,Other Precious Metals & Mining
MKC,"McCormick & Company, Incorporated",1.52,-10.1,17,16,16,Consumer Staples,Packaged Foods
AETUF,ARC Resources Ltd.,1.76,14.44,75,69,85,Energy,Oil & Gas E&P
ROHCF,"ROHM Co., Ltd.",0.0,0.51,22,22,93,Technology,Semiconductors
SNNUF,Smith & Nephew plc,0.0,-16.17,3,6,20,Healthcare,Medical Devices
CNH,CNH Industrial N.V.,-2.65,-10.15,0,0,73,Industrials,Construction/Ag Equipment/Trucks
IONS,"Ionis Pharmaceuticals, Inc.",-1.95,-22.19,0,2,5,Health Care,Biotechnology: Pharmaceutical Preparations
RXEEY,Rexel S.A.,-1.21,-9.21,0,1,39,Technology,Electronics & Computer Distribution
DPMAY,Diploma PLC,1.25,8.85,81,67,84,Industrials,Industrial Distribution
SAIA,"Saia, Inc.",1.95,-1.37,43,31,27,Industrials,Trucking Freight/Courier Services
JPXGY,"Japan Exchange Group, Inc.",-0.77,-0.07,0,7,75,Financial Services,Financial Data & Stock Exchanges
PEN,"Penumbra, Inc.",0.37,-0.08,20,21,56,Health Care,Medical/Dental Instruments
MSLOY,"Mitsui O.S.K. Lines, Ltd.",1.84,0.4,23,24,90,Industrials,Marine Shipping
RCDTF,Recordati Industria Chimica e Farmaceutica S.p.A.,0.0,1.36,46,25,42,Healthcare,Drug Manufacturers - General
OLYMY,Olympus Corporation,-0.32,2.2,26,27,66,Healthcare,Medical Devices
SAPIF,Saputo Inc.,0.89,-4.89,28,26,40,Consumer Defensive,Packaged Foods
KNX,Knight-Swift Transportation Holdings Inc.,2.25,-5.77,25,23,66,Industrials,Trucking Freight/Courier Services
CCRDF,"Yokohama Financial Group, Inc.",0.0,-210.95,99,99,1,Financial Services,Banks - Regional
NYT,The New York Times Company,2.62,0.41,37,31,36,Consumer Discretionary,Newspapers/Magazines
HII,"Huntington Ingalls Industries, Inc.",1.67,-5.91,20,20,18,Industrials,Marine Transportation
YASKF,YASKAWA Electric Corporation,0.0,-4.73,57,47,56,Industrials,Electrical Equipment & Parts
ATGAF,AltaGas Ltd.,0.0,2.03,19,20,62,Energy,Oil & Gas Midstream
GFL,GFL Environmental Inc.,0.69,1.68,45,36,47,Utilities,Environmental Services
DLAKF,Deutsche Lufthansa AG,0.0,-5.97,5,10,23,Industrials,Airlines
CPYYF,Centrica plc,-5.0,-7.32,0,0,15,Utilities,Utilities - Independent Power Producers
ELS,"Equity LifeStyle Properties, Inc.",0.9,-2.09,17,18,37,Real Estate,Real Estate Investment Trusts
BTSG,"BrightSpring Health Services, Inc.",-0.22,9.99,100,100,91,Health Care,Medical/Nursing Services
AGNC,AGNC Investment Corp.,2.6,-13.72,15,15,22,Real Estate,Real Estate Investment Trusts
AGNCN,AGNC Investment Corp.,1.08,0.15,36,29,55,Real Estate,Real Estate Investment Trusts
AGNCL,AGNC Investment Corp.,0.63,0.78,25,25,57,Real Estate,Real Estate Investment Trusts
SVTRF,Severn Trent PLC,0.0,1.28,43,32,58,Utilities,Utilities - Regulated Water
PAC,"Grupo Aeroportuario del Pacífico, S.A.B. de C.V.",-2.34,-3.85,0,0,15,Consumer Discretionary,Aerospace
GL,Globe Life Inc.,1.63,-2.57,23,22,63,Finance,Life Insurance
TXRH,"Texas Roadhouse, Inc.",0.17,-10.1,21,20,31,Consumer Discretionary,Restaurants
LFUS,"Littelfuse, Inc.",-2.17,2.87,39,29,85,Energy,Electrical Products
WSOUF,Washington H. Soul Pattinson and Company Limited,0.0,9.18,81,54,86,Financial Services,Capital Markets
SCAFF,Schaeffler AG,-4.63,-21.84,0,0,91,,
HKTTY,HKT Trust and HKT Limited,-6.08,0.33,65,61,67,Communication Services,Telecom Services
GRPTF,Getlink SE,0.0,0.0,19,20,66,Industrials,Railroads
ISMAY,"Indra Sistemas, S.A.",0.83,-1.46,9,12,77,Technology,Information Technology Services
RVTY,"Revvity, Inc.",-0.94,25.81,84,87,93,Industrials,Biotechnology: Laboratory Analytical Instruments
OKLO,Oklo Inc.,-6.11,-13.31,0,0,2,Utilities,Electric Utilities: Central
MHGVY,Mowi ASA,0.86,-2.9,29,18,52,Consumer Defensive,Farm Products
MINBY,MINEBEA MITSUMI Inc.,-5.86,6.23,41,41,56,Technology,Electronic Components
AMH,American Homes 4 Rent,1.63,-2.37,25,22,42,Real Estate,Real Estate Investment Trusts
GLXY,Galaxy Digital,-6.14,-16.76,0,0,12,Finance,Investment Bankers/Brokers/Service
FMS,Fresenius Medical Care AG,0.92,-6.07,9,12,24,Health Care,Misc Health and Biotechnology Services
AAON,"AAON, Inc.",-1.35,12.32,74,72,24,Industrials,Industrial Machinery/Components
NRXXY,Nordex SE,0.0,3.85,29,22,79,Industrials,Specialty Industrial Machinery
LPGCY,"Laopu Gold Co., Ltd.",2.92,-17.75,13,14,5,Consumer Cyclical,Luxury Goods
GOFPY,Allwyn AG,2.16,-12.55,26,25,10,Consumer Cyclical,Gambling
PTAIY,PT Astra International Tbk,0.19,-2.73,39,32,18,Industrials,Conglomerates
SBMFF,Sino Biopharmaceutical Limited,0.0,-0.86,15,19,30,Healthcare,Biotechnology
GIL,Gildan Activewear Inc.,1.55,-14.37,15,16,10,Consumer Discretionary,Apparel
PINS,"Pinterest, Inc.",1.08,9.32,100,90,22,Technology,Computer Software: Programming Data Processing
ALLE,Allegion plc,1.41,-0.49,24,22,48,Consumer Discretionary,Diversified Commercial Services
WLK,Westlake Corporation,1.28,-13.0,9,11,11,Industrials,Major Chemicals
YSHLF,Yangzijiang Shipbuilding (Holdings) Ltd.,0.0,-2.21,44,31,92,Industrials,Aerospace & Defense
AR,Antero Resources Corporation,1.38,-7.94,37,31,57,Energy,Oil & Gas Production
NGKIF,NGK Corporation,0.0,12.15,100,100,90,Industrials,Specialty Industrial Machinery
TKGBY,Turkiye Garanti Bankasi A.S.,0.0,-5.88,14,10,19,Financial Services,Banks - Regional
SJM,The J. M. Smucker Company,3.0,-1.37,34,30,77,Consumer Staples,Packaged Foods
IKTSY,Intertek Group plc,0.01,-1.29,10,16,79,Industrials,Specialty Business Services
ARWR,"Arrowhead Pharmaceuticals, Inc.",-1.2,-26.61,0,1,50,Health Care,Biotechnology: Pharmaceutical Preparations
FUJHY,Subaru Corporation,0.88,-1.84,14,17,30,Consumer Cyclical,Auto Manufacturers
ASEKY,Aisin Corporation,0.85,-2.12,22,21,27,Consumer Cyclical,Auto Parts
BJ,"BJ's Wholesale Club Holdings, Inc.",3.27,10.47,100,81,66,Consumer Discretionary,Department/Specialty Retail Stores
NEXOY,"NEXON Co., Ltd.",-0.24,-18.39,1,4,31,Communication Services,Electronic Gaming & Multimedia
SPXC,"SPX Technologies, Inc.",-1.2,-9.83,0,1,14,Industrials,Industrial Machinery/Components
FRVO,Fervo Energy Company,-1.22,-12.27,10,12,1,Utilities,Electric Utilities: Central
IDKOY,"Idemitsu Kosan Co.,Ltd.",-1.91,-10.21,12,13,82,Energy,Oil & Gas Refining & Marketing
EQX,Equinox Gold Corp.,1.55,-8.85,12,15,37,Basic Materials,Precious Metals
PUGBY,"Puig Brands, S.A.",-0.14,-1.81,52,40,67,Consumer Defensive,Household & Personal Products
CR,Crane Company,-0.7,2.32,25,14,51,Industrials,Metal Fabrications
IAG,IAMGOLD Corporation,2.05,-8.41,15,18,75,Basic Materials,Precious Metals
WYNN,"Wynn Resorts, Limited",0.43,-14.85,4,7,7,Consumer Discretionary,Hotels/Resorts
TSGTF,Tsingtao Brewery Company Limited,0.0,3.6,90,76,21,Consumer Defensive,Beverages - Brewers
AES,The AES Corporation,0.0,0.88,24,23,57,Utilities,Electric Utilities: Central
RKUNF,"Rakuten Group, Inc.",0.0,-11.6,2,5,9,Consumer Cyclical,Internet Retail
AG,First Majestic Silver Corp.,1.98,-15.73,11,13,51,Basic Materials,Precious Metals
ASMVY,ASMPT Limited,-8.45,1.19,21,6,90,Technology,Semiconductor Equipment & Materials
AVAV,"AeroVironment, Inc.",-0.91,-6.44,0,2,7,Industrials,Aerospace
ESI,Element Solutions Inc,-1.24,7.43,74,73,68,Industrials,Major Chemicals
CPCAY,Cathay Pacific Airways Limited,0.0,-1.63,24,23,79,Industrials,Airlines
UHAL,U-Haul Holding Company,-2.3,-8.75,0,0,46,Consumer Discretionary,Rental/Leasing Companies
CPCAF,Cathay Pacific Airways Limited,0.0,-8.57,3,5,73,Industrials,Airlines
PTRRY,Prio S.A.,1.84,1.15,86,64,89,Energy,Oil & Gas E&P
DOCU,"DocuSign, Inc.",3.67,8.56,69,49,86,Technology,Computer Software: Prepackaged Software
BZLFY,Bunzl plc,2.9,4.08,100,62,70,Consumer Defensive,Food Distribution
QABSY,Qantas Airways Limited,-1.28,-4.13,0,1,24,Industrials,Airlines
WTFC,Wintrust Financial Corporation,1.2,-4.34,17,18,41,Finance,Major Banks
BKKLY,Bangkok Bank Public Company Limited,-2.62,-8.97,2,7,53,Financial Services,Banks - Regional
SMGKF,Smiths Group plc,0.0,5.44,84,83,73,Industrials,Specialty Industrial Machinery
VMI,"Valmont Industries, Inc.",0.88,-1.58,22,22,51,Industrials,Metal Fabrications
UNCHF,Unicharm Corporation,0.0,0.0,19,20,57,Consumer Defensive,Household & Personal Products
BZZUY,Buzzi S.p.A.,-6.71,-10.34,0,0,10,Basic Materials,Building Materials
BZLYF,Beazley PLC,0.0,-1.33,19,6,79,Financial Services,Insurance - Specialty
UMBF,UMB Financial Corporation,1.7,-6.44,18,19,51,Finance,Major Banks
AM,Antero Midstream Corporation,1.63,-4.85,38,32,59,Utilities,Natural Gas Distribution
ERIE,Erie Indemnity Company,4.03,-5.14,24,23,19,Finance,Specialty Insurers
JPNPY,"Japan Post Insurance Co., Ltd.",-1.05,12.04,95,100,59,Financial Services,Insurance - Life
APAJF,APA Group,0.0,-2.76,8,10,66,Utilities,Utilities - Regulated Gas
HRZRF,Horizon Robotics,-4.55,-12.5,0,0,2,,
MNBEF,MINEBEA MITSUMI Inc.,0.0,-521.74,99,99,99,Technology,Electronic Components
ENSG,"The Ensign Group, Inc.",1.34,-0.72,21,21,39,Health Care,Hospital/Nursing Management
SCTBF,Securitas AB (publ),0.0,-4.96,9,13,28,Industrials,Security & Protection Services
FORM,"FormFactor, Inc.",-1.91,22.31,70,68,96,Technology,Semiconductors
ASRMF,"Grupo Aeroportuario del Sureste, S. A. B. de C. V.",0.0,-2.0,42,35,10,Industrials,Airports & Air Services
JKHY,"Jack Henry & Associates, Inc.",2.31,-7.66,23,22,37,Technology,EDP Services
FLS,Flowserve Corporation,-1.23,-4.09,0,1,52,Industrials,Fluid Controls
CTRE,"CareTrust REIT, Inc.",-0.08,-6.83,4,9,37,Real Estate,Real Estate Investment Trusts
FROG,JFrog Ltd.,-0.92,9.7,84,69,94,Technology,Computer Software: Prepackaged Software
BPOPO,"Popular, Inc.",-0.44,0.49,8,16,53,Financial Services,Banks - Regional
SRGHY,Shoprite Holdings Ltd,0.52,3.27,49,51,76,Consumer Cyclical,Department Stores
W,Wayfair Inc.,0.63,7.88,74,55,79,Consumer Discretionary,Catalog/Specialty Distribution
ALV,"Autoliv, Inc.",0.46,-8.37,8,11,35,Consumer Discretionary,Auto Parts:O.E.M.
SCTBY,Securitas AB (publ),0.0,3.47,69,55,46,Industrials,Security & Protection Services
DCI,"Donaldson Company, Inc.",-0.11,-1.16,23,15,45,Industrials,Pollution Control Equipment
SAPMF,Saipem SpA,4.82,-1.38,63,49,85,Energy,Oil & Gas Equipment & Services
SNAP,Snap Inc.,0.86,6.16,84,63,50,Technology,Computer Software: Programming Data Processing
HPIFF,Huadian Power International Corporation Limited,0.0,0.0,19,20,70,Utilities,Utilities - Regulated Electric
DAR,Darling Ingredients Inc.,3.72,-6.21,30,26,89,Consumer Staples,Packaged Foods
EQUEY,Equatorial S.A.,3.47,26.35,100,100,87,Utilities,Utilities - Regulated Electric
MUSA,Murphy USA Inc.,1.31,-1.44,32,25,62,Consumer Discretionary,Retail-Auto Dealers and Gas Stations
AGX,"Argan, Inc.",-1.42,0.59,65,53,30,Consumer Discretionary,Engineering & Construction
FLGZY,Flughafen Zürich AG,-6.83,-11.23,0,0,10,Industrials,Airports & Air Services
ONB,Old National Bancorp,1.27,-3.4,19,19,54,Finance,Major Banks
RDEIY,"Redeia Corporación, S.A.",0.98,-4.07,17,18,34,Utilities,Utilities - Regulated Electric
SCRPF,Sembcorp Industries Ltd,0.0,4.43,50,23,64,Utilities,Utilities - Diversified
CEF,Sprott Physical Gold and Silver Trust,0.22,-6.75,6,11,36,Financial Services,Asset Management
CHWY,"Chewy, Inc.",3.79,-10.29,25,23,9,Consumer Discretionary,Catalog/Specialty Distribution
XROLF,Xero Limited,0.0,-25.36,1,3,5,Technology,Software - Application
ZION,"Zions Bancorporation, National Association",1.31,-8.14,12,14,47,Finance,Major Banks
JCYGY,Jardine Matheson Southeast Asia Limited,0.0,5.18,100,78,48,Industrials,Conglomerates
EVKIY,Evonik Industries AG,-0.9,11.79,76,76,90,Basic Materials,Specialty Chemicals
KRYS,"Krystal Biotech, Inc.",0.84,-5.28,14,16,82,Health Care,Biotechnology: Biological Products (No Diagnostic Substances)
TEM,"Tempus AI, Inc.",-1.52,17.94,36,31,72,Technology,Computer Software: Programming Data Processing
ADRZY,Andritz AG,-1.94,-9.83,0,0,77,Industrials,Specialty Industrial Machinery
MOH,"Molina Healthcare, Inc.",0.48,-2.26,36,31,51,Health Care,Medical Specialities
LLYVK,"Liberty Live Holdings, Inc.",0.33,1.63,26,21,54,Consumer Discretionary,Services-Misc. Amusement & Recreation
PRMB,Primo Brands Corporation,1.79,-5.93,15,16,31,Consumer Staples,Beverages (Production/Distribution)
ALTB,Alpine Auto Brokers Inc.,0.0,0.0,19,20,97,Consumer Cyclical,Auto & Truck Dealerships
CMHHF,China Merchants Port Holdings Company Limited,0.49,-3.54,28,29,74,Industrials,Marine Shipping
KIKOF,Kikkoman Corporation,0.0,0.63,23,22,69,Consumer Defensive,Packaged Foods
SMNNY,Shimano Inc.,1.36,-4.61,22,22,54,Consumer Cyclical,Leisure
ACM,AECOM,2.02,-5.45,18,18,7,Consumer Discretionary,Military/Government/Technical
JEXYY,Jiangsu Expressway Company Limited,0.0,9.24,85,87,71,Industrials,Infrastructure Operations
TKR,The Timken Company,-0.5,-3.23,0,8,68,Industrials,Metal Fabrications
BVN,Compañía de Minas Buenaventura S.A.A.,0.96,-7.15,10,13,59,Basic Materials,Metal Mining
EGO,Eldorado Gold Corporation,0.55,-13.86,4,7,73,Basic Materials,Gold
GWKSY,Games Workshop Group PLC,-2.06,-11.48,0,0,34,Consumer Cyclical,Leisure
GZPZF,Gaztransport & Technigaz SA,0.0,-1.26,9,15,81,Energy,Oil & Gas Equipment & Services
FRHC,Freedom Holdings Corp.,-4.61,2.44,8,0,60,Finance,Investment Bankers/Brokers/Service
SHMDF,Shimano Inc.,6.33,-1.51,49,45,68,Consumer Cyclical,Leisure
MBLY,Mobileye Global Inc.,-1.26,-14.01,0,0,7,Technology,Computer Software: Prepackaged Software
TBVPF,Thai Beverage Public Company Limited,0.0,-8.67,9,12,40,Consumer Defensive,Beverages - Wineries & Distilleries
HDALF,Haidilao International Holding Ltd.,0.0,-5.76,13,14,9,Consumer Cyclical,Restaurants
AKBLF,ALK-Abelló A/S,0.0,3.79,100,80,44,Healthcare,Biotechnology
PTCAY,PT Chandra Asri Pacific Tbk,0.0,0.0,19,20,2,Basic Materials,Specialty Chemicals
SBYSF,Sibanye Stillwater Limited,-0.83,-15.87,0,2,27,Basic Materials,Other Precious Metals & Mining
STN,Stantec Inc.,1.8,-2.85,25,23,15,Consumer Discretionary,Military/Government/Technical
TYCMY,Tingyi (Cayman Islands) Holding Corp.,4.54,2.95,89,63,66,Consumer Defensive,Packaged Foods
COLB,"Columbia Banking System, Inc.",0.96,-5.03,14,16,44,Finance,Major Banks
ELPC,ELPC,0.72,10.62,100,100,87,Utilities,Electric Utilities: Central
TKAMY,thyssenkrupp AG,-3.74,-15.98,0,0,76,Industrials,Conglomerates
GZPZY,Gaztransport & Technigaz SA,-3.45,-3.72,1,7,77,Energy,Oil & Gas Equipment & Services
SFOSF,"Shanghai Fosun Pharmaceutical (Group) Co., Ltd.",0.0,11.36,93,92,36,Healthcare,Drug Manufacturers - Specialty & Generic
NNN,"NNN REIT, Inc.",1.08,-8.16,12,14,35,Real Estate,Real Estate Investment Trusts
CWEN,"Clearway Energy, Inc.",-1.12,-5.19,23,22,28,Utilities,Electric Utilities: Central
ORA,"Ormat Technologies, Inc.",-1.48,-8.29,0,0,14,Utilities,Electric Utilities: Central
CIBEY,Commercial International Bank Egypt (CIB) S.A.E.,0.0,-10.44,3,7,35,Financial Services,Banks - Regional
WEIGF,Weir PLC,0.0,-8.52,5,9,52,Industrials,Specialty Industrial Machinery
SALRY,SalMar ASA,2.92,-1.63,46,33,71,Consumer Defensive,Farm Products
STBFY,Suntory Beverage & Food Limited,2.07,1.81,60,44,46,Consumer Defensive,Beverages - Non-Alcoholic
CIADY,China Mengniu Dairy Company Limited,2.06,-2.49,31,28,65,Consumer Defensive,Packaged Foods
CNRAF,Vicinity Centres,0.0,-10.81,3,7,58,Real Estate,REIT - Retail
CSCCF,Capstone Copper Corp.,-1.95,-8.87,0,0,56,Basic Materials,Copper
CAE,CAE Inc.,0.0,-2.24,5,11,18,Miscellaneous,Industrial Machinery/Components
BIRK,Birkenstock Holding plc,-0.15,7.92,78,71,11,Consumer Discretionary,Shoe Manufacturing
DFRYF,Avolta AG,0.0,-9.94,4,8,18,Consumer Cyclical,Specialty Retail
FBBPF,FIBRA Prologis,2.19,-5.33,49,44,41,Real Estate,REIT - Industrial
AEMMY,A2A S.p.A.,0.0,6.99,64,26,77,Utilities,Utilities - Diversified
FNMFO,Federal National Mortgage Association,0.0,-21.88,2,4,4,Financial Services,Mortgage Finance
FNMAI,Federal National Mortgage Association,0.0,-22.67,14,15,3,Financial Services,Mortgage Finance
FNMAJ,Federal National Mortgage Association,-1.14,-23.9,1,3,3,Financial Services,Mortgage Finance
FNMAP,Federal National Mortgage Association,-1.11,-25.83,8,9,3,Financial Services,Mortgage Finance
FNMAL,Federal National Mortgage Association,0.0,-22.69,1,4,3,Financial Services,Mortgage Finance
VFS,VinFast Auto Ltd.,1.32,1.99,14,19,28,Industrials,Auto Manufacturing
TYEKF,thyssenkrupp AG,0.0,-2.49,9,14,88,Industrials,Conglomerates
CDNTF,"Canadian Tire Corporation, Limited",-1.27,-1.27,0,4,24,Consumer Cyclical,Specialty Retail
TECH,Bio-Techne Corporation,-0.11,0.51,20,21,72,Health Care,Biotechnology: Biological Products (No Diagnostic Substances)
MYTKY,Magyar Telekom Távközlési Nyilvánosan Müködö Részvénytársaság,0.13,-3.99,18,18,8,Communication Services,Telecom Services
SDXAY,Sodexo S.A.,0.33,-5.16,17,19,62,Industrials,Specialty Business Services
Z,"Zillow Group, Inc.",6.93,-6.66,30,28,6,Consumer Discretionary,Business Services
REXR,"Rexford Industrial Realty, Inc.",2.96,1.81,35,31,56,Real Estate,Real Estate Investment Trusts
IGGHY,IG Group Holdings plc,10.11,-25.98,21,21,11,Financial Services,Capital Markets
NXPRF,Nexans S.A.,0.0,-5.25,5,11,56,Industrials,Electrical Equipment & Parts
CPXWF,Capital Power Corporation,-0.43,1.01,96,73,30,Utilities,Utilities - Independent Power Producers
FKKFY,"Fukuoka Financial Group, Inc.",0.0,-6.29,4,10,87,Financial Services,Banks - Regional
ELEEF,Element Fleet Management Corp.,-0.66,-15.93,0,2,5,Industrials,Rental & Leasing Services
NIABY,NIBE Industrier AB (publ),0.0,-2.96,7,13,74,Industrials,Building Products & Equipment
ZWS,Zurn Elkay Water Solutions Corporation,-0.52,1.58,1,12,43,Industrials,Industrial Machinery/Components
DVCMY,Davide Campari-Milano N.V.,0.62,3.05,28,21,54,Consumer Defensive,Beverages - Wineries & Distilleries
WJRYF,West Japan Railway Company,0.0,1.72,52,27,33,Industrials,Railroads
FIGR,"Figure Technology Solutions, Inc.",-0.29,-24.53,4,6,9,Finance,Finance: Consumer Services
BOKF,BOK Financial Corporation,0.81,-6.5,11,13,44,Finance,Major Banks
SFM,"Sprouts Farmers Market, Inc.",1.15,-8.57,24,20,14,Consumer Staples,Food Chains
JINFF,China Gold International Resources Corp. Ltd.,0.0,-19.77,2,4,91,Basic Materials,Other Precious Metals & Mining
GAP,"The Gap, Inc.",-1.06,12.54,90,88,61,Consumer Discretionary,Clothing/Shoe/Accessory Stores
FRO,Frontline plc,6.03,24.07,100,100,97,Consumer Discretionary,Marine Transportation
ELMUY,Elisa Oyj,3.59,-7.0,24,24,24,Communication Services,Telecom Services
NXE,NexGen Energy Ltd.,-3.56,-15.08,0,0,21,Basic Materials,Other Metals and Minerals
VLYPO,Valley National Bancorp,0.0,1.15,22,22,54,Finance,Major Banks
CBSH,"Commerce Bancshares, Inc.",1.3,-6.31,15,16,45,Finance,Major Banks
MOS,The Mosaic Company,-1.2,-22.32,0,0,14,Industrials,Agricultural Chemicals
ESE,ESCO Technologies Inc.,-1.11,-4.91,0,2,38,Telecommunications,Telecommunications Equipment
HCXLY,Hiscox Ltd,2.93,2.11,29,27,66,Financial Services,Insurance - Property & Casualty
JAPSY,"Japan Airlines Co., Ltd.",0.21,-0.42,14,18,56,Industrials,Airlines
SOBO,South Bow Corporation,1.41,-5.62,22,21,66,Energy,Natural Gas Distribution
ALBBY,Alibaba Health Information Technology Limited,1.84,-9.46,17,18,7,Healthcare,Pharmaceutical Retailers
EGIEY,Engie Brasil Energia S.A.,1.11,4.08,98,95,58,Utilities,Utilities - Renewable
TAP,Molson Coors Beverage Company,2.63,-1.35,44,32,27,Consumer Staples,Beverages (Production/Distribution)
LOTMY,Lottomatica Group S.p.A.,-0.9,-15.05,0,2,38,Consumer Cyclical,Gambling
GMINF,G Mining Ventures Corp.,-0.77,-8.45,1,4,74,Basic Materials,Gold
PCVX,"Vaxcyte, Inc.",-2.9,10.38,50,52,83,Health Care,Biotechnology: Pharmaceutical Preparations
SLOIY,Soitec SA,-9.46,7.42,50,46,98,Technology,Semiconductor Equipment & Materials
SLOIF,Soitec SA,-6.59,4.94,49,45,98,Technology,Semiconductor Equipment & Materials
SM,SM Energy Company,5.19,-2.88,40,34,94,Energy,Oil & Gas Production
NFG,National Fuel Gas Company,0.68,-4.32,29,26,35,Utilities,Oil/Gas Transmission
ZJLMF,"Zhejiang Leapmotor Technology Co., Ltd.",2.33,0.0,39,36,13,Consumer Cyclical,Auto Manufacturers
RHP,"Ryman Hospitality Properties, Inc.",0.55,-0.99,25,23,77,Real Estate,Real Estate Investment Trusts
STKAF,Stockland,0.0,-9.51,22,16,22,Real Estate,REIT - Diversified
MYRG,MYR Group Inc.,-0.73,9.26,74,74,61,Industrials,Water Sewer Pipeline Comm & Power Line Construction
BCKIY,Babcock International Group PLC,2.5,-6.65,18,18,12,Industrials,Engineering & Construction
ST,Sensata Technologies Holding plc,-0.33,0.09,28,19,69,Industrials,Industrial Machinery/Components
LEA,Lear Corporation,-0.92,-7.28,0,3,43,Consumer Discretionary,Auto Parts:O.E.M.
VSOGF,"Vista Energy, S.A.B. de C.V.",0.0,0.0,19,20,88,Energy,Oil & Gas E&P
AVT,"Avnet, Inc.",-2.9,7.09,40,32,94,Technology,Electronic Components
UBTRF,Ubtech Robotics Corp Ltd,-4.55,-11.19,0,0,19,,
CHYM,"Chime Financial, Inc.",3.69,-11.36,29,25,88,Finance,Finance: Consumer Services
VIST,"Vista Energy, S.A.B. de C.V.",2.64,-14.93,16,16,87,Energy,Oil & Gas Production
OPHLY,"Ono Pharmaceutical Co., Ltd.",-0.42,-5.04,0,6,48,Healthcare,Drug Manufacturers - General
ZLNDY,Zalando SE,2.07,0.08,51,37,22,Consumer Cyclical,Internet Retail
KNSL,"Kinsale Capital Group, Inc.",2.71,-6.36,24,20,26,Finance,Property-Casualty Insurers
DITTF,"Daito Trust Construction Co.,Ltd.",0.0,-0.13,34,20,49,Real Estate,Real Estate - Diversified
AXS,AXIS Capital Holdings Limited,2.25,-0.95,39,28,33,Finance,Property-Casualty Insurers
TRNO,Terreno Realty Corporation,1.8,0.03,37,30,52,Finance,Real Estate
PB,"Prosperity Bancshares, Inc.",1.12,-5.92,15,16,41,Finance,Major Banks
OR,OR Royalties Inc.,0.77,-4.45,11,14,44,Basic Materials,Precious Metals
MORN,"Morningstar, Inc.",1.04,5.24,78,62,66,Finance,Investment Managers
LKQ,LKQ Corporation,-0.09,-6.86,3,8,14,Consumer Discretionary,Motor Vehicles
HR,Healthcare Realty Trust Incorporated,1.84,-8.95,15,16,35,Real Estate,Real Estate Investment Trusts
DCCPY,DCC Energy plc,0.0,0.0,19,20,63,Energy,Oil & Gas Refining & Marketing
DIFTY,"Daito Trust Construction Co.,Ltd.",1.44,-7.69,22,22,39,Real Estate,Real Estate - Diversified
VIPS,Vipshop Holdings Limited,-0.39,1.11,100,51,15,Consumer Discretionary,Catalog/Specialty Distribution
PRIM,Primoris Services Corporation,0.61,13.4,86,92,9,Industrials,Water Sewer Pipeline Comm & Power Line Construction
SZCRF,SCOR SE,0.0,0.13,19,20,69,Financial Services,Insurance - Reinsurance
BBUC,Brookfield Business Corporation,0.73,-0.53,63,40,15,Consumer Discretionary,Engineering & Construction
DOX,Amdocs Limited,2.57,0.98,45,33,38,Technology,EDP Services
ZLDSF,Zalando SE,-10.49,-10.49,0,0,20,Consumer Cyclical,Internet Retail
FAF,First American Financial Corporation,2.48,-10.94,14,14,44,Finance,Specialty Insurers
LNC,Lincoln National Corporation,-0.02,-5.9,16,15,58,Finance,Life Insurance
AWI,"Armstrong World Industries, Inc.",0.48,0.23,30,26,35,Industrials,Plastic Products
PPC,Pilgrim's Pride Corporation,1.35,-4.78,56,48,21,Consumer Staples,Meat/Poultry/Fish
MRCY,"Mercury Systems, Inc.",-1.54,-2.37,0,0,21,Technology,Electrical Products
VLOUF,Vallourec S.A.,0.0,-2.14,8,13,34,Basic Materials,Steel
KCDMF,"Kimberly-Clark de México, S. A. B. de C. V.",0.0,-14.35,3,7,30,Consumer Defensive,Household & Personal Products
MTDR,Matador Resources Company,3.08,-11.59,24,20,73,Energy,Oil & Gas Production
TEX,Terex Corporation,-3.29,-12.22,0,0,20,Industrials,Construction/Ag Equipment/Trucks
GRFS,"Grifols, S.A.",-1.2,-3.14,38,23,28,Health Care,Biotechnology: Pharmaceutical Preparations
EPRT,"Essential Properties Realty Trust, Inc.",0.4,-12.86,5,8,17,Real Estate,Real Estate Investment Trusts
HRIBF,"HORIBA, Ltd.",0.0,0.0,19,20,99,Technology,Scientific & Technical Instruments
AXTA,Axalta Coating Systems Ltd.,0.06,-3.56,33,20,62,Consumer Discretionary,Paints/Coatings
LNWO,LNWO,2.62,-10.49,19,18,34,Consumer Cyclical,Gambling
ONDS,Ondas Inc.,-4.73,-5.52,0,0,11,Technology,Radio And Television Broadcasting And Communications Equipment
TFPM,Triple Flag Precious Metals Corp.,1.63,-7.1,14,16,44,Industrials,Precious Metals
BCUCY,Brunello Cucinelli S.p.A.,0.54,0.88,19,22,30,Consumer Cyclical,Luxury Goods
THG,"The Hanover Insurance Group, Inc.",1.99,-0.51,24,22,75,Finance,Property-Casualty Insurers
NPO,Enpro Inc.,-3.15,4.7,40,27,73,Industrials,Metal Fabrications
BZ,Kanzhun Limited,0.86,-4.03,63,52,44,Technology,Computer Software: Programming Data Processing
TRSBF,3SBio Inc.,0.0,0.0,19,20,24,Healthcare,Biotechnology
LNTH,"Lantheus Holdings, Inc.",-0.06,-0.27,20,20,86,Health Care,Biotechnology: In Vitro & In Vivo Diagnostic Substances
ASAAF,AT & S Austria Technologie & Systemtechnik Aktiengesellschaft,0.57,45.97,88,90,99,Technology,Electronic Components
SCRYY,SCOR SE,1.11,-5.94,27,25,56,Financial Services,Insurance - Reinsurance
YACAF,Yancoal Australia Ltd,-0.6,-8.8,20,19,65,Energy,Thermal Coal
MSA,MSA Safety Incorporated,-0.66,-1.75,10,9,57,Health Care,Industrial Specialties
BTG,B2Gold Corp.,2.4,-4.48,23,25,76,Basic Materials,Precious Metals
FMOCF,"Fomento de Construcciones y Contratas, S.A.",0.0,0.0,19,20,82,Industrials,Waste Management
SBFFY,SBM Offshore N.V.,0.0,0.0,19,20,85,Energy,Oil & Gas Equipment & Services
SULZF,Sulzer AG,0.0,-2.51,7,13,48,Industrials,Specialty Industrial Machinery
EFGIF,EFG International AG,0.0,-3.54,6,12,24,Financial Services,Banks - Diversified
KMX,"CarMax, Inc.",0.96,-11.12,7,10,70,Consumer Discretionary,Retail-Auto Dealers and Gas Stations
PSN,Parsons Corporation,2.38,-6.23,29,26,7,Technology,EDP Services
FOVSY,Ford Otomotiv Sanayi A.S.,-5.87,-11.75,0,0,6,Consumer Cyclical,Auto Manufacturers
BSDGY,Bosideng International Holdings Limited,0.0,-9.95,3,7,23,Consumer Cyclical,Apparel Manufacturing
SOMMY,"Sumitomo Chemical Company, Limited",0.0,4.01,52,31,75,Basic Materials,Chemicals
WDPSF,Warehouses De Pauw SA,0.0,-11.09,12,14,15,Real Estate,REIT - Industrial
COMP,"Compass, Inc.",3.59,-6.02,28,24,47,Technology,EDP Services
ZGN,Ermenegildo Zegna N.V.,2.71,7.65,74,56,63,Consumer Discretionary,Apparel
NVTS,Navitas Semiconductor Corporation,-3.27,-1.97,9,0,57,Technology,Semiconductors
GBCI,"Glacier Bancorp, Inc.",0.49,-5.67,11,14,25,Finance,Major Banks
TKCOF,"Toho Co., Ltd.",0.0,1.53,19,20,96,Communication Services,Entertainment
BYD,Boyd Gaming Corporation,0.21,-8.2,27,23,16,Consumer Discretionary,Hotels/Resorts
KTWIF,Kurita Water Industries Ltd.,-1.02,-0.47,0,8,56,Industrials,Pollution & Treatment Controls
MSM,"MSC Industrial Direct Co., Inc.",-1.12,7.72,79,90,87,Industrials,Industrial Machinery/Components
CDEVY,City Developments Limited,-0.18,-16.64,5,8,30,Real Estate,Real Estate - Development
VSNT,"Versant Media Group, Inc.",1.05,-13.94,11,12,22,Industrials,Broadcasting
IMCDY,IMCD N.V.,0.34,-2.76,48,36,69,Basic Materials,Specialty Chemicals
AZIHF,Azimut Holding S.p.A.,0.0,-7.01,23,25,60,Financial Services,Asset Management
RYTM,"Rhythm Pharmaceuticals, Inc.",1.35,-12.29,9,11,26,Health Care,Biotechnology: Pharmaceutical Preparations
GRGDF,Groupe Dynamite Inc.,0.0,-9.71,44,35,20,Consumer Cyclical,Apparel Retail
REECF,Reece Limited,0.0,1.39,50,34,81,Industrials,Industrial Distribution
GIGNF,Genting Singapore Limited,0.0,0.0,19,20,55,Consumer Cyclical,Resorts & Casinos
GATX,GATX Corporation,-0.34,-7.61,1,6,28,Consumer Discretionary,Transportation Services
GVA,Granite Construction Incorporated,-0.73,-1.12,23,16,37,Industrials,Military/Government/Technical
ENIC,Enel Chile S.A.,1.85,-1.35,82,57,58,Utilities,Electric Utilities: Central
PEGA,Pegasystems Inc.,3.32,-0.55,35,28,24,Technology,EDP Services
SFGYY,Sony Financial Group Inc.,-0.76,-9.17,0,3,37,Financial Services,Insurance - Life
CZR,"Caesars Entertainment, Inc.",0.1,-0.44,13,18,68,Consumer Discretionary,Hotels/Resorts
SRRK,Scholar Rock Holding Corporation,0.0,-24.2,1,3,22,Health Care,Biotechnology: Biological Products (No Diagnostic Substances)
MONOY,"MonotaRO Co., Ltd.",1.05,9.11,100,98,59,Consumer Cyclical,Internet Retail
SEKEY,Seiko Epson Corporation,0.47,8.82,96,76,92,Technology,Computer Hardware
AROC,"Archrock, Inc.",0.83,-6.24,11,14,43,Utilities,Natural Gas Distribution
VOPKF,Koninklijke Vopak N.V.,0.0,1.17,67,40,70,Energy,Oil & Gas Midstream
SFRRF,Sandfire Resources Limited,0.0,-6.24,19,20,88,Basic Materials,Copper
VOPKY,Koninklijke Vopak N.V.,0.0,-2.59,14,18,75,Energy,Oil & Gas Midstream
HROEY,"Hirose Electric Co.,Ltd.",0.0,0.0,19,20,67,Technology,Electronic Components
PACS,"PACS Group, Inc.",1.25,-2.5,58,42,93,Health Care,Hospital/Nursing Management
OTEX,Open Text Corporation,0.43,2.79,43,35,29,Technology,EDP Services
GXO,"GXO Logistics, Inc.",0.8,2.05,55,36,22,Consumer Discretionary,Transportation Services
TMNSF,Temenos AG,0.0,5.4,47,17,47,Technology,Software - Application
CTXAY,Ampol Limited,1.55,2.41,20,27,91,Energy,Oil & Gas Refining & Marketing
IFS,Intercorp Financial Services Inc.,1.34,-3.05,21,21,65,Finance,Commercial Banks
APPF,"AppFolio, Inc.",0.24,-4.04,4,7,57,Technology,Computer Software: Prepackaged Software
RGLXY,RTL Group S.A.,0.0,-4.15,3,6,19,Communication Services,Broadcasting
TKECY,"Tokyo Electric Power Company Holdings, Incorporated",0.0,-5.71,7,11,24,Utilities,Utilities - Renewable
AMTM,"Amentum Holdings, Inc.",2.49,-3.02,31,28,12,Consumer Discretionary,Business Services
ABCB,Ameris Bancorp,1.0,-5.63,14,15,40,Finance,Major Banks
IBP,"Installed Building Products, Inc.",1.86,-6.7,15,19,12,Consumer Discretionary,Homebuilding
MNTHY,Minth Group Limited,0.0,-2.74,10,13,9,Consumer Cyclical,Auto Parts
SLFPF,Aberdeen Group Plc,0.0,-1.59,6,14,58,Financial Services,Asset Management
PCCWY,PCCW Limited,-5.03,-7.7,0,0,31,Communication Services,Telecom Services
KMRRF,Kongsberg Maritime ASA,0.0,0.0,5,13,66,,
IVCGF,Iveco Group N.V.,2.09,-1.23,45,35,18,Industrials,Farm & Heavy Construction Machinery
SFGRF,Sony Financial Group Inc.,0.0,-132.17,100,100,1,Financial Services,Insurance - Life
G,Genpact Limited,3.03,0.76,45,35,45,Consumer Discretionary,Professional Services
BTLCY,British Land Company PLC,-2.84,-3.56,0,0,45,Real Estate,REIT - Diversified
UGP,Ultrapar Participações S.A.,0.65,3.04,100,74,95,Utilities,Oil/Gas Transmission
PECO,"Phillips Edison & Company, Inc.",0.92,-3.14,23,22,48,Real Estate,Real Estate Investment Trusts
GNGBY,Getinge AB (publ),0.0,2.49,48,30,72,Healthcare,Medical Devices
FND,"Floor & Decor Holdings, Inc.",1.48,-0.79,25,23,12,Consumer Discretionary,RETAIL: Building Materials
BKH,Black Hills Corporation,0.9,5.87,100,100,65,Utilities,Electric Utilities: Central
QS,QuantumScape Corporation,1.33,-11.58,9,11,3,Miscellaneous,Industrial Machinery/Components
SSMXF,Sysmex Corporation,0.0,2.17,40,29,86,Healthcare,Medical Devices
LQDA,Liquidia Corporation,5.02,-58.7,5,5,7,Health Care,Biotechnology: Pharmaceutical Preparations
OZK,Bank OZK,2.98,-8.02,21,20,30,Finance,Major Banks
MC,Moelis & Company,0.21,-12.42,6,9,22,Finance,Investment Managers
IRDM,Iridium Communications Inc.,-1.65,1.46,26,0,95,Telecommunications,Telecommunications Equipment
SKSUY,"Sekisui Chemical Co., Ltd.",0.0,-6.22,25,24,30,Industrials,Conglomerates
NXST,"Nexstar Media Group, Inc.",2.57,-4.62,33,29,24,Industrials,Broadcasting
TMICF,Trend Micro Incorporated,0.0,0.0,19,20,50,Technology,Software - Infrastructure
CRSP,CRISPR Therapeutics AG,-3.65,-3.48,0,0,25,Health Care,Biotechnology: Biological Products (No Diagnostic Substances)
RANJY,Randstad N.V.,-0.36,-11.76,0,5,78,Industrials,Staffing & Employment Services
WFG,West Fraser Timber Co. Ltd.,1.29,-4.35,11,13,43,Basic Materials,Forest Products
TTBXF,Tritax Big Box REIT plc,21.31,-19.75,41,38,14,,
ARKAY,Arkema S.A.,-0.29,-9.92,7,11,47,Basic Materials,Specialty Chemicals
LYFT,"Lyft, Inc.",3.4,7.39,94,66,41,Consumer Discretionary,Business Services
LPL,"LG Display Co., Ltd.",-3.39,-9.52,0,0,6,Technology,Industrial Machinery/Components
ESNT,Essent Group Ltd.,2.73,-6.95,42,36,51,Finance,Property-Casualty Insurers
KLIC,"Kulicke and Soffa Industries, Inc.",-4.24,9.86,50,44,89,Technology,Semiconductors
PCWLF,PCCW Limited,0.0,-11.59,2,5,28,Communication Services,Telecom Services
SYNA,Synaptics Incorporated,-0.32,27.4,91,93,89,Technology,Semiconductors
HLHLY,Holmen AB (publ),0.0,0.0,19,20,76,Basic Materials,Paper & Paper Products
BRLAF,British Land Company PLC,0.0,-5.29,8,13,52,Real Estate,REIT - Diversified
WTBDY,Whitbread plc,-0.38,3.11,63,70,39,Consumer Cyclical,Lodging
PRM,"Perimeter Solutions, Inc.",-2.6,-9.3,16,15,43,Industrials,Major Chemicals
MAAS,Maase Inc.,-0.89,-21.57,7,8,97,Finance,Investment Managers
BLSH,Bullish,-1.29,-7.29,0,0,35,Finance,Finance: Consumer Services
RICOF,"Ricoh Company, Ltd.",0.0,-171.74,99,99,1,Industrials,Business Equipment & Supplies
MGY,Magnolia Oil & Gas Corporation,0.62,-11.62,13,14,45,Energy,Oil & Gas Production
GOLF,Acushnet Holdings Corp.,-1.77,-7.19,0,0,17,Consumer Discretionary,Recreational Games/Products/Toys
JDDSF,JD Sports Fashion Plc,2.29,5.19,100,83,50,Consumer Cyclical,Apparel Retail
NICE,NICE Ltd.,0.76,19.66,93,91,60,Technology,Computer Software: Prepackaged Software
MUR,Murphy Oil Corporation,3.62,-0.59,53,43,79,Energy,Oil & Gas Production
SIGI,"Selective Insurance Group, Inc.",1.57,-6.0,20,20,42,Finance,Property-Casualty Insurers
MTPOF,Metropolitan Bank & Trust Company,0.0,-6.46,30,27,1,Financial Services,Banks - Regional
GNTX,Gentex Corporation,0.33,-6.22,8,12,24,Consumer Discretionary,Auto Parts:O.E.M.
NFPDF,"Nissin Foods Holdings Co.,Ltd.",0.0,-2.39,11,15,48,Consumer Defensive,Packaged Foods
BLFBY,Balfour Beatty plc,-3.82,-1.52,0,0,61,Industrials,Engineering & Construction
WTM,"White Mountains Insurance Group, Ltd.",1.39,-0.78,41,33,40,Finance,Property-Casualty Insurers
STVN,Stevanato Group S.p.A.,-1.18,-8.31,0,1,48,Health Care,Medical/Dental Instruments
DNTH,"Dianthus Therapeutics, Inc.",-2.89,-20.19,0,0,91,Health Care,Biotechnology: Pharmaceutical Preparations
LEGN,Legend Biotech Corporation,-2.14,-2.5,45,32,11,Health Care,Biotechnology: Pharmaceutical Preparations
WEX,WEX Inc.,2.62,-8.22,14,15,67,Consumer Discretionary,Business Services
ALH,Alliance Laundry Holdings Inc.,0.66,0.47,20,20,23,Industrials,Industrial Machinery/Components
BGC,"BGC Group, Inc.",-0.53,-8.1,0,5,70,Finance,Investment Bankers/Brokers/Service
ACLLF,ATCO Ltd.,-2.8,6.86,76,84,83,Utilities,Utilities - Diversified
OLLI,"Ollie's Bargain Outlet Holdings, Inc.",0.67,20.56,84,84,50,Consumer Discretionary,Department/Specialty Retail Stores
SPHR,Sphere Entertainment Co.,2.83,-22.98,10,11,60,Consumer Discretionary,Services-Misc. Amusement & Recreation
CHH,"Choice Hotels International, Inc.",1.29,7.01,94,93,43,Consumer Discretionary,Hotels/Resorts
AX,"Axos Financial, Inc.",0.89,-5.61,14,16,37,Finance,Savings Institutions
ADT,ADT Inc.,3.17,-7.28,30,26,27,Consumer Discretionary,Diversified Commercial Services
LGMMY,LEG Immobilien SE,0.0,-13.04,9,13,16,Real Estate,Real Estate Services
UWMC,UWM Holdings Corporation,-3.54,-18.66,0,0,1,Finance,Finance: Consumer Services
RDW,Redwire Corporation,-4.69,-10.21,0,0,40,Industrials,Military/Government/Technical
TGS,Transportadora de Gas del Sur S.A.,0.57,-14.15,24,22,34,Utilities,Natural Gas Distribution
SEB,Seaboard Corporation,0.53,-5.45,19,20,25,Industrials,Farming/Seeds/Milling
OPEN,Opendoor Technologies Inc.,0.88,-18.21,6,8,1,Finance,Real Estate
BDVSY,The Bidvest Group Limited,0.67,-3.58,15,17,43,Industrials,Conglomerates
CWSRF,Chartwell Retirement Residences,-0.15,-6.48,3,9,27,Real Estate,REIT - Healthcare Facilities
TCCHF,Technogym S.p.A.,0.0,0.0,19,20,88,Consumer Cyclical,Leisure
CIGI,Colliers International Group Inc.,0.65,-5.21,9,12,10,Finance,Real Estate
MAQAF,Atlas Arteria Limited,0.0,-19.84,2,5,22,Industrials,Infrastructure Operations
SON,Sonoco Products Company,1.38,-0.06,25,30,42,Consumer Discretionary,Containers/Packaging
PSMMY,Persimmon Plc,0.03,9.04,42,31,62,Consumer Cyclical,Residential Construction
PMMAF,PUMA SE,2.12,-5.34,50,43,29,Consumer Cyclical,Footwear & Accessories
JMPLY,Johnson Matthey Plc,-0.02,4.52,96,68,74,Basic Materials,Specialty Chemicals
XXI,"Twenty One Capital, Inc.",-1.1,15.96,60,54,20,Finance,Finance: Consumer Services
MAIN,Main Street Capital Corporation,1.03,-1.38,21,20,49,Finance,Finance/Investors Services
ATDRF,Autotrader Group plc,0.0,-7.92,5,9,17,Communication Services,Internet Content & Information
REZI,"Resideo Technologies, Inc.",-2.05,-8.66,0,0,7,Industrials,Wholesale Distributors
KEN,Kenon Holdings Ltd.,-4.08,-8.63,0,0,37,Utilities,Electric Utilities: Central
GHC,Graham Holdings Company,1.28,4.21,88,49,58,Real Estate,Other Consumer Services
CRNLF,Capricorn Metals Ltd,0.24,-5.98,18,22,81,Basic Materials,Gold
CLSK,"CleanSpark, Inc.",-7.73,-16.95,0,0,18,Finance,Finance: Consumer Services
POWI,"Power Integrations, Inc.",-2.94,0.4,15,0,42,Technology,Semiconductors
CSTM,Constellium SE,0.71,-1.5,50,40,67,Industrials,Metal Fabrications
WSC,WillScot Holdings Corporation,-0.18,-9.82,2,7,11,Industrials,Misc Corporate Leasing Services
LGND,Ligand Pharmaceuticals Incorporated,0.59,1.99,34,19,85,Health Care,Biotechnology: Pharmaceutical Preparations
SEDG,"SolarEdge Technologies, Inc.",-2.08,-11.65,22,21,13,Technology,Semiconductors
MTPOY,Metropolitan Bank & Trust Company,0.0,1.65,91,75,37,Financial Services,Banks - Regional
MKTX,MarketAxess Holdings Inc.,0.09,0.75,27,24,75,Finance,Investment Bankers/Brokers/Service
ASB,Associated Banc-Corp,1.23,-5.21,17,17,54,Finance,Major Banks
BKEAY,"The Bank of East Asia, Limited",0.0,-0.84,63,53,93,Financial Services,Banks - Regional
NPTVF,"Nippon Television Holdings, Inc.",0.0,122.62,97,98,1,Communication Services,Broadcasting
TRKNY,Türk Telekomünikasyon Anonim Sirketi,0.0,13.13,96,98,68,Communication Services,Telecom Services
MTRN,Materion Corporation,-4.68,10.11,44,38,95,Industrials,Industrial Specialties
MEOH,Methanex Corporation,2.7,-0.8,52,40,88,Industrials,Major Chemicals
SGBAF,SES S.A.,-6.2,-19.74,0,0,3,Communication Services,Broadcasting
BLLN,"BillionToOne, Inc.",-0.36,-3.15,0,3,30,Health Care,Medical Specialities
WYGPY,Worley Limited,-0.9,-5.71,18,12,17,Energy,Oil & Gas Equipment & Services
CUYTY,Colruyt Group N.V.,-9.04,-15.77,0,0,43,Consumer Defensive,Grocery Stores
CBT,Cabot Corporation,0.27,-4.04,7,11,43,Industrials,Major Chemicals
CYAGF,"CyberAgent, Inc.",0.0,-167.56,99,99,1,Communication Services,Advertising Agencies
CMBT,Cmb.Tech NV,4.31,7.38,100,78,96,Consumer Discretionary,Marine Transportation
MIAX,"Miami International Holdings, Inc.",1.72,-27.83,5,6,8,Finance,Investment Bankers/Brokers/Service
LAUR,"Laureate Education, Inc.",1.66,9.57,100,100,68,Real Estate,Other Consumer Services
SPGNY,Springer Nature AG & Co. KGaA,9.35,10.17,100,100,77,Communication Services,Publishing
CNR,"Core Natural Resources, Inc.",-0.36,-10.12,12,12,50,Energy,Coal Mining
LMND,"Lemonade, Inc.",0.17,-5.44,38,28,8,Finance,Property-Casualty Insurers
RMLRF,Ramelius Resources Limited,-2.73,-11.7,19,5,45,Basic Materials,Gold
RTMVF,Rightmove plc,27.32,4.21,100,98,68,Communication Services,Internet Content & Information
MMYT,MakeMyTrip Limited,0.28,-11.31,5,8,8,Consumer Discretionary,Transportation Services
TNEYF,Tamarack Valley Energy Ltd.,3.44,-1.37,29,26,93,Energy,Oil & Gas E&P
MBRFY,MBRF Global Foods Company S.A.,-1.39,9.23,93,94,62,Consumer Defensive,Packaged Foods
ANIOY,"Acerinox, S.A.",0.0,-6.55,7,11,84,Basic Materials,Steel
TLPFY,Teleperformance SE,-0.63,-1.43,24,23,84,Industrials,Specialty Business Services
AYALY,Ayala Corporation,0.0,6.34,74,67,62,Industrials,Conglomerates
TVTX,"Travere Therapeutics, Inc.",-2.62,-22.92,0,0,90,Health Care,Biotechnology: Pharmaceutical Preparations
FTDR,"Frontdoor, Inc.",2.29,0.04,68,54,80,Consumer Discretionary,Diversified Commercial Services
MRP,"Millrose Properties, Inc.",0.04,-20.99,2,5,15,Finance,Real Estate
NDCVF,Nordic Semiconductor ASA,-5.71,-0.16,0,0,78,Technology,Semiconductors
TCBIO,"Texas Capital Bancshares, Inc.",1.26,1.26,100,100,49,Finance,Major Banks
CAAP,Corporación América Airports S.A.,-1.53,-1.53,25,24,62,Consumer Discretionary,Aerospace
WNDLF,Wendel,0.0,-10.82,4,7,33,Financial Services,Asset Management
TREX,"Trex Company, Inc.",1.41,1.76,56,32,50,Basic Materials,Forest Products
CNO,"CNO Financial Group, Inc.",1.06,-2.69,18,18,78,Finance,Accident &Health Insurance
TORXF,Torex Gold Resources Inc.,-0.36,-0.56,43,27,75,Basic Materials,Gold
MNDY,monday.com Ltd.,6.47,4.39,57,49,33,Technology,Computer Software: Prepackaged Software
RBSFY,Rubis,-1.04,-5.53,7,2,56,Energy,Oil & Gas Refining & Marketing
BKGFF,The Berkeley Group Holdings plc,0.0,-17.11,2,5,19,Consumer Cyclical,Residential Construction
BTDR,Bitdeer Technologies Group,-6.54,-15.7,0,0,10,Finance,Finance: Consumer Services
HKMPF,Hikma Pharmaceuticals PLC,-0.18,-5.07,5,11,55,Healthcare,Drug Manufacturers - Specialty & Generic
YSS,"York Space Systems, Inc.",-2.03,-2.95,0,0,1,Industrials,Military/Government/Technical
DOO,BRP Inc.,-2.28,-10.06,0,0,17,Consumer Discretionary,Industrial Specialties
CITAF,"COSCO SHIPPING Development Co., Ltd.",0.0,27.65,95,95,88,Industrials,Aerospace & Defense
MZDAF,Mazda Motor Corporation,0.0,-12.13,4,7,39,Consumer Cyclical,Auto Manufacturers
LBTYB,Liberty Global Ltd.,-1.67,-0.56,37,24,55,Telecommunications,Cable & Other Pay Television Services
AMRX,"Amneal Pharmaceuticals, Inc.",0.0,16.48,71,63,92,Health Care,Biotechnology: Pharmaceutical Preparations
LASR,"nLIGHT, Inc.",-3.94,-2.49,0,0,13,Technology,Semiconductors
LION,Lionsgate Studios Corp.,-0.27,1.17,40,28,75,Consumer Discretionary,Movies/Entertainment
POST,"Post Holdings, Inc.",2.33,-7.54,22,22,12,Consumer Staples,Packaged Foods
ANDG,ANDG,1.63,5.73,62,48,97,Consumer Discretionary,Business Services
FULTP,Fulton Financial Corporation,-2.08,-3.74,0,0,34,Finance,Major Banks
FMCKL,Federal Home Loan Mortgage Corporation,3.29,-21.39,11,12,3,Financial Services,Mortgage Finance
FMCKJ,Federal Home Loan Mortgage Corporation,-2.04,-26.26,1,2,3,Financial Services,Mortgage Finance
FMCCM,Federal Home Loan Mortgage Corporation,-0.22,-19.95,1,3,4,Financial Services,Mortgage Finance
FMCKO,Federal Home Loan Mortgage Corporation,0.0,-26.9,1,3,2,Financial Services,Mortgage Finance
FMCCN,Federal Home Loan Mortgage Corporation,0.0,-25.15,1,3,3,Financial Services,Mortgage Finance
FMCKP,Federal Home Loan Mortgage Corporation,0.0,-22.76,6,8,3,Financial Services,Mortgage Finance
FMCCP,Federal Home Loan Mortgage Corporation,2.16,-22.68,9,10,3,Financial Services,Mortgage Finance
FMCKI,Federal Home Loan Mortgage Corporation,3.15,-23.17,10,11,3,Financial Services,Mortgage Finance
AGLXY,AGL Energy Limited,3.87,-1.66,39,35,44,Utilities,Utilities - Independent Power Producers
CYGIY,"CyberAgent, Inc.",0.0,-9.3,27,26,13,Communication Services,Advertising Agencies
BDC,Belden Inc.,-1.34,-6.23,0,0,36,Industrials,Telecommunications Equipment
GTMEF,"Globe Telecom, Inc.",0.0,0.0,19,20,15,Communication Services,Telecom Services
AZZ,AZZ Inc.,-1.54,-0.1,39,19,63,Industrials,Industrial Specialties
KLBAY,Klabin S.A.,1.65,-3.26,59,45,60,Basic Materials,Paper & Paper Products
BRC,Brady Corporation,-0.52,-1.75,21,13,50,Consumer Discretionary,Miscellaneous manufacturing industries
SKY,"Champion Homes, Inc.",0.54,-0.34,10,15,55,Consumer Discretionary,Homebuilding
AGLNF,AGL Energy Limited,0.0,-11.6,4,7,28,Utilities,Utilities - Independent Power Producers
PHI,PLDT Inc.,-1.61,1.11,64,46,43,Telecommunications,Telecommunications Equipment
ENVA,"Enova International, Inc.",-0.83,-18.14,22,19,69,Finance,Finance: Consumer Services
PSUS,"Pershing Square USA, Ltd.",-0.45,-1.53,6,8,34,Financial Services,Asset Management
EMAT,Evolution Metals & Technologies Corp.,-2.86,-44.81,0,0,1,Basic Materials,Other Industrial Metals & Mining
VNT,Vontier Corporation,-0.22,3.01,56,34,35,Industrials,Industrial Machinery/Components
RUN,Sunrun Inc.,-0.26,-12.05,1,5,2,Miscellaneous,Industrial Machinery/Components
DSRLF,DiaSorin S.p.A.,0.0,-2.19,13,17,65,Healthcare,Diagnostics & Research
CDPYF,Canadian Apartment Properties Real Estate Investment Trust,1.15,-3.91,17,18,19,Real Estate,REIT - Residential
SPASF,SATS Ltd.,1.02,-10.0,43,39,46,Industrials,Airports & Air Services
SNNRF,Sunrise Communications AG,2.8,-3.88,40,34,39,,
TSPCF,Cleanaway Waste Management Limited,0.0,10.19,65,70,76,Industrials,Waste Management
NAMS,NewAmsterdam Pharma Company N.V.,-3.93,-2.74,0,0,4,Health Care,Biotechnology: Pharmaceutical Preparations
IRT,"Independence Realty Trust, Inc.",1.39,-2.69,24,23,29,Real Estate,Real Estate Investment Trusts
DOCS,"Doximity, Inc.",6.1,18.9,100,100,52,Technology,EDP Services
SOUN,"SoundHound AI, Inc.",-1.95,-12.1,0,0,6,Technology,Computer Software: Prepackaged Software
NP,Neptune Insurance Holdings Inc.,2.08,-8.67,28,27,46,Finance,Specialty Insurers
CATY,Cathay General Bancorp,0.83,-3.93,14,16,67,Finance,Major Banks
VLEEF,Valeo SE,0.0,-2.79,10,15,66,Consumer Cyclical,Auto Parts
BFLBF,Bilfinger SE,0.0,-2.47,14,18,16,Industrials,Engineering & Construction
ATHOF,Athabasca Oil Corporation,0.82,8.81,100,94,91,Energy,Oil & Gas E&P
DAN,Dana Incorporated,3.57,-5.38,41,33,71,Consumer Discretionary,Auto Parts:O.E.M.
WAY,Waystar Holding Corp.,2.76,14.83,75,51,49,Technology,EDP Services
OII,"Oceaneering International, Inc.",2.01,-11.84,13,14,90,Energy,Oilfield Services/Equipment
BFLBY,Bilfinger SE,0.0,-33.12,10,11,4,Industrials,Engineering & Construction
HHH,Howard Hughes Holdings Inc.,0.11,16.71,73,71,41,Real Estate,Real Estate Investment Trusts
KAI,Kadant Inc.,1.04,-8.97,16,19,21,Industrials,Industrial Machinery/Components
MMSI,"Merit Medical Systems, Inc.",0.19,-1.41,19,20,66,Health Care,Medical/Dental Instruments
RNST,Renasant Corporation,1.05,-2.49,19,19,49,Finance,Major Banks
TWODY,Taylor Wimpey plc,-1.0,-6.7,0,2,19,Consumer Cyclical,Residential Construction
MMTOF,Mitsubishi Motors Corporation,0.0,0.11,33,21,56,Consumer Cyclical,Auto Manufacturers
WSFS,WSFS Financial Corporation,0.88,-5.67,12,14,74,Finance,Major Banks
FBP,First BanCorp.,0.83,-3.86,14,15,73,Finance,Major Banks
BANF,BancFirst Corporation,0.84,-3.08,18,18,33,Finance,Major Banks
SMSMY,Sims Limited,-0.84,-2.57,12,12,82,Basic Materials,Steel
BILL,"BILL Holdings, Inc.",2.23,-5.56,32,25,49,Technology,EDP Services
EWTX,"Edgewise Therapeutics, Inc.",-0.86,-8.55,0,2,91,Health Care,Biotechnology: Pharmaceutical Preparations
MJPNF,"Micronics Japan Co., Ltd.",0.0,1.16,55,27,8,Technology,Semiconductor Equipment & Materials
CCKRF,Clicks Group Limited,0.0,-0.12,18,20,35,Healthcare,Pharmaceutical Retailers
SSLLF,Siltronic AG,0.0,-1.9,76,61,84,Technology,Semiconductors
UNLRY,PT Unilever Indonesia Tbk,0.0,-16.74,8,10,19,Consumer Defensive,Household & Personal Products
SECCF,Serco Group plc,0.0,0.0,19,20,56,Industrials,Specialty Business Services
OTTR,Otter Tail Corporation,0.3,0.45,16,19,57,Utilities,Electric Utilities: Central
RNG,"RingCentral, Inc.",2.36,13.48,79,74,98,Technology,EDP Services
MANU,MANU,0.35,1.5,25,34,68,Consumer Discretionary,Services-Misc. Amusement & Recreation
BTE,Baytex Energy Corp.,3.49,-5.65,28,23,90,Energy,Oil & Gas Production
SMGSY,SMG Swiss Marketplace Group Holding AG,0.0,-9.22,5,9,44,Communication Services,Internet Content & Information
BFH,"Bread Financial Holdings, Inc.",3.16,-5.74,25,24,86,Consumer Discretionary,Business Services
TXG,"10x Genomics, Inc.",1.55,16.42,27,22,98,Industrials,Biotechnology: Laboratory Analytical Instruments
BHFAM,"Brighthouse Financial, Inc.",1.25,-1.02,16,23,28,Finance,Life Insurance
CVBF,CVB Financial Corp.,1.02,-1.96,17,18,62,Finance,Major Banks
LEU,Centrus Energy Corp.,-3.43,-14.34,12,16,5,Industrials,Mining & Quarrying of Nonmetallic Minerals (No Fuels)
CMTOY,Cementos Argos S.A.,0.0,-0.43,7,12,79,Basic Materials,Building Materials
CWYUF,SmartCentres Real Estate Investment Trust,0.0,-5.12,4,11,35,Real Estate,REIT - Retail
ELRXF,AB Electrolux (publ),0.0,-15.64,3,6,4,Consumer Cyclical,"Furnishings, Fixtures & Appliances"
NHI,"National Health Investors, Inc.",0.97,-6.7,13,15,19,Real Estate,Real Estate Investment Trusts
PEGRF,Pennon Group Plc,0.0,-7.66,4,8,30,Utilities,Utilities - Regulated Water
CHCLY,"Citizen Watch Co., Ltd.",0.0,0.0,19,20,94,Consumer Cyclical,Footwear & Accessories
EUZOF,Eurazeo SE,0.0,0.0,19,20,31,Financial Services,Asset Management
GPGI,"GPGI, Inc.",-3.13,-3.88,41,33,9,Finance,Finance: Consumer Services
CGAU,Centerra Gold Inc.,3.17,-3.45,31,32,92,Basic Materials,Precious Metals
FRTAY,freenet AG,0.0,-1.1,61,46,43,Communication Services,Telecom Services
SLG,SL Green Realty Corp.,0.7,-4.0,19,20,58,Real Estate,Real Estate Investment Trusts
FUL,H.B. Fuller Company,1.06,-2.34,29,25,21,Industrials,Home Furnishings
FLNC,"Fluence Energy, Inc.",-2.87,-23.12,6,6,2,Miscellaneous,Industrial Machinery/Components
ZLDPF,Zealand Pharma A/S,0.0,-19.05,2,4,7,Healthcare,Biotechnology
EXTR,"Extreme Networks, Inc.",-1.71,14.16,90,97,66,Telecommunications,Computer Communications Equipment
FIBK,"First Interstate BancSystem, Inc.",0.58,-5.26,9,12,46,Finance,Major Banks
LIF,"Life360, Inc.",1.55,0.77,33,21,8,Technology,EDP Services
PRBZF,Premium Brands Holdings Corporation,-0.2,-12.1,8,11,11,Consumer Defensive,Packaged Foods
KEEL,Keel Infrastructure Corp.,-5.41,-8.43,0,0,42,Finance,Finance: Consumer Services
AVA,Avista Corporation,0.71,-4.44,18,19,27,Utilities,Power Generation
PIFMY,PT Indofood Sukses Makmur Tbk,-1.89,-5.69,15,10,33,Consumer Defensive,Packaged Foods
PHPRF,Primary Health Properties Plc,0.0,-3.2,5,12,48,Real Estate,REIT - Healthcare Facilities
AMFPY,Amplifon S.p.A.,0.0,0.0,19,20,11,Healthcare,Medical Distribution
PPTA,Perpetua Resources Corp.,0.6,-15.04,4,8,20,Basic Materials,Precious Metals
MMED,"MiniMed Group, Inc.",3.61,-11.76,19,19,82,Health Care,Medical/Dental Instruments
BKU,"BankUnited, Inc.",0.83,-5.67,14,16,35,Finance,Savings Institutions
SUNC,SunocoCorp LLC,1.38,-11.02,10,13,84,Energy,Integrated oil Companies
CLCGY,Clicks Group Limited,0.79,6.11,65,50,11,Healthcare,Pharmaceutical Retailers
SENGF,"SINOPEC Engineering (Group) Co., Ltd.",0.0,0.0,19,20,76,Industrials,Engineering & Construction
ETOR,eToro Group Ltd.,-0.16,-15.86,1,4,7,Finance,Investment Bankers/Brokers/Service
WSBC,"WesBanco, Inc.",1.34,-8.17,13,14,55,Finance,Major Banks
ELF,"e.l.f. Beauty, Inc.",0.89,10.65,100,100,86,Consumer Discretionary,Package Goods/Cosmetics
XNYIF,Xinyi Solar Holdings Limited,0.0,-11.26,17,12,13,Technology,Solar
BFAM,Bright Horizons Family Solutions Inc.,3.07,7.19,76,57,15,Consumer Discretionary,Other Consumer Services
KGDEY,Kingdee International Software Group Company Limited,-4.22,-1.86,0,6,10,Technology,Software - Application
GEF,"Greif, Inc.",-0.35,-1.37,26,21,80,Consumer Cyclical,Packaging & Containers
GNW,"Genworth Financial, Inc.",1.14,-6.97,37,32,63,Finance,Life Insurance
CNK,"Cinemark Holdings, Inc.",0.96,4.61,50,48,89,Consumer Discretionary,Movies/Entertainment
CHFLF,China Feihe Limited,0.0,-20.51,2,5,82,Consumer Defensive,Packaged Foods
AVNT,Avient Corporation,-0.05,-1.12,31,17,79,Industrials,Major Chemicals
KREVF,Keppel REIT,0.0,0.0,23,20,27,Real Estate,REIT - Office
TLPPF,Telix Pharmaceuticals Limited,0.0,-7.4,9,12,77,Healthcare,Biotechnology
NSIT,"Insight Enterprises, Inc.",0.77,3.53,37,27,95,Consumer Discretionary,Catalog/Specialty Distribution
KN,Knowles Corporation,-2.44,4.89,37,23,87,Consumer Staples,Consumer Electronics/Appliances
DYN,"Dyne Therapeutics, Inc.",2.5,-11.13,30,28,19,Health Care,Biotechnology: Pharmaceutical Preparations
CON,"Concentra Group Holdings Parent, Inc.",0.58,6.92,69,48,94,Health Care,Medical Specialities
PRMRF,Paramount Resources Ltd.,2.22,-1.11,52,42,83,Energy,Oil & Gas E&P
BATRA,"Atlanta Braves Holdings, Inc.",0.35,5.57,53,29,77,Consumer Discretionary,Services-Misc. Amusement & Recreation
SVYSF,Solvay SA,0.0,-7.88,36,33,31,Basic Materials,Chemicals
ALHC,"Alignment Healthcare, Inc.",1.87,-31.74,18,16,1,Health Care,Medical Specialities
SLVYY,Solvay SA,-0.73,-8.08,10,14,31,Basic Materials,Chemicals
ISLMF,InSilico Medicine Cayman TopCo,-6.71,-7.81,0,0,76,,
TOWN,TowneBank,0.83,-4.17,13,15,53,Finance,Major Banks
VGNT,Versigent PLC,-2.5,-4.83,0,0,87,Consumer Cyclical,Auto Parts
CHEF,"The Chefs' Warehouse, Inc.",0.35,1.48,34,28,94,Consumer Discretionary,Food Distributors
KXSCF,Kinaxis Inc.,-0.34,3.6,17,18,64,Technology,Software - Application
SFNC,Simmons First National Corporation,0.77,-2.34,16,17,65,Finance,Major Banks
REDLF,Vault Minerals Limited,0.0,-8.56,4,7,83,Basic Materials,Gold
SBLK,Star Bulk Carriers Corp.,2.63,-0.88,26,27,91,Consumer Discretionary,Marine Transportation
CTRRF,CT Real Estate Investment Trust,0.0,-0.64,30,18,45,Real Estate,REIT - Retail
CLMT,"Calumet, Inc.",2.59,2.32,66,55,98,Energy,Integrated oil Companies
TGSNF,TGS ASA,0.0,-7.1,16,21,88,Energy,Oil & Gas Equipment & Services
HAE,Haemonetics Corporation,17.46,18.22,100,100,96,Health Care,Medical/Dental Instruments
CURB,Curbline Properties Corp.,-0.15,-6.86,3,8,56,Finance,Real Estate
HAWK,"HawkEye 360, Inc.",-0.57,-14.74,0,3,2,Technology,EDP Services
HAYW,"Hayward Holdings, Inc.",-3.05,-11.18,0,0,10,Industrials,Industrial Machinery/Components
MPT,"Medical Properties Trust, Inc.",-1.24,-13.08,0,1,6,Real Estate,Real Estate Investment Trusts
STLJF,Stella-Jones Inc.,0.76,-8.59,9,12,12,Basic Materials,Lumber & Wood Production
FSK,FS KKR Capital Corp.,0.37,-5.8,7,11,45,Finance,Investment Managers
ARCB,ArcBest Corporation,2.44,-3.71,34,27,84,Industrials,Trucking Freight/Courier Services
BOH,Bank of Hawaii Corporation,1.97,-10.7,14,15,29,Finance,Major Banks
ATS,ATS Corporation,-0.39,-7.09,0,6,4,Industrials,Industrial Machinery/Components
GPOR,Gulfport Energy Corporation,1.6,-6.61,43,36,35,Energy,Oil & Gas Production
IPAR,"Interparfums, Inc.",0.54,1.73,12,20,72,Consumer Discretionary,Package Goods/Cosmetics
RHI,Robert Half Inc.,0.44,-8.87,11,12,78,Consumer Discretionary,Professional Services
WDOFF,Wesdome Gold Mines Ltd.,1.98,-2.23,17,22,86,Basic Materials,Gold
YUEIY,Yue Yuen Industrial (Holdings) Limited,-4.26,1.66,35,31,28,Consumer Cyclical,Footwear & Accessories
TATYY,Tate & Lyle plc,0.0,-1.26,14,18,89,Consumer Defensive,Packaged Foods
NIC,"Nicolet Bankshares, Inc.",1.32,-3.65,20,20,69,Finance,Major Banks
KLRA,"Kailera Therapeutics, Inc.",-5.03,-32.93,0,0,1,Health Care,Biotechnology: Pharmaceutical Preparations
HMNKF,HMS Networks AB (publ),0.0,0.0,19,20,54,Technology,Communication Equipment
BWLP,BW LPG Limited,3.26,5.28,88,65,96,Consumer Discretionary,Transportation Services
PAY,"Paymentus Holdings, Inc.",1.92,-12.02,23,19,68,Consumer Discretionary,Business Services
EXK,Endeavour Silver Corp.,3.0,-18.54,13,15,45,Basic Materials,Precious Metals
OLN,Olin Corporation,-1.95,-9.82,0,0,7,Industrials,Major Chemicals
AKR,Acadia Realty Trust,0.55,-7.77,9,12,26,Real Estate,Real Estate Investment Trusts
SDRL,Seadrill Limited,2.15,-5.86,22,21,79,Energy,Oil & Gas Production
VOYG,"Voyager Technologies, Inc.",-2.02,-14.53,0,0,28,Industrials,Military/Government/Technical
WSIOF,Wasion Holdings Limited,0.0,-18.09,3,5,22,Industrials,Electrical Equipment & Parts
VAC,Marriott Vacations Worldwide Corporation,1.1,3.91,66,48,91,Finance,Real Estate
OPMXF,"Operadora de Sites Mexicanos, S.A.B. de C.V.",0.0,-7.14,3,7,95,Industrials,Engineering & Construction
GRBK,"Green Brick Partners, Inc.",-1.36,-5.72,0,0,27,Consumer Discretionary,Homebuilding
IMPJY,Webuild S.p.A.,0.0,-3.08,38,37,8,Industrials,Engineering & Construction
BRZE,"Braze, Inc.",0.0,17.29,100,100,68,Technology,Computer Software: Prepackaged Software
LGDDF,Lagardere SA,0.0,0.0,19,20,35,Consumer Cyclical,Specialty Retail
DRTGF,Jet2 plc,0.0,-9.56,6,7,45,Consumer Cyclical,Travel Services
TR,"Tootsie Roll Industries, Inc.",1.84,-1.77,30,26,39,Consumer Staples,Specialty Foods
VNET,"VNET Group, Inc.",-4.08,-18.97,1,2,4,Technology,Computer Software: Programming Data Processing
ACOPF,The a2 Milk Company Limited,0.0,-8.64,3,8,18,Consumer Defensive,Packaged Foods
PHIN,PHINIA Inc.,-0.02,-11.44,3,7,20,Consumer Discretionary,Auto Parts:O.E.M.
MGEE,"MGE Energy, Inc.",0.48,-7.47,19,15,24,Energy,Electric Utilities: Central
IPCFF,International Petroleum Corporation,5.24,-4.21,52,41,85,Energy,Oil & Gas E&P
ZIM,ZIM Integrated Shipping Services Ltd.,0.9,2.68,71,54,92,Consumer Discretionary,Marine Transportation
JTTRY,"Japan Airport Terminal Co., Ltd.",0.0,0.0,19,20,73,Industrials,Airports & Air Services
ACOPY,The a2 Milk Company Limited,-0.79,-6.88,0,4,15,Consumer Defensive,Packaged Foods
VISN,"Vistance Networks, Inc.",-0.82,-5.94,0,3,66,Technology,Radio And Television Broadcasting And Communications Equipment
KD,"Kyndryl Holdings, Inc.",3.76,-6.31,21,19,10,Technology,EDP Services
YUEIF,Yue Yuen Industrial (Holdings) Limited,0.0,2.92,32,20,65,Consumer Cyclical,Footwear & Accessories
ATKR,Atkore Inc.,-0.01,0.72,24,23,91,Miscellaneous,Industrial Machinery/Components
WK,Workiva Inc.,3.02,3.31,68,55,75,Technology,Computer Software: Prepackaged Software
GMRS,GMR Solutions Inc.,4.46,-15.48,25,23,9,Consumer Discretionary,Transportation Services
IHS,IHS Holding Limited,0.0,-0.35,25,21,63,Telecommunications,Telecommunications Equipment
FSLY,"Fastly, Inc.",0.04,11.36,28,18,96,Technology,Computer Software: Prepackaged Software
TRMD,TORM plc,2.93,15.78,86,91,96,Consumer Discretionary,Marine Transportation
CALY,Callaway Golf Company,-0.29,-9.29,1,6,48,Consumer Discretionary,Recreational Games/Products/Toys
DRMKY,dormakaba Holding AG,-1.32,-6.31,62,54,72,Industrials,Building Products & Equipment
BICEY,Société BIC SA,-1.59,-5.76,0,5,73,Consumer Defensive,Household & Personal Products
SUEZY,Südzucker AG,-10.0,-18.29,0,0,51,Consumer Defensive,Packaged Foods
FCPT,"Four Corners Property Trust, Inc.",1.05,-11.33,9,12,26,Real Estate,Real Estate Investment Trusts
NMIH,"NMI Holdings, Inc.",2.71,-8.1,38,33,53,Finance,Property-Casualty Insurers
SRAIF,Stadler Rail AG,0.0,0.0,19,20,62,Industrials,Railroads
TGB,Trekor Metals Limited,-2.46,3.62,23,3,89,Basic Materials,Precious Metals
NVG,Nuveen AMT-Free Municipal Credit Income Fund,1.44,-8.09,14,16,22,Finance,Investment Managers
CZMWY,Carl Zeiss Meditec AG,-1.74,-2.43,54,39,29,Healthcare,Medical Instruments & Supplies
HUN,Huntsman Corporation,-1.51,-9.96,1,1,13,Industrials,Major Chemicals
MLFNF,Maple Leaf Foods Inc.,2.14,-7.99,21,21,23,Consumer Defensive,Packaged Foods
SUPN,"Supernus Pharmaceuticals, Inc.",-2.11,1.08,0,0,19,Health Care,Biotechnology: Pharmaceutical Preparations
SMTGF,SMA Solar Technology AG,0.0,-2.83,10,15,93,Technology,Solar
HTFL,"Heartflow, Inc.",-3.5,4.7,0,0,95,Health Care,Medical/Dental Instruments
MXCHY,"Orbia Advance Corporation, S.A.B. de C.V.",0.0,5.65,100,96,70,Industrials,Conglomerates
IRON,"Disc Medicine, Inc.",-0.67,-18.03,0,3,16,Health Care,Biotechnology: Pharmaceutical Preparations
AEO,"American Eagle Outfitters, Inc.",1.76,23.68,87,86,46,Consumer Discretionary,Clothing/Shoe/Accessory Stores
NDVLY,New World Development Company Limited,0.0,-16.22,35,30,9,Real Estate,Real Estate - Diversified
BRAI,Braiin Limited,-3.77,-21.38,0,0,3,Technology,EDP Services
WAFDP,"WaFd, Inc.",0.13,-5.64,6,10,39,Finance,Major Banks
TMC,TMC the metals company Inc.,-2.56,-14.46,0,0,5,Basic Materials,Metal Mining
FXCNF,FIH Mobile Limited,0.0,-32.0,1,3,15,Technology,Consumer Electronics
VVX,"V2X, Inc.",4.26,-2.19,31,30,61,Consumer Discretionary,Diversified Commercial Services
IDYA,"IDEAYA Biosciences, Inc.",-0.55,-3.71,0,6,62,Health Care,Biotechnology: Pharmaceutical Preparations
IVT,InvenTrust Properties Corp.,0.96,-6.86,14,16,37,Real Estate,Real Estate Investment Trusts
HKUOY,Hakuhodo DY Holdings Inc,0.0,-2.94,37,32,75,Communication Services,Advertising Agencies
ZNKKY,"ZENKOKU HOSHO Co.,Ltd.",0.0,-3.21,10,14,55,Financial Services,Credit Services
PDIYF,PDI Gold Limited,0.0,-8.36,11,13,86,Basic Materials,Gold
LCID,"Lucid Group, Inc.",-1.8,-8.61,0,0,2,Industrials,Auto Manufacturing
USNZY,Usinas Siderúrgicas de Minas Gerais S.A.,-0.68,-5.84,55,42,69,Basic Materials,Steel
ELUXY,AB Electrolux (publ),-1.82,-12.45,0,4,15,Consumer Cyclical,"Furnishings, Fixtures & Appliances"
CUBI,"Customers Bancorp, Inc.",0.61,-5.4,11,14,48,Finance,Major Banks
WU,The Western Union Company,3.6,-4.86,37,31,14,Consumer Discretionary,Business Services
FRME,First Merchants Corporation,0.76,-3.67,13,15,45,Finance,Major Banks
CALX,"Calix, Inc.",1.52,3.29,88,63,11,Consumer Discretionary,Telecommunications Equipment
IMOS,ChipMOS TECHNOLOGIES INC.,-3.94,34.85,72,72,97,Technology,Semiconductors
FURCF,Forvia SE,0.0,-0.66,16,19,25,Consumer Cyclical,Auto Parts
CSIOY,"Casio Computer Co.,Ltd.",-0.02,10.09,88,63,92,Technology,Consumer Electronics
DGII,Digi International Inc.,-0.37,8.96,63,51,93,Telecommunications,Computer Communications Equipment
BW,"Babcock & Wilcox Enterprises, Inc.",-2.48,-23.29,0,0,11,Industrials,Building Products
CHRYY,Chorus Limited,0.35,-6.35,11,14,25,Communication Services,Telecom Services
SRBEF,Vusion S.A.,0.0,0.32,57,29,21,Technology,Software - Application
KWR,Quaker Chemical Corporation,0.5,2.01,31,32,72,Industrials,Major Chemicals
COHU,"Cohu, Inc.",-3.4,24.92,76,76,97,Industrials,Electrical Products
EKTAF,Elekta AB (publ),0.0,2.88,27,28,38,Healthcare,Medical Devices
PPAAY,PT Perusahaan Gas Negara (Persero) Tbk,0.0,-1.27,14,17,27,Utilities,Utilities - Regulated Gas
UAA,"Under Armour, Inc.",1.24,-1.81,64,54,15,Consumer Discretionary,Apparel
IMNM,"Immunome, Inc.",1.13,-22.67,4,7,41,Health Care,Biotechnology: Pharmaceutical Preparations
MRPLY,Mr Price Group Limited,0.0,1.37,6,14,40,Consumer Cyclical,Apparel Retail
IWGFF,International Workplace Group plc,1.48,-1.23,47,40,22,Real Estate,Real Estate Services
BCC,Boise Cascade Company,1.78,-1.11,25,26,42,Consumer Discretionary,RETAIL: Building Materials
TALO,Talos Energy Inc.,1.74,-3.36,32,25,90,Energy,Oil & Gas Production
AEBZY,Anadolu Efes Biracilik ve Malt Sanayii Anonim Sirketi,3.23,-7.34,41,37,21,Consumer Defensive,Beverages - Non-Alcoholic
PK,Park Hotels & Resorts Inc.,0.07,0.9,40,27,87,Consumer Discretionary,Hotels/Resorts
ILKAY,Iluka Resources Limited,0.0,-13.4,11,12,21,Basic Materials,Other Industrial Metals & Mining
CHA,Chagee Holdings Limited,1.52,-8.26,17,17,39,Consumer Discretionary,Restaurants
OVHFF,OVH Groupe S.A.,0.0,22.51,93,92,93,Technology,Software - Infrastructure
HTO,H2O America,0.16,-7.87,5,9,59,Utilities,Water Supply
BBAI,"BigBear.ai Holdings, Inc.",-3.59,-14.18,0,0,3,Technology,Computer Software: Prepackaged Software
ELVN,"Enliven Therapeutics, Inc.",-1.76,-27.74,0,0,91,Health Care,Biotechnology: Pharmaceutical Preparations
NBTB,NBT Bancorp Inc.,0.7,-2.11,16,17,70,Finance,Major Banks
HNWAF,"Hanwa Co., Ltd.",0.0,-176.07,99,100,1,Industrials,Conglomerates
NSHBY,Nisshinbo Holdings Inc.,0.0,0.0,19,20,88,Industrials,Conglomerates
ALSSF,"Alsea, S.A.B. de C.V.",4.35,2.33,100,72,29,Consumer Cyclical,Restaurants
NGVT,Ingevity Corporation,0.69,6.38,53,44,63,Industrials,Major Chemicals
AKRTF,Aker Solutions ASA,-2.22,-2.22,0,0,70,Energy,Oil & Gas Equipment & Services
ATUSF,Altius Minerals Corporation,-2.35,-4.36,0,0,86,Basic Materials,Other Industrial Metals & Mining
PRRFY,Premier Foods plc,2.69,-3.3,34,31,50,Consumer Defensive,Packaged Foods
DNOW,DNOW Inc.,1.89,1.16,30,25,76,Consumer Discretionary,Oil and Gas Field Machinery
RNW,ReNew Energy Global Plc,0.15,0.73,34,27,74,Utilities,Electric Utilities: Central
ZZHGY,"ZhongAn Online P & C Insurance Co., Ltd.",0.0,0.0,19,20,7,Financial Services,Insurance - Property & Casualty
BUSEP,First Busey Corporation,-0.2,-3.56,7,12,41,Finance,Major Banks
AVPT,"AvePoint, Inc.",0.91,12.75,87,94,76,Technology,Computer Software: Prepackaged Software
JBFCY,Jollibee Foods Corporation,0.33,-7.95,17,14,12,Consumer Cyclical,Restaurants
MH,"McGraw Hill, Inc.",2.06,10.4,64,54,73,Consumer Discretionary,Publishing
KOD,Kodiak Sciences Inc.,3.49,186.77,92,93,98,Health Care,Biotechnology: Biological Products (No Diagnostic Substances)
HE,"Hawaiian Electric Industries, Inc.",0.57,-15.76,5,7,5,Utilities,Electric Utilities: Central
SWONF,SoftwareOne Holding AG,0.0,-10.43,4,8,65,Technology,Software - Application
DRVN,Driven Brands Holdings Inc.,0.68,-4.31,11,14,14,Consumer Discretionary,Automotive Aftermarket
DRD,DRDGOLD Limited,1.69,-8.62,14,15,37,Basic Materials,Precious Metals
IMYSY,Imerys S.A.,0.0,-9.75,21,20,43,Basic Materials,Specialty Chemicals
RAMP,"LiveRamp Holdings, Inc.",-0.11,-0.48,11,16,81,Technology,EDP Services
DRH,DiamondRock Hospitality Company,2.02,4.37,86,48,86,Real Estate,Real Estate Investment Trusts
AKRYY,Aker Solutions ASA,0.0,-2.9,63,52,89,Energy,Oil & Gas Equipment & Services
HNI,HNI Corporation,0.93,1.32,50,32,77,Consumer Discretionary,Office Equipment/Supplies/Services
PCT,"PureCycle Technologies, Inc.",3.42,-32.59,6,7,2,Industrials,Major Chemicals
MNR,Mach Natural Resources LP,0.09,-15.12,13,14,33,Energy,Oil & Gas Production
ALZCF,AlzChem Group AG,0.0,0.0,19,20,51,Basic Materials,Specialty Chemicals
CRPHY,Ceres Power Holdings plc,0.0,-3.48,32,31,87,Industrials,Electrical Equipment & Parts
NMZ,Nuveen Municipal High Income Opportunity Fund,0.78,-4.68,29,27,27,Finance,Finance/Investors Services
EFSCP,Enterprise Financial Services Corp,0.03,-7.22,23,22,19,Finance,Major Banks
CCU,Compañía Cervecerías Unidas S.A.,1.28,-4.81,46,38,34,Consumer Staples,Beverages (Production/Distribution)
EKTAY,Elekta AB (publ),0.0,3.13,62,44,43,Healthcare,Medical Devices
SPKKY,Spark New Zealand Limited,0.91,-7.09,15,17,42,Communication Services,Telecom Services
CDGLY,ComfortDelGro Corporation Limited,-0.81,10.03,54,41,63,Industrials,Railroads
ODFJF,Odfjell Drilling Ltd.,0.0,14.44,47,35,92,Energy,Oil & Gas Drilling
IMAX,IMAX Corporation,-0.27,-0.08,16,21,91,Consumer Discretionary,Industrial Machinery/Components
NGCRF,NagaCorp Ltd.,0.0,-17.39,7,12,10,Consumer Cyclical,Resorts & Casinos
MBIN,Merchants Bancorp,0.97,-5.81,14,15,82,Finance,Major Banks
MBINN,Merchants Bancorp,-0.66,-4.48,0,7,41,Finance,Major Banks
MLCO,Melco Resorts & Entertainment Limited,0.0,-16.77,2,5,6,Consumer Discretionary,Hotels/Resorts
DRDGF,DRDGOLD Limited,0.0,-9.93,19,20,59,Basic Materials,Gold
WLYB,"John Wiley & Sons, Inc.",0.0,-0.27,36,24,77,Consumer Discretionary,Books
PLUS,ePlus inc.,-1.28,4.08,26,12,66,Technology,Retail: Computer Software & Peripheral Equipment
WS,"Worthington Steel, Inc.",-2.64,3.09,29,20,57,Industrials,Steel/Iron Ore
RPBPF,Raspberry Pi Holdings plc,4.43,15.41,64,60,88,Technology,Electronic Components
GMOYF,"GMO internet group, Inc.",0.0,0.0,19,20,74,Communication Services,Telecom Services
ACHC,"Acadia Healthcare Company, Inc.",-2.57,-0.18,57,46,79,Health Care,Medical Specialities
ABBRF,AbraSilver Resource Corp.,1.12,-25.09,5,7,53,Basic Materials,Other Precious Metals & Mining
ARR,"ARMOUR Residential REIT, Inc.",1.35,-13.57,9,11,22,Real Estate,Real Estate Investment Trusts
SYBT,"Stock Yards Bancorp, Inc.",0.3,-3.47,7,11,60,Finance,Major Banks
ATHM,Autohome Inc.,-1.4,-6.0,0,0,41,Technology,EDP Services
OKCTF,Okinawa Cellular Telephone Company,0.0,-326.19,99,99,1,Communication Services,Telecom Services
XRAY,DENTSPLY SIRONA Inc.,1.76,-17.24,11,12,8,Health Care,Medical/Dental Instruments
CLBK,"Columbia Financial, Inc.",1.94,-4.59,24,22,89,Finance,Savings Institutions
AESI,Atlas Energy Solutions Inc.,-2.41,-12.33,33,29,48,Industrials,Mining & Quarrying of Nonmetallic Minerals (No Fuels)
SPSC,"SPS Commerce, Inc.",2.86,7.89,60,47,79,Technology,Computer Software: Prepackaged Software
GEBHF,Genting Berhad,0.0,0.0,19,20,18,Consumer Cyclical,Resorts & Casinos
MKMLF,"Makino Milling Machine Co., Ltd.",0.0,-112.7,100,100,1,Industrials,Specialty Industrial Machinery
SLDE,"Slide Insurance Holdings, Inc.",2.72,3.48,59,49,89,Finance,Property-Casualty Insurers
IOSP,Innospec Inc.,0.28,4.95,79,72,83,Industrials,Major Chemicals
MHD,"BlackRock MuniHoldings Fund, Inc.",0.6,-8.01,9,12,24,Finance,Investment Bankers/Brokers/Service
PRDO,Perdoceo Education Corporation,3.85,1.8,79,61,42,Real Estate,Other Consumer Services
PTKFY,PT Kalbe Farma Tbk.,1.83,-6.18,62,48,11,Healthcare,Drug Manufacturers - General
FORTY,Formula Systems (1985) Ltd.,0.0,-7.14,38,31,44,Technology,EDP Services
LCSHF,Lancashire Holdings Limited,0.0,0.59,23,22,48,Financial Services,Insurance - Specialty
TRVI,"Trevi Therapeutics, Inc.",-2.4,-19.39,0,0,39,Health Care,Biotechnology: Pharmaceutical Preparations
OMCL,"Omnicell, Inc.",-1.08,8.0,86,80,24,Technology,Computer Manufacturing
TAVHF,TAV Havalimanlari Holding A.S.,0.0,48.33,96,96,97,Industrials,Airports & Air Services
BHC,Bausch Health Companies Inc.,-1.79,-0.49,83,63,61,Health Care,Biotechnology: Pharmaceutical Preparations
CMGMY,Chemring Group PLC,2.04,-6.67,11,13,24,Industrials,Aerospace & Defense
HRUFF,H&R Real Estate Investment Trust,3.85,-1.32,45,39,23,Real Estate,REIT - Diversified
GNL,"Global Net Lease, Inc.",-0.62,-12.33,0,3,33,Real Estate,Real Estate Investment Trusts
FLYW,Flywire Corporation,1.54,3.83,98,68,85,Consumer Discretionary,Business Services
NMM,Navios Maritime Partners L.P.,1.33,0.5,53,37,93,Consumer Discretionary,Marine Transportation
OCUL,"Ocular Therapeutix, Inc.",3.87,-29.28,13,13,8,Health Care,Biotechnology: Pharmaceutical Preparations
SESMF,SUSS MicroTec SE,0.0,-9.78,3,7,86,Technology,Semiconductor Equipment & Materials
NTLA,"Intellia Therapeutics, Inc.",7.6,5.62,89,84,28,Health Care,Biotechnology: In Vitro & In Vivo Diagnostic Substances
UHOIF,Ushio Inc.,0.11,0.11,22,22,89,Industrials,Specialty Industrial Machinery
BLX,Bladex Inc.,1.0,-1.53,35,29,67,Finance,Commercial Banks
NEOG,Neogen Corporation,0.26,-0.51,3,8,92,Health Care,Biotechnology: In Vitro & In Vivo Diagnostic Substances
PDFS,"PDF Solutions, Inc.",-1.86,10.64,72,72,90,Technology,Computer Software: Prepackaged Software
ALKT,"Alkami Technology, Inc.",1.27,-24.82,11,10,11,Technology,Computer Software: Prepackaged Software
SION,"Sionna Therapeutics, Inc.",1.66,-35.7,5,6,1,Health Care,Biotechnology: Pharmaceutical Preparations
STOK,"Stoke Therapeutics, Inc.",-1.4,-18.37,0,0,10,Health Care,Biotechnology: Pharmaceutical Preparations
PFFVF,Pfeiffer Vacuum Technology AG,0.0,-0.49,16,19,49,Industrials,Specialty Industrial Machinery
JPEVF,"Japan Elevator Service Holdings Co.,Ltd.",0.0,0.0,19,20,1,Industrials,Specialty Business Services
PLAB,"Photronics, Inc.",-1.33,4.69,51,37,37,Technology,Semiconductors
BLDP,Ballard Power Systems Inc.,-3.0,-12.61,0,0,5,Energy,Industrial Machinery/Components
RAPP,"Rapport Therapeutics, Inc.",-3.27,-31.32,0,0,24,Health Care,Biotechnology: Pharmaceutical Preparations
AGM,Federal Agricultural Mortgage Corporation,-0.55,-6.98,0,5,78,Finance,Finance Companies
ABCL,AbCellera Biologics Inc.,-6.31,14.91,24,17,98,Health Care,Biotechnology: Pharmaceutical Preparations
PDO,Pimco Dynamic Income Opportunities Fund,1.86,-2.28,39,32,35,Finance,Trusts Except Educational Religious and Charitable
FBYD,"Falcon's Beyond Global, Inc.",1.97,32.68,100,100,6,Consumer Discretionary,Services-Misc. Amusement & Recreation
TY,Tri-Continental Corporation,-0.14,0.01,25,24,54,Finance,Finance Companies
LGYRF,Landis+Gyr Group AG,0.0,-1.41,12,15,24,Industrials,Electrical Equipment & Parts
PUMP,ProPetro Holding Corp.,-2.59,-21.39,3,3,34,Energy,Oilfield Services/Equipment
SGML,Sigma Lithium Corporation,-3.04,-5.06,52,53,17,Basic Materials,Metal Mining
FIVN,"Five9, Inc.",4.06,16.2,53,47,96,Technology,EDP Services
CMRE,Costamare Inc.,1.66,1.19,63,47,57,Consumer Discretionary,Marine Transportation
ADMA,"ADMA Biologics, Inc.",1.87,10.01,100,100,30,Health Care,Biotechnology: Biological Products (No Diagnostic Substances)
QFIN,"Qfin Holdings, Inc.",-1.38,-28.04,0,0,1,Finance,Finance: Consumer Services
KNCAF,"Konica Minolta, Inc.",0.0,1.64,51,26,68,Industrials,Business Equipment & Supplies
BLRDF,Billerud AB (publ),0.0,0.83,19,20,88,Basic Materials,Paper & Paper Products
AIN,Albany International Corp.,0.08,-0.78,17,19,43,Consumer Discretionary,Textiles
CTS,CTS Corporation,-1.68,1.86,0,0,73,Technology,Electrical Products
GDNGY,PT Gudang Garam Tbk,2.26,-15.59,14,15,81,Consumer Defensive,Tobacco
HRMY,"Harmony Biosciences Holdings, Inc.",0.66,-3.65,11,14,79,Health Care,Biotechnology: Pharmaceutical Preparations
ASAN,"Asana, Inc.",5.79,15.3,80,70,75,Technology,Computer Software: Prepackaged Software
DETRF,Deterra Royalties Limited,1.99,-11.24,13,14,30,Basic Materials,Other Industrial Metals & Mining
SFRGY,Salvatore Ferragamo S.p.A.,0.0,-21.31,2,4,16,Consumer Cyclical,Luxury Goods
ECO,Okeanis Eco Tankers Corp.,7.27,29.51,100,100,98,Consumer Discretionary,Marine Transportation
TIC,"TIC Solutions, Inc.",0.57,-4.85,36,32,50,Consumer Discretionary,Business Services
PRLB,"Proto Labs, Inc.",-1.14,15.62,66,61,93,Industrials,Metal Fabrications
BKSY,BlackSky Technology Inc.,-3.16,1.98,10,1,12,Technology,Radio And Television Broadcasting And Communications Equipment
ADNT,Adient plc,0.4,-6.57,22,19,19,Consumer Discretionary,Auto Parts:O.E.M.
TBNGY,PT Bukit Asam (Persero) Tbk,0.0,0.0,19,20,64,Energy,Thermal Coal
ANIP,"ANI Pharmaceuticals, Inc.",0.07,0.73,12,18,22,Health Care,Biotechnology: Pharmaceutical Preparations
CBZ,"CBIZ, Inc.",0.09,0.31,23,22,90,Consumer Discretionary,Business Services
INTA,"Intapp, Inc.",2.79,1.6,97,68,85,Technology,Computer Software: Prepackaged Software
NNWWF,The North West Company Inc.,0.0,-1.17,20,17,59,Consumer Defensive,Grocery Stores
SREMF,Sunrise Energy Metals Limited,2.24,-13.02,36,26,98,Industrials,Pollution & Treatment Controls
BEPTF,Beach Energy Limited,2.08,-3.92,21,21,20,Energy,Oil & Gas E&P
CMPS,COMPASS Pathways plc,-1.88,-19.34,0,2,91,Health Care,Biotechnology: Pharmaceutical Preparations
WIPKF,Winpak Ltd.,1.01,-6.86,15,17,37,Consumer Cyclical,Packaging & Containers
CHCO,City Holding Company,0.39,-2.12,12,15,69,Finance,Major Banks
AGIO,"Agios Pharmaceuticals, Inc.",0.41,-5.11,19,24,24,Health Care,Biotechnology: Pharmaceutical Preparations
FSHYF,Shougang Fushan Resources Group Limited,0.0,46.53,95,89,93,Basic Materials,Coking Coal
HURN,Huron Consulting Group Inc.,5.56,10.63,71,71,86,Consumer Discretionary,Professional Services
ETV,Eaton Vance Tax-Managed Buy-Write Opportunities Fund,0.6,-0.54,24,23,60,Finance,Investment Bankers/Brokers/Service
CASH,"Pathward Financial, Inc.",1.34,-8.95,12,13,21,Finance,Major Banks
CAPR,"Capricor Therapeutics, Inc.",-1.11,-3.49,16,17,2,Health Care,Biotechnology: Pharmaceutical Preparations
NKRKF,Nokian Renkaat Oyj,0.0,0.34,21,21,94,Consumer Cyclical,Auto Parts
BL,"BlackLine, Inc.",3.25,1.74,61,48,14,Technology,Computer Software: Prepackaged Software
WD,"Walker & Dunlop, Inc.",1.27,-14.73,17,17,5,Finance,Finance: Consumer Services
USA,Liberty All-Star Equity Fund,-0.17,0.17,21,22,52,Finance,Finance Companies
MGPPF,Megaport Limited,0.34,27.48,99,100,95,Technology,Software - Infrastructure
APPN,Appian Corporation,2.38,13.47,89,64,92,Technology,Computer Software: Prepackaged Software
SOIEF,Stolt-Nielsen Limited,0.0,7.87,40,25,82,Industrials,Marine Shipping
FMC,FMC Corporation,-1.87,-25.5,15,15,4,Industrials,Major Chemicals
SLSR,Solaris Resources Inc.,-1.46,-15.56,0,0,21,Basic Materials,Other Precious Metals & Mining
AMBQ,AMBQ,-4.97,-2.9,0,0,91,Technology,Semiconductors
EFC,Ellington Financial Inc.,0.43,-9.77,11,14,32,Finance,Real Estate
CRRSF,Cirrus Aircraft Limited,-5.11,-2.48,0,0,88,,
CMOPF,Cosmo N.V.,0.52,-6.95,6,11,6,Healthcare,Drug Manufacturers - General
DALXF,Spartan Delta Corp.,1.97,-5.0,64,53,94,Energy,Oil & Gas E&P
XPRO,Expro Ltd,4.24,-7.74,31,27,65,Energy,Oilfield Services/Equipment
LWLG,"Lightwave Logic, Inc.",-5.89,-0.97,35,22,27,Industrials,Containers/Packaging
SYAXF,Elevra Lithium Limited,0.0,-28.84,15,16,16,Basic Materials,Other Industrial Metals & Mining
IIPR,"Innovative Industrial Properties, Inc.",1.35,-3.25,34,29,48,Finance,Real Estate
XFABF,X-FAB Silicon Foundries SE,0.0,2.13,65,41,45,Technology,Semiconductors
WBTN,WEBTOON Entertainment Inc.,1.12,-3.97,9,11,12,Consumer Discretionary,Publishing
LMPMY,Lee & Man Paper Manufacturing Limited,6.84,-9.25,33,30,77,Basic Materials,Paper & Paper Products
AIP,"Arteris, Inc.",-2.39,1.92,50,37,67,Technology,Semiconductors
HCTPF,Hutchison Port Holdings Trust,0.0,0.0,19,20,76,Industrials,Marine Shipping
GEAHF,Great Eagle Holdings Limited,0.0,0.0,19,20,64,Real Estate,Real Estate - Diversified
BOEUF,Bonesupport Holding AB (publ),0.0,-5.85,41,33,46,Healthcare,Medical Instruments & Supplies
IMKTA,"Ingles Markets, Incorporated",0.69,4.56,65,48,57,Consumer Staples,Food Chains
GABC,"German American Bancorp, Inc.",0.85,-1.77,22,21,74,Finance,Major Banks
TSLX,"Sixth Street Specialty Lending, Inc.",2.27,1.15,32,29,42,Finance,Investment Managers
STMRF,Stanmore Resources Limited,-1.1,-22.75,0,2,67,Basic Materials,Coking Coal
DXC,DXC Technology Company,2.91,12.05,100,82,63,Technology,EDP Services
TNIEF,tonies SE,-6.19,-4.6,0,2,54,Consumer Cyclical,Leisure
KSS,Kohl's Corporation,-0.05,19.77,100,100,83,Consumer Discretionary,Department/Specialty Retail Stores
VIR,"Vir Biotechnology, Inc.",-3.47,5.1,43,46,91,Health Care,Biotechnology: Biological Products (No Diagnostic Substances)
XHR,"Xenia Hotels & Resorts, Inc.",0.95,3.29,41,44,71,Consumer Discretionary,Hotels/Resorts
AMLX,"Amylyx Pharmaceuticals, Inc.",-0.84,-15.24,0,2,96,Health Care,Biotechnology: Pharmaceutical Preparations
RHUHF,Richelieu Hardware Ltd.,9.86,5.72,100,100,58,Industrials,Tools & Accessories
INVA,"Innoviva, Inc.",-0.9,1.21,33,22,47,Health Care,Biotechnology: Pharmaceutical Preparations
VRNO,Verano Holdings Corp.,-0.57,-11.49,0,4,18,Healthcare,Drug Manufacturers - Specialty & Generic
FSUN,FirstSun Capital Bancorp,1.09,-3.07,21,20,56,Finance,Major Banks
BFC,Bank First Corporation,0.31,-4.3,11,14,63,Finance,Major Banks
PGEN,"Precigen, Inc.",0.8,13.77,37,29,95,Health Care,Biotechnology: Pharmaceutical Preparations
IMTX,Immatics N.V.,-1.07,-15.77,0,1,10,Health Care,Biotechnology: Biological Products (No Diagnostic Substances)
BORR,Borr Drilling Limited,7.21,5.49,100,97,71,Energy,Oil & Gas Production
OGCP,"Empire State Realty OP, L.P.",0.0,-3.87,55,41,9,Real Estate,REIT - Office
LZB,La-Z-Boy Incorporated,-0.3,-4.24,4,10,17,Consumer Discretionary,Home Furnishings
IMDXF,Imdex Limited,0.0,-13.46,5,9,21,Industrials,Farm & Heavy Construction Machinery
DMRA,"Damora Therapeutics, Inc.",1.58,-23.4,12,12,21,Health Care,Biotechnology: Pharmaceutical Preparations
LWSCF,Sienna Senior Living Inc.,0.66,-5.38,13,15,26,Healthcare,Medical Care Facilities
JPDYY,Japan Display Inc.,0.0,0.0,19,20,80,Technology,Electronic Components
LNDAF,"Línea Directa Aseguradora, S.A., Compañía de Seguros y Reaseguros",0.0,0.0,19,20,41,Financial Services,Insurance - Property & Casualty
CCS,"Century Communities, Inc.",0.78,-4.7,9,12,33,Consumer Discretionary,Homebuilding
NHNKY,Nihon Kohden Corporation,-1.71,5.33,25,24,43,Healthcare,Medical Devices
SNIRF,Senior plc,0.0,0.0,19,20,74,Industrials,Aerospace & Defense
CNOB,"ConnectOne Bancorp, Inc.",0.87,-4.34,14,15,60,Finance,Major Banks
WACLY,Wacoal Holdings Corp.,8.89,-10.31,38,34,12,Consumer Cyclical,Apparel Manufacturing
NNE,NANO Nuclear Energy Inc.,-4.68,-12.1,0,0,4,Utilities,Electric Utilities: Central
ACKAY,Arçelik Anonim Sirketi,0.0,-19.69,2,5,5,Consumer Cyclical,"Furnishings, Fixtures & Appliances"
MBX,"MBX Biosciences, Inc.",-2.37,-12.62,0,0,95,Health Care,Biotechnology: Pharmaceutical Preparations
ALKEF,Alkane Resources Ltd,-0.79,-3.85,0,4,87,Basic Materials,Gold
CBL,"CBL & Associates Properties, Inc.",1.44,-8.77,13,15,83,Real Estate,Real Estate Investment Trusts
RYZ,Ryerson Holding Corporation,-1.03,2.9,67,75,55,Industrials,Metal Fabrications
BTT,Blackrock Municipal 2030 Target Term Trust,0.18,-2.58,11,15,39,Finance,Investment Managers
KARO,Karooooo Ltd.,0.45,-4.67,6,9,76,Technology,Computer Software: Prepackaged Software
MAN,ManpowerGroup Inc.,2.82,-4.67,34,30,95,Consumer Discretionary,Professional Services
EBRCZ,"EBR Systems, Inc.",12.33,-9.09,44,42,2,Healthcare,Medical Devices
WEN,The Wendy's Company,1.8,-16.4,8,9,15,Consumer Discretionary,Restaurants
GBX,"The Greenbrier Companies, Inc.",-0.39,-9.45,0,5,14,Industrials,Railroads
FTRE,Fortrea Holdings Inc.,-0.92,19.68,80,74,94,Health Care,Medical Specialities
KMPB,KMPB,0.04,1.06,20,21,62,Finance,Property-Casualty Insurers
CRLFF,Cardinal Energy Ltd.,3.12,1.36,62,45,89,Energy,Oil & Gas E&P
FUGRF,Fugro N.V.,0.0,-17.83,2,4,5,Energy,Oil & Gas Equipment & Services
CSWC,Capital Southwest Corporation,1.06,-0.45,43,26,68,Consumer Discretionary,Textiles
WZZZY,Wizz Air Holdings Plc,0.0,5.24,92,91,51,Industrials,Airlines
PLTK,Playtika Holding Corp.,-0.86,3.6,56,43,5,Technology,EDP Services
BCAX,Bicara Therapeutics Inc.,5.12,-25.28,12,13,13,Health Care,Biotechnology: Pharmaceutical Preparations
CRI,"Carter's, Inc.",0.22,7.72,71,76,32,Consumer Discretionary,Apparel
ALMR,"Alamar Biosciences, Inc.",-6.7,-6.7,0,0,61,Industrials,Biotechnology: Laboratory Analytical Instruments
HCSG,"Healthcare Services Group, Inc.",-0.63,-5.4,0,5,54,Health Care,Hospital/Nursing Management
AVBP,"ArriVent BioPharma, Inc.",-1.07,-41.78,11,12,6,Health Care,Biotechnology: Pharmaceutical Preparations
TRRSF,Trisura Group Ltd.,0.28,-4.98,8,12,31,Financial Services,Insurance - Specialty
BORAY,"Bora Pharmaceuticals Co., Ltd.",0.0,-7.45,0,1,40,,
BAK,Braskem S.A.,2.82,-13.74,54,48,5,Industrials,Major Chemicals
FOR,Forestar Group Inc.,0.9,-2.3,26,24,35,Finance,Real Estate
ARRY,"Array Technologies, Inc.",-1.83,-17.58,0,0,2,Consumer Discretionary,Miscellaneous manufacturing industries
HBNB,Hotel101 Global Holdings Corp.,-2.2,-11.8,0,0,22,Consumer Discretionary,Hotels/Resorts
IDT,IDT Corporation,0.55,16.28,97,99,93,Telecommunications,Telecommunications Equipment
SVV,"Savers Value Village, Inc.",0.43,-3.73,20,17,34,Consumer Discretionary,Other Specialty Stores
NRP,Natural Resource Partners L.P.,0.84,1.02,63,39,61,Energy,Coal Mining
WBI,WaterBridge Infrastructure LLC,1.6,-8.99,30,26,70,Energy,Oilfield Services/Equipment
TDOC,"Teladoc Health, Inc.",-0.36,-9.03,0,4,9,Health Care,Medical/Nursing Services
NBR,Nabors Industries Ltd.,1.84,-9.98,24,20,82,Energy,Oil & Gas Production
CRML,Critical Metals Corp.,-3.26,1.64,11,4,9,Basic Materials,Metal Mining
SWDHY,Skyworth Group Limited,0.0,-19.84,2,5,39,Technology,Consumer Electronics
AOSL,Alpha and Omega Semiconductor Limited,-2.84,14.51,65,62,45,Technology,Semiconductors
ATVDY,"Atresmedia Corporación de Medios de Comunicación, S.A.",-1.33,5.07,51,52,75,Communication Services,Entertainment
MUC,"BlackRock MuniHoldings California Quality Fund, Inc.",-0.72,-5.33,8,13,31,Finance,Investment Bankers/Brokers/Service
MALJF,Magellan Aerospace Corporation,-2.05,-4.99,0,0,84,Industrials,Aerospace & Defense
MYI,"BlackRock MuniYield Quality Fund III, Inc.",0.0,-7.73,4,9,25,Finance,Investment Bankers/Brokers/Service
LIFZF,Labrador Iron Ore Royalty Corporation,-0.32,-15.65,0,4,11,Basic Materials,Steel
NSSC,"Napco Security Technologies, Inc.",-0.09,-0.51,5,11,26,Telecommunications,Telecommunications Equipment
NVGS,Navigator Holdings Ltd.,3.95,6.52,58,45,87,Consumer Discretionary,Marine Transportation
CCEC,Capital Clean Energy Carriers Corp.,1.12,-7.64,47,40,50,Consumer Discretionary,Marine Transportation
LSPD,Lightspeed Commerce Inc.,1.76,6.66,100,76,45,Technology,Computer Software: Prepackaged Software
COAG,"Hemab Therapeutics Holdings, Inc.",7.63,-22.54,19,19,22,Health Care,Biotechnology: Biological Products (No Diagnostic Substances)
KELTF,Kelt Exploration Ltd.,0.65,3.49,51,42,87,Energy,Oil & Gas E&P
GCT,GigaCloud Technology Inc.,0.82,8.92,100,100,94,Consumer Discretionary,Catalog/Specialty Distribution
CHNFF,China Foods Limited,0.0,0.0,19,20,86,Consumer Defensive,Beverages - Non-Alcoholic
TUYA,Tuya Inc.,-2.86,-6.59,21,17,14,Technology,Computer Software: Prepackaged Software
RDWR,Radware Ltd.,-2.42,4.96,39,7,59,Consumer Discretionary,Business Services
MSDL,Morgan Stanley Direct Lending Fund,1.8,-4.29,21,21,33,Financial Services,Asset Management
ENOV,Enovis Corporation,-1.02,-5.32,0,2,5,Health Care,Industrial Specialties
PBT,Permian Basin Royalty Trust,3.72,-1.91,60,49,95,Energy,Oil & Gas Production
ATLC,Atlanticus Holdings Corporation,-3.05,-1.72,42,29,84,Finance,Finance: Consumer Services
WABC,Westamerica Bancorporation,2.2,0.81,42,33,73,Finance,Major Banks
TRIP,"Tripadvisor, Inc.",3.82,1.47,65,52,5,Technology,Computer Software: Programming Data Processing
GILT,Gilat Satellite Networks Ltd.,1.08,-2.31,16,18,6,Technology,Radio And Television Broadcasting And Communications Equipment
TWOD,Two Harbors Investment Corp.,-0.09,0.57,18,20,51,Real Estate,Real Estate Investment Trusts
UVV,Universal Corporation,0.82,-4.74,28,26,18,Industrials,Farming/Seeds/Milling
RXT,"Rackspace Technology, Inc.",-5.97,15.65,36,29,98,Technology,Computer Software: Programming Data Processing
LYPHF,Luye Pharma Group Ltd.,0.0,0.0,19,20,48,Healthcare,Drug Manufacturers - Specialty & Generic
MNSAF,Mineros S.A.,0.88,11.56,89,97,96,Basic Materials,Gold
TV,"Grupo Televisa, S.A.B.",0.45,-5.49,6,10,15,Industrials,Broadcasting
UAN,"CVR Partners, LP",0.43,-7.37,18,13,82,Industrials,Agricultural Chemicals
LUCK,Lucky Strike Entertainment Corporation,-1.93,-8.48,0,0,4,Consumer Discretionary,Services-Misc. Amusement & Recreation
SQZZF,Serica Energy plc,-7.39,-2.69,18,4,84,Energy,Oil & Gas E&P
RMIX,"Suncrete, Inc.",1.52,-18.7,8,10,18,Industrials,Building Materials
DSL,DoubleLine Income Solutions Fund,1.02,-4.24,20,20,33,Finance,Trusts Except Educational Religious and Charitable
DFDDF,DFDS A/S,0.0,0.0,19,20,81,Industrials,Marine Shipping
XPEL,"XPEL, Inc.",1.35,-6.53,33,23,53,Industrials,Industrial Specialties
XZO,"Exzeo Group, Inc.",4.4,0.7,55,46,22,Finance,Property-Casualty Insurers
TMLDF,Tasmea Limited,0.65,8.04,65,64,71,,
TUFBY,Thai Union Group Public Company Limited,0.0,-6.21,33,30,64,Consumer Defensive,Packaged Foods
FLTLF,Flow Traders Ltd.,0.0,-13.4,3,7,35,Financial Services,Capital Markets
FGROY,FirstGroup plc,0.0,0.0,19,20,45,Industrials,Railroads
PAHC,Phibro Animal Health Corporation,-0.85,2.24,95,86,44,Health Care,Biotechnology: Pharmaceutical Preparations
DSGR,"Distribution Solutions Group, Inc.",0.0,0.92,24,23,83,Consumer Discretionary,Industrial Specialties
ICFI,"ICF International, Inc.",4.79,1.25,52,41,64,Consumer Discretionary,Professional Services
ACNDF,CapitaLand India Trust,-5.41,-9.09,10,8,17,Real Estate,Real Estate Services
MRVI,"Maravai LifeSciences Holdings, Inc.",-2.96,7.13,31,24,96,Health Care,Biotechnology: Pharmaceutical Preparations
VIA,"Via Transportation, Inc.",1.44,17.34,100,100,92,Technology,Computer Software: Prepackaged Software
BCCMY,BAIC Motor Corporation Limited,0.0,2.22,57,28,3,Consumer Cyclical,Auto Manufacturers
AFMJF,Alphamin Resources Corp.,1.0,-5.61,47,39,78,Basic Materials,Other Industrial Metals & Mining
JFR,Nuveen Floating Rate Income Fund,0.96,-2.53,30,27,49,Finance,Trusts Except Educational Religious and Charitable
FQVTF,Fevertree Drinks PLC,0.0,7.09,77,63,62,Consumer Defensive,Beverages - Non-Alcoholic
OPFI,OppFi Inc.,0.5,-19.76,4,6,5,Finance,Finance: Consumer Services
ARYTF,Aryt Industries Ltd.,0.0,-10.19,2,5,10,Industrials,Aerospace & Defense
VULNF,Vulcan Energy Resources Limited,-16.0,-41.67,0,0,1,Basic Materials,Other Industrial Metals & Mining
ORZCF,Orezone Gold Corporation,-1.32,14.8,57,46,93,Basic Materials,Gold
HKEPF,"Hokkaido Electric Power Company, Incorporated",0.0,-180.39,99,99,1,Utilities,Utilities - Renewable
SBET,"Sharplink, Inc.",-1.56,4.51,30,19,77,Technology,Computer Software: Prepackaged Software
BRETF,Brazilian Rare Earths Limited,0.0,-13.9,3,5,4,Basic Materials,Other Precious Metals & Mining
EMO,ClearBridge Energy Midstream Opportunity Fund Inc,0.83,-6.91,12,14,68,Finance,Investment Managers
QKIE,QKIE,0.0,-3.67,79,75,95,Financial Services,Shell Companies
BMCLF,BAIC Motor Corporation Limited,0.0,3.33,52,30,2,Consumer Cyclical,Auto Manufacturers
PSNL,"Personalis, Inc.",0.37,-1.65,17,20,96,Health Care,Medical Specialities
INSP,"Inspire Medical Systems, Inc.",-1.13,-2.1,0,1,58,Health Care,Medical/Dental Instruments
BVHMY,Vistry Group PLC,-8.89,-18.47,0,0,4,Consumer Cyclical,Residential Construction
LIFE,Ethos Technologies Inc.,3.49,-6.77,39,34,97,Finance,Specialty Insurers
BOMXF,"Bolsa Mexicana de Valores, S.A.B. de C.V.",-12.56,-15.7,0,0,28,Financial Services,Financial Data & Stock Exchanges
CDNA,"CareDx, Inc.",-1.32,24.36,60,58,98,Health Care,Medical Specialities
FMBH,"First Mid Bancshares, Inc.",0.78,-3.17,16,17,75,Finance,Major Banks
TBNRL,Tamboran Resources Corporation,0.0,6.31,100,100,92,Energy,Oil & Gas E&P
ALGGY,"Alliance Global Group, Inc.",0.0,0.0,19,20,44,Industrials,Conglomerates
GIC,Global Industrial Company,-1.14,10.09,70,65,87,Industrials,Industrial Machinery/Components
REAL,"The RealReal, Inc.",2.34,0.73,68,53,21,Consumer Discretionary,Other Specialty Stores
IRMD,IRADIMED CORPORATION,0.48,4.9,66,57,35,Health Care,Medical/Dental Instruments
SVC,Service Properties Trust,-2.51,-9.46,0,0,8,Real Estate,Real Estate Investment Trusts
PDS,Precision Drilling Corporation,0.87,-5.57,35,27,71,Energy,Oil & Gas Production
WZZAF,Wizz Air Holdings Plc,0.0,0.0,19,20,22,Industrials,Airlines
AGBK,AGI Inc,0.0,-3.84,81,70,11,Finance,Commercial Banks
HIVE,HIVE Digital Technologies Ltd.,-6.91,-14.38,0,0,14,Finance,Finance: Consumer Services
ACVA,ACV Auctions Inc.,0.0,44.6,20,21,94,Consumer Discretionary,Business Services
ROCK,"Gibraltar Industries, Inc.",-2.47,-15.81,0,0,15,Industrials,Steel/Iron Ore
MOGLF,Mongolian Mining Corporation,0.0,-17.32,3,6,40,Basic Materials,Coking Coal
NSUKF,"NS United Kaiun Kaisha, Ltd.",0.0,-150.18,100,100,1,Unknown,Unknown
CHRHF,Chervon Holdings Limited,-6.98,58.42,75,77,97,Industrials,Tools & Accessories
EYPT,"EyePoint, Inc.",4.22,-18.59,26,25,1,Industrials,Biotechnology: Laboratory Analytical Instruments
UFCS,"United Fire Group, Inc.",2.45,2.99,96,61,91,Finance,Property-Casualty Insurers
LNN,Lindsay Corporation,1.12,-2.31,20,19,40,Industrials,Industrial Machinery/Components
INDI,"indie Semiconductor, Inc.",-4.93,-21.3,0,0,6,Technology,Semiconductors
LQDT,"Liquidity Services, Inc.",2.01,1.54,30,26,86,Consumer Discretionary,Business Services
DQ,Daqo New Energy Corp.,-1.65,-8.45,0,0,4,Technology,Semiconductors
PZZA,"Papa John's International, Inc.",0.52,-9.32,6,9,2,Consumer Discretionary,Restaurants
HFWA,Heritage Financial Corporation,1.21,-2.96,21,20,57,Finance,Banks
HSLV,Highlander Silver Corp.,-1.25,-16.99,0,0,17,Basic Materials,Silver
DEA,"Easterly Government Properties, Inc.",1.0,-2.89,24,21,56,Real Estate,Real Estate Investment Trusts
DLX,Deluxe Corporation,3.04,-2.5,35,32,50,Consumer Discretionary,Publishing
TPLKF,PVA TePla AG,0.0,1.1,88,74,48,Industrials,Specialty Industrial Machinery
ABR,"Arbor Realty Trust, Inc.",-4.92,-35.76,0,0,2,Real Estate,Real Estate Investment Trusts
MEQYF,Mainstreet Equity Corp.,0.82,-1.92,20,21,32,Real Estate,Real Estate Services
AOD,Abrdn Total Dynamic Dividend Fund,-0.6,-3.95,0,7,60,Finance,Investment Managers
NMAX,NMAX,3.6,-5.65,38,34,85,Industrials,Broadcasting
OSBC,"Old Second Bancorp, Inc.",0.81,-2.62,19,19,80,Finance,Major Banks
MGAWY,Megaworld Corporation,0.0,-3.02,20,21,55,Real Estate,Real Estate - Development
NAT,Nordic American Tankers Limited,4.51,19.0,100,100,97,Consumer Discretionary,Marine Transportation
EVV,Eaton Vance Limited Duration Income Fund,0.72,-4.64,16,18,29,Finance,Finance/Investors Services
GLGDF,GoGold Resources Inc.,0.75,-13.31,5,9,84,Basic Materials,Other Precious Metals & Mining
OCFC,OceanFirst Financial Corp.,-0.24,-12.38,1,5,27,Finance,Major Banks
AORT,"Artivion, Inc.",-1.85,-13.96,0,0,6,Health Care,Medical/Dental Instruments
BNGRF,Savencia SA,0.0,-24.12,2,4,27,Consumer Defensive,Packaged Foods
SAFE,Safehold Inc.,0.67,-14.48,10,12,15,Real Estate,Real Estate Investment Trusts
OMDA,"Omada Health, Inc.",-0.34,-3.16,68,60,71,Health Care,Medical/Nursing Services
LPTH,"LightPath Technologies, Inc.",-6.35,0.62,25,9,22,Technology,Semiconductors
THRM,Gentherm Incorporated,-1.48,-16.79,0,0,31,Consumer Discretionary,Auto Parts:O.E.M.
TGONF,Tetragon Financial Group Limited,0.0,1.91,69,59,42,,
CHY,Calamos Convertible and High Income Fund,-0.58,-4.57,25,25,48,Finance,Investment Managers
UTZ,"Utz Brands, Inc.",0.21,1.08,33,26,95,Consumer Staples,Packaged Foods
GNK,Genco Shipping & Trading Limited,2.62,3.96,62,44,89,Consumer Discretionary,Marine Transportation
DEC,Diversified Energy Company,0.5,-5.62,32,28,57,Energy,Oil & Gas Integrated
IVA,Inventiva S.A.,-1.34,-19.81,4,3,6,Health Care,Biotechnology: Pharmaceutical Preparations
PDM,"Piedmont Realty Trust, Inc.",-0.11,-3.51,18,17,63,Real Estate,Building operators
PGUUF,"Prosegur Cash, S.A.",0.0,1.18,43,32,71,Industrials,Integrated Freight & Logistics
RSTCF,"RS Technologies Co., Ltd.",0.0,0.0,19,20,20,Technology,Semiconductors
INNV,InnovAge Holding Corp.,-0.22,-14.06,9,9,81,Health Care,Medical/Nursing Services
WTBFB,W.T.B. Financial Corporation,0.0,-0.43,16,19,83,Financial Services,Banks - Regional
MHPSY,MHP SE,0.0,-15.15,3,6,34,Consumer Defensive,Farm Products
PAKTY,PT Map Aktif Adiperkasa Tbk,0.0,0.0,19,20,91,Consumer Cyclical,Specialty Retail
ARAFF,Arafura Rare Earths Limited,0.0,-20.0,3,6,5,Basic Materials,Other Industrial Metals & Mining
MJDLF,Major Drilling Group International Inc.,-0.8,-5.0,3,4,66,Basic Materials,Other Industrial Metals & Mining
CWAFF,China Water Affairs Group Limited,0.0,0.0,19,20,29,Utilities,Utilities - Regulated Water
YRCCF,Yurtec Corporation,0.0,-160.76,99,100,1,Industrials,Engineering & Construction
RNP,"Cohen & Steers REIT and Preferred Income Fund, Inc.",0.06,-7.45,5,9,28,Finance,Investment Managers
JVTSF,Juventus Football Club S.p.A.,9.39,-10.02,41,38,14,Communication Services,Entertainment
GOOG,Alphabet Inc.,-0.72,4.38,49,27,66,Technology,Computer Software: Programming Data Processing
AMZN,Amazon.com Inc,-2.25,0.86,44,27,61,Consumer Discretionary,Catalog/Specialty Distribution
TSLA,Tesla Inc,-0.74,3.15,68,69,32,Industrials,Auto Manufacturing
LLY,Eli Lilly and Company,-1.61,4.15,55,51,71,Health Care,Biotechnology: Pharmaceutical Preparations
WMT,Walmart Inc.,2.22,4.57,87,60,41,Consumer Discretionary,Department/Specialty Retail Stores
ORCL,Oracle Corporation,-5.48,-11.28,9,5,16,Technology,Computer Software: Prepackaged Software
V,Visa Inc.,0.81,2.15,57,39,66,Consumer Discretionary,Business Services
JNJ,Johnson & Johnson,-0.76,-3.71,17,19,73,Health Care,Biotechnology: Pharmaceutical Preparations
CSCO,"Cisco Systems, Inc.",-2.13,7.35,79,81,87,Telecommunications,Computer Communications Equipment
CAT,Caterpillar Inc.,-2.17,-1.1,0,0,72,Industrials,Construction/Ag Equipment/Trucks
ARM,Arm Holdings plc,-6.48,8.31,35,28,94,Technology,Semiconductors
BAC,Bank of America Corporation,0.17,-14.31,3,6,42,Finance,Major Banks
IDCBY,Industrial and Commercial Bank of China Limited,0.05,-0.47,17,19,79,Financial Services,Banks - Diversified
UNH,UnitedHealth Group,-1.34,-3.87,5,8,52,Health Care,Medical Specialities
RHHVF,Roche Holding AG,-1.37,0.24,11,11,59,Healthcare,Drug Manufacturers - General
MS,Morgan Stanley,-1.2,-11.86,0,1,47,Finance,Investment Bankers/Brokers/Service
HSBC,HSBC Holdings plc,-1.17,-10.69,0,1,65,Finance,Savings Institutions
HBCYF,HSBC Holdings plc,-4.39,-10.32,0,0,59,Financial Services,Banks - Diversified
CTATF,"Contemporary Amperex Technology Co., Limited",0.03,-13.06,3,7,11,,
MRK,"Merck & Co., Inc.",-0.29,-1.03,25,28,86,Health Care,Biotechnology: Pharmaceutical Preparations
PCCYF,PetroChina Company Limited,0.81,-1.57,50,41,67,Energy,Oil & Gas Integrated
TXN,Texas Instruments Incorporated,-0.27,11.35,78,80,86,Technology,Semiconductors
DELL,Dell Technologies Inc.,-0.76,13.41,58,46,98,Technology,Computer Manufacturing
LVMUY,"LVMH Moët Hennessy - Louis Vuitton, Société Européenne",-1.39,-8.59,3,7,8,Consumer Cyclical,Luxury Goods
QCOM,QUALCOMM Incorporated,-0.63,-0.49,0,4,60,Technology,Radio And Television Broadcasting And Communications Equipment
GEV,GE Vernova Inc.,0.23,8.17,82,85,79,Industrials,Specialty Industrial Machinery
BACHF,Bank of China Limited,0.0,-5.19,6,11,78,Financial Services,Banks - Diversified
TM,Toyota Motor Corporation,1.69,-3.37,20,20,37,Industrials,Auto Manufacturing
SIEGY,Siemens Aktiengesellschaft,-2.37,-0.74,0,0,49,Industrials,Specialty Industrial Machinery
WFC,Wells Fargo & Company,2.21,-8.3,18,18,37,Finance,Major Banks
LIN,Linde plc,-0.47,4.35,83,67,44,Basic Materials,Major Chemicals
RYDAF,Shell plc,2.46,2.61,78,55,84,Energy,Oil & Gas Integrated
BHPLF,BHP Group Limited,0.0,-2.89,32,22,83,Basic Materials,Other Industrial Metals & Mining
SAPGF,SAP SE,1.65,2.59,32,28,70,Technology,Software - Application
MBFJF,"Mitsubishi UFJ Financial Group, Inc.",0.0,6.1,80,66,89,Financial Services,Banks - Diversified
NVO,Novo Nordisk A/S,-0.21,-13.25,13,14,13,Health Care,Biotechnology: Pharmaceutical Preparations
VZ,Verizon Communications Inc.,1.27,-7.24,11,13,69,Telecommunications,Telecommunications Equipment
NONOF,Novo Nordisk A/S,1.3,-13.28,15,16,13,Healthcare,Drug Manufacturers - General
STX,Seagate Technology Holdings plc,-4.05,-10.07,0,0,96,Technology,Electronic Components
IDEXY,"Industria de Diseño Textil, S.A.",0.0,-5.89,6,11,39,Consumer Cyclical,Apparel Retail
TD,The Toronto-Dominion Bank,0.15,-5.08,6,10,72,Finance,Commercial Banks
CRWD,"CrowdStrike Holdings, Inc.",-0.92,25.93,79,80,97,Technology,Computer Software: Prepackaged Software
WDC,Western Digital Corporation,-2.99,-14.67,0,0,94,Technology,Electronic Components
BA,The Boeing Company,-0.3,-8.33,5,5,18,Industrials,Aerospace
MRVL,"Marvell Technology, Inc.",-3.52,21.02,83,85,98,Technology,Semiconductors
SBGSY,Schneider Electric S.E.,2.46,-12.36,14,15,44,Industrials,Specialty Industrial Machinery
T,AT&T Inc.,1.63,-2.66,21,21,61,Telecommunications,Telecommunications Equipment
ALIZF,Allianz SE,-2.66,-7.02,0,6,58,Financial Services,Insurance - Diversified
EADSF,Airbus SE,0.0,-6.07,5,9,36,Industrials,Aerospace & Defense
SMERY,Siemens Energy AG,-2.26,-3.07,10,0,46,Industrials,Specialty Industrial Machinery
DTEGF,Deutsche Telekom AG,0.3,-8.41,18,18,30,Communication Services,Telecom Services
BUD,Anheuser-Busch InBev SA/NV,3.74,-0.31,43,36,67,Consumer Staples,Beverages (Production/Distribution)
UNP,Union Pacific Corporation,1.28,-2.65,40,23,67,Industrials,Railroads
TOELF,Tokyo Electron Limited,-2.91,17.7,75,76,90,Technology,Semiconductor Equipment & Materials
IBDRY,"Iberdrola, S.A.",1.28,2.28,79,45,58,Utilities,Utilities - Diversified
RYCEF,Rolls-Royce Holdings plc,-3.99,-5.65,0,0,53,Industrials,Aerospace & Defense
ISRG,"Intuitive Surgical, Inc.",0.21,15.24,91,84,30,Health Care,Industrial Specialties
ABT,Abbott Laboratories,-0.24,-4.71,13,16,31,Health Care,Biotechnology: Pharmaceutical Preparations
SAFRF,Safran SA,-2.51,-6.33,0,0,32,Industrials,Aerospace & Defense
HTHIF,"Hitachi, Ltd.",0.6,6.13,48,40,77,Industrials,Conglomerates
CIHKY,"China Merchants Bank Co., Ltd.",1.67,-0.36,33,28,64,Financial Services,Banks - Regional
UBS,UBS Group AG,-0.76,-12.87,0,3,54,Finance,Major Banks
PIAIF,"Ping An Insurance (Group) Company of China, Ltd.",0.0,-4.88,42,33,38,Financial Services,Insurance - Life
SMFG,"Sumitomo Mitsui Financial Group, Inc.",-0.35,-4.67,1,7,79,Finance,Commercial Banks
PLD,"Prologis, Inc.",1.56,-3.05,22,21,46,Real Estate,Real Estate Investment Trusts
BTI,British American Tobacco p.l.c.,2.84,2.65,57,44,49,Health Care,Medicinal Chemicals and Botanical Products
SNEJF,Sony Group Corporation,-3.92,-5.9,9,7,36,Technology,Consumer Electronics
UNCRY,UniCredit S.p.A.,-2.02,-12.24,0,0,54,Financial Services,Banks - Regional
HNHPF,"Hon Hai Precision Industry Co., Ltd.",-2.02,-3.06,0,0,63,Technology,Electronic Components
CFRHF,Compagnie Financière Richemont SA,-1.9,-4.11,0,0,45,Consumer Cyclical,Luxury Goods
SPGI,S&P Global Inc.,1.91,-1.87,37,31,29,Finance,Finance: Consumer Services
UNLYF,Unilever PLC,0.91,-2.74,28,26,49,Consumer Defensive,Household & Personal Products
LMT,Lockheed Martin Corporation,1.74,-4.19,19,20,39,Industrials,Military/Government/Technical
IVSXF,Investor AB (publ),-1.67,-6.33,0,0,64,Financial Services,Asset Management
LOW,"Lowe's Companies, Inc.",4.03,-3.94,42,36,17,Consumer Discretionary,RETAIL: Building Materials
EBBNF,Enbridge Inc.,0.0,0.48,32,27,57,Energy,Oil & Gas Midstream
EBGEF,Enbridge Inc.,-0.07,-2.08,35,29,53,Energy,Oil & Gas Midstream
HDB,HDFC Bank Limited,-0.59,0.78,0,6,11,Finance,Commercial Banks
IITSF,Intesa Sanpaolo S.p.A.,-4.74,-12.08,0,0,47,Financial Services,Banks - Regional
ZIJMY,Zijin Mining Group Company Limited,-1.64,-13.63,0,0,38,Basic Materials,Gold
COF,Capital One Financial Corporation,1.78,-3.72,28,25,36,Finance,Major Banks
MO,"Altria Group, Inc.",2.94,5.48,84,59,69,Health Care,Medicinal Chemicals and Botanical Products
BYDDY,BYD Company Limited,-1.17,-7.39,0,1,12,Consumer Cyclical,Auto Manufacturers
BMO,Bank of Montreal,-0.65,-7.48,0,4,64,Finance,Commercial Banks
SBUX,Starbucks Corporation,-0.4,-6.06,0,7,47,Consumer Discretionary,Restaurants
MRAAY,"Murata Manufacturing Co., Ltd.",-4.86,8.12,55,48,96,Technology,Electronic Components
MFG,"Mizuho Financial Group, Inc.",-0.93,-3.53,2,3,84,Finance,Major Banks
MSBHF,Mitsubishi Corporation,-3.07,-10.22,0,0,65,Industrials,Conglomerates
PWR,"Quanta Services, Inc.",-2.25,10.78,66,66,86,Industrials,Engineering & Construction
SNY,Sanofi,0.07,-5.83,19,19,26,Health Care,Biotechnology: Pharmaceutical Preparations
ADBE,Adobe Inc.,3.56,-3.13,24,23,30,Technology,Computer Software: Prepackaged Software
GLAXF,GSK plc,0.0,2.21,67,54,44,Healthcare,Drug Manufacturers - General
CDNS,"Cadence Design Systems, Inc.",-2.04,22.42,89,92,53,Technology,Computer Software: Prepackaged Software
BN,Brookfield Corporation,-0.57,-3.19,5,10,17,Real Estate,Building operators
GSK,GSK plc,-1.02,-3.28,4,9,32,Health Care,Biotechnology: Pharmaceutical Preparations
TT,Trane Technologies plc,0.57,6.85,92,100,61,Industrials,Auto Parts:O.E.M.
BNS,The Bank of Nova Scotia,0.41,-4.81,9,13,77,Finance,Major Banks
GMBXF,"Grupo México, S.A.B. de C.V.",0.56,-3.31,36,34,83,Basic Materials,Other Industrial Metals & Mining
DUK,Duke Energy Corporation,1.16,-2.12,41,33,36,Utilities,Power Generation
STOHF,Equinor ASA,0.0,-4.88,7,11,93,Energy,Oil & Gas Integrated
CNQ,Canadian Natural Resources Limited,3.26,-2.58,32,28,88,Energy,Oil & Gas Production
FCX,Freeport-McMoRan Inc.,-1.0,-0.1,23,29,86,Basic Materials,Metal Mining
CHDRY,Christian Dior SE,0.0,7.15,45,45,16,Consumer Cyclical,Luxury Goods
GD,General Dynamics Corporation,1.0,-6.87,10,13,33,Industrials,Marine Transportation
SHECF,"Shin-Etsu Chemical Co., Ltd.",-2.59,7.43,51,54,46,Basic Materials,Chemicals
RCRRF,"Recruit Holdings Co., Ltd.",5.18,7.79,68,56,96,Communication Services,Internet Content & Information
EQNR,Equinor ASA,3.17,-4.83,28,25,93,Energy,Integrated oil Companies
CIXPF,"CaixaBank, S.A.",0.0,-10.14,4,8,72,Financial Services,Banks - Regional
PROSY,Prosus N.V.,-1.01,-4.03,0,5,10,Consumer Cyclical,Internet Retail
RCRUY,"Recruit Holdings Co., Ltd.",2.91,8.36,59,47,96,Communication Services,Internet Content & Information
ATLKY,Atlas Copco AB (publ),0.19,0.48,47,23,64,Industrials,Specialty Industrial Machinery
MCK,McKesson Corporation,2.19,5.61,100,68,73,Health Care,Other Pharmaceuticals
WEBNF,Westpac Banking Corporation,0.0,5.88,61,51,32,Financial Services,Banks - Diversified
PNC,"The PNC Financial Services Group, Inc.",0.9,-9.59,9,12,45,Finance,Major Banks
MGCOF,"Midea Group Co., Ltd.",-7.55,-11.23,8,6,63,,
DDOG,"Datadog, Inc.",0.91,23.49,89,90,95,Technology,Computer Software: Prepackaged Software
TKOMF,"Tokio Marine Holdings, Inc.",-0.91,1.15,41,40,69,Financial Services,Insurance - Property & Casualty
BKFCF,"Bank of Communications Co., Ltd.",0.0,12.37,88,91,80,Financial Services,Banks - Diversified
MIELY,Mitsubishi Electric Corporation,-4.92,-2.27,0,0,40,Industrials,Electrical Equipment & Parts
MELI,"MercadoLibre, Inc.",-0.86,-2.6,65,53,36,Consumer Discretionary,Business Services
ASX,"ASE Technology Holding Co., Ltd.",-1.09,13.55,75,75,97,Technology,Semiconductors
TKOMY,"Tokio Marine Holdings, Inc.",0.6,-93.43,0,0,1,Financial Services,Insurance - Property & Casualty
HCA,"HCA Healthcare, Inc.",1.33,5.85,100,62,48,Health Care,Hospital/Nursing Management
BCS,Barclays PLC,-0.22,-12.44,1,5,35,Finance,Commercial Banks
NOKBF,Nokia Oyj,-4.06,-3.97,15,3,84,Technology,Communication Equipment
CIEN,Ciena Corporation,-4.6,27.31,84,86,92,Utilities,Telecommunications Equipment
SLB,SLB N.V.,2.13,-12.55,13,15,70,Energy,Oilfield Services/Equipment
NOK,Nokia Oyj,-4.52,-4.52,21,4,82,Technology,Radio And Television Broadcasting And Communications Equipment
NPPXF,"NTT, Inc.",0.0,-5.46,48,39,74,Communication Services,Telecom Services
VCISF,Vinci SA,1.47,-7.34,17,18,19,Industrials,Engineering & Construction
MHVIY,"Mitsubishi Heavy Industries, Ltd.",-2.58,-1.43,0,0,5,Industrials,Specialty Industrial Machinery
NOC,Northrop Grumman Corporation,2.33,-6.64,17,18,17,Industrials,Industrial Machinery/Components
MHVYF,"Mitsubishi Heavy Industries, Ltd.",-4.63,3.43,9,16,32,Industrials,Specialty Industrial Machinery
BAESY,BAE Systems plc,1.06,-5.91,9,12,31,Industrials,Aerospace & Defense
CP,Canadian Pacific Kansas City Limited,0.86,-4.85,13,15,55,Industrials,Railroads
ENGIY,Engie SA,0.31,-8.9,7,11,32,Utilities,Utilities - Diversified
NTES,"NetEase, Inc.",-0.84,3.43,50,34,30,Technology,Computer Software: Prepackaged Software
E,Eni S.p.A.,3.08,-0.26,57,38,87,Energy,Oil & Gas Production
EIPAF,Eni S.p.A.,1.82,-2.67,31,26,85,Energy,Oil & Gas Integrated
GM,General Motors Company,1.56,-4.49,38,31,70,Industrials,Auto Manufacturing
HLT,Hilton Worldwide Holdings Inc.,0.86,5.57,79,77,58,Consumer Discretionary,Hotels/Resorts
CI,The Cigna Group,0.9,0.04,47,34,42,Health Care,Medical Specialities
MPC,Marathon Petroleum Corporation,4.77,18.07,100,100,97,Energy,Integrated oil Companies
ECL,Ecolab Inc.,1.29,3.99,88,49,54,Consumer Discretionary,Package Goods/Cosmetics
BSX,Boston Scientific Corporation,1.11,-2.46,14,16,7,Health Care,Medical/Dental Instruments
ITW,Illinois Tool Works Inc.,1.36,0.46,31,27,51,Industrials,Industrial Machinery/Components
COHR,Coherent Corp.,-9.63,3.13,46,38,91,Technology,Electronic Components
RNMBY,Rheinmetall AG,1.96,-10.29,14,14,7,Industrials,Aerospace & Defense
RNMBF,Rheinmetall AG,1.89,-10.86,13,14,7,Industrials,Aerospace & Defense
TNCAF,TC Energy Corporation,0.0,0.0,19,20,74,Energy,Oil & Gas Midstream
ARZGY,Assicurazioni Generali S.p.A.,-0.52,-10.71,0,4,65,Financial Services,Insurance - Diversified
JAPAY,Japan Tobacco Inc.,0.68,4.23,58,39,81,Consumer Defensive,Tobacco
NKE,"NIKE, Inc.",1.11,-5.13,21,21,7,Consumer Discretionary,Shoe Manufacturing
MURGF,Münchener Rückversicherungs-Gesellschaft Aktiengesellschaft in München,1.31,2.19,59,42,44,Financial Services,Insurance - Reinsurance
MKGAF,Merck KGaA,-2.45,1.51,26,25,52,Healthcare,Drug Manufacturers - Specialty & Generic
DLR,"Digital Realty Trust, Inc.",-2.44,-4.37,0,0,51,Real Estate,Real Estate Investment Trusts
LITE,Lumentum Holdings Inc.,-5.62,12.07,72,71,98,Telecommunications,Telecommunications Equipment
ET,Energy Transfer LP,0.1,2.67,24,0,52,Utilities,Natural Gas Distribution
NRDBY,Nordea Bank Abp,0.0,-7.44,4,8,63,Financial Services,Banks - Regional
RBSPF,NatWest Group plc,-0.81,-6.24,0,3,59,Financial Services,Banks - Regional
SOBKY,SoftBank Corp.,0.53,-2.3,17,18,71,Communication Services,Telecom Services
HKXCF,Hong Kong Exchanges and Clearing Limited,-1.6,-7.81,0,0,24,Financial Services,Financial Data & Stock Exchanges
BKR,Baker Hughes Company,1.61,-5.22,24,23,55,Consumer Discretionary,Oil and Gas Field Machinery
CMCLF,CMOC Group Limited,0.0,-12.73,33,26,25,Basic Materials,Other Industrial Metals & Mining
TRV,"The Travelers Companies, Inc.",2.68,0.74,38,32,80,Finance,Property-Casualty Insurers
KDDIY,KDDI Corporation,0.88,-5.66,12,14,64,Communication Services,Telecom Services
KDDIF,KDDI Corporation,0.0,9.35,83,47,75,Communication Services,Telecom Services
DB,Deutsche Bank Aktiengesellschaft,0.24,-16.65,3,6,40,Finance,Major Banks
SNGNF,Singapore Telecommunications Limited,0.0,1.75,12,16,46,Communication Services,Telecom Services
MPNGF,Meituan,0.0,-5.01,7,12,18,Consumer Cyclical,Internet Retail
LSEGY,London Stock Exchange Group plc,3.12,-0.21,68,50,38,Financial Services,Financial Data & Stock Exchanges
ALAB,"Astera Labs, Inc.",-9.21,21.97,69,68,95,Technology,Semiconductors
SCBFY,Standard Chartered PLC,-0.05,-7.93,3,8,78,Financial Services,Banks - Diversified
LTOUF,Larsen & Toubro Limited,0.0,-3.45,9,14,32,Industrials,Engineering & Construction
MBGAF,Mercedes-Benz Group AG,-1.3,-18.89,0,0,13,Consumer Cyclical,Auto Manufacturers
NBIS,NBIS,-7.35,-3.68,20,0,94,Technology,Computer Software: Programming Data Processing
KEYS,"Keysight Technologies, Inc.",-1.77,15.05,82,83,93,Industrials,Industrial Machinery/Components
UMC,United Microelectronics Corporation,-2.1,3.16,16,0,97,Technology,Semiconductors
IMO,Imperial Oil Limited,2.93,-6.13,20,20,75,Energy,Integrated oil Companies
AFL,Aflac Incorporated,1.95,0.41,34,28,47,Finance,Accident &Health Insurance
AAUKF,Anglo American plc,0.0,-4.76,39,34,81,Basic Materials,Other Industrial Metals & Mining
HOCPY,HOYA Corporation,-0.53,6.39,90,100,42,Healthcare,Medical Instruments & Supplies
OXY,Occidental Petroleum Corporation,3.56,-1.44,49,39,82,Energy,Oil & Gas Production
STRD,Strategy Inc,-0.18,-0.6,6,15,66,Technology,Computer Software: Prepackaged Software
STRC,Strategy Inc,0.02,2.54,45,29,70,Technology,Computer Software: Prepackaged Software
CIIHY,CITIC Securities Company Limited,0.0,-6.28,19,20,45,Financial Services,Capital Markets
HOCPF,HOYA Corporation,-1.75,6.26,81,93,47,Healthcare,Medical Instruments & Supplies
SE,Sea Limited,-1.87,-13.74,0,0,12,Consumer Discretionary,Other Consumer Services
FLEX,Flex Ltd.,-3.85,6.23,43,36,91,Technology,Electrical Products
KBCSF,KBC Group NV,0.0,-5.96,6,11,64,Financial Services,Banks - Regional
ENAKF,E.ON SE,0.85,-7.28,20,20,27,Utilities,Utilities - Diversified
VLKPF,Volkswagen AG,-2.85,-22.01,7,9,11,Consumer Cyclical,Auto Manufacturers
PCRHY,Panasonic Holdings Corporation,-3.79,2.96,29,21,95,Technology,Consumer Electronics
FANG,"Diamondback Energy, Inc.",3.96,-6.68,24,23,76,Energy,Oil & Gas Production
UCBJF,UCB SA,-0.12,2.12,12,12,14,Healthcare,Biotechnology
HCMLY,Holcim AG,-0.65,-12.15,0,4,20,Basic Materials,Building Materials
WMMVF,"Wal-Mart de México, S.A.B. de C.V.",-1.55,-5.58,24,20,18,Consumer Defensive,Discount Stores
WMMVY,"Wal-Mart de México, S.A.B. de C.V.",-0.23,-4.4,14,17,19,Consumer Defensive,Discount Stores
COR,"Cencora, Inc.",1.29,0.12,60,44,51,Health Care,Other Pharmaceuticals
NDAQ,"Nasdaq, Inc.",0.48,0.73,29,33,54,Finance,Investment Bankers/Brokers/Service
LBLCF,Loblaw Companies Limited,1.75,0.04,41,33,49,Consumer Defensive,Grocery Stores
ANCTF,Alimentation Couche-Tard Inc.,0.51,-4.9,14,16,36,Consumer Cyclical,Specialty Retail
AME,"AMETEK, Inc.",-0.44,5.82,58,35,73,Industrials,Industrial Machinery/Components
BMWKY,Bayerische Motoren Werke Aktiengesellschaft,-2.3,-19.59,0,0,9,Consumer Cyclical,Auto Manufacturers
HCMLF,Holcim AG,0.0,-14.92,2,5,17,Basic Materials,Building Materials
DBOEF,Deutsche Börse AG,2.98,2.21,73,53,82,Financial Services,Financial Data & Stock Exchanges
MCHPP,Microchip Technology Incorporated,-3.27,4.49,39,21,45,Technology,Semiconductors
PRYMF,Prysmian S.p.A.,0.98,-1.2,13,15,62,Industrials,Electrical Equipment & Parts
ASMIY,ASM International NV,-2.05,4.12,53,46,79,Technology,Semiconductor Equipment & Materials
FAST,Fastenal Company,1.32,3.02,49,40,68,Consumer Discretionary,RETAIL: Building Materials
PRYMY,Prysmian S.p.A.,-2.19,-2.69,0,0,63,Industrials,Electrical Equipment & Parts
ROK,"Rockwell Automation, Inc.",-1.76,3.03,43,27,58,Industrials,Industrial Machinery/Components
FSUMF,Fortescue Ltd,3.08,-9.65,23,25,27,Basic Materials,Other Industrial Metals & Mining
COIN,"Coinbase Global, Inc.",-3.61,-0.16,9,0,21,Finance,Finance: Consumer Services
XEL,Xcel Energy Inc.,1.3,-1.93,55,39,34,Utilities,Power Generation
FSUGY,Fortescue Ltd,-0.72,-9.95,0,4,18,Basic Materials,Other Industrial Metals & Mining
JHPCY,"Jiangsu Hengrui Pharmaceuticals Co.,Ltd",0.0,4.17,60,63,14,Healthcare,Drug Manufacturers - Specialty & Generic
CTPCY,CITIC Limited,0.0,-12.52,5,7,77,Industrials,Conglomerates
SUHJY,Sun Hung Kai Properties Limited,1.69,-9.54,45,36,39,Real Estate,Real Estate - Development
UOVEY,United Overseas Bank Limited,-4.61,-1.85,0,0,61,Financial Services,Banks - Regional
CRZBF,Commerzbank AG,0.0,-2.47,12,15,79,Financial Services,Banks - Regional
TKPHF,Takeda Pharmaceutical Company Limited,0.0,-2.51,5,10,58,Healthcare,Drug Manufacturers - Specialty & Generic
EBKDY,Erste Group Bank AG,-0.57,-12.88,0,4,53,Financial Services,Banks - Regional
ON,ON Semiconductor Corporation,-3.76,13.17,63,61,73,Technology,Semiconductors
ODFL,"Old Dominion Freight Line, Inc.",3.44,0.61,67,44,40,Industrials,Trucking Freight/Courier Services
BAIDF,"Baidu, Inc.",0.0,-12.4,4,8,6,Communication Services,Internet Content & Information
TYHOY,Toyota Tsusho Corporation,-2.92,-4.4,0,0,84,Industrials,Conglomerates
DANOY,Danone S.A.,1.83,-6.52,25,24,15,Consumer Defensive,Packaged Foods
DNBBY,DNB Bank ASA,-0.78,-6.47,0,4,70,Financial Services,Banks - Regional
FANUY,Fanuc Corporation,-3.04,0.53,0,0,41,Industrials,Specialty Industrial Machinery
SMMNY,Siemens Healthineers AG,0.54,-2.45,30,27,36,Healthcare,Medical Devices
FITB,Fifth Third Bancorp,1.16,-6.08,14,15,49,Finance,Major Banks
XYZ,"Block, Inc.",-1.1,-4.86,16,11,53,Technology,Computer Software: Prepackaged Software
SWZCF,Swisscom AG,3.64,-3.86,27,25,57,Communication Services,Telecom Services
CHPXF,"China Pacific Insurance (Group) Co., Ltd.",0.0,0.0,19,20,37,Financial Services,Insurance - Life
IDXX,"IDEXX Laboratories, Inc.",1.28,1.3,24,29,19,Health Care,Biotechnology: In Vitro & In Vivo Diagnostic Substances
WAB,Westinghouse Air Brake Technologies Corporation,-0.58,0.19,0,12,77,Industrials,Railroads
SCMWY,Swisscom AG,0.35,-2.39,30,27,51,Communication Services,Telecom Services
PINXF,The People's Insurance Company (Group) of China Limited,0.0,16.74,100,100,90,Financial Services,Insurance - Property & Casualty
CRDO,Credo Technology Group Holding Ltd,-3.7,32.16,88,90,88,Technology,Semiconductors
CNSWF,Constellation Software Inc.,1.73,2.8,42,31,43,Technology,Software - Application
GMGSF,Goodman Group,0.0,-6.72,29,28,22,Real Estate,REIT - Diversified
ELEZY,"Endesa, S.A.",2.54,-2.61,28,27,80,Utilities,Utilities - Regulated Electric
SSREF,Swiss Re AG,-1.37,0.7,31,27,48,Financial Services,Insurance - Reinsurance
TTRAF,Telstra Group Limited,0.0,3.19,90,51,73,Communication Services,Telecom Services
DHI,"D.R. Horton, Inc.",1.91,0.18,27,25,29,Consumer Discretionary,Homebuilding
PINXY,The People's Insurance Company (Group) of China Limited,0.0,0.0,19,20,69,Financial Services,Insurance - Property & Casualty
HHUSF,Hua Hong Grace Semiconductor Limited,0.0,-1.74,35,22,49,Technology,Semiconductors
ESLT,Elbit Systems Ltd.,-0.6,-8.13,0,4,37,Industrials,Military/Government/Technical
HEI,HEICO Corporation,0.04,-5.31,5,10,26,Industrials,Aerospace
RKT,"Rocket Companies, Inc.",2.8,-10.84,16,16,9,Finance,Finance: Consumer Services
KDP,Keurig Dr Pepper Inc.,2.36,0.08,41,33,70,Consumer Staples,Beverages (Production/Distribution)
SSREY,Swiss Re AG,-0.14,3.72,63,37,57,Financial Services,Insurance - Reinsurance
IBIDF,"Ibiden Co.,Ltd.",-0.21,47.47,87,87,99,Technology,Electronic Components
IBIDY,"Ibiden Co.,Ltd.",-8.25,11.68,42,39,98,Technology,Electronic Components
ALNY,"Alnylam Pharmaceuticals, Inc.",0.05,-9.28,13,15,5,Health Care,Biotechnology: Pharmaceutical Preparations
AMP,"Ameriprise Financial, Inc.",1.74,-9.84,13,14,51,Finance,Investment Managers
NPSNY,Naspers Limited,-0.35,-6.33,1,6,8,Consumer Cyclical,Internet Retail
ASAZY,ASSA ABLOY AB (publ),0.65,-2.46,13,18,34,Industrials,Security & Protection Services
SVKEF,Skandinaviska Enskilda Banken AB (publ),0.0,0.3,12,16,75,Financial Services,Banks - Regional
MAHMF,Mahindra & Mahindra Limited,0.0,-8.89,14,11,20,Consumer Cyclical,Auto Manufacturers
PBCRY,PT Bank Central Asia Tbk,-1.19,-8.31,0,2,21,Financial Services,Banks - Regional
HDLMY,Heidelberg Materials AG,-0.5,-11.9,0,4,9,Basic Materials,Building Materials
ED,"Consolidated Edison, Inc.",1.29,-0.69,48,39,48,Utilities,Power Generation
ACSAY,"ACS, Actividades de Construcción y Servicios, S.A.",-1.39,-7.82,0,0,24,Industrials,Engineering & Construction
BLMIF,Bank Leumi le-Israel B.M.,-8.96,-9.31,0,0,54,Financial Services,Banks - Regional
A,"Agilent Technologies, Inc.",-0.54,17.68,69,61,84,Industrials,Biotechnology: Laboratory Analytical Instruments
ACSAF,"ACS, Actividades de Construcción y Servicios, S.A.",0.0,-6.5,5,9,31,Industrials,Engineering & Construction
LNVGY,Lenovo Group Limited,-8.89,1.51,0,0,98,Technology,Computer Hardware
WCN,"Waste Connections, Inc.",-0.3,-2.98,18,16,29,Utilities,Environmental Services
WAT,Waters Corporation,-1.57,6.84,42,20,80,Industrials,Biotechnology: Laboratory Analytical Instruments
PSZKF,Powszechna Kasa Oszczednosci Bank Polski Spólka Akcyjna,4.14,-5.24,31,31,93,Financial Services,Banks - Regional
TSCDF,Tesco PLC,7.92,7.57,100,76,66,Consumer Defensive,Grocery Stores
JDCMF,"JD.com, Inc.",4.4,-3.35,62,54,41,Consumer Cyclical,Internet Retail
SDZNY,Sandoz Group AG,-1.05,3.6,34,29,68,Healthcare,Drug Manufacturers - Specialty & Generic
CHHQF,China Hongqiao Group Limited,0.0,-9.46,42,40,70,Basic Materials,Aluminum
CBRE,"CBRE Group, Inc.",2.76,-5.01,24,23,25,Finance,Real Estate
FINMY,Leonardo S.p.a.,0.31,-10.75,5,8,15,Industrials,Aerospace & Defense
SDZXF,Sandoz Group AG,0.0,3.33,74,66,67,Healthcare,Drug Manufacturers - Specialty & Generic
SYY,Sysco Corporation,1.84,-4.32,23,22,48,Consumer Discretionary,Food Distributors
AMKBF,A.P. Møller - Mærsk A/S,6.94,4.55,100,73,95,Industrials,Marine Shipping
WDAY,"Workday, Inc.",1.93,1.47,22,23,80,Technology,EDP Services
KGC,Kinross Gold Corporation,0.69,-19.32,4,6,22,Basic Materials,Precious Metals
AMKBY,A.P. Møller - Mærsk A/S,0.22,4.18,100,60,95,Industrials,Marine Shipping
KB,KB Financial Group Inc.,-2.16,-3.56,0,0,80,Finance,Commercial Banks
FJTSF,Fujitsu Limited,2.4,6.54,75,61,67,Technology,Information Technology Services
UI,Ubiquiti Inc.,1.13,19.55,100,100,52,Technology,Radio And Television Broadcasting And Communications Equipment
SHLAF,Schindler Holding AG,0.0,1.77,63,53,32,Industrials,Specialty Industrial Machinery
CHHQY,China Hongqiao Group Limited,0.0,-12.14,4,7,18,Basic Materials,Aluminum
NECPY,NEC Corporation,7.19,18.07,100,94,75,Technology,Information Technology Services
PRU,"Prudential Financial, Inc.",1.04,-4.18,16,17,60,Finance,Life Insurance
DLMAY,Dollarama Inc.,0.0,2.0,15,18,59,Consumer Defensive,Discount Stores
IFCZF,Intact Financial Corporation,1.82,-7.37,16,17,23,Financial Services,Insurance - Property & Casualty
ADDYY,adidas AG,-0.09,-0.48,39,34,20,Consumer Cyclical,Footwear & Accessories
ADYEY,Adyen N.V.,0.21,-8.65,6,9,16,Technology,Software - Infrastructure
CKHUY,CK Hutchison Holdings Limited,-1.68,-3.55,0,4,69,Industrials,Conglomerates
EQT,EQT Corporation,1.2,-3.68,65,51,46,Energy,Oil & Gas Production
EPIAF,Epiroc AB (publ),0.66,3.38,58,57,58,Industrials,Farm & Heavy Construction Machinery
EPOAY,Epiroc AB (publ),-1.26,-0.69,17,5,52,Industrials,Farm & Heavy Construction Machinery
ONC,BeOne Medicines AG,-3.82,2.44,0,0,67,Health Care,Biotechnology: Pharmaceutical Preparations
DNNGY,Ørsted A/S,-0.77,-8.01,0,4,10,Utilities,Utilities - Renewable
DOGEF,Ørsted A/S,0.0,-2.68,4,10,28,,
CKHUF,CK Hutchison Holdings Limited,-2.79,-5.27,21,14,69,Industrials,Conglomerates
HBANM,Huntington Bancshares Incorporated,-0.41,-5.88,0,8,28,Finance,Major Banks
HBAN,Huntington Bancshares Incorporated,1.32,-7.22,14,15,26,Finance,Major Banks
SAABY,Saab AB (publ),-0.21,-0.89,2,10,40,Industrials,Aerospace & Defense
FSLR,"First Solar, Inc.",-0.71,-13.67,13,12,14,Technology,Semiconductors
CICOF,"COSCO SHIPPING Holdings Co., Ltd.",0.0,6.42,86,75,83,Industrials,Marine Shipping
AAVMY,ABN AMRO Bank N.V.,-0.35,-8.18,1,6,85,Financial Services,Banks - Diversified
Q,"Qnity Electronics, Inc.",-2.34,2.72,61,47,65,Technology,Semiconductors
ZTS,Zoetis Inc.,2.14,0.3,59,42,9,Health Care,Biotechnology: Pharmaceutical Preparations
TECK,Teck Resources Limited,-0.87,-1.51,0,6,83,Industrials,Mining & Quarrying of Nonmetallic Minerals (No Fuels)
SUNB,"Sunbelt Rentals Holdings, Inc.",0.11,2.7,38,38,54,Consumer Discretionary,Diversified Commercial Services
BMDPF,Banca Monte dei Paschi di Siena S.p.A.,0.0,-10.26,27,25,81,Financial Services,Banks - Regional
NTRA,"Natera, Inc.",-1.21,19.82,62,61,96,Health Care,Medical Specialities
DSKYF,"Daiichi Sankyo Company, Limited",-8.71,-6.88,0,0,17,Healthcare,Drug Manufacturers - General
MTB,M&T Bank Corporation,0.43,-8.98,7,10,48,Finance,Major Banks
CPRT,"Copart, Inc.",3.23,-10.63,17,17,17,Consumer Discretionary,Retail-Auto Dealers and Gas Stations
CICOY,"COSCO SHIPPING Holdings Co., Ltd.",0.38,2.44,36,31,84,Industrials,Marine Shipping
ACGL,Arch Capital Group Ltd.,1.86,-0.12,38,29,42,Finance,Property-Casualty Insurers
TGOPY,3i Group plc,-0.13,-11.65,2,6,12,Financial Services,Asset Management
KNYJY,KONE Oyj,-0.38,1.19,36,35,32,Industrials,Specialty Industrial Machinery
LNTCY,"Lens Technology Co., Ltd.",0.0,0.5,19,20,25,Technology,Electronic Components
HENKY,Henkel AG & Co. KGaA,0.9,-2.94,41,35,50,Consumer Defensive,Household & Personal Products
RYAAY,Ryanair Holdings plc,-3.5,2.82,28,0,18,Consumer Discretionary,Air Freight/Delivery Services
IQV,IQVIA Holdings Inc.,0.3,0.61,9,13,85,Health Care,Biotechnology: Commercial Physical & Biological Resarch
AJNMY,"Ajinomoto Co., Inc.",-0.77,3.15,84,71,73,Consumer Defensive,Packaged Foods
FISV,"Fiserv, Inc.",1.39,-6.11,17,17,9,Consumer Discretionary,Business Services
STLA,Stellantis N.V.,-1.95,-14.39,9,10,4,Industrials,Auto Manufacturing
MTZ,"MasTec, Inc.",-3.0,-6.69,27,21,9,Industrials,Water Sewer Pipeline Comm & Power Line Construction
CPNG,"Coupang, Inc.",4.05,5.04,100,76,8,Consumer Discretionary,Catalog/Specialty Distribution
DTE,DTE Energy Company,-0.11,-4.52,46,33,26,Utilities,Electric Utilities: Central
RSHGY,"Resona Holdings, Inc.",-1.71,-2.42,2,1,87,Financial Services,Banks - Regional
TPR,"Tapestry, Inc.",2.12,-0.04,44,32,21,Consumer Discretionary,Apparel
PMRTY,Pop Mart International Group Limited,1.12,-0.26,41,31,23,Consumer Cyclical,Leisure
BTGOF,BT Group plc,8.14,-0.36,80,66,68,Communication Services,Telecom Services
FICO,Fair Isaac Corporation,3.76,-26.36,25,24,2,Consumer Discretionary,Business Services
TWLO,Twilio Inc.,1.01,19.31,60,58,96,Technology,Computer Software: Prepackaged Software
TDY,Teledyne Technologies Incorporated,0.11,1.39,13,21,46,Industrials,Industrial Machinery/Components
ALMMF,Aluminum Corporation of China Limited,0.0,-19.49,6,8,17,Basic Materials,Aluminum
KHC,The Kraft Heinz Company,2.27,-7.83,18,19,38,Consumer Staples,Packaged Foods
VEEV,Veeva Systems Inc.,0.83,9.14,83,87,90,Technology,Computer Software: Prepackaged Software
NRG,"NRG Energy, Inc.",-2.11,-4.77,54,48,8,Utilities,Electric Utilities: Central
BPXXY,BPER Banca SpA,0.0,-2.55,8,13,74,Financial Services,Banks - Regional
TEFOF,"Telefónica, S.A.",3.95,-3.42,24,23,29,Communication Services,Telecom Services
CRCL,Circle Internet Group,0.0,-10.5,2,5,44,Finance,Finance: Consumer Services
AMADF,"Amadeus IT Group, S.A.",1.3,-8.5,10,12,27,Technology,Information Technology Services
RJF,"Raymond James Financial, Inc.",0.86,-8.29,11,13,43,Finance,Investment Bankers/Brokers/Service
CCOZY,China Coal Energy Company Limited,0.0,-1.35,58,35,56,Energy,Thermal Coal
CHLSY,Chocoladefabriken Lindt & Sprüngli AG,1.85,-11.11,22,22,9,Consumer Defensive,Confectioners
SMCI,"Super Micro Computer, Inc.",-4.83,14.42,76,76,91,Technology,Computer Manufacturing
RSMDF,ResMed Inc.,0.0,0.0,19,20,75,Healthcare,Medical Instruments & Supplies
CW,Curtiss-Wright Corporation,-0.36,-9.33,0,5,11,Technology,Industrial Machinery/Components
SMECF,SMC Corporation,-5.43,2.25,27,22,61,Industrials,Specialty Industrial Machinery
TEAM,Atlassian Corporation,3.97,13.37,100,100,98,Technology,Computer Software: Prepackaged Software
FTI,TechnipFMC plc,1.8,-7.87,16,17,82,Consumer Discretionary,Oil and Gas Field Machinery
OTIS,Otis Worldwide Corporation,0.56,-2.62,24,22,17,Technology,Consumer Electronics/Appliances
TTNDY,Techtronic Industries Company Limited,-2.16,0.23,8,0,77,Industrials,Tools & Accessories
IPXHY,Inpex Corporation,1.78,-8.81,14,15,70,Energy,Oil & Gas E&P
HSHCY,"Haier Smart Home Co., Ltd.",2.21,-2.87,26,24,35,Consumer Cyclical,"Furnishings, Fixtures & Appliances"
NVT,nVent Electric plc,-2.16,5.82,63,58,87,Industrials,Industrial Machinery/Components
EIX,Edison International,-0.2,-2.74,61,42,19,Utilities,Electric Utilities: Central
HMRZF,H & M Hennes & Mauritz AB (publ),0.0,0.0,19,20,47,Consumer Cyclical,Apparel Manufacturing
KUASF,Kuaishou Technology,-1.57,-19.35,0,0,3,Communication Services,Internet Content & Information
FTAI,FTAI Aviation Ltd.,-2.16,-5.01,19,20,12,Industrials,Misc Corporate Leasing Services
PPLC,PPL Corporation,0.28,-0.5,64,38,34,Utilities,Electric Utilities: Central
CTSH,Cognizant Technology Solutions Corporation,5.15,2.9,37,33,65,Technology,EDP Services
MTSFY,"Mitsui Fudosan Co., Ltd.",1.8,-4.74,18,19,22,Real Estate,Real Estate - Diversified
CFG,"Citizens Financial Group, Inc.",1.62,-7.96,14,15,53,Finance,Major Banks
GELYF,Geely Automobile Holdings Limited,-7.92,-11.43,0,0,10,Consumer Cyclical,Auto Manufacturers
MTRJF,MTR Corporation Limited,0.0,-11.67,5,9,67,Industrials,Railroads
XYL,Xylem Inc.,0.17,-4.28,7,11,13,Industrials,Fluid Controls
TELFY,"Telefónica, S.A.",0.79,-7.73,21,19,31,Communication Services,Telecom Services
ICAGY,International Consolidated Airlines Group S.A.,-2.25,1.26,0,0,44,Industrials,Airlines
MGDDF,Compagnie Générale des Établissements Michelin Société en commandite par actions,-8.92,-9.22,0,0,35,Unknown,Unknown
SNMRF,Snam S.p.A.,0.0,0.0,19,20,29,Utilities,Utilities - Regulated Gas
RYLPF,Koninklijke Philips N.V.,0.0,-4.22,26,23,21,Healthcare,Medical Devices
KSHTY,Kuaishou Technology,6.16,0.91,74,58,3,Communication Services,Internet Content & Information
BABWF,International Consolidated Airlines Group S.A.,0.0,4.6,75,74,58,Industrials,Airlines
MGDDY,Compagnie Générale des Établissements Michelin Société en commandite par actions,-0.8,-3.82,0,6,55,Unknown,Unknown
PPG,"PPG Industries, Inc.",0.36,0.39,23,23,42,Consumer Discretionary,Paints/Coatings
FUJIY,FUJIFILM Holdings Corporation,0.0,3.95,50,32,43,Industrials,Conglomerates
AIBGY,AIB Group plc,-2.52,-6.72,0,0,78,Financial Services,Banks - Regional
HRNNF,Hydro One Limited,0.34,-4.41,11,15,27,Utilities,Utilities - Regulated Electric
CLPHY,CLP Holdings Limited,0.41,-4.63,14,16,57,Utilities,Utilities - Regulated Electric
PGPEF,Publicis Groupe S.A.,0.0,-7.25,6,10,68,Communication Services,Advertising Agencies
SNMRY,Snam S.p.A.,1.45,-0.79,32,28,33,Utilities,Utilities - Regulated Gas
ALFVF,Alfa Laval AB (publ),0.0,-2.99,10,14,60,Industrials,Specialty Industrial Machinery
CINF,Cincinnati Financial Corporation,2.25,-2.0,31,27,43,Finance,Property-Casualty Insurers
QBEIF,QBE Insurance Group Limited,-8.58,4.96,20,16,49,Financial Services,Insurance - Property & Casualty
EJPRY,East Japan Railway Company,0.86,-6.95,15,16,30,Industrials,Railroads
EJPRF,East Japan Railway Company,0.0,-11.93,41,35,28,Industrials,Railroads
AWK,"American Water Works Company, Inc.",0.63,-8.34,9,12,40,Utilities,Water Supply
SYF,Synchrony Financial,2.49,-2.28,37,28,45,Finance,Finance: Consumer Services
WSM,"Williams-Sonoma, Inc.",-0.61,6.82,91,77,78,Consumer Discretionary,Home Furnishings
SUTNY,"Sumitomo Mitsui Trust Group, Inc.",-2.51,-4.39,0,0,84,Financial Services,Banks - Regional
HLAGF,Hapag-Lloyd Aktiengesellschaft,-1.9,-4.46,0,0,71,Industrials,Marine Shipping
HLMAF,Halma plc,2.39,-2.26,44,34,35,Industrials,Conglomerates
TW,Tradeweb Markets Inc.,2.12,7.04,100,97,56,Finance,Investment Bankers/Brokers/Service
UTHR,United Therapeutics Corporation,-2.24,5.74,55,57,50,Health Care,Biotechnology: Pharmaceutical Preparations
FSNUY,Fresenius SE & Co. KGaA,-3.94,-9.92,0,0,29,Healthcare,Medical Care Facilities
OMVKY,OMV Aktiengesellschaft,2.4,1.11,63,46,90,Energy,Oil & Gas Integrated
FN,Fabrinet,-2.14,20.64,92,96,55,Utilities,Telecommunications Equipment
VACNY,VAT Group AG,-1.3,8.56,69,67,85,Industrials,Specialty Industrial Machinery
CRS,Carpenter Technology Corporation,-1.04,-13.64,0,1,42,Industrials,Steel/Iron Ore
NMR,"Nomura Holdings, Inc.",0.1,-9.49,3,7,67,Finance,Investment Bankers/Brokers/Service
KEY,KeyCorp,1.36,-7.5,14,15,38,Finance,Major Banks
TEZNY,Terna S.p.A.,1.19,-4.0,18,19,32,Utilities,Utilities - Regulated Electric
FUWAY,"Furukawa Electric Co., Ltd.",-7.24,-2.06,25,25,98,Industrials,Electrical Equipment & Parts
BDORY,Banco do Brasil S.A.,-1.84,5.25,57,60,74,Financial Services,Banks - Regional
ROL,"Rollins, Inc.",4.5,-6.66,41,37,5,Consumer Discretionary,Diversified Commercial Services
WST,"West Pharmaceutical Services, Inc.",-0.88,5.53,39,7,82,Health Care,Medical/Dental Instruments
MKL,Markel Group Inc.,2.29,-0.78,40,32,24,Finance,Property-Casualty Insurers
FCNCP,"First Citizens BancShares, Inc.",0.31,-7.43,7,10,24,Finance,Major Banks
FCNCO,"First Citizens BancShares, Inc.",-0.22,-6.36,2,7,25,Finance,Major Banks
CHD,"Church & Dwight Co., Inc.",1.01,4.03,84,50,60,Consumer Discretionary,Package Goods/Cosmetics
BOUYY,Bouygues SA,0.44,-9.59,5,9,26,Industrials,Engineering & Construction
FWONK,Formula One Group,-0.47,-0.39,52,40,45,Industrials,Broadcasting
PHM,"PulteGroup, Inc.",1.07,-2.26,16,17,30,Consumer Discretionary,Homebuilding
TROW,"T. Rowe Price Group, Inc.",0.15,-1.88,31,26,46,Finance,Investment Bankers/Brokers/Service
DLTR,"Dollar Tree, Inc.",1.99,-0.03,68,49,60,Consumer Discretionary,Department/Specialty Retail Stores
TELNY,Telenor ASA,-0.38,-8.3,4,8,22,Communication Services,Telecom Services
TRUMY,Terumo Corporation,-9.68,-7.54,0,0,30,Healthcare,Medical Instruments & Supplies
EXE,Expand Energy Corporation,0.84,-8.27,32,26,31,Energy,Oil & Gas Production
FIS,"Fidelity National Information Services, Inc.",1.54,-9.82,27,25,7,Consumer Discretionary,Business Services
CMAKY,"China Minsheng Banking Corp., Ltd.",1.39,-4.98,24,19,53,Financial Services,Banks - Regional
CTOWY,China Tower Corporation Limited,0.0,0.0,19,20,63,Communication Services,Telecom Services
AGPPF,Valterra Platinum Limited,4.44,-15.18,84,82,48,Basic Materials,Other Precious Metals & Mining
SGSOF,SGS SA,9.39,8.15,72,73,55,Industrials,Consulting Services
SURYY,"Sumitomo Realty & Development Co., Ltd.",-7.2,-12.43,19,13,16,Real Estate,Real Estate Services
RL,Ralph Lauren Corporation,1.73,9.44,100,100,46,Industrials,Garments and Clothing
OKTA,"Okta, Inc.",1.01,28.69,100,100,98,Technology,Computer Software: Prepackaged Software
ROIV,Roivant Sciences Ltd.,-1.55,-16.44,0,0,89,Health Care,Biotechnology: Pharmaceutical Preparations
LYB,LyondellBasell Industries N.V.,3.16,-6.16,24,22,72,Industrials,Major Chemicals
TNABF,Tenaga Nasional Berhad,0.32,4.21,90,90,64,Utilities,Utilities - Regulated Electric
PPERY,PT Bank Mandiri (Persero) Tbk,-0.22,-7.8,5,7,37,Financial Services,Banks - Regional
TQLCF,Tianqi Lithium Corporation,0.0,-5.13,8,12,1,Basic Materials,Other Industrial Metals & Mining
ENTG,"Entegris, Inc.",-2.48,18.04,86,87,90,Industrials,Plastic Products
TSN,"Tyson Foods, Inc.",1.24,-0.23,40,28,29,Consumer Staples,Meat/Poultry/Fish
NNGRY,NN Group N.V.,-0.04,-4.5,3,8,66,Financial Services,Insurance - Diversified
CHKGF,CK Asset Holdings Limited,-0.17,-3.2,34,30,73,Real Estate,Real Estate - Development
RCI,Rogers Communications Inc.,1.17,-13.99,10,12,31,Telecommunications,Cable & Other Pay Television Services
STE,STERIS plc,0.52,-0.8,34,27,30,Health Care,Industrial Specialties
MDIBY,Mediobanca Banca di Credito Finanziario S.p.A.,-1.63,-15.42,0,0,80,Financial Services,Banks - Regional
GBERY,Geberit AG,0.17,-5.58,7,12,28,Industrials,Building Products & Equipment
GPN,Global Payments Inc.,2.08,-6.26,30,27,65,Consumer Discretionary,Business Services
CLEGF,Coles Group Limited,0.0,0.0,19,20,59,Consumer Defensive,Grocery Stores
AA,Alcoa Corporation,0.82,-11.33,9,11,19,Industrials,Aluminum
CAPMF,Capgemini SE,0.99,2.99,30,25,47,Technology,Information Technology Services
DKS,"DICK'S Sporting Goods, Inc.",2.63,2.08,83,60,5,Consumer Discretionary,Other Specialty Stores
NESRF,Northern Star Resources Limited,0.18,5.9,61,63,59,Basic Materials,Gold
VNNVF,Vonovia SE,-6.97,-16.51,0,0,8,Real Estate,Real Estate Services
GBERF,Geberit AG,2.9,-6.71,27,25,26,Industrials,Building Products & Equipment
CGEMY,Capgemini SE,1.81,7.9,72,50,58,Technology,Information Technology Services
NJDCY,Nidec Corporation,-2.38,-24.6,3,4,22,Industrials,Specialty Industrial Machinery
SDMHF,Sartorius Stedim Biotech S.A.,0.0,10.97,87,80,67,Healthcare,Medical Instruments & Supplies
JARLF,Jardine Matheson Holdings Limited,0.02,-2.33,29,27,21,Industrials,Conglomerates
CX,"CEMEX, S.A.B. de C.V.",-0.31,-10.05,3,7,19,Industrials,Building Materials
GNENY,"Ganfeng Lithium Group Co., Ltd.",4.42,-15.68,25,23,4,Basic Materials,Chemicals
HKHHF,Heineken Holding N.V.,0.0,-6.34,18,18,50,Consumer Defensive,Beverages - Brewers
JIAXF,Jiangxi Copper Company Limited,0.0,-10.11,23,23,47,Basic Materials,Copper
EFX,Equifax Inc.,2.18,-13.39,17,16,12,Finance,Finance: Consumer Services
MTUAY,MTU Aero Engines AG,-1.21,-0.13,5,1,30,Industrials,Aerospace & Defense
TRATF,Traton SE,-0.71,-11.47,0,3,52,Industrials,Farm & Heavy Construction Machinery
SBS,Companhia de Saneamento Básico do Estado de São Paulo - SABESP,3.45,23.87,100,100,78,Utilities,Water Supply
RCIAF,Rogers Communications Inc.,-1.6,-19.06,0,0,26,Communication Services,Telecom Services
BKRIY,Bank of Ireland Group plc,-2.0,-11.22,0,0,67,Financial Services,Banks - Regional
BEKE,KE Holdings Inc.,1.0,2.4,89,55,57,Finance,Real Estate
SAUHF,Straumann Holding AG,-8.51,-9.04,0,0,22,Healthcare,Medical Instruments & Supplies
RGLD,"Royal Gold, Inc.",1.44,-8.79,14,15,61,Industrials,Precious Metals
NISTF,Nippon Steel Corporation,-5.44,-9.34,0,1,65,Basic Materials,Steel
EVRG,"Evergy, Inc.",0.27,-1.03,49,32,49,Utilities,Power Generation
SITM,SiTime Corporation,-3.02,7.1,54,50,94,Technology,Semiconductors
MRNA,"Moderna, Inc.",0.26,44.2,85,84,99,Health Care,Biotechnology: Biological Products (No Diagnostic Substances)
GWLLY,Great Wall Motor Company Limited,0.0,-8.29,3,6,4,Consumer Cyclical,Auto Manufacturers
MMSMY,"Mitsui Kinzoku Company, Limited",-2.02,-47.4,2,3,3,Industrials,Conglomerates
LNT,Alliant Energy Corporation,0.44,-2.6,38,28,32,Utilities,Power Generation
MONRF,Moncler S.p.A.,0.0,1.04,61,48,23,Consumer Cyclical,Apparel Manufacturing
GWLLF,Great Wall Motor Company Limited,-2.17,-4.26,0,2,4,Consumer Cyclical,Auto Manufacturers
HUNGF,"Huaneng Power International, Inc.",0.0,4.76,55,59,94,Utilities,Utilities - Independent Power Producers
SSLZY,Santos Limited,2.34,-3.92,8,10,86,Energy,Oil & Gas E&P
MGA,Magna International Inc.,-1.86,-2.03,24,16,72,Consumer Discretionary,Auto Parts:O.E.M.
TTMI,"TTM Technologies, Inc.",-8.35,-3.96,13,0,85,Technology,Electrical Products
USFD,US Foods Holding Corp.,1.11,1.1,91,57,67,Consumer Discretionary,Food Distributors
STOSF,Santos Limited,0.0,-1.83,52,48,78,Energy,Oil & Gas E&P
AMCCF,Amcor plc,0.0,0.0,19,20,69,Consumer Cyclical,Packaging & Containers
CABJF,Carlsberg A/S,0.0,-0.64,61,45,49,Consumer Defensive,Beverages - Brewers
EDRVF,"EDP Renewables, S.A.",0.0,-10.26,4,8,31,Utilities,Utilities - Renewable
SOMLF,"SECOM CO., LTD.",0.0,-2.78,6,10,68,Industrials,Security & Protection Services
IP,International Paper Company,0.19,-7.03,4,9,17,Basic Materials,Paper
SUVPF,Sartorius Aktiengesellschaft,0.0,7.14,100,100,74,Healthcare,Medical Instruments & Supplies
SOMLY,"SECOM CO., LTD.",2.45,-0.5,33,28,57,Industrials,Security & Protection Services
EVMNY,Evolution Mining Limited,-1.01,-11.03,0,2,71,Basic Materials,Gold
MONRY,Moncler S.p.A.,0.04,-3.84,5,10,16,Consumer Cyclical,Apparel Manufacturing
WCC,"WESCO International, Inc.",-2.78,3.62,32,7,85,Consumer Discretionary,Telecommunications Equipment
TLN,Talen Energy Corporation,-5.05,15.3,80,82,38,Utilities,Electric Utilities: Central
RAIFF,Raiffeisen Bank International AG,0.0,0.0,19,20,95,Financial Services,Banks - Regional
LII,Lennox International Inc.,0.87,-2.61,27,26,7,Industrials,Industrial Machinery/Components
DAIUF,"Daifuku Co., Ltd.",-4.13,-2.49,67,56,1,Industrials,Specialty Industrial Machinery
VODAF,Vodacom Group Limited,0.0,0.0,19,20,72,Communication Services,Telecom Services
DQJCY,Pan Pacific International Holdings Corporation,0.93,-5.36,10,13,10,Consumer Defensive,Discount Stores
HKHGF,Hongkong Land Holdings Limited,0.0,-9.28,5,9,65,Real Estate,Real Estate - Development
SN,"SharkNinja, Inc.",-0.17,13.71,100,100,93,Consumer Discretionary,Consumer Electronics/Appliances
PEXNY,PTT Exploration and Production Public Company Limited,0.11,-4.45,9,13,72,Energy,Oil & Gas E&P
ASBFY,Associated British Foods plc,0.86,-2.74,23,22,26,Consumer Defensive,Packaged Foods
KAOCF,Kao Corporation,0.0,0.0,19,20,11,Consumer Defensive,Household & Personal Products
HOKCY,The Hong Kong and China Gas Company Limited,17.28,15.85,77,76,76,Utilities,Utilities - Regulated Gas
KWHIF,"Kawasaki Heavy Industries, Ltd.",0.0,-2.94,13,17,3,Industrials,Specialty Industrial Machinery
JDEPY,JDE Peet's N.V.,0.0,-0.19,3,7,30,Consumer Defensive,Packaged Foods
FLUT,Flutter Entertainment plc,7.55,-17.33,23,22,4,Technology,Computer Software: Programming Data Processing
TLK,Perusahaan Perseroan (Persero) PT Telekomunikasi Indonesia Tbk,-1.23,-14.08,10,10,14,Telecommunications,Telecommunications Equipment
BPCGY,"Banco Comercial Português, S.A.",-4.29,-4.5,0,3,83,Financial Services,Banks - Regional
URMCY,Unibail-Rodamco-Westfield SE,-3.86,-10.74,0,0,13,Real Estate,REIT - Retail
FPS,"Forgent Power Solutions, Inc.",-2.09,36.3,89,90,73,Energy,Industrial Machinery/Components
KEP,Korea Electric Power Corporation,-1.89,-8.16,0,0,13,Utilities,Electric Utilities: Central
TSCO,Tractor Supply Company,2.95,-0.12,69,53,20,Consumer Discretionary,RETAIL: Building Materials
NVR,"NVR, Inc.",1.2,-1.41,19,19,21,Consumer Discretionary,Homebuilding
PHYS,Sprott Physical Gold Trust,0.78,-4.5,14,17,39,Financial Services,Asset Management
ACXIF,"Acciona, S.A.",0.0,-2.47,49,36,32,Industrials,Engineering & Construction
TPG,TPG Inc.,1.64,-3.6,26,20,41,Finance,Investment Managers
HGKGY,Power Assets Holdings Limited,0.8,-5.5,14,16,60,Utilities,Utilities - Independent Power Producers
BMBLF,Brambles Limited,-5.31,-6.15,0,0,20,Industrials,Specialty Business Services
DOCN,"DigitalOcean Holdings, Inc.",-2.66,-5.46,12,0,96,Technology,Computer Software: Programming Data Processing
KIM,Kimco Realty Corporation,1.1,-5.15,17,18,45,Real Estate,Real Estate Investment Trusts
LUGDF,Lundin Gold Inc.,2.35,-8.95,19,19,42,Basic Materials,Gold
TYNPF,Nippon Sanso Holdings Corporation,8.03,976.53,100,100,99,Basic Materials,Chemicals
WTKWY,Wolters Kluwer N.V.,2.7,6.43,70,53,46,Industrials,Specialty Business Services
PTC,PTC Inc.,0.07,50.5,100,100,87,Technology,Computer Software: Prepackaged Software
GLPEY,"Galp Energia, SGPS, S.A.",3.58,2.51,59,48,84,Energy,Oil & Gas Integrated
TXT,Textron Inc.,0.26,-7.53,5,9,16,Industrials,Aerospace
NBIX,"Neurocrine Biosciences, Inc.",-1.55,-9.78,11,8,34,Health Care,Biotechnology: Biological Products (No Diagnostic Substances)
PS,Pershing Square Inc.,-7.18,47.93,75,73,97,Finance,Investment Managers
PAA,"Plains All American Pipeline, L.P.",1.37,-5.05,21,21,84,Energy,Natural Gas Distribution
DECK,Deckers Outdoor Corporation,2.71,3.36,100,61,13,Consumer Discretionary,Shoe Manufacturing
OUKPY,Metso Oyj,-0.64,-9.35,0,4,68,Industrials,Farm & Heavy Construction Machinery
OVV,Ovintiv Inc.,3.14,-0.53,47,39,89,Energy,Oil & Gas Production
RMBS,Rambus Inc.,-2.7,27.09,84,86,57,Technology,Semiconductors
KAEPY,"The Kansai Electric Power Company, Incorporated",-1.12,-15.86,0,1,57,Utilities,Utilities - Renewable
IEX,IDEX Corporation,-0.5,4.98,75,66,79,Industrials,Fluid Controls
GEN,Gen Digital Inc.,1.61,-24.09,15,14,36,Technology,Computer Software: Prepackaged Software
LAMR,Lamar Advertising Company,1.72,-0.23,37,29,64,Real Estate,Real Estate Investment Trusts
PFGC,Performance Food Group Company,1.33,0.39,85,50,37,Consumer Discretionary,Food Distributors
BNT,Brookfield Wealth Solutions Ltd.,-0.79,-3.51,0,6,16,Finance,Property-Casualty Insurers
PSLV,Sprott Physical Silver Trust,-0.15,-7.13,2,7,37,Financial Services,Asset Management
VICR,Vicor Corporation,-7.24,47.33,60,58,97,Technology,Industrial Machinery/Components
SONVY,Sonova Holding AG,2.13,9.75,100,100,81,Healthcare,Medical Devices
GPFOF,"Grupo Financiero Inbursa, S.A.B. de C.V.",-3.1,-9.66,27,25,88,Financial Services,Banks - Regional
THC,Tenet Healthcare Corporation,0.28,-1.1,41,29,85,Health Care,Hospital/Nursing Management
IPSEY,Ipsen S.A.,0.65,-13.66,7,9,42,Healthcare,Drug Manufacturers - Specialty & Generic
EVGGF,Evolution AB (publ),-0.98,-10.67,18,18,73,Consumer Cyclical,Gambling
AHCHY,Anhui Conch Cement Company Limited,1.6,-3.51,32,28,16,Basic Materials,Building Materials
NWSA,News Corporation,1.26,-1.4,22,21,65,Consumer Discretionary,Newspapers/Magazines
AHKSF,Asahi Kasei Corporation,2.62,0.92,87,52,65,Industrials,Conglomerates
CRWOF,China Railway Group Limited,0.0,-6.61,6,10,23,Industrials,Engineering & Construction
CLH,"Clean Harbors, Inc.",0.57,-1.12,32,20,75,Industrials,Environmental Services
WHGLY,WH Group Limited,-2.4,-0.12,21,12,14,Consumer Defensive,Packaged Foods
KPELY,Keppel Ltd.,-7.35,-13.88,0,0,44,Industrials,Conglomerates
BWA,BorgWarner Inc.,-1.03,-6.04,31,25,75,Consumer Discretionary,Auto Parts:O.E.M.
PILBF,PLS Group Limited,-1.85,-22.06,9,9,37,Basic Materials,Other Industrial Metals & Mining
FUTU,Futu Holdings Limited,-0.84,-4.18,51,43,19,Finance,Investment Bankers/Brokers/Service
YRAIF,Yara International ASA,0.0,-1.59,19,20,67,Basic Materials,Agricultural Inputs
NCBDF,BANDAI NAMCO Holdings Inc.,0.0,31.54,94,95,90,Consumer Cyclical,Leisure
CPT,Camden Property Trust,1.0,-4.57,15,16,30,Real Estate,Real Estate Investment Trusts
WF,Woori Financial Group Inc.,-2.17,-2.53,0,0,76,Finance,Commercial Banks
TISCY,Taisei Corporation,-8.61,-11.91,4,8,21,Industrials,Engineering & Construction
TIGO,Millicom International Cellular S.A.,-2.3,-8.07,17,16,88,Telecommunications,Telecommunications Equipment
DTM,"DT Midstream, Inc.",0.87,-3.77,29,23,38,Utilities,Natural Gas Distribution
MLI,"Mueller Industries, Inc.",0.45,0.55,18,22,62,Industrials,Metal Fabrications
MAS,Masco Corporation,0.91,2.75,57,33,47,Industrials,Industrial Specialties
REGCP,Regency Centers Corporation,-0.58,-5.43,2,9,36,Real Estate,Real Estate Investment Trusts
SKM,"SK Telecom Co., Ltd.",-4.44,-8.26,0,0,83,Telecommunications,Telecommunications Equipment
CPAMF,CapitaLand Integrated Commercial Trust,0.0,-5.52,17,12,35,Real Estate,REIT - Retail
LKREF,Link Real Estate Investment Trust,0.0,1.21,89,75,55,Real Estate,REIT - Retail
CSL,Carlisle Companies Incorporated,0.95,-2.57,19,20,41,Industrials,Specialty Chemicals
OHI,"Omega Healthcare Investors, Inc.",0.89,-5.99,12,14,46,Real Estate,Real Estate Investment Trusts
FELTY,"Fuji Electric Co., Ltd.",-3.96,12.03,64,62,81,Industrials,Electrical Equipment & Parts
LYSDY,Lynas Rare Earths Limited,-2.93,-17.62,0,0,8,Basic Materials,Other Industrial Metals & Mining
BAWAY,BAWAG Group AG,0.3,-8.27,4,9,82,Unknown,Unknown
TRU,TransUnion,2.82,-16.06,14,13,20,Finance,Finance: Consumer Services
VRSUY,Verisure plc,0.0,0.99,45,38,48,Industrials,Security & Protection Services
STGPF,Scentre Group,0.0,-8.65,4,9,30,Real Estate,REIT - Retail
KRYAF,Kerry Group plc,0.54,-0.33,27,24,65,Consumer Defensive,Packaged Foods
SMMT,Summit Therapeutics Inc.,-4.35,1.0,49,40,38,Health Care,Biotechnology: Pharmaceutical Preparations
GPC,Genuine Parts Company,2.2,-4.46,30,26,59,Consumer Discretionary,Automotive Aftermarket
IFPJF,Informa plc,0.0,-2.71,10,15,48,Communication Services,Publishing
DOC,"Healthpeak Properties, Inc.",-0.75,-8.62,0,3,49,Real Estate,Real Estate Investment Trusts
IESC,"IES Holdings, Inc.",-2.72,-5.97,0,0,81,Industrials,Engineering & Construction
JHX,James Hardie Industries plc,2.19,-10.78,15,15,69,Industrials,Building Materials
SKHSF,"Sekisui House, Ltd.",0.5,-2.92,9,11,37,Consumer Cyclical,Residential Construction
SYIEF,Symrise AG,0.0,-1.08,8,14,71,Basic Materials,Specialty Chemicals
BVVBY,Bureau Veritas SA,0.7,-8.81,8,11,37,Industrials,Consulting Services
TMTNF,Toromont Industries Ltd.,0.0,8.56,82,82,75,Industrials,Industrial Distribution
SOLS,"Solstice Advanced Materials, Inc.",-0.22,-2.16,63,47,51,Industrials,Aerospace
OSGSY,"Osaka Gas Co., Ltd.",2.88,-8.42,16,18,53,Utilities,Utilities - Regulated Gas
JBS,JBS N.V.,4.17,1.03,98,80,44,Consumer Staples,Meat/Poultry/Fish
GLPI,"Gaming and Leisure Properties, Inc.",1.27,-4.73,15,16,25,Real Estate,Real Estate Investment Trusts
UNM,Unum Group,-0.6,-1.77,39,32,74,Finance,Accident &Health Insurance
AMIGF,Admiral Group plc,0.0,-10.02,5,8,70,Financial Services,Insurance - Property & Casualty
SNMCY,Suncorp Group Limited,1.85,-2.79,20,21,63,Financial Services,Insurance - Property & Casualty
PRBKY,Piraeus Bank S.A.,-8.77,-0.46,0,0,82,Financial Services,Banks - Regional
TRMB,Trimble Inc.,-0.35,5.3,75,49,33,Industrials,Industrial Machinery/Components
TOL,"Toll Brothers, Inc.",0.72,1.77,32,26,38,Consumer Discretionary,Homebuilding
AKZOY,Akzo Nobel N.V.,0.28,-3.66,21,19,47,Basic Materials,Specialty Chemicals
DRS,"Leonardo DRS, Inc.",0.25,-1.21,10,14,17,Industrials,Industrial Machinery/Components
BLMOY,BELIMO Holding AG,-3.81,-12.45,0,0,43,Industrials,Building Products & Equipment
TME,Tencent Music Entertainment Group,-0.38,0.76,26,29,7,Consumer Discretionary,Broadcasting
BLHWF,BELIMO Holding AG,0.0,-23.1,2,4,31,Industrials,Building Products & Equipment
APA,APA Corporation,3.79,2.11,52,42,94,Energy,Oil & Gas Production
ONTO,Onto Innovation Inc.,-3.85,8.83,54,50,89,Industrials,Industrial Machinery/Components
ARXCY,ARC Resources Ltd.,0.0,0.0,0,0,89,Energy,Oil & Gas E&P
MXUBY,MIXUE Group,-0.6,-7.7,0,6,30,,
DSEEY,Daiwa Securities Group Inc.,1.98,-4.07,19,19,74,Financial Services,Capital Markets
NIOIF,NIO Inc.,0.0,6.57,80,80,5,Consumer Cyclical,Auto Manufacturers
SNN,Smith & Nephew plc,0.26,-1.23,19,19,18,Health Care,Industrial Specialties
TFII,TFI International Inc.,2.48,-11.86,14,14,41,Industrials,Trucking Freight/Courier Services
SNLAF,Sino Land Company Limited,0.0,-4.11,8,13,86,Real Estate,Real Estate - Development
TDHOY,"T&D Holdings, Inc.",0.0,-0.32,22,28,76,Financial Services,Insurance - Life
NIO,NIO Inc.,-3.67,-4.75,6,10,5,Industrials,Auto Manufacturing
HKTTF,HKT Trust and HKT Limited,0.0,5.42,100,89,77,Communication Services,Telecom Services
FIVE,"Five Below, Inc.",2.69,-13.08,12,13,69,Consumer Discretionary,Department/Specialty Retail Stores
ALGN,"Align Technology, Inc.",0.83,-6.43,10,13,21,Health Care,Industrial Specialties
QXO,"QXO, Inc.",-1.68,-9.52,0,0,4,Consumer Discretionary,RETAIL: Building Materials
DT,"Dynatrace, Inc.",2.19,18.86,100,100,92,Technology,Computer Software: Prepackaged Software
SWK,"Stanley Black & Decker, Inc.",0.97,-0.07,27,27,72,Consumer Discretionary,Industrial Machinery/Components
CRBG,"Corebridge Financial, Inc.",0.15,1.51,37,28,78,Finance,Life Insurance
OCPNF,Olympus Corporation,0.0,-9.88,5,9,63,Healthcare,Medical Devices
VARRY,Vår Energi ASA,-1.27,-7.23,20,21,93,Energy,Oil & Gas E&P
ACRFF,Accor SA,0.0,-3.59,37,32,41,Consumer Cyclical,Lodging
AVY,Avery Dennison Corporation,0.39,-0.68,12,16,50,Consumer Discretionary,Containers/Packaging
PRDSF,Prada S.p.A.,0.0,-13.46,4,7,23,Consumer Cyclical,Luxury Goods
ATGFF,AltaGas Ltd.,1.18,0.93,81,51,74,Energy,Oil & Gas Midstream
PNW,Pinnacle West Capital Corporation,0.45,1.44,100,68,48,Utilities,Electric Utilities: Central
KTOS,"Kratos Defense & Security Solutions, Inc.",-0.02,-10.75,2,6,5,Industrials,Military/Government/Technical
DLAKY,Deutsche Lufthansa AG,-2.02,-7.83,0,0,19,Industrials,Airlines
SBHGF,"SBI Holdings, Inc.",-2.15,-11.21,0,0,23,Financial Services,Financial Conglomerates
SITIY,SITC International Holdings Company Limited,3.93,14.45,64,53,95,Industrials,Marine Shipping
BTSGU,"BrightSpring Health Services, Inc.",6.87,9.16,100,100,90,Health Care,Medical/Nursing Services
AGNCO,AGNC Investment Corp.,1.13,-0.2,34,28,55,Real Estate,Real Estate Investment Trusts
AGNCZ,AGNC Investment Corp.,1.13,-2.17,25,22,48,Real Estate,REIT - Mortgage
SVTMF,SM Investments Corporation,0.0,-11.11,4,8,9,Consumer Cyclical,Department Stores
HL,Hecla Mining Company,2.07,-16.43,11,12,53,Industrials,Mining & Quarrying of Nonmetallic Minerals (No Fuels)
SKFRY,AB SKF (publ),-1.22,-2.13,0,1,51,Industrials,Tools & Accessories
VIAV,Viavi Solutions Inc.,-4.71,17.89,72,72,96,Technology,Semiconductors
YASKY,YASKAWA Electric Corporation,-4.87,5.77,47,50,34,Industrials,Electrical Equipment & Parts
TDHOF,"T&D Holdings, Inc.",0.0,-157.43,99,100,1,Financial Services,Insurance - Life
BDWBY,Budweiser Brewing Company APAC Limited,12.28,-6.98,91,89,26,Consumer Defensive,Beverages - Brewers
MIUFY,Mitsubishi HC Capital Inc.,0.0,0.0,19,20,60,Financial Services,Credit Services
JOBY,"Joby Aviation, Inc.",0.0,-8.87,3,8,3,Industrials,Aerospace
SOTGY,Sunny Optical Technology (Group) Company Limited,-6.42,-10.71,0,0,33,Technology,Electronic Components
POAHY,Porsche Automobil Holding SE,-3.21,-17.88,3,6,12,Consumer Cyclical,Auto Manufacturers
BDWBF,Budweiser Brewing Company APAC Limited,0.0,-9.52,3,7,9,Consumer Defensive,Beverages - Brewers
CRDIY,"Yokohama Financial Group, Inc.",-4.81,-2.52,0,0,79,Financial Services,Banks - Regional
ZBRA,Zebra Technologies Corporation,-1.01,11.08,93,100,92,Industrials,Industrial Machinery/Components
HBM,Hudbay Minerals Inc.,-1.86,-4.73,0,0,83,Basic Materials,Metal Mining
HNSDF,Hensoldt AG,0.0,-20.04,1,4,25,Industrials,Aerospace & Defense
COKE,"Coca-Cola Consolidated, Inc.",2.03,1.62,27,24,79,Consumer Staples,Beverages (Production/Distribution)
FHN,First Horizon Corporation,1.39,-5.21,19,19,38,Finance,Major Banks
MDGL,"Madrigal Pharmaceuticals, Inc.",-2.22,-10.54,0,0,31,Health Care,Biotechnology: Pharmaceutical Preparations
CPYYY,Centrica plc,1.15,-5.73,14,15,17,Utilities,Utilities - Independent Power Producers
GDDY,GoDaddy Inc.,6.15,7.08,72,53,56,Technology,EDP Services
CACI,CACI International Inc,3.02,-3.94,28,25,73,Technology,EDP Services
GBLBY,Groupe Bruxelles Lambert SA,15.31,-2.63,74,63,40,Financial Services,Asset Management
ASEKF,Aisin Corporation,0.0,-159.16,99,100,1,Consumer Cyclical,Auto Parts
KLPEF,Klépierre SA,0.0,-7.74,5,10,47,Real Estate,REIT - Retail
AIT,"Applied Industrial Technologies, Inc.",-0.74,4.25,47,47,74,Consumer Discretionary,Industrial Specialties
MGM,MGM Resorts International,0.03,-26.32,1,3,12,Consumer Discretionary,Hotels/Resorts
GBLBF,Groupe Bruxelles Lambert SA,-6.91,-9.21,0,0,24,Financial Services,Asset Management
SKBSY,Skanska AB (publ),-1.18,-4.69,0,1,40,Industrials,Engineering & Construction
BMRN,BioMarin Pharmaceutical Inc.,-0.56,-16.21,0,3,35,Health Care,Biotechnology: Pharmaceutical Preparations
SIEVF,D'Ieteren Group SA,0.0,-11.68,4,8,31,Consumer Cyclical,Auto & Truck Dealerships
TRYIY,"Toray Industries, Inc.",-1.34,-0.96,0,0,67,Consumer Cyclical,Textile Manufacturing
PAG,"Penske Automotive Group, Inc.",1.97,-8.57,17,17,75,Consumer Discretionary,Retail-Auto Dealers and Gas Stations
BMNR,"Bitmine Immersion Technologies, Inc.",-2.51,-0.66,11,0,67,Finance,Finance: Consumer Services
QBCRF,Quebecor Inc.,0.37,0.26,58,46,74,Communication Services,Telecom Services
CGNX,Cognex Corporation,-0.49,-1.26,35,30,77,Industrials,Industrial Machinery/Components
SKUFF,AB SKF (publ),0.0,0.0,19,20,67,Industrials,Tools & Accessories
CLX,The Clorox Company,1.5,-6.0,25,23,16,Consumer Discretionary,Specialty Chemicals
IT,"Gartner, Inc.",5.19,14.53,75,57,76,Consumer Discretionary,Other Consumer Services
GSAT,"Globalstar, Inc.",-0.54,1.52,38,20,86,Consumer Discretionary,Telecommunications Equipment
JEF,Jefferies Financial Group Inc.,0.59,-17.67,5,8,18,Finance,Investment Bankers/Brokers/Service
OBICY,"OBIC Co.,Ltd.",1.87,4.07,51,37,78,Technology,Software - Application
AKAAF,Aker ASA,-7.79,-17.7,0,0,97,Industrials,Conglomerates
CCK,"Crown Holdings, Inc.",1.66,-3.51,27,25,57,Industrials,Containers/Packaging
CLILF,CapitaLand Investment Limited,6.74,-7.32,38,35,47,Real Estate,Real Estate Services
SGGEF,The Sage Group plc,0.47,-11.61,7,10,57,Technology,Software - Application
ORKLY,Orkla ASA,1.55,-0.2,57,41,28,Consumer Defensive,Packaged Foods
EHC,Encompass Health Corporation,0.05,1.41,30,26,66,Health Care,Hospital/Nursing Management
EMBJ,EMBJ,-1.13,-4.81,0,2,65,Industrials,Aerospace
SKSBF,Skanska AB (publ),0.0,-0.27,56,20,56,Industrials,Engineering & Construction
MAEOY,Manila Electric Company,0.0,-3.08,23,22,12,Utilities,Utilities - Regulated Electric
FRT,Federal Realty Investment Trust,0.33,-7.17,7,11,44,Real Estate,Real Estate Investment Trusts
SUZ,Suzano S.A.,1.07,-9.76,14,16,40,Basic Materials,Paper
SLLDY,Sanlam Limited,0.31,-4.11,40,37,27,Financial Services,Insurance - Life
DPZ,"Domino's Pizza, Inc.",1.83,-2.12,44,33,25,Consumer Discretionary,Food Distributors
WTS,"Watts Water Technologies, Inc.",-0.32,-0.89,2,12,69,Industrials,Metal Fabrications
TMXXF,TMX Group Limited,-0.96,-4.02,0,3,53,Financial Services,Financial Data & Stock Exchanges
KHOLY,Koç Holding A.S.,0.0,-11.12,3,7,54,Industrials,Conglomerates
BMXXY,bioMérieux S.A.,-5.61,0.78,37,24,24,Healthcare,Diagnostics & Research
SGPYY,The Sage Group plc,2.05,4.16,72,55,70,Technology,Software - Application
RKUNY,"Rakuten Group, Inc.",2.74,-10.53,15,15,10,Consumer Cyclical,Internet Retail
SFD,"Smithfield Foods, Inc.",2.05,-8.31,20,20,14,Consumer Staples,Meat/Poultry/Fish
WTFCN,Wintrust Financial Corporation,0.16,-0.58,15,18,49,Finance,Major Banks
ISUZY,Isuzu Motors Limited,0.15,-4.6,20,20,29,Consumer Cyclical,Auto Manufacturers
MGYOY,MOL Magyar Olaj- és Gázipari Nyilvánosan Muködo Részvénytársaság,0.27,-3.21,12,13,92,Energy,Oil & Gas Refining & Marketing
SNTMF,SenseTime Group Inc.,0.0,0.0,19,20,16,Technology,Software - Application
AAVXF,ABIVAX Société Anonyme,0.0,0.0,19,20,77,Healthcare,Biotechnology
FINGF,Finning International Inc.,-2.56,9.33,50,41,80,Industrials,Industrial Distribution
CHBAY,"The Chiba Bank, Ltd.",0.0,0.0,19,20,92,Financial Services,Banks - Regional
UMBFO,UMB Financial Corporation,-0.2,-0.93,5,13,43,Finance,Major Banks
SMGZY,Smiths Group plc,-1.49,6.61,46,35,63,Industrials,Specialty Industrial Machinery
SIRI,Sirius XM Holdings Inc.,1.46,-8.83,11,13,62,Consumer Discretionary,Broadcasting
MICC,The Magnum Ice Cream Company N.V.,2.83,-10.56,16,17,62,Consumer Staples,Specialty Foods
ALBKY,Alpha Bank S.A.,-1.67,-9.23,0,0,73,Financial Services,Banks - Regional
BDOUY,"BDO Unibank, Inc.",0.0,-4.47,11,14,16,Financial Services,Banks - Regional
HLI,"Houlihan Lokey, Inc.",0.25,-7.68,5,9,15,Finance,Investment Managers
KAIKY,"Kawasaki Kisen Kaisha, Ltd.",0.0,16.41,50,38,88,Industrials,Marine Shipping
SNCAF,AtkinsRéalis Group Inc.,2.51,-1.41,25,29,30,Industrials,Engineering & Construction
OGE,OGE Energy Corp.,0.48,-0.08,70,45,47,Utilities,Electric Utilities: Central
R,"Ryder System, Inc.",1.23,-2.66,25,22,61,Consumer Discretionary,Rental/Leasing Companies
PSHZF,"Pershing Square Holdings, Ltd.",-1.3,-4.38,16,15,21,,
AAL,American Airlines Group Inc.,-0.39,-0.39,0,10,27,Consumer Discretionary,Air Freight/Delivery Services
SPIIY,SPIE SA,-0.76,-11.37,9,10,21,Industrials,Engineering & Construction
FCFS,"FirstCash Holdings, Inc.",0.92,-6.99,12,15,71,Consumer Discretionary,Other Specialty Stores
KKOYY,Kesko Oyj,0.23,2.21,43,45,78,Consumer Defensive,Grocery Stores
BXP,"BXP, Inc.",-0.17,-5.84,3,8,35,Real Estate,Real Estate Investment Trusts
BROS,Dutch Bros Inc.,4.19,-8.43,26,24,6,Consumer Discretionary,Restaurants
MTLHY,Mitsubishi Chemical Group Corporation,3.33,-1.11,31,37,74,Basic Materials,Specialty Chemicals
LUNR,"Intuitive Machines, Inc.",-4.93,-6.29,0,0,18,Industrials,Industrial Machinery/Components
GME,GameStop Corp.,2.85,23.98,100,100,71,Consumer Discretionary,Electronics Distribution
BAH,Booz Allen Hamilton Holding Corporation,6.09,-3.71,36,32,39,Consumer Discretionary,Professional Services
TRYIF,"Toray Industries, Inc.",0.0,1.04,35,24,83,Consumer Cyclical,Textile Manufacturing
MKTAY,Makita Corporation,-1.82,-0.82,0,0,42,Industrials,Tools & Accessories
HLLGY,HELLA GmbH & Co. KGaA,0.0,0.0,19,20,25,Consumer Cyclical,Auto Parts
NCLTY,"Nitori Holdings Co., Ltd.",-0.51,-7.2,30,25,84,Consumer Cyclical,"Furnishings, Fixtures & Appliances"
CART,Maplebear Inc.,2.41,-1.99,42,33,58,Consumer Discretionary,Business Services
SIMO,Silicon Motion Technology Corporation,-8.36,-1.27,43,25,96,Technology,Semiconductors
ONBPP,Old National Bancorp,-0.05,-0.42,18,18,52,Finance,Major Banks
SSB,SouthState Bank Corporation,1.68,-4.98,21,20,52,Finance,Major Banks
ASGLY,AGC Inc.,-4.18,4.56,48,40,52,Industrials,Conglomerates
ACLIF,Accelleron Industries AG,0.0,-5.26,43,34,51,Industrials,Specialty Industrial Machinery
MAKSF,Marks and Spencer Group plc,0.0,-1.24,14,17,54,Consumer Cyclical,Department Stores
DDS,"Dillard's, Inc.",-0.09,3.97,17,16,71,Consumer Discretionary,Department/Specialty Retail Stores
SUMCF,Sumco Corporation,0.45,11.23,70,72,92,Technology,Semiconductor Equipment & Materials
RRC,Range Resources Corporation,2.36,-2.42,61,48,65,Energy,Oil & Gas Production
IESFY,Interconexión Eléctrica S.A. E.S.P.,0.0,-3.17,30,24,83,Utilities,Utilities - Regulated Electric
NRKBF,NKT A/S,0.0,-12.76,4,7,62,Industrials,Electrical Equipment & Parts
JSNSF,J Sainsbury plc,0.0,-9.09,3,7,28,Consumer Defensive,Grocery Stores
CUBE,CubeSmart,0.75,-2.64,13,15,44,Real Estate,Real Estate Investment Trusts
LGN,Legence Corp.,-3.37,-3.73,0,0,44,Consumer Discretionary,Engineering & Construction
GMWKF,Games Workshop Group PLC,-1.37,-7.9,0,0,27,Consumer Cyclical,Leisure
MSGS,Madison Square Garden Sports Corp.,0.54,3.84,43,43,89,Consumer Discretionary,Services-Misc. Amusement & Recreation
SNEX,StoneX Group Inc.,-2.21,-13.86,0,0,54,Finance,Investment Bankers/Brokers/Service
BRKR,Bruker Corporation,-3.01,8.23,35,23,83,Industrials,Biotechnology: Laboratory Analytical Instruments
INPOY,InPost S.A.,-1.28,-5.92,6,11,56,Industrials,Integrated Freight & Logistics
DTCWY,Deutsche Wohnen SE,-9.94,-16.63,0,0,11,Real Estate,Real Estate Services
LEVI,Levi Strauss & Co.,-2.36,-5.32,0,0,16,Consumer Discretionary,Apparel
ALGM,"Allegro MicroSystems, Inc.",-2.05,2.84,43,35,38,Technology,Semiconductors
SHZHY,Shenzhou International Group Holdings Limited,-2.06,-3.02,0,5,6,Consumer Cyclical,Textile Manufacturing
PSORF,Pearson plc,0.0,1.6,51,26,67,Communication Services,Publishing
NSANF,"Nissan Motor Co., Ltd.",0.0,-5.0,23,22,20,Consumer Cyclical,Auto Manufacturers
ALNPY,ANA Holdings Inc.,-0.54,-6.35,0,4,37,Industrials,Airlines
WTCHF,WiseTech Global Limited,0.0,-11.96,6,9,7,Technology,Software - Application
TKHVY,Türk Hava Yollari Anonim Ortakligi,-0.32,-2.81,36,16,18,Industrials,Airlines
INPOF,InPost S.A.,0.0,0.0,19,20,77,Industrials,Integrated Freight & Logistics
SPHXF,"SM Prime Holdings, Inc.",0.0,0.0,19,20,1,Real Estate,Real Estate - Diversified
NSANY,"Nissan Motor Co., Ltd.",0.28,-8.08,7,10,16,Consumer Cyclical,Auto Manufacturers
EMN,Eastman Chemical Company,0.81,-5.57,15,17,41,Industrials,Major Chemicals
RTLLF,RATIONAL Aktiengesellschaft,0.0,-9.42,5,8,16,Industrials,Specialty Industrial Machinery
NCLTF,"Nitori Holdings Co., Ltd.",0.0,0.86,12,23,66,Consumer Cyclical,"Furnishings, Fixtures & Appliances"
XP,XP Inc.,2.3,51.28,100,100,96,Finance,Investment Bankers/Brokers/Service
PSPSF,PSP Swiss Property AG,0.0,-7.99,6,10,33,Real Estate,Real Estate Services
WIGBY,WiseTech Global Limited,0.0,-15.36,15,13,9,Technology,Software - Application
ICL,ICL Group Ltd,-1.57,-12.59,0,0,37,Industrials,Agricultural Chemicals
GGAL,Grupo Financiero Galicia S.A.,-0.78,-17.7,8,10,19,Finance,Commercial Banks
CFR,"Cullen/Frost Bankers, Inc.",1.32,-6.33,16,17,62,Finance,Major Banks
WRFRF,Wharf Real Estate Investment Company Limited,0.0,0.0,19,20,97,Real Estate,Real Estate Services
FR,"First Industrial Realty Trust, Inc.",1.93,-1.63,27,26,49,Real Estate,Real Estate Investment Trusts
KT,KT Corporation,-1.9,-5.36,0,0,39,Telecommunications,Telecommunications Equipment
ACKDF,Auckland International Airport Limited,0.0,-2.45,3,8,25,Industrials,Airports & Air Services
CMC,Commercial Metals Company,-0.24,-5.28,5,9,44,Industrials,Steel/Iron Ore
NCLH,Norwegian Cruise Line Holdings Ltd.,2.92,6.31,100,97,9,Consumer Discretionary,Marine Transportation
BRRLY,Barry Callebaut AG,-0.52,-11.91,3,7,19,Consumer Defensive,Confectioners
HLTOY,Hellenic Telecommunications Organization S.A.,-0.28,-6.26,14,16,61,Communication Services,Telecom Services
RYAN,"Ryan Specialty Holdings, Inc.",0.51,-2.28,27,21,23,Finance,Specialty Insurers
AIXXF,AIXTRON SE,-5.82,-5.49,23,10,87,Technology,Semiconductor Equipment & Materials
ENS,EnerSys,-1.74,0.33,28,5,64,Technology,Industrial Machinery/Components
NEMKY,Nemetschek SE,0.0,-11.56,44,38,29,Technology,Software - Application
BYCBF,Barry Callebaut AG,4.23,-4.85,26,28,20,Consumer Defensive,Confectioners
AIIXY,AIXTRON SE,-6.81,-3.29,48,38,91,Technology,Semiconductor Equipment & Materials
YAMHF,"Yamaha Motor Co., Ltd.",0.0,-5.98,7,11,94,Consumer Cyclical,Auto Manufacturers
NEMTF,Nemetschek SE,0.0,0.0,19,20,10,Technology,Software - Application
BLDR,"Builders FirstSource, Inc.",0.49,-8.75,6,9,4,Consumer Discretionary,RETAIL: Building Materials
FNMAN,Federal National Mortgage Association,0.0,-19.64,18,18,4,Financial Services,Mortgage Finance
FNMAK,Federal National Mortgage Association,0.0,-25.14,5,6,3,Financial Services,Mortgage Finance
FNMAT,Federal National Mortgage Association,0.84,-20.17,8,9,4,Financial Services,Mortgage Finance
FNMFM,Federal National Mortgage Association,0.0,-8.47,38,35,8,Financial Services,Mortgage Finance
FNMAS,Federal National Mortgage Association,0.27,-24.22,3,5,4,Financial Services,Mortgage Finance
XNGSF,ENN Energy Holdings Limited,0.0,-12.1,10,13,21,Utilities,Utilities - Regulated Gas
KBDCF,Kingboard Holdings Limited,0.0,0.0,19,20,97,Industrials,Conglomerates
AGCO,AGCO Corporation,-0.93,-11.32,0,2,37,Industrials,Industrial Machinery/Components
FITGF,FIT Hon Teng Limited,-1.8,-11.72,6,10,12,Technology,Electronic Components
NEXNY,Nexans S.A.,0.0,-6.4,6,12,49,Industrials,Electrical Equipment & Parts
MLSPF,Melrose Industries PLC,-4.85,-10.5,0,0,12,Industrials,Specialty Industrial Machinery
STJPF,St. James's Place plc,0.0,-0.36,17,19,17,Financial Services,Asset Management
AMG,"Affiliated Managers Group, Inc.",2.63,9.16,100,100,84,Finance,Investment Managers
WILYY,Demant A/S,-3.31,2.37,15,6,87,Healthcare,Medical Devices
SKPJY,SKY Perfect JSAT Corporation,0.0,1.92,28,27,97,Communication Services,Broadcasting
SKPJF,SKY Perfect JSAT Corporation,0.0,-1476.92,99,99,1,Communication Services,Broadcasting
KLYCY,Kunlun Energy Company Limited,0.39,1.49,9,13,70,Energy,Oil & Gas Refining & Marketing
HALO,"Halozyme Therapeutics, Inc.",-0.86,2.65,21,29,94,Health Care,Biotechnology: Biological Products (No Diagnostic Substances)
IBRX,"ImmunityBio, Inc.",1.64,28.37,80,82,98,Health Care,Biotechnology: Biological Products (No Diagnostic Substances)
CAMT,Camtek Ltd.,-1.12,4.33,47,39,63,Technology,Electronic Components
SSL,Sasol Limited,6.62,3.34,82,62,96,Energy,Oil & Gas Production
TOTDF,TOTO LTD.,0.0,2.09,76,70,73,Industrials,Building Products & Equipment
TOPPY,TOPPAN Holdings Inc.,-14.98,-60.64,0,0,2,Industrials,Conglomerates
SDXOF,Sodexo S.A.,0.0,-6.33,6,11,69,Industrials,Specialty Business Services
VIRT,"Virtu Financial, Inc.",-1.7,-6.11,51,46,86,Finance,Investment Bankers/Brokers/Service
ALBHF,Alibaba Health Information Technology Limited,0.0,-1.28,56,43,9,Healthcare,Pharmaceutical Retailers
CLF,Cleveland-Cliffs Inc.,1.08,3.04,57,48,76,Basic Materials,Metal Mining
PDI,PIMCO Dynamic Income Fund,0.21,-3.43,35,24,23,Finance,Trusts Except Educational Religious and Charitable
PTBRY,PT Bank Negara Indonesia (Persero) Tbk,0.0,-11.51,11,12,30,Financial Services,Banks - Regional
SCABY,Svenska Cellulosa Aktiebolaget SCA (publ),0.0,7.85,100,100,54,Basic Materials,Paper & Paper Products
VLVCY,Volvo Car AB (publ.),4.11,-30.6,10,10,3,Consumer Cyclical,Auto Manufacturers
VLYPP,Valley National Bancorp,0.2,1.05,18,20,55,Finance,Major Banks
VLY,Valley National Bancorp,2.16,-7.2,19,19,48,Finance,Major Banks
VLVOF,Volvo Car AB (publ.),0.0,-23.56,4,5,4,Consumer Cyclical,Auto Manufacturers
ECG,"Everus Construction Group, Inc.",-2.47,6.02,51,42,68,Consumer Discretionary,Homebuilding
RGEDF,Gedeon Richter PLC,-0.69,-12.73,0,3,1,Healthcare,Drug Manufacturers - Specialty & Generic
KEX,Kirby Corporation,0.55,-0.35,67,48,72,Consumer Discretionary,Marine Transportation
WJRYY,West Japan Railway Company,1.68,-6.12,14,16,34,Industrials,Railroads
PLLIF,Pirelli & C. S.p.A.,0.0,0.0,19,20,74,Consumer Cyclical,Auto Parts
UGI,UGI Corporation,0.79,-1.81,24,20,58,Utilities,Natural Gas Distribution
CHOLF,China Oilfield Services Limited,0.0,7.78,100,100,51,Energy,Oil & Gas Equipment & Services
CORT,Corcept Therapeutics Incorporated,-0.89,3.15,66,69,97,Health Care,Biotechnology: Pharmaceutical Preparations
FLY,Firefly Aerospace Inc.,-3.91,-1.1,0,0,10,Industrials,Military/Government/Technical
CHRD,Chord Energy Corporation,4.62,-6.24,27,25,88,Energy,Oil & Gas Production
NE,Noble Corporation plc,2.88,-7.85,20,19,78,Energy,Oil & Gas Production
ATR,"AptarGroup, Inc.",1.15,-1.01,27,25,40,Industrials,Plastic Products
VOYA,"Voya Financial, Inc.",-0.13,-5.87,8,9,78,Finance,Life Insurance
HQY,"HealthEquity, Inc.",1.25,-1.59,45,33,50,Consumer Discretionary,Business Services
HULCF,"Hulic Co., Ltd.",0.0,0.0,19,20,1,Real Estate,Real Estate Services
THNPY,Technip Energies N.V.,-0.48,-6.97,0,5,12,Energy,Oil & Gas Equipment & Services
CDP,COPT Defense Properties,0.24,-4.72,9,14,61,Real Estate,Real Estate Investment Trusts
STAG,"STAG Industrial, Inc.",1.7,-1.65,28,25,40,Real Estate,Real Estate Investment Trusts
JXN,Jackson Financial Inc.,2.12,-3.2,29,25,82,Finance,Life Insurance
PLXS,Plexus Corp.,-1.95,5.85,56,44,87,Technology,Electrical Products
NOV,NOV Inc.,1.99,-10.55,15,16,68,Consumer Discretionary,Oil and Gas Field Machinery
SHTDF,Sinopharm Group Co. Ltd.,0.0,-12.09,23,23,15,Healthcare,Medical Distribution
TSUKF,"Toyo Suisan Kaisha, Ltd.",-5.76,-519.34,94,94,1,Consumer Defensive,Packaged Foods
NEU,NewMarket Corporation,-0.24,2.96,38,25,82,Industrials,Major Chemicals
UMICY,Umicore SA,-0.35,-9.59,1,5,68,Industrials,Waste Management
CIG,Companhia Energética de Minas Gerais - CEMIG,1.72,6.79,95,100,69,Utilities,Electric Utilities: Central
ESAIY,"Eisai Co., Ltd.",1.05,-1.11,13,18,48,Healthcare,Drug Manufacturers - Specialty & Generic
SPXSF,Spirax Group plc,0.0,0.0,19,20,58,Industrials,Specialty Industrial Machinery
SNROF,"Sanrio Company, Ltd.",0.0,-11.25,4,8,9,Consumer Cyclical,Specialty Retail
MIDD,The Middleby Corporation,0.15,-0.3,12,12,19,Industrials,Industrial Machinery/Components
JBTM,JBT Marel Corporation,0.99,-6.26,12,14,10,Industrials,Industrial Machinery/Components
SHMXY,Shimadzu Corporation,0.0,5.44,90,94,63,Technology,Scientific & Technical Instruments
CEVMY,CTS Eventim AG & Co. KGaA,0.0,-11.44,15,14,19,Communication Services,Entertainment
LGFRY,Longfor Group Holdings Limited,1.11,-10.32,14,17,7,Real Estate,Real Estate - Development
RIG,Transocean Ltd.,2.78,-3.99,39,33,76,Energy,Oil & Gas Production
SPXSY,Spirax Group plc,-1.04,1.73,11,6,51,Industrials,Specialty Industrial Machinery
TTAN,"ServiceTitan, Inc.",1.66,30.21,100,100,27,Technology,Computer Software: Prepackaged Software
MTLPF,Metlen Energy & Metals PLC,0.0,0.0,19,20,46,,
EXP,Eagle Materials Inc.,-0.12,-8.84,2,7,13,Industrials,Building Materials
DKDRF,NewMed Energy - Limited Partnership,0.0,-2.55,4,9,38,Energy,Oil & Gas E&P
SNROY,"Sanrio Company, Ltd.",0.0,-6.04,5,10,57,Consumer Cyclical,Specialty Retail
SRUUF,Sprott Physical Uranium Trust Fund,-3.46,-4.83,0,0,39,Energy,Uranium
AACAY,AAC Technologies Holdings Inc.,-6.43,-10.04,0,0,33,Technology,Communication Equipment
HXL,Hexcel Corporation,1.47,-5.22,15,16,52,Industrials,Major Chemicals
UEC,Uranium Energy Corp.,-3.48,-17.06,0,0,10,Basic Materials,Other Metals and Minerals
ASXFF,ASX Limited,0.0,0.69,89,59,72,Financial Services,Financial Data & Stock Exchanges
KGS,"Kodiak Gas Services, Inc.",-1.96,-14.29,9,8,70,Utilities,Natural Gas Distribution
SHTDY,Sinopharm Group Co. Ltd.,0.64,-3.17,20,20,16,Healthcare,Medical Distribution
VFC,V.F. Corporation,1.04,15.13,91,90,21,Industrials,Garments and Clothing
KIGRY,KION GROUP AG,-0.29,-24.55,0,3,7,Industrials,Farm & Heavy Construction Machinery
PUODY,"Promotora y Operadora de Infraestructura, S. A. B. de C. V.",1.54,-6.28,43,38,46,Industrials,Infrastructure Operations
PNDRY,Pandora A/S,1.0,-3.07,32,36,78,Consumer Cyclical,Luxury Goods
PAYC,"Paycom Software, Inc.",2.83,6.42,68,48,94,Technology,Computer Software: Prepackaged Software
LAD,"Lithia Motors, Inc.",0.52,-21.11,3,6,37,Consumer Discretionary,Retail-Auto Dealers and Gas Stations
RKGRY,RENK Group AG,0.0,-16.38,2,5,8,Industrials,Aerospace & Defense
POOL,Pool Corporation,2.6,-10.03,21,21,7,Consumer Discretionary,Industrial Specialties
KCDMY,"Kimberly-Clark de México, S. A. B. de C. V.",0.0,-7.47,4,9,43,Consumer Defensive,Household & Personal Products
ROAD,"Construction Partners, Inc.",-0.43,-8.1,0,5,16,Industrials,Military/Government/Technical
FBASF,Fibra UNO,0.0,-1.11,49,39,58,Real Estate,REIT - Diversified
YTLCF,YTL Corporation Berhad,0.0,12.95,90,94,70,Utilities,Utilities - Diversified
INGM,Ingram Micro Holding Corporation,-0.18,4.66,49,45,69,Technology,Retail: Computer Software & Peripheral Equipment
CENX,Century Aluminum Company,0.97,-17.99,6,8,21,Industrials,Aluminum
FSS,Federal Signal Corporation,-1.57,-0.75,3,6,42,Industrials,Auto Manufacturing
KGFHY,Kingfisher plc,0.34,11.73,60,49,70,Consumer Cyclical,Home Improvement Retail
SSRM,SSR Mining Inc.,2.66,-7.15,18,22,84,Industrials,Precious Metals
ASXFY,ASX Limited,1.66,6.2,100,100,73,Financial Services,Financial Data & Stock Exchanges
DELHF,De'Longhi S.p.A.,0.0,0.0,19,20,59,Consumer Cyclical,"Furnishings, Fixtures & Appliances"
ETSY,"Etsy, Inc.",5.11,4.96,89,65,66,Consumer Discretionary,Business Services
HBRIY,Harbour Energy plc,2.22,-5.14,43,34,83,Energy,Oil & Gas E&P
PTGX,"Protagonist Therapeutics, Inc.",-0.72,-3.62,17,18,92,Health Care,Biotechnology: Pharmaceutical Preparations
INGR,Ingredion Incorporated,0.91,-5.13,17,19,26,Consumer Staples,Packaged Foods
FLR,Fluor Corporation,-0.25,-4.74,33,29,62,Industrials,Military/Government/Technical
SYRE,"Spyre Therapeutics, Inc.",-1.18,-9.93,2,6,98,Health Care,Biotechnology: Pharmaceutical Preparations
KIROY,Kumba Iron Ore Limited,-0.22,-12.89,1,5,9,Basic Materials,Steel
VNO,Vornado Realty Trust,0.09,-1.63,23,23,41,Real Estate,Real Estate Investment Trusts
MSSMY,MISUMI Group Inc.,0.0,16.86,100,100,89,Industrials,Tools & Accessories
NNCHY,Nissan Chemical Corporation,1.2,19.53,100,100,92,Basic Materials,Chemicals
MAC,The Macerich Company,0.05,-1.07,10,16,63,Real Estate,Real Estate Investment Trusts
DFILF,DFI Retail Group Holdings Limited,0.0,0.0,19,20,62,Consumer Defensive,Grocery Stores
AN,"AutoNation, Inc.",0.55,-24.2,3,5,11,Consumer Discretionary,Retail-Auto Dealers and Gas Stations
WWNTY,Want Want China Holdings Limited,0.0,-7.3,59,52,13,Consumer Defensive,Packaged Foods
USAR,"USA Rare Earth, Inc.",-4.54,-21.26,0,0,5,Basic Materials,Metal Mining
AVTR,"Avantor, Inc.",0.26,3.43,41,30,92,Industrials,Biotechnology: Laboratory Analytical Instruments
FNB,F.N.B. Corporation,1.23,-5.37,17,17,43,Finance,Major Banks
CAR,"Avis Budget Group, Inc.",-0.2,-13.21,29,24,6,Consumer Discretionary,Rental/Leasing Companies
MIRM,"Mirum Pharmaceuticals, Inc.",0.88,-19.14,12,13,19,Health Care,Biotechnology: Pharmaceutical Preparations
KTWIY,Kurita Water Industries Ltd.,0.0,3.77,30,21,99,Industrials,Pollution & Treatment Controls
PCTY,Paylocity Holding Corporation,3.38,7.11,100,73,82,Technology,Computer Software: Prepackaged Software
GTX,Garrett Motion Inc.,-0.46,-5.3,9,7,85,Consumer Discretionary,Auto Parts:O.E.M.
YPHDF,Ypsomed Holding AG,0.0,-12.86,4,7,59,Healthcare,Medical Instruments & Supplies
EAT,"Brinker International, Inc.",2.64,-11.41,17,17,79,Consumer Discretionary,Restaurants
RRR,"Red Rock Resorts, Inc.",-0.65,-7.46,21,17,18,Consumer Discretionary,Hotels/Resorts
BMA,Banco Macro S.A.,-0.02,-16.4,7,9,29,Finance,Commercial Banks
MTHRY,"M3, Inc.",1.39,8.33,100,81,38,Healthcare,Health Information Services
PHJMF,PT Hanjaya Mandala Sampoerna Tbk,0.0,50.0,96,96,78,Consumer Defensive,Tobacco
HIMS,"Hims & Hers Health, Inc.",-5.01,2.26,5,0,21,Health Care,Medical/Nursing Services
LOAR,Loar Holdings Inc.,1.02,-4.85,13,15,21,Industrials,Military/Government/Technical
GLAPF,Glanbia plc,0.0,-14.79,11,6,59,Consumer Defensive,Packaged Foods
SCCTY,Scout24 SE,2.56,-9.94,27,24,20,Communication Services,Internet Content & Information
CACC,Credit Acceptance Corporation,1.93,-10.35,24,22,53,Finance,Finance: Consumer Services
UBSI,"United Bankshares, Inc.",0.79,-2.66,14,16,66,Finance,Major Banks
LNSPF,LondonMetric Property Plc,0.0,-2.73,14,18,31,Real Estate,REIT - Industrial
LW,"Lamb Weston Holdings, Inc.",2.85,4.52,100,84,63,Consumer Staples,Packaged Foods
SLFPY,Aberdeen Group Plc,0.0,-2.74,12,16,74,Financial Services,Asset Management
TVAVF,The Tel-Aviv Stock Exchange Ltd.,11.86,1.42,64,67,82,Financial Services,Financial Data & Stock Exchanges
RSI,"Rush Street Interactive, Inc.",0.4,-22.91,9,8,23,Consumer Discretionary,Services-Misc. Amusement & Recreation
SIGCY,SIG Group AG,2.96,-2.05,46,45,72,Consumer Cyclical,Packaging & Containers
TAL,TAL Education Group,-2.12,8.61,75,77,75,Real Estate,Other Consumer Services
FLG,"Flagstar Bank, National Association",0.44,-14.47,5,8,17,Finance,Banks
SQNNY,"Square Enix Holdings Co., Ltd.",0.0,-2.96,11,14,55,Communication Services,Electronic Gaming & Multimedia
JBHIF,JB Hi-Fi Limited,0.0,0.0,19,20,53,Consumer Cyclical,Specialty Retail
ACT,"Enact Holdings, Inc.",1.79,-5.78,38,32,72,Finance,Specialty Insurers
BEPC,Brookfield Renewable Corporation,-0.44,-4.76,37,33,13,Utilities,Electric Utilities: Central
POR,Portland General Electric Company,1.16,-5.49,29,27,31,Utilities,Electric Utilities: Central
BLTE,"Belite Bio, Inc",-2.28,-12.88,0,0,74,Health Care,Biotechnology: Pharmaceutical Preparations
DFYFF,Definity Financial Corporation,0.0,-2.89,9,14,35,Financial Services,Insurance - Property & Casualty
ACMR,"ACM Research, Inc.",-2.71,-2.2,28,18,81,Technology,Industrial Machinery/Components
COIHY,Croda International Plc,0.26,2.49,82,55,76,Basic Materials,Specialty Chemicals
TFX,Teleflex Incorporated,-0.23,-5.92,26,19,40,Health Care,Medical/Dental Instruments
COCSF,"Coca-Cola FEMSA, S.A.B. de C.V.",2.34,-1.84,50,41,68,Consumer Defensive,Beverages - Non-Alcoholic
BURBY,Burberry Group plc,-0.07,-2.96,13,18,20,Consumer Cyclical,Luxury Goods
NOVT,Novanta Inc.,-5.09,-5.27,12,5,58,Miscellaneous,Industrial Machinery/Components
GIGNY,Genting Singapore Limited,0.0,-4.14,8,13,40,Consumer Cyclical,Resorts & Casinos
SBSNY,Vend Marketplaces ASA,4.59,-18.36,14,15,10,Communication Services,Internet Content & Information
S,"SentinelOne, Inc.",0.36,28.22,96,100,94,Technology,Computer Software: Prepackaged Software
ESAB,ESAB Corporation,-3.34,-6.17,0,0,5,Industrials,Industrial Machinery/Components
TKMSF,TKMS AG & Co KGaA,0.0,-7.61,6,10,30,Industrials,Aerospace & Defense
DELKY,Delek Group Ltd.,0.0,-9.04,7,11,63,Energy,Oil & Gas E&P
ARGTF,Artemis Gold Inc.,2.88,-5.11,26,25,64,Basic Materials,Other Precious Metals & Mining
XYIGY,Xinyi Glass Holdings Limited,0.0,-9.16,18,9,42,Basic Materials,Building Materials
SKSUF,"Sekisui Chemical Co., Ltd.",0.0,-160.49,99,100,1,Industrials,Conglomerates
BLCO,Bausch + Lomb Corporation,-1.1,-2.28,31,15,59,Health Care,Ophthalmic Goods
NSLYF,Nestlé (Malaysia) Berhad,0.0,0.0,19,20,78,Consumer Defensive,Packaged Foods
KRG,Kite Realty Group Trust,1.39,-7.21,15,16,40,Real Estate,Real Estate Investment Trusts
LINRF,Liontown Limited,0.0,-33.71,7,9,3,Basic Materials,Other Industrial Metals & Mining
HPHTY,Hamamatsu Photonics K.K.,0.0,13.17,66,58,79,Technology,Electronic Components
ZEGLF,Zegona Communications plc,0.0,5.83,48,41,64,Communication Services,Telecom Services
SRTTY,"ZOZO, Inc.",0.0,-4.21,4,8,26,Consumer Cyclical,Internet Retail
ALM,Almonty Industries Inc.,-4.38,-30.18,0,0,42,Basic Materials,Other Metals and Minerals
CGON,"CG Oncology, Inc.",1.41,-12.14,7,10,74,Health Care,Biotechnology: Biological Products (No Diagnostic Substances)
MATX,"Matson, Inc.",2.18,-0.09,26,23,94,Consumer Discretionary,Marine Transportation
AUOTY,AUO Corporation,-5.01,15.24,59,57,96,Technology,Electronic Components
TMSNY,Temenos AG,2.43,-3.36,24,22,33,Technology,Software - Application
JDSPY,JD Sports Fashion Plc,0.84,1.98,100,100,45,Consumer Cyclical,Apparel Retail
WILWY,Wallenius Wilhelmsen ASA,0.0,29.82,72,62,97,Industrials,Marine Shipping
NAVN,"Navan, Inc.",3.59,13.92,97,81,80,Technology,Computer Software: Prepackaged Software
AUB,Atlantic Union Bankshares Corporation,0.85,-4.29,14,16,45,Finance,Major Banks
HPHTF,Hamamatsu Photonics K.K.,0.0,6.73,77,33,75,Technology,Electronic Components
GAERF,"Grupo Aeroportuario del Centro Norte, S.A.B. de C.V.",0.0,-9.98,19,15,95,Industrials,Airports & Air Services
RANJF,Randstad N.V.,0.0,0.0,19,20,90,Industrials,Staffing & Employment Services
LPX,Louisiana-Pacific Corporation,0.49,-1.0,15,18,18,Basic Materials,Forest Products
MTG,MGIC Investment Corporation,2.96,-9.63,31,27,48,Finance,Property-Casualty Insurers
GCHEF,"Grupo Comercial Chedraui, S.A.B. de C.V.",0.0,-8.65,5,9,25,Consumer Defensive,Grocery Stores
RUSHA,"Rush Enterprises, Inc.",0.07,-6.29,4,8,60,Consumer Discretionary,Retail-Auto Dealers and Gas Stations
CNVVY,Convatec Group PLC,-1.12,-4.1,32,22,38,Healthcare,Medical Instruments & Supplies
XENE,Xenon Pharmaceuticals Inc.,-0.69,-38.5,0,1,7,Health Care,Biotechnology: Pharmaceutical Preparations
DLB,"Dolby Laboratories, Inc.",0.17,-6.66,13,9,51,Miscellaneous,Multi-Sector Companies
BB,BlackBerry Limited,-1.6,14.46,49,43,94,Technology,Computer Software: Prepackaged Software
CRC,California Resources Corporation,1.9,-5.69,20,17,50,Energy,Oil & Gas Production
ZHEXF,"Zhejiang Expressway Co., Ltd.",0.0,-6.41,7,12,18,Industrials,Infrastructure Operations
GTLB,GitLab Inc.,3.02,13.23,100,100,96,Technology,Computer Software: Prepackaged Software
CWST,"Casella Waste Systems, Inc.",0.39,-6.55,36,31,25,Utilities,Environmental Services
SMFRF,"Sumitomo Forestry Co., Ltd.",0.0,-7.33,6,10,1,Consumer Cyclical,Residential Construction
VSEC,VSE Corporation,1.57,-11.77,20,19,21,Consumer Discretionary,Military/Government/Technical
ARKAF,Arkema S.A.,0.0,-15.22,3,6,32,Basic Materials,Specialty Chemicals
DUOL,"Duolingo, Inc.",-0.33,4.17,71,55,63,Technology,Computer Software: Prepackaged Software
IIDDY,IGO Limited,0.0,-11.49,4,7,33,Basic Materials,Other Industrial Metals & Mining
SIGIP,"Selective Insurance Group, Inc.",-0.92,-2.22,10,15,33,Finance,Property-Casualty Insurers
CGHOF,China Gas Holdings Limited,0.0,1.45,48,25,10,Utilities,Utilities - Regulated Gas
AUTSF,AutoStore Holdings Ltd.,0.0,-4.6,33,16,38,,
ALK,"Alaska Air Group, Inc.",-0.18,-1.47,13,18,18,Consumer Discretionary,Air Freight/Delivery Services
DLPTF,"Liaoning Port Co., Ltd.",0.0,-58.33,19,20,2,Industrials,Marine Shipping
KYSEF,KYUDEN Holdings Inc.,0.0,-237.02,99,99,1,Utilities,Utilities - Independent Power Producers
USSJY,"USS Co., Ltd.",0.0,3.58,70,58,70,Consumer Cyclical,Auto & Truck Dealerships
SMBMF,Seatrium Limited,11.11,1.74,94,82,67,Energy,Oil & Gas Equipment & Services
BCPC,Balchem Corporation,1.33,1.18,54,39,60,Industrials,Major Chemicals
TCLHF,TCL Electronics Holdings Limited,0.0,10.05,72,73,91,Technology,Consumer Electronics
XMTR,"Xometry, Inc.",-1.22,25.49,85,87,95,Consumer Discretionary,Business Services
IEP,Icahn Enterprises L.P.,-0.15,-3.49,9,13,44,Consumer Discretionary,Auto Parts:O.E.M.
HCC,"Warrior Met Coal, Inc.",0.26,-11.66,12,10,72,Energy,Coal Mining
PUMSY,PUMA SE,-0.79,-1.57,53,46,27,Consumer Cyclical,Footwear & Accessories
KOTMY,"Koito Manufacturing Co., Ltd.",0.0,1.59,92,55,67,Consumer Cyclical,Auto Parts
NNNN,Anbio Biotechnology,-5.71,-29.03,0,0,1,Health Care,Biotechnology: In Vitro & In Vivo Diagnostic Substances
NTSK,"Netskope, Inc.",1.92,29.87,100,100,93,Technology,Computer Software: Prepackaged Software
PAM,Pampa Energía S.A.,0.7,-8.78,32,28,55,Utilities,Electric Utilities: Central
BECTY,Bechtle AG,0.0,-16.71,3,6,38,Technology,Information Technology Services
DNTUY,Dentsu Group Inc.,0.0,13.54,88,66,74,Communication Services,Advertising Agencies
OGS,"ONE Gas, Inc.",-0.4,-7.42,5,7,28,Utilities,Oil/Gas Transmission
GBTG,"Global Business Travel Group, Inc.",0.0,0.85,25,0,48,Consumer Discretionary,Transportation Services
KYSEY,KYUDEN Holdings Inc.,-12.81,-11.69,0,0,76,Utilities,Utilities - Independent Power Producers
IPGP,IPG Photonics Corporation,-3.89,-0.75,16,0,14,Technology,Semiconductors
DIOD,Diodes Incorporated,-4.38,5.0,34,33,89,Technology,Semiconductors
XNDU,Xanadu Quantum Technologies Limited,-8.24,-54.12,0,0,2,Technology,Computer Manufacturing
AMVIF,Aumovio SE,-7.84,-14.84,0,0,27,,
CGHLY,China Gas Holdings Limited,0.0,1.82,89,79,27,Utilities,Utilities - Regulated Gas
SITE,"SiteOne Landscape Supply, Inc.",1.6,-7.43,20,21,9,Consumer Discretionary,Professional and commerical equipment
EIFZF,Exchange Income Corporation,0.0,-5.46,25,30,75,Industrials,Airlines
NEXXY,Nexi S.p.A.,0.0,-2.8,7,12,60,Technology,Software - Infrastructure
AYYLF,Ayala Corporation,0.0,-1.23,17,19,54,Industrials,Conglomerates
CNX,CNX Resources Corporation,-0.18,-7.74,46,39,43,Energy,Oil & Gas Production
MTN,"Vail Resorts, Inc.",2.56,11.28,100,96,59,Consumer Discretionary,Services-Misc. Amusement & Recreation
KVYO,"Klaviyo, Inc.",0.92,8.93,92,73,22,Technology,Computer Software: Prepackaged Software
QNTPF,XtalPi Holdings Limited,-7.01,-11.03,27,20,8,,
DNLZY,Dyno Nobel Limited,0.0,-2.59,40,32,81,Basic Materials,Specialty Chemicals
ATAT,Atour Lifestyle Holdings Limited,-0.97,-3.77,0,4,27,Consumer Discretionary,Hotels/Resorts
CHEOY,Cochlear Limited,-0.55,-7.47,13,17,12,Healthcare,Medical Devices
NNI,"Nelnet, Inc.",1.16,0.14,32,28,37,Finance,Finance: Consumer Services
AMVOY,Aumovio SE,-7.88,-12.68,9,10,27,Consumer Cyclical,Auto Parts
PUTKY,PT United Tractors Tbk,-3.44,-7.42,10,6,28,Basic Materials,Other Industrial Metals & Mining
SEPLF,Seplat Energy Plc,0.0,-4.91,3,6,98,Energy,Oil & Gas E&P
RIOCF,RioCan Real Estate Investment Trust,0.28,-4.33,21,21,49,Real Estate,REIT - Retail
GSISF,Genesis Minerals Limited,6.32,-7.54,35,33,82,Basic Materials,Gold
SMR,NuScale Power Corporation,-4.56,-28.31,0,0,4,Industrials,Metal Fabrications
FCN,"FTI Consulting, Inc.",2.01,-6.53,40,32,19,Consumer Discretionary,Professional Services
UNF,UniFirst Corporation,2.89,-4.13,33,30,75,Consumer Discretionary,Other Consumer Services
RLI,RLI Corp.,1.37,-6.85,13,14,38,Finance,Property-Casualty Insurers
GMVHY,Entain Plc,3.33,-16.69,14,14,7,Consumer Cyclical,Gambling
KNTNF,K92 Mining Inc.,1.04,-5.42,17,21,84,Basic Materials,Gold
UFPI,"UFP Industries, Inc.",0.01,-4.68,4,9,21,Basic Materials,Forest Products
SMDPY,"Sumitomo Pharma Co., Ltd.",0.0,-1.2,14,17,44,Healthcare,Drug Manufacturers - Specialty & Generic
EBC,"Eastern Bankshares, Inc.",1.05,-2.7,19,19,54,Finance,Savings Institutions
UUUU,Energy Fuels Inc.,-3.12,-27.07,0,0,4,Industrials,Mining & Quarrying of Nonmetallic Minerals (No Fuels)
MZDAY,Mazda Motor Corporation,0.3,-4.82,5,9,38,Consumer Cyclical,Auto Manufacturers
AQN,Algonquin Power & Utilities Corp.,0.4,-5.22,28,20,23,Utilities,Electric Utilities: Central
HSSKY,HASEKO Corporation,0.0,-0.06,19,20,50,Consumer Cyclical,Residential Construction
ACDVF,Air Canada,-3.54,-16.25,0,0,72,Industrials,Airlines
IBOC,International Bancshares Corporation,0.43,-3.72,11,14,39,Finance,Major Banks
YADGF,Yadea Group Holdings Ltd.,0.0,-15.08,3,6,93,Consumer Cyclical,Auto Manufacturers
COLD,"Americold Realty Trust, Inc.",1.17,-0.62,14,16,56,Real Estate,Real Estate Investment Trusts
TFSL,TFS Financial Corporation,0.43,-5.21,10,13,67,Finance,Savings Institutions
TBBB,BBB Foods Inc.,0.11,3.37,64,57,93,Consumer Staples,Food Chains
FRMI,Fermi Inc.,-7.81,-32.1,0,0,2,Real Estate,Real Estate Investment Trusts
HRI,Herc Holdings Inc.,-0.45,-12.8,0,4,34,Industrials,Misc Corporate Leasing Services
EXLS,"ExlService Holdings, Inc.",3.83,6.5,87,56,71,Consumer Discretionary,Business Services
NHKGF,"NHK Spring Co., Ltd.",0.0,-270.49,99,99,1,Consumer Cyclical,Auto Parts
CUZ,Cousins Properties Incorporated,0.69,0.36,29,26,58,Real Estate,Real Estate Investment Trusts
ACRXF,"Acerinox, S.A.",0.0,0.0,19,20,92,Basic Materials,Steel
KPDCF,Keppel DC REIT,0.0,2.15,62,42,45,Real Estate,REIT - Office
AD,"Array Digital Infrastructure, Inc.",-1.41,-11.54,0,0,37,Telecommunications,Telecommunications Equipment
INDV,"Indivior Pharmaceuticals, Inc.",-1.88,2.72,19,6,59,Health Care,Biotechnology: Pharmaceutical Preparations
AVEX,AEVEX Corp.,-0.14,-10.69,1,5,6,Industrials,Aerospace
RDNT,"RadNet, Inc.",-0.58,-8.17,0,4,48,Health Care,Medical Specialities
KRNTY,Krones AG,0.0,0.0,19,20,33,Industrials,Specialty Industrial Machinery
MTH,Meritage Homes Corporation,0.93,-1.4,11,13,22,Consumer Discretionary,Homebuilding
FELE,"Franklin Electric Co., Inc.",-0.74,-0.28,40,14,41,Consumer Discretionary,Metal Fabrications
NWE,"NorthWestern Energy Group, Inc.",0.89,6.6,100,100,69,Utilities,Power Generation
UPCHY,Uni-President China Holdings Ltd,3.74,-1.72,50,39,49,Consumer Defensive,Beverages - Non-Alcoholic
OLED,OLED,-5.59,-9.6,0,0,10,Technology,Electrical Products
SZGPY,Salzgitter AG,-8.8,-28.8,0,0,38,Basic Materials,Steel
COCO,"The Vita Coco Company, Inc.",10.52,9.55,60,61,49,Consumer Staples,Beverages (Production/Distribution)
BKGFY,The Berkeley Group Holdings plc,0.54,-5.36,10,13,23,Consumer Cyclical,Residential Construction
TLPFF,Teleperformance SE,0.0,5.06,45,27,88,Industrials,Specialty Business Services
SFBS,"ServisFirst Bancshares, Inc.",1.1,-8.4,11,13,39,Finance,Major Banks
ELFIF,E-L Financial Corporation Limited,0.56,-0.89,17,19,61,Financial Services,Insurance - Life
PTEN,"Patterson-UTI Energy, Inc.",2.23,-11.01,34,28,93,Energy,Oil & Gas Production
GRTUF,Granite Real Estate Investment Trust,0.46,-7.83,12,15,41,Real Estate,REIT - Industrial
BETA,"BETA Technologies, Inc.",1.18,3.07,7,11,39,Industrials,Aerospace
TAC,TransAlta Corporation,0.08,5.83,90,98,33,Utilities,Electric Utilities: Central
MANE,MANE,14.13,29.03,100,100,98,Health Care,Biotechnology: Pharmaceutical Preparations
RMVEY,Rightmove plc,9.34,7.57,80,67,57,Communication Services,Internet Content & Information
LBTYK,Liberty Global Ltd.,-1.91,-15.87,0,2,14,Telecommunications,Cable & Other Pay Television Services
WYGPF,Worley Limited,0.0,-13.61,3,6,10,Energy,Oil & Gas Equipment & Services
SLM,SLM Corporation,0.31,-11.38,5,8,29,Finance,Finance: Consumer Services
HCHDF,Hochschild Mining plc,-0.44,-17.07,0,3,65,Basic Materials,Other Precious Metals & Mining
THO,"THOR Industries, Inc.",0.41,-8.19,6,9,13,Industrials,Homebuilding
HGV,Hilton Grand Vacations Inc.,-0.09,-11.84,9,12,10,Consumer Discretionary,Hotels/Resorts
SKT,Tanger Inc.,0.17,-5.1,8,12,40,Real Estate,Real Estate Investment Trusts
FMCCG,Federal Home Loan Mortgage Corporation,-2.26,-27.31,0,0,3,Financial Services,Mortgage Finance
FMCCH,Federal Home Loan Mortgage Corporation,0.0,-26.85,2,4,2,Financial Services,Mortgage Finance
FMCCS,Federal Home Loan Mortgage Corporation,0.0,-25.4,2,4,3,Financial Services,Mortgage Finance
FREJP,Federal Home Loan Mortgage Corporation PFD 5.30%,-0.34,-23.9,1,3,3,Unknown,Unknown
FMCCJ,Federal Home Loan Mortgage Corporation,4.56,-19.23,16,16,5,Financial Services,Mortgage Finance
FMCCT,Federal Home Loan Mortgage Corporation,-1.35,-25.51,13,13,3,Financial Services,Mortgage Finance
FREJN,Federal Home Loan Mortgage Corporation,0.0,-25.5,1,3,5,Financial Services,Mortgage Finance
FMCKN,Federal Home Loan Mortgage Corporation,4.24,-25.0,11,12,3,Financial Services,Mortgage Finance
CVCO,"Cavco Industries, Inc.",1.51,4.85,22,31,45,Consumer Discretionary,Homebuilding
MWH,"SOLV Energy, Inc.",-0.23,4.86,57,44,20,Industrials,Military/Government/Technical
MNSO,MINISO Group Holding Limited,1.45,0.11,48,38,4,Consumer Discretionary,Department/Specialty Retail Stores
PSKRF,Protector Forsikring ASA,0.0,0.0,19,20,98,Financial Services,Insurance - Specialty
PSKRY,Protector Forsikring ASA,0.0,-14.3,3,7,24,Financial Services,Insurance - Specialty
VEMLY,Venture Corporation Limited,-2.0,-0.03,0,0,70,Technology,Electronic Components
LIVN,LivaNova PLC,-0.03,-2.9,19,19,71,Health Care,Biotechnology: Electromedical & Electrotherapeutic Apparatus
BCHHF,Bucher Industries AG,0.0,0.0,19,20,25,Industrials,Specialty Industrial Machinery
GFF,Griffon Corporation,-1.97,-3.31,0,0,71,Industrials,Building Products
KRC,Kilroy Realty Corporation,0.53,-0.3,53,38,41,Real Estate,Real Estate Investment Trusts
SOHVY,"Sumitomo Heavy Industries, Ltd.",0.0,6.11,71,81,88,Industrials,Specialty Industrial Machinery
CVSA,Covista Inc.,2.35,5.39,95,70,55,Real Estate,Other Consumer Services
DNP,DNP Select Income Fund Inc.,0.62,-7.78,24,22,40,Finance,Investment Managers
ERAS,"Erasca, Inc.",9.49,-3.56,54,46,98,Health Care,Biotechnology: Pharmaceutical Preparations
NDGPF,Nine Dragons Paper (Holdings) Limited,0.0,-25.0,1,3,13,Basic Materials,Paper & Paper Products
LOPE,"Grand Canyon Education, Inc.",2.97,6.0,100,81,38,Real Estate,Other Consumer Services
SLGN,Silgan Holdings Inc.,2.14,-7.18,18,18,18,Industrials,Containers/Packaging
TUIFF,TUI AG,0.0,-5.49,45,36,27,Consumer Cyclical,Travel Services
PJT,PJT Partners Inc.,-1.32,-20.93,0,0,17,Finance,Investment Managers
UCB,"United Community Banks, Inc.",0.96,-3.76,15,16,47,Finance,Major Banks
APNHY,Aspen Pharmacare Holdings Limited,0.0,0.41,46,42,87,Healthcare,Drug Manufacturers - Specialty & Generic
VRNS,"Varonis Systems, Inc.",-0.16,7.43,100,61,88,Technology,Computer Software: Prepackaged Software
SZGPF,Salzgitter AG,-2.95,-22.44,0,0,71,Basic Materials,Steel
BNL,"Broadstone Net Lease, Inc.",-0.22,-9.75,2,7,36,Real Estate,Real Estate Investment Trusts
STNG,Scorpio Tankers Inc.,4.31,4.31,84,65,88,Consumer Discretionary,Marine Transportation
RGAKF,Rigaku Holdings Corporation,2.48,8.62,100,100,94,,
BELFA,Bel Fuse Inc.,-1.59,-3.45,11,0,66,Technology,Electronic Components
UCTT,"Ultra Clean Holdings, Inc.",-5.38,-4.99,2,0,88,Technology,Semiconductors
NVST,Envista Holdings Corporation,-1.39,-12.18,0,0,34,Health Care,Medical/Dental Instruments
INSW,"International Seaways, Inc.",4.17,19.27,100,100,97,Consumer Discretionary,Marine Transportation
CRGY,Crescent Energy Company,-3.41,-9.72,0,0,91,Energy,Oil & Gas Production
HP,"Helmerich & Payne, Inc.",1.39,-9.81,41,34,88,Energy,Oil & Gas Production
VKTX,"Viking Therapeutics, Inc.",-2.84,-13.69,0,0,13,Health Care,Biotechnology: Pharmaceutical Preparations
VLEEY,Valeo SE,-9.11,-13.79,0,0,71,Consumer Cyclical,Auto Parts
TCMFF,Telecom Argentina S.A.,0.0,-71.28,0,0,19,Communication Services,Telecom Services
TPC,Tutor Perini Corporation,-1.94,-2.31,7,9,75,Consumer Discretionary,General Bldg Contractors - Nonresidential Bldgs
PAFRY,Pan African Resources PLC,0.0,-16.66,3,5,67,Basic Materials,Gold
IRTC,"iRhythm Holdings, Inc.",-2.28,-9.11,0,0,10,Health Care,Medical/Dental Instruments
UTG,Reaves Utility Income Fund,-1.12,-3.73,49,36,33,Finance,Investment Managers
MNGPF,Man Group Plc,0.0,0.0,19,20,81,Financial Services,Asset Management
TWODF,Taylor Wimpey plc,1.59,3.63,25,23,25,Consumer Cyclical,Residential Construction
ACAD,Acadia Pharmaceuticals Inc.,-0.36,-29.42,0,2,13,Health Care,Biotechnology: Pharmaceutical Preparations
DORM,"Dorman Products, Inc.",-0.98,-3.92,14,7,33,Consumer Discretionary,Auto Parts:O.E.M.
VCYT,"Veracyte, Inc.",1.02,3.74,43,34,52,Health Care,Medical Specialities
SKE,Skeena Resources Limited,3.09,0.54,41,45,84,Basic Materials,Precious Metals
CLBT,Cellebrite DI Ltd.,1.02,0.13,43,34,8,Technology,Computer Software: Prepackaged Software
AHEXY,Adecco Group AG,-2.04,-5.62,0,0,76,Industrials,Staffing & Employment Services
SLTCY,Siltronic AG,0.0,7.9,80,70,84,Technology,Semiconductors
TDW,Tidewater Inc.,1.56,-7.92,25,24,85,Consumer Discretionary,Marine Transportation
JOE,The St. Joe Company,0.54,2.11,29,25,68,Real Estate,Homebuilding
JUMSY,Jumbo S.A.,-13.36,-16.25,0,0,36,Consumer Cyclical,Specialty Retail
YETI,"YETI Holdings, Inc.",0.33,0.33,7,13,34,Consumer Discretionary,Recreational Games/Products/Toys
KFY,Korn Ferry,3.4,-5.99,30,27,61,Consumer Discretionary,Diversified Commercial Services
FCXXF,First Capital Real Estate Investment Trust,0.0,-1.87,17,19,62,Real Estate,REIT - Retail
BMI,"Badger Meter, Inc.",2.89,2.12,40,37,16,Industrials,Industrial Machinery/Components
TKKHF,Tikehau Capital,0.0,0.0,19,20,54,Financial Services,Asset Management
KC,Kingsoft Cloud Holdings Limited,-5.31,-11.72,0,0,8,Technology,Computer Software: Prepackaged Software
BHF,"Brighthouse Financial, Inc.",-1.35,-3.64,0,0,15,Finance,Life Insurance
BHFAO,"Brighthouse Financial, Inc.",0.88,-2.7,14,21,29,Finance,Life Insurance
DAVE,Dave Inc.,2.49,-1.38,49,39,90,Finance,Finance: Consumer Services
CNS,"Cohen & Steers, Inc.",0.3,-7.76,9,13,53,Finance,Investment Managers
GBNXF,Gibson Energy Inc.,0.5,3.03,84,55,79,Energy,Oil & Gas Midstream
OSIS,"OSI Systems, Inc.",-0.36,-3.92,1,8,13,Technology,Semiconductors
TPZEF,Topaz Energy Corp.,2.16,-9.39,15,15,46,Energy,Oil & Gas Midstream
TSYHF,TravelSky Technology Limited,0.0,0.0,16,16,28,Technology,Information Technology Services
SPTJF,Sinopec Shanghai Petrochemical Company Limited,11.04,-6.31,52,46,29,Energy,Oil & Gas Refining & Marketing
CALM,"Cal-Maine Foods, Inc.",3.4,-12.05,17,17,12,Consumer Staples,Farming/Seeds/Milling
FOUR,"Shift4 Payments, Inc.",1.36,-8.16,34,31,8,Consumer Discretionary,Business Services
VECO,Veeco Instruments Inc.,-3.89,17.2,61,59,85,Technology,Industrial Machinery/Components
HGTY,"Hagerty, Inc.",1.94,5.26,80,48,76,Finance,Specialty Insurers
NHPEF,New Hope Corporation Limited,0.0,-8.89,21,18,85,Energy,Thermal Coal
ABG,"Asbury Automotive Group, Inc.",0.71,-19.08,4,6,11,Consumer Discretionary,Retail-Auto Dealers and Gas Stations
QNTQY,QinetiQ Group plc,-1.99,-6.9,0,0,31,Industrials,Aerospace & Defense
AB,AllianceBernstein Holding L.P.,0.57,-2.97,21,20,41,Finance,Investment Managers
ARCAY,Arcadis NV,0.0,-10.38,4,8,81,Industrials,Engineering & Construction
SIG,Signet Jewelers Limited,2.43,8.37,100,65,78,Consumer Discretionary,Consumer Specialties
NEA,Nuveen AMT-Free Quality Municipal Income Fund,1.01,-6.91,17,18,26,Finance,Finance/Investors Services
TSYHY,TravelSky Technology Limited,-0.75,1.56,30,21,39,Technology,Information Technology Services
AYAAF,"Ayala Land, Inc.",0.0,0.0,19,20,19,Real Estate,Real Estate - Development
INOD,Innodata Inc.,-3.5,15.23,38,33,53,Technology,EDP Services
MCHB,Mechanics Bancorp,-0.68,-5.96,0,5,52,Finance,Major Banks
BULL,Webull Corporation,1.02,-36.02,2,4,13,Finance,Investment Bankers/Brokers/Service
JOYY,JOYY Inc.,-0.59,10.16,87,66,87,Technology,EDP Services
OLGPF,Olam Group Limited,0.0,-8.93,3,7,47,Consumer Defensive,Food Distribution
COLM,Columbia Sportswear Company,0.41,0.6,15,19,44,Consumer Discretionary,Apparel
SII,Sprott Inc.,-0.11,-8.83,2,6,62,Finance,Finance: Consumer Services
MHO,"M/I Homes, Inc.",0.66,-6.42,8,11,37,Consumer Discretionary,Homebuilding
NPEGF,"Nippon Electric Glass Co., Ltd.",0.0,0.0,19,20,16,Technology,Electronic Components
CBU,"Community Financial System, Inc.",-0.2,-5.01,2,8,37,Finance,Major Banks
DNLI,Denali Therapeutics Inc.,-2.56,-12.76,0,0,37,Health Care,Biotechnology: Biological Products (No Diagnostic Substances)
MSGE,Madison Square Garden Entertainment Corp.,-0.41,7.8,72,41,90,Consumer Discretionary,Services-Misc. Amusement & Recreation
CC,The Chemours Company,-1.07,-8.23,11,12,18,Industrials,Major Chemicals
PTRN,Pattern Group Inc.,3.61,-7.6,40,33,59,Consumer Discretionary,Catalog/Specialty Distribution
KYIV,Kyivstar Group Ltd.,-2.48,-12.04,0,0,33,Telecommunications,Telecommunications Equipment
NATL,NCR Atleos Corporation,0.33,-1.36,16,18,62,Miscellaneous,Office Equipment/Supplies/Services
AGO,Assured Guaranty Ltd.,2.29,-3.22,35,29,19,Finance,Property-Casualty Insurers
FHB,"First Hawaiian, Inc.",1.3,-2.77,22,21,32,Finance,Major Banks
OPCH,"Option Care Health, Inc.",0.13,31.4,100,100,80,Health Care,Medical/Nursing Services
USLM,"United States Lime & Minerals, Inc.",-1.11,-5.9,0,2,34,Industrials,Mining & Quarrying of Nonmetallic Minerals (No Fuels)
OUTKY,Outokumpu Oyj,-5.17,-16.67,0,0,48,Basic Materials,Steel
AMFPF,Amplifon S.p.A.,0.0,0.0,19,20,25,Healthcare,Medical Distribution
HWKN,"Hawkins, Inc.",-3.47,4.21,52,50,23,Consumer Discretionary,Specialty Chemicals
YAMCY,Yamaha Corporation,-1.43,-7.33,20,17,57,Consumer Cyclical,Leisure
TBCCF,TBC Bank Group PLC,0.0,-0.35,13,17,79,Financial Services,Banks - Regional
TGSGY,TGS ASA,-6.01,-11.04,0,0,86,Energy,Oil & Gas Equipment & Services
ARLP,"Alliance Resource Partners, L.P.",0.2,-8.26,6,11,56,Energy,Coal Mining
RCUS,"Arcus Biosciences, Inc.",-2.81,-8.87,0,0,62,Health Care,Biotechnology: Pharmaceutical Preparations
SMUPF,Sims Limited,-13.98,-13.04,0,0,88,Basic Materials,Steel
SHOO,"Steven Madden, Ltd.",-0.9,6.89,57,40,71,Consumer Discretionary,Shoe Manufacturing
NICMF,Nickel Industries Limited,0.0,-9.37,3,7,24,Basic Materials,Other Industrial Metals & Mining
GARPF,Golden Agri-Resources Ltd,0.0,0.0,19,20,78,Consumer Defensive,Farm Products
SKLTY,SEEK Limited,0.77,-3.63,54,43,10,Communication Services,Internet Content & Information
AMBA,"Ambarella, Inc.",-3.73,-7.34,0,0,26,Technology,Semiconductors
DNN,Denison Mines Corp.,-7.81,-26.93,0,0,9,Basic Materials,Other Metals and Minerals
TOEAF,"Toei Animation Co.,Ltd.",0.0,6.61,81,80,2,Communication Services,Entertainment
TMRAF,Tomra Systems ASA,0.0,-6.17,6,11,16,Industrials,Waste Management
ATRO,Astronics Corporation,-0.28,-12.3,1,5,78,Industrials,Military/Government/Technical
XISHY,Xinyi Solar Holdings Limited,0.21,-13.61,5,8,7,Technology,Solar
SOCNF,Socionext Inc.,0.0,-244.75,99,99,1,Industrials,Electrical Equipment & Parts
CTRI,"Centuri Holdings, Inc.",0.24,2.77,84,74,15,Utilities,Oil & Gas Production
TMRAY,Tomra Systems ASA,-4.51,-9.16,0,0,14,Industrials,Waste Management
ADX,"Adams Diversified Equity Fund, Inc.",-0.92,1.14,0,15,68,Finance,Investment Managers
KPLUY,K+S Aktiengesellschaft,0.0,-15.81,6,9,68,Basic Materials,Agricultural Inputs
WIX,Wix.com Ltd.,1.59,-1.84,26,20,59,Technology,Computer Software: Programming Data Processing
WBRBY,Wienerberger AG,1.81,-19.71,7,9,4,Basic Materials,Building Materials
MAURY,"Marui Group Co., Ltd.",2.11,-1.79,36,31,38,Financial Services,Credit Services
MZTI,The Marzetti Company,1.75,0.71,43,35,11,Consumer Staples,Packaged Foods
KBH,KB Home,0.89,-7.08,8,11,13,Consumer Discretionary,Homebuilding
FSM,Fortuna Mining Corp.,4.84,-11.95,25,24,74,Basic Materials,Precious Metals
UNLRF,PT Unilever Indonesia Tbk,0.0,-24.53,2,4,46,Consumer Defensive,Household & Personal Products
LXP,LXP Industrial Trust,0.08,0.31,22,22,81,Real Estate,Real Estate Investment Trusts
ATROB,Astronics Corporation,-0.39,-13.62,0,5,73,Industrials,Aerospace & Defense
ITGR,Integer Holdings Corporation,0.05,0.48,25,23,90,Health Care,Biotechnology: Electromedical & Electrotherapeutic Apparatus
BHE,"Benchmark Electronics, Inc.",-2.49,9.93,53,46,92,Technology,Electrical Products
GEO,"The GEO Group, Inc.",1.44,-1.34,41,37,92,Consumer Discretionary,Homebuilding
HYMC,Hycroft Mining Holding Corporation,1.39,-14.87,7,10,68,Basic Materials,Precious Metals
RTOXF,Rotork plc,-0.5,-10.15,4,8,90,Industrials,Specialty Industrial Machinery
AYA,Aya Gold & Silver Inc.,0.69,-7.39,7,12,95,Basic Materials,Precious Metals
MITFF,Mitie Group plc,0.56,-4.42,14,16,87,Industrials,Specialty Business Services
BBAGF,BB Biotech AG,0.0,0.0,19,20,49,Healthcare,Biotechnology
PATK,"Patrick Industries, Inc.",0.23,-13.08,4,8,6,Consumer Discretionary,Auto Parts:O.E.M.
NTCT,"NetScout Systems, Inc.",-1.92,4.97,39,8,77,Technology,EDP Services
NIPOF,Japan Hotel REIT Investment Corporation,0.0,0.0,19,20,17,Real Estate,REIT - Hotel & Motel
QTWO,"Q2 Holdings, Inc.",1.84,-2.72,40,30,57,Technology,Computer Software: Prepackaged Software
CPK,Chesapeake Utilities Corporation,0.26,-0.54,29,26,46,Utilities,Oil & Gas Production
CSMYF,COSMOS Pharmaceutical Corporation,0.0,9.15,85,85,1,Healthcare,Pharmaceutical Retailers
SBCF,Seacoast Banking Corporation of Florida,0.0,-5.35,4,9,44,Finance,Major Banks
TATYF,Tate & Lyle plc,0.0,-1.61,11,16,88,Consumer Defensive,Packaged Foods
HG,"Hamilton Insurance Group, Ltd.",2.27,0.57,61,42,81,Finance,Property-Casualty Insurers
DBRG,"DigitalBridge Group, Inc.",-0.19,0.57,30,26,47,Real Estate,Real Estate Investment Trusts
OUST,"Ouster, Inc.",-5.14,12.21,54,50,87,Industrials,Industrial Machinery/Components
PHPPY,Signify N.V.,0.0,-0.82,15,18,14,Industrials,Electrical Equipment & Parts
CWK,Cushman & Wakefield Limited,3.59,-6.7,27,25,17,Finance,Real Estate
AEHR,"Aehr Test Systems, Inc.",-2.42,-7.04,15,3,97,Industrials,Electrical Products
EXALF,Exail Technologies,0.0,-1.85,13,17,67,Industrials,Aerospace & Defense
PFS,"Provident Financial Services, Inc.",1.14,-4.72,17,18,56,Finance,Savings Institutions
SSSAF,Shurgard Self Storage Ltd,0.0,-3.76,21,21,12,Real Estate,REIT - Specialty
BSM,"Black Stone Minerals, L.P.",0.89,-1.21,26,19,70,Energy,Oil & Gas Production
HIW,"Highwoods Properties, Inc.",-0.68,-4.14,7,5,64,Real Estate,Real Estate Investment Trusts
AMPX,"Amprius Technologies, Inc.",0.64,-1.68,14,24,14,Miscellaneous,Industrial Machinery/Components
DREUF,Dream Industrial Real Estate Investment Trust,1.7,-4.18,22,21,37,Real Estate,REIT - Industrial
CFNCF,Compagnie Financière Tradition SA,0.0,0.0,19,20,84,Financial Services,Capital Markets
FPAFF,First Pacific Company Limited,0.0,-9.09,3,7,21,Consumer Defensive,Packaged Foods
HOEGF,Höegh Autoliners ASA,-0.54,0.0,0,6,93,Industrials,Marine Shipping
PLMR,"Palomar Holdings, Inc.",3.64,-1.11,34,28,50,Finance,Property-Casualty Insurers
EXPO,"Exponent, Inc.",1.2,3.64,84,62,60,Consumer Discretionary,Professional Services
PLXNF,Pluxee N.V.,0.0,0.0,19,20,54,Industrials,Specialty Business Services
DX,"Dynex Capital, Inc.",1.23,-13.6,9,11,23,Real Estate,Real Estate Investment Trusts
WHR,Whirlpool Corporation,-0.1,-18.75,1,4,2,Consumer Discretionary,Consumer Electronics/Appliances
DBD,"Diebold Nixdorf, Incorporated",-3.11,-3.45,35,25,19,Miscellaneous,Office Equipment/Supplies/Services
KNKZF,KWS SAAT SE & Co. KGaA,0.0,0.0,19,20,51,Basic Materials,Agricultural Inputs
WOR,"Worthington Enterprises, Inc.",1.27,6.65,82,72,72,Industrials,Steel/Iron Ore
SVM,Silvercorp Metals Inc.,2.69,-14.93,13,15,72,Basic Materials,Precious Metals
HMDPF,Hammond Power Solutions Inc.,-1.26,13.39,73,72,91,Industrials,Electrical Equipment & Parts
NAD,Nuveen Quality Municipal Income Fund,1.51,-7.26,16,17,24,Finance,Investment Managers
FPAFY,First Pacific Company Limited,-0.98,-7.08,0,3,24,Consumer Defensive,Packaged Foods
PTON,"Peloton Interactive, Inc.",1.44,0.0,33,32,16,Consumer Discretionary,Recreational Games/Products/Toys
EEFT,"Euronet Worldwide, Inc.",1.82,-10.0,13,14,17,Finance,Investment Bankers/Brokers/Service
ALMS,Alumis Inc.,2.95,-29.6,9,10,2,Health Care,Biotechnology: Pharmaceutical Preparations
HLIO,"Helios Technologies, Inc.",-1.86,-0.16,0,0,54,Industrials,Metal Fabrications
FA,First Advantage Corporation,1.96,-8.28,18,15,80,Technology,EDP Services
GARPY,Golden Agri-Resources Ltd,-9.06,-1.08,0,0,62,Consumer Defensive,Farm Products
CSPKF,COSCO SHIPPING Ports Limited,0.0,0.0,19,20,86,Industrials,Marine Shipping
UNIT,Uniti Group Inc.,-5.61,-25.03,0,0,20,Real Estate,Real Estate Investment Trusts
INTR,"Inter & Co, Inc.",0.84,25.26,100,100,47,Finance,Commercial Banks
PRVA,"Privia Health Group, Inc.",-0.54,-0.88,46,33,14,Health Care,Medical/Nursing Services
CWT,California Water Service Group,0.44,-6.67,9,13,43,Utilities,Water Supply
CARG,"CarGurus, Inc.",1.63,-12.19,10,11,17,Technology,EDP Services
WDFC,WD-40 Company,1.19,2.44,85,78,29,Industrials,Major Chemicals
ARQT,"Arcutis Biotherapeutics, Inc.",1.32,4.75,18,22,37,Health Care,Biotechnology: Pharmaceutical Preparations
ALFRY,Alfresa Holdings Corporation,0.0,0.0,19,20,27,Healthcare,Medical Distribution
VIVHY,Vivendi SE,1.29,-4.27,13,15,5,Communication Services,Electronic Gaming & Multimedia
HSQVY,Husqvarna AB (publ),-1.15,-10.27,0,1,13,Industrials,Tools & Accessories
CZMWF,Carl Zeiss Meditec AG,0.0,-12.41,30,26,30,Healthcare,Medical Instruments & Supplies
ASH,Ashland Inc.,0.03,-0.01,52,39,82,Consumer Discretionary,Specialty Chemicals
FBGGF,Fabege AB (publ),0.0,0.0,19,20,84,Real Estate,Real Estate Services
DFTX,"Definium Therapeutics, Inc.",-2.59,-9.41,0,0,95,Health Care,Medicinal Chemicals and Botanical Products
DHT,"DHT Holdings, Inc.",5.15,16.33,100,100,96,Consumer Discretionary,Marine Transportation
DKL,"Delek Logistics Partners, LP",1.13,-0.7,57,44,79,Energy,Natural Gas Distribution
AFBOF,African Rainbow Minerals Limited,0.0,203.71,100,100,98,Basic Materials,Other Industrial Metals & Mining
IPEU,IPE Universal Inc.,0.0,0.0,19,20,86,Technology,Software - Application
MLYS,"Mineralys Therapeutics, Inc.",1.31,-23.62,7,9,9,Health Care,Biotechnology: Pharmaceutical Preparations
TRMK,Trustmark Corporation,0.41,-6.11,8,12,55,Finance,Major Banks
KPLIF,Keppel Infrastructure Trust,0.0,0.0,19,20,79,Basic Materials,Specialty Chemicals
DJT,Trump Media & Technology Group Corp.,-0.24,-6.61,1,7,12,Technology,Computer Software: Programming Data Processing
SMSGY,Samsonite Group S.A.,-3.9,-0.25,56,45,14,Consumer Cyclical,Footwear & Accessories
MXCHF,"Orbia Advance Corporation, S.A.B. de C.V.",0.0,-11.2,4,7,53,Industrials,Conglomerates
HXPLF,HEXPOL AB (publ),0.0,0.0,19,20,80,Basic Materials,Specialty Chemicals
AUKUF,ams-OSRAM AG,0.0,29.17,91,94,97,Technology,Semiconductors
HOG,"Harley-Davidson, Inc.",-0.74,-0.1,58,47,71,Consumer Discretionary,Motor Vehicles
AMSSY,ams-OSRAM AG,-6.75,22.63,70,70,96,Technology,Semiconductors
SPXX,Nuveen S&P 500 Dynamic Overwrite Fund,0.11,1.4,20,21,64,Finance,Trusts Except Educational Religious and Charitable
HNLGY,Hang Lung Group Limited,-2.52,-3.98,0,0,24,Real Estate,Real Estate Services
SHCAY,Sharp Corporation,-2.08,-8.74,0,0,24,Technology,Consumer Electronics
AMR,"Alpha Metallurgical Resources, Inc.",2.39,-19.96,14,12,53,Energy,Coal Mining
ROG,Rogers Corporation,-3.79,11.64,59,60,89,Industrials,Major Chemicals
WTTR,"Select Water Solutions, Inc.",1.4,-3.73,18,18,91,Energy,Oilfield Services/Equipment
PTY,PIMCO Corporate & Income Opportunity Fund,1.67,-4.71,24,24,28,Finance,Investment Managers
BGAOY,Proximus PLC,0.0,-6.52,4,8,23,Communication Services,Telecom Services
RLX,RLX Technology Inc.,-0.58,-3.37,31,26,14,Health Care,Medicinal Chemicals and Botanical Products
RUSMF,Russel Metals Inc.,-3.96,12.68,55,51,96,Industrials,Industrial Distribution
OCDDY,Ocado Group plc,0.8,39.79,100,100,90,Consumer Defensive,Grocery Stores
ILKAF,Iluka Resources Limited,-5.71,-20.0,0,0,14,Basic Materials,Other Industrial Metals & Mining
JBFCF,Jollibee Foods Corporation,-3.36,-9.45,36,26,12,Consumer Cyclical,Restaurants
CDLR,Cadeler A/S,-1.19,-15.61,0,1,40,Consumer Discretionary,Marine Transportation
UA,"Under Armour, Inc.",0.85,-2.07,59,49,15,Consumer Discretionary,Apparel
CLDX,"Celldex Therapeutics, Inc.",-3.71,-23.1,0,0,28,Health Care,Biotechnology: In Vitro & In Vivo Diagnostic Substances
ALGT,Allegiant Travel Company,0.18,0.46,21,23,21,Consumer Discretionary,Air Freight/Delivery Services
SOTDY,Ströer SE & Co. KGaA,0.0,0.0,19,20,59,Communication Services,Advertising Agencies
GRDN,"Guardian Pharmacy Services, Inc.",2.26,-5.09,13,14,82,Consumer Staples,Retail-Drug Stores and Proprietary Stores
ULIHF,The United Laboratories International Holdings Limited,0.0,-13.1,4,7,12,Healthcare,Drug Manufacturers - Specialty & Generic
HYSNY,Hysan Development Company Limited,-0.02,4.23,73,63,47,Real Estate,Real Estate Services
AGYS,"Agilysys, Inc.",0.66,-2.73,37,30,59,Technology,EDP Services
KRKKF,KRUK Spólka Akcyjna,0.0,0.0,19,20,90,Financial Services,Credit Services
FBNC,First Bancorp,1.37,-7.3,15,16,56,Finance,Major Banks
ADPT,Adaptive Biotechnologies Corporation,-0.72,7.68,29,17,94,Health Care,Biotechnology: Biological Products (No Diagnostic Substances)
TRRVF,TerraVest Industries Inc.,0.0,-13.0,4,8,17,Energy,Oil & Gas Equipment & Services
OSW,OneSpaWorld Holdings Limited,0.86,7.21,85,95,44,Consumer Discretionary,Hotels/Resorts
XIFR,"XPLR Infrastructure, LP",-0.19,-9.93,12,14,31,Utilities,Electric Utilities: Central
ANDE,"The Andersons, Inc.",0.89,-7.16,11,14,70,Industrials,Farming/Seeds/Milling
CMPR,Cimpress plc,0.94,-11.65,9,11,35,Consumer Discretionary,Publishing
KGTHY,Krungthai Card Public Company Limited,0.0,-3.48,19,20,78,Financial Services,Credit Services
BKE,"The Buckle, Inc.",-0.73,7.5,85,82,27,Consumer Discretionary,Clothing/Shoe/Accessory Stores
RARE,Ultragenyx Pharmaceutical Inc.,2.69,6.18,86,83,2,Health Care,Biotechnology: Pharmaceutical Preparations
GGGSY,Greggs plc,0.0,10.24,100,100,84,Consumer Cyclical,Restaurants
TSRYF,Treasury Wine Estates Limited,0.0,0.0,19,20,74,Consumer Defensive,Beverages - Wineries & Distilleries
MPJPY,Metaplanet Inc.,-10.67,-3.64,4,0,11,,
LU,Lufax Holding Ltd,-3.47,-21.74,0,0,2,Finance,Finance: Consumer Services
MTPLF,Metaplanet Inc.,-8.05,-0.56,5,0,11,Consumer Cyclical,Restaurants
WOSGF,Watches of Switzerland Group PLC,0.0,2.74,42,44,85,Consumer Cyclical,Luxury Goods
BUSE,First Busey Corporation,0.86,-3.82,15,17,72,Finance,Major Banks
CROMF,Crombie Real Estate Investment Trust,0.0,-2.8,10,15,40,Real Estate,REIT - Diversified
BVNRY,Bavarian Nordic A/S,3.52,9.37,100,100,71,Healthcare,Biotechnology
AVVOF,Avio S.p.A.,-1.9,-3.33,0,0,15,Industrials,Aerospace & Defense
TBBK,"The Bancorp, Inc.",2.49,-1.93,33,29,9,Finance,Major Banks
OCDGF,Ocado Group plc,0.0,24.13,100,100,87,Consumer Defensive,Grocery Stores
SHHFF,The Schiehallion Fund Limited,-1.82,-1.82,0,0,42,,
DAC,Danaos Corporation,3.49,8.5,100,100,94,Consumer Discretionary,Marine Transportation
NZTCF,Spark New Zealand Limited,0.0,-13.18,26,22,42,Communication Services,Telecom Services
BCRX,"BioCryst Pharmaceuticals, Inc.",-1.31,0.0,41,37,32,Health Care,Biotechnology: Biological Products (No Diagnostic Substances)
ASRHF,Astroscale Holdings Inc.,-6.37,-11.22,22,13,58,,
PBH,Prestige Consumer Healthcare Inc.,0.63,1.12,79,54,21,Health Care,Biotechnology: Pharmaceutical Preparations
DXPE,"DXP Enterprises, Inc.",-0.71,-2.49,0,6,87,Industrials,Industrial Machinery/Components
GEBHY,Genting Berhad,3.52,-9.62,20,20,10,Consumer Cyclical,Resorts & Casinos
PCTTU,"PureCycle Technologies, Inc.",1.39,-60.27,1,2,1,Industrials,Major Chemicals
ALRM,"Alarm.com Holdings, Inc.",1.06,0.16,53,36,67,Technology,Computer Software: Prepackaged Software
CDNL,Cardinal Infrastructure Group Inc.,-3.87,-26.53,0,0,7,Industrials,Military/Government/Technical
GRND,Grindr Inc.,4.18,-2.86,51,48,61,Technology,Computer Software: Programming Data Processing
RVT,"Royce Small-Cap Trust, Inc.",-0.65,-4.38,0,6,49,Finance,Trusts Except Educational Religious and Charitable
DRSHF,DroneShield Limited,-4.7,-7.85,0,0,2,Industrials,Aerospace & Defense
BANR,Banner Corporation,1.01,-5.58,12,14,55,Finance,Major Banks
MTTRY,Ceconomy AG,0.0,10.14,24,15,20,Consumer Cyclical,Specialty Retail
PFSTY,PFISTERER Holding SE,0.0,0.0,19,20,46,Technology,Electronic Components
CENT,Central Garden & Pet Company,1.0,2.24,47,34,68,Consumer Discretionary,Consumer Specialties
PBI,Pitney Bowes Inc.,3.03,0.06,41,34,88,Miscellaneous,Office Equipment/Supplies/Services
CLM,"Cornerstone Strategic Investment Fund, Inc.",-0.46,0.2,53,29,28,Finance,Finance/Investors Services
SRRLF,Sirius Real Estate Limited,0.0,-7.2,22,21,23,Real Estate,Real Estate Services
MBINL,Merchants Bancorp,-0.17,-3.95,17,19,50,Finance,Major Banks
LMAT,"LeMaitre Vascular, Inc.",0.42,1.07,21,24,17,Health Care,Medical/Dental Instruments
PSNY,Polestar Automotive Holding UK PLC,-4.84,-31.22,0,0,1,Industrials,Auto Manufacturing
OSHDF,Oshidori International Holdings Limited,0.0,0.0,19,20,99,Financial Services,Capital Markets
GCMG,GCM Grosvenor Inc.,0.62,1.49,38,28,68,Finance,Investment Managers
JPFAF,PT Japfa Comfeed Indonesia Tbk,0.0,0.0,19,20,1,Consumer Defensive,Farm Products
BSTZ,BlackRock Science and Technology Term Trust,-2.83,2.63,51,23,86,Finance,Trusts Except Educational Religious and Charitable
CDDRF,Headwater Exploration Inc.,1.04,-1.23,30,23,89,Energy,Oil & Gas E&P
MCRI,"Monarch Casino & Resort, Inc.",-2.37,-3.54,0,0,65,Consumer Discretionary,Hotels/Resorts
CPRI,Capri Holdings Limited,1.66,13.98,40,31,9,Consumer Discretionary,Apparel
DSITF,Currys plc,0.0,-6.9,7,11,48,Consumer Cyclical,Specialty Retail
BRSL,Brightstar Lottery PLC,-0.5,-6.29,14,12,14,Consumer Discretionary,Services-Misc. Amusement & Recreation
VAIAF,Vaisala Oyj,0.0,0.0,19,20,78,Technology,Scientific & Technical Instruments
CMPNF,Champion Real Estate Investment Trust,0.0,-20.59,2,4,31,Real Estate,REIT - Retail
AXGN,"Axogen, Inc.",0.39,-13.55,3,5,81,Health Care,Biotechnology: Electromedical & Electrotherapeutic Apparatus
CLOV,"Clover Health Investments, Corp.",0.44,-2.76,32,28,94,Health Care,Medical Specialities
PHVS,Pharvaris N.V.,-1.77,-17.04,7,9,67,Health Care,Biotechnology: Pharmaceutical Preparations
CXW,"CoreCivic, Inc.",2.8,-4.94,26,23,91,Real Estate,Real Estate Investment Trusts
ESTA,Establishment Labs Holdings Inc.,-5.07,-15.1,0,0,34,Health Care,Industrial Specialties
GENSY,Genus plc,0.0,0.0,19,20,37,Healthcare,Biotechnology
NWBI,"Northwest Bancshares, Inc.",0.88,-4.13,15,16,71,Finance,Major Banks
EBLMY,Etablissements Maurel & Prom S.A.,0.0,0.0,19,20,81,Energy,Oil & Gas E&P
MGNI,"Magnite, Inc.",0.83,8.07,74,57,93,Technology,Computer Software: Programming Data Processing
NWN,Northwest Natural Holding Company,0.04,-2.57,23,23,45,Utilities,Oil/Gas Transmission
JBLU,JetBlue Airways Corporation,-1.26,-10.71,0,0,10,Consumer Discretionary,Air Freight/Delivery Services
DBMBF,FIBRA Macquarie México,0.0,-2.07,12,16,67,Real Estate,REIT - Industrial
SHO,"Sunstone Hotel Investors, Inc.",1.34,4.29,76,58,75,Consumer Discretionary,Hotels/Resorts
DHC,Diversified Healthcare Trust,0.4,0.13,8,12,77,Real Estate,Real Estate Investment Trusts
ZLAB,Zai Lab Limited,-1.98,2.65,15,20,71,Health Care,Biotechnology: Pharmaceutical Preparations
ZIZTF,Zip Co Limited,0.0,-18.71,12,13,6,Financial Services,Credit Services
NBTX,Nanobiotix S.A.,-6.99,-39.1,0,0,15,Health Care,Biotechnology: Pharmaceutical Preparations
NEXA,Nexa Resources S.A.,-0.71,-4.79,36,30,87,Basic Materials,Metal Mining
FRHLF,Freehold Royalties Ltd.,2.07,-6.63,18,18,66,Energy,Oil & Gas E&P
TINLY,Teijin Limited,0.0,0.0,19,20,72,Industrials,Conglomerates
PKCOY,"PARK24 Co., Ltd.",0.0,-14.73,3,6,18,Industrials,Infrastructure Operations
MESO,Mesoblast Limited,-1.36,-11.29,10,13,18,Health Care,Biotechnology: Biological Products (No Diagnostic Substances)
GRC,The Gorman-Rupp Company,-1.58,-0.26,3,0,79,Industrials,Fluid Controls
STC,Stewart Information Services Corporation,2.94,-21.41,10,11,12,Finance,Specialty Insurers
AUPH,Aurinia Pharmaceuticals Inc.,1.31,0.68,34,30,65,Health Care,Biotechnology: Pharmaceutical Preparations
GTY,Getty Realty Corp.,1.27,-12.61,10,12,32,Finance,Real Estate
YLLXF,Yellow Cake plc,-0.41,-6.11,11,13,36,Energy,Uranium
SNWGF,Snowline Gold Corp.,0.01,-12.46,2,6,62,Basic Materials,Gold
SXGCF,Southern Cross Gold Consolidated Ltd.,-0.94,-16.87,0,1,73,Basic Materials,Gold
CELJF,Cellcom Israel Ltd.,0.0,-4.86,9,12,71,Communication Services,Telecom Services
VRDN,"Viridian Therapeutics, Inc.",0.33,-17.72,5,7,27,Health Care,Medical Specialities
DEUZF,DEUTZ Aktiengesellschaft,-7.98,-15.97,0,0,69,Industrials,Specialty Industrial Machinery
FCF,First Commonwealth Financial Corporation,1.01,-5.6,13,15,65,Finance,Major Banks
GRGCF,Georgia Capital PLC,0.0,5.81,81,88,88,Financial Services,Financial Conglomerates
EZPW,"EZCORP, Inc.",2.4,-4.0,37,28,80,Consumer Discretionary,Other Specialty Stores
LTC,"LTC Properties, Inc.",0.57,-0.62,16,17,74,Real Estate,Real Estate Investment Trusts
TGLS,Tecnoglass Holdings Inc.,0.85,-0.8,77,61,13,Consumer Discretionary,Electronic Components
RXRX,"Recursion Pharmaceuticals, Inc.",-7.49,25.0,46,44,45,Health Care,Biotechnology: Biological Products (No Diagnostic Substances)
NWARF,Norwegian Air Shuttle ASA,-1.67,-13.87,0,0,13,Industrials,Airlines
FFXDF,Fairfax India Holdings Corporation,-2.71,-4.06,14,9,38,Financial Services,Asset Management
SRPT,"Sarepta Therapeutics, Inc.",4.06,-11.26,25,23,21,Health Care,Biotechnology: Pharmaceutical Preparations
HVBVF,Havas N.V.,0.0,-0.05,18,20,46,,
CMGMF,Chemring Group PLC,0.0,-2.78,10,15,47,Industrials,Aerospace & Defense
POET,POET Technologies Inc.,-5.12,-7.37,0,0,33,Technology,Semiconductors
COTY,Coty Inc.,-0.36,6.08,100,77,63,Consumer Discretionary,Package Goods/Cosmetics
NBHC,National Bank Holdings Corporation,1.27,-8.15,12,14,33,Finance,Major Banks
PAX,Patria Investments Limited,1.35,4.74,100,100,27,Finance,Investment Managers
ASPHF,Ascentage Pharma Group International,0.0,-14.13,3,6,4,Healthcare,Biotechnology
WB,Weibo Corporation,-0.62,-2.57,18,18,9,Technology,Computer Software: Programming Data Processing
AAPG,AAPG,-2.61,-12.72,0,4,3,Health Care,Biotechnology: Pharmaceutical Preparations
MNHFF,Mayr-Melnhof Karton AG,0.0,0.0,19,20,68,Consumer Cyclical,Packaging & Containers
ZYME,Zymeworks Inc.,-4.79,-4.44,0,5,63,Health Care,Biotechnology: Pharmaceutical Preparations
HMN,Horace Mann Educators Corporation,1.82,-6.65,17,18,43,Finance,Property-Casualty Insurers
PLGO,PLGO,2.69,-2.28,47,36,75,Finance,Property-Casualty Insurers
GEL,"Genesis Energy, L.P.",0.14,-9.58,24,22,35,Energy,Oil Refining/Marketing
INVX,"Innovex International, Inc.",2.45,-7.11,20,19,76,Consumer Discretionary,Oil and Gas Field Machinery
ALG,Alamo Group Inc.,-0.97,-7.11,0,2,26,Industrials,Industrial Machinery/Components
IOVA,"Iovance Biotherapeutics, Inc.",3.02,63.51,73,72,98,Health Care,Biotechnology: Biological Products (No Diagnostic Substances)
ERMAY,ERAMET S.A.,0.0,-6.57,31,27,17,Basic Materials,Other Industrial Metals & Mining
WLTH,Wealthfront Corporation,-0.09,0.09,80,60,46,Finance,Finance: Consumer Services
CIAFF,Champion Iron Limited,-3.35,-16.78,0,0,4,Basic Materials,Steel
GOF,Guggenheim Strategic Opportunities Fund,1.04,-2.73,38,26,14,Finance,Finance/Investors Services
ILPMF,Permanent TSB Group Holdings plc,0.0,5.65,58,20,67,Financial Services,Banks - Regional
WMK,"Weis Markets, Inc.",-1.0,1.9,14,18,49,Consumer Staples,Food Chains
ASTVF,Austevoll Seafood ASA,0.0,-8.0,5,9,41,Consumer Defensive,Farm Products
MAWHY,Man Wah Holdings Limited,-5.99,-12.16,0,3,6,Consumer Cyclical,"Furnishings, Fixtures & Appliances"
RMGGF,Resolute Mining Limited,0.0,-22.77,2,3,54,Basic Materials,Gold
QURE,uniQure N.V.,-2.59,-49.31,0,0,11,Health Care,Biotechnology: Pharmaceutical Preparations
ETG,Eaton Vance Tax-Advantaged Global Dividend Income Fund,-0.26,-0.22,6,16,58,Finance,Investment Managers
SRCE,1st Source Corporation,0.68,-1.94,18,18,80,Finance,Major Banks
AEVA,"Aeva Technologies, Inc.",-4.53,-8.55,0,0,13,Consumer Discretionary,Auto Parts:O.E.M.
RLLWF,Reliance Worldwide Corporation Limited,0.0,-5.9,4,8,76,Industrials,Building Products & Equipment
MD,"Pediatrix Medical Group, Inc.",1.59,-1.83,30,26,77,Health Care,Hospital/Nursing Management
BSMAF,Bursa Malaysia Berhad,0.0,0.0,19,20,94,Financial Services,Financial Data & Stock Exchanges
NCNO,"nCino, Inc.",3.09,-8.17,34,29,45,Technology,Computer Software: Prepackaged Software
CNXN,"PC Connection, Inc.",-1.19,10.05,63,64,90,Consumer Discretionary,Catalog/Specialty Distribution
GT,The Goodyear Tire & Rubber Company,1.28,-14.26,14,16,5,Consumer Discretionary,Automotive Aftermarket
SID,Companhia Siderúrgica Nacional,0.0,-10.87,77,66,37,Industrials,Steel/Iron Ore
GAB,The Gabelli Equity Trust Inc.,0.0,-4.37,8,14,37,Finance,Investment Managers
ENVX,Enovix Corporation,-1.96,-20.38,0,0,1,Miscellaneous,Industrial Machinery/Components
TH,Target Hospitality Corp.,0.38,-4.13,4,8,94,Consumer Discretionary,Hotels/Resorts
SNDX,"Syndax Pharmaceuticals, Inc.",-0.76,-10.2,0,4,12,Health Care,Biotechnology: Pharmaceutical Preparations
SLS,"SELLAS Life Sciences Group, Inc.",-0.44,-16.53,0,8,98,Health Care,Biotechnology: Pharmaceutical Preparations
PLSE,"Pulse Biosciences, Inc.",1.81,-8.18,22,20,98,Health Care,Medical/Dental Instruments
EPAC,Enerpac Tool Group Corp.,-0.48,-1.27,0,9,34,Technology,Industrial Machinery/Components
RNDOF,Round One Corporation,0.0,133.26,98,99,99,Consumer Cyclical,Leisure
MQY,"BlackRock MuniYield Quality Fund, Inc.",1.23,-5.37,17,18,25,Finance,Investment Bankers/Brokers/Service
THQQF,Embracer Group AB (publ),0.0,16.51,90,87,84,Communication Services,Electronic Gaming & Multimedia
BST,BlackRock Science and Technology Trust,-1.46,6.51,49,50,84,Finance,Finance Companies
AJMPF,Ashmore Group Plc,0.0,10.13,100,86,67,Financial Services,Asset Management
ECPG,"Encore Capital Group, Inc.",0.8,2.16,65,46,94,Finance,Finance Companies
VSTS,Vestis Corporation,0.43,7.36,65,44,95,Consumer Discretionary,Consumer Specialties
LAR,Lithium Argentina AG,-2.05,-17.94,0,0,13,Basic Materials,Metal Mining
VET,Vermilion Energy Inc.,2.86,-10.78,18,17,86,Energy,Oil & Gas Production
PVLA,"Palvella Therapeutics, Inc.",0.57,-12.67,13,15,78,Health Care,Biotechnology: Pharmaceutical Preparations
MDCOY,PT Medco Energi Internasional Tbk,0.0,0.0,19,20,56,Energy,Oil & Gas E&P
GENB,"Generate Biomedicines, Inc.",3.1,-9.1,12,13,61,Health Care,Biotechnology: Pharmaceutical Preparations
KRKNF,Kraken Robotics Inc.,-5.01,-5.68,71,65,6,Technology,Scientific & Technical Instruments
SNDA,"Sonida Senior Living, Inc.",-0.69,-9.6,0,4,60,Health Care,Hospital/Nursing Management
SJMHF,SJM Holdings Limited,0.0,0.0,19,20,12,Consumer Cyclical,Resorts & Casinos
PARXF,Parex Resources Inc.,4.64,-2.71,40,32,90,Energy,Oil & Gas E&P
ATAI,AtaiBeckley Inc.,0.0,1.38,70,66,50,Health Care,Biotechnology: Pharmaceutical Preparations
GLUE,"Monte Rosa Therapeutics, Inc.",1.47,-27.93,12,12,6,Health Care,Biotechnology: Biological Products (No Diagnostic Substances)
EOPSF,Electro Optic Systems Holdings Limited,-8.04,5.12,42,36,75,Industrials,Aerospace & Defense
ZD,"Ziff Davis, Inc.",1.84,1.12,24,22,86,Telecommunications,Telecommunications Equipment
BHVN,Biohaven Ltd.,0.42,-6.72,3,7,30,Health Care,Biotechnology: Pharmaceutical Preparations
SVNBY,"Seven Bank, Ltd.",0.0,0.0,19,20,79,Financial Services,Banks - Regional
DCOM,"Dime Commercial Bancshares, Inc.",-0.05,-4.84,4,9,71,Finance,Major Banks
TPB,"Turning Point Brands, Inc.",-0.58,-20.63,6,8,5,Consumer Discretionary,Tobacco
LILA,Liberty Latin America Ltd.,-1.57,0.8,53,38,93,Telecommunications,Cable & Other Pay Television Services
HLIT,Harmonic Inc.,-1.77,-4.9,26,21,41,Technology,Radio And Television Broadcasting And Communications Equipment
LSHGF,Louis Hachette Group S.A.,-8.11,-8.11,0,0,29,,
STBA,"S&T Bancorp, Inc.",0.74,-2.77,16,17,73,Finance,Major Banks
TGLVY,Top Glove Corporation Bhd.,0.0,36.74,100,100,91,Healthcare,Medical Instruments & Supplies
FLO,"Flowers Foods, Inc.",1.71,-0.75,47,41,6,Consumer Staples,Packaged Foods
GLP,Global Partners LP,1.85,-11.3,22,22,65,Energy,Oil Refining/Marketing
KMMPF,Killam Apartment REIT,0.0,-2.59,12,16,43,Real Estate,REIT - Residential
SFL,SFL Corporation Ltd.,2.11,6.94,64,49,93,Consumer Discretionary,Marine Transportation
PWP,Perella Weinberg Partners,0.46,0.2,62,57,23,Finance,Finance: Consumer Services
AMVMF,AMG Critical Materials N.V.,-1.5,-15.57,0,0,24,Basic Materials,Other Industrial Metals & Mining
DCH,Dauch Corporation,-1.73,-13.26,37,32,47,Consumer Discretionary,Auto Parts:O.E.M.
CNPPF,China Overseas Property Holdings Limited,0.0,26.27,19,20,87,Real Estate,Real Estate Services
AVAH,Aveanna Healthcare Holdings Inc.,-0.57,-11.69,4,7,92,Health Care,Medical/Nursing Services
QQQX,Nuveen Nasdaq 100 Dynamic Overwrite Fund,-0.06,5.04,69,58,69,Finance,Finance Companies
GRGTF,Grainger plc,0.0,-11.65,4,7,48,Real Estate,Real Estate Services
COUR,"Coursera, Inc.",3.13,0.76,69,55,14,Technology,Computer Software: Prepackaged Software
ESBA,"Empire State Realty OP, L.P.",2.78,8.97,100,100,11,Real Estate,REIT - Office
REX,REX American Resources Corporation,1.2,6.43,100,93,73,Industrials,Major Chemicals
CASBF,CanSino Biologics Inc.,0.0,6.52,100,100,89,Healthcare,Drug Manufacturers - Specialty & Generic
SNLRF,Sanlorenzo S.p.A.,0.0,-9.74,3,7,51,Consumer Cyclical,Recreational Vehicles
INBX,"Inhibrx Biosciences, Inc.",-0.64,-16.75,0,3,92,Health Care,Biotechnology: Biological Products (No Diagnostic Substances)
QCRH,"QCR Holdings, Inc.",1.0,-3.18,18,18,70,Finance,Major Banks
UMAC,"Unusual Machines, Inc.",-2.24,-9.09,0,0,89,Technology,Radio And Television Broadcasting And Communications Equipment
MLLGF,Mullen Group Ltd.,2.66,8.31,82,64,94,Industrials,Trucking
TRIN,Trinity Capital Inc.,0.47,-3.7,12,15,74,Finance,Finance: Consumer Services
PLFRF,Palfinger AG,0.0,-2.96,19,20,24,Industrials,Farm & Heavy Construction Machinery
LKFN,Lakeland Financial Corporation,0.45,-5.06,10,13,40,Finance,Major Banks
EVTC,"EVERTEC, Inc.",1.31,0.65,78,58,44,Technology,EDP Services
BY,"Byline Bancorp, Inc.",0.85,-3.91,16,18,72,Finance,Major Banks
PRCT,PROCEPT BioRobotics Corporation,-0.06,-10.81,16,16,8,Health Care,Medical/Dental Instruments
GAM,"General American Investors Company, Inc.",-0.11,-2.12,7,15,56,Finance,Investment Managers
DV,"DoubleVerify Holdings, Inc.",0.0,0.97,22,22,81,Technology,Computer Software: Programming Data Processing
LOMA,Loma Negra Compañía Industrial Argentina Sociedad Anónima,5.15,-0.79,100,76,37,Industrials,Building Materials
JNNDF,Japan Display Inc.,0.0,-12.54,4,7,71,Technology,Electronic Components
SFRGF,Salvatore Ferragamo S.p.A.,0.0,0.0,19,20,86,Consumer Cyclical,Luxury Goods
PRG,"PROG Holdings, Inc.",2.12,-16.82,10,11,27,Consumer Discretionary,Diversified Commercial Services
LINC,Lincoln Educational Services Corporation,2.2,-4.68,34,27,7,Real Estate,Other Consumer Services
RES,"RPC, Inc.",1.01,-7.12,37,29,63,Energy,Oilfield Services/Equipment
TRS,TriMas Corporation,0.5,0.58,24,19,46,Industrials,Industrial Specialties
MAZE,"Maze Therapeutics, Inc.",-1.41,4.27,58,57,18,Health Care,Biotechnology: Biological Products (No Diagnostic Substances)
TOWCF,TOWA Corporation,0.0,18.64,100,100,1,Technology,Semiconductor Equipment & Materials
DPBSF,Dampskibsselskabet Norden A/S,0.0,4.57,100,76,89,Industrials,Marine Shipping
PRXXF,Paradox Interactive AB (publ),0.0,2.13,37,34,86,Communication Services,Electronic Gaming & Multimedia
ARLO,"Arlo Technologies, Inc.",1.67,-6.54,12,13,23,Consumer Staples,Consumer Electronics/Appliances
NWL,Newell Brands Inc.,0.17,-2.39,64,50,85,Industrials,Plastic Products
FGETF,Flight Centre Travel Group Limited,0.0,-10.58,25,25,20,Consumer Cyclical,Travel Services
WWW,"Wolverine World Wide, Inc.",0.8,-0.99,17,19,51,Consumer Discretionary,Shoe Manufacturing
JJSF,J&J Snack Foods Corp.,2.97,-0.1,62,45,46,Consumer Staples,Specialty Foods
YSWY,"Yesway, Inc.",2.1,-5.56,39,32,46,Consumer Staples,Food Chains
DFH,"Dream Finders Homes, Inc.",1.05,-20.13,4,6,3,Consumer Discretionary,Homebuilding
MLTX,MoonLake Immunotherapeutics,-1.76,-19.73,0,0,9,Health Care,Biotechnology: Pharmaceutical Preparations
SATL,Satellogic Inc.,-1.93,8.09,16,6,86,Technology,Radio And Television Broadcasting And Communications Equipment
MRTN,"Marten Transport, Ltd.",0.95,-7.72,11,13,34,Industrials,Trucking Freight/Courier Services
FRRFF,4imprint Group plc,0.0,-1.49,13,17,83,Communication Services,Advertising Agencies
RVLV,"Revolve Group, Inc.",1.55,5.62,98,66,22,Consumer Discretionary,Catalog/Specialty Distribution
IAUX,i-80 Gold Corp.,3.36,-10.98,15,17,71,Basic Materials,Precious Metals
ULCC,"Frontier Group Holdings, Inc.",-2.31,7.23,43,14,76,Consumer Discretionary,Air Freight/Delivery Services
PRGS,Progress Software Corporation,2.88,-5.74,17,17,52,Technology,Computer Software: Prepackaged Software
HMMCF,Hemlo Mining Corp.,-0.77,-36.73,0,1,95,Basic Materials,Gold
IRS,IRSA Inversiones y Representaciones Sociedad Anónima,-1.0,-11.05,16,16,34,Real Estate,Homebuilding
SLTMF,Solstad Maritime ASA,0.0,19.0,74,74,78,Industrials,Marine Shipping
WLDN,"Willdan Group, Inc.",1.76,-8.81,15,17,24,Consumer Discretionary,Military/Government/Technical
SUPIF,Supermarket Income REIT plc,0.0,0.0,19,20,86,Industrials,Consulting Services
URGN,UroGen Pharma Ltd.,-9.14,-12.45,0,0,93,Health Care,Biotechnology: Pharmaceutical Preparations
PKCPY,PT AKR Corporindo Tbk,0.0,0.0,19,20,53,Energy,Oil & Gas Refining & Marketing
SEPN,"Septerna, Inc.",2.5,-2.25,29,27,88,Health Care,Biotechnology: Pharmaceutical Preparations
VZLA,Vizsla Silver Corp.,1.46,-13.25,7,10,32,Basic Materials,Precious Metals
CGIFF,Chemtrade Logistics Income Fund,0.2,-3.43,8,13,31,Basic Materials,Chemicals
AIOSF,"Atresmedia Corporación de Medios de Comunicación, S.A.",0.0,0.0,19,20,53,Communication Services,Entertainment
SNMSF,Spin Master Corp.,-0.34,4.33,67,40,50,Consumer Cyclical,Leisure
OGPIF,OceanaGold (Philippines) Inc.,0.0,0.0,19,20,84,Basic Materials,Gold
EYE,"National Vision Holdings, Inc.",-0.48,-2.28,31,19,8,Health Care,Ophthalmic Goods
ADTN,"ADTRAN Holdings, Inc.",-3.48,4.32,72,59,6,Utilities,Telecommunications Equipment
CMP,"Compass Minerals International, Inc.",2.26,-7.94,32,28,34,Industrials,Mining & Quarrying of Nonmetallic Minerals (No Fuels)
LLESY,Lendlease Group,0.0,-22.32,2,4,6,Real Estate,Real Estate - Diversified
CDRE,"Cadre Holdings, Inc.",-0.56,-13.69,0,3,10,Health Care,Industrial Specialties
BCTCF,OSL Group Limited,0.0,-16.67,22,14,7,Financial Services,Capital Markets
TAOFF,IperionX Limited,-25.27,-31.29,0,0,1,Basic Materials,Other Industrial Metals & Mining
EDN,Empresa Distribuidora y Comercializadora Norte Sociedad Anónima,-0.1,-19.63,2,5,20,Utilities,Electric Utilities: Central
NAK,Northern Dynasty Minerals Ltd.,-3.36,-21.23,0,0,5,Basic Materials,Precious Metals
HROW,"Harrow, Inc.",-0.33,-16.57,7,10,8,Health Care,Biotechnology: Pharmaceutical Preparations
GSL,"Global Ship Lease, Inc.",1.7,-0.13,47,31,86,Consumer Discretionary,Marine Transportation
DMLP,"Dorchester Minerals, L.P.",1.52,-0.67,37,28,83,Energy,Oil & Gas Production
SPRPY,Superior Plus Corp.,0.0,0.58,22,22,50,Utilities,Utilities - Regulated Gas
LRCDF,Laurentian Bank of Canada,0.0,1.16,39,24,61,Financial Services,Banks - Regional
ATLCP,Atlanticus Holdings Corporation,-1.72,-4.21,0,2,49,Finance,Finance: Consumer Services
AHG,Akso Health Group,-5.79,56.16,87,89,8,Consumer Discretionary,Business Services
SUUIF,Superior Plus Corp.,-2.2,-1.77,17,20,33,Utilities,Utilities - Regulated Gas
OCS,Oculis Holding AG,1.88,-23.43,8,10,2,Health Care,Biotechnology: Pharmaceutical Preparations
SATA,"Strive, Inc.",-0.55,-0.16,0,11,68,Financial Services,Asset Management
SNSNF,"Sansan, Inc.",0.0,0.0,19,20,85,Technology,Software - Application
BLGFF,Baillie Gifford US Growth Trust PLC,0.0,-5.84,67,54,96,,
SLCVF,"Sitios Latinoamérica, S.A.B. de C.V.",0.0,0.0,19,20,89,Industrials,Engineering & Construction
BIREF,Birchcliff Energy Ltd.,2.39,2.44,83,59,59,Energy,Oil & Gas E&P
BHRB,Burke & Herbert Financial Services Corp.,0.58,-3.57,14,16,61,Finance,Major Banks
UMH,"UMH Properties, Inc.",0.47,-2.83,11,16,52,Real Estate,Real Estate Investment Trusts
FINV,FinVolution Group,7.17,-7.65,41,37,5,Finance,Finance: Consumer Services
OMGGF,Omai Gold Mines Corp.,3.39,-20.0,10,10,75,Basic Materials,Gold
SBH,"Sally Beauty Holdings, Inc.",-2.85,1.46,1,12,59,Consumer Discretionary,Other Specialty Stores
CHFHY,China Foods Limited,0.0,0.0,19,20,30,Consumer Defensive,Beverages - Non-Alcoholic
AFYA,Afya Limited,1.8,4.27,100,84,41,Real Estate,Other Consumer Services
ALX,"Alexander's, Inc.",0.14,-4.67,9,13,48,Real Estate,Real Estate Investment Trusts
YELP,Yelp Inc.,5.27,-7.54,35,29,8,Consumer Discretionary,Other Consumer Services
TNGRF,Thungela Resources Limited,-6.29,-16.17,33,28,82,Energy,Thermal Coal
PEBO,Peoples Bancorp Inc.,0.53,-8.68,7,10,65,Finance,Major Banks
IART,Integra LifeSciences Holdings Corporation,3.15,-13.71,16,17,35,Health Care,Medical/Dental Instruments
WLFC,Willis Lease Finance Corporation,-2.91,-28.8,0,0,6,Consumer Discretionary,Industrial Specialties
LEFUF,Leon's Furniture Limited,0.0,-3.93,10,14,32,Consumer Cyclical,Specialty Retail
KMTS,"Kestra Medical Technologies, Ltd.",-2.72,9.33,46,38,60,Health Care,Medical/Dental Instruments
TMP,Tompkins Financial Corporation,-0.24,-1.78,4,11,82,Finance,Major Banks
CPPKF,Faraday Copper Corp.,-4.84,-4.71,0,0,92,Basic Materials,Copper
SILXY,Silex Systems Limited,-3.09,-15.67,5,8,7,Technology,Semiconductors
CCO,"Clear Channel Outdoor Holdings, Inc.",1.25,2.1,68,39,77,Consumer Discretionary,Advertising
GSHD,"Goosehead Insurance, Inc.",3.81,-19.59,13,13,15,Finance,Specialty Insurers
PRSU,"Pursuit Attractions and Hospitality, Inc.",-0.76,8.27,88,89,83,Consumer Discretionary,Business Services
SIFY,Sify Technologies Limited,-1.16,-10.29,0,1,21,Technology,Computer Software: Programming Data Processing
ASA,ASA Gold and Precious Metals Limited,1.86,-7.42,17,18,49,Industrials,Precious Metals
PKPYY,Pick n Pay Stores Limited,0.0,0.0,19,20,26,Consumer Cyclical,Department Stores
DTTLF,Datatec Limited,0.0,0.0,19,20,98,Technology,Information Technology Services
AVLN,Avalyn Pharma Inc.,0.74,-25.81,4,6,25,Health Care,Biotechnology: Pharmaceutical Preparations
ABTC,American Bitcoin Corp,-5.72,-3.49,0,0,7,Technology,EDP Services
ATEX,Anterix Inc.,-5.84,-7.67,0,0,97,Telecommunications,Telecommunications Equipment
CFPZF,Canfor Corporation,0.4,-4.28,4,7,62,Basic Materials,Lumber & Wood Production
AGTEF,AGTech Holdings Limited,0.0,-35.71,1,2,99,Consumer Cyclical,Gambling
PNTG,"The Pennant Group, Inc.",1.89,2.72,29,21,84,Health Care,Medical/Nursing Services
BFLY,"Butterfly Network, Inc.",-2.9,12.78,24,16,96,Health Care,Medical Electronics
CBLNY,Mersen S.A.,0.0,4.04,35,30,93,Industrials,Electrical Equipment & Parts
SG,"Sweetgreen, Inc.",4.48,41.57,100,100,86,Consumer Discretionary,Restaurants
TNDM,"Tandem Diabetes Care, Inc.",-1.04,-14.39,12,10,30,Health Care,Medical/Dental Instruments
JKS,"JinkoSolar Holding Co., Ltd.",-2.7,-25.86,0,0,2,Technology,Semiconductors
GHM,Graham Corporation,-3.31,-4.61,0,0,51,Industrials,Industrial Machinery/Components
MNKD,MannKind Corporation,-0.87,-9.76,15,15,18,Health Care,Biotechnology: Pharmaceutical Preparations
ZBIO,"Zenas BioPharma, Inc.",-6.88,-15.63,0,0,77,Health Care,Biotechnology: Pharmaceutical Preparations
CVSGF,CVS Group plc,0.0,0.0,19,20,53,Healthcare,Medical Care Facilities
BVHMF,Vistry Group PLC,-16.19,-13.99,0,0,4,Consumer Cyclical,Residential Construction
NDTAF,Northern Data AG,0.0,0.0,19,20,11,Technology,Information Technology Services
OLMA,"Olema Pharmaceuticals, Inc.",-1.51,-26.85,0,1,3,Health Care,Biotechnology: Pharmaceutical Preparations
VITBF,Vitec Software Group AB (publ),2.59,-2.09,36,30,4,,
FCELB,"FuelCell Energy, Inc.",-3.21,-5.19,22,10,83,Industrials,Electrical Equipment & Parts
ENHA,Enhanced Group Inc.,-4.32,-14.74,0,0,1,Consumer Discretionary,Services-Misc. Amusement & Recreation
ELE,Elemental Royalty Corporation,0.06,-16.36,2,5,49,Basic Materials,Precious Metals
TDAY,"USA TODAY Co., Inc.",-0.99,11.13,60,64,72,Consumer Discretionary,Newspapers/Magazines
MGRT,Mega Fortune Company Limited,0.0,-15.49,2,5,99,Technology,EDP Services
CIM,Chimera Investment Corporation,0.56,-15.69,5,7,11,Real Estate,Real Estate Investment Trusts
IRPSY,IRPC Public Company Limited,0.0,1.96,19,20,93,Energy,Oil & Gas Refining & Marketing
TTAPY,TTW Public Company Limited,0.0,-5.84,31,25,65,Utilities,Utilities - Regulated Water
SDGR,"Schrödinger, Inc.",-3.3,40.37,53,53,95,Health Care,Biotechnology: Pharmaceutical Preparations
TOLWF,Trican Well Service Ltd.,2.56,-2.42,37,28,41,Energy,Oil & Gas Equipment & Services
EKZRF,Eckert & Ziegler SE,0.0,0.0,19,20,22,Healthcare,Medical Devices
MRNFF,Meren Energy Inc.,2.8,-10.37,20,19,63,Energy,Oil & Gas E&P
FHNGY,The Foschini Group Limited,0.0,-3.84,49,38,8,Consumer Cyclical,Department Stores
FBAK,First National Bank Alaska,-1.62,0.84,0,6,66,Financial Services,Banks - Regional
FPF,First Trust Intermediate Duration Preferred & Income Fund,0.26,-7.38,7,11,27,Finance,Trusts Except Educational Religious and Charitable
CEVA,"CEVA, Inc.",-5.13,20.39,59,57,74,Technology,Computer Software: Programming Data Processing
LGIH,"LGI Homes, Inc.",0.83,-7.64,7,10,31,Consumer Discretionary,Homebuilding
TEN,Tsakos Energy Navigation Limited,4.1,15.92,73,59,96,Consumer Discretionary,Marine Transportation
ASGTF,Altus Group Limited,4.6,-5.18,42,35,23,Real Estate,Real Estate Services
MPZZF,MPC Container Ships ASA,4.07,9.64,100,79,93,Industrials,Marine Shipping
IQ,"iQIYI, Inc.",-0.49,7.79,29,13,7,Consumer Discretionary,Consumer Electronics/Video Chains
UVSP,Univest Financial Corporation,0.9,-3.08,17,18,72,Finance,Major Banks
SMSSY,"SMS Co., Ltd.",0.0,17.26,25,24,93,Healthcare,Health Information Services
FUBO,FuboTV Inc.,1.08,-18.05,21,21,6,Consumer Discretionary,Movies/Entertainment
COLL,"Collegium Pharmaceutical, Inc.",0.82,-3.53,25,23,4,Health Care,Biotechnology: Pharmaceutical Preparations
UPWK,Upwork Inc.,2.02,1.9,61,47,9,Technology,EDP Services
CCB,Coastal Financial Corporation,4.32,-11.13,43,36,2,Finance,Major Banks
LZ,"LegalZoom.com, Inc.",2.16,0.25,46,36,11,Technology,EDP Services
DYLLF,Deep Yellow Limited,-6.41,-35.59,0,0,4,Energy,Uranium
MNXBF,"Monex Group, Inc.",0.0,-137.01,100,100,1,Financial Services,Capital Markets
MMI,"Marcus & Millichap, Inc.",1.91,-6.68,17,18,50,Finance,Real Estate
FMBL,Farmers & Merchants Bank of Long Beach,-0.25,-2.14,3,12,76,Financial Services,Banks - Regional
XERS,"Xeris Biopharma Holdings, Inc.",0.79,32.86,100,100,89,Health Care,Biotechnology: Pharmaceutical Preparations
IRCUF,Irish Continental Group plc,0.0,6.45,62,21,82,Industrials,Marine Shipping
APPS,"Digital Turbine, Inc.",1.41,-8.64,20,22,96,Miscellaneous,Multi-Sector Companies
AZTA,"Azenta, Inc.",0.31,19.28,41,37,87,Technology,Industrial Machinery/Components
ABSI,Absci Corporation,-3.04,8.5,24,17,97,Health Care,Biotechnology: Commercial Physical & Biological Resarch
SAEYY,Redcare Pharmacy NV,0.0,27.83,94,96,70,Healthcare,Pharmaceutical Retailers
KOPN,Kopin Corporation,-8.1,-4.33,0,0,86,Technology,Semiconductors
SMPL,The Simply Good Foods Company,2.22,-1.27,61,46,6,Consumer Staples,Packaged Foods
JBIO,"Jade Biosciences, Inc.",2.76,-26.07,16,16,36,Health Care,Biotechnology: Pharmaceutical Preparations
MDEVF,Melco International Development Limited,0.0,-15.38,3,6,4,Consumer Cyclical,Resorts & Casinos
UVE,"Universal Insurance Holdings, Inc.",3.8,6.22,100,96,88,Finance,Property-Casualty Insurers
CHI,Calamos Convertible Opportunities and Income Fund,0.51,-4.28,28,24,53,Finance,Investment Managers
PLOW,"Douglas Dynamics, Inc.",-0.88,-2.07,0,6,54,Industrials,Construction/Ag Equipment/Trucks
CMRF,"CIM Group, Inc.",0.0,-25.18,2,3,99,Real Estate,REIT - Diversified
TOETF,Tosei Corporation,0.0,0.0,19,20,6,Real Estate,Real Estate - Diversified
NLST,"Netlist, Inc.",-7.63,38.06,77,77,99,Technology,Electronics & Computer Distribution
APYRF,Allied Properties Real Estate Investment Trust,-2.34,-27.34,0,0,2,Real Estate,REIT - Office
TWFG,"TWFG, Inc.",1.96,-5.27,31,25,54,Finance,Specialty Insurers
HEPS,D-Market Elektronik Hizmetler ve Ticaret A.S.,0.0,0.38,74,58,35,Consumer Discretionary,Catalog/Specialty Distribution
CGEM,"Cullinan Therapeutics, Inc.",-1.09,-26.38,11,11,89,Health Care,Biotechnology: Biological Products (No Diagnostic Substances)
SDTHF,Sdiptech AB (publ),0.0,0.0,19,20,74,Industrials,Conglomerates
RCKHF,Rockhopper Exploration plc,-7.14,-23.53,0,0,6,Energy,Oil & Gas E&P
CTYMF,Catalyst Metals Limited,0.0,-22.3,1,3,16,Basic Materials,Gold
